2026 Morgan County Primary,5.17.17.1,,,,,,,,,,,,,,,,,,,,,,,,,,,,,,,,,,,,,,,,,,
,,,,,,United States Senator - DEM (Vote For=1),United States Senator - DEM (Vote For=1),Representative to the 120th United States Congress - District 4 - DEM (Vote For=1),Representative to the 120th United States Congress - District 4 - DEM (Vote For=1),Representative to the 120th United States Congress - District 4 - DEM (Vote For=1),Governor - DEM (Vote For=1),Governor - DEM (Vote For=1),Secretary of State - DEM (Vote For=1),Secretary of State - DEM (Vote For=1),State Treasurer - DEM (Vote For=1),Attorney General - DEM (Vote For=1),Attorney General - DEM (Vote For=1),Attorney General - DEM (Vote For=1),Attorney General - DEM (Vote For=1),State Senator - District 1 - DEM (Vote For=1),Secretary of State - LBR (Vote For=1),Secretary of State - LBR (Vote For=1),United States Senator - REP (Vote For=1),Representative to the 120th United States Congress - District 4 - REP (Vote For=1),Governor - REP (Vote For=1),Governor - REP (Vote For=1),Governor - REP (Vote For=1),Governor - REP (Vote For=1),Governor - REP (Vote For=1),Secretary of State - REP (Vote For=1),State Treasurer - REP (Vote For=1),Attorney General - REP (Vote For=1),Attorney General - REP (Vote For=1),State Senator - District 1 - REP (Vote For=1),State Representative - District 63 - REP (Vote For=1),Morgan County Commissioner District 2 - REP (Vote For=1),Morgan County Clerk and Recorder - REP (Vote For=1),Morgan County Treasurer - REP (Vote For=1),Morgan County Assessor - REP (Vote For=1),Morgan County Sheriff - REP (Vote For=1),Morgan County Coroner - REP (Vote For=1),Governor - UNI (Vote For=1),Governor - UNI (Vote For=1)
,,,,,,Julie Gonzales,John Hickenlooper,Eileen Laubacher,Write-in,Jenna Preston,Phil Weiser,Michael Bennet,Amanda Gonzalez,Jessie Danielson,Jeff Bridges,Jena Griswold,David Seligman,Michael Dougherty,Hetal Doshi,Jamie Jeffery,Sean Vadney,Alex Astley,Mark Baisley,Lauren Boebert,Scott Bottoms,Victor Marx,Barb Kirkmeyer,Write-in,"Kelvin ""K-Man"" Wimberly",James Wiley,Kevin Grantham,Michael J. Allen,David Willson,Byron Pelton,Dusty Johnson,Robert W Pennington,Kevin Strauch,Kirstin M Watson,Tim Amen,Dave (David) D. Martin,Mike Dahl,Paul Noël Fiorino,Jeff Peckman
CvrNumber,TabulatorNum,BatchId,RecordId,ImprintedId,BallotType,DEM,DEM,DEM,,,DEM,DEM,DEM,DEM,DEM,DEM,DEM,DEM,DEM,DEM,LBR,LBR,REP,REP,REP,REP,REP,,,REP,REP,REP,REP,REP,REP,REP,REP,REP,REP,REP,REP,UNI,UNI
1,102,1,50,102-1-50,02-REP,,,,,,,,,,,,,,,,,,1,1,0,0,1,0,0,1,1,0,1,1,1,1,1,1,1,1,1,,
2,102,1,49,102-1-49,02-REP,,,,,,,,,,,,,,,,,,1,1,1,0,0,0,0,1,1,0,1,1,1,1,1,1,1,1,1,,
3,102,1,31,102-1-31,02-REP,,,,,,,,,,,,,,,,,,1,1,0,0,1,0,0,1,1,1,0,1,1,1,1,1,1,1,1,,
4,102,1,30,102-1-30,02-REP,,,,,,,,,,,,,,,,,,1,1,0,0,1,0,0,1,1,0,1,1,1,1,1,1,1,1,1,,
5,102,1,20,102-1-20,02-REP,,,,,,,,,,,,,,,,,,1,1,0,1,0,0,0,1,1,1,0,1,1,1,1,1,1,1,1,,
6,102,1,11,102-1-11,02-REP,,,,,,,,,,,,,,,,,,1,1,0,0,1,0,0,1,1,1,0,1,1,1,1,1,1,1,1,,
7,102,1,1,102-1-1,02-REP,,,,,,,,,,,,,,,,,,1,1,0,1,0,0,0,1,1,1,0,1,1,1,1,1,1,1,1,,
8,102,1,37,102-1-37,02-REP,,,,,,,,,,,,,,,,,,1,1,0,1,0,0,0,1,1,1,0,1,1,1,1,1,1,1,1,,
9,102,1,36,102-1-36,02-REP,,,,,,,,,,,,,,,,,,0,0,0,0,1,0,0,1,1,0,0,1,1,1,1,1,1,1,1,,
10,102,1,23,102-1-23,02-REP,,,,,,,,,,,,,,,,,,1,1,0,0,1,0,0,1,1,0,1,1,1,1,1,1,1,1,1,,
11,102,1,12,102-1-12,02-REP,,,,,,,,,,,,,,,,,,1,1,0,1,0,0,0,1,1,1,0,1,1,1,1,1,1,1,1,,
12,102,1,8,102-1-8,02-REP,,,,,,,,,,,,,,,,,,1,1,0,1,0,0,0,1,1,1,0,1,1,1,1,1,1,1,1,,
13,102,1,35,102-1-35,02-REP,,,,,,,,,,,,,,,,,,1,0,0,1,0,0,0,1,1,1,0,1,1,1,1,0,0,0,0,,
14,102,1,34,102-1-34,02-REP,,,,,,,,,,,,,,,,,,1,1,0,0,0,0,0,1,1,0,0,1,1,1,1,1,1,1,1,,
15,102,1,22,102-1-22,02-REP,,,,,,,,,,,,,,,,,,1,1,0,0,1,0,0,1,1,0,1,1,1,1,1,1,1,1,1,,
16,102,1,13,102-1-13,02-REP,,,,,,,,,,,,,,,,,,1,1,0,0,1,0,0,1,1,1,0,1,1,1,1,1,1,1,1,,
17,102,1,5,102-1-5,02-REP,,,,,,,,,,,,,,,,,,0,1,1,0,0,0,0,1,1,1,0,1,0,1,1,1,1,1,1,,
18,102,1,33,102-1-33,02-REP,,,,,,,,,,,,,,,,,,1,1,0,1,0,0,0,1,1,1,0,1,1,1,1,1,1,1,1,,
19,102,1,32,102-1-32,02-REP,,,,,,,,,,,,,,,,,,1,1,0,0,1,0,0,1,1,1,0,1,1,1,1,1,1,1,1,,
20,102,1,21,102-1-21,02-REP,,,,,,,,,,,,,,,,,,1,1,0,0,1,0,0,1,1,0,1,1,1,1,1,1,1,1,1,,
21,102,1,14,102-1-14,02-REP,,,,,,,,,,,,,,,,,,0,0,0,0,1,0,0,0,0,0,0,0,0,0,0,0,0,0,0,,
22,102,1,2,102-1-2,02-REP,,,,,,,,,,,,,,,,,,1,1,0,0,1,0,0,1,1,0,1,1,1,1,1,1,1,1,1,,
23,102,1,43,102-1-43,02-REP,,,,,,,,,,,,,,,,,,0,1,0,1,0,0,0,1,1,1,0,1,1,0,1,1,1,1,1,,
24,102,1,42,102-1-42,02-REP,,,,,,,,,,,,,,,,,,1,1,1,0,0,0,0,1,1,1,0,1,1,1,1,1,1,1,1,,
25,102,1,28,102-1-28,02-REP,,,,,,,,,,,,,,,,,,1,0,0,1,0,0,0,0,0,1,0,1,1,0,1,1,0,1,1,,
26,102,1,15,102-1-15,02-REP,,,,,,,,,,,,,,,,,,1,1,0,0,1,0,0,1,0,1,0,1,0,1,1,1,1,1,1,,
27,102,1,7,102-1-7,02-REP,,,,,,,,,,,,,,,,,,1,1,0,1,0,0,0,1,1,0,1,1,1,1,1,1,1,1,1,,
28,102,1,41,102-1-41,02-REP,,,,,,,,,,,,,,,,,,0,1,0,1,0,0,0,1,1,1,0,1,1,1,1,1,1,1,1,,
29,102,1,40,102-1-40,02-REP,,,,,,,,,,,,,,,,,,1,1,0,0,1,0,0,1,1,1,0,1,1,1,1,1,1,1,1,,
30,102,1,26,102-1-26,02-REP,,,,,,,,,,,,,,,,,,0,1,0,0,1,0,0,0,0,0,0,1,1,1,1,1,1,1,1,,
31,102,1,16,102-1-16,02-REP,,,,,,,,,,,,,,,,,,1,1,1,0,0,0,0,1,1,1,0,1,1,1,1,1,1,1,1,,
32,102,1,6,102-1-6,02-REP,,,,,,,,,,,,,,,,,,1,1,1,0,0,0,0,1,1,0,1,1,1,1,1,1,1,1,1,,
33,102,1,47,102-1-47,02-REP,,,,,,,,,,,,,,,,,,1,0,0,1,0,0,0,1,1,1,0,1,1,1,1,1,1,1,1,,
34,102,1,46,102-1-46,02-REP,,,,,,,,,,,,,,,,,,1,1,0,1,0,0,0,1,1,1,0,1,1,1,1,1,1,1,1,,
35,102,1,24,102-1-24,02-REP,,,,,,,,,,,,,,,,,,1,1,0,0,1,0,0,1,1,1,0,1,1,1,1,1,1,1,1,,
36,102,1,17,102-1-17,02-REP,,,,,,,,,,,,,,,,,,1,1,0,1,0,0,0,1,1,1,0,1,1,1,1,1,1,1,1,,
37,102,1,10,102-1-10,02-REP,,,,,,,,,,,,,,,,,,1,1,0,1,0,0,0,1,1,1,0,1,1,1,1,1,1,1,1,,
38,102,1,45,102-1-45,02-REP,,,,,,,,,,,,,,,,,,0,0,0,0,0,0,0,0,1,0,0,1,1,1,1,0,0,0,1,,
39,102,1,44,102-1-44,02-REP,,,,,,,,,,,,,,,,,,1,1,0,1,0,0,0,1,1,0,0,1,1,1,1,1,1,1,1,,
40,102,1,25,102-1-25,02-REP,,,,,,,,,,,,,,,,,,1,1,0,1,0,0,0,1,1,0,1,1,1,1,1,1,1,1,1,,
41,102,1,18,102-1-18,02-REP,,,,,,,,,,,,,,,,,,1,1,0,1,0,0,0,1,1,1,0,1,1,1,1,1,1,1,1,,
42,102,1,4,102-1-4,02-REP,,,,,,,,,,,,,,,,,,0,1,0,0,0,0,0,1,1,1,0,1,0,1,1,1,1,1,1,,
43,102,1,39,102-1-39,02-REP,,,,,,,,,,,,,,,,,,1,1,0,1,0,0,0,1,1,0,0,1,1,1,1,1,1,1,1,,
44,102,1,38,102-1-38,02-REP,,,,,,,,,,,,,,,,,,0,1,0,0,1,0,0,0,0,1,0,0,1,1,0,0,1,1,1,,
45,102,1,19,102-1-19,02-REP,,,,,,,,,,,,,,,,,,1,1,0,0,1,0,0,1,1,0,1,1,1,1,1,1,1,1,1,,
46,102,1,9,102-1-9,02-REP,,,,,,,,,,,,,,,,,,0,0,0,0,1,0,0,0,0,1,0,0,0,0,0,0,0,0,0,,
47,102,1,48,102-1-48,02-REP,,,,,,,,,,,,,,,,,,1,0,0,1,0,0,0,1,1,1,0,1,1,1,1,1,1,1,1,,
48,102,1,3,102-1-3,02-REP,,,,,,,,,,,,,,,,,,1,1,1,0,0,0,0,1,1,0,1,1,1,1,1,1,1,1,1,,
49,102,1,27,102-1-27,02-REP,,,,,,,,,,,,,,,,,,0,1,0,0,0,0,0,0,0,0,0,0,0,1,1,1,1,1,1,,
50,102,1,29,102-1-29,02-REP,,,,,,,,,,,,,,,,,,1,1,0,1,0,0,0,1,1,0,0,1,1,1,1,1,1,1,1,,
51,102,2,40,102-2-40,01-DEM,0,1,1,0,0,1,0,0,1,1,1,0,0,0,1,,,,,,,,,,,,,,,,,,,,,,,
52,102,2,39,102-2-39,01-DEM,0,1,1,0,0,1,0,0,1,1,1,0,0,0,1,,,,,,,,,,,,,,,,,,,,,,,
53,102,2,23,102-2-23,01-DEM,*,*,*,*,*,*,*,*,*,*,*,*,*,*,*,*,*,*,*,*,*,*,*,*,*,*,*,*,*,*,*,*,*,*,*,*,*,*
54,102,2,22,102-2-22,01-DEM,*,*,*,*,*,*,*,*,*,*,*,*,*,*,*,*,*,*,*,*,*,*,*,*,*,*,*,*,*,*,*,*,*,*,*,*,*,*
55,102,2,21,102-2-21,02-REP,,,,,,,,,,,,,,,,,,1,1,1,0,0,0,0,1,1,1,0,1,1,1,1,1,1,1,1,,
56,102,2,11,102-2-11,02-REP,,,,,,,,,,,,,,,,,,0,1,0,1,0,0,0,1,1,1,0,1,1,1,1,1,1,1,1,,
57,102,2,3,102-2-3,02-REP,,,,,,,,,,,,,,,,,,1,0,0,0,1,0,0,1,1,1,0,1,1,1,1,1,1,1,1,,
58,102,2,45,102-2-45,01-DEM,1,0,1,0,0,1,0,1,0,1,1,0,0,0,1,,,,,,,,,,,,,,,,,,,,,,,
59,102,2,30,102-2-30,02-REP,,,,,,,,,,,,,,,,,,1,1,0,0,1,0,0,1,1,1,0,1,1,1,1,1,1,1,1,,
60,102,2,12,102-2-12,02-REP,,,,,,,,,,,,,,,,,,1,1,0,1,0,0,0,1,1,1,0,1,1,1,1,0,0,0,0,,
61,102,2,8,102-2-8,02-REP,,,,,,,,,,,,,,,,,,1,0,0,1,0,0,0,1,1,0,0,0,1,1,1,0,1,1,0,,
62,102,2,34,102-2-34,02-REP,,,,,,,,,,,,,,,,,,1,1,1,0,0,0,0,1,1,1,0,1,1,1,1,1,1,1,1,,
63,102,2,33,102-2-33,02-REP,,,,,,,,,,,,,,,,,,1,1,0,1,0,0,0,1,1,0,1,1,1,1,1,1,1,1,1,,
64,102,2,25,102-2-25,01-DEM,*,*,*,*,*,*,*,*,*,*,*,*,*,*,*,*,*,*,*,*,*,*,*,*,*,*,*,*,*,*,*,*,*,*,*,*,*,*
65,102,2,13,102-2-13,01-DEM,1,0,1,0,0,1,0,1,0,1,1,0,0,0,1,,,,,,,,,,,,,,,,,,,,,,,
66,102,2,7,102-2-7,02-REP,,,,,,,,,,,,,,,,,,0,0,0,1,0,0,0,0,0,0,0,0,0,0,0,0,0,0,0,,
67,102,2,35,102-2-35,02-REP,,,,,,,,,,,,,,,,,,1,0,0,0,1,0,0,1,1,1,0,1,0,1,1,1,0,1,1,,
68,102,2,24,102-2-24,01-DEM,1,0,0,0,0,1,0,1,0,0,1,0,0,0,0,,,,,,,,,,,,,,,,,,,,,,,
69,102,2,14,102-2-14,01-DEM,1,0,0,0,0,1,0,1,0,0,1,0,0,0,0,,,,,,,,,,,,,,,,,,,,,,,
70,102,2,1,102-2-1,02-REP,,,,,,,,,,,,,,,,,,1,1,1,0,0,0,0,1,1,1,0,1,1,1,1,1,1,1,1,,
71,102,2,44,102-2-44,01-DEM,*,*,*,*,*,*,*,*,*,*,*,*,*,*,*,*,*,*,*,*,*,*,*,*,*,*,*,*,*,*,*,*,*,*,*,*,*,*
72,102,2,43,102-2-43,01-DEM,0,1,1,0,0,1,0,1,0,1,1,0,0,0,1,,,,,,,,,,,,,,,,,,,,,,,
73,102,2,28,102-2-28,02-REP,,,,,,,,,,,,,,,,,,1,1,0,0,1,0,0,1,1,0,1,1,1,1,1,1,1,1,1,,
74,102,2,15,102-2-15,01-DEM,*,*,*,*,*,*,*,*,*,*,*,*,*,*,*,*,*,*,*,*,*,*,*,*,*,*,*,*,*,*,*,*,*,*,*,*,*,*
75,102,2,9,102-2-9,02-REP,,,,,,,,,,,,,,,,,,1,1,0,1,0,0,0,1,1,1,0,1,1,1,1,1,1,1,1,,
76,102,2,38,102-2-38,01-DEM,*,*,*,*,*,*,*,*,*,*,*,*,*,*,*,*,*,*,*,*,*,*,*,*,*,*,*,*,*,*,*,*,*,*,*,*,*,*
77,102,2,37,102-2-37,01-DEM,0,1,1,0,0,1,0,1,0,0,1,0,0,0,0,,,,,,,,,,,,,,,,,,,,,,,
78,102,2,27,102-2-27,01-DEM,1,0,1,0,0,1,0,1,0,1,1,0,0,0,1,,,,,,,,,,,,,,,,,,,,,,,
79,102,2,16,102-2-16,01-DEM,*,*,*,*,*,*,*,*,*,*,*,*,*,*,*,*,*,*,*,*,*,*,*,*,*,*,*,*,*,*,*,*,*,*,*,*,*,*
80,102,2,6,102-2-6,02-REP,,,,,,,,,,,,,,,,,,0,0,0,0,1,0,0,0,1,0,0,1,1,1,1,0,0,0,1,,
81,102,2,50,102-2-50,02-REP,,,,,,,,,,,,,,,,,,1,1,0,0,1,0,0,1,1,0,1,1,1,1,1,1,1,1,1,,
82,102,2,49,102-2-49,01-DEM,1,0,1,0,0,1,0,1,0,1,0,0,0,1,1,,,,,,,,,,,,,,,,,,,,,,,
83,102,2,32,102-2-32,02-REP,,,,,,,,,,,,,,,,,,1,0,0,0,0,0,0,0,0,0,0,0,0,0,1,0,0,0,1,,
84,102,2,17,102-2-17,01-DEM,*,*,*,*,*,*,*,*,*,*,*,*,*,*,*,*,*,*,*,*,*,*,*,*,*,*,*,*,*,*,*,*,*,*,*,*,*,*
85,102,2,4,102-2-4,02-REP,,,,,,,,,,,,,,,,,,1,1,0,0,1,0,0,1,1,1,0,1,1,1,1,1,1,1,1,,
86,102,2,42,102-2-42,01-DEM,0,1,1,0,0,1,0,0,1,1,0,0,1,0,1,,,,,,,,,,,,,,,,,,,,,,,
87,102,2,41,102-2-41,01-DEM,0,1,0,0,0,1,0,0,1,1,0,0,1,0,1,,,,,,,,,,,,,,,,,,,,,,,
88,102,2,26,102-2-26,01-DEM,1,0,1,0,0,1,0,0,1,1,1,0,0,0,1,,,,,,,,,,,,,,,,,,,,,,,
89,102,2,18,102-2-18,01-DEM,0,1,1,0,0,0,1,0,1,1,0,0,1,0,1,,,,,,,,,,,,,,,,,,,,,,,
90,102,2,10,102-2-10,02-REP,,,,,,,,,,,,,,,,,,1,1,1,0,0,0,0,1,1,0,1,1,1,1,1,1,1,1,1,,
91,102,2,48,102-2-48,01-DEM,0,1,1,0,0,1,0,1,0,1,1,0,0,0,1,,,,,,,,,,,,,,,,,,,,,,,
92,102,2,47,102-2-47,01-DEM,0,1,1,0,0,0,1,1,0,1,0,0,1,0,1,,,,,,,,,,,,,,,,,,,,,,,
93,102,2,29,102-2-29,02-REP,,,,,,,,,,,,,,,,,,0,1,0,1,0,0,0,1,1,1,0,1,1,1,1,0,1,1,1,,
94,102,2,20,102-2-20,02-REP,,,,,,,,,,,,,,,,,,0,1,1,0,0,0,0,1,1,1,0,1,1,1,1,1,1,1,1,,
95,102,2,5,102-2-5,02-REP,,,,,,,,,,,,,,,,,,0,0,0,1,0,0,0,0,0,0,0,0,0,0,0,0,0,0,0,,
96,102,2,31,102-2-31,02-REP,,,,,,,,,,,,,,,,,,1,1,0,0,1,0,0,1,1,1,0,1,1,1,1,1,1,1,1,,
97,102,2,2,102-2-2,02-REP,,,,,,,,,,,,,,,,,,0,1,0,1,0,0,0,1,1,0,0,1,1,1,1,0,1,1,0,,
98,102,2,19,102-2-19,02-REP,,,,,,,,,,,,,,,,,,0,0,0,0,0,0,0,0,0,0,0,0,0,0,0,0,0,0,0,,
99,102,2,36,102-2-36,02-REP,,,,,,,,,,,,,,,,,,1,1,0,0,0,0,0,1,1,0,1,1,1,1,1,1,1,1,1,,
100,102,2,46,102-2-46,01-DEM,0,1,1,0,0,0,1,1,0,1,1,0,0,0,1,,,,,,,,,,,,,,,,,,,,,,,
101,102,3,11,102-3-11,02-REP,,,,,,,,,,,,,,,,,,1,0,1,0,0,0,0,1,1,1,0,1,1,1,1,0,0,0,0,,
102,102,3,1,102-3-1,01-DEM,1,0,1,0,0,0,1,1,0,1,0,0,0,1,0,,,,,,,,,,,,,,,,,,,,,,,
103,102,3,12,102-3-12,01-DEM,0,1,1,0,0,0,1,0,1,1,0,0,1,0,1,,,,,,,,,,,,,,,,,,,,,,,
104,102,3,2,102-3-2,02-REP,,,,,,,,,,,,,,,,,,1,1,1,0,0,0,0,1,1,0,1,1,1,1,1,1,1,1,1,,
105,102,3,13,102-3-13,01-DEM,0,1,1,0,0,0,1,1,0,1,1,0,0,0,1,,,,,,,,,,,,,,,,,,,,,,,
106,102,3,8,102-3-8,01-DEM,0,1,0,0,0,0,0,0,0,1,0,0,0,0,0,,,,,,,,,,,,,,,,,,,,,,,
107,102,3,10,102-3-10,01-DEM,0,0,0,0,0,0,1,1,0,1,0,0,0,0,1,,,,,,,,,,,,,,,,,,,,,,,
108,102,3,4,102-3-4,02-REP,,,,,,,,,,,,,,,,,,1,1,0,0,1,0,0,1,1,1,0,1,1,1,1,1,1,1,1,,
109,102,3,7,102-3-7,02-REP,,,,,,,,,,,,,,,,,,1,1,1,0,0,0,0,1,1,0,1,1,0,0,1,1,1,1,0,,
110,102,3,9,102-3-9,02-REP,,,,,,,,,,,,,,,,,,0,1,0,0,1,0,0,1,1,0,0,1,1,1,1,1,1,1,1,,
111,102,3,3,102-3-3,02-REP,,,,,,,,,,,,,,,,,,1,1,0,1,0,0,0,1,1,1,0,1,1,1,1,1,1,1,1,,
112,102,3,5,102-3-5,01-DEM,0,1,1,0,0,1,0,0,1,1,0,0,1,0,1,,,,,,,,,,,,,,,,,,,,,,,
113,102,3,6,102-3-6,02-REP,,,,,,,,,,,,,,,,,,0,0,0,0,0,0,0,0,0,0,0,0,0,0,1,0,1,1,1,,
114,102,4,38,102-4-38,01-DEM,1,0,0,0,0,1,0,1,0,0,0,1,0,0,0,,,,,,,,,,,,,,,,,,,,,,,
115,102,4,37,102-4-37,01-DEM,0,1,0,0,0,0,1,0,0,0,1,0,0,0,0,,,,,,,,,,,,,,,,,,,,,,,
116,102,4,24,102-4-24,01-DEM,1,0,0,0,0,0,1,0,1,0,1,0,0,0,0,,,,,,,,,,,,,,,,,,,,,,,
117,102,4,23,102-4-23,01-DEM,0,0,1,0,0,1,0,1,0,1,1,0,0,0,1,,,,,,,,,,,,,,,,,,,,,,,
118,102,4,20,102-4-20,01-DEM,0,1,1,0,0,0,1,0,1,0,0,0,1,0,0,,,,,,,,,,,,,,,,,,,,,,,
119,102,4,11,102-4-11,02-REP,,,,,,,,,,,,,,,,,,0,0,0,1,0,0,0,1,1,1,0,1,1,0,1,1,1,0,1,,
120,102,4,1,102-4-1,02-REP,,,,,,,,,,,,,,,,,,1,1,0,1,0,0,0,1,1,1,0,1,1,1,1,1,1,1,1,,
121,102,4,36,102-4-36,01-DEM,0,1,1,0,0,0,1,1,0,1,1,0,0,0,1,,,,,,,,,,,,,,,,,,,,,,,
122,102,4,35,102-4-35,01-DEM,1,0,1,0,0,0,1,1,0,1,1,0,0,0,1,,,,,,,,,,,,,,,,,,,,,,,
123,102,4,25,102-4-25,01-DEM,*,*,*,*,*,*,*,*,*,*,*,*,*,*,*,*,*,*,*,*,*,*,*,*,*,*,*,*,*,*,*,*,*,*,*,*,*,*
124,102,4,12,102-4-12,02-REP,,,,,,,,,,,,,,,,,,1,1,0,1,0,0,0,1,1,0,1,1,1,1,1,1,1,1,1,,
125,102,4,3,102-4-3,02-REP,,,,,,,,,,,,,,,,,,1,1,1,0,0,0,0,1,1,0,1,1,1,1,1,1,1,1,1,,
126,102,4,40,102-4-40,01-DEM,0,1,1,0,0,0,1,0,0,1,1,0,0,0,1,,,,,,,,,,,,,,,,,,,,,,,
127,102,4,39,102-4-39,01-DEM,1,0,1,0,0,1,0,1,0,1,0,1,0,0,1,,,,,,,,,,,,,,,,,,,,,,,
128,102,4,26,102-4-26,02-REP,,,,,,,,,,,,,,,,,,1,1,0,1,0,0,0,1,1,0,1,1,1,1,1,1,1,1,1,,
129,102,4,13,102-4-13,02-REP,,,,,,,,,,,,,,,,,,1,1,0,1,0,0,0,1,1,0,1,1,1,1,1,1,1,1,1,,
130,102,4,4,102-4-4,02-REP,,,,,,,,,,,,,,,,,,1,1,0,1,0,0,0,1,1,1,0,1,1,1,1,1,1,1,1,,
131,102,4,30,102-4-30,02-REP,,,,,,,,,,,,,,,,,,1,1,0,1,0,0,0,1,1,0,1,1,1,1,1,1,1,1,1,,
132,102,4,29,102-4-29,02-REP,,,,,,,,,,,,,,,,,,1,1,0,1,0,0,0,1,1,0,1,1,1,1,1,1,1,1,1,,
133,102,4,22,102-4-22,01-DEM,0,1,1,0,0,0,1,0,0,0,1,0,0,0,0,,,,,,,,,,,,,,,,,,,,,,,
134,102,4,14,102-4-14,02-REP,,,,,,,,,,,,,,,,,,1,0,0,0,1,0,0,1,1,1,0,1,1,1,1,0,1,1,1,,
135,102,4,2,102-4-2,02-REP,,,,,,,,,,,,,,,,,,1,1,1,0,0,0,0,1,1,0,1,1,1,1,1,1,1,1,1,,
136,102,4,48,102-4-48,01-DEM,0,1,0,0,0,0,1,0,1,0,1,0,0,0,0,,,,,,,,,,,,,,,,,,,,,,,
137,102,4,47,102-4-47,01-DEM,0,1,0,0,0,0,1,0,0,0,1,0,0,0,0,,,,,,,,,,,,,,,,,,,,,,,
138,102,4,28,102-4-28,02-REP,,,,,,,,,,,,,,,,,,1,1,0,1,0,0,0,1,1,1,0,1,1,1,1,1,1,1,1,,
139,102,4,15,102-4-15,02-REP,,,,,,,,,,,,,,,,,,1,1,0,1,0,0,0,1,1,1,0,1,1,1,1,1,1,1,1,,
140,102,4,6,102-4-6,02-REP,,,,,,,,,,,,,,,,,,1,1,0,1,0,0,0,1,1,1,0,1,1,1,1,1,1,1,1,,
141,102,4,46,102-4-46,01-DEM,0,1,0,0,0,0,1,0,1,0,0,0,0,0,0,,,,,,,,,,,,,,,,,,,,,,,
142,102,4,45,102-4-45,01-DEM,0,1,1,0,0,0,1,1,0,1,1,0,0,0,1,,,,,,,,,,,,,,,,,,,,,,,
143,102,4,27,102-4-27,02-REP,,,,,,,,,,,,,,,,,,1,1,0,0,1,0,0,1,1,1,0,1,1,1,1,1,1,0,1,,
144,102,4,16,102-4-16,02-REP,,,,,,,,,,,,,,,,,,1,1,0,0,1,0,0,1,1,0,0,1,1,1,1,0,1,1,1,,
145,102,4,10,102-4-10,02-REP,,,,,,,,,,,,,,,,,,1,1,0,0,1,0,0,1,1,1,0,1,1,1,1,1,1,1,1,,
146,102,4,42,102-4-42,01-DEM,0,1,1,0,0,0,1,1,0,1,1,0,0,0,1,,,,,,,,,,,,,,,,,,,,,,,
147,102,4,41,102-4-41,01-DEM,0,1,0,0,0,0,0,0,0,0,0,0,0,0,0,,,,,,,,,,,,,,,,,,,,,,,
148,102,4,31,102-4-31,01-DEM,0,1,0,0,0,0,1,0,0,1,1,0,0,0,1,,,,,,,,,,,,,,,,,,,,,,,
149,102,4,17,102-4-17,02-REP,,,,,,,,,,,,,,,,,,1,1,0,1,0,0,0,1,1,0,1,1,1,1,1,1,1,1,1,,
150,102,4,9,102-4-9,02-REP,,,,,,,,,,,,,,,,,,1,1,0,0,1,0,0,1,1,1,0,1,1,1,1,1,1,1,1,,
151,102,4,33,102-4-33,01-DEM,1,0,1,0,0,1,0,1,0,1,0,0,1,0,1,,,,,,,,,,,,,,,,,,,,,,,
152,102,4,18,102-4-18,02-REP,,,,,,,,,,,,,,,,,,1,1,0,0,1,0,0,1,1,1,0,1,1,1,1,1,1,1,1,,
153,102,4,5,102-4-5,02-REP,,,,,,,,,,,,,,,,,,1,1,0,1,0,0,0,1,1,1,0,1,1,1,1,1,1,1,1,,
154,102,4,50,102-4-50,01-DEM,1,0,1,0,0,0,1,0,0,1,1,0,0,0,1,,,,,,,,,,,,,,,,,,,,,,,
155,102,4,49,102-4-49,01-DEM,0,1,1,0,0,1,0,0,1,1,0,1,0,0,1,,,,,,,,,,,,,,,,,,,,,,,
156,102,4,34,102-4-34,01-DEM,0,1,1,0,0,0,1,0,1,1,0,1,0,0,1,,,,,,,,,,,,,,,,,,,,,,,
157,102,4,19,102-4-19,02-REP,,,,,,,,,,,,,,,,,,1,1,0,1,0,0,0,1,1,1,0,1,1,1,1,1,0,1,1,,
158,102,4,7,102-4-7,02-REP,,,,,,,,,,,,,,,,,,0,1,0,1,0,0,0,0,0,0,0,0,0,1,1,1,0,1,1,,
159,102,4,44,102-4-44,01-DEM,0,1,0,0,0,0,1,0,1,0,0,0,0,0,0,,,,,,,,,,,,,,,,,,,,,,,
160,102,4,43,102-4-43,01-DEM,0,1,1,0,0,0,1,0,1,1,0,0,1,0,1,,,,,,,,,,,,,,,,,,,,,,,
161,102,4,32,102-4-32,01-DEM,1,0,0,0,0,1,0,1,0,1,0,0,0,1,1,,,,,,,,,,,,,,,,,,,,,,,
162,102,4,21,102-4-21,01-DEM,1,0,0,0,0,1,0,0,0,0,1,0,0,0,0,,,,,,,,,,,,,,,,,,,,,,,
163,102,4,8,102-4-8,02-REP,,,,,,,,,,,,,,,,,,1,1,0,1,0,0,0,1,1,0,1,1,1,1,1,1,0,1,1,,
164,102,5,38,102-5-38,02-REP,,,,,,,,,,,,,,,,,,1,1,0,1,0,0,0,1,1,1,0,1,1,1,1,1,1,1,1,,
165,102,5,37,102-5-37,02-REP,,,,,,,,,,,,,,,,,,1,1,0,1,0,0,0,1,1,1,0,1,1,1,1,1,1,1,1,,
166,102,5,23,102-5-23,02-REP,,,,,,,,,,,,,,,,,,0,0,0,0,0,0,0,0,0,0,0,0,0,0,1,1,1,1,0,,
167,102,5,11,102-5-11,02-REP,,,,,,,,,,,,,,,,,,1,1,0,0,1,0,0,1,1,1,0,1,1,1,1,1,1,1,1,,
168,102,5,2,102-5-2,02-REP,,,,,,,,,,,,,,,,,,1,1,0,1,0,0,0,1,1,1,0,1,1,1,1,1,1,1,1,,
169,102,5,36,102-5-36,02-REP,,,,,,,,,,,,,,,,,,1,1,1,0,0,0,0,0,1,0,1,1,0,0,0,1,0,0,1,,
170,102,5,35,102-5-35,02-REP,,,,,,,,,,,,,,,,,,1,1,0,0,1,0,0,1,1,0,0,1,1,1,1,1,1,1,1,,
171,102,5,24,102-5-24,02-REP,,,,,,,,,,,,,,,,,,1,1,0,1,0,0,0,1,1,0,1,1,1,1,1,1,1,1,1,,
172,102,5,12,102-5-12,02-REP,,,,,,,,,,,,,,,,,,1,1,1,0,0,0,0,1,1,1,0,1,1,0,1,1,1,1,1,,
173,102,5,1,102-5-1,02-REP,,,,,,,,,,,,,,,,,,1,1,0,0,1,0,0,1,1,1,0,1,1,1,1,1,1,1,1,,
174,102,5,50,102-5-50,02-REP,,,,,,,,,,,,,,,,,,1,1,0,1,0,0,0,1,1,1,0,1,1,1,1,1,1,1,1,,
175,102,5,49,102-5-49,02-REP,,,,,,,,,,,,,,,,,,1,1,0,1,0,0,0,1,1,1,0,1,1,1,1,1,1,1,1,,
176,102,5,32,102-5-32,02-REP,,,,,,,,,,,,,,,,,,1,1,0,1,0,0,0,1,1,0,1,1,1,1,1,1,1,1,1,,
177,102,5,31,102-5-31,02-REP,,,,,,,,,,,,,,,,,,1,1,0,1,0,0,0,1,1,1,0,1,1,1,1,1,1,1,1,,
178,102,5,21,102-5-21,02-REP,,,,,,,,,,,,,,,,,,1,1,1,0,0,0,0,1,1,0,1,1,1,1,1,1,1,1,1,,
179,102,5,13,102-5-13,02-REP,,,,,,,,,,,,,,,,,,1,1,0,0,1,0,0,1,1,0,1,1,1,1,1,1,1,1,1,,
180,102,5,9,102-5-9,02-REP,,,,,,,,,,,,,,,,,,0,0,0,0,0,0,0,0,0,0,0,0,0,0,1,0,0,1,1,,
181,102,5,48,102-5-48,02-REP,,,,,,,,,,,,,,,,,,0,1,1,0,0,0,0,1,1,1,0,1,1,1,1,1,1,1,1,,
182,102,5,47,102-5-47,02-REP,,,,,,,,,,,,,,,,,,1,1,0,0,1,0,0,1,1,1,0,1,1,1,1,1,1,1,1,,
183,102,5,28,102-5-28,02-REP,,,,,,,,,,,,,,,,,,1,1,0,0,1,0,0,1,1,0,0,1,1,1,1,1,1,1,1,,
184,102,5,27,102-5-27,02-REP,,,,,,,,,,,,,,,,,,1,1,0,1,0,0,0,1,1,1,0,1,1,0,1,1,1,1,1,,
185,102,5,22,102-5-22,02-REP,,,,,,,,,,,,,,,,,,1,1,0,0,1,0,0,1,1,1,0,1,1,1,1,1,1,1,1,,
186,102,5,14,102-5-14,02-REP,,,,,,,,,,,,,,,,,,1,1,0,0,1,0,0,1,1,0,1,1,1,1,1,1,1,1,1,,
187,102,5,4,102-5-4,02-REP,,,,,,,,,,,,,,,,,,1,1,0,0,1,0,0,1,1,1,0,1,1,1,1,1,1,1,1,,
188,102,5,40,102-5-40,02-REP,,,,,,,,,,,,,,,,,,0,0,0,0,0,0,0,0,0,1,0,0,0,1,0,0,0,1,1,,
189,102,5,39,102-5-39,02-REP,,,,,,,,,,,,,,,,,,1,1,0,1,0,0,0,1,1,0,1,1,1,1,1,1,1,1,1,,
190,102,5,26,102-5-26,02-REP,,,,,,,,,,,,,,,,,,1,1,1,0,0,0,0,1,1,1,0,1,1,1,1,1,1,1,1,,
191,102,5,15,102-5-15,02-REP,,,,,,,,,,,,,,,,,,1,1,1,0,0,0,0,1,1,0,1,1,1,1,1,1,1,1,1,,
192,102,5,3,102-5-3,02-REP,,,,,,,,,,,,,,,,,,0,1,0,1,0,0,0,0,0,0,0,1,1,1,1,1,1,1,1,,
193,102,5,42,102-5-42,02-REP,,,,,,,,,,,,,,,,,,1,1,0,0,1,0,0,1,1,1,0,1,1,1,1,1,1,1,1,,
194,102,5,41,102-5-41,02-REP,,,,,,,,,,,,,,,,,,0,0,0,0,0,0,0,0,0,0,0,0,0,0,1,1,1,1,1,,
195,102,5,25,102-5-25,02-REP,,,,,,,,,,,,,,,,,,1,1,1,0,0,0,0,1,1,0,1,1,1,1,1,1,1,1,1,,
196,102,5,16,102-5-16,02-REP,,,,,,,,,,,,,,,,,,1,1,0,1,0,0,0,0,0,1,0,0,1,0,0,0,0,0,0,,
197,102,5,7,102-5-7,02-REP,,,,,,,,,,,,,,,,,,1,1,0,1,0,0,0,1,1,1,0,1,1,1,1,1,1,1,1,,
198,102,5,34,102-5-34,02-REP,,,,,,,,,,,,,,,,,,1,1,1,0,0,0,0,1,1,0,1,1,1,0,1,1,0,0,1,,
199,102,5,17,102-5-17,02-REP,,,,,,,,,,,,,,,,,,1,1,0,1,0,0,0,1,1,1,0,1,1,1,1,1,1,1,1,,
200,102,5,8,102-5-8,02-REP,,,,,,,,,,,,,,,,,,1,1,0,1,0,0,0,1,1,1,0,1,1,1,1,1,1,1,1,,
201,102,5,44,102-5-44,02-REP,,,,,,,,,,,,,,,,,,0,1,0,1,0,0,0,0,0,0,0,1,1,1,1,1,1,1,1,,
202,102,5,43,102-5-43,02-REP,,,,,,,,,,,,,,,,,,1,1,0,0,1,0,0,1,1,0,0,1,1,1,1,1,1,1,1,,
203,102,5,29,102-5-29,02-REP,,,,,,,,,,,,,,,,,,1,1,1,0,0,0,0,1,1,0,1,1,1,1,1,0,0,0,0,,
204,102,5,18,102-5-18,02-REP,,,,,,,,,,,,,,,,,,1,1,0,0,1,0,0,1,1,1,0,1,1,1,1,1,1,1,1,,
205,102,5,5,102-5-5,02-REP,,,,,,,,,,,,,,,,,,1,1,0,1,0,0,0,0,1,1,0,1,1,1,1,1,1,1,1,,
206,102,5,46,102-5-46,02-REP,,,,,,,,,,,,,,,,,,0,1,0,0,1,0,0,0,1,0,0,0,1,1,0,1,1,1,1,,
207,102,5,45,102-5-45,02-REP,,,,,,,,,,,,,,,,,,1,1,0,1,0,0,0,1,1,1,0,1,1,1,1,1,1,1,1,,
208,102,5,30,102-5-30,02-REP,,,,,,,,,,,,,,,,,,1,0,0,1,0,0,0,1,1,1,0,1,1,1,1,1,1,1,1,,
209,102,5,19,102-5-19,02-REP,,,,,,,,,,,,,,,,,,1,1,0,0,1,0,0,1,1,1,0,1,1,1,1,1,1,1,1,,
210,102,5,6,102-5-6,02-REP,,,,,,,,,,,,,,,,,,1,1,0,1,0,0,0,1,1,1,0,1,1,1,1,1,1,1,1,,
211,102,5,33,102-5-33,02-REP,,,,,,,,,,,,,,,,,,1,1,0,1,0,0,0,1,1,0,1,1,1,1,1,1,1,1,1,,
212,102,5,20,102-5-20,02-REP,,,,,,,,,,,,,,,,,,1,1,0,1,0,0,0,1,1,0,1,1,1,1,1,0,0,0,0,,
213,102,5,10,102-5-10,02-REP,,,,,,,,,,,,,,,,,,1,1,0,1,0,0,0,1,1,1,0,1,1,1,1,1,1,1,1,,
214,102,6,46,102-6-46,02-REP,,,,,,,,,,,,,,,,,,0,0,1,0,0,0,0,0,0,1,0,0,0,0,0,0,0,0,0,,
215,102,6,45,102-6-45,02-REP,,,,,,,,,,,,,,,,,,1,1,0,0,1,0,0,1,1,1,0,1,1,1,1,1,1,1,1,,
216,102,6,24,102-6-24,02-REP,,,,,,,,,,,,,,,,,,1,1,0,1,0,0,0,1,1,1,0,1,1,1,1,1,1,1,1,,
217,102,6,23,102-6-23,02-REP,,,,,,,,,,,,,,,,,,1,1,0,1,0,0,0,1,1,1,0,1,1,1,1,1,1,1,1,,
218,102,6,18,102-6-18,02-REP,,,,,,,,,,,,,,,,,,1,1,0,1,0,0,0,1,1,1,0,1,1,1,1,1,1,1,1,,
219,102,6,11,102-6-11,02-REP,,,,,,,,,,,,,,,,,,1,1,0,1,0,0,0,1,1,1,0,0,0,1,1,1,1,1,1,,
220,102,6,2,102-6-2,02-REP,,,,,,,,,,,,,,,,,,1,0,0,0,1,0,0,1,1,1,0,1,1,1,1,1,1,1,1,,
221,102,6,48,102-6-48,02-REP,,,,,,,,,,,,,,,,,,1,1,0,1,0,0,0,1,1,1,0,1,1,1,1,1,0,1,1,,
222,102,6,47,102-6-47,02-REP,,,,,,,,,,,,,,,,,,0,0,1,0,0,0,0,1,1,0,1,1,1,1,1,1,1,1,1,,
223,102,6,27,102-6-27,02-REP,,,,,,,,,,,,,,,,,,1,1,0,1,0,0,0,1,1,1,0,1,1,1,1,1,1,1,1,,
224,102,6,26,102-6-26,02-REP,,,,,,,,,,,,,,,,,,1,1,1,0,0,0,0,1,1,1,0,1,1,1,1,1,1,1,1,,
225,102,6,20,102-6-20,02-REP,,,,,,,,,,,,,,,,,,1,1,0,0,1,0,0,1,1,1,0,1,1,1,1,1,0,1,1,,
226,102,6,12,102-6-12,02-REP,,,,,,,,,,,,,,,,,,1,1,0,0,1,0,0,1,1,1,0,1,1,1,1,1,1,1,1,,
227,102,6,7,102-6-7,02-REP,,,,,,,,,,,,,,,,,,1,1,0,1,0,0,0,1,1,0,1,1,1,1,1,1,1,1,1,,
228,102,6,34,102-6-34,02-REP,,,,,,,,,,,,,,,,,,1,1,1,0,0,0,0,1,1,1,0,1,1,1,1,1,1,1,1,,
229,102,6,33,102-6-33,02-REP,,,,,,,,,,,,,,,,,,1,1,0,0,1,0,0,1,1,0,1,1,1,1,1,1,1,1,1,,
230,102,6,25,102-6-25,02-REP,,,,,,,,,,,,,,,,,,1,1,0,1,0,0,0,1,1,1,0,1,1,1,1,1,1,1,1,,
231,102,6,13,102-6-13,02-REP,,,,,,,,,,,,,,,,,,1,1,0,0,1,0,0,1,1,1,0,1,1,1,1,1,1,1,1,,
232,102,6,1,102-6-1,02-REP,,,,,,,,,,,,,,,,,,1,1,0,1,0,0,0,1,1,0,1,1,1,1,1,1,1,1,1,,
233,102,6,42,102-6-42,02-REP,,,,,,,,,,,,,,,,,,0,1,1,0,0,0,0,0,0,0,0,1,1,0,1,1,1,1,1,,
234,102,6,41,102-6-41,02-REP,,,,,,,,,,,,,,,,,,0,1,0,0,1,0,0,1,1,1,0,1,1,1,1,1,1,1,1,,
235,102,6,30,102-6-30,02-REP,,,,,,,,,,,,,,,,,,1,1,0,1,0,0,0,1,1,0,1,1,1,1,1,1,1,1,1,,
236,102,6,14,102-6-14,02-REP,,,,,,,,,,,,,,,,,,1,1,0,0,1,0,0,1,1,1,0,1,1,1,1,1,1,1,1,,
237,102,6,3,102-6-3,02-REP,,,,,,,,,,,,,,,,,,1,1,0,1,0,0,0,1,1,1,0,1,1,1,1,1,1,1,1,,
238,102,6,15,102-6-15,03-LBR,*,*,*,*,*,*,*,*,*,*,*,*,*,*,*,*,*,*,*,*,*,*,*,*,*,*,*,*,*,*,*,*,*,*,*,*,*,*
239,102,6,4,102-6-4,02-REP,,,,,,,,,,,,,,,,,,1,1,0,1,0,0,0,1,1,0,1,1,1,1,1,1,1,1,1,,
240,102,6,40,102-6-40,02-REP,,,,,,,,,,,,,,,,,,1,1,0,0,1,0,0,1,1,0,1,1,1,1,1,1,1,1,1,,
241,102,6,39,102-6-39,02-REP,,,,,,,,,,,,,,,,,,0,1,0,0,1,0,0,0,0,0,0,0,1,0,1,0,0,1,1,,
242,102,6,29,102-6-29,02-REP,,,,,,,,,,,,,,,,,,1,1,0,1,0,0,0,1,1,0,1,1,1,1,1,1,1,1,1,,
243,102,6,16,102-6-16,02-REP,,,,,,,,,,,,,,,,,,1,1,0,0,1,0,0,1,1,1,0,1,1,1,1,1,1,1,1,,
244,102,6,6,102-6-6,02-REP,,,,,,,,,,,,,,,,,,1,1,0,1,0,0,0,1,1,0,1,1,1,1,1,1,1,1,1,,
245,102,6,36,102-6-36,02-REP,,,,,,,,,,,,,,,,,,1,1,0,0,1,0,0,1,1,1,0,1,1,1,1,1,1,1,1,,
246,102,6,35,102-6-35,02-REP,,,,,,,,,,,,,,,,,,1,1,0,0,1,0,0,1,1,1,0,1,1,1,1,1,1,1,1,,
247,102,6,28,102-6-28,02-REP,,,,,,,,,,,,,,,,,,1,1,0,1,0,0,0,1,1,0,1,1,1,1,1,1,1,1,1,,
248,102,6,17,102-6-17,02-REP,,,,,,,,,,,,,,,,,,1,1,0,0,1,0,0,1,1,0,1,1,1,1,1,1,1,1,1,,
249,102,6,8,102-6-8,02-REP,,,,,,,,,,,,,,,,,,1,1,0,1,0,0,0,1,1,1,0,1,1,1,1,1,1,1,1,,
250,102,6,44,102-6-44,02-REP,,,,,,,,,,,,,,,,,,1,0,1,0,0,0,0,1,1,0,1,1,1,0,1,1,1,1,0,,
251,102,6,43,102-6-43,02-REP,,,,,,,,,,,,,,,,,,1,1,0,1,0,0,0,1,1,1,0,1,1,1,1,1,1,1,1,,
252,102,6,31,102-6-31,02-REP,,,,,,,,,,,,,,,,,,1,1,1,0,0,0,0,1,1,1,0,1,1,1,1,1,1,1,1,,
253,102,6,19,102-6-19,02-REP,,,,,,,,,,,,,,,,,,1,1,0,1,0,0,0,1,1,0,1,1,1,1,1,1,1,1,1,,
254,102,6,10,102-6-10,02-REP,,,,,,,,,,,,,,,,,,1,1,0,0,1,0,0,1,1,1,0,1,1,1,1,1,1,1,1,,
255,102,6,21,102-6-21,03-LBR,*,*,*,*,*,*,*,*,*,*,*,*,*,*,*,*,*,*,*,*,*,*,*,*,*,*,*,*,*,*,*,*,*,*,*,*,*,*
256,102,6,5,102-6-5,02-REP,,,,,,,,,,,,,,,,,,1,1,0,1,0,0,0,1,1,1,0,1,1,1,1,1,1,1,1,,
257,102,6,50,102-6-50,02-REP,,,,,,,,,,,,,,,,,,1,1,1,0,0,0,0,1,1,1,0,1,1,1,1,1,1,1,1,,
258,102,6,49,102-6-49,02-REP,,,,,,,,,,,,,,,,,,1,1,0,0,1,0,0,1,1,1,0,1,1,1,1,1,1,1,1,,
259,102,6,38,102-6-38,02-REP,,,,,,,,,,,,,,,,,,0,0,0,0,1,0,0,0,0,0,0,0,0,0,1,0,0,1,1,,
260,102,6,37,102-6-37,02-REP,,,,,,,,,,,,,,,,,,1,1,0,0,1,0,0,1,1,1,0,1,1,1,1,1,1,1,1,,
261,102,6,32,102-6-32,02-REP,,,,,,,,,,,,,,,,,,0,1,0,1,0,0,0,0,0,0,0,0,0,0,0,0,0,1,0,,
262,102,6,22,102-6-22,02-REP,,,,,,,,,,,,,,,,,,1,1,0,1,0,0,0,1,1,1,0,1,1,1,1,1,1,1,1,,
263,102,6,9,102-6-9,02-REP,,,,,,,,,,,,,,,,,,1,1,1,0,0,0,0,1,1,1,0,1,1,1,1,1,1,1,1,,
264,102,7,37,102-7-37,01-DEM,1,0,1,0,0,1,0,1,0,1,0,0,1,0,1,,,,,,,,,,,,,,,,,,,,,,,
265,102,7,36,102-7-36,01-DEM,1,0,0,0,0,0,1,1,0,0,1,0,0,0,0,,,,,,,,,,,,,,,,,,,,,,,
266,102,7,23,102-7-23,02-REP,,,,,,,,,,,,,,,,,,1,1,0,0,1,0,0,0,1,0,0,1,1,1,1,0,0,0,0,,
267,102,7,22,102-7-22,02-REP,,,,,,,,,,,,,,,,,,0,1,0,1,0,0,0,1,1,0,1,1,1,1,1,0,0,0,0,,
268,102,7,19,102-7-19,01-DEM,1,0,0,0,0,1,0,0,1,0,1,0,0,0,0,,,,,,,,,,,,,,,,,,,,,,,
269,102,7,11,102-7-11,01-DEM,1,0,1,0,0,1,0,1,0,1,0,1,0,0,1,,,,,,,,,,,,,,,,,,,,,,,
270,102,7,1,102-7-1,02-REP,,,,,,,,,,,,,,,,,,0,1,0,0,1,0,0,1,1,0,1,1,1,1,1,1,1,1,1,,
271,102,7,43,102-7-43,01-DEM,0,1,1,0,0,1,0,0,1,1,1,0,0,0,1,,,,,,,,,,,,,,,,,,,,,,,
272,102,7,42,102-7-42,02-REP,,,,,,,,,,,,,,,,,,1,1,0,1,0,0,0,1,1,0,1,1,1,1,1,1,1,1,1,,
273,102,7,26,102-7-26,02-REP,,,,,,,,,,,,,,,,,,1,1,1,0,0,0,0,1,1,0,1,1,1,1,1,1,1,1,1,,
274,102,7,25,102-7-25,02-REP,,,,,,,,,,,,,,,,,,1,1,0,0,1,0,0,1,1,1,0,1,1,1,1,1,1,1,1,,
275,102,7,20,102-7-20,02-REP,,,,,,,,,,,,,,,,,,1,1,0,0,1,0,0,1,1,1,0,1,1,1,1,1,1,1,1,,
276,102,7,12,102-7-12,02-REP,,,,,,,,,,,,,,,,,,1,1,0,0,1,0,0,1,1,1,0,1,1,1,1,1,1,1,1,,
277,102,7,3,102-7-3,02-REP,,,,,,,,,,,,,,,,,,1,1,0,0,1,0,0,1,1,1,0,1,1,1,1,1,1,1,1,,
278,102,7,35,102-7-35,01-DEM,1,0,1,0,0,1,0,1,0,1,0,0,1,0,1,,,,,,,,,,,,,,,,,,,,,,,
279,102,7,34,102-7-34,02-REP,,,,,,,,,,,,,,,,,,1,1,0,1,0,0,0,1,1,1,0,1,1,1,1,1,1,1,1,,
280,102,7,24,102-7-24,02-REP,,,,,,,,,,,,,,,,,,1,0,0,0,1,0,0,1,1,1,0,1,1,1,1,1,1,1,1,,
281,102,7,13,102-7-13,02-REP,,,,,,,,,,,,,,,,,,1,1,0,0,1,0,0,1,1,1,0,1,1,1,1,1,1,1,1,,
282,102,7,2,102-7-2,02-REP,,,,,,,,,,,,,,,,,,1,1,1,0,0,0,0,1,1,1,0,1,1,1,1,1,1,1,1,,
283,102,7,39,102-7-39,02-REP,,,,,,,,,,,,,,,,,,0,1,1,0,0,0,0,0,0,1,0,1,1,1,1,1,1,1,1,,
284,102,7,38,102-7-38,02-REP,,,,,,,,,,,,,,,,,,1,1,0,1,0,0,0,1,1,0,1,1,1,1,1,1,1,1,1,,
285,102,7,28,102-7-28,01-DEM,1,0,1,0,0,1,0,1,0,1,0,0,1,0,1,,,,,,,,,,,,,,,,,,,,,,,
286,102,7,14,102-7-14,02-REP,,,,,,,,,,,,,,,,,,1,1,0,1,0,0,0,1,1,0,1,1,1,1,1,1,1,1,1,,
287,102,7,6,102-7-6,01-DEM,0,1,1,0,0,0,1,0,0,0,1,0,0,0,0,,,,,,,,,,,,,,,,,,,,,,,
288,102,7,50,102-7-50,02-REP,,,,,,,,,,,,,,,,,,1,1,0,0,1,0,0,1,1,1,0,1,1,1,1,1,1,1,1,,
289,102,7,49,102-7-49,02-REP,,,,,,,,,,,,,,,,,,1,1,0,1,0,0,0,1,1,0,1,1,1,1,1,1,1,1,1,,
290,102,7,31,102-7-31,02-REP,,,,,,,,,,,,,,,,,,1,1,0,1,0,0,0,1,1,0,1,1,1,1,1,1,1,1,1,,
291,102,7,15,102-7-15,02-REP,,,,,,,,,,,,,,,,,,1,1,0,1,0,0,0,1,1,1,0,1,1,1,1,1,1,1,1,,
292,102,7,10,102-7-10,01-DEM,0,1,0,0,0,0,1,1,0,1,1,0,0,0,1,,,,,,,,,,,,,,,,,,,,,,,
293,102,7,41,102-7-41,01-DEM,0,1,1,0,0,1,0,0,1,1,0,0,1,0,1,,,,,,,,,,,,,,,,,,,,,,,
294,102,7,40,102-7-40,02-REP,,,,,,,,,,,,,,,,,,1,1,0,1,0,0,0,1,1,1,0,1,1,1,1,1,1,1,1,,
295,102,7,27,102-7-27,02-REP,,,,,,,,,,,,,,,,,,1,1,0,0,1,0,0,1,1,1,0,1,1,1,1,1,1,1,1,,
296,102,7,16,102-7-16,01-DEM,0,1,1,0,0,0,1,1,0,1,1,0,0,0,1,,,,,,,,,,,,,,,,,,,,,,,
297,102,7,9,102-7-9,02-REP,,,,,,,,,,,,,,,,,,0,1,0,0,1,0,0,0,0,0,1,0,0,0,1,0,1,1,1,,
298,102,7,17,102-7-17,02-REP,,,,,,,,,,,,,,,,,,1,1,1,0,0,0,0,1,1,0,1,1,1,1,1,1,1,1,1,,
299,102,7,7,102-7-7,01-DEM,0,1,0,0,0,0,1,0,0,0,1,0,0,0,0,,,,,,,,,,,,,,,,,,,,,,,
300,102,7,45,102-7-45,01-DEM,0,1,1,0,0,0,1,1,0,1,0,0,1,0,1,,,,,,,,,,,,,,,,,,,,,,,
301,102,7,44,102-7-44,01-DEM,1,0,1,0,0,1,0,1,0,1,0,1,0,0,1,,,,,,,,,,,,,,,,,,,,,,,
302,102,7,30,102-7-30,01-DEM,0,1,1,0,0,0,1,0,0,0,1,0,0,0,1,,,,,,,,,,,,,,,,,,,,,,,
303,102,7,18,102-7-18,01-DEM,1,0,0,0,0,1,0,0,1,0,1,0,0,0,0,,,,,,,,,,,,,,,,,,,,,,,
304,102,7,8,102-7-8,01-DEM,1,0,0,0,0,1,0,0,1,0,0,0,1,0,0,,,,,,,,,,,,,,,,,,,,,,,
305,102,7,47,102-7-47,02-REP,,,,,,,,,,,,,,,,,,1,1,0,0,1,0,0,1,1,0,1,1,1,1,1,1,1,1,1,,
306,102,7,46,102-7-46,02-REP,,,,,,,,,,,,,,,,,,1,1,0,1,0,0,0,1,1,1,0,1,1,1,1,1,1,1,1,,
307,102,7,29,102-7-29,02-REP,,,,,,,,,,,,,,,,,,1,1,0,1,0,0,0,1,1,1,0,1,1,1,1,1,1,1,1,,
308,102,7,21,102-7-21,02-REP,,,,,,,,,,,,,,,,,,1,1,0,0,1,0,0,1,1,1,0,1,1,1,1,1,1,1,1,,
309,102,7,5,102-7-5,01-DEM,1,0,1,0,0,1,0,1,0,1,0,1,0,0,1,,,,,,,,,,,,,,,,,,,,,,,
310,102,7,48,102-7-48,01-DEM,0,1,1,0,0,1,0,0,1,1,0,0,1,0,1,,,,,,,,,,,,,,,,,,,,,,,
311,102,7,32,102-7-32,01-DEM,0,1,1,0,0,0,1,0,1,1,0,0,0,1,1,,,,,,,,,,,,,,,,,,,,,,,
312,102,7,4,102-7-4,01-DEM,1,0,1,0,0,1,0,1,0,1,0,0,0,1,1,,,,,,,,,,,,,,,,,,,,,,,
313,102,7,33,102-7-33,02-REP,,,,,,,,,,,,,,,,,,1,1,1,0,0,0,0,1,1,1,0,1,1,1,1,1,1,1,1,,
314,102,8,40,102-8-40,01-DEM,1,0,1,0,0,0,1,1,0,1,1,0,0,0,1,,,,,,,,,,,,,,,,,,,,,,,
315,102,8,39,102-8-39,01-DEM,0,1,1,0,0,0,1,1,0,1,1,0,0,0,1,,,,,,,,,,,,,,,,,,,,,,,
316,102,8,26,102-8-26,01-DEM,0,1,1,0,0,0,1,1,0,1,1,0,0,0,1,,,,,,,,,,,,,,,,,,,,,,,
317,102,8,25,102-8-25,01-DEM,0,1,1,0,0,1,0,1,0,1,1,0,0,0,1,,,,,,,,,,,,,,,,,,,,,,,
318,102,8,19,102-8-19,01-DEM,0,1,1,0,0,0,1,1,0,1,0,0,1,0,1,,,,,,,,,,,,,,,,,,,,,,,
319,102,8,11,102-8-11,01-DEM,0,1,1,0,0,0,1,1,0,1,0,0,1,0,1,,,,,,,,,,,,,,,,,,,,,,,
320,102,8,3,102-8-3,01-DEM,1,0,1,0,0,1,0,1,0,1,1,0,0,0,1,,,,,,,,,,,,,,,,,,,,,,,
321,102,8,42,102-8-42,01-DEM,0,1,1,0,0,1,0,1,0,1,1,0,0,0,1,,,,,,,,,,,,,,,,,,,,,,,
322,102,8,41,102-8-41,01-DEM,1,0,1,0,0,0,1,1,0,1,1,0,0,0,1,,,,,,,,,,,,,,,,,,,,,,,
323,102,8,28,102-8-28,01-DEM,0,1,1,0,0,0,1,0,0,0,0,0,0,0,0,,,,,,,,,,,,,,,,,,,,,,,
324,102,8,27,102-8-27,01-DEM,0,1,1,0,0,0,1,1,0,1,1,0,0,0,1,,,,,,,,,,,,,,,,,,,,,,,
325,102,8,20,102-8-20,01-DEM,0,1,1,0,0,0,1,1,0,1,1,0,0,0,1,,,,,,,,,,,,,,,,,,,,,,,
326,102,8,12,102-8-12,01-DEM,1,0,1,0,0,0,1,1,0,1,0,0,1,0,1,,,,,,,,,,,,,,,,,,,,,,,
327,102,8,6,102-8-6,01-DEM,0,1,1,0,0,0,1,0,1,1,1,0,0,0,1,,,,,,,,,,,,,,,,,,,,,,,
328,102,8,38,102-8-38,01-DEM,1,0,1,0,0,0,1,1,0,1,0,0,0,1,1,,,,,,,,,,,,,,,,,,,,,,,
329,102,8,37,102-8-37,01-DEM,0,1,1,0,0,0,1,1,0,1,0,0,1,0,1,,,,,,,,,,,,,,,,,,,,,,,
330,102,8,23,102-8-23,01-DEM,0,1,1,0,0,0,1,1,0,1,1,0,0,0,1,,,,,,,,,,,,,,,,,,,,,,,
331,102,8,13,102-8-13,01-DEM,0,1,0,0,0,0,1,1,0,1,1,0,0,0,1,,,,,,,,,,,,,,,,,,,,,,,
332,102,8,1,102-8-1,01-DEM,0,1,1,0,0,1,0,0,1,0,0,0,1,0,1,,,,,,,,,,,,,,,,,,,,,,,
333,102,8,36,102-8-36,01-DEM,1,0,1,0,0,0,1,0,1,1,0,1,0,0,1,,,,,,,,,,,,,,,,,,,,,,,
334,102,8,35,102-8-35,01-DEM,0,1,0,0,0,0,1,0,1,0,1,0,0,0,0,,,,,,,,,,,,,,,,,,,,,,,
335,102,8,24,102-8-24,01-DEM,0,1,1,0,0,0,1,0,1,1,1,0,0,0,1,,,,,,,,,,,,,,,,,,,,,,,
336,102,8,14,102-8-14,01-DEM,0,1,1,0,0,0,1,0,1,1,1,0,0,0,1,,,,,,,,,,,,,,,,,,,,,,,
337,102,8,2,102-8-2,01-DEM,0,1,0,0,0,0,1,0,0,1,0,0,0,0,1,,,,,,,,,,,,,,,,,,,,,,,
338,102,8,44,102-8-44,01-DEM,0,1,1,0,0,0,1,0,1,1,1,0,0,0,1,,,,,,,,,,,,,,,,,,,,,,,
339,102,8,43,102-8-43,01-DEM,0,1,1,0,0,1,0,1,0,1,0,1,0,0,1,,,,,,,,,,,,,,,,,,,,,,,
340,102,8,29,102-8-29,01-DEM,0,1,1,0,0,0,1,0,0,0,0,0,0,0,0,,,,,,,,,,,,,,,,,,,,,,,
341,102,8,15,102-8-15,01-DEM,1,0,1,0,0,1,0,1,0,1,1,0,0,0,1,,,,,,,,,,,,,,,,,,,,,,,
342,102,8,9,102-8-9,01-DEM,0,1,1,0,0,0,1,1,0,1,0,0,1,0,1,,,,,,,,,,,,,,,,,,,,,,,
343,102,8,46,102-8-46,01-DEM,0,1,1,0,0,0,1,0,1,1,1,0,0,0,1,,,,,,,,,,,,,,,,,,,,,,,
344,102,8,45,102-8-45,01-DEM,0,1,1,0,0,0,1,0,1,1,1,0,0,0,1,,,,,,,,,,,,,,,,,,,,,,,
345,102,8,30,102-8-30,01-DEM,0,1,1,0,0,0,1,1,0,1,1,0,0,0,1,,,,,,,,,,,,,,,,,,,,,,,
346,102,8,16,102-8-16,01-DEM,1,0,1,0,0,1,0,1,0,1,1,0,0,0,1,,,,,,,,,,,,,,,,,,,,,,,
347,102,8,10,102-8-10,01-DEM,0,1,1,0,0,1,0,1,0,1,0,1,0,0,1,,,,,,,,,,,,,,,,,,,,,,,
348,102,8,48,102-8-48,02-REP,,,,,,,,,,,,,,,,,,0,0,0,0,1,0,0,0,0,0,0,0,0,0,0,0,0,0,1,,
349,102,8,47,102-8-47,01-DEM,1,0,1,0,0,1,0,1,0,1,1,0,0,0,1,,,,,,,,,,,,,,,,,,,,,,,
350,102,8,31,102-8-31,01-DEM,0,1,1,0,0,0,1,0,1,1,1,0,0,0,1,,,,,,,,,,,,,,,,,,,,,,,
351,102,8,17,102-8-17,01-DEM,0,1,1,0,0,1,0,0,1,1,0,0,1,0,1,,,,,,,,,,,,,,,,,,,,,,,
352,102,8,5,102-8-5,01-DEM,0,1,1,0,0,0,1,0,1,1,0,0,1,0,1,,,,,,,,,,,,,,,,,,,,,,,
353,102,8,50,102-8-50,02-REP,,,,,,,,,,,,,,,,,,1,1,1,0,0,0,0,1,1,1,0,1,1,1,0,0,0,0,1,,
354,102,8,49,102-8-49,01-DEM,0,1,1,0,0,0,1,0,1,1,0,0,1,0,1,,,,,,,,,,,,,,,,,,,,,,,
355,102,8,32,102-8-32,01-DEM,0,1,1,0,0,0,1,0,1,1,1,0,0,0,1,,,,,,,,,,,,,,,,,,,,,,,
356,102,8,18,102-8-18,01-DEM,0,1,1,0,0,0,1,1,0,1,1,0,0,0,1,,,,,,,,,,,,,,,,,,,,,,,
357,102,8,8,102-8-8,01-DEM,1,0,1,0,0,1,0,1,0,1,0,1,0,0,1,,,,,,,,,,,,,,,,,,,,,,,
358,102,8,33,102-8-33,01-DEM,0,1,1,0,0,0,1,0,1,1,0,0,1,0,1,,,,,,,,,,,,,,,,,,,,,,,
359,102,8,21,102-8-21,01-DEM,1,0,1,0,0,0,1,1,0,1,1,0,0,0,1,,,,,,,,,,,,,,,,,,,,,,,
360,102,8,4,102-8-4,01-DEM,1,0,1,0,0,1,0,1,0,1,1,0,0,0,1,,,,,,,,,,,,,,,,,,,,,,,
361,102,8,34,102-8-34,01-DEM,0,1,1,0,0,1,0,0,1,0,1,0,0,0,1,,,,,,,,,,,,,,,,,,,,,,,
362,102,8,22,102-8-22,01-DEM,1,0,0,0,0,1,0,0,0,0,0,0,0,1,0,,,,,,,,,,,,,,,,,,,,,,,
363,102,8,7,102-8-7,01-DEM,0,1,1,0,0,1,0,1,0,1,1,0,0,0,1,,,,,,,,,,,,,,,,,,,,,,,
364,102,9,26,102-9-26,02-REP,,,,,,,,,,,,,,,,,,1,1,0,0,1,0,0,1,1,0,1,1,1,0,1,1,0,1,1,,
365,102,9,25,102-9-25,01-DEM,0,1,0,0,0,0,1,0,0,0,1,0,0,0,0,,,,,,,,,,,,,,,,,,,,,,,
366,102,9,21,102-9-21,01-DEM,0,1,0,0,0,0,1,0,1,1,1,0,0,0,1,,,,,,,,,,,,,,,,,,,,,,,
367,102,9,11,102-9-11,02-REP,,,,,,,,,,,,,,,,,,1,1,0,0,0,0,0,1,1,1,0,1,1,1,1,1,1,1,1,,
368,102,9,1,102-9-1,02-REP,,,,,,,,,,,,,,,,,,1,1,0,1,0,0,0,1,1,1,0,1,1,1,1,1,1,1,1,,
369,102,9,28,102-9-28,02-REP,,,,,,,,,,,,,,,,,,0,1,0,1,0,0,0,0,0,0,0,0,0,0,1,0,0,0,0,,
370,102,9,27,102-9-27,02-REP,,,,,,,,,,,,,,,,,,1,1,0,1,0,0,0,1,1,1,0,1,1,1,1,1,1,1,1,,
371,102,9,22,102-9-22,02-REP,,,,,,,,,,,,,,,,,,0,0,0,0,1,0,0,0,0,0,0,1,1,0,0,0,0,0,0,,
372,102,9,12,102-9-12,02-REP,,,,,,,,,,,,,,,,,,1,1,0,0,1,0,0,1,0,1,0,0,0,0,1,0,0,1,0,,
373,102,9,6,102-9-6,02-REP,,,,,,,,,,,,,,,,,,1,1,0,1,0,0,0,1,1,1,0,1,1,1,1,1,1,1,1,,
374,102,9,36,102-9-36,02-REP,,,,,,,,,,,,,,,,,,1,1,0,1,0,0,0,1,1,0,1,1,1,1,1,0,0,0,0,,
375,102,9,35,102-9-35,02-REP,,,,,,,,,,,,,,,,,,1,1,0,1,0,0,0,1,1,1,0,1,1,1,1,1,1,1,1,,
376,102,9,23,102-9-23,01-DEM,1,0,1,0,0,1,0,1,0,1,0,0,0,1,1,,,,,,,,,,,,,,,,,,,,,,,
377,102,9,13,102-9-13,02-REP,,,,,,,,,,,,,,,,,,1,1,0,0,1,0,0,1,0,1,0,0,0,0,1,0,1,1,1,,
378,102,9,3,102-9-3,01-DEM,1,0,1,0,0,1,0,1,0,1,0,0,0,1,1,,,,,,,,,,,,,,,,,,,,,,,
379,102,9,38,102-9-38,02-REP,,,,,,,,,,,,,,,,,,1,1,1,0,0,0,0,1,1,0,1,1,1,1,1,1,1,1,1,,
380,102,9,37,102-9-37,02-REP,,,,,,,,,,,,,,,,,,1,1,0,0,1,0,0,1,1,0,0,1,1,1,1,1,1,1,1,,
381,102,9,24,102-9-24,02-REP,,,,,,,,,,,,,,,,,,1,1,0,0,1,0,0,1,1,0,1,1,1,1,1,1,1,1,1,,
382,102,9,14,102-9-14,01-DEM,0,1,1,0,0,1,0,0,1,1,1,0,0,0,1,,,,,,,,,,,,,,,,,,,,,,,
383,102,9,2,102-9-2,02-REP,,,,,,,,,,,,,,,,,,1,1,0,0,1,0,0,1,1,1,0,1,1,1,1,1,1,1,1,,
384,102,9,40,102-9-40,02-REP,,,,,,,,,,,,,,,,,,1,1,0,0,1,0,0,1,1,1,0,1,1,1,1,1,1,1,1,,
385,102,9,39,102-9-39,01-DEM,0,1,1,0,0,1,0,0,1,1,1,0,0,0,1,,,,,,,,,,,,,,,,,,,,,,,
386,102,9,31,102-9-31,01-DEM,0,1,1,0,0,1,0,0,1,1,1,0,0,0,1,,,,,,,,,,,,,,,,,,,,,,,
387,102,9,15,102-9-15,02-REP,,,,,,,,,,,,,,,,,,1,0,0,1,0,0,0,1,1,0,1,1,1,1,1,1,1,1,1,,
388,102,9,4,102-9-4,01-DEM,0,1,1,0,0,0,1,0,1,1,1,0,0,0,1,,,,,,,,,,,,,,,,,,,,,,,
389,102,9,44,102-9-44,02-REP,,,,,,,,,,,,,,,,,,1,1,0,1,0,0,0,1,1,1,0,1,1,0,1,1,1,1,1,,
390,102,9,43,102-9-43,01-DEM,1,0,1,0,0,1,0,0,1,1,0,1,0,0,1,,,,,,,,,,,,,,,,,,,,,,,
391,102,9,30,102-9-30,02-REP,,,,,,,,,,,,,,,,,,1,1,0,1,0,0,0,1,1,1,0,1,1,1,1,1,1,1,1,,
392,102,9,16,102-9-16,01-DEM,1,0,1,0,0,1,0,0,1,1,0,0,0,1,1,,,,,,,,,,,,,,,,,,,,,,,
393,102,9,9,102-9-9,02-REP,,,,,,,,,,,,,,,,,,1,1,0,1,0,0,0,1,1,0,1,1,1,0,0,0,0,0,0,,
394,102,9,42,102-9-42,01-DEM,1,0,1,0,0,0,1,1,0,1,1,0,0,0,1,,,,,,,,,,,,,,,,,,,,,,,
395,102,9,41,102-9-41,02-REP,,,,,,,,,,,,,,,,,,1,1,0,0,1,0,0,1,1,1,0,1,1,1,1,1,1,1,1,,
396,102,9,29,102-9-29,02-REP,,,,,,,,,,,,,,,,,,1,1,0,1,0,0,0,1,1,1,0,1,1,1,1,1,1,1,1,,
397,102,9,17,102-9-17,01-DEM,1,0,1,0,0,0,1,0,1,1,0,1,0,0,1,,,,,,,,,,,,,,,,,,,,,,,
398,102,9,10,102-9-10,02-REP,,,,,,,,,,,,,,,,,,1,1,0,0,1,0,0,1,1,0,1,1,1,1,1,1,1,1,1,,
399,102,9,46,102-9-46,02-REP,,,,,,,,,,,,,,,,,,0,1,0,0,1,0,0,0,0,0,0,0,0,0,0,0,1,1,0,,
400,102,9,45,102-9-45,02-REP,,,,,,,,,,,,,,,,,,1,1,0,1,0,0,0,1,1,1,0,1,1,0,1,0,0,0,0,,
401,102,9,32,102-9-32,02-REP,,,,,,,,,,,,,,,,,,1,1,0,1,0,0,0,1,1,1,0,1,1,1,1,1,1,1,1,,
402,102,9,18,102-9-18,02-REP,,,,,,,,,,,,,,,,,,1,1,0,0,1,0,0,1,1,1,0,1,1,1,1,1,1,1,1,,
403,102,9,8,102-9-8,02-REP,,,,,,,,,,,,,,,,,,1,1,0,1,0,0,0,1,1,0,1,1,1,1,1,1,1,1,1,,
404,102,9,50,102-9-50,01-DEM,1,0,0,0,0,1,0,1,0,0,0,0,0,1,0,,,,,,,,,,,,,,,,,,,,,,,
405,102,9,49,102-9-49,02-REP,,,,,,,,,,,,,,,,,,1,1,0,1,0,0,0,1,1,1,0,1,1,1,1,1,1,1,1,,
406,102,9,19,102-9-19,02-REP,,,,,,,,,,,,,,,,,,1,1,1,0,0,0,0,1,1,0,1,1,1,1,1,1,1,1,1,,
407,102,9,7,102-9-7,01-DEM,0,1,0,0,0,0,1,0,0,0,0,0,1,0,0,,,,,,,,,,,,,,,,,,,,,,,
408,102,9,48,102-9-48,02-REP,,,,,,,,,,,,,,,,,,1,1,0,1,0,0,0,1,1,1,0,1,1,0,1,1,1,1,1,,
409,102,9,47,102-9-47,02-REP,,,,,,,,,,,,,,,,,,1,1,0,0,1,0,0,1,1,1,0,1,1,1,1,1,1,1,1,,
410,102,9,34,102-9-34,02-REP,,,,,,,,,,,,,,,,,,1,1,0,1,0,0,0,1,1,0,1,1,1,1,1,1,1,1,1,,
411,102,9,20,102-9-20,02-REP,,,,,,,,,,,,,,,,,,1,1,1,0,0,0,0,1,1,0,1,1,1,1,1,1,1,1,1,,
412,102,9,5,102-9-5,02-REP,,,,,,,,,,,,,,,,,,1,1,0,1,0,0,0,1,1,1,0,1,1,1,1,1,1,1,1,,
413,102,9,33,102-9-33,02-REP,,,,,,,,,,,,,,,,,,1,1,0,0,1,0,0,1,1,0,1,1,1,1,1,1,1,1,1,,
414,102,10,42,102-10-42,02-REP,,,,,,,,,,,,,,,,,,1,1,1,0,0,0,0,1,1,0,1,1,1,1,1,1,1,1,1,,
415,102,10,41,102-10-41,02-REP,,,,,,,,,,,,,,,,,,1,1,0,1,0,0,0,1,1,1,0,1,1,1,1,1,1,1,1,,
416,102,10,25,102-10-25,02-REP,,,,,,,,,,,,,,,,,,1,1,0,1,0,0,0,1,1,1,0,1,1,1,1,1,1,1,1,,
417,102,10,24,102-10-24,02-REP,,,,,,,,,,,,,,,,,,1,1,0,1,0,0,0,1,1,1,0,1,1,1,1,1,1,1,1,,
418,102,10,21,102-10-21,02-REP,,,,,,,,,,,,,,,,,,1,1,0,1,0,0,0,1,1,1,0,1,1,1,1,1,1,1,1,,
419,102,10,11,102-10-11,02-REP,,,,,,,,,,,,,,,,,,0,0,0,1,0,0,0,0,0,0,0,0,0,0,0,0,0,0,0,,
420,102,10,9,102-10-9,02-REP,,,,,,,,,,,,,,,,,,1,1,1,0,0,0,0,1,1,0,1,1,1,1,1,1,1,1,1,,
421,102,10,47,102-10-47,02-REP,,,,,,,,,,,,,,,,,,1,1,1,0,0,0,0,1,1,1,0,1,1,1,1,1,1,1,1,,
422,102,10,28,102-10-28,02-REP,,,,,,,,,,,,,,,,,,1,1,0,0,1,0,0,1,1,0,1,1,1,1,1,1,1,1,1,,
423,102,10,27,102-10-27,02-REP,,,,,,,,,,,,,,,,,,0,1,0,0,1,0,0,0,1,0,1,1,0,0,1,1,1,1,1,,
424,102,10,22,102-10-22,02-REP,,,,,,,,,,,,,,,,,,1,1,0,0,1,0,0,1,1,1,0,1,1,1,1,1,1,1,1,,
425,102,10,12,102-10-12,02-REP,,,,,,,,,,,,,,,,,,1,1,1,0,0,0,0,1,1,0,1,1,1,1,1,1,1,1,1,,
426,102,10,10,102-10-10,02-REP,,,,,,,,,,,,,,,,,,1,1,0,0,1,0,0,1,1,0,0,1,1,1,1,1,1,1,1,,
427,102,10,36,102-10-36,02-REP,,,,,,,,,,,,,,,,,,1,1,0,1,0,0,0,1,1,1,0,1,1,1,1,1,1,1,1,,
428,102,10,35,102-10-35,02-REP,,,,,,,,,,,,,,,,,,1,1,0,0,1,0,0,1,1,0,1,1,1,1,1,1,1,1,1,,
429,102,10,23,102-10-23,02-REP,,,,,,,,,,,,,,,,,,1,1,0,1,0,0,0,1,1,0,1,1,1,1,1,1,1,1,1,,
430,102,10,13,102-10-13,02-REP,,,,,,,,,,,,,,,,,,1,1,1,0,0,0,0,1,1,1,0,1,1,1,1,1,1,1,1,,
431,102,10,1,102-10-1,02-REP,,,,,,,,,,,,,,,,,,1,0,1,0,0,0,0,1,1,0,1,1,1,1,1,1,1,1,1,,
432,102,10,38,102-10-38,02-REP,,,,,,,,,,,,,,,,,,1,1,0,1,0,0,0,1,1,0,1,1,1,1,1,1,1,1,1,,
433,102,10,37,102-10-37,02-REP,,,,,,,,,,,,,,,,,,1,1,0,1,0,0,0,1,1,1,0,1,1,1,1,1,1,1,1,,
434,102,10,26,102-10-26,02-REP,,,,,,,,,,,,,,,,,,1,1,1,0,0,0,0,1,1,1,0,1,1,1,1,1,1,1,1,,
435,102,10,14,102-10-14,02-REP,,,,,,,,,,,,,,,,,,1,1,0,0,1,0,0,1,1,1,0,1,1,1,1,0,0,0,0,,
436,102,10,2,102-10-2,02-REP,,,,,,,,,,,,,,,,,,1,0,0,0,1,0,0,1,1,1,0,1,1,1,1,1,1,1,1,,
437,102,10,44,102-10-44,02-REP,,,,,,,,,,,,,,,,,,1,1,0,1,0,0,0,1,1,0,1,1,1,1,1,1,1,1,1,,
438,102,10,43,102-10-43,02-REP,,,,,,,,,,,,,,,,,,1,1,0,1,0,0,0,1,1,1,0,1,1,1,1,1,1,1,1,,
439,102,10,30,102-10-30,02-REP,,,,,,,,,,,,,,,,,,1,1,0,1,0,0,0,1,1,1,0,1,1,1,1,1,1,1,1,,
440,102,10,15,102-10-15,02-REP,,,,,,,,,,,,,,,,,,0,0,1,0,0,0,0,0,0,1,0,0,0,0,0,0,0,0,0,,
441,102,10,5,102-10-5,02-REP,,,,,,,,,,,,,,,,,,0,0,0,0,0,0,0,0,0,0,0,0,1,0,0,0,1,1,1,,
442,102,10,40,102-10-40,02-REP,,,,,,,,,,,,,,,,,,1,1,0,1,0,0,0,1,1,1,0,1,1,1,1,1,1,1,1,,
443,102,10,39,102-10-39,02-REP,,,,,,,,,,,,,,,,,,1,1,0,1,0,0,0,1,1,1,0,1,1,1,1,1,1,1,1,,
444,102,10,29,102-10-29,02-REP,,,,,,,,,,,,,,,,,,1,1,0,1,0,0,0,1,1,0,1,1,1,1,1,1,0,1,1,,
445,102,10,16,102-10-16,02-REP,,,,,,,,,,,,,,,,,,1,1,1,0,0,0,0,1,1,0,1,1,1,1,1,1,1,1,1,,
446,102,10,7,102-10-7,02-REP,,,,,,,,,,,,,,,,,,0,1,0,1,0,0,0,0,0,0,0,0,0,1,1,1,1,1,1,,
447,102,10,31,102-10-31,02-REP,,,,,,,,,,,,,,,,,,1,1,0,1,0,0,0,1,1,1,0,1,1,1,1,1,1,1,1,,
448,102,10,17,102-10-17,02-REP,,,,,,,,,,,,,,,,,,1,1,0,0,1,0,0,1,1,0,0,1,1,1,1,1,1,1,1,,
449,102,10,6,102-10-6,02-REP,,,,,,,,,,,,,,,,,,0,0,0,1,0,0,0,0,0,0,0,0,0,0,0,0,0,0,0,,
450,102,10,34,102-10-34,02-REP,,,,,,,,,,,,,,,,,,1,1,0,1,0,0,0,1,1,0,1,0,0,1,1,1,1,1,1,,
451,102,10,18,102-10-18,02-REP,,,,,,,,,,,,,,,,,,0,1,0,0,1,0,0,1,1,1,0,1,1,1,1,1,1,1,1,,
452,102,10,4,102-10-4,02-REP,,,,,,,,,,,,,,,,,,0,1,0,0,1,0,0,1,1,1,0,1,1,1,1,1,1,1,1,,
453,102,10,46,102-10-46,02-REP,,,,,,,,,,,,,,,,,,1,1,1,0,0,0,0,1,1,0,1,1,1,1,1,1,1,1,1,,
454,102,10,45,102-10-45,02-REP,,,,,,,,,,,,,,,,,,1,1,1,0,0,0,0,1,1,0,1,1,1,0,0,1,1,1,1,,
455,102,10,32,102-10-32,02-REP,,,,,,,,,,,,,,,,,,1,1,0,1,0,0,0,1,1,0,1,1,1,1,1,1,1,1,1,,
456,102,10,19,102-10-19,02-REP,,,,,,,,,,,,,,,,,,1,1,0,0,1,0,0,1,1,0,1,1,1,1,1,1,1,1,1,,
457,102,10,3,102-10-3,02-REP,,,,,,,,,,,,,,,,,,1,1,0,1,0,0,0,1,1,0,0,1,1,1,1,1,1,1,1,,
458,102,10,50,102-10-50,02-REP,,,,,,,,,,,,,,,,,,1,1,0,1,0,0,0,1,1,1,0,1,1,1,1,1,1,1,1,,
459,102,10,49,102-10-49,02-REP,,,,,,,,,,,,,,,,,,1,1,0,0,1,0,0,1,1,0,0,0,1,0,1,0,0,1,1,,
460,102,10,33,102-10-33,02-REP,,,,,,,,,,,,,,,,,,1,1,1,0,0,0,0,1,1,0,1,1,1,1,1,1,1,1,1,,
461,102,10,20,102-10-20,02-REP,,,,,,,,,,,,,,,,,,1,1,0,0,1,0,0,1,1,1,0,1,0,1,1,1,1,1,1,,
462,102,10,8,102-10-8,02-REP,,,,,,,,,,,,,,,,,,1,1,0,0,1,0,0,1,1,1,0,1,1,1,1,1,1,1,1,,
463,102,10,48,102-10-48,02-REP,,,,,,,,,,,,,,,,,,1,1,1,0,0,0,0,0,1,0,1,1,0,1,1,1,1,1,1,,
464,102,11,39,102-11-39,02-REP,,,,,,,,,,,,,,,,,,1,1,0,0,1,0,0,1,1,1,0,1,1,1,1,1,1,1,1,,
465,102,11,38,102-11-38,02-REP,,,,,,,,,,,,,,,,,,1,1,0,1,0,0,0,1,1,0,1,1,1,1,1,1,1,1,1,,
466,102,11,25,102-11-25,02-REP,,,,,,,,,,,,,,,,,,1,1,0,1,0,0,0,1,1,1,0,1,1,1,1,1,1,1,1,,
467,102,11,24,102-11-24,02-REP,,,,,,,,,,,,,,,,,,0,1,0,0,1,0,0,1,1,1,0,1,1,1,1,1,1,1,1,,
468,102,11,18,102-11-18,02-REP,,,,,,,,,,,,,,,,,,1,1,0,1,0,0,0,1,1,1,0,1,1,1,1,1,1,1,1,,
469,102,11,11,102-11-11,02-REP,,,,,,,,,,,,,,,,,,1,1,1,0,0,0,0,1,1,1,0,1,1,1,1,1,1,1,1,,
470,102,11,1,102-11-1,02-REP,,,,,,,,,,,,,,,,,,1,1,0,1,0,0,0,1,1,1,0,1,1,1,1,1,1,1,1,,
471,102,11,37,102-11-37,02-REP,,,,,,,,,,,,,,,,,,1,1,0,0,0,0,0,1,1,1,0,1,1,1,1,1,1,1,1,,
472,102,11,36,102-11-36,02-REP,,,,,,,,,,,,,,,,,,1,1,1,0,0,0,0,1,1,1,0,1,1,1,1,1,1,1,1,,
473,102,11,23,102-11-23,02-REP,,,,,,,,,,,,,,,,,,1,0,0,0,1,0,0,0,0,0,0,0,0,1,1,1,1,1,1,,
474,102,11,22,102-11-22,02-REP,,,,,,,,,,,,,,,,,,1,1,0,1,0,0,0,1,1,1,0,1,1,1,1,1,1,1,1,,
475,102,11,16,102-11-16,02-REP,,,,,,,,,,,,,,,,,,1,1,0,1,0,0,0,1,1,1,0,1,1,1,1,1,1,1,1,,
476,102,11,12,102-11-12,02-REP,,,,,,,,,,,,,,,,,,1,1,1,0,0,0,0,1,1,1,0,1,1,1,1,1,1,1,1,,
477,102,11,3,102-11-3,02-REP,,,,,,,,,,,,,,,,,,1,0,0,0,1,0,0,1,1,1,0,1,1,1,1,1,1,1,1,,
478,102,11,35,102-11-35,02-REP,,,,,,,,,,,,,,,,,,1,1,0,0,1,0,0,1,1,0,1,1,1,1,1,1,1,1,1,,
479,102,11,34,102-11-34,02-REP,,,,,,,,,,,,,,,,,,1,1,0,1,0,0,0,1,1,0,0,1,1,1,1,1,1,1,1,,
480,102,11,26,102-11-26,02-REP,,,,,,,,,,,,,,,,,,1,1,0,1,0,0,0,1,1,1,0,0,1,1,1,1,1,1,1,,
481,102,11,13,102-11-13,02-REP,,,,,,,,,,,,,,,,,,1,0,0,1,0,0,0,1,1,0,1,1,1,0,0,0,0,0,0,,
482,102,11,2,102-11-2,02-REP,,,,,,,,,,,,,,,,,,1,1,0,1,0,0,0,1,1,1,0,1,1,1,1,1,1,1,1,,
483,102,11,41,102-11-41,02-REP,,,,,,,,,,,,,,,,,,1,0,0,1,0,0,0,1,1,0,1,0,1,1,1,1,1,1,1,,
484,102,11,40,102-11-40,02-REP,,,,,,,,,,,,,,,,,,1,1,1,0,0,0,0,1,1,0,1,1,1,1,1,1,1,1,1,,
485,102,11,27,102-11-27,02-REP,,,,,,,,,,,,,,,,,,1,1,0,0,1,0,0,1,1,0,1,1,1,1,1,1,1,1,1,,
486,102,11,14,102-11-14,02-REP,,,,,,,,,,,,,,,,,,0,1,0,0,1,0,0,0,0,0,0,0,1,0,1,0,0,1,0,,
487,102,11,4,102-11-4,02-REP,,,,,,,,,,,,,,,,,,1,1,1,0,0,0,0,1,1,0,1,1,1,1,1,1,1,1,1,,
488,102,11,50,102-11-50,02-REP,,,,,,,,,,,,,,,,,,1,1,0,1,0,0,0,1,1,1,0,1,1,1,1,1,1,1,1,,
489,102,11,49,102-11-49,02-REP,,,,,,,,,,,,,,,,,,1,1,0,1,0,0,0,1,1,1,0,1,1,1,1,1,1,1,1,,
490,102,11,29,102-11-29,02-REP,,,,,,,,,,,,,,,,,,0,0,0,1,0,0,0,0,0,0,0,0,0,0,0,0,0,0,0,,
491,102,11,15,102-11-15,02-REP,,,,,,,,,,,,,,,,,,1,1,1,0,0,0,0,1,1,1,0,1,1,1,1,1,1,1,1,,
492,102,11,5,102-11-5,02-REP,,,,,,,,,,,,,,,,,,1,1,0,0,1,0,0,1,1,1,0,1,1,1,1,1,1,1,1,,
493,102,11,43,102-11-43,02-REP,,,,,,,,,,,,,,,,,,1,1,0,1,0,0,0,1,1,0,1,1,1,1,1,1,1,1,1,,
494,102,11,42,102-11-42,02-REP,,,,,,,,,,,,,,,,,,1,1,1,0,0,0,0,1,1,0,1,1,1,1,1,1,1,1,1,,
495,102,11,28,102-11-28,02-REP,,,,,,,,,,,,,,,,,,1,1,0,1,0,0,0,1,1,0,1,1,1,1,1,1,1,1,1,,
496,102,11,17,102-11-17,02-REP,,,,,,,,,,,,,,,,,,1,1,1,0,0,0,0,1,1,1,0,1,1,1,1,1,1,1,1,,
497,102,11,6,102-11-6,02-REP,,,,,,,,,,,,,,,,,,1,1,0,0,1,0,0,1,1,1,0,1,1,1,1,1,1,1,1,,
498,102,11,47,102-11-47,02-REP,,,,,,,,,,,,,,,,,,1,0,0,0,1,0,0,1,1,1,0,1,1,1,1,1,1,1,1,,
499,102,11,46,102-11-46,02-REP,,,,,,,,,,,,,,,,,,0,0,0,0,1,0,0,0,0,0,0,0,0,0,0,0,0,0,0,,
500,102,11,31,102-11-31,02-REP,,,,,,,,,,,,,,,,,,1,0,0,0,1,0,0,1,1,1,0,1,1,1,1,1,1,1,1,,
501,102,11,19,102-11-19,02-REP,,,,,,,,,,,,,,,,,,1,1,0,1,0,0,0,1,1,1,0,1,1,1,1,1,1,1,1,,
502,102,11,8,102-11-8,02-REP,,,,,,,,,,,,,,,,,,1,1,0,1,0,0,0,1,1,0,1,1,1,1,1,1,1,1,1,,
503,102,11,45,102-11-45,02-REP,,,,,,,,,,,,,,,,,,1,1,0,1,0,0,0,1,1,0,1,1,1,1,1,1,1,1,1,,
504,102,11,44,102-11-44,02-REP,,,,,,,,,,,,,,,,,,0,0,1,0,0,0,0,0,0,0,1,0,1,0,0,0,0,1,0,,
505,102,11,30,102-11-30,02-REP,,,,,,,,,,,,,,,,,,1,1,0,1,0,0,0,1,1,1,0,1,1,1,1,1,1,1,1,,
506,102,11,20,102-11-20,02-REP,,,,,,,,,,,,,,,,,,1,1,0,1,0,0,0,1,1,0,1,1,1,1,1,1,1,1,1,,
507,102,11,9,102-11-9,02-REP,,,,,,,,,,,,,,,,,,1,1,0,0,1,0,0,1,1,0,1,1,1,1,1,0,0,0,0,,
508,102,11,33,102-11-33,02-REP,,,,,,,,,,,,,,,,,,1,1,0,1,0,0,0,1,1,0,1,1,1,1,1,1,1,1,1,,
509,102,11,21,102-11-21,02-REP,,,,,,,,,,,,,,,,,,1,1,0,1,0,0,0,1,1,1,0,1,1,1,1,1,1,1,1,,
510,102,11,48,102-11-48,02-REP,,,,,,,,,,,,,,,,,,1,1,1,0,0,0,0,1,1,1,0,1,1,1,1,1,1,1,1,,
511,102,11,32,102-11-32,02-REP,,,,,,,,,,,,,,,,,,1,1,0,0,1,0,0,1,1,1,0,1,1,1,1,1,1,1,1,,
512,102,11,10,102-11-10,02-REP,,,,,,,,,,,,,,,,,,1,1,0,1,0,0,0,1,1,1,0,1,1,1,1,1,1,1,1,,
513,102,11,7,102-11-7,02-REP,,,,,,,,,,,,,,,,,,1,0,0,0,1,0,0,1,1,0,0,1,1,0,1,1,1,1,1,,
514,102,12,42,102-12-42,02-REP,,,,,,,,,,,,,,,,,,1,1,0,1,0,0,0,1,1,1,0,1,1,1,1,1,1,1,1,,
515,102,12,41,102-12-41,02-REP,,,,,,,,,,,,,,,,,,1,1,0,0,1,0,0,1,1,0,1,1,1,1,1,1,1,1,1,,
516,102,12,26,102-12-26,02-REP,,,,,,,,,,,,,,,,,,0,0,0,1,0,0,0,0,0,0,1,0,0,1,0,0,0,0,0,,
517,102,12,25,102-12-25,02-REP,,,,,,,,,,,,,,,,,,1,1,1,0,0,0,0,1,1,0,1,1,1,1,1,1,1,1,1,,
518,102,12,19,102-12-19,02-REP,,,,,,,,,,,,,,,,,,1,1,0,0,1,0,0,1,1,0,0,1,1,1,1,1,1,1,1,,
519,102,12,11,102-12-11,02-REP,,,,,,,,,,,,,,,,,,1,1,0,0,1,0,0,1,1,1,0,1,1,1,1,1,1,1,1,,
520,102,12,9,102-12-9,02-REP,,,,,,,,,,,,,,,,,,1,0,1,0,0,0,0,1,1,1,0,1,1,1,1,1,1,1,1,,
521,102,12,24,102-12-24,02-REP,,,,,,,,,,,,,,,,,,1,1,0,0,1,0,0,1,1,1,0,1,1,1,1,1,1,1,1,,
522,102,12,23,102-12-23,02-REP,,,,,,,,,,,,,,,,,,1,1,1,0,0,0,0,1,1,1,0,1,1,1,1,1,1,1,1,,
523,102,12,18,102-12-18,02-REP,,,,,,,,,,,,,,,,,,1,0,0,0,1,0,0,1,1,1,0,1,1,0,1,1,1,1,0,,
524,102,12,12,102-12-12,02-REP,,,,,,,,,,,,,,,,,,1,1,1,0,0,0,0,1,1,0,1,1,1,1,1,1,1,1,1,,
525,102,12,2,102-12-2,02-REP,,,,,,,,,,,,,,,,,,1,1,0,0,1,0,0,1,1,1,0,1,1,1,1,1,1,1,1,,
526,102,12,40,102-12-40,02-REP,,,,,,,,,,,,,,,,,,1,1,0,0,0,0,0,1,1,0,1,1,1,1,1,1,1,1,1,,
527,102,12,39,102-12-39,02-REP,,,,,,,,,,,,,,,,,,1,0,0,1,0,0,0,1,1,0,1,1,1,0,0,0,1,1,0,,
528,102,12,27,102-12-27,02-REP,,,,,,,,,,,,,,,,,,1,1,1,0,0,0,0,1,1,0,1,1,1,1,1,1,1,1,1,,
529,102,12,13,102-12-13,02-REP,,,,,,,,,,,,,,,,,,0,0,0,0,0,0,0,0,0,0,0,0,1,0,1,0,0,1,1,,
530,102,12,7,102-12-7,02-REP,,,,,,,,,,,,,,,,,,1,1,0,1,0,0,0,1,1,1,0,1,1,1,1,1,1,1,1,,
531,102,12,44,102-12-44,02-REP,,,,,,,,,,,,,,,,,,0,0,0,1,0,0,0,0,0,0,1,0,0,0,0,0,0,0,0,,
532,102,12,43,102-12-43,02-REP,,,,,,,,,,,,,,,,,,1,1,0,1,0,0,0,1,1,0,1,1,1,0,1,1,1,1,1,,
533,102,12,28,102-12-28,02-REP,,,,,,,,,,,,,,,,,,1,1,1,0,0,0,0,1,1,0,1,1,1,1,1,1,1,1,1,,
534,102,12,14,102-12-14,02-REP,,,,,,,,,,,,,,,,,,1,1,0,0,1,0,0,1,1,1,0,1,1,1,1,1,1,1,1,,
535,102,12,1,102-12-1,02-REP,,,,,,,,,,,,,,,,,,1,0,0,0,1,0,0,1,1,1,0,1,1,1,1,1,1,1,1,,
536,102,12,38,102-12-38,02-REP,,,,,,,,,,,,,,,,,,0,0,0,1,0,0,0,0,0,0,1,0,0,0,0,0,0,0,0,,
537,102,12,37,102-12-37,02-REP,,,,,,,,,,,,,,,,,,1,1,0,1,0,0,0,1,1,1,0,1,1,1,1,1,1,1,1,,
538,102,12,29,102-12-29,02-REP,,,,,,,,,,,,,,,,,,1,1,1,0,0,0,0,1,1,0,1,1,1,1,1,1,1,1,1,,
539,102,12,15,102-12-15,02-REP,,,,,,,,,,,,,,,,,,1,1,0,0,1,0,0,1,1,0,1,1,1,1,1,1,1,1,1,,
540,102,12,5,102-12-5,02-REP,,,,,,,,,,,,,,,,,,1,1,0,1,0,0,0,1,1,0,1,1,0,1,1,1,1,1,1,,
541,102,12,46,102-12-46,01-DEM,0,1,1,0,0,0,1,0,1,1,0,0,0,1,1,,,,,,,,,,,,,,,,,,,,,,,
542,102,12,45,102-12-45,01-DEM,1,0,1,0,0,0,1,0,1,1,0,0,0,1,1,,,,,,,,,,,,,,,,,,,,,,,
543,102,12,30,102-12-30,02-REP,,,,,,,,,,,,,,,,,,1,1,0,0,1,0,0,1,1,0,1,1,1,1,1,1,1,1,1,,
544,102,12,16,102-12-16,02-REP,,,,,,,,,,,,,,,,,,1,1,0,0,1,0,0,1,1,1,0,1,1,1,1,1,1,1,1,,
545,102,12,10,102-12-10,02-REP,,,,,,,,,,,,,,,,,,1,1,0,0,1,0,0,1,1,1,0,1,1,0,1,1,1,1,1,,
546,102,12,36,102-12-36,02-REP,,,,,,,,,,,,,,,,,,1,1,0,0,1,0,0,1,1,0,1,1,1,1,1,1,1,1,1,,
547,102,12,35,102-12-35,02-REP,,,,,,,,,,,,,,,,,,1,0,0,1,0,0,0,1,1,1,0,1,1,1,1,1,1,1,1,,
548,102,12,31,102-12-31,02-REP,,,,,,,,,,,,,,,,,,1,1,0,1,0,0,0,1,1,1,0,1,1,1,1,1,1,1,1,,
549,102,12,17,102-12-17,02-REP,,,,,,,,,,,,,,,,,,1,1,0,0,1,0,0,1,1,1,0,1,1,1,1,1,1,1,1,,
550,102,12,6,102-12-6,02-REP,,,,,,,,,,,,,,,,,,0,0,0,0,0,0,0,0,0,0,0,0,1,0,1,0,1,1,1,,
551,102,12,32,102-12-32,02-REP,,,,,,,,,,,,,,,,,,1,1,1,0,0,0,0,1,1,1,0,1,1,1,1,1,1,1,1,,
552,102,12,20,102-12-20,02-REP,,,,,,,,,,,,,,,,,,1,0,0,0,1,0,0,1,1,1,0,1,1,1,1,1,1,1,1,,
553,102,12,3,102-12-3,02-REP,,,,,,,,,,,,,,,,,,1,1,0,0,1,0,0,1,1,1,0,1,1,1,1,1,1,1,1,,
554,102,12,48,102-12-48,01-DEM,0,1,0,0,0,0,1,0,0,1,0,0,0,0,1,,,,,,,,,,,,,,,,,,,,,,,
555,102,12,33,102-12-33,02-REP,,,,,,,,,,,,,,,,,,0,1,0,0,1,0,0,1,1,1,0,0,1,1,1,1,1,1,1,,
556,102,12,21,102-12-21,02-REP,,,,,,,,,,,,,,,,,,1,1,0,1,0,0,0,1,1,1,0,1,1,1,1,1,1,1,1,,
557,102,12,4,102-12-4,02-REP,,,,,,,,,,,,,,,,,,1,1,0,1,0,0,0,1,1,1,0,1,1,1,1,1,1,1,1,,
558,102,12,50,102-12-50,01-DEM,0,1,0,0,0,0,1,0,0,1,1,0,0,0,1,,,,,,,,,,,,,,,,,,,,,,,
559,102,12,49,102-12-49,01-DEM,0,1,1,0,0,1,0,1,0,1,1,0,0,0,1,,,,,,,,,,,,,,,,,,,,,,,
560,102,12,34,102-12-34,02-REP,,,,,,,,,,,,,,,,,,1,1,0,1,0,0,0,1,1,1,0,1,1,1,1,1,1,1,1,,
561,102,12,22,102-12-22,02-REP,,,,,,,,,,,,,,,,,,1,0,0,0,1,0,0,1,1,0,0,1,1,0,1,1,1,1,1,,
562,102,12,8,102-12-8,02-REP,,,,,,,,,,,,,,,,,,1,1,0,1,0,0,0,1,1,1,0,1,1,1,1,1,1,1,1,,
563,102,12,47,102-12-47,01-DEM,0,1,0,0,0,1,0,0,1,1,0,1,0,0,1,,,,,,,,,,,,,,,,,,,,,,,
564,102,13,27,102-13-27,02-REP,,,,,,,,,,,,,,,,,,1,1,0,1,0,0,0,1,1,1,0,1,1,1,1,1,1,1,1,,
565,102,13,22,102-13-22,02-REP,,,,,,,,,,,,,,,,,,1,1,1,0,0,0,0,1,1,1,0,1,1,1,1,1,1,1,1,,
566,102,13,11,102-13-11,02-REP,,,,,,,,,,,,,,,,,,1,1,0,1,0,0,0,1,1,1,0,1,1,1,1,1,1,1,1,,
567,102,13,7,102-13-7,01-DEM,1,0,1,0,0,0,1,0,1,1,1,0,0,0,1,,,,,,,,,,,,,,,,,,,,,,,
568,102,13,25,102-13-25,02-REP,,,,,,,,,,,,,,,,,,1,1,0,0,1,0,0,1,1,1,0,1,1,1,1,1,1,1,1,,
569,102,13,24,102-13-24,02-REP,,,,,,,,,,,,,,,,,,1,1,0,0,1,0,0,1,1,1,0,1,1,1,1,1,1,1,1,,
570,102,13,21,102-13-21,01-DEM,1,0,1,0,0,0,1,1,0,1,0,1,0,0,1,,,,,,,,,,,,,,,,,,,,,,,
571,102,13,12,102-13-12,01-DEM,0,1,1,0,0,0,1,0,1,1,1,0,0,0,1,,,,,,,,,,,,,,,,,,,,,,,
572,102,13,10,102-13-10,01-DEM,1,0,1,0,0,1,0,1,0,1,0,0,1,0,1,,,,,,,,,,,,,,,,,,,,,,,
573,102,13,23,102-13-23,02-REP,,,,,,,,,,,,,,,,,,0,1,0,0,1,0,0,0,0,0,0,0,0,0,1,1,1,1,1,,
574,102,13,13,102-13-13,02-REP,,,,,,,,,,,,,,,,,,1,1,1,0,0,0,0,1,1,0,1,1,1,1,1,1,1,1,1,,
575,102,13,1,102-13-1,01-DEM,0,1,1,0,0,0,1,1,0,1,0,1,0,0,1,,,,,,,,,,,,,,,,,,,,,,,
576,102,13,26,102-13-26,02-REP,,,,,,,,,,,,,,,,,,1,1,0,1,0,0,0,1,1,1,0,1,1,1,1,1,1,1,1,,
577,102,13,14,102-13-14,02-REP,,,,,,,,,,,,,,,,,,1,1,0,1,0,0,0,1,1,1,0,1,1,1,1,0,0,0,0,,
578,102,13,2,102-13-2,02-REP,,,,,,,,,,,,,,,,,,1,1,0,1,0,0,0,1,1,1,0,1,1,1,1,1,1,1,1,,
579,102,13,15,102-13-15,02-REP,,,,,,,,,,,,,,,,,,1,1,0,0,1,0,0,1,1,1,0,1,1,1,1,1,1,1,1,,
580,102,13,4,102-13-4,01-DEM,1,0,1,0,0,0,1,0,1,1,0,0,0,1,1,,,,,,,,,,,,,,,,,,,,,,,
581,102,13,16,102-13-16,02-REP,,,,,,,,,,,,,,,,,,0,0,0,1,0,0,0,0,0,0,0,0,0,0,0,0,0,0,0,,
582,102,13,3,102-13-3,02-REP,,,,,,,,,,,,,,,,,,1,1,0,1,0,0,0,1,1,1,0,1,1,1,1,1,1,1,1,,
583,102,13,17,102-13-17,02-REP,,,,,,,,,,,,,,,,,,1,1,0,0,1,0,0,1,1,1,0,1,1,1,1,1,1,1,1,,
584,102,13,5,102-13-5,02-REP,,,,,,,,,,,,,,,,,,1,1,0,1,0,0,0,1,1,0,1,1,1,1,1,1,1,1,1,,
585,102,13,18,102-13-18,02-REP,,,,,,,,,,,,,,,,,,1,1,0,0,1,0,0,1,1,1,0,1,1,1,1,1,1,1,1,,
586,102,13,6,102-13-6,01-DEM,0,1,1,0,0,1,0,0,1,1,1,0,0,0,1,,,,,,,,,,,,,,,,,,,,,,,
587,102,13,19,102-13-19,02-REP,,,,,,,,,,,,,,,,,,1,1,0,1,0,0,0,1,1,1,0,1,1,1,1,1,1,1,1,,
588,102,13,9,102-13-9,02-REP,,,,,,,,,,,,,,,,,,1,1,0,1,0,0,0,1,1,0,1,1,1,1,1,1,1,1,1,,
589,102,13,20,102-13-20,01-DEM,1,0,1,0,0,0,1,1,0,1,1,0,0,0,1,,,,,,,,,,,,,,,,,,,,,,,
590,102,13,8,102-13-8,02-REP,,,,,,,,,,,,,,,,,,0,1,0,0,1,0,0,1,1,0,0,0,1,0,1,0,0,1,1,,
591,102,14,38,102-14-38,02-REP,,,,,,,,,,,,,,,,,,1,1,0,0,1,0,0,1,1,1,0,1,1,1,1,1,1,1,1,,
592,102,14,37,102-14-37,02-REP,,,,,,,,,,,,,,,,,,1,1,0,0,1,0,0,1,1,1,0,1,1,1,1,1,1,1,1,,
593,102,14,24,102-14-24,02-REP,,,,,,,,,,,,,,,,,,1,1,0,0,1,0,0,1,1,1,0,1,1,1,1,1,1,1,1,,
594,102,14,23,102-14-23,02-REP,,,,,,,,,,,,,,,,,,1,1,0,0,1,0,0,1,1,0,1,1,1,1,1,1,1,1,1,,
595,102,14,16,102-14-16,02-REP,,,,,,,,,,,,,,,,,,1,1,0,1,0,0,0,1,1,0,1,1,1,1,1,1,1,1,1,,
596,102,14,11,102-14-11,02-REP,,,,,,,,,,,,,,,,,,1,1,0,0,1,0,0,1,1,0,1,1,1,1,1,1,1,1,1,,
597,102,14,3,102-14-3,02-REP,,,,,,,,,,,,,,,,,,0,0,0,0,1,0,0,1,1,0,0,1,1,1,1,1,1,1,1,,
598,102,14,42,102-14-42,02-REP,,,,,,,,,,,,,,,,,,1,1,0,0,1,0,0,1,1,0,1,1,1,1,1,1,1,1,0,,
599,102,14,41,102-14-41,02-REP,,,,,,,,,,,,,,,,,,1,1,0,0,1,0,0,1,1,1,0,1,1,1,1,1,1,1,1,,
600,102,14,27,102-14-27,02-REP,,,,,,,,,,,,,,,,,,1,1,0,0,1,0,0,1,1,0,1,1,1,1,1,1,1,1,1,,
601,102,14,26,102-14-26,02-REP,,,,,,,,,,,,,,,,,,0,0,1,0,0,0,0,0,0,1,0,0,0,0,0,1,1,1,1,,
602,102,14,21,102-14-21,02-REP,,,,,,,,,,,,,,,,,,1,1,0,1,0,0,0,1,1,1,0,1,1,1,1,1,1,1,1,,
603,102,14,12,102-14-12,02-REP,,,,,,,,,,,,,,,,,,1,1,0,0,1,0,0,1,1,0,1,1,1,1,1,1,1,1,1,,
604,102,14,10,102-14-10,02-REP,,,,,,,,,,,,,,,,,,1,1,0,1,0,0,0,1,1,0,1,1,1,1,1,1,1,1,1,,
605,102,14,36,102-14-36,02-REP,,,,,,,,,,,,,,,,,,0,0,0,0,1,0,0,0,0,0,0,0,0,0,0,0,0,0,1,,
606,102,14,35,102-14-35,02-REP,,,,,,,,,,,,,,,,,,1,1,0,0,1,0,0,1,1,1,0,1,1,1,1,1,1,1,1,,
607,102,14,25,102-14-25,02-REP,,,,,,,,,,,,,,,,,,1,1,0,0,1,0,0,1,1,1,0,1,1,1,1,1,1,1,1,,
608,102,14,13,102-14-13,02-REP,,,,,,,,,,,,,,,,,,1,1,0,0,1,0,0,0,1,1,0,1,1,1,1,1,1,1,1,,
609,102,14,1,102-14-1,02-REP,,,,,,,,,,,,,,,,,,0,0,0,0,0,0,0,0,0,0,0,0,0,1,1,1,1,0,1,,
610,102,14,40,102-14-40,02-REP,,,,,,,,,,,,,,,,,,0,1,0,0,1,0,0,1,1,1,0,1,1,1,1,1,1,1,1,,
611,102,14,39,102-14-39,02-REP,,,,,,,,,,,,,,,,,,1,1,0,1,0,0,0,1,1,1,0,1,1,0,1,1,1,1,1,,
612,102,14,28,102-14-28,02-REP,,,,,,,,,,,,,,,,,,1,1,0,0,1,0,0,1,1,0,0,1,1,1,1,1,1,1,1,,
613,102,14,14,102-14-14,02-REP,,,,,,,,,,,,,,,,,,0,1,0,1,0,0,0,1,1,1,0,1,1,1,1,0,0,0,0,,
614,102,14,2,102-14-2,02-REP,,,,,,,,,,,,,,,,,,0,0,0,0,0,0,0,0,0,0,0,0,0,1,1,1,1,1,1,,
615,102,14,44,102-14-44,02-REP,,,,,,,,,,,,,,,,,,1,1,0,0,1,0,0,1,1,1,0,1,1,1,1,1,1,1,1,,
616,102,14,43,102-14-43,02-REP,,,,,,,,,,,,,,,,,,1,1,0,0,1,0,0,1,1,1,0,1,1,1,1,1,1,1,1,,
617,102,14,29,102-14-29,02-REP,,,,,,,,,,,,,,,,,,0,0,0,0,1,0,0,0,0,1,0,0,1,0,1,1,1,1,1,,
618,102,14,15,102-14-15,02-REP,,,,,,,,,,,,,,,,,,1,1,1,0,0,0,0,1,1,1,0,1,1,1,1,0,0,0,0,,
619,102,14,5,102-14-5,02-REP,,,,,,,,,,,,,,,,,,1,1,0,1,0,0,0,1,1,0,1,1,1,1,1,1,1,1,1,,
620,102,14,46,102-14-46,02-REP,,,,,,,,,,,,,,,,,,1,1,0,1,0,0,0,1,1,1,0,1,1,1,1,1,1,1,1,,
621,102,14,45,102-14-45,02-REP,,,,,,,,,,,,,,,,,,1,1,0,0,1,0,0,1,1,1,0,1,1,1,1,1,1,1,1,,
622,102,14,30,102-14-30,02-REP,,,,,,,,,,,,,,,,,,1,1,0,0,1,0,0,1,1,1,0,1,1,1,1,1,1,1,1,,
623,102,14,17,102-14-17,02-REP,,,,,,,,,,,,,,,,,,1,1,0,0,1,0,0,1,1,1,0,1,1,1,1,1,1,1,1,,
624,102,14,8,102-14-8,02-REP,,,,,,,,,,,,,,,,,,0,1,0,1,0,0,0,1,1,1,0,1,1,1,1,1,1,1,1,,
625,102,14,31,102-14-31,02-REP,,,,,,,,,,,,,,,,,,1,1,0,0,1,0,0,1,1,1,0,1,1,1,1,1,1,1,1,,
626,102,14,18,102-14-18,02-REP,,,,,,,,,,,,,,,,,,1,1,0,1,0,0,0,1,1,0,1,1,1,1,1,1,1,1,1,,
627,102,14,9,102-14-9,02-REP,,,,,,,,,,,,,,,,,,0,1,1,0,0,0,0,1,0,0,1,0,0,0,0,0,1,0,0,,
628,102,14,48,102-14-48,02-REP,,,,,,,,,,,,,,,,,,0,1,1,0,0,0,0,0,0,0,1,1,0,0,1,1,1,1,1,,
629,102,14,47,102-14-47,02-REP,,,,,,,,,,,,,,,,,,1,1,0,1,0,0,0,1,1,0,1,1,1,1,1,1,1,1,1,,
630,102,14,32,102-14-32,02-REP,,,,,,,,,,,,,,,,,,1,1,1,0,0,0,0,1,1,1,0,1,1,1,1,1,1,1,1,,
631,102,14,19,102-14-19,02-REP,,,,,,,,,,,,,,,,,,1,1,0,1,0,0,0,1,1,0,1,1,1,1,1,1,1,1,1,,
632,102,14,7,102-14-7,02-REP,,,,,,,,,,,,,,,,,,1,1,0,1,0,0,0,1,1,1,0,1,1,1,1,0,0,0,0,,
633,102,14,50,102-14-50,02-REP,,,,,,,,,,,,,,,,,,0,0,0,0,1,0,0,1,1,0,1,1,1,1,1,1,1,1,1,,
634,102,14,49,102-14-49,02-REP,,,,,,,,,,,,,,,,,,1,1,0,0,1,0,0,1,1,1,0,1,1,1,1,1,1,1,1,,
635,102,14,33,102-14-33,02-REP,,,,,,,,,,,,,,,,,,1,1,0,1,0,0,0,1,1,0,1,1,1,1,1,1,1,1,1,,
636,102,14,20,102-14-20,02-REP,,,,,,,,,,,,,,,,,,1,1,0,0,1,0,0,1,1,0,1,1,1,1,1,1,1,1,1,,
637,102,14,6,102-14-6,02-REP,,,,,,,,,,,,,,,,,,1,0,0,1,0,0,0,1,1,0,0,1,1,1,1,0,1,1,1,,
638,102,14,34,102-14-34,02-REP,,,,,,,,,,,,,,,,,,1,1,0,1,0,0,0,1,1,0,1,1,1,1,1,1,1,1,1,,
639,102,14,22,102-14-22,02-REP,,,,,,,,,,,,,,,,,,1,1,0,0,1,0,0,1,1,1,0,1,1,1,1,1,1,1,1,,
640,102,14,4,102-14-4,02-REP,,,,,,,,,,,,,,,,,,1,1,0,0,1,0,0,1,1,1,0,1,1,1,1,1,1,1,1,,
641,102,15,30,102-15-30,02-REP,,,,,,,,,,,,,,,,,,1,1,0,0,1,0,0,1,1,1,0,1,1,0,1,1,0,1,1,,
642,102,15,29,102-15-29,02-REP,,,,,,,,,,,,,,,,,,0,0,0,0,1,0,0,0,0,0,0,0,0,0,0,0,0,0,0,,
643,102,15,14,102-15-14,01-DEM,1,0,1,0,0,1,0,0,1,1,0,0,1,0,1,,,,,,,,,,,,,,,,,,,,,,,
644,102,15,11,102-15-11,01-DEM,0,1,1,0,0,0,1,1,0,1,1,0,0,0,0,,,,,,,,,,,,,,,,,,,,,,,
645,102,15,5,102-15-5,03-LBR,*,*,*,*,*,*,*,*,*,*,*,*,*,*,*,*,*,*,*,*,*,*,*,*,*,*,*,*,*,*,*,*,*,*,*,*,*,*
646,102,15,32,102-15-32,02-REP,,,,,,,,,,,,,,,,,,1,1,1,0,0,0,0,1,1,1,0,1,1,1,1,1,1,1,1,,
647,102,15,31,102-15-31,02-REP,,,,,,,,,,,,,,,,,,1,1,1,0,0,0,0,1,1,1,0,0,1,1,1,1,1,1,1,,
648,102,15,20,102-15-20,01-DEM,1,0,1,0,0,1,0,1,0,1,0,1,0,0,1,,,,,,,,,,,,,,,,,,,,,,,
649,102,15,12,102-15-12,01-DEM,0,1,1,0,0,0,1,0,1,1,1,0,0,0,1,,,,,,,,,,,,,,,,,,,,,,,
650,102,15,7,102-15-7,01-DEM,0,1,1,0,0,0,1,1,0,1,1,0,0,0,1,,,,,,,,,,,,,,,,,,,,,,,
651,102,15,36,102-15-36,02-REP,,,,,,,,,,,,,,,,,,0,0,0,0,1,0,0,0,0,0,1,0,0,0,0,0,0,0,0,,
652,102,15,35,102-15-35,02-REP,,,,,,,,,,,,,,,,,,0,1,0,1,0,0,0,1,1,0,1,1,1,1,1,1,1,1,1,,
653,102,15,22,102-15-22,01-DEM,0,1,1,0,0,1,0,1,0,1,1,0,0,0,1,,,,,,,,,,,,,,,,,,,,,,,
654,102,15,13,102-15-13,01-DEM,1,0,1,0,0,0,0,0,1,1,0,0,1,0,1,,,,,,,,,,,,,,,,,,,,,,,
655,102,15,4,102-15-4,02-REP,,,,,,,,,,,,,,,,,,1,0,0,0,1,0,0,1,1,0,1,1,1,1,1,1,1,1,1,,
656,102,15,42,102-15-42,02-REP,,,,,,,,,,,,,,,,,,1,1,0,0,1,0,0,1,1,0,1,1,1,1,1,1,1,1,1,,
657,102,15,41,102-15-41,01-DEM,0,1,1,0,0,0,1,1,0,1,1,0,0,0,1,,,,,,,,,,,,,,,,,,,,,,,
658,102,15,25,102-15-25,02-REP,,,,,,,,,,,,,,,,,,1,1,0,1,0,0,0,1,1,0,1,1,1,1,1,0,0,0,0,,
659,102,15,15,102-15-15,02-REP,,,,,,,,,,,,,,,,,,1,1,0,0,1,0,0,1,1,1,0,1,1,1,1,1,1,1,1,,
660,102,15,3,102-15-3,02-REP,,,,,,,,,,,,,,,,,,1,1,1,0,0,0,0,1,1,0,1,1,1,1,1,1,1,1,1,,
661,102,15,46,102-15-46,02-REP,,,,,,,,,,,,,,,,,,1,1,0,0,1,0,0,1,1,1,0,1,1,1,1,1,1,1,1,,
662,102,15,45,102-15-45,02-REP,,,,,,,,,,,,,,,,,,1,1,0,0,1,0,0,1,1,1,0,1,1,1,1,1,1,1,1,,
663,102,15,26,102-15-26,02-REP,,,,,,,,,,,,,,,,,,1,1,1,0,0,0,0,1,1,1,0,1,1,1,1,1,1,1,1,,
664,102,15,16,102-15-16,02-REP,,,,,,,,,,,,,,,,,,1,1,0,0,1,0,0,0,0,0,0,0,0,0,0,0,0,1,0,,
665,102,15,1,102-15-1,02-REP,,,,,,,,,,,,,,,,,,1,1,0,1,0,0,0,1,1,1,0,1,1,1,1,1,1,1,1,,
666,102,15,38,102-15-38,01-DEM,0,1,0,0,0,1,0,0,1,1,1,0,0,0,1,,,,,,,,,,,,,,,,,,,,,,,
667,102,15,37,102-15-37,01-DEM,1,0,1,0,0,1,0,0,1,1,1,0,0,0,1,,,,,,,,,,,,,,,,,,,,,,,
668,102,15,24,102-15-24,02-REP,,,,,,,,,,,,,,,,,,1,1,0,1,0,0,0,1,1,1,0,1,1,1,1,1,1,1,1,,
669,102,15,17,102-15-17,01-DEM,0,1,1,0,0,0,1,0,1,1,1,0,0,0,1,,,,,,,,,,,,,,,,,,,,,,,
670,102,15,9,102-15-9,01-DEM,0,1,1,0,0,0,1,1,0,1,1,0,0,0,1,,,,,,,,,,,,,,,,,,,,,,,
671,102,15,34,102-15-34,02-REP,,,,,,,,,,,,,,,,,,0,1,0,0,1,0,0,0,0,0,0,0,0,0,0,0,0,0,0,,
672,102,15,33,102-15-33,02-REP,,,,,,,,,,,,,,,,,,0,1,0,0,1,0,0,1,1,1,0,1,1,1,1,1,1,1,1,,
673,102,15,21,102-15-21,02-REP,,,,,,,,,,,,,,,,,,1,1,0,1,0,0,0,1,1,0,1,1,1,1,1,1,1,1,1,,
674,102,15,18,102-15-18,01-DEM,0,1,1,0,0,0,1,0,1,1,1,0,0,0,1,,,,,,,,,,,,,,,,,,,,,,,
675,102,15,10,102-15-10,01-DEM,0,1,1,0,0,1,0,1,0,1,0,0,1,0,1,,,,,,,,,,,,,,,,,,,,,,,
676,102,15,44,102-15-44,02-REP,,,,,,,,,,,,,,,,,,1,1,0,0,1,0,0,1,1,1,0,1,1,1,1,1,1,1,1,,
677,102,15,43,102-15-43,02-REP,,,,,,,,,,,,,,,,,,1,1,0,0,1,0,0,1,1,1,0,1,1,1,1,1,1,1,1,,
678,102,15,28,102-15-28,01-DEM,1,0,1,0,0,1,0,1,0,1,0,0,1,0,1,,,,,,,,,,,,,,,,,,,,,,,
679,102,15,19,102-15-19,02-REP,,,,,,,,,,,,,,,,,,1,0,0,1,0,0,0,1,1,1,0,1,0,1,1,1,1,1,1,,
680,102,15,8,102-15-8,01-DEM,1,0,0,0,0,0,1,1,0,0,0,1,0,0,0,,,,,,,,,,,,,,,,,,,,,,,
681,102,15,48,102-15-48,02-REP,,,,,,,,,,,,,,,,,,1,1,1,0,0,0,0,1,1,1,0,1,1,1,1,1,1,1,1,,
682,102,15,47,102-15-47,01-DEM,0,1,1,0,0,1,0,0,1,1,1,0,0,0,1,,,,,,,,,,,,,,,,,,,,,,,
683,102,15,39,102-15-39,01-DEM,0,1,1,0,0,0,1,1,0,1,1,0,0,0,1,,,,,,,,,,,,,,,,,,,,,,,
684,102,15,23,102-15-23,02-REP,,,,,,,,,,,,,,,,,,1,0,0,1,0,0,0,1,1,1,0,1,1,1,1,1,1,1,1,,
685,102,15,2,102-15-2,02-REP,,,,,,,,,,,,,,,,,,0,1,0,0,0,0,0,0,0,0,0,0,0,0,1,0,1,1,1,,
686,102,15,50,102-15-50,01-DEM,0,1,1,0,0,1,0,1,0,1,1,0,0,0,1,,,,,,,,,,,,,,,,,,,,,,,
687,102,15,49,102-15-49,02-REP,,,,,,,,,,,,,,,,,,1,1,1,0,0,0,0,1,1,1,0,1,1,1,1,1,1,1,1,,
688,102,15,40,102-15-40,01-DEM,0,1,1,0,0,0,1,1,0,1,1,0,0,0,1,,,,,,,,,,,,,,,,,,,,,,,
689,102,15,27,102-15-27,01-DEM,0,1,1,0,0,0,1,0,0,1,1,0,0,0,1,,,,,,,,,,,,,,,,,,,,,,,
690,102,15,6,102-15-6,01-DEM,1,0,1,0,0,1,0,1,0,1,1,0,0,0,1,,,,,,,,,,,,,,,,,,,,,,,
691,102,16,36,102-16-36,01-DEM,0,1,1,0,0,0,1,0,1,1,0,1,0,0,1,,,,,,,,,,,,,,,,,,,,,,,
692,102,16,35,102-16-35,01-DEM,0,1,1,0,0,0,1,1,0,1,1,0,0,0,1,,,,,,,,,,,,,,,,,,,,,,,
693,102,16,22,102-16-22,01-DEM,0,1,1,0,0,1,0,1,0,1,1,0,0,0,1,,,,,,,,,,,,,,,,,,,,,,,
694,102,16,11,102-16-11,01-DEM,0,1,1,0,0,0,1,1,0,1,1,0,0,0,1,,,,,,,,,,,,,,,,,,,,,,,
695,102,16,4,102-16-4,01-DEM,1,0,1,0,0,0,1,1,0,1,0,0,0,1,1,,,,,,,,,,,,,,,,,,,,,,,
696,102,16,50,102-16-50,01-DEM,0,1,1,0,0,1,0,0,1,1,1,0,0,0,1,,,,,,,,,,,,,,,,,,,,,,,
697,102,16,49,102-16-49,01-DEM,1,0,0,0,0,0,1,0,0,1,0,0,0,1,0,,,,,,,,,,,,,,,,,,,,,,,
698,102,16,30,102-16-30,01-DEM,1,0,1,0,0,1,0,0,1,1,1,0,0,0,1,,,,,,,,,,,,,,,,,,,,,,,
699,102,16,29,102-16-29,01-DEM,0,1,0,0,0,0,1,0,1,1,1,0,0,0,1,,,,,,,,,,,,,,,,,,,,,,,
700,102,16,19,102-16-19,01-DEM,0,1,1,0,0,1,0,0,1,1,0,1,0,0,1,,,,,,,,,,,,,,,,,,,,,,,
701,102,16,12,102-16-12,01-DEM,1,0,1,0,0,1,0,1,0,1,1,0,0,0,1,,,,,,,,,,,,,,,,,,,,,,,
702,102,16,3,102-16-3,01-DEM,1,0,1,0,0,0,1,0,1,1,0,0,0,1,1,,,,,,,,,,,,,,,,,,,,,,,
703,102,16,46,102-16-46,01-DEM,0,1,0,0,0,0,1,0,0,0,0,0,0,0,0,,,,,,,,,,,,,,,,,,,,,,,
704,102,16,45,102-16-45,01-DEM,1,0,1,0,0,1,0,1,0,1,0,1,0,0,1,,,,,,,,,,,,,,,,,,,,,,,
705,102,16,28,102-16-28,01-DEM,1,0,1,0,0,1,0,0,1,1,0,1,0,0,1,,,,,,,,,,,,,,,,,,,,,,,
706,102,16,13,102-16-13,01-DEM,1,0,1,0,0,1,0,1,0,1,0,1,0,0,1,,,,,,,,,,,,,,,,,,,,,,,
707,102,16,10,102-16-10,01-DEM,0,1,1,0,0,0,1,0,1,1,0,0,1,0,1,,,,,,,,,,,,,,,,,,,,,,,
708,102,16,32,102-16-32,01-DEM,0,1,1,0,0,0,1,0,1,1,1,0,0,0,1,,,,,,,,,,,,,,,,,,,,,,,
709,102,16,31,102-16-31,01-DEM,0,1,1,0,0,0,1,0,1,1,1,0,0,0,1,,,,,,,,,,,,,,,,,,,,,,,
710,102,16,20,102-16-20,01-DEM,1,0,0,0,0,0,1,1,0,0,1,0,0,0,0,,,,,,,,,,,,,,,,,,,,,,,
711,102,16,14,102-16-14,01-DEM,0,1,1,0,0,0,1,1,0,1,1,0,0,0,1,,,,,,,,,,,,,,,,,,,,,,,
712,102,16,9,102-16-9,01-DEM,1,0,1,0,0,0,1,1,0,1,1,0,0,0,1,,,,,,,,,,,,,,,,,,,,,,,
713,102,16,38,102-16-38,01-DEM,1,0,1,0,0,0,1,0,1,1,0,0,0,1,1,,,,,,,,,,,,,,,,,,,,,,,
714,102,16,37,102-16-37,01-DEM,0,1,1,0,0,0,1,0,1,1,0,0,1,0,1,,,,,,,,,,,,,,,,,,,,,,,
715,102,16,23,102-16-23,01-DEM,1,0,1,0,0,1,0,1,0,1,1,0,0,0,1,,,,,,,,,,,,,,,,,,,,,,,
716,102,16,15,102-16-15,01-DEM,1,0,0,0,0,1,0,1,0,0,1,0,0,0,0,,,,,,,,,,,,,,,,,,,,,,,
717,102,16,7,102-16-7,01-DEM,0,1,1,0,0,1,0,1,0,1,0,0,0,1,1,,,,,,,,,,,,,,,,,,,,,,,
718,102,16,34,102-16-34,01-DEM,1,0,1,0,0,1,0,1,0,1,0,1,0,0,1,,,,,,,,,,,,,,,,,,,,,,,
719,102,16,33,102-16-33,01-DEM,0,0,1,0,0,0,1,1,0,1,0,0,0,1,1,,,,,,,,,,,,,,,,,,,,,,,
720,102,16,21,102-16-21,01-DEM,0,1,1,0,0,1,0,1,0,1,1,0,0,0,1,,,,,,,,,,,,,,,,,,,,,,,
721,102,16,16,102-16-16,01-DEM,0,1,1,0,0,0,1,1,0,1,1,0,0,0,1,,,,,,,,,,,,,,,,,,,,,,,
722,102,16,8,102-16-8,01-DEM,0,1,1,0,0,1,0,0,1,1,1,0,0,0,1,,,,,,,,,,,,,,,,,,,,,,,
723,102,16,40,102-16-40,01-DEM,0,0,0,0,0,1,0,1,0,0,0,0,1,0,1,,,,,,,,,,,,,,,,,,,,,,,
724,102,16,39,102-16-39,01-DEM,0,1,1,0,0,0,1,0,1,1,1,0,0,0,1,,,,,,,,,,,,,,,,,,,,,,,
725,102,16,24,102-16-24,01-DEM,1,0,1,0,0,1,0,1,0,1,1,0,0,0,1,,,,,,,,,,,,,,,,,,,,,,,
726,102,16,17,102-16-17,01-DEM,0,1,0,0,0,0,1,0,1,0,0,0,1,0,0,,,,,,,,,,,,,,,,,,,,,,,
727,102,16,6,102-16-6,01-DEM,0,1,1,0,0,0,1,0,1,1,0,0,1,0,1,,,,,,,,,,,,,,,,,,,,,,,
728,102,16,42,102-16-42,01-DEM,0,1,0,0,0,1,0,1,0,0,1,0,0,0,0,,,,,,,,,,,,,,,,,,,,,,,
729,102,16,41,102-16-41,01-DEM,0,1,1,0,0,0,1,0,1,1,0,1,0,0,1,,,,,,,,,,,,,,,,,,,,,,,
730,102,16,26,102-16-26,01-DEM,1,0,1,0,0,1,0,1,0,1,1,0,0,0,1,,,,,,,,,,,,,,,,,,,,,,,
731,102,16,18,102-16-18,01-DEM,0,1,0,0,0,0,1,0,0,0,1,0,0,0,0,,,,,,,,,,,,,,,,,,,,,,,
732,102,16,2,102-16-2,01-DEM,0,1,1,0,0,0,1,0,1,1,1,0,0,0,1,,,,,,,,,,,,,,,,,,,,,,,
733,102,16,44,102-16-44,01-DEM,1,0,1,0,0,0,1,1,0,1,1,0,0,0,1,,,,,,,,,,,,,,,,,,,,,,,
734,102,16,25,102-16-25,01-DEM,1,0,1,0,0,1,0,0,1,1,1,0,0,0,1,,,,,,,,,,,,,,,,,,,,,,,
735,102,16,1,102-16-1,01-DEM,0,1,0,0,0,0,1,1,0,0,1,0,0,0,0,,,,,,,,,,,,,,,,,,,,,,,
736,102,16,47,102-16-47,01-DEM,0,1,0,0,0,1,0,1,0,0,1,0,0,0,0,,,,,,,,,,,,,,,,,,,,,,,
737,102,16,43,102-16-43,01-DEM,0,1,1,0,0,1,0,1,0,0,1,0,0,0,0,,,,,,,,,,,,,,,,,,,,,,,
738,102,16,27,102-16-27,01-DEM,0,1,0,0,0,0,1,0,0,0,1,0,0,0,0,,,,,,,,,,,,,,,,,,,,,,,
739,102,16,5,102-16-5,01-DEM,1,0,1,0,0,1,0,1,0,1,0,0,0,1,1,,,,,,,,,,,,,,,,,,,,,,,
740,102,16,48,102-16-48,01-DEM,1,0,0,0,0,1,0,0,1,1,0,0,1,0,1,,,,,,,,,,,,,,,,,,,,,,,
741,102,17,46,102-17-46,02-REP,,,,,,,,,,,,,,,,,,1,0,0,0,1,0,0,1,1,0,0,1,1,1,1,1,1,1,1,,
742,102,17,45,102-17-45,02-REP,,,,,,,,,,,,,,,,,,0,1,0,0,1,0,0,0,0,0,0,1,0,1,1,1,1,1,1,,
743,102,17,23,102-17-23,02-REP,,,,,,,,,,,,,,,,,,1,0,1,0,0,0,0,1,1,0,1,1,1,1,1,1,1,1,1,,
744,102,17,22,102-17-22,02-REP,,,,,,,,,,,,,,,,,,0,0,0,1,0,0,0,0,0,0,0,0,1,0,0,0,0,1,0,,
745,102,17,18,102-17-18,02-REP,,,,,,,,,,,,,,,,,,0,0,0,0,1,0,0,0,0,1,0,0,0,0,0,0,0,0,0,,
746,102,17,11,102-17-11,02-REP,,,,,,,,,,,,,,,,,,1,1,0,1,0,0,0,1,1,0,1,1,1,1,1,1,1,1,1,,
747,102,17,9,102-17-9,02-REP,,,,,,,,,,,,,,,,,,1,1,0,1,0,0,0,1,1,0,1,1,1,1,1,1,1,1,1,,
748,102,17,48,102-17-48,02-REP,,,,,,,,,,,,,,,,,,1,1,0,0,1,0,0,1,1,1,0,1,1,1,1,1,1,1,1,,
749,102,17,47,102-17-47,02-REP,,,,,,,,,,,,,,,,,,1,1,0,1,0,0,0,1,1,1,0,1,1,1,1,1,1,1,1,,
750,102,17,26,102-17-26,02-REP,,,,,,,,,,,,,,,,,,1,1,0,1,0,0,0,1,1,1,0,1,1,1,1,1,1,1,1,,
751,102,17,25,102-17-25,02-REP,,,,,,,,,,,,,,,,,,1,1,0,1,0,0,0,1,1,1,0,1,1,1,1,1,1,1,1,,
752,102,17,19,102-17-19,02-REP,,,,,,,,,,,,,,,,,,1,1,0,1,0,0,0,1,1,0,1,1,1,1,1,1,1,1,1,,
753,102,17,12,102-17-12,02-REP,,,,,,,,,,,,,,,,,,1,1,0,0,1,0,0,1,1,1,0,1,1,1,1,1,1,1,1,,
754,102,17,10,102-17-10,02-REP,,,,,,,,,,,,,,,,,,1,1,0,1,0,0,0,1,1,1,0,1,1,1,1,1,1,1,1,,
755,102,17,37,102-17-37,02-REP,,,,,,,,,,,,,,,,,,1,1,0,1,0,0,0,1,1,1,0,1,1,1,1,1,1,1,1,,
756,102,17,36,102-17-36,02-REP,,,,,,,,,,,,,,,,,,1,1,0,0,1,0,0,1,1,1,0,1,1,1,1,1,1,1,1,,
757,102,17,27,102-17-27,02-REP,,,,,,,,,,,,,,,,,,0,0,0,0,0,0,0,0,0,0,0,0,1,1,1,1,1,1,1,,
758,102,17,13,102-17-13,02-REP,,,,,,,,,,,,,,,,,,0,1,0,0,1,0,0,0,1,1,0,0,1,0,1,1,1,0,1,,
759,102,17,2,102-17-2,02-REP,,,,,,,,,,,,,,,,,,1,1,0,1,0,0,0,1,1,0,1,1,1,1,1,1,1,1,1,,
760,102,17,39,102-17-39,02-REP,,,,,,,,,,,,,,,,,,0,1,1,0,0,0,0,1,1,1,0,1,1,1,1,1,1,1,1,,
761,102,17,38,102-17-38,02-REP,,,,,,,,,,,,,,,,,,0,1,0,0,1,0,0,1,1,1,0,1,1,1,1,1,1,1,1,,
762,102,17,28,102-17-28,02-REP,,,,,,,,,,,,,,,,,,1,1,0,1,0,0,0,1,1,0,1,1,1,1,1,1,1,1,1,,
763,102,17,14,102-17-14,02-REP,,,,,,,,,,,,,,,,,,1,1,1,0,0,0,0,1,1,0,1,1,1,1,1,1,1,1,1,,
764,102,17,3,102-17-3,02-REP,,,,,,,,,,,,,,,,,,1,1,0,1,0,0,0,1,1,1,0,1,1,1,1,1,1,1,1,,
765,102,17,35,102-17-35,02-REP,,,,,,,,,,,,,,,,,,1,1,0,1,0,0,0,1,1,1,0,1,1,1,1,1,1,1,1,,
766,102,17,34,102-17-34,02-REP,,,,,,,,,,,,,,,,,,1,1,1,0,0,0,0,1,1,1,0,1,1,1,1,1,1,1,1,,
767,102,17,24,102-17-24,02-REP,,,,,,,,,,,,,,,,,,1,1,0,1,0,0,0,0,1,1,0,1,1,0,1,0,0,1,1,,
768,102,17,15,102-17-15,02-REP,,,,,,,,,,,,,,,,,,1,1,0,1,0,0,0,1,1,1,0,0,1,1,1,0,0,0,0,,
769,102,17,4,102-17-4,02-REP,,,,,,,,,,,,,,,,,,1,1,0,1,0,0,0,1,1,1,0,1,1,1,1,1,1,1,1,,
770,102,17,40,102-17-40,02-REP,,,,,,,,,,,,,,,,,,1,1,1,0,0,0,0,1,1,0,1,1,1,1,1,1,1,1,1,,
771,102,17,29,102-17-29,02-REP,,,,,,,,,,,,,,,,,,0,0,0,0,1,0,0,0,0,0,0,0,0,1,1,1,1,1,1,,
772,102,17,16,102-17-16,02-REP,,,,,,,,,,,,,,,,,,1,1,0,1,0,0,0,1,1,0,1,1,1,1,1,1,1,1,1,,
773,102,17,6,102-17-6,02-REP,,,,,,,,,,,,,,,,,,1,1,1,0,0,0,0,1,1,0,1,1,1,1,1,1,1,1,1,,
774,102,17,44,102-17-44,02-REP,,,,,,,,,,,,,,,,,,1,1,0,1,0,0,0,1,1,1,0,1,1,1,1,1,1,1,1,,
775,102,17,43,102-17-43,02-REP,,,,,,,,,,,,,,,,,,1,1,0,1,0,0,0,1,1,1,0,1,1,1,1,1,1,1,1,,
776,102,17,30,102-17-30,02-REP,,,,,,,,,,,,,,,,,,1,1,0,1,0,0,0,1,1,0,1,1,1,1,1,0,0,0,0,,
777,102,17,17,102-17-17,02-REP,,,,,,,,,,,,,,,,,,0,0,0,0,1,0,0,0,0,0,0,0,1,0,0,0,0,1,1,,
778,102,17,8,102-17-8,02-REP,,,,,,,,,,,,,,,,,,1,1,0,1,0,0,0,1,1,0,1,1,1,1,1,1,1,1,1,,
779,102,17,50,102-17-50,02-REP,,,,,,,,,,,,,,,,,,1,1,0,0,1,0,0,1,1,1,0,1,1,1,1,1,1,1,1,,
780,102,17,49,102-17-49,02-REP,,,,,,,,,,,,,,,,,,1,1,0,1,0,0,0,1,1,0,1,1,1,1,1,1,1,1,1,,
781,102,17,32,102-17-32,02-REP,,,,,,,,,,,,,,,,,,1,1,1,0,0,0,0,1,1,1,0,1,1,1,1,1,1,1,1,,
782,102,17,20,102-17-20,02-REP,,,,,,,,,,,,,,,,,,1,1,0,1,0,0,0,1,1,0,0,1,1,0,1,1,1,1,1,,
783,102,17,1,102-17-1,02-REP,,,,,,,,,,,,,,,,,,1,1,0,1,0,0,0,1,1,0,1,1,1,1,1,1,1,1,1,,
784,102,17,33,102-17-33,02-REP,,,,,,,,,,,,,,,,,,1,1,0,0,1,0,0,1,1,0,1,1,1,1,1,1,1,1,1,,
785,102,17,21,102-17-21,02-REP,,,,,,,,,,,,,,,,,,1,1,0,0,1,0,0,1,1,1,0,1,1,1,1,1,1,1,1,,
786,102,17,5,102-17-5,02-REP,,,,,,,,,,,,,,,,,,1,1,0,0,1,0,0,1,1,1,0,1,1,1,1,1,1,1,1,,
787,102,17,42,102-17-42,02-REP,,,,,,,,,,,,,,,,,,1,1,0,1,0,0,0,1,1,1,0,1,1,1,1,1,1,1,1,,
788,102,17,31,102-17-31,02-REP,,,,,,,,,,,,,,,,,,1,1,1,0,0,0,0,1,1,1,0,1,1,1,1,1,1,1,1,,
789,102,17,7,102-17-7,02-REP,,,,,,,,,,,,,,,,,,0,0,0,0,1,0,0,0,0,0,0,0,1,1,1,1,0,1,0,,
790,102,17,41,102-17-41,02-REP,,,,,,,,,,,,,,,,,,0,0,0,0,0,0,0,0,0,0,0,0,0,0,0,0,0,0,0,,
791,102,18,22,102-18-22,01-DEM,0,1,1,0,0,0,1,1,0,1,1,0,0,0,1,,,,,,,,,,,,,,,,,,,,,,,
792,102,18,11,102-18-11,01-DEM,1,0,1,0,0,0,1,1,0,0,0,1,0,0,0,,,,,,,,,,,,,,,,,,,,,,,
793,102,18,1,102-18-1,01-DEM,1,0,1,0,0,1,0,0,1,1,0,1,0,0,1,,,,,,,,,,,,,,,,,,,,,,,
794,102,18,21,102-18-21,02-REP,,,,,,,,,,,,,,,,,,1,1,0,0,1,0,0,1,1,1,0,1,1,1,1,1,1,1,1,,
795,102,18,12,102-18-12,01-DEM,0,1,1,0,0,0,1,0,1,1,1,0,0,0,1,,,,,,,,,,,,,,,,,,,,,,,
796,102,18,23,102-18-23,02-REP,,,,,,,,,,,,,,,,,,1,1,0,1,0,0,0,1,1,0,1,1,1,1,1,1,1,1,1,,
797,102,18,13,102-18-13,01-DEM,0,1,0,0,0,1,0,0,1,0,0,0,0,1,0,,,,,,,,,,,,,,,,,,,,,,,
798,102,18,8,102-18-8,01-DEM,1,0,0,0,0,1,0,0,0,0,0,0,1,0,0,,,,,,,,,,,,,,,,,,,,,,,
799,102,18,24,102-18-24,02-REP,,,,,,,,,,,,,,,,,,1,1,0,1,0,0,0,1,1,0,1,1,1,1,1,1,1,1,1,,
800,102,18,14,102-18-14,01-DEM,0,1,1,0,0,0,1,1,0,0,1,0,0,0,1,,,,,,,,,,,,,,,,,,,,,,,
801,102,18,5,102-18-5,02-REP,,,,,,,,,,,,,,,,,,1,1,0,1,0,0,0,0,0,0,0,0,0,1,1,0,1,1,1,,
802,102,18,25,102-18-25,01-DEM,1,0,1,0,0,1,0,1,0,1,1,0,0,0,1,,,,,,,,,,,,,,,,,,,,,,,
803,102,18,15,102-18-15,01-DEM,0,1,1,0,0,0,1,1,0,1,1,0,0,0,1,,,,,,,,,,,,,,,,,,,,,,,
804,102,18,7,102-18-7,01-DEM,0,1,1,0,0,0,1,0,1,1,1,0,0,0,1,,,,,,,,,,,,,,,,,,,,,,,
805,102,18,16,102-18-16,02-REP,,,,,,,,,,,,,,,,,,1,1,0,1,0,0,0,1,1,0,1,1,1,1,1,1,1,1,1,,
806,102,18,17,102-18-17,02-REP,,,,,,,,,,,,,,,,,,1,1,0,0,1,0,0,1,1,0,1,1,1,1,1,1,1,1,1,,
807,102,18,10,102-18-10,01-DEM,0,1,1,0,0,1,0,0,1,1,0,1,0,0,1,,,,,,,,,,,,,,,,,,,,,,,
808,102,18,26,102-18-26,01-DEM,1,0,1,0,0,0,1,0,1,1,0,0,1,0,1,,,,,,,,,,,,,,,,,,,,,,,
809,102,18,18,102-18-18,01-DEM,0,1,0,0,0,1,0,1,0,1,1,0,0,0,1,,,,,,,,,,,,,,,,,,,,,,,
810,102,18,6,102-18-6,02-REP,,,,,,,,,,,,,,,,,,1,1,0,0,1,0,0,0,1,1,0,1,1,1,1,1,1,1,1,,
811,102,18,19,102-18-19,01-DEM,0,1,1,0,0,0,1,1,0,1,1,0,0,0,1,,,,,,,,,,,,,,,,,,,,,,,
812,102,18,9,102-18-9,01-DEM,0,1,1,0,0,0,1,1,0,1,0,0,0,0,0,,,,,,,,,,,,,,,,,,,,,,,
813,102,18,27,102-18-27,01-DEM,0,1,1,0,0,0,1,0,1,1,1,0,0,0,1,,,,,,,,,,,,,,,,,,,,,,,
814,102,18,20,102-18-20,01-DEM,0,1,1,0,0,1,0,0,1,1,0,0,1,0,1,,,,,,,,,,,,,,,,,,,,,,,
815,102,18,4,102-18-4,01-DEM,0,1,1,0,0,0,1,1,0,1,0,0,0,1,1,,,,,,,,,,,,,,,,,,,,,,,
816,102,18,3,102-18-3,01-DEM,1,0,1,0,0,0,0,1,0,0,1,0,0,0,1,,,,,,,,,,,,,,,,,,,,,,,
817,102,18,2,102-18-2,02-REP,,,,,,,,,,,,,,,,,,0,0,0,0,0,0,0,0,0,0,0,0,0,0,0,0,0,0,0,,
818,102,19,36,102-19-36,02-REP,,,,,,,,,,,,,,,,,,1,1,0,1,0,0,0,1,1,1,0,1,1,1,1,1,1,1,1,,
819,102,19,35,102-19-35,02-REP,,,,,,,,,,,,,,,,,,1,1,0,0,1,0,0,1,1,1,0,1,1,1,1,1,1,1,1,,
820,102,19,22,102-19-22,02-REP,,,,,,,,,,,,,,,,,,0,1,0,1,0,0,0,1,1,1,0,1,1,1,1,1,1,1,1,,
821,102,19,11,102-19-11,02-REP,,,,,,,,,,,,,,,,,,1,1,0,0,1,0,0,1,1,1,0,1,1,1,1,1,1,1,1,,
822,102,19,2,102-19-2,02-REP,,,,,,,,,,,,,,,,,,0,0,0,0,1,0,0,0,0,1,0,0,0,0,0,0,0,0,0,,
823,102,19,38,102-19-38,02-REP,,,,,,,,,,,,,,,,,,1,1,0,1,0,0,0,1,1,1,0,1,1,1,1,1,1,1,1,,
824,102,19,37,102-19-37,02-REP,,,,,,,,,,,,,,,,,,1,1,0,1,0,0,0,1,1,1,0,1,1,1,1,1,1,1,1,,
825,102,19,25,102-19-25,02-REP,,,,,,,,,,,,,,,,,,0,1,0,1,0,0,0,1,1,1,0,1,1,1,1,1,1,1,1,,
826,102,19,12,102-19-12,02-REP,,,,,,,,,,,,,,,,,,1,0,0,0,1,0,0,0,1,0,1,0,1,1,0,1,0,1,1,,
827,102,19,8,102-19-8,02-REP,,,,,,,,,,,,,,,,,,1,1,0,1,0,0,0,1,1,1,0,1,1,0,1,1,0,1,1,,
828,102,19,44,102-19-44,02-REP,,,,,,,,,,,,,,,,,,0,1,1,0,0,0,0,1,1,1,0,1,1,1,1,1,1,1,1,,
829,102,19,43,102-19-43,02-REP,,,,,,,,,,,,,,,,,,1,1,0,0,1,0,0,1,1,1,0,1,1,1,1,1,1,1,1,,
830,102,19,28,102-19-28,02-REP,,,,,,,,,,,,,,,,,,1,1,0,0,1,0,0,1,1,0,1,1,1,1,1,1,1,1,1,,
831,102,19,13,102-19-13,02-REP,,,,,,,,,,,,,,,,,,1,1,0,0,1,0,0,1,1,1,0,1,1,1,1,1,1,1,1,,
832,102,19,5,102-19-5,02-REP,,,,,,,,,,,,,,,,,,1,1,0,1,0,0,0,1,1,1,0,1,1,1,1,1,1,1,1,,
833,102,19,32,102-19-32,02-REP,,,,,,,,,,,,,,,,,,1,1,0,0,1,0,0,1,1,0,1,1,1,1,1,1,1,0,1,,
834,102,19,31,102-19-31,02-REP,,,,,,,,,,,,,,,,,,1,1,0,1,0,0,0,1,1,1,0,1,1,1,1,1,1,1,1,,
835,102,19,21,102-19-21,02-REP,,,,,,,,,,,,,,,,,,1,1,0,0,1,0,0,1,1,0,1,1,1,1,1,1,1,1,1,,
836,102,19,14,102-19-14,02-REP,,,,,,,,,,,,,,,,,,0,1,0,1,0,0,0,1,1,0,1,1,1,1,1,1,1,1,1,,
837,102,19,1,102-19-1,02-REP,,,,,,,,,,,,,,,,,,1,0,1,0,0,0,0,0,1,1,0,1,1,1,1,1,1,1,1,,
838,102,19,42,102-19-42,02-REP,,,,,,,,,,,,,,,,,,1,1,0,1,0,0,0,1,1,0,0,1,1,1,1,1,1,1,1,,
839,102,19,41,102-19-41,02-REP,,,,,,,,,,,,,,,,,,1,1,0,0,1,0,0,1,1,1,0,1,1,1,1,1,1,1,1,,
840,102,19,27,102-19-27,02-REP,,,,,,,,,,,,,,,,,,0,1,0,1,0,0,0,0,0,0,0,0,0,1,0,0,1,1,1,,
841,102,19,15,102-19-15,02-REP,,,,,,,,,,,,,,,,,,1,1,0,1,0,0,0,1,1,1,0,1,1,1,1,1,1,1,1,,
842,102,19,6,102-19-6,02-REP,,,,,,,,,,,,,,,,,,1,1,0,1,0,0,0,1,1,1,0,1,1,1,1,1,1,1,1,,
843,102,19,34,102-19-34,02-REP,,,,,,,,,,,,,,,,,,1,1,0,0,1,0,0,1,1,1,0,1,1,1,1,1,1,1,1,,
844,102,19,33,102-19-33,02-REP,,,,,,,,,,,,,,,,,,1,1,0,0,1,0,0,1,1,0,1,1,1,1,1,1,1,1,1,,
845,102,19,23,102-19-23,02-REP,,,,,,,,,,,,,,,,,,1,1,0,0,1,0,0,1,1,0,1,1,1,1,1,1,1,1,1,,
846,102,19,16,102-19-16,02-REP,,,,,,,,,,,,,,,,,,1,1,0,1,0,0,0,1,1,0,0,1,1,1,1,1,1,1,1,,
847,102,19,7,102-19-7,02-REP,,,,,,,,,,,,,,,,,,1,1,0,0,1,0,0,1,1,0,1,1,1,1,1,1,1,1,1,,
848,102,19,50,102-19-50,02-REP,,,,,,,,,,,,,,,,,,1,1,0,1,0,0,0,1,1,0,0,1,1,1,1,1,1,1,1,,
849,102,19,49,102-19-49,02-REP,,,,,,,,,,,,,,,,,,1,0,0,0,1,0,0,1,1,0,1,1,1,0,1,0,0,1,0,,
850,102,19,24,102-19-24,02-REP,,,,,,,,,,,,,,,,,,1,1,0,1,0,0,0,1,1,0,1,1,0,0,1,1,1,1,1,,
851,102,19,17,102-19-17,02-REP,,,,,,,,,,,,,,,,,,0,0,1,0,0,0,0,1,1,1,0,1,1,1,1,1,1,1,1,,
852,102,19,4,102-19-4,02-REP,,,,,,,,,,,,,,,,,,1,1,0,1,0,0,0,1,1,0,1,1,0,0,1,0,1,0,0,,
853,102,19,40,102-19-40,02-REP,,,,,,,,,,,,,,,,,,1,1,1,0,0,0,0,1,1,0,1,1,1,1,1,1,1,1,1,,
854,102,19,39,102-19-39,02-REP,,,,,,,,,,,,,,,,,,1,1,1,0,0,0,0,1,1,0,1,1,1,1,1,1,1,1,1,,
855,102,19,26,102-19-26,02-REP,,,,,,,,,,,,,,,,,,1,1,0,1,0,0,0,1,1,1,0,1,1,1,1,1,1,1,1,,
856,102,19,18,102-19-18,02-REP,,,,,,,,,,,,,,,,,,0,0,0,1,0,0,0,0,0,1,0,0,0,0,0,0,0,0,0,,
857,102,19,3,102-19-3,02-REP,,,,,,,,,,,,,,,,,,1,1,0,0,1,0,0,1,1,0,0,1,1,0,0,0,0,0,0,,
858,102,19,46,102-19-46,02-REP,,,,,,,,,,,,,,,,,,1,1,0,1,0,0,0,1,1,1,0,1,1,1,1,1,1,1,1,,
859,102,19,45,102-19-45,02-REP,,,,,,,,,,,,,,,,,,0,1,1,0,0,0,0,1,1,1,0,1,1,1,1,1,1,1,1,,
860,102,19,30,102-19-30,02-REP,,,,,,,,,,,,,,,,,,1,0,1,0,0,0,0,1,1,1,0,0,1,1,0,1,1,1,1,,
861,102,19,19,102-19-19,02-REP,,,,,,,,,,,,,,,,,,1,1,0,0,1,0,0,1,1,1,0,1,1,1,1,1,1,1,1,,
862,102,19,10,102-19-10,02-REP,,,,,,,,,,,,,,,,,,0,0,0,1,0,0,0,0,1,1,0,0,1,1,1,0,0,0,0,,
863,102,19,48,102-19-48,02-REP,,,,,,,,,,,,,,,,,,1,1,0,0,1,0,0,1,1,1,0,1,1,1,1,1,1,1,1,,
864,102,19,47,102-19-47,02-REP,,,,,,,,,,,,,,,,,,1,1,0,0,1,0,0,1,1,0,1,1,1,1,1,1,1,1,1,,
865,102,19,29,102-19-29,02-REP,,,,,,,,,,,,,,,,,,1,1,0,0,1,0,0,1,1,0,1,1,1,1,1,1,1,1,1,,
866,102,19,20,102-19-20,02-REP,,,,,,,,,,,,,,,,,,1,1,1,0,0,0,0,1,1,1,0,1,1,1,1,1,1,1,1,,
867,102,19,9,102-19-9,02-REP,,,,,,,,,,,,,,,,,,1,1,0,1,0,0,0,1,1,1,0,1,1,1,1,1,1,1,1,,
868,102,20,36,102-20-36,01-DEM,0,1,0,0,0,0,1,0,1,1,0,0,1,0,0,,,,,,,,,,,,,,,,,,,,,,,
869,102,20,35,102-20-35,01-DEM,0,1,1,0,0,0,0,1,0,1,1,0,0,0,1,,,,,,,,,,,,,,,,,,,,,,,
870,102,20,21,102-20-21,02-REP,,,,,,,,,,,,,,,,,,1,1,0,0,1,0,0,1,1,1,0,1,1,1,1,1,1,1,1,,
871,102,20,1,102-20-1,01-DEM,0,1,1,0,0,0,1,1,0,1,1,0,0,0,1,,,,,,,,,,,,,,,,,,,,,,,
872,102,20,38,102-20-38,01-DEM,0,1,1,0,0,1,0,1,0,1,1,0,0,0,1,,,,,,,,,,,,,,,,,,,,,,,
873,102,20,37,102-20-37,01-DEM,0,1,1,0,0,1,0,0,0,0,1,0,0,0,0,,,,,,,,,,,,,,,,,,,,,,,
874,102,20,23,102-20-23,01-DEM,1,0,1,0,0,1,0,1,0,1,1,0,0,0,1,,,,,,,,,,,,,,,,,,,,,,,
875,102,20,12,102-20-12,01-DEM,1,0,1,0,0,0,1,0,1,1,0,0,0,1,1,,,,,,,,,,,,,,,,,,,,,,,
876,102,20,2,102-20-2,01-DEM,1,0,0,0,0,0,0,0,1,0,0,1,0,0,0,,,,,,,,,,,,,,,,,,,,,,,
877,102,20,34,102-20-34,01-DEM,0,1,0,0,0,0,0,1,0,1,1,0,0,0,1,,,,,,,,,,,,,,,,,,,,,,,
878,102,20,33,102-20-33,01-DEM,0,1,1,0,0,1,0,0,1,1,1,0,0,0,1,,,,,,,,,,,,,,,,,,,,,,,
879,102,20,22,102-20-22,01-DEM,0,1,1,0,0,0,1,0,1,1,0,0,1,0,1,,,,,,,,,,,,,,,,,,,,,,,
880,102,20,13,102-20-13,01-DEM,0,1,1,0,0,0,1,1,0,1,1,0,0,0,1,,,,,,,,,,,,,,,,,,,,,,,
881,102,20,7,102-20-7,02-REP,,,,,,,,,,,,,,,,,,0,0,0,1,0,0,0,0,0,0,0,1,1,1,1,0,1,1,1,,
882,102,20,32,102-20-32,01-DEM,1,0,1,0,0,1,0,0,1,1,0,0,0,1,1,,,,,,,,,,,,,,,,,,,,,,,
883,102,20,31,102-20-31,01-DEM,1,0,1,0,0,1,0,0,1,1,0,0,1,0,1,,,,,,,,,,,,,,,,,,,,,,,
884,102,20,24,102-20-24,01-DEM,1,0,1,0,0,0,1,1,0,1,0,0,1,0,1,,,,,,,,,,,,,,,,,,,,,,,
885,102,20,14,102-20-14,01-DEM,0,1,1,0,0,0,1,0,1,1,1,0,0,0,1,,,,,,,,,,,,,,,,,,,,,,,
886,102,20,10,102-20-10,01-DEM,0,1,1,0,0,0,1,1,0,1,0,0,1,0,1,,,,,,,,,,,,,,,,,,,,,,,
887,102,20,42,102-20-42,01-DEM,1,0,1,0,0,1,0,1,0,1,0,1,0,0,1,,,,,,,,,,,,,,,,,,,,,,,
888,102,20,41,102-20-41,01-DEM,0,1,1,0,0,1,0,1,0,1,1,0,0,0,1,,,,,,,,,,,,,,,,,,,,,,,
889,102,20,25,102-20-25,01-DEM,0,1,1,0,0,0,1,1,0,1,1,0,0,0,1,,,,,,,,,,,,,,,,,,,,,,,
890,102,20,15,102-20-15,02-REP,,,,,,,,,,,,,,,,,,1,1,0,0,1,0,0,1,1,0,1,1,1,1,1,1,1,1,1,,
891,102,20,9,102-20-9,01-DEM,0,1,1,0,0,0,1,1,0,1,0,1,0,0,1,,,,,,,,,,,,,,,,,,,,,,,
892,102,20,40,102-20-40,01-DEM,1,0,0,0,0,1,0,0,1,0,1,0,0,0,0,,,,,,,,,,,,,,,,,,,,,,,
893,102,20,39,102-20-39,01-DEM,0,1,0,0,0,1,0,1,0,1,0,0,0,1,1,,,,,,,,,,,,,,,,,,,,,,,
894,102,20,27,102-20-27,01-DEM,1,0,1,0,0,1,0,0,1,1,1,0,0,0,1,,,,,,,,,,,,,,,,,,,,,,,
895,102,20,16,102-20-16,02-REP,,,,,,,,,,,,,,,,,,1,1,1,0,0,0,0,1,1,1,0,1,1,1,1,1,1,1,1,,
896,102,20,4,102-20-4,01-DEM,1,0,0,0,0,0,1,0,1,0,0,0,1,0,0,,,,,,,,,,,,,,,,,,,,,,,
897,102,20,46,102-20-46,01-DEM,0,1,1,0,0,1,0,0,1,1,1,0,0,0,1,,,,,,,,,,,,,,,,,,,,,,,
898,102,20,45,102-20-45,01-DEM,0,1,1,0,0,0,1,1,0,1,0,1,0,0,1,,,,,,,,,,,,,,,,,,,,,,,
899,102,20,26,102-20-26,01-DEM,1,0,1,0,0,1,0,1,0,1,0,1,0,0,1,,,,,,,,,,,,,,,,,,,,,,,
900,102,20,17,102-20-17,02-REP,,,,,,,,,,,,,,,,,,1,1,0,1,0,0,0,1,1,1,0,1,1,1,1,1,1,1,1,,
901,102,20,8,102-20-8,02-REP,,,,,,,,,,,,,,,,,,1,1,0,0,1,0,0,1,1,1,0,1,1,1,1,1,1,1,1,,
902,102,20,44,102-20-44,01-DEM,1,0,1,0,0,1,0,1,0,1,1,0,0,0,1,,,,,,,,,,,,,,,,,,,,,,,
903,102,20,43,102-20-43,01-DEM,0,1,1,0,0,1,0,1,0,1,1,0,0,0,1,,,,,,,,,,,,,,,,,,,,,,,
904,102,20,28,102-20-28,01-DEM,0,1,1,0,0,1,0,0,1,1,1,0,0,0,1,,,,,,,,,,,,,,,,,,,,,,,
905,102,20,18,102-20-18,02-REP,,,,,,,,,,,,,,,,,,1,1,0,1,0,0,0,1,1,1,0,1,1,1,1,1,1,1,1,,
906,102,20,3,102-20-3,01-DEM,0,1,1,0,0,0,1,0,1,1,0,0,1,0,1,,,,,,,,,,,,,,,,,,,,,,,
907,102,20,50,102-20-50,01-DEM,0,1,1,0,0,0,1,1,0,1,1,0,0,0,1,,,,,,,,,,,,,,,,,,,,,,,
908,102,20,49,102-20-49,01-DEM,0,1,1,0,0,1,0,1,0,1,0,0,0,1,1,,,,,,,,,,,,,,,,,,,,,,,
909,102,20,30,102-20-30,01-DEM,0,1,1,0,0,0,1,1,0,1,1,0,0,0,1,,,,,,,,,,,,,,,,,,,,,,,
910,102,20,19,102-20-19,02-REP,,,,,,,,,,,,,,,,,,1,1,0,1,0,0,0,1,1,1,0,1,1,1,1,1,1,1,1,,
911,102,20,6,102-20-6,01-DEM,1,0,1,0,0,1,0,0,1,1,0,0,0,1,1,,,,,,,,,,,,,,,,,,,,,,,
912,102,20,47,102-20-47,01-DEM,0,1,1,0,0,0,1,1,0,1,1,0,0,0,1,,,,,,,,,,,,,,,,,,,,,,,
913,102,20,29,102-20-29,01-DEM,1,0,1,0,0,1,0,1,0,1,1,0,0,0,1,,,,,,,,,,,,,,,,,,,,,,,
914,102,20,20,102-20-20,02-REP,,,,,,,,,,,,,,,,,,1,1,0,1,0,0,0,1,1,1,0,1,1,1,1,1,1,1,1,,
915,102,20,5,102-20-5,02-REP,,,,,,,,,,,,,,,,,,0,1,0,0,1,0,0,1,1,0,1,1,1,1,1,1,0,1,0,,
916,102,20,11,102-20-11,01-DEM,0,1,0,0,0,0,1,0,1,1,0,0,1,0,1,,,,,,,,,,,,,,,,,,,,,,,
917,102,20,48,102-20-48,01-DEM,1,0,0,0,0,0,1,1,0,1,0,0,1,0,1,,,,,,,,,,,,,,,,,,,,,,,
918,102,21,38,102-21-38,02-REP,,,,,,,,,,,,,,,,,,1,1,0,1,0,0,0,1,1,0,1,1,1,1,1,1,1,1,1,,
919,102,21,37,102-21-37,02-REP,,,,,,,,,,,,,,,,,,1,1,0,1,0,0,0,1,1,0,1,1,1,1,1,1,1,1,1,,
920,102,21,24,102-21-24,02-REP,,,,,,,,,,,,,,,,,,1,1,0,1,0,0,0,1,1,1,0,1,1,1,1,1,1,1,1,,
921,102,21,23,102-21-23,02-REP,,,,,,,,,,,,,,,,,,1,1,0,1,0,0,0,1,1,1,0,1,1,1,1,1,1,1,1,,
922,102,21,17,102-21-17,02-REP,,,,,,,,,,,,,,,,,,1,0,0,0,1,0,0,1,1,1,0,1,1,1,1,1,1,1,1,,
923,102,21,11,102-21-11,02-REP,,,,,,,,,,,,,,,,,,1,1,0,1,0,0,0,1,1,1,0,1,1,1,1,1,1,1,1,,
924,102,21,4,102-21-4,02-REP,,,,,,,,,,,,,,,,,,1,1,0,1,0,0,0,1,1,0,1,1,1,1,1,1,1,1,1,,
925,102,21,42,102-21-42,02-REP,,,,,,,,,,,,,,,,,,0,0,0,0,1,0,0,1,1,0,1,1,1,0,1,1,1,1,1,,
926,102,21,41,102-21-41,02-REP,,,,,,,,,,,,,,,,,,1,1,0,1,0,0,0,1,1,1,0,1,1,1,1,1,1,1,1,,
927,102,21,27,102-21-27,02-REP,,,,,,,,,,,,,,,,,,1,1,0,0,1,0,0,1,1,1,0,1,1,1,1,1,1,1,1,,
928,102,21,26,102-21-26,02-REP,,,,,,,,,,,,,,,,,,1,1,0,1,0,0,0,1,1,1,0,1,1,1,1,1,1,1,1,,
929,102,21,21,102-21-21,02-REP,,,,,,,,,,,,,,,,,,1,0,1,0,0,0,0,1,1,1,0,1,1,1,1,1,1,1,1,,
930,102,21,12,102-21-12,02-REP,,,,,,,,,,,,,,,,,,1,1,0,0,1,0,0,1,1,1,0,1,1,1,1,1,1,1,1,,
931,102,21,3,102-21-3,02-REP,,,,,,,,,,,,,,,,,,0,1,0,1,0,0,0,0,0,0,0,0,0,0,0,0,0,1,0,,
932,102,21,36,102-21-36,02-REP,,,,,,,,,,,,,,,,,,1,1,0,1,0,0,0,1,1,0,1,1,1,1,1,1,1,1,1,,
933,102,21,35,102-21-35,02-REP,,,,,,,,,,,,,,,,,,1,1,0,0,1,0,0,1,1,0,1,1,1,1,1,1,1,1,1,,
934,102,21,25,102-21-25,02-REP,,,,,,,,,,,,,,,,,,1,1,0,1,0,0,0,1,1,1,0,1,1,1,1,1,1,1,1,,
935,102,21,13,102-21-13,02-REP,,,,,,,,,,,,,,,,,,1,1,0,0,1,0,0,1,1,0,1,1,1,1,1,1,1,1,1,,
936,102,21,1,102-21-1,02-REP,,,,,,,,,,,,,,,,,,1,1,0,1,0,0,0,1,1,1,0,1,1,1,1,1,1,1,1,,
937,102,21,40,102-21-40,02-REP,,,,,,,,,,,,,,,,,,1,1,0,0,1,0,0,1,1,1,0,1,1,1,1,1,1,1,1,,
938,102,21,39,102-21-39,02-REP,,,,,,,,,,,,,,,,,,1,1,0,0,1,0,0,1,1,1,0,1,0,1,1,1,1,1,1,,
939,102,21,28,102-21-28,02-REP,,,,,,,,,,,,,,,,,,1,1,0,0,1,0,0,1,1,0,1,1,1,1,1,1,1,1,1,,
940,102,21,14,102-21-14,02-REP,,,,,,,,,,,,,,,,,,0,1,0,0,1,0,0,0,0,0,0,0,0,0,0,0,0,0,0,,
941,102,21,2,102-21-2,02-REP,,,,,,,,,,,,,,,,,,1,1,0,1,0,0,0,1,1,0,1,1,1,1,1,1,1,1,1,,
942,102,21,44,102-21-44,02-REP,,,,,,,,,,,,,,,,,,1,1,0,0,1,0,0,1,1,0,1,1,1,1,1,1,1,1,1,,
943,102,21,43,102-21-43,02-REP,,,,,,,,,,,,,,,,,,0,0,0,0,1,0,0,1,1,1,0,1,1,0,1,0,0,0,0,,
944,102,21,29,102-21-29,02-REP,,,,,,,,,,,,,,,,,,1,1,1,0,0,0,0,1,1,1,0,1,1,1,1,1,1,1,1,,
945,102,21,15,102-21-15,02-REP,,,,,,,,,,,,,,,,,,1,1,0,0,1,0,0,1,1,1,0,1,1,1,1,1,1,1,1,,
946,102,21,10,102-21-10,02-REP,,,,,,,,,,,,,,,,,,0,1,0,0,1,0,0,0,0,0,0,0,0,0,0,0,0,0,0,,
947,102,21,46,102-21-46,02-REP,,,,,,,,,,,,,,,,,,0,1,0,0,1,0,0,0,1,1,0,1,1,1,1,1,1,1,1,,
948,102,21,45,102-21-45,02-REP,,,,,,,,,,,,,,,,,,1,1,0,0,1,0,0,1,1,0,0,1,1,1,1,0,0,0,0,,
949,102,21,30,102-21-30,02-REP,,,,,,,,,,,,,,,,,,0,0,0,0,1,0,0,0,0,1,0,0,0,0,0,0,0,0,0,,
950,102,21,16,102-21-16,02-REP,,,,,,,,,,,,,,,,,,1,1,0,0,1,0,0,1,1,0,1,1,1,1,1,1,1,1,1,,
951,102,21,7,102-21-7,02-REP,,,,,,,,,,,,,,,,,,0,0,0,1,0,0,0,0,0,0,0,0,0,0,0,0,0,0,0,,
952,102,21,48,102-21-48,02-REP,,,,,,,,,,,,,,,,,,0,1,0,0,1,0,0,0,0,0,0,1,0,0,0,0,1,1,1,,
953,102,21,47,102-21-47,02-REP,,,,,,,,,,,,,,,,,,0,1,0,0,1,0,0,0,0,0,0,1,1,0,1,0,1,0,1,,
954,102,21,31,102-21-31,02-REP,,,,,,,,,,,,,,,,,,1,1,0,1,0,0,0,1,1,0,1,1,1,1,1,1,1,1,1,,
955,102,21,18,102-21-18,02-REP,,,,,,,,,,,,,,,,,,0,0,0,0,1,0,0,1,1,1,0,1,1,1,1,1,1,1,1,,
956,102,21,6,102-21-6,02-REP,,,,,,,,,,,,,,,,,,1,0,0,1,0,0,0,1,1,0,1,1,0,1,1,1,1,0,1,,
957,102,21,50,102-21-50,02-REP,,,,,,,,,,,,,,,,,,1,1,0,0,1,0,0,1,1,1,0,1,1,1,1,1,1,1,1,,
958,102,21,49,102-21-49,02-REP,,,,,,,,,,,,,,,,,,1,1,0,0,1,0,0,1,1,1,0,1,1,1,1,1,1,1,1,,
959,102,21,32,102-21-32,02-REP,,,,,,,,,,,,,,,,,,1,1,0,1,0,0,0,1,1,0,1,1,1,1,1,1,1,1,1,,
960,102,21,19,102-21-19,02-REP,,,,,,,,,,,,,,,,,,1,1,0,1,0,0,0,1,1,1,0,1,1,1,1,1,1,1,1,,
961,102,21,9,102-21-9,02-REP,,,,,,,,,,,,,,,,,,1,1,0,1,0,0,0,1,1,0,1,1,1,1,1,1,1,1,1,,
962,102,21,33,102-21-33,02-REP,,,,,,,,,,,,,,,,,,1,1,0,0,1,0,0,1,1,0,1,1,1,1,1,1,1,1,1,,
963,102,21,20,102-21-20,02-REP,,,,,,,,,,,,,,,,,,1,1,0,1,0,0,0,1,1,0,1,1,1,1,1,1,1,1,1,,
964,102,21,8,102-21-8,02-REP,,,,,,,,,,,,,,,,,,1,0,0,1,0,0,0,1,1,1,0,1,1,1,1,1,1,1,1,,
965,102,21,34,102-21-34,02-REP,,,,,,,,,,,,,,,,,,1,1,0,1,0,0,0,1,1,0,1,1,1,1,1,1,1,1,1,,
966,102,21,22,102-21-22,02-REP,,,,,,,,,,,,,,,,,,1,1,0,1,0,0,0,1,1,1,0,1,1,1,1,1,1,1,1,,
967,102,21,5,102-21-5,02-REP,,,,,,,,,,,,,,,,,,1,1,0,1,0,0,0,1,1,0,1,1,1,1,1,1,1,1,1,,
968,102,22,21,102-22-21,02-REP,,,,,,,,,,,,,,,,,,1,1,0,0,1,0,0,1,1,0,1,1,1,1,1,1,1,1,1,,
969,102,22,11,102-22-11,02-REP,,,,,,,,,,,,,,,,,,1,1,0,0,0,0,0,1,1,1,0,1,1,1,1,1,1,1,1,,
970,102,22,2,102-22-2,02-REP,,,,,,,,,,,,,,,,,,1,1,0,0,1,0,0,1,1,1,0,1,1,1,1,1,1,1,1,,
971,102,22,22,102-22-22,02-REP,,,,,,,,,,,,,,,,,,1,0,0,0,1,0,0,0,0,1,0,0,1,0,0,0,0,1,1,,
972,102,22,12,102-22-12,02-REP,,,,,,,,,,,,,,,,,,1,1,0,1,0,0,0,1,1,0,1,1,1,1,1,1,1,1,1,,
973,102,22,6,102-22-6,01-DEM,0,1,1,0,0,0,1,0,1,1,0,0,1,0,1,,,,,,,,,,,,,,,,,,,,,,,
974,102,22,23,102-22-23,02-REP,,,,,,,,,,,,,,,,,,1,1,0,0,1,0,0,1,1,0,1,1,1,1,1,1,1,1,1,,
975,102,22,13,102-22-13,02-REP,,,,,,,,,,,,,,,,,,1,1,0,1,0,0,0,1,1,1,0,1,1,1,1,1,1,1,1,,
976,102,22,7,102-22-7,01-DEM,0,1,1,0,0,0,1,0,1,1,0,0,1,0,1,,,,,,,,,,,,,,,,,,,,,,,
977,102,22,24,102-22-24,02-REP,,,,,,,,,,,,,,,,,,1,1,0,1,0,0,0,1,1,1,0,1,1,1,1,1,1,1,1,,
978,102,22,14,102-22-14,01-DEM,0,1,1,0,0,0,1,1,0,1,1,0,0,0,1,,,,,,,,,,,,,,,,,,,,,,,
979,102,22,5,102-22-5,02-REP,,,,,,,,,,,,,,,,,,1,1,0,1,0,0,0,1,1,0,0,1,1,1,1,1,1,1,1,,
980,102,22,25,102-22-25,02-REP,,,,,,,,,,,,,,,,,,1,1,0,0,1,0,0,1,1,0,1,1,1,1,1,1,1,1,1,,
981,102,22,15,102-22-15,01-DEM,0,1,1,0,0,0,1,1,0,1,1,0,0,0,1,,,,,,,,,,,,,,,,,,,,,,,
982,102,22,10,102-22-10,02-REP,,,,,,,,,,,,,,,,,,1,1,0,0,0,0,0,1,1,1,0,1,1,1,1,1,1,1,1,,
983,102,22,16,102-22-16,02-REP,,,,,,,,,,,,,,,,,,1,1,0,1,0,0,0,1,1,1,0,1,1,1,1,1,1,1,1,,
984,102,22,3,102-22-3,02-REP,,,,,,,,,,,,,,,,,,1,1,0,1,0,0,0,1,1,0,1,1,1,1,1,1,1,1,1,,
985,102,22,17,102-22-17,02-REP,,,,,,,,,,,,,,,,,,1,1,0,1,0,0,0,1,1,0,1,1,1,1,1,1,1,1,1,,
986,102,22,9,102-22-9,02-REP,,,,,,,,,,,,,,,,,,0,0,0,0,0,0,0,0,0,0,0,1,1,0,1,1,1,1,1,,
987,102,22,18,102-22-18,02-REP,,,,,,,,,,,,,,,,,,1,1,0,0,1,0,0,1,1,0,1,1,1,1,1,1,1,1,1,,
988,102,22,4,102-22-4,02-REP,,,,,,,,,,,,,,,,,,1,1,0,1,0,0,0,1,1,1,0,1,1,1,1,1,1,1,1,,
989,102,22,19,102-22-19,02-REP,,,,,,,,,,,,,,,,,,1,0,0,0,1,0,0,0,0,1,0,0,1,0,0,0,0,1,1,,
990,102,22,8,102-22-8,01-DEM,0,1,0,0,0,1,0,1,0,0,0,0,0,1,0,,,,,,,,,,,,,,,,,,,,,,,
991,102,22,20,102-22-20,02-REP,,,,,,,,,,,,,,,,,,1,1,0,1,0,0,0,1,1,0,1,1,1,1,1,1,1,1,1,,
992,102,22,1,102-22-1,02-REP,,,,,,,,,,,,,,,,,,1,1,1,0,0,0,0,1,1,1,0,1,1,1,1,1,1,1,1,,
993,102,23,32,102-23-32,02-REP,,,,,,,,,,,,,,,,,,0,0,0,0,1,0,0,0,0,0,0,1,1,0,1,0,0,1,0,,
994,102,23,31,102-23-31,02-REP,,,,,,,,,,,,,,,,,,1,1,0,0,1,0,0,1,1,1,0,1,1,1,1,1,1,1,1,,
995,102,23,21,102-23-21,02-REP,,,,,,,,,,,,,,,,,,0,1,0,1,0,0,0,1,1,1,0,1,1,1,1,1,1,1,1,,
996,102,23,11,102-23-11,02-REP,,,,,,,,,,,,,,,,,,0,0,0,0,1,0,0,0,1,0,1,1,0,0,1,1,0,1,1,,
997,102,23,1,102-23-1,01-DEM,0,1,0,0,0,0,1,0,0,0,0,0,0,0,0,,,,,,,,,,,,,,,,,,,,,,,
998,102,23,34,102-23-34,02-REP,,,,,,,,,,,,,,,,,,1,1,0,0,1,0,0,1,1,1,0,1,1,1,1,1,1,1,1,,
999,102,23,33,102-23-33,02-REP,,,,,,,,,,,,,,,,,,1,1,0,1,0,0,0,1,1,0,1,1,1,1,1,1,1,1,1,,
1000,102,23,22,102-23-22,02-REP,,,,,,,,,,,,,,,,,,1,0,0,1,0,0,0,1,1,0,1,1,1,1,1,1,1,1,1,,
1001,102,23,12,102-23-12,02-REP,,,,,,,,,,,,,,,,,,1,1,0,0,1,0,0,1,1,1,0,1,1,1,1,1,1,1,1,,
1002,102,23,3,102-23-3,01-DEM,0,1,1,0,0,0,1,0,1,1,1,0,0,0,1,,,,,,,,,,,,,,,,,,,,,,,
1003,102,23,36,102-23-36,02-REP,,,,,,,,,,,,,,,,,,0,1,0,0,1,0,0,0,1,1,0,1,1,1,0,1,1,1,1,,
1004,102,23,35,102-23-35,02-REP,,,,,,,,,,,,,,,,,,1,1,0,0,1,0,0,1,1,1,0,1,1,1,1,1,1,1,1,,
1005,102,23,23,102-23-23,02-REP,,,,,,,,,,,,,,,,,,1,1,1,0,0,0,0,1,1,0,1,1,1,1,1,1,1,1,1,,
1006,102,23,13,102-23-13,02-REP,,,,,,,,,,,,,,,,,,1,1,1,0,0,0,0,1,1,0,1,1,1,1,1,1,1,1,1,,
1007,102,23,5,102-23-5,01-DEM,0,1,1,0,0,0,1,0,1,1,1,0,0,0,1,,,,,,,,,,,,,,,,,,,,,,,
1008,102,23,38,102-23-38,02-REP,,,,,,,,,,,,,,,,,,1,1,0,1,0,0,0,1,1,1,0,1,1,1,1,1,1,1,0,,
1009,102,23,37,102-23-37,02-REP,,,,,,,,,,,,,,,,,,1,1,1,0,0,0,0,1,1,0,0,1,1,1,1,1,1,1,1,,
1010,102,23,24,102-23-24,02-REP,,,,,,,,,,,,,,,,,,1,1,1,0,0,0,0,1,1,1,0,1,1,1,1,1,1,1,1,,
1011,102,23,14,102-23-14,02-REP,,,,,,,,,,,,,,,,,,1,1,1,0,0,0,0,1,1,1,0,1,1,1,1,1,1,1,1,,
1012,102,23,4,102-23-4,01-DEM,0,1,1,0,0,0,1,0,1,1,1,0,0,0,1,,,,,,,,,,,,,,,,,,,,,,,
1013,102,23,40,102-23-40,02-REP,,,,,,,,,,,,,,,,,,1,1,0,1,0,0,0,1,1,1,0,1,1,1,1,1,1,1,1,,
1014,102,23,39,102-23-39,02-REP,,,,,,,,,,,,,,,,,,1,0,0,0,1,0,0,1,1,1,0,1,1,1,1,1,1,1,1,,
1015,102,23,25,102-23-25,02-REP,,,,,,,,,,,,,,,,,,1,1,0,0,1,0,0,1,1,1,0,1,1,0,1,1,1,1,1,,
1016,102,23,15,102-23-15,02-REP,,,,,,,,,,,,,,,,,,1,0,0,0,1,0,0,1,1,1,0,1,1,1,1,1,1,1,1,,
1017,102,23,2,102-23-2,01-DEM,0,1,0,0,0,0,1,0,1,0,1,0,0,0,0,,,,,,,,,,,,,,,,,,,,,,,
1018,102,23,44,102-23-44,02-REP,,,,,,,,,,,,,,,,,,1,1,0,0,1,0,0,1,1,1,0,1,1,1,1,1,1,1,1,,
1019,102,23,43,102-23-43,02-REP,,,,,,,,,,,,,,,,,,1,0,0,0,1,0,0,1,1,1,0,1,1,1,1,1,1,1,1,,
1020,102,23,27,102-23-27,02-REP,,,,,,,,,,,,,,,,,,1,1,0,0,1,0,0,1,1,0,0,1,1,1,1,1,1,1,1,,
1021,102,23,16,102-23-16,02-REP,,,,,,,,,,,,,,,,,,1,1,1,0,0,0,0,1,1,1,0,1,1,1,1,1,1,1,1,,
1022,102,23,46,102-23-46,02-REP,,,,,,,,,,,,,,,,,,1,1,0,0,1,0,0,1,1,0,1,1,1,1,1,1,1,1,1,,
1023,102,23,45,102-23-45,02-REP,,,,,,,,,,,,,,,,,,0,0,0,1,0,0,0,0,0,1,0,0,0,0,0,0,0,0,0,,
1024,102,23,28,102-23-28,02-REP,,,,,,,,,,,,,,,,,,1,1,1,0,0,0,0,1,1,1,0,1,1,1,1,1,1,1,1,,
1025,102,23,17,102-23-17,02-REP,,,,,,,,,,,,,,,,,,0,1,0,1,0,0,0,1,1,1,0,1,1,1,1,1,1,1,1,,
1026,102,23,9,102-23-9,02-REP,,,,,,,,,,,,,,,,,,1,1,0,1,0,0,0,1,1,1,0,1,1,1,1,1,1,1,1,,
1027,102,23,42,102-23-42,02-REP,,,,,,,,,,,,,,,,,,1,1,0,1,0,0,0,1,1,0,0,1,1,1,1,1,1,1,1,,
1028,102,23,41,102-23-41,02-REP,,,,,,,,,,,,,,,,,,1,1,0,1,0,0,0,1,1,1,0,1,1,1,1,1,1,1,1,,
1029,102,23,26,102-23-26,02-REP,,,,,,,,,,,,,,,,,,1,1,0,1,0,0,0,1,1,0,1,1,1,1,1,1,1,1,1,,
1030,102,23,18,102-23-18,02-REP,,,,,,,,,,,,,,,,,,1,1,0,0,1,0,0,1,1,1,0,1,1,1,1,1,1,1,1,,
1031,102,23,10,102-23-10,02-REP,,,,,,,,,,,,,,,,,,1,1,1,0,0,0,0,1,1,1,0,1,1,1,1,1,1,1,1,,
1032,102,23,48,102-23-48,02-REP,,,,,,,,,,,,,,,,,,1,1,0,0,1,0,0,1,1,1,0,1,1,1,1,1,1,1,1,,
1033,102,23,47,102-23-47,02-REP,,,,,,,,,,,,,,,,,,1,1,0,0,1,0,0,1,1,0,0,1,1,1,1,1,1,1,1,,
1034,102,23,29,102-23-29,02-REP,,,,,,,,,,,,,,,,,,1,1,0,0,1,0,0,1,1,0,1,1,1,1,1,1,1,1,1,,
1035,102,23,19,102-23-19,02-REP,,,,,,,,,,,,,,,,,,1,1,0,0,1,0,0,1,1,0,1,1,1,1,1,1,1,1,1,,
1036,102,23,6,102-23-6,02-REP,,,,,,,,,,,,,,,,,,1,1,0,0,1,0,0,1,1,1,0,1,1,1,1,1,1,1,1,,
1037,102,23,50,102-23-50,02-REP,,,,,,,,,,,,,,,,,,1,1,0,1,0,0,0,1,1,0,1,1,1,1,1,1,1,1,1,,
1038,102,23,30,102-23-30,02-REP,,,,,,,,,,,,,,,,,,1,0,0,0,1,0,0,1,1,0,1,0,1,1,1,1,1,1,1,,
1039,102,23,20,102-23-20,02-REP,,,,,,,,,,,,,,,,,,1,1,0,1,0,0,0,1,1,0,1,1,1,1,1,1,1,1,1,,
1040,102,23,8,102-23-8,02-REP,,,,,,,,,,,,,,,,,,1,1,0,0,1,0,0,1,1,1,0,1,1,1,1,1,1,1,1,,
1041,102,23,7,102-23-7,02-REP,,,,,,,,,,,,,,,,,,1,0,0,0,1,0,0,1,1,1,0,1,1,1,1,1,1,1,1,,
1042,102,23,49,102-23-49,02-REP,,,,,,,,,,,,,,,,,,1,1,1,0,0,0,0,1,1,1,0,1,1,1,1,1,1,0,1,,
1043,102,24,36,102-24-36,01-DEM,1,0,1,0,0,0,1,1,0,1,1,0,0,0,1,,,,,,,,,,,,,,,,,,,,,,,
1044,102,24,35,102-24-35,01-DEM,0,1,1,0,0,1,0,0,0,1,0,0,1,0,1,,,,,,,,,,,,,,,,,,,,,,,
1045,102,24,23,102-24-23,01-DEM,0,1,1,0,0,0,1,1,0,1,1,0,0,0,1,,,,,,,,,,,,,,,,,,,,,,,
1046,102,24,11,102-24-11,01-DEM,0,1,1,0,0,1,0,1,0,1,0,0,1,0,1,,,,,,,,,,,,,,,,,,,,,,,
1047,102,24,1,102-24-1,01-DEM,1,0,1,0,0,1,0,1,0,1,1,0,0,0,1,,,,,,,,,,,,,,,,,,,,,,,
1048,102,24,42,102-24-42,01-DEM,0,1,0,0,0,1,0,1,0,0,0,0,1,0,0,,,,,,,,,,,,,,,,,,,,,,,
1049,102,24,41,102-24-41,01-DEM,0,1,0,0,0,0,1,0,0,0,1,0,0,0,0,,,,,,,,,,,,,,,,,,,,,,,
1050,102,24,25,102-24-25,02-REP,,,,,,,,,,,,,,,,,,0,1,0,0,1,0,0,1,1,0,0,1,1,1,1,1,1,1,1,,
1051,102,24,12,102-24-12,01-DEM,0,1,1,0,0,1,0,0,1,0,1,0,0,0,1,,,,,,,,,,,,,,,,,,,,,,,
1052,102,24,3,102-24-3,01-DEM,0,1,1,0,0,0,1,0,1,1,0,0,1,0,1,,,,,,,,,,,,,,,,,,,,,,,
1053,102,24,38,102-24-38,01-DEM,0,1,0,0,0,1,0,0,0,0,1,0,0,0,0,,,,,,,,,,,,,,,,,,,,,,,
1054,102,24,24,102-24-24,01-DEM,0,1,1,0,0,0,1,0,1,1,1,0,0,0,1,,,,,,,,,,,,,,,,,,,,,,,
1055,102,24,13,102-24-13,01-DEM,0,1,1,0,0,0,1,0,1,1,1,0,0,0,1,,,,,,,,,,,,,,,,,,,,,,,
1056,102,24,40,102-24-40,02-REP,,,,,,,,,,,,,,,,,,1,1,0,1,0,0,0,1,1,1,0,1,1,1,1,1,1,1,1,,
1057,102,24,39,102-24-39,02-REP,,,,,,,,,,,,,,,,,,1,1,0,0,1,0,0,1,1,1,0,1,1,1,1,1,1,1,1,,
1058,102,24,26,102-24-26,01-DEM,1,0,1,0,0,1,0,1,0,1,0,0,0,1,1,,,,,,,,,,,,,,,,,,,,,,,
1059,102,24,14,102-24-14,01-DEM,0,1,1,0,0,1,0,0,1,1,0,0,1,0,1,,,,,,,,,,,,,,,,,,,,,,,
1060,102,24,10,102-24-10,01-DEM,0,1,1,0,0,1,0,1,0,0,1,0,0,0,1,,,,,,,,,,,,,,,,,,,,,,,
1061,102,24,44,102-24-44,01-DEM,0,1,1,0,0,0,1,0,1,1,0,0,1,0,1,,,,,,,,,,,,,,,,,,,,,,,
1062,102,24,43,102-24-43,01-DEM,0,1,1,0,0,0,1,1,0,1,1,0,0,0,1,,,,,,,,,,,,,,,,,,,,,,,
1063,102,24,27,102-24-27,01-DEM,0,1,1,0,0,0,1,1,0,1,1,0,0,0,1,,,,,,,,,,,,,,,,,,,,,,,
1064,102,24,15,102-24-15,01-DEM,0,1,1,0,0,0,1,1,0,1,1,0,0,0,1,,,,,,,,,,,,,,,,,,,,,,,
1065,102,24,8,102-24-8,01-DEM,0,1,1,0,0,0,1,1,0,1,1,0,0,0,1,,,,,,,,,,,,,,,,,,,,,,,
1066,102,24,31,102-24-31,01-DEM,0,1,1,0,0,0,1,1,0,1,1,0,0,0,1,,,,,,,,,,,,,,,,,,,,,,,
1067,102,24,30,102-24-30,01-DEM,1,0,1,0,0,0,1,1,0,1,1,0,0,0,1,,,,,,,,,,,,,,,,,,,,,,,
1068,102,24,20,102-24-20,01-DEM,0,1,1,0,0,0,1,1,0,1,1,0,0,0,1,,,,,,,,,,,,,,,,,,,,,,,
1069,102,24,5,102-24-5,02-REP,,,,,,,,,,,,,,,,,,1,1,1,0,0,0,0,1,1,1,0,1,1,1,1,1,1,1,1,,
1070,102,24,33,102-24-33,01-DEM,0,1,1,0,0,1,0,0,1,1,0,0,1,0,1,,,,,,,,,,,,,,,,,,,,,,,
1071,102,24,32,102-24-32,02-REP,,,,,,,,,,,,,,,,,,1,1,1,0,0,0,0,1,1,0,1,1,1,1,1,1,1,1,1,,
1072,102,24,21,102-24-21,01-DEM,1,0,1,0,0,1,0,1,0,1,0,0,0,1,1,,,,,,,,,,,,,,,,,,,,,,,
1073,102,24,17,102-24-17,03-LBR,*,*,*,*,*,*,*,*,*,*,*,*,*,*,*,*,*,*,*,*,*,*,*,*,*,*,*,*,*,*,*,*,*,*,*,*,*,*
1074,102,24,4,102-24-4,01-DEM,0,1,1,0,0,0,1,0,1,1,0,0,0,1,1,,,,,,,,,,,,,,,,,,,,,,,
1075,102,24,47,102-24-47,01-DEM,0,1,1,0,0,1,0,0,1,1,0,0,1,0,1,,,,,,,,,,,,,,,,,,,,,,,
1076,102,24,28,102-24-28,02-REP,,,,,,,,,,,,,,,,,,1,1,0,1,0,0,0,1,1,1,0,1,1,1,1,1,1,1,1,,
1077,102,24,18,102-24-18,01-DEM,0,1,1,0,0,0,1,1,0,1,1,0,0,0,1,,,,,,,,,,,,,,,,,,,,,,,
1078,102,24,6,102-24-6,01-DEM,0,1,0,0,0,1,0,1,0,1,1,0,0,0,1,,,,,,,,,,,,,,,,,,,,,,,
1079,102,24,46,102-24-46,01-DEM,0,1,1,0,0,0,1,0,1,1,1,0,0,0,1,,,,,,,,,,,,,,,,,,,,,,,
1080,102,24,45,102-24-45,01-DEM,1,0,1,0,0,1,0,1,0,1,0,1,0,0,1,,,,,,,,,,,,,,,,,,,,,,,
1081,102,24,29,102-24-29,01-DEM,0,1,1,0,0,0,1,1,0,1,1,0,0,0,1,,,,,,,,,,,,,,,,,,,,,,,
1082,102,24,19,102-24-19,01-DEM,0,1,1,0,0,0,1,0,0,1,1,0,0,0,1,,,,,,,,,,,,,,,,,,,,,,,
1083,102,24,7,102-24-7,01-DEM,0,1,1,0,0,0,1,1,0,1,1,0,0,0,1,,,,,,,,,,,,,,,,,,,,,,,
1084,102,24,50,102-24-50,01-DEM,0,1,0,0,0,0,1,0,0,0,1,0,0,0,0,,,,,,,,,,,,,,,,,,,,,,,
1085,102,24,49,102-24-49,01-DEM,0,1,0,0,0,0,1,0,1,0,1,0,0,0,0,,,,,,,,,,,,,,,,,,,,,,,
1086,102,24,34,102-24-34,01-DEM,0,1,1,0,0,0,1,0,1,0,0,0,1,0,0,,,,,,,,,,,,,,,,,,,,,,,
1087,102,24,22,102-24-22,01-DEM,1,0,1,0,0,1,0,1,0,1,0,0,0,1,1,,,,,,,,,,,,,,,,,,,,,,,
1088,102,24,9,102-24-9,01-DEM,1,0,1,0,0,1,0,0,1,1,0,1,0,0,1,,,,,,,,,,,,,,,,,,,,,,,
1089,102,24,16,102-24-16,03-LBR,*,*,*,*,*,*,*,*,*,*,*,*,*,*,*,*,*,*,*,*,*,*,*,*,*,*,*,*,*,*,*,*,*,*,*,*,*,*
1090,102,24,2,102-24-2,01-DEM,0,1,1,0,0,0,1,1,0,1,0,0,1,0,1,,,,,,,,,,,,,,,,,,,,,,,
1091,102,24,37,102-24-37,01-DEM,0,0,0,0,0,0,1,1,0,1,1,0,0,0,1,,,,,,,,,,,,,,,,,,,,,,,
1092,102,24,48,102-24-48,01-DEM,0,1,0,0,0,0,1,1,0,1,0,1,0,0,1,,,,,,,,,,,,,,,,,,,,,,,
1093,102,25,40,102-25-40,02-REP,,,,,,,,,,,,,,,,,,1,1,0,1,0,0,0,1,1,1,0,1,1,1,1,1,1,1,1,,
1094,102,25,39,102-25-39,02-REP,,,,,,,,,,,,,,,,,,1,0,0,1,0,0,0,1,1,0,1,1,1,1,1,1,1,1,1,,
1095,102,25,25,102-25-25,02-REP,,,,,,,,,,,,,,,,,,1,0,0,1,0,0,0,1,1,1,0,1,1,1,1,1,1,1,1,,
1096,102,25,24,102-25-24,02-REP,,,,,,,,,,,,,,,,,,1,1,0,0,1,0,0,1,1,1,0,1,1,1,1,1,1,1,1,,
1097,102,25,21,102-25-21,02-REP,,,,,,,,,,,,,,,,,,1,1,1,0,0,0,0,1,1,0,1,1,1,1,1,1,1,1,1,,
1098,102,25,11,102-25-11,02-REP,,,,,,,,,,,,,,,,,,1,1,0,0,1,0,0,1,1,1,0,1,1,1,1,1,1,1,1,,
1099,102,25,3,102-25-3,02-REP,,,,,,,,,,,,,,,,,,1,1,1,0,0,0,0,1,1,1,0,1,1,1,1,1,1,1,1,,
1100,102,25,36,102-25-36,02-REP,,,,,,,,,,,,,,,,,,1,1,0,0,1,0,0,1,1,1,0,1,1,1,1,1,1,1,1,,
1101,102,25,35,102-25-35,02-REP,,,,,,,,,,,,,,,,,,1,1,0,0,1,0,0,1,1,1,0,1,1,1,1,1,1,1,1,,
1102,102,25,23,102-25-23,02-REP,,,,,,,,,,,,,,,,,,1,1,0,0,1,0,0,1,1,1,0,1,1,1,1,1,1,1,1,,
1103,102,25,12,102-25-12,02-REP,,,,,,,,,,,,,,,,,,1,1,0,0,1,0,0,1,1,1,0,1,1,1,1,1,1,1,1,,
1104,102,25,1,102-25-1,02-REP,,,,,,,,,,,,,,,,,,1,1,0,0,1,0,0,1,1,0,1,1,1,1,1,1,1,1,1,,
1105,102,25,44,102-25-44,02-REP,,,,,,,,,,,,,,,,,,1,1,0,0,1,0,0,1,1,1,0,1,1,1,1,1,1,1,1,,
1106,102,25,43,102-25-43,02-REP,,,,,,,,,,,,,,,,,,1,1,0,1,0,0,0,1,1,1,0,1,1,1,1,1,1,1,1,,
1107,102,25,28,102-25-28,02-REP,,,,,,,,,,,,,,,,,,1,1,0,0,1,0,0,1,1,1,0,1,1,1,1,1,1,1,1,,
1108,102,25,27,102-25-27,02-REP,,,,,,,,,,,,,,,,,,1,1,0,0,1,0,0,1,1,1,0,1,1,1,1,1,1,1,1,,
1109,102,25,22,102-25-22,02-REP,,,,,,,,,,,,,,,,,,1,1,1,0,0,0,0,1,1,0,1,1,1,1,1,0,0,0,0,,
1110,102,25,13,102-25-13,02-REP,,,,,,,,,,,,,,,,,,1,1,0,1,0,0,0,1,1,1,0,1,1,1,1,1,1,1,1,,
1111,102,25,10,102-25-10,02-REP,,,,,,,,,,,,,,,,,,0,0,0,0,1,0,0,0,0,0,0,1,1,0,1,1,1,1,1,,
1112,102,25,38,102-25-38,02-REP,,,,,,,,,,,,,,,,,,1,1,0,1,0,0,0,1,1,1,0,1,1,1,1,1,1,1,1,,
1113,102,25,37,102-25-37,02-REP,,,,,,,,,,,,,,,,,,0,1,1,0,0,0,0,1,0,1,0,0,1,0,1,1,1,1,1,,
1114,102,25,26,102-25-26,02-REP,,,,,,,,,,,,,,,,,,1,1,0,0,1,0,0,1,1,1,0,1,1,1,1,1,1,1,1,,
1115,102,25,14,102-25-14,02-REP,,,,,,,,,,,,,,,,,,1,1,1,0,0,0,0,1,1,1,0,1,0,1,1,1,1,1,1,,
1116,102,25,2,102-25-2,02-REP,,,,,,,,,,,,,,,,,,1,1,0,1,0,0,0,1,1,0,1,1,1,1,1,1,1,1,1,,
1117,102,25,42,102-25-42,02-REP,,,,,,,,,,,,,,,,,,0,0,0,1,0,0,0,0,0,0,1,0,0,0,0,0,0,0,0,,
1118,102,25,41,102-25-41,02-REP,,,,,,,,,,,,,,,,,,0,0,0,1,0,0,0,0,0,1,0,0,0,0,0,0,0,0,0,,
1119,102,25,29,102-25-29,02-REP,,,,,,,,,,,,,,,,,,0,1,0,0,1,0,0,1,1,1,0,1,1,1,1,1,1,1,1,,
1120,102,25,15,102-25-15,02-REP,,,,,,,,,,,,,,,,,,1,1,1,0,0,0,0,1,1,1,0,1,0,1,1,1,1,1,1,,
1121,102,25,4,102-25-4,02-REP,,,,,,,,,,,,,,,,,,1,1,0,0,1,0,0,1,1,1,0,1,1,1,1,1,1,1,1,,
1122,102,25,48,102-25-48,02-REP,,,,,,,,,,,,,,,,,,0,0,1,0,0,0,0,0,0,1,0,0,0,0,0,0,0,0,0,,
1123,102,25,47,102-25-47,02-REP,,,,,,,,,,,,,,,,,,1,1,0,0,1,0,0,1,1,0,1,1,0,1,1,1,1,1,1,,
1124,102,25,30,102-25-30,02-REP,,,,,,,,,,,,,,,,,,1,1,1,0,0,0,0,1,1,1,0,1,1,1,1,1,1,1,1,,
1125,102,25,16,102-25-16,02-REP,,,,,,,,,,,,,,,,,,1,1,1,0,0,0,0,1,1,1,0,1,0,1,1,1,1,1,1,,
1126,102,25,6,102-25-6,02-REP,,,,,,,,,,,,,,,,,,1,1,1,0,0,0,0,1,1,1,0,1,1,1,1,1,1,1,1,,
1127,102,25,46,102-25-46,02-REP,,,,,,,,,,,,,,,,,,1,1,0,0,1,0,0,1,1,1,0,1,0,1,1,1,1,1,1,,
1128,102,25,45,102-25-45,02-REP,,,,,,,,,,,,,,,,,,1,1,0,0,1,0,0,1,1,1,0,1,1,1,1,1,1,1,1,,
1129,102,25,31,102-25-31,02-REP,,,,,,,,,,,,,,,,,,0,0,0,0,1,0,0,0,0,0,0,0,0,0,1,0,0,0,0,,
1130,102,25,17,102-25-17,02-REP,,,,,,,,,,,,,,,,,,1,1,0,1,0,0,0,1,1,1,0,1,1,1,1,0,0,0,0,,
1131,102,25,8,102-25-8,02-REP,,,,,,,,,,,,,,,,,,1,1,0,1,0,0,0,1,1,0,1,1,1,1,1,1,1,1,1,,
1132,102,25,34,102-25-34,02-REP,,,,,,,,,,,,,,,,,,1,1,0,0,1,0,0,1,1,1,0,1,1,1,1,1,1,1,1,,
1133,102,25,18,102-25-18,02-REP,,,,,,,,,,,,,,,,,,1,1,0,0,1,0,0,1,1,0,1,1,1,1,1,1,1,1,1,,
1134,102,25,9,102-25-9,02-REP,,,,,,,,,,,,,,,,,,1,0,1,0,0,0,0,1,1,1,0,1,1,1,1,1,1,1,1,,
1135,102,25,50,102-25-50,02-REP,,,,,,,,,,,,,,,,,,0,0,0,1,0,0,0,0,0,0,1,0,0,0,0,0,0,0,0,,
1136,102,25,49,102-25-49,02-REP,,,,,,,,,,,,,,,,,,1,1,1,0,0,0,0,1,1,1,0,1,1,1,1,1,1,1,1,,
1137,102,25,32,102-25-32,02-REP,,,,,,,,,,,,,,,,,,1,1,1,0,0,0,0,1,1,0,1,1,1,1,1,1,1,1,1,,
1138,102,25,19,102-25-19,02-REP,,,,,,,,,,,,,,,,,,1,1,0,1,0,0,0,1,1,1,0,1,1,0,1,1,1,1,1,,
1139,102,25,7,102-25-7,02-REP,,,,,,,,,,,,,,,,,,1,0,0,1,0,0,0,1,1,0,1,1,1,1,1,1,1,1,1,,
1140,102,25,33,102-25-33,02-REP,,,,,,,,,,,,,,,,,,0,0,0,0,1,0,0,0,1,1,0,1,1,1,1,0,1,1,1,,
1141,102,25,20,102-25-20,02-REP,,,,,,,,,,,,,,,,,,0,0,0,1,0,0,0,0,0,0,0,0,0,0,0,0,0,0,0,,
1142,102,25,5,102-25-5,02-REP,,,,,,,,,,,,,,,,,,1,1,1,0,0,0,0,1,1,1,0,1,1,1,1,1,1,1,1,,
1143,102,26,58,102-26-58,01-DEM,0,1,0,0,0,0,1,0,0,0,1,0,0,0,0,,,,,,,,,,,,,,,,,,,,,,,
1144,102,26,57,102-26-57,01-DEM,0,1,1,0,0,0,1,0,0,0,1,0,0,0,0,,,,,,,,,,,,,,,,,,,,,,,
1145,102,26,38,102-26-38,01-DEM,0,1,1,0,0,1,0,0,1,1,0,0,1,0,1,,,,,,,,,,,,,,,,,,,,,,,
1146,102,26,37,102-26-37,01-DEM,0,1,1,0,0,0,1,0,1,1,1,0,0,0,1,,,,,,,,,,,,,,,,,,,,,,,
1147,102,26,21,102-26-21,02-REP,,,,,,,,,,,,,,,,,,1,1,0,1,0,0,0,1,1,1,0,1,1,1,1,1,1,1,1,,
1148,102,26,11,102-26-11,01-DEM,0,1,1,0,0,1,0,0,1,1,0,0,1,0,1,,,,,,,,,,,,,,,,,,,,,,,
1149,102,26,2,102-26-2,02-REP,,,,,,,,,,,,,,,,,,1,1,0,1,0,0,0,1,1,1,0,1,1,1,1,1,1,1,1,,
1150,102,26,42,102-26-42,01-DEM,1,0,1,0,0,1,0,1,0,1,1,0,0,0,1,,,,,,,,,,,,,,,,,,,,,,,
1151,102,26,41,102-26-41,01-DEM,0,1,1,0,0,0,1,1,0,1,1,0,0,0,1,,,,,,,,,,,,,,,,,,,,,,,
1152,102,26,26,102-26-26,01-DEM,0,1,0,0,0,0,1,0,0,0,1,0,0,0,0,,,,,,,,,,,,,,,,,,,,,,,
1153,102,26,12,102-26-12,02-REP,,,,,,,,,,,,,,,,,,1,1,0,0,1,0,0,1,1,0,1,1,1,1,1,1,1,1,1,,
1154,102,26,1,102-26-1,02-REP,,,,,,,,,,,,,,,,,,1,1,1,0,0,0,0,1,1,0,0,1,1,1,1,1,1,1,1,,
1155,102,26,56,102-26-56,01-DEM,1,0,1,0,0,1,0,1,0,1,0,0,1,0,1,,,,,,,,,,,,,,,,,,,,,,,
1156,102,26,55,102-26-55,01-DEM,1,0,1,0,0,0,1,0,1,1,1,0,0,0,1,,,,,,,,,,,,,,,,,,,,,,,
1157,102,26,36,102-26-36,01-DEM,0,1,1,0,0,0,1,0,1,1,1,0,0,0,1,,,,,,,,,,,,,,,,,,,,,,,
1158,102,26,35,102-26-35,01-DEM,0,1,1,0,0,0,1,1,0,1,1,0,0,0,1,,,,,,,,,,,,,,,,,,,,,,,
1159,102,26,23,102-26-23,01-DEM,0,1,1,0,0,1,0,1,0,1,1,0,0,0,1,,,,,,,,,,,,,,,,,,,,,,,
1160,102,26,13,102-26-13,02-REP,,,,,,,,,,,,,,,,,,1,1,0,0,1,0,0,1,1,1,0,1,1,1,1,1,1,1,1,,
1161,102,26,6,102-26-6,01-DEM,0,1,1,0,0,0,1,1,0,1,1,0,0,0,1,,,,,,,,,,,,,,,,,,,,,,,
1162,102,26,59,102-26-59,02-REP,,,,,,,,,,,,,,,,,,1,1,0,0,1,0,0,1,1,1,0,1,1,1,1,1,1,1,1,,
1163,102,26,40,102-26-40,01-DEM,0,1,1,0,0,0,1,0,1,1,1,0,0,0,1,,,,,,,,,,,,,,,,,,,,,,,
1164,102,26,39,102-26-39,01-DEM,0,1,1,0,0,0,1,1,0,1,1,0,0,0,1,,,,,,,,,,,,,,,,,,,,,,,
1165,102,26,22,102-26-22,02-REP,,,,,,,,,,,,,,,,,,1,1,0,1,0,0,0,1,1,1,0,1,1,1,1,1,1,1,1,,
1166,102,26,14,102-26-14,01-DEM,0,1,1,0,0,0,1,1,0,1,0,1,0,0,1,,,,,,,,,,,,,,,,,,,,,,,
1167,102,26,7,102-26-7,01-DEM,0,1,1,0,0,0,1,1,0,1,1,0,0,0,1,,,,,,,,,,,,,,,,,,,,,,,
1168,102,26,52,102-26-52,02-REP,,,,,,,,,,,,,,,,,,1,1,0,1,0,0,0,1,1,1,0,1,1,1,1,1,1,1,1,,
1169,102,26,51,102-26-51,01-DEM,0,1,1,0,0,0,1,1,0,1,1,0,0,0,1,,,,,,,,,,,,,,,,,,,,,,,
1170,102,26,32,102-26-32,01-DEM,1,0,1,0,0,1,0,1,0,1,1,0,0,0,1,,,,,,,,,,,,,,,,,,,,,,,
1171,102,26,31,102-26-31,01-DEM,1,0,1,0,0,1,0,1,0,1,1,0,0,0,1,,,,,,,,,,,,,,,,,,,,,,,
1172,102,26,24,102-26-24,01-DEM,1,0,1,0,0,1,0,0,1,1,1,0,0,0,1,,,,,,,,,,,,,,,,,,,,,,,
1173,102,26,15,102-26-15,02-REP,,,,,,,,,,,,,,,,,,1,1,1,0,0,0,0,1,1,1,0,1,1,1,1,1,1,1,1,,
1174,102,26,3,102-26-3,02-REP,,,,,,,,,,,,,,,,,,1,1,0,1,0,0,0,1,1,1,0,1,1,1,1,1,1,1,1,,
1175,102,26,54,102-26-54,02-REP,,,,,,,,,,,,,,,,,,0,0,0,0,1,0,0,0,0,0,1,0,0,0,0,0,0,0,0,,
1176,102,26,53,102-26-53,02-REP,,,,,,,,,,,,,,,,,,1,1,0,1,0,0,0,1,1,1,0,1,1,1,1,1,1,1,1,,
1177,102,26,34,102-26-34,01-DEM,0,1,1,0,0,0,1,0,1,1,0,0,0,1,1,,,,,,,,,,,,,,,,,,,,,,,
1178,102,26,33,102-26-33,01-DEM,0,1,1,0,0,0,1,1,0,1,1,0,0,0,1,,,,,,,,,,,,,,,,,,,,,,,
1179,102,26,25,102-26-25,01-DEM,1,0,1,0,0,1,0,0,1,1,1,0,0,0,1,,,,,,,,,,,,,,,,,,,,,,,
1180,102,26,16,102-26-16,02-REP,,,,,,,,,,,,,,,,,,1,1,0,1,0,0,0,1,1,0,1,1,1,1,1,1,1,1,1,,
1181,102,26,5,102-26-5,02-REP,,,,,,,,,,,,,,,,,,1,1,0,1,0,0,0,1,1,1,0,1,1,1,1,1,1,1,1,,
1182,102,26,46,102-26-46,02-REP,,,,,,,,,,,,,,,,,,1,1,0,1,0,0,0,1,1,0,1,1,1,1,1,1,1,1,1,,
1183,102,26,45,102-26-45,01-DEM,0,1,0,0,0,0,1,0,1,0,0,0,1,0,0,,,,,,,,,,,,,,,,,,,,,,,
1184,102,26,27,102-26-27,01-DEM,0,1,1,0,0,0,1,1,0,1,1,0,0,0,1,,,,,,,,,,,,,,,,,,,,,,,
1185,102,26,17,102-26-17,02-REP,,,,,,,,,,,,,,,,,,1,1,0,0,1,0,0,1,1,0,1,1,1,1,1,1,1,1,1,,
1186,102,26,10,102-26-10,02-REP,,,,,,,,,,,,,,,,,,1,1,0,0,1,0,0,1,1,1,0,1,1,1,1,1,1,1,1,,
1187,102,26,44,102-26-44,01-DEM,1,0,1,0,0,1,0,0,1,1,0,1,0,0,1,,,,,,,,,,,,,,,,,,,,,,,
1188,102,26,43,102-26-43,01-DEM,1,0,1,0,0,1,0,1,0,1,0,1,0,0,1,,,,,,,,,,,,,,,,,,,,,,,
1189,102,26,29,102-26-29,01-DEM,0,1,1,0,0,0,1,0,0,1,1,0,0,0,1,,,,,,,,,,,,,,,,,,,,,,,
1190,102,26,18,102-26-18,02-REP,,,,,,,,,,,,,,,,,,1,1,0,0,1,0,0,1,1,1,0,1,1,1,1,1,1,1,1,,
1191,102,26,8,102-26-8,02-REP,,,,,,,,,,,,,,,,,,1,1,0,1,0,0,0,1,1,1,0,1,1,1,1,1,1,1,1,,
1192,102,26,50,102-26-50,01-DEM,0,1,0,0,0,0,1,0,1,0,0,0,0,0,0,,,,,,,,,,,,,,,,,,,,,,,
1193,102,26,49,102-26-49,02-REP,,,,,,,,,,,,,,,,,,1,0,0,1,0,0,0,1,1,0,1,1,1,1,1,1,1,1,1,,
1194,102,26,28,102-26-28,01-DEM,0,1,1,0,0,0,1,0,0,1,0,0,0,0,1,,,,,,,,,,,,,,,,,,,,,,,
1195,102,26,19,102-26-19,01-DEM,1,0,1,0,0,1,0,1,0,1,0,1,0,0,1,,,,,,,,,,,,,,,,,,,,,,,
1196,102,26,9,102-26-9,02-REP,,,,,,,,,,,,,,,,,,1,1,0,0,1,0,0,1,1,0,1,1,1,1,1,1,1,1,1,,
1197,102,26,48,102-26-48,01-DEM,0,1,1,0,0,0,1,1,0,1,1,0,0,0,1,,,,,,,,,,,,,,,,,,,,,,,
1198,102,26,47,102-26-47,02-REP,,,,,,,,,,,,,,,,,,0,1,0,1,0,0,0,1,1,1,0,1,1,1,1,1,1,1,1,,
1199,102,26,30,102-26-30,01-DEM,0,1,1,0,0,1,0,0,1,1,0,0,0,1,1,,,,,,,,,,,,,,,,,,,,,,,
1200,102,26,20,102-26-20,01-DEM,1,0,1,0,0,0,1,0,1,1,0,0,0,1,1,,,,,,,,,,,,,,,,,,,,,,,
1201,102,26,4,102-26-4,02-REP,,,,,,,,,,,,,,,,,,0,1,1,0,0,0,0,1,1,0,1,1,1,0,1,1,1,1,1,,
1202,102,27,38,102-27-38,02-REP,,,,,,,,,,,,,,,,,,1,0,0,0,1,0,0,1,1,1,0,1,1,1,1,1,1,1,1,,
1203,102,27,37,102-27-37,02-REP,,,,,,,,,,,,,,,,,,1,1,1,0,0,0,0,1,1,1,0,1,1,1,1,1,1,1,1,,
1204,102,27,24,102-27-24,02-REP,,,,,,,,,,,,,,,,,,1,1,0,0,1,0,0,1,1,1,0,1,0,1,1,1,1,1,1,,
1205,102,27,23,102-27-23,02-REP,,,,,,,,,,,,,,,,,,1,1,0,0,1,0,0,1,1,1,0,1,1,1,1,1,1,1,1,,
1206,102,27,16,102-27-16,02-REP,,,,,,,,,,,,,,,,,,0,0,0,0,1,0,0,0,0,0,0,0,0,1,0,0,0,0,0,,
1207,102,27,11,102-27-11,02-REP,,,,,,,,,,,,,,,,,,1,1,0,0,1,0,0,1,1,0,1,1,1,1,1,1,1,1,1,,
1208,102,27,1,102-27-1,02-REP,,,,,,,,,,,,,,,,,,0,1,0,0,1,0,0,0,0,1,0,0,1,1,0,0,0,0,0,,
1209,102,27,40,102-27-40,02-REP,,,,,,,,,,,,,,,,,,1,1,0,0,1,0,0,1,1,1,0,1,1,1,1,1,1,1,1,,
1210,102,27,39,102-27-39,02-REP,,,,,,,,,,,,,,,,,,1,1,1,0,0,0,0,1,1,0,1,1,1,1,1,1,1,1,1,,
1211,102,27,27,102-27-27,02-REP,,,,,,,,,,,,,,,,,,1,1,1,0,0,0,0,1,1,1,0,1,1,1,1,1,1,1,1,,
1212,102,27,26,102-27-26,02-REP,,,,,,,,,,,,,,,,,,1,1,1,0,0,0,0,1,1,1,0,1,1,0,1,0,1,1,1,,
1213,102,27,12,102-27-12,02-REP,,,,,,,,,,,,,,,,,,1,1,0,0,1,0,0,1,1,1,0,1,1,1,1,1,1,1,1,,
1214,102,27,9,102-27-9,02-REP,,,,,,,,,,,,,,,,,,0,0,0,0,1,0,0,0,0,0,0,1,1,1,1,1,1,1,1,,
1215,102,27,36,102-27-36,02-REP,,,,,,,,,,,,,,,,,,1,1,0,0,1,0,0,1,1,1,0,1,1,1,1,1,1,1,1,,
1216,102,27,35,102-27-35,02-REP,,,,,,,,,,,,,,,,,,1,1,0,1,0,0,0,1,1,1,0,1,1,1,1,1,1,1,1,,
1217,102,27,25,102-27-25,02-REP,,,,,,,,,,,,,,,,,,1,1,1,0,0,0,0,1,1,1,0,1,1,1,1,1,1,1,1,,
1218,102,27,13,102-27-13,02-REP,,,,,,,,,,,,,,,,,,1,1,0,0,1,0,0,1,1,0,1,1,1,1,1,1,1,1,1,,
1219,102,27,2,102-27-2,02-REP,,,,,,,,,,,,,,,,,,1,1,0,1,0,0,0,1,1,0,1,1,1,1,1,0,0,0,0,,
1220,102,27,42,102-27-42,02-REP,,,,,,,,,,,,,,,,,,1,1,0,0,1,0,0,1,1,1,0,1,1,1,1,1,1,1,1,,
1221,102,27,41,102-27-41,02-REP,,,,,,,,,,,,,,,,,,1,1,0,1,0,0,0,1,1,0,1,1,1,1,1,1,1,1,1,,
1222,102,27,28,102-27-28,02-REP,,,,,,,,,,,,,,,,,,1,0,0,0,1,0,0,1,1,1,0,1,1,1,1,1,1,1,1,,
1223,102,27,14,102-27-14,02-REP,,,,,,,,,,,,,,,,,,1,1,0,1,0,0,0,1,1,0,1,1,1,1,1,1,1,1,1,,
1224,102,27,5,102-27-5,02-REP,,,,,,,,,,,,,,,,,,1,1,0,1,0,0,0,1,1,0,1,1,1,1,1,1,1,1,1,,
1225,102,27,44,102-27-44,02-REP,,,,,,,,,,,,,,,,,,0,0,0,1,0,0,0,1,1,0,1,0,1,1,1,1,1,1,1,,
1226,102,27,43,102-27-43,02-REP,,,,,,,,,,,,,,,,,,1,1,0,0,1,0,0,1,1,1,0,1,1,1,1,1,1,1,1,,
1227,102,27,29,102-27-29,02-REP,,,,,,,,,,,,,,,,,,1,1,0,1,0,0,0,1,1,0,1,1,1,1,1,1,1,1,1,,
1228,102,27,15,102-27-15,02-REP,,,,,,,,,,,,,,,,,,0,1,0,0,1,0,0,1,1,0,1,1,1,1,1,1,1,1,1,,
1229,102,27,4,102-27-4,02-REP,,,,,,,,,,,,,,,,,,1,0,0,0,1,0,0,1,1,0,0,1,1,1,1,1,1,1,1,,
1230,102,27,46,102-27-46,02-REP,,,,,,,,,,,,,,,,,,1,1,0,0,1,0,0,1,1,1,0,1,1,1,1,1,1,1,1,,
1231,102,27,45,102-27-45,02-REP,,,,,,,,,,,,,,,,,,1,1,0,0,1,0,0,1,1,0,1,1,1,1,1,1,1,1,1,,
1232,102,27,30,102-27-30,02-REP,,,,,,,,,,,,,,,,,,1,1,0,0,1,0,0,1,1,0,1,1,1,1,1,1,1,1,1,,
1233,102,27,17,102-27-17,02-REP,,,,,,,,,,,,,,,,,,1,1,0,1,0,0,0,1,1,1,0,1,1,1,1,1,1,1,1,,
1234,102,27,6,102-27-6,02-REP,,,,,,,,,,,,,,,,,,1,0,1,0,0,0,0,1,1,1,0,1,1,1,1,1,1,1,1,,
1235,102,27,34,102-27-34,02-REP,,,,,,,,,,,,,,,,,,1,1,0,1,0,0,0,1,1,1,0,1,1,1,1,1,1,1,1,,
1236,102,27,18,102-27-18,02-REP,,,,,,,,,,,,,,,,,,1,0,0,0,1,0,0,1,1,1,0,1,1,1,1,1,1,1,1,,
1237,102,27,3,102-27-3,02-REP,,,,,,,,,,,,,,,,,,1,1,0,1,0,0,0,1,1,1,0,1,1,1,1,1,1,1,1,,
1238,102,27,31,102-27-31,02-REP,,,,,,,,,,,,,,,,,,1,1,0,1,0,0,0,1,1,0,1,1,1,1,1,1,1,1,1,,
1239,102,27,19,102-27-19,02-REP,,,,,,,,,,,,,,,,,,1,1,0,1,0,0,0,1,1,0,1,1,1,1,1,1,1,1,1,,
1240,102,27,10,102-27-10,02-REP,,,,,,,,,,,,,,,,,,1,1,0,0,1,0,0,0,1,1,0,1,1,1,0,1,1,1,1,,
1241,102,27,48,102-27-48,02-REP,,,,,,,,,,,,,,,,,,1,1,1,0,0,0,0,1,1,1,0,1,0,1,1,1,1,1,1,,
1242,102,27,47,102-27-47,02-REP,,,,,,,,,,,,,,,,,,1,1,0,0,1,0,0,1,1,1,0,1,1,1,1,0,0,0,0,,
1243,102,27,32,102-27-32,02-REP,,,,,,,,,,,,,,,,,,1,1,0,1,0,0,0,1,1,0,1,1,1,1,1,1,1,1,1,,
1244,102,27,20,102-27-20,02-REP,,,,,,,,,,,,,,,,,,1,1,0,0,1,0,0,1,1,1,0,1,1,0,1,1,1,1,1,,
1245,102,27,7,102-27-7,02-REP,,,,,,,,,,,,,,,,,,1,0,1,0,0,0,0,1,1,1,0,1,1,1,1,1,1,1,1,,
1246,102,27,50,102-27-50,02-REP,,,,,,,,,,,,,,,,,,1,1,0,0,1,0,0,1,1,1,0,1,1,1,1,1,1,1,1,,
1247,102,27,49,102-27-49,02-REP,,,,,,,,,,,,,,,,,,0,0,1,0,0,0,0,0,0,0,1,0,0,1,0,1,0,0,0,,
1248,102,27,33,102-27-33,02-REP,,,,,,,,,,,,,,,,,,1,1,0,1,0,0,0,1,1,1,0,1,1,1,1,1,1,1,1,,
1249,102,27,21,102-27-21,02-REP,,,,,,,,,,,,,,,,,,1,0,0,0,1,0,0,1,1,1,0,1,1,1,1,1,1,1,1,,
1250,102,27,8,102-27-8,02-REP,,,,,,,,,,,,,,,,,,1,1,0,0,1,0,0,1,1,1,0,1,1,1,1,1,1,1,1,,
1251,102,27,22,102-27-22,02-REP,,,,,,,,,,,,,,,,,,0,0,0,0,0,0,0,0,0,0,0,0,0,0,0,0,0,0,0,,
1252,102,28,56,102-28-56,02-REP,,,,,,,,,,,,,,,,,,1,0,0,1,0,0,0,1,1,1,0,1,0,0,1,1,1,1,1,,
1253,102,28,55,102-28-55,02-REP,,,,,,,,,,,,,,,,,,1,1,0,0,1,0,0,1,1,1,0,1,1,0,1,1,1,1,1,,
1254,102,28,44,102-28-44,02-REP,,,,,,,,,,,,,,,,,,1,1,0,1,0,0,0,1,1,0,0,1,1,1,1,1,1,1,1,,
1255,102,28,43,102-28-43,02-REP,,,,,,,,,,,,,,,,,,0,0,0,0,1,0,0,0,0,0,0,0,0,0,0,0,0,0,0,,
1256,102,28,26,102-28-26,02-REP,,,,,,,,,,,,,,,,,,1,0,1,0,0,0,0,1,1,0,1,1,1,1,1,0,0,0,0,,
1257,102,28,25,102-28-25,02-REP,,,,,,,,,,,,,,,,,,1,1,0,1,0,0,0,1,1,0,1,1,1,1,1,1,1,1,1,,
1258,102,28,21,102-28-21,02-REP,,,,,,,,,,,,,,,,,,1,1,1,0,0,0,0,1,1,0,1,1,1,1,1,1,1,1,1,,
1259,102,28,11,102-28-11,02-REP,,,,,,,,,,,,,,,,,,0,0,0,0,1,0,0,0,0,1,0,0,0,0,0,1,1,1,1,,
1260,102,28,8,102-28-8,01-DEM,1,0,1,0,0,1,0,1,0,1,1,0,0,0,1,,,,,,,,,,,,,,,,,,,,,,,
1261,102,28,60,102-28-60,02-REP,,,,,,,,,,,,,,,,,,1,1,0,0,1,0,0,1,1,1,0,1,1,1,1,1,1,1,1,,
1262,102,28,59,102-28-59,02-REP,,,,,,,,,,,,,,,,,,1,1,0,1,0,0,0,1,1,1,0,1,1,1,1,1,1,1,1,,
1263,102,28,36,102-28-36,02-REP,,,,,,,,,,,,,,,,,,0,1,1,0,0,0,0,1,1,1,0,1,1,1,1,1,1,1,1,,
1264,102,28,35,102-28-35,02-REP,,,,,,,,,,,,,,,,,,1,1,0,1,0,0,0,1,1,0,1,1,1,1,1,1,1,1,1,,
1265,102,28,22,102-28-22,02-REP,,,,,,,,,,,,,,,,,,1,1,0,1,0,0,0,1,1,0,1,1,1,1,1,1,1,1,1,,
1266,102,28,12,102-28-12,01-DEM,1,0,1,0,0,0,1,1,0,1,1,0,0,0,1,,,,,,,,,,,,,,,,,,,,,,,
1267,102,28,1,102-28-1,01-DEM,0,1,0,0,0,0,1,1,0,0,1,0,0,0,0,,,,,,,,,,,,,,,,,,,,,,,
1268,102,28,62,102-28-62,02-REP,,,,,,,,,,,,,,,,,,1,1,0,1,0,0,0,1,1,1,0,1,1,1,1,1,1,1,1,,
1269,102,28,61,102-28-61,02-REP,,,,,,,,,,,,,,,,,,0,0,0,0,0,0,0,0,0,0,0,0,0,1,1,1,1,1,1,,
1270,102,28,38,102-28-38,02-REP,,,,,,,,,,,,,,,,,,1,1,0,1,0,0,0,1,1,0,1,1,1,1,1,1,1,1,1,,
1271,102,28,37,102-28-37,02-REP,,,,,,,,,,,,,,,,,,1,1,1,0,0,0,0,1,1,1,0,1,1,1,1,1,1,1,1,,
1272,102,28,23,102-28-23,02-REP,,,,,,,,,,,,,,,,,,1,1,1,0,0,0,0,1,1,0,1,1,1,1,1,1,1,1,1,,
1273,102,28,13,102-28-13,01-DEM,0,1,1,0,0,0,1,1,0,0,1,0,0,0,1,,,,,,,,,,,,,,,,,,,,,,,
1274,102,28,2,102-28-2,01-DEM,0,1,1,0,0,1,0,0,1,1,1,0,0,0,1,,,,,,,,,,,,,,,,,,,,,,,
1275,102,28,54,102-28-54,02-REP,,,,,,,,,,,,,,,,,,1,1,1,0,0,0,0,1,1,1,0,1,1,1,1,1,1,1,1,,
1276,102,28,53,102-28-53,02-REP,,,,,,,,,,,,,,,,,,1,1,0,1,0,0,0,1,1,0,1,1,1,1,1,1,1,1,1,,
1277,102,28,34,102-28-34,01-DEM,0,1,1,0,0,0,1,0,1,1,0,1,0,0,1,,,,,,,,,,,,,,,,,,,,,,,
1278,102,28,33,102-28-33,01-DEM,0,1,1,0,0,0,1,0,1,1,1,0,0,0,1,,,,,,,,,,,,,,,,,,,,,,,
1279,102,28,24,102-28-24,01-DEM,0,1,0,0,0,0,1,1,0,0,1,0,0,0,0,,,,,,,,,,,,,,,,,,,,,,,
1280,102,28,14,102-28-14,02-REP,,,,,,,,,,,,,,,,,,0,0,0,0,1,0,0,0,0,0,1,0,0,0,0,0,0,0,0,,
1281,102,28,5,102-28-5,02-REP,,,,,,,,,,,,,,,,,,1,1,1,0,0,0,0,1,1,1,0,1,1,1,1,1,1,1,1,,
1282,102,28,58,102-28-58,02-REP,,,,,,,,,,,,,,,,,,1,1,0,1,0,0,0,1,1,0,1,1,1,1,1,1,1,1,1,,
1283,102,28,57,102-28-57,02-REP,,,,,,,,,,,,,,,,,,1,1,0,1,0,0,0,1,1,0,1,1,1,1,1,1,1,1,1,,
1284,102,28,40,102-28-40,01-DEM,1,0,1,0,0,1,0,1,0,1,0,1,0,0,1,,,,,,,,,,,,,,,,,,,,,,,
1285,102,28,39,102-28-39,01-DEM,1,0,1,0,0,1,0,1,0,1,0,1,0,0,1,,,,,,,,,,,,,,,,,,,,,,,
1286,102,28,27,102-28-27,01-DEM,0,1,1,0,0,0,1,1,0,1,1,0,0,0,1,,,,,,,,,,,,,,,,,,,,,,,
1287,102,28,15,102-28-15,01-DEM,0,1,0,0,0,1,0,1,0,1,0,0,1,0,1,,,,,,,,,,,,,,,,,,,,,,,
1288,102,28,7,102-28-7,01-DEM,0,1,1,0,0,1,0,0,1,1,0,0,1,0,1,,,,,,,,,,,,,,,,,,,,,,,
1289,102,28,64,102-28-64,02-REP,,,,,,,,,,,,,,,,,,1,1,0,0,1,0,0,1,1,1,0,1,1,1,1,1,1,1,1,,
1290,102,28,63,102-28-63,02-REP,,,,,,,,,,,,,,,,,,1,1,0,0,1,0,0,1,1,1,0,1,1,1,1,1,1,1,1,,
1291,102,28,42,102-28-42,02-REP,,,,,,,,,,,,,,,,,,1,1,0,0,1,0,0,1,1,0,1,0,1,0,0,0,0,0,1,,
1292,102,28,41,102-28-41,02-REP,,,,,,,,,,,,,,,,,,0,0,0,0,1,0,0,0,0,0,0,1,1,0,1,1,1,1,1,,
1293,102,28,29,102-28-29,01-DEM,0,1,1,0,0,0,0,1,0,1,0,0,1,0,1,,,,,,,,,,,,,,,,,,,,,,,
1294,102,28,16,102-28-16,02-REP,,,,,,,,,,,,,,,,,,1,1,0,1,0,0,0,1,1,1,0,1,1,1,1,1,1,1,1,,
1295,102,28,6,102-28-6,01-DEM,1,0,1,0,0,1,0,0,1,1,1,0,0,0,1,,,,,,,,,,,,,,,,,,,,,,,
1296,102,28,50,102-28-50,02-REP,,,,,,,,,,,,,,,,,,1,1,0,0,1,0,0,1,1,1,0,1,1,1,1,1,1,1,1,,
1297,102,28,49,102-28-49,02-REP,,,,,,,,,,,,,,,,,,1,1,0,0,1,0,0,1,1,1,0,1,1,1,1,1,1,1,1,,
1298,102,28,17,102-28-17,02-REP,,,,,,,,,,,,,,,,,,1,1,0,0,1,0,0,1,1,1,0,1,1,1,1,1,1,1,1,,
1299,102,28,4,102-28-4,02-REP,,,,,,,,,,,,,,,,,,1,1,0,0,1,0,0,1,1,1,0,1,1,1,1,0,0,0,0,,
1300,102,28,48,102-28-48,02-REP,,,,,,,,,,,,,,,,,,0,1,0,1,0,0,0,0,0,0,0,1,1,1,1,1,1,1,1,,
1301,102,28,47,102-28-47,02-REP,,,,,,,,,,,,,,,,,,1,1,0,0,1,0,0,1,1,1,0,1,1,0,1,1,1,0,1,,
1302,102,28,31,102-28-31,01-DEM,0,1,1,0,0,0,1,1,0,1,1,0,0,0,1,,,,,,,,,,,,,,,,,,,,,,,
1303,102,28,18,102-28-18,02-REP,,,,,,,,,,,,,,,,,,1,1,0,0,1,0,0,0,1,1,0,1,1,1,1,1,1,1,1,,
1304,102,28,9,102-28-9,02-REP,,,,,,,,,,,,,,,,,,1,1,0,0,1,0,0,1,1,1,0,1,1,1,1,1,1,1,1,,
1305,102,28,66,102-28-66,02-REP,,,,,,,,,,,,,,,,,,1,1,0,1,0,0,0,1,1,1,0,1,1,1,1,1,1,1,1,,
1306,102,28,65,102-28-65,02-REP,,,,,,,,,,,,,,,,,,1,1,1,0,0,0,0,1,1,1,0,1,1,1,1,1,1,1,1,,
1307,102,28,46,102-28-46,02-REP,,,,,,,,,,,,,,,,,,1,1,0,1,0,0,0,1,1,1,0,1,1,1,1,1,1,1,1,,
1308,102,28,45,102-28-45,02-REP,,,,,,,,,,,,,,,,,,1,1,0,0,1,0,0,1,1,1,0,1,1,1,1,1,1,1,1,,
1309,102,28,28,102-28-28,01-DEM,0,1,0,0,0,0,1,0,0,0,0,0,0,0,0,,,,,,,,,,,,,,,,,,,,,,,
1310,102,28,19,102-28-19,01-DEM,1,0,1,0,0,1,0,0,1,1,0,1,0,0,1,,,,,,,,,,,,,,,,,,,,,,,
1311,102,28,3,102-28-3,02-REP,,,,,,,,,,,,,,,,,,1,1,0,1,0,0,0,1,1,1,0,1,1,1,1,1,1,1,1,,
1312,102,28,52,102-28-52,02-REP,,,,,,,,,,,,,,,,,,1,1,0,1,0,0,0,1,1,1,0,1,1,1,1,1,1,1,1,,
1313,102,28,51,102-28-51,02-REP,,,,,,,,,,,,,,,,,,1,1,0,0,1,0,0,1,1,0,0,1,1,1,1,1,1,1,1,,
1314,102,28,32,102-28-32,02-REP,,,,,,,,,,,,,,,,,,1,1,0,1,0,0,0,1,1,0,1,1,1,1,1,1,1,1,1,,
1315,102,28,20,102-28-20,02-REP,,,,,,,,,,,,,,,,,,1,1,1,0,0,0,0,1,1,1,0,1,1,1,1,1,1,1,1,,
1316,102,28,10,102-28-10,01-DEM,0,1,1,0,0,0,1,0,1,1,1,0,0,0,0,,,,,,,,,,,,,,,,,,,,,,,
1317,102,28,30,102-28-30,02-REP,,,,,,,,,,,,,,,,,,1,1,0,1,0,0,0,1,1,0,1,0,1,1,1,1,1,1,1,,
1318,102,29,32,102-29-32,02-REP,,,,,,,,,,,,,,,,,,1,1,1,0,0,0,0,1,1,0,1,1,1,1,1,1,1,1,1,,
1319,102,29,31,102-29-31,02-REP,,,,,,,,,,,,,,,,,,1,1,0,0,1,0,0,1,1,1,0,1,1,1,1,1,0,1,1,,
1320,102,29,21,102-29-21,02-REP,,,,,,,,,,,,,,,,,,1,1,0,0,1,0,0,1,1,1,0,1,1,1,1,1,1,1,1,,
1321,102,29,11,102-29-11,02-REP,,,,,,,,,,,,,,,,,,1,1,0,1,0,0,0,1,1,1,0,1,1,1,1,1,1,1,1,,
1322,102,29,1,102-29-1,02-REP,,,,,,,,,,,,,,,,,,1,1,0,0,1,0,0,1,1,1,0,1,1,1,1,1,1,1,1,,
1323,102,29,34,102-29-34,02-REP,,,,,,,,,,,,,,,,,,1,1,0,0,1,0,0,1,1,0,1,1,1,1,1,1,1,1,1,,
1324,102,29,33,102-29-33,02-REP,,,,,,,,,,,,,,,,,,0,0,1,0,0,0,0,0,0,0,1,0,0,0,0,0,0,0,0,,
1325,102,29,22,102-29-22,02-REP,,,,,,,,,,,,,,,,,,0,1,0,1,0,0,0,0,0,0,0,0,1,1,1,1,1,1,1,,
1326,102,29,12,102-29-12,02-REP,,,,,,,,,,,,,,,,,,1,1,1,0,0,0,0,1,1,1,0,1,1,1,1,1,1,1,1,,
1327,102,29,2,102-29-2,02-REP,,,,,,,,,,,,,,,,,,1,1,0,1,0,0,0,1,1,1,0,1,1,1,1,1,1,1,1,,
1328,102,29,36,102-29-36,02-REP,,,,,,,,,,,,,,,,,,1,1,0,1,0,0,0,1,1,1,0,1,1,1,1,1,1,1,1,,
1329,102,29,35,102-29-35,02-REP,,,,,,,,,,,,,,,,,,1,1,0,0,1,0,0,1,1,1,0,1,1,1,1,1,1,1,1,,
1330,102,29,23,102-29-23,02-REP,,,,,,,,,,,,,,,,,,1,1,0,1,0,0,0,1,1,1,0,1,1,1,1,1,1,1,1,,
1331,102,29,13,102-29-13,02-REP,,,,,,,,,,,,,,,,,,1,1,0,0,1,0,0,1,1,1,0,0,1,1,1,1,0,1,1,,
1332,102,29,7,102-29-7,02-REP,,,,,,,,,,,,,,,,,,1,1,0,0,1,0,0,1,1,1,0,1,1,0,1,1,1,1,1,,
1333,102,29,38,102-29-38,02-REP,,,,,,,,,,,,,,,,,,1,0,1,0,0,0,0,0,1,1,0,1,1,1,1,1,1,1,1,,
1334,102,29,37,102-29-37,02-REP,,,,,,,,,,,,,,,,,,1,1,0,1,0,0,0,1,1,1,0,1,1,1,1,1,1,1,1,,
1335,102,29,24,102-29-24,02-REP,,,,,,,,,,,,,,,,,,1,1,0,1,0,0,0,1,1,1,0,1,0,1,1,1,1,1,1,,
1336,102,29,14,102-29-14,02-REP,,,,,,,,,,,,,,,,,,1,1,0,1,0,0,0,1,1,0,1,1,1,1,1,0,1,1,1,,
1337,102,29,5,102-29-5,02-REP,,,,,,,,,,,,,,,,,,1,1,0,0,1,0,0,1,1,1,0,1,1,1,1,1,1,1,1,,
1338,102,29,44,102-29-44,02-REP,,,,,,,,,,,,,,,,,,1,1,0,0,1,0,0,1,1,1,0,1,1,1,1,1,1,1,1,,
1339,102,29,43,102-29-43,02-REP,,,,,,,,,,,,,,,,,,1,1,0,0,1,0,0,1,1,1,0,1,1,1,1,1,1,1,1,,
1340,102,29,28,102-29-28,02-REP,,,,,,,,,,,,,,,,,,1,1,0,1,0,0,0,1,1,1,0,1,1,1,1,1,1,1,1,,
1341,102,29,15,102-29-15,02-REP,,,,,,,,,,,,,,,,,,1,1,0,1,0,0,0,1,1,1,0,1,1,0,1,1,1,1,1,,
1342,102,29,4,102-29-4,02-REP,,,,,,,,,,,,,,,,,,1,1,1,0,0,0,0,1,1,0,1,1,1,1,1,1,1,1,1,,
1343,102,29,46,102-29-46,02-REP,,,,,,,,,,,,,,,,,,1,1,0,0,1,0,0,1,1,1,0,1,1,1,1,1,1,1,1,,
1344,102,29,45,102-29-45,02-REP,,,,,,,,,,,,,,,,,,1,1,0,0,1,0,0,1,1,1,0,1,1,1,1,1,1,1,1,,
1345,102,29,25,102-29-25,02-REP,,,,,,,,,,,,,,,,,,1,1,0,0,1,0,0,1,1,1,0,1,1,1,0,1,1,1,1,,
1346,102,29,16,102-29-16,02-REP,,,,,,,,,,,,,,,,,,1,1,0,0,1,0,0,1,1,1,0,1,1,1,1,1,1,1,1,,
1347,102,29,9,102-29-9,02-REP,,,,,,,,,,,,,,,,,,1,1,0,0,1,0,0,1,1,1,0,0,1,0,0,1,1,1,1,,
1348,102,29,40,102-29-40,02-REP,,,,,,,,,,,,,,,,,,0,0,0,0,1,0,0,0,0,1,0,0,0,0,0,1,0,1,0,,
1349,102,29,26,102-29-26,02-REP,,,,,,,,,,,,,,,,,,0,1,0,0,1,0,0,1,1,1,0,1,1,1,1,1,1,1,1,,
1350,102,29,17,102-29-17,02-REP,,,,,,,,,,,,,,,,,,1,1,0,0,1,0,0,1,1,0,0,1,1,1,1,1,0,1,1,,
1351,102,29,6,102-29-6,02-REP,,,,,,,,,,,,,,,,,,1,1,0,0,1,0,0,1,1,1,0,1,0,0,1,1,1,0,1,,
1352,102,29,42,102-29-42,02-REP,,,,,,,,,,,,,,,,,,0,1,0,0,1,0,0,1,1,1,0,1,1,1,1,1,1,1,1,,
1353,102,29,41,102-29-41,02-REP,,,,,,,,,,,,,,,,,,0,1,0,0,1,0,0,1,1,1,0,1,1,1,1,1,1,1,1,,
1354,102,29,27,102-29-27,02-REP,,,,,,,,,,,,,,,,,,1,1,0,0,1,0,0,1,1,0,1,1,1,1,1,1,1,1,1,,
1355,102,29,18,102-29-18,02-REP,,,,,,,,,,,,,,,,,,1,1,0,0,1,0,0,1,1,0,1,1,1,1,1,1,1,1,1,,
1356,102,29,8,102-29-8,02-REP,,,,,,,,,,,,,,,,,,1,1,0,0,1,0,0,1,1,0,0,1,1,1,1,1,1,1,1,,
1357,102,29,50,102-29-50,02-REP,,,,,,,,,,,,,,,,,,1,1,0,1,0,0,0,1,1,1,0,1,1,1,1,1,1,1,1,,
1358,102,29,49,102-29-49,02-REP,,,,,,,,,,,,,,,,,,1,1,0,1,0,0,0,1,1,1,0,1,1,1,1,1,1,1,1,,
1359,102,29,29,102-29-29,02-REP,,,,,,,,,,,,,,,,,,1,1,0,0,1,0,0,1,1,0,1,1,1,1,1,1,1,1,1,,
1360,102,29,19,102-29-19,02-REP,,,,,,,,,,,,,,,,,,1,0,1,0,0,0,0,0,0,0,0,0,0,0,0,0,0,0,0,,
1361,102,29,3,102-29-3,02-REP,,,,,,,,,,,,,,,,,,1,1,0,1,0,0,0,1,1,1,0,1,1,0,1,1,1,1,1,,
1362,102,29,48,102-29-48,02-REP,,,,,,,,,,,,,,,,,,1,1,0,1,0,0,0,1,1,1,0,1,1,1,1,1,1,1,1,,
1363,102,29,47,102-29-47,02-REP,,,,,,,,,,,,,,,,,,1,1,0,0,1,0,0,1,1,1,0,1,1,1,1,1,1,1,1,,
1364,102,29,30,102-29-30,02-REP,,,,,,,,,,,,,,,,,,1,1,0,1,0,0,0,1,1,1,0,1,1,1,1,1,1,1,1,,
1365,102,29,20,102-29-20,02-REP,,,,,,,,,,,,,,,,,,1,0,1,0,0,0,0,0,0,0,0,0,0,0,0,0,0,0,0,,
1366,102,29,10,102-29-10,02-REP,,,,,,,,,,,,,,,,,,1,1,0,0,1,0,0,1,1,1,0,1,1,1,1,1,1,1,1,,
1367,102,29,39,102-29-39,02-REP,,,,,,,,,,,,,,,,,,1,1,0,1,0,0,0,1,1,0,1,1,1,1,1,1,1,1,1,,
1368,102,30,40,102-30-40,02-REP,,,,,,,,,,,,,,,,,,1,0,0,0,1,0,0,0,0,0,0,0,0,0,0,0,0,0,0,,
1369,102,30,39,102-30-39,02-REP,,,,,,,,,,,,,,,,,,1,1,0,1,0,0,0,1,1,0,1,1,1,1,1,1,1,1,1,,
1370,102,30,24,102-30-24,02-REP,,,,,,,,,,,,,,,,,,1,1,0,0,1,0,0,1,1,1,0,1,1,1,1,1,1,1,1,,
1371,102,30,23,102-30-23,02-REP,,,,,,,,,,,,,,,,,,1,0,0,0,1,0,0,1,1,0,1,1,1,1,1,1,1,1,1,,
1372,102,30,16,102-30-16,02-REP,,,,,,,,,,,,,,,,,,1,1,0,0,1,0,0,1,1,1,0,1,1,1,1,1,1,1,1,,
1373,102,30,11,102-30-11,02-REP,,,,,,,,,,,,,,,,,,1,1,1,0,0,0,0,1,1,1,0,1,1,1,1,1,1,1,1,,
1374,102,30,1,102-30-1,02-REP,,,,,,,,,,,,,,,,,,1,1,1,0,0,0,0,1,1,1,0,1,1,1,1,1,1,1,1,,
1375,102,30,38,102-30-38,02-REP,,,,,,,,,,,,,,,,,,1,1,0,0,1,0,0,1,1,1,0,1,1,1,1,1,1,1,1,,
1376,102,30,37,102-30-37,02-REP,,,,,,,,,,,,,,,,,,0,1,0,0,1,0,0,1,1,1,0,1,1,1,1,1,1,1,1,,
1377,102,30,26,102-30-26,02-REP,,,,,,,,,,,,,,,,,,1,1,0,1,0,0,0,1,1,0,1,1,1,1,1,1,1,1,1,,
1378,102,30,25,102-30-25,02-REP,,,,,,,,,,,,,,,,,,0,1,0,0,1,0,0,1,1,0,1,1,1,1,1,1,1,1,1,,
1379,102,30,12,102-30-12,02-REP,,,,,,,,,,,,,,,,,,0,0,0,1,0,0,0,0,0,0,1,0,0,0,0,0,0,0,0,,
1380,102,30,3,102-30-3,02-REP,,,,,,,,,,,,,,,,,,1,1,0,0,1,0,0,0,0,0,0,0,0,0,0,0,0,0,0,,
1381,102,30,36,102-30-36,02-REP,,,,,,,,,,,,,,,,,,0,1,0,1,0,0,0,0,0,0,0,0,0,1,1,0,0,0,0,,
1382,102,30,35,102-30-35,02-REP,,,,,,,,,,,,,,,,,,1,1,0,0,1,0,0,1,1,0,1,1,1,1,1,1,1,1,1,,
1383,102,30,27,102-30-27,02-REP,,,,,,,,,,,,,,,,,,1,1,0,1,0,0,0,1,1,0,1,1,1,1,1,1,1,1,1,,
1384,102,30,13,102-30-13,02-REP,,,,,,,,,,,,,,,,,,1,1,0,0,1,0,0,1,1,0,1,1,1,1,1,1,1,1,1,,
1385,102,30,2,102-30-2,02-REP,,,,,,,,,,,,,,,,,,1,1,0,1,0,0,0,1,1,1,0,1,1,1,1,1,1,1,1,,
1386,102,30,44,102-30-44,02-REP,,,,,,,,,,,,,,,,,,1,1,0,0,1,0,0,1,1,1,0,1,1,1,1,1,1,1,1,,
1387,102,30,43,102-30-43,02-REP,,,,,,,,,,,,,,,,,,1,1,0,1,0,0,0,1,1,1,0,1,1,1,1,1,1,1,1,,
1388,102,30,28,102-30-28,02-REP,,,,,,,,,,,,,,,,,,1,1,0,1,0,0,0,1,1,1,0,1,1,1,1,1,1,1,1,,
1389,102,30,14,102-30-14,02-REP,,,,,,,,,,,,,,,,,,1,1,0,0,1,0,0,1,1,0,1,1,1,1,1,1,1,1,1,,
1390,102,30,4,102-30-4,02-REP,,,,,,,,,,,,,,,,,,1,1,0,1,0,0,0,1,1,0,1,1,1,1,1,1,1,1,1,,
1391,102,30,42,102-30-42,02-REP,,,,,,,,,,,,,,,,,,1,1,0,0,1,0,0,1,1,0,1,1,1,1,1,1,1,1,1,,
1392,102,30,41,102-30-41,02-REP,,,,,,,,,,,,,,,,,,1,1,0,1,0,0,0,1,1,0,1,1,1,1,1,1,1,1,1,,
1393,102,30,29,102-30-29,02-REP,,,,,,,,,,,,,,,,,,1,1,0,1,0,0,0,1,1,1,0,1,1,1,1,1,1,1,1,,
1394,102,30,15,102-30-15,02-REP,,,,,,,,,,,,,,,,,,1,1,1,0,0,0,0,1,1,1,0,1,0,1,1,1,1,0,1,,
1395,102,30,7,102-30-7,02-REP,,,,,,,,,,,,,,,,,,1,1,0,0,1,0,0,1,1,1,0,1,1,1,1,1,1,1,1,,
1396,102,30,50,102-30-50,02-REP,,,,,,,,,,,,,,,,,,1,1,1,0,0,0,0,1,1,0,1,1,1,1,1,1,1,1,1,,
1397,102,30,49,102-30-49,02-REP,,,,,,,,,,,,,,,,,,1,1,0,0,1,0,0,1,1,0,1,1,1,1,1,1,1,1,1,,
1398,102,30,31,102-30-31,02-REP,,,,,,,,,,,,,,,,,,0,1,0,0,1,0,0,1,1,1,0,1,1,1,1,1,1,1,1,,
1399,102,30,17,102-30-17,02-REP,,,,,,,,,,,,,,,,,,1,0,1,0,0,0,0,1,1,0,1,1,1,1,1,1,1,1,1,,
1400,102,30,10,102-30-10,02-REP,,,,,,,,,,,,,,,,,,1,1,0,1,0,0,0,1,1,1,0,1,1,1,1,1,1,1,1,,
1401,102,30,46,102-30-46,02-REP,,,,,,,,,,,,,,,,,,1,1,0,1,0,0,0,1,1,1,0,1,1,1,1,1,1,1,1,,
1402,102,30,45,102-30-45,02-REP,,,,,,,,,,,,,,,,,,0,0,0,0,1,0,0,0,0,0,0,0,0,0,0,0,0,1,1,,
1403,102,30,30,102-30-30,02-REP,,,,,,,,,,,,,,,,,,1,1,0,0,0,0,0,1,1,1,0,1,1,1,1,1,1,1,1,,
1404,102,30,19,102-30-19,02-REP,,,,,,,,,,,,,,,,,,1,1,0,1,0,0,0,1,1,0,1,1,1,1,0,1,1,1,1,,
1405,102,30,8,102-30-8,02-REP,,,,,,,,,,,,,,,,,,1,1,0,1,0,0,0,1,1,1,0,1,1,1,1,1,1,1,1,,
1406,102,30,48,102-30-48,02-REP,,,,,,,,,,,,,,,,,,1,1,0,0,1,0,0,1,1,1,0,1,1,1,1,1,1,1,1,,
1407,102,30,47,102-30-47,02-REP,,,,,,,,,,,,,,,,,,1,0,0,1,0,0,0,1,1,0,1,1,1,1,1,1,1,1,1,,
1408,102,30,32,102-30-32,02-REP,,,,,,,,,,,,,,,,,,1,1,0,0,1,0,0,1,1,1,0,1,1,1,1,1,1,1,1,,
1409,102,30,20,102-30-20,02-REP,,,,,,,,,,,,,,,,,,0,1,0,1,0,0,0,1,1,1,0,1,1,1,1,1,1,1,1,,
1410,102,30,5,102-30-5,02-REP,,,,,,,,,,,,,,,,,,1,1,0,1,0,0,0,1,1,1,0,1,1,1,1,1,1,1,1,,
1411,102,30,33,102-30-33,02-REP,,,,,,,,,,,,,,,,,,1,1,0,0,1,0,0,0,1,1,0,1,1,1,1,1,1,1,1,,
1412,102,30,21,102-30-21,02-REP,,,,,,,,,,,,,,,,,,1,1,0,1,0,0,0,1,1,1,0,1,1,1,1,1,1,1,1,,
1413,102,30,9,102-30-9,02-REP,,,,,,,,,,,,,,,,,,1,1,1,0,0,0,0,1,1,1,0,1,1,1,1,1,1,1,1,,
1414,102,30,34,102-30-34,02-REP,,,,,,,,,,,,,,,,,,1,1,0,1,0,0,0,1,1,0,1,1,1,1,1,1,1,1,1,,
1415,102,30,22,102-30-22,02-REP,,,,,,,,,,,,,,,,,,1,1,0,1,0,0,0,1,1,1,0,1,1,1,1,1,1,1,1,,
1416,102,30,6,102-30-6,02-REP,,,,,,,,,,,,,,,,,,1,1,0,1,0,0,0,1,1,0,1,1,1,1,1,1,1,1,1,,
1417,102,30,18,102-30-18,02-REP,,,,,,,,,,,,,,,,,,1,1,1,0,0,0,0,1,1,0,1,1,1,1,1,1,1,1,1,,
1418,102,31,36,102-31-36,02-REP,,,,,,,,,,,,,,,,,,1,1,0,0,1,0,0,1,1,1,0,1,1,1,1,1,1,1,1,,
1419,102,31,35,102-31-35,02-REP,,,,,,,,,,,,,,,,,,1,1,0,0,1,0,0,1,1,0,1,1,1,1,1,1,1,1,1,,
1420,102,31,21,102-31-21,02-REP,,,,,,,,,,,,,,,,,,1,1,0,1,0,0,0,1,1,1,0,1,1,1,1,1,1,1,1,,
1421,102,31,11,102-31-11,01-DEM,0,1,1,0,0,0,1,1,0,1,1,0,0,0,1,,,,,,,,,,,,,,,,,,,,,,,
1422,102,31,1,102-31-1,01-DEM,0,1,1,0,0,0,1,0,1,1,1,0,0,0,1,,,,,,,,,,,,,,,,,,,,,,,
1423,102,31,38,102-31-38,02-REP,,,,,,,,,,,,,,,,,,1,0,0,0,0,0,0,1,1,0,0,1,1,1,1,0,1,1,1,,
1424,102,31,37,102-31-37,02-REP,,,,,,,,,,,,,,,,,,1,1,0,0,1,0,0,1,1,1,0,1,1,1,1,1,1,1,1,,
1425,102,31,22,102-31-22,02-REP,,,,,,,,,,,,,,,,,,1,1,0,0,1,0,0,1,1,1,0,1,1,1,1,1,1,1,1,,
1426,102,31,12,102-31-12,01-DEM,0,1,1,0,0,1,0,0,1,1,1,0,0,0,1,,,,,,,,,,,,,,,,,,,,,,,
1427,102,31,2,102-31-2,01-DEM,0,1,1,0,0,0,1,1,0,1,1,0,0,0,1,,,,,,,,,,,,,,,,,,,,,,,
1428,102,31,50,102-31-50,01-DEM,0,1,1,0,0,1,0,0,1,1,0,0,0,1,1,,,,,,,,,,,,,,,,,,,,,,,
1429,102,31,49,102-31-49,02-REP,,,,,,,,,,,,,,,,,,1,1,0,1,0,0,0,1,1,0,1,1,1,1,1,1,1,1,1,,
1430,102,31,31,102-31-31,02-REP,,,,,,,,,,,,,,,,,,1,1,0,0,1,0,0,1,1,0,1,1,1,1,1,1,1,1,1,,
1431,102,31,30,102-31-30,01-DEM,0,1,1,0,0,0,1,1,0,1,1,0,0,0,1,,,,,,,,,,,,,,,,,,,,,,,
1432,102,31,23,102-31-23,02-REP,,,,,,,,,,,,,,,,,,1,1,0,0,1,0,0,1,1,1,0,1,1,1,1,1,1,1,1,,
1433,102,31,13,102-31-13,01-DEM,0,1,1,0,0,0,1,0,1,1,0,0,1,0,1,,,,,,,,,,,,,,,,,,,,,,,
1434,102,31,10,102-31-10,01-DEM,0,1,1,0,0,1,0,0,1,1,1,0,0,0,1,,,,,,,,,,,,,,,,,,,,,,,
1435,102,31,42,102-31-42,01-DEM,1,0,1,0,0,1,0,1,0,1,0,0,0,1,1,,,,,,,,,,,,,,,,,,,,,,,
1436,102,31,41,102-31-41,01-DEM,1,0,1,0,0,1,0,1,0,1,0,0,0,1,1,,,,,,,,,,,,,,,,,,,,,,,
1437,102,31,25,102-31-25,02-REP,,,,,,,,,,,,,,,,,,1,1,0,0,1,0,0,1,1,1,0,1,1,1,1,1,1,1,1,,
1438,102,31,14,102-31-14,01-DEM,0,1,1,0,0,0,1,1,0,1,0,1,0,0,1,,,,,,,,,,,,,,,,,,,,,,,
1439,102,31,3,102-31-3,01-DEM,0,1,1,0,0,0,1,0,1,1,0,0,1,0,0,,,,,,,,,,,,,,,,,,,,,,,
1440,102,31,40,102-31-40,01-DEM,0,1,0,0,0,0,1,0,1,1,1,0,0,0,1,,,,,,,,,,,,,,,,,,,,,,,
1441,102,31,39,102-31-39,01-DEM,0,1,1,0,0,0,1,1,0,1,1,0,0,0,1,,,,,,,,,,,,,,,,,,,,,,,
1442,102,31,24,102-31-24,02-REP,,,,,,,,,,,,,,,,,,1,1,0,1,0,0,0,1,1,1,0,1,1,1,1,1,1,1,1,,
1443,102,31,15,102-31-15,01-DEM,0,1,1,0,0,0,1,1,0,1,1,0,0,0,1,,,,,,,,,,,,,,,,,,,,,,,
1444,102,31,8,102-31-8,01-DEM,1,0,1,0,0,0,1,1,0,1,1,0,0,0,1,,,,,,,,,,,,,,,,,,,,,,,
1445,102,31,34,102-31-34,02-REP,,,,,,,,,,,,,,,,,,1,1,0,1,0,0,0,1,1,1,0,1,1,1,1,1,1,1,1,,
1446,102,31,33,102-31-33,02-REP,,,,,,,,,,,,,,,,,,0,0,0,0,1,0,0,0,0,1,0,0,0,0,0,0,0,0,0,,
1447,102,31,26,102-31-26,02-REP,,,,,,,,,,,,,,,,,,1,1,1,0,0,0,0,1,1,1,0,1,1,1,1,0,0,0,0,,
1448,102,31,16,102-31-16,01-DEM,0,1,1,0,0,0,1,1,0,1,1,0,0,0,1,,,,,,,,,,,,,,,,,,,,,,,
1449,102,31,7,102-31-7,01-DEM,0,1,1,0,0,0,1,1,0,1,1,0,0,0,1,,,,,,,,,,,,,,,,,,,,,,,
1450,102,31,46,102-31-46,02-REP,,,,,,,,,,,,,,,,,,1,1,0,0,1,0,0,1,1,1,0,1,1,1,1,1,1,1,1,,
1451,102,31,45,102-31-45,02-REP,,,,,,,,,,,,,,,,,,1,1,0,0,1,0,0,1,1,0,0,1,1,1,1,1,1,1,1,,
1452,102,31,27,102-31-27,02-REP,,,,,,,,,,,,,,,,,,1,1,0,1,0,0,0,1,1,1,0,1,1,1,1,1,1,1,1,,
1453,102,31,17,102-31-17,02-REP,,,,,,,,,,,,,,,,,,0,0,0,1,0,0,0,0,0,0,1,0,0,0,0,0,0,0,0,,
1454,102,31,4,102-31-4,01-DEM,0,1,1,0,0,0,1,1,0,1,1,0,0,0,1,,,,,,,,,,,,,,,,,,,,,,,
1455,102,31,44,102-31-44,02-REP,,,,,,,,,,,,,,,,,,1,1,0,0,1,0,0,1,1,0,1,1,1,1,1,1,1,1,1,,
1456,102,31,43,102-31-43,01-DEM,0,0,0,0,0,0,1,0,0,0,0,0,0,0,0,,,,,,,,,,,,,,,,,,,,,,,
1457,102,31,28,102-31-28,02-REP,,,,,,,,,,,,,,,,,,1,1,0,0,1,0,0,1,1,0,1,1,1,1,1,0,0,0,0,,
1458,102,31,18,102-31-18,01-DEM,0,1,1,0,0,0,1,1,0,1,1,0,0,0,1,,,,,,,,,,,,,,,,,,,,,,,
1459,102,31,9,102-31-9,01-DEM,0,1,1,0,0,0,1,0,1,1,1,0,0,0,1,,,,,,,,,,,,,,,,,,,,,,,
1460,102,31,48,102-31-48,02-REP,,,,,,,,,,,,,,,,,,0,1,0,0,1,0,0,0,0,0,0,0,0,0,0,1,1,0,1,,
1461,102,31,47,102-31-47,02-REP,,,,,,,,,,,,,,,,,,1,1,0,1,0,0,0,1,1,0,1,1,1,1,1,1,1,1,1,,
1462,102,31,29,102-31-29,02-REP,,,,,,,,,,,,,,,,,,0,0,1,0,0,0,0,0,0,1,0,1,1,1,1,1,1,1,1,,
1463,102,31,19,102-31-19,01-DEM,1,0,1,0,0,0,1,0,1,1,1,0,0,0,1,,,,,,,,,,,,,,,,,,,,,,,
1464,102,31,6,102-31-6,01-DEM,0,1,1,0,0,0,1,0,1,1,0,0,1,0,1,,,,,,,,,,,,,,,,,,,,,,,
1465,102,31,32,102-31-32,02-REP,,,,,,,,,,,,,,,,,,1,1,1,0,0,0,0,1,1,0,1,1,1,1,1,1,1,1,1,,
1466,102,31,20,102-31-20,01-DEM,1,0,1,0,0,1,0,0,1,1,0,0,1,0,1,,,,,,,,,,,,,,,,,,,,,,,
1467,102,31,5,102-31-5,01-DEM,0,1,1,0,0,0,1,0,1,1,0,0,1,0,1,,,,,,,,,,,,,,,,,,,,,,,
1468,102,32,34,102-32-34,02-REP,,,,,,,,,,,,,,,,,,0,0,0,1,0,0,0,0,0,0,0,0,0,0,0,0,0,1,0,,
1469,102,32,33,102-32-33,01-DEM,0,1,0,0,0,1,0,0,0,0,0,0,0,0,0,,,,,,,,,,,,,,,,,,,,,,,
1470,102,32,11,102-32-11,01-DEM,0,1,0,0,0,0,1,1,0,0,0,0,1,0,0,,,,,,,,,,,,,,,,,,,,,,,
1471,102,32,1,102-32-1,02-REP,,,,,,,,,,,,,,,,,,1,1,0,1,0,0,0,1,1,1,0,1,1,0,1,1,1,1,1,,
1472,102,32,32,102-32-32,01-DEM,0,1,1,0,0,0,1,0,1,1,1,0,0,0,1,,,,,,,,,,,,,,,,,,,,,,,
1473,102,32,31,102-32-31,02-REP,,,,,,,,,,,,,,,,,,1,1,0,0,1,0,0,1,1,1,0,1,1,1,1,1,1,1,1,,
1474,102,32,21,102-32-21,01-DEM,0,1,1,0,0,0,1,1,0,1,1,0,0,0,1,,,,,,,,,,,,,,,,,,,,,,,
1475,102,32,12,102-32-12,01-DEM,0,1,0,0,0,1,0,0,0,0,1,0,0,0,0,,,,,,,,,,,,,,,,,,,,,,,
1476,102,32,2,102-32-2,02-REP,,,,,,,,,,,,,,,,,,1,1,0,1,0,0,0,1,1,1,0,1,1,1,1,1,1,1,1,,
1477,102,32,36,102-32-36,01-DEM,0,1,0,0,0,0,1,0,0,0,0,0,0,1,0,,,,,,,,,,,,,,,,,,,,,,,
1478,102,32,35,102-32-35,01-DEM,0,1,1,0,0,0,1,1,0,1,1,0,0,0,1,,,,,,,,,,,,,,,,,,,,,,,
1479,102,32,23,102-32-23,01-DEM,1,0,1,0,0,1,0,1,0,1,0,0,1,0,1,,,,,,,,,,,,,,,,,,,,,,,
1480,102,32,13,102-32-13,01-DEM,0,1,1,0,0,0,1,1,0,1,1,0,0,0,1,,,,,,,,,,,,,,,,,,,,,,,
1481,102,32,10,102-32-10,01-DEM,0,1,0,0,0,0,1,0,0,0,1,0,0,0,0,,,,,,,,,,,,,,,,,,,,,,,
1482,102,32,40,102-32-40,02-REP,,,,,,,,,,,,,,,,,,1,1,1,0,0,0,0,1,1,1,0,1,1,1,1,1,1,1,1,,
1483,102,32,39,102-32-39,02-REP,,,,,,,,,,,,,,,,,,0,1,0,0,1,0,0,1,1,1,0,1,1,0,1,1,1,1,0,,
1484,102,32,25,102-32-25,01-DEM,0,1,1,0,0,0,1,1,0,1,0,0,0,1,1,,,,,,,,,,,,,,,,,,,,,,,
1485,102,32,14,102-32-14,01-DEM,0,1,0,0,0,0,1,0,0,0,1,0,0,0,0,,,,,,,,,,,,,,,,,,,,,,,
1486,102,32,5,102-32-5,02-REP,,,,,,,,,,,,,,,,,,0,0,0,0,1,0,0,0,0,0,1,0,0,0,1,0,0,1,1,,
1487,102,32,38,102-32-38,02-REP,,,,,,,,,,,,,,,,,,1,1,0,1,0,0,0,1,1,1,0,1,1,1,1,1,1,1,1,,
1488,102,32,37,102-32-37,01-DEM,0,1,0,0,0,0,1,1,0,0,1,0,0,0,0,,,,,,,,,,,,,,,,,,,,,,,
1489,102,32,24,102-32-24,01-DEM,0,1,0,0,0,1,0,0,0,1,1,0,0,0,1,,,,,,,,,,,,,,,,,,,,,,,
1490,102,32,15,102-32-15,01-DEM,1,0,0,0,0,1,0,1,0,1,0,1,0,0,1,,,,,,,,,,,,,,,,,,,,,,,
1491,102,32,7,102-32-7,02-REP,,,,,,,,,,,,,,,,,,1,1,0,1,0,0,0,1,1,1,0,1,1,1,1,1,1,1,1,,
1492,102,32,46,102-32-46,02-REP,,,,,,,,,,,,,,,,,,1,1,0,0,1,0,0,1,1,1,0,1,1,0,1,1,1,1,1,,
1493,102,32,45,102-32-45,02-REP,,,,,,,,,,,,,,,,,,1,1,1,0,0,0,0,1,1,0,1,1,1,1,1,1,1,1,1,,
1494,102,32,27,102-32-27,02-REP,,,,,,,,,,,,,,,,,,1,0,0,0,1,0,0,1,1,0,1,1,1,1,1,1,1,1,1,,
1495,102,32,16,102-32-16,01-DEM,1,0,1,0,0,1,0,0,1,1,0,0,0,1,1,,,,,,,,,,,,,,,,,,,,,,,
1496,102,32,8,102-32-8,02-REP,,,,,,,,,,,,,,,,,,1,1,0,1,0,0,0,1,1,0,1,1,1,1,1,1,1,1,1,,
1497,102,32,42,102-32-42,02-REP,,,,,,,,,,,,,,,,,,1,1,0,0,1,0,0,1,1,1,0,1,1,1,1,1,1,1,1,,
1498,102,32,41,102-32-41,02-REP,,,,,,,,,,,,,,,,,,1,1,1,0,0,0,0,1,1,1,0,1,1,1,1,1,1,1,1,,
1499,102,32,26,102-32-26,01-DEM,1,0,1,0,0,1,0,1,0,1,0,1,0,0,1,,,,,,,,,,,,,,,,,,,,,,,
1500,102,32,17,102-32-17,01-DEM,1,0,1,0,0,1,0,1,0,1,0,0,0,1,1,,,,,,,,,,,,,,,,,,,,,,,
1501,102,32,6,102-32-6,02-REP,,,,,,,,,,,,,,,,,,1,1,0,0,1,0,0,1,1,0,1,1,1,1,1,1,1,1,1,,
1502,102,32,44,102-32-44,02-REP,,,,,,,,,,,,,,,,,,1,1,0,0,1,0,0,1,1,1,0,1,1,1,1,1,1,1,1,,
1503,102,32,43,102-32-43,02-REP,,,,,,,,,,,,,,,,,,0,0,0,0,1,0,0,0,0,0,0,0,0,0,0,0,0,0,0,,
1504,102,32,28,102-32-28,01-DEM,0,1,1,0,0,0,1,1,0,1,1,0,0,0,1,,,,,,,,,,,,,,,,,,,,,,,
1505,102,32,18,102-32-18,01-DEM,0,1,0,0,0,0,1,1,0,0,1,0,0,0,0,,,,,,,,,,,,,,,,,,,,,,,
1506,102,32,4,102-32-4,02-REP,,,,,,,,,,,,,,,,,,0,1,0,0,0,0,0,0,0,0,0,0,0,0,0,0,0,1,1,,
1507,102,32,48,102-32-48,02-REP,,,,,,,,,,,,,,,,,,1,1,0,0,1,0,0,1,1,1,0,1,1,1,1,1,1,1,1,,
1508,102,32,47,102-32-47,02-REP,,,,,,,,,,,,,,,,,,1,1,0,0,1,0,0,1,1,1,0,1,1,0,1,1,1,1,1,,
1509,102,32,29,102-32-29,02-REP,,,,,,,,,,,,,,,,,,1,1,0,1,0,0,0,1,1,1,0,1,1,1,1,1,1,1,1,,
1510,102,32,19,102-32-19,01-DEM,1,0,0,0,0,1,0,1,0,1,0,1,0,0,1,,,,,,,,,,,,,,,,,,,,,,,
1511,102,32,3,102-32-3,02-REP,,,,,,,,,,,,,,,,,,1,1,0,1,0,0,0,1,1,1,0,1,1,1,1,1,1,1,1,,
1512,102,32,50,102-32-50,02-REP,,,,,,,,,,,,,,,,,,1,1,1,0,0,0,0,1,1,1,0,1,1,1,1,1,1,1,1,,
1513,102,32,30,102-32-30,02-REP,,,,,,,,,,,,,,,,,,1,1,0,0,1,0,0,1,1,1,0,1,1,1,1,1,1,1,1,,
1514,102,32,20,102-32-20,01-DEM,0,1,1,0,0,0,1,0,1,1,0,0,1,0,1,,,,,,,,,,,,,,,,,,,,,,,
1515,102,32,9,102-32-9,01-DEM,0,1,1,0,0,1,0,1,0,1,0,0,0,1,1,,,,,,,,,,,,,,,,,,,,,,,
1516,102,32,22,102-32-22,01-DEM,1,0,1,0,0,0,1,0,1,1,0,0,0,0,1,,,,,,,,,,,,,,,,,,,,,,,
1517,102,32,49,102-32-49,01-DEM,1,0,0,0,1,1,0,1,0,1,0,1,0,0,1,,,,,,,,,,,,,,,,,,,,,,,
1518,102,33,52,102-33-52,02-REP,,,,,,,,,,,,,,,,,,1,1,0,1,0,0,0,1,1,0,1,1,1,1,1,1,1,1,1,,
1519,102,33,51,102-33-51,02-REP,,,,,,,,,,,,,,,,,,1,1,0,1,0,0,0,1,1,1,0,1,1,1,1,1,1,1,1,,
1520,102,33,33,102-33-33,01-DEM,0,1,0,0,0,0,1,0,0,0,0,0,0,0,0,,,,,,,,,,,,,,,,,,,,,,,
1521,102,33,21,102-33-21,02-REP,,,,,,,,,,,,,,,,,,1,1,0,1,0,0,0,1,1,1,0,1,1,1,1,1,1,1,1,,
1522,102,33,11,102-33-11,01-DEM,1,0,1,0,0,1,0,1,0,1,1,0,0,0,1,,,,,,,,,,,,,,,,,,,,,,,
1523,102,33,1,102-33-1,02-REP,,,,,,,,,,,,,,,,,,1,0,0,0,1,0,0,0,0,0,0,0,0,0,0,0,0,0,0,,
1524,102,33,54,102-33-54,01-DEM,1,0,1,0,0,1,0,1,0,1,0,0,0,1,1,,,,,,,,,,,,,,,,,,,,,,,
1525,102,33,53,102-33-53,01-DEM,1,0,1,0,0,1,0,1,0,1,0,0,0,1,1,,,,,,,,,,,,,,,,,,,,,,,
1526,102,33,32,102-33-32,02-REP,,,,,,,,,,,,,,,,,,1,1,0,1,0,0,0,1,1,0,1,1,1,1,1,1,1,1,1,,
1527,102,33,22,102-33-22,01-DEM,0,1,1,0,0,0,1,0,1,1,1,0,0,0,1,,,,,,,,,,,,,,,,,,,,,,,
1528,102,33,12,102-33-12,01-DEM,1,0,1,0,0,0,1,0,1,1,1,0,0,0,1,,,,,,,,,,,,,,,,,,,,,,,
1529,102,33,8,102-33-8,01-DEM,1,0,1,0,0,1,0,0,1,1,1,0,0,0,1,,,,,,,,,,,,,,,,,,,,,,,
1530,102,33,58,102-33-58,02-REP,,,,,,,,,,,,,,,,,,1,1,1,0,0,0,0,1,1,0,1,1,1,1,1,1,1,1,1,,
1531,102,33,57,102-33-57,01-DEM,0,1,1,0,0,1,0,1,0,1,1,0,0,0,1,,,,,,,,,,,,,,,,,,,,,,,
1532,102,33,36,102-33-36,02-REP,,,,,,,,,,,,,,,,,,1,1,0,0,1,0,0,1,1,0,1,1,1,1,1,1,1,1,1,,
1533,102,33,35,102-33-35,02-REP,,,,,,,,,,,,,,,,,,0,0,0,0,1,0,0,0,0,0,0,0,0,0,1,1,0,1,0,,
1534,102,33,23,102-33-23,02-REP,,,,,,,,,,,,,,,,,,0,0,0,0,1,0,0,0,0,1,0,0,0,0,0,0,0,0,0,,
1535,102,33,13,102-33-13,01-DEM,0,1,1,0,0,1,0,0,0,1,0,0,0,0,1,,,,,,,,,,,,,,,,,,,,,,,
1536,102,33,2,102-33-2,01-DEM,1,0,0,0,0,1,0,0,1,0,0,0,0,1,0,,,,,,,,,,,,,,,,,,,,,,,
1537,102,33,56,102-33-56,02-REP,,,,,,,,,,,,,,,,,,1,1,0,1,0,0,0,1,1,1,0,1,1,1,1,1,1,1,1,,
1538,102,33,55,102-33-55,02-REP,,,,,,,,,,,,,,,,,,0,0,0,0,1,0,0,0,0,1,0,0,0,0,0,0,0,1,1,,
1539,102,33,38,102-33-38,01-DEM,0,1,1,0,0,1,0,0,1,1,0,0,1,0,1,,,,,,,,,,,,,,,,,,,,,,,
1540,102,33,37,102-33-37,02-REP,,,,,,,,,,,,,,,,,,1,1,1,0,0,0,0,1,1,0,1,1,1,1,1,1,1,1,1,,
1541,102,33,24,102-33-24,02-REP,,,,,,,,,,,,,,,,,,0,0,0,0,1,0,0,0,0,0,1,0,0,0,0,1,0,0,0,,
1542,102,33,14,102-33-14,01-DEM,0,1,0,0,0,0,1,1,0,1,1,0,0,0,0,,,,,,,,,,,,,,,,,,,,,,,
1543,102,33,4,102-33-4,01-DEM,1,0,0,0,0,0,1,0,0,0,0,0,0,0,0,,,,,,,,,,,,,,,,,,,,,,,
1544,102,33,50,102-33-50,02-REP,,,,,,,,,,,,,,,,,,1,1,0,0,1,0,0,1,1,0,0,1,1,1,1,1,1,1,1,,
1545,102,33,49,102-33-49,02-REP,,,,,,,,,,,,,,,,,,1,1,0,1,0,0,0,1,1,1,0,1,1,1,1,1,1,1,1,,
1546,102,33,27,102-33-27,02-REP,,,,,,,,,,,,,,,,,,1,1,0,0,1,0,0,1,1,1,0,1,1,1,1,1,1,1,1,,
1547,102,33,15,102-33-15,01-DEM,1,0,1,0,0,1,0,1,0,1,0,0,1,0,1,,,,,,,,,,,,,,,,,,,,,,,
1548,102,33,3,102-33-3,02-REP,,,,,,,,,,,,,,,,,,1,1,1,0,0,0,0,1,1,0,1,1,1,1,1,1,1,1,1,,
1549,102,33,60,102-33-60,01-DEM,1,0,0,0,0,1,0,1,0,1,0,1,0,0,1,,,,,,,,,,,,,,,,,,,,,,,
1550,102,33,59,102-33-59,01-DEM,1,0,0,0,0,1,0,1,0,1,0,1,0,0,1,,,,,,,,,,,,,,,,,,,,,,,
1551,102,33,40,102-33-40,02-REP,,,,,,,,,,,,,,,,,,1,1,1,0,0,0,0,1,1,0,1,1,1,1,1,1,1,1,1,,
1552,102,33,39,102-33-39,02-REP,,,,,,,,,,,,,,,,,,1,1,1,0,0,0,0,1,1,1,0,1,1,1,1,1,1,1,1,,
1553,102,33,26,102-33-26,01-DEM,1,0,1,0,0,1,0,1,0,1,0,0,0,1,1,,,,,,,,,,,,,,,,,,,,,,,
1554,102,33,16,102-33-16,01-DEM,1,0,1,0,0,1,0,1,0,1,0,0,1,0,1,,,,,,,,,,,,,,,,,,,,,,,
1555,102,33,6,102-33-6,02-REP,,,,,,,,,,,,,,,,,,1,1,0,0,1,0,0,1,1,0,1,1,1,1,1,1,1,1,1,,
1556,102,33,64,102-33-64,02-REP,,,,,,,,,,,,,,,,,,1,1,0,0,1,0,0,1,1,0,1,1,1,1,1,1,1,1,1,,
1557,102,33,63,102-33-63,01-DEM,0,1,0,0,0,1,0,0,0,0,1,0,0,0,0,,,,,,,,,,,,,,,,,,,,,,,
1558,102,33,44,102-33-44,02-REP,,,,,,,,,,,,,,,,,,1,1,0,0,1,0,0,1,1,0,1,1,1,1,1,1,1,1,1,,
1559,102,33,43,102-33-43,02-REP,,,,,,,,,,,,,,,,,,1,1,0,1,0,0,0,1,1,0,1,1,1,0,1,0,0,0,0,,
1560,102,33,25,102-33-25,02-REP,,,,,,,,,,,,,,,,,,1,1,1,0,0,0,0,1,1,1,0,1,1,1,1,0,1,0,1,,
1561,102,33,17,102-33-17,01-DEM,1,0,1,0,0,1,0,1,0,1,0,0,1,0,1,,,,,,,,,,,,,,,,,,,,,,,
1562,102,33,5,102-33-5,02-REP,,,,,,,,,,,,,,,,,,1,1,1,0,0,0,0,1,1,0,1,1,1,1,1,1,1,1,1,,
1563,102,33,68,102-33-68,01-DEM,1,0,1,0,0,1,0,1,0,1,0,1,0,0,1,,,,,,,,,,,,,,,,,,,,,,,
1564,102,33,67,102-33-67,01-DEM,0,1,1,0,0,0,1,0,1,1,1,0,0,0,1,,,,,,,,,,,,,,,,,,,,,,,
1565,102,33,48,102-33-48,02-REP,,,,,,,,,,,,,,,,,,1,1,0,1,0,0,0,1,1,0,1,1,1,1,1,1,1,1,1,,
1566,102,33,47,102-33-47,02-REP,,,,,,,,,,,,,,,,,,1,1,0,0,1,0,0,1,1,0,1,1,1,1,1,1,1,1,1,,
1567,102,33,28,102-33-28,02-REP,,,,,,,,,,,,,,,,,,1,1,0,0,1,0,0,1,1,0,1,1,0,0,1,1,1,1,1,,
1568,102,33,18,102-33-18,01-DEM,0,1,1,0,0,1,0,0,0,1,0,0,0,0,1,,,,,,,,,,,,,,,,,,,,,,,
1569,102,33,7,102-33-7,02-REP,,,,,,,,,,,,,,,,,,1,1,0,0,1,0,0,1,1,1,0,1,1,1,1,1,1,1,1,,
1570,102,33,62,102-33-62,01-DEM,0,1,1,0,0,0,1,1,0,1,1,0,0,0,1,,,,,,,,,,,,,,,,,,,,,,,
1571,102,33,61,102-33-61,01-DEM,1,0,1,0,0,0,1,1,0,1,0,0,1,0,1,,,,,,,,,,,,,,,,,,,,,,,
1572,102,33,42,102-33-42,02-REP,,,,,,,,,,,,,,,,,,1,1,0,1,0,0,0,1,1,1,0,1,1,1,1,1,1,1,1,,
1573,102,33,41,102-33-41,02-REP,,,,,,,,,,,,,,,,,,0,1,1,0,0,0,0,1,1,1,0,1,1,1,1,1,1,1,1,,
1574,102,33,29,102-33-29,01-DEM,0,1,1,0,0,0,1,1,0,1,1,0,0,0,1,,,,,,,,,,,,,,,,,,,,,,,
1575,102,33,19,102-33-19,02-REP,,,,,,,,,,,,,,,,,,1,1,0,1,0,0,0,1,1,1,0,1,1,1,1,1,1,1,1,,
1576,102,33,9,102-33-9,01-DEM,0,1,1,0,0,1,0,0,1,1,0,0,1,0,1,,,,,,,,,,,,,,,,,,,,,,,
1577,102,33,66,102-33-66,02-REP,,,,,,,,,,,,,,,,,,1,1,1,0,0,0,0,1,1,1,0,1,1,1,1,1,1,1,1,,
1578,102,33,65,102-33-65,02-REP,,,,,,,,,,,,,,,,,,0,1,0,1,0,0,0,1,1,0,1,1,1,1,1,1,1,1,1,,
1579,102,33,46,102-33-46,01-DEM,0,1,0,0,0,0,1,0,1,0,1,0,0,0,0,,,,,,,,,,,,,,,,,,,,,,,
1580,102,33,45,102-33-45,02-REP,,,,,,,,,,,,,,,,,,1,1,0,0,1,0,0,1,1,0,1,1,1,1,1,1,1,1,1,,
1581,102,33,30,102-33-30,01-DEM,0,1,1,0,0,0,1,1,0,1,1,0,0,0,1,,,,,,,,,,,,,,,,,,,,,,,
1582,102,33,20,102-33-20,02-REP,,,,,,,,,,,,,,,,,,0,0,0,0,1,0,0,0,0,0,1,0,0,0,0,0,0,0,0,,
1583,102,33,10,102-33-10,02-REP,,,,,,,,,,,,,,,,,,0,1,0,1,0,0,0,1,1,1,0,1,1,0,1,1,1,1,1,,
1584,102,33,34,102-33-34,01-DEM,1,0,0,0,1,1,0,0,1,0,0,1,0,0,0,,,,,,,,,,,,,,,,,,,,,,,
1585,102,33,31,102-33-31,02-REP,,,,,,,,,,,,,,,,,,1,1,1,0,0,0,0,1,1,1,0,1,1,1,1,1,1,1,1,,
1586,102,34,32,102-34-32,02-REP,,,,,,,,,,,,,,,,,,1,1,0,0,1,0,0,0,0,0,1,0,0,0,0,0,0,0,0,,
1587,102,34,31,102-34-31,02-REP,,,,,,,,,,,,,,,,,,0,1,0,0,1,0,0,0,0,0,1,0,1,0,0,0,0,0,0,,
1588,102,34,21,102-34-21,02-REP,,,,,,,,,,,,,,,,,,1,1,0,1,0,0,0,1,1,1,0,1,1,1,1,1,1,1,1,,
1589,102,34,11,102-34-11,02-REP,,,,,,,,,,,,,,,,,,1,1,0,1,0,0,0,1,1,1,0,1,1,1,1,1,1,1,1,,
1590,102,34,1,102-34-1,01-DEM,0,1,1,0,0,0,1,1,0,1,1,0,0,0,1,,,,,,,,,,,,,,,,,,,,,,,
1591,102,34,34,102-34-34,02-REP,,,,,,,,,,,,,,,,,,1,1,0,1,0,0,0,1,1,0,1,1,1,1,1,1,1,1,1,,
1592,102,34,33,102-34-33,02-REP,,,,,,,,,,,,,,,,,,1,1,1,0,0,0,0,1,1,0,1,1,1,1,1,1,1,1,1,,
1593,102,34,22,102-34-22,02-REP,,,,,,,,,,,,,,,,,,1,1,1,0,0,0,0,1,1,0,1,1,1,1,1,1,1,1,1,,
1594,102,34,12,102-34-12,02-REP,,,,,,,,,,,,,,,,,,1,1,0,1,0,0,0,1,1,1,0,1,1,1,1,1,1,1,1,,
1595,102,34,5,102-34-5,01-DEM,0,1,0,0,0,0,1,0,1,1,1,0,0,0,0,,,,,,,,,,,,,,,,,,,,,,,
1596,102,34,36,102-34-36,02-REP,,,,,,,,,,,,,,,,,,0,1,0,0,1,0,0,1,1,1,0,1,1,1,1,1,1,1,1,,
1597,102,34,35,102-34-35,02-REP,,,,,,,,,,,,,,,,,,1,1,0,1,0,0,0,1,1,1,0,1,1,1,1,1,1,1,1,,
1598,102,34,23,102-34-23,02-REP,,,,,,,,,,,,,,,,,,0,0,0,1,0,0,0,0,0,1,0,0,0,0,0,0,0,0,0,,
1599,102,34,13,102-34-13,02-REP,,,,,,,,,,,,,,,,,,0,1,0,0,1,0,0,1,1,1,0,1,1,1,1,1,1,1,1,,
1600,102,34,38,102-34-38,02-REP,,,,,,,,,,,,,,,,,,1,1,0,0,1,0,0,1,1,1,0,1,1,1,1,1,1,1,1,,
1601,102,34,37,102-34-37,02-REP,,,,,,,,,,,,,,,,,,1,1,1,0,0,0,0,1,1,0,1,1,1,1,1,1,1,1,1,,
1602,102,34,24,102-34-24,02-REP,,,,,,,,,,,,,,,,,,1,1,1,0,0,0,0,1,1,0,1,1,1,1,1,1,1,1,1,,
1603,102,34,14,102-34-14,02-REP,,,,,,,,,,,,,,,,,,1,1,1,0,0,0,0,1,1,1,0,1,1,1,1,1,1,1,1,,
1604,102,34,8,102-34-8,01-DEM,0,1,0,0,0,1,0,1,0,1,1,0,0,0,1,,,,,,,,,,,,,,,,,,,,,,,
1605,102,34,42,102-34-42,01-DEM,1,0,1,0,0,1,0,0,1,1,0,0,1,0,1,,,,,,,,,,,,,,,,,,,,,,,
1606,102,34,41,102-34-41,02-REP,,,,,,,,,,,,,,,,,,1,1,1,0,0,0,0,1,1,0,1,1,1,1,1,1,1,1,1,,
1607,102,34,27,102-34-27,02-REP,,,,,,,,,,,,,,,,,,1,0,1,0,0,0,0,1,0,0,1,0,1,1,0,1,1,1,1,,
1608,102,34,15,102-34-15,02-REP,,,,,,,,,,,,,,,,,,1,1,0,1,0,0,0,1,1,1,0,1,1,1,1,1,1,1,1,,
1609,102,34,6,102-34-6,01-DEM,1,0,1,0,0,1,0,1,0,1,0,0,1,0,1,,,,,,,,,,,,,,,,,,,,,,,
1610,102,34,40,102-34-40,02-REP,,,,,,,,,,,,,,,,,,1,1,0,0,1,0,0,1,1,1,0,1,1,1,1,1,1,1,1,,
1611,102,34,39,102-34-39,02-REP,,,,,,,,,,,,,,,,,,0,1,0,1,0,0,0,1,1,1,0,1,1,1,1,1,1,1,1,,
1612,102,34,25,102-34-25,02-REP,,,,,,,,,,,,,,,,,,1,0,0,0,1,0,0,0,0,1,0,1,1,1,1,1,1,1,1,,
1613,102,34,16,102-34-16,02-REP,,,,,,,,,,,,,,,,,,1,1,0,0,1,0,0,1,1,0,1,1,1,1,1,1,1,1,1,,
1614,102,34,3,102-34-3,02-REP,,,,,,,,,,,,,,,,,,1,1,1,0,0,0,0,1,1,1,0,1,1,1,1,1,1,1,1,,
1615,102,34,50,102-34-50,01-DEM,1,0,1,0,0,1,0,1,0,0,0,0,0,1,0,,,,,,,,,,,,,,,,,,,,,,,
1616,102,34,49,102-34-49,02-REP,,,,,,,,,,,,,,,,,,1,1,0,1,0,0,0,1,1,0,1,1,1,1,1,1,1,1,1,,
1617,102,34,26,102-34-26,02-REP,,,,,,,,,,,,,,,,,,1,1,0,0,1,0,0,1,1,1,0,1,1,1,1,1,1,1,1,,
1618,102,34,17,102-34-17,02-REP,,,,,,,,,,,,,,,,,,1,1,0,0,1,0,0,1,1,1,0,1,1,1,1,1,1,1,1,,
1619,102,34,10,102-34-10,02-REP,,,,,,,,,,,,,,,,,,1,1,0,1,0,0,0,1,1,1,0,1,1,0,1,1,1,1,1,,
1620,102,34,44,102-34-44,01-DEM,1,0,0,0,0,1,0,1,0,1,1,0,0,0,1,,,,,,,,,,,,,,,,,,,,,,,
1621,102,34,43,102-34-43,01-DEM,1,0,0,0,0,0,0,0,1,0,1,0,0,0,1,,,,,,,,,,,,,,,,,,,,,,,
1622,102,34,28,102-34-28,02-REP,,,,,,,,,,,,,,,,,,1,1,0,0,1,0,0,1,1,0,1,1,1,1,1,1,1,1,1,,
1623,102,34,18,102-34-18,02-REP,,,,,,,,,,,,,,,,,,1,1,0,1,0,0,0,1,1,0,1,1,1,1,1,1,1,1,1,,
1624,102,34,4,102-34-4,02-REP,,,,,,,,,,,,,,,,,,1,1,0,1,0,0,0,0,1,1,0,1,1,1,1,1,1,1,1,,
1625,102,34,48,102-34-48,01-DEM,0,1,0,0,0,0,1,0,1,1,1,0,0,0,0,,,,,,,,,,,,,,,,,,,,,,,
1626,102,34,47,102-34-47,03-LBR,*,*,*,*,*,*,*,*,*,*,*,*,*,*,*,*,*,*,*,*,*,*,*,*,*,*,*,*,*,*,*,*,*,*,*,*,*,*
1627,102,34,30,102-34-30,02-REP,,,,,,,,,,,,,,,,,,1,1,0,1,0,0,0,1,1,1,0,1,1,1,1,1,1,1,1,,
1628,102,34,19,102-34-19,02-REP,,,,,,,,,,,,,,,,,,0,0,0,1,0,0,0,0,0,1,0,0,0,0,0,0,0,0,0,,
1629,102,34,7,102-34-7,01-DEM,0,1,1,0,0,0,1,1,0,1,1,0,0,0,1,,,,,,,,,,,,,,,,,,,,,,,
1630,102,34,46,102-34-46,01-DEM,1,0,0,0,0,1,0,1,0,1,1,0,0,0,1,,,,,,,,,,,,,,,,,,,,,,,
1631,102,34,45,102-34-45,01-DEM,1,0,1,0,0,1,0,1,0,1,1,0,0,0,1,,,,,,,,,,,,,,,,,,,,,,,
1632,102,34,29,102-34-29,02-REP,,,,,,,,,,,,,,,,,,1,1,0,0,1,0,0,1,1,1,0,1,1,1,1,1,1,1,1,,
1633,102,34,20,102-34-20,02-REP,,,,,,,,,,,,,,,,,,1,1,0,0,1,0,0,1,1,0,1,1,1,1,1,1,1,1,1,,
1634,102,34,9,102-34-9,01-DEM,0,1,1,0,0,0,1,1,0,1,1,0,0,0,1,,,,,,,,,,,,,,,,,,,,,,,
1635,102,34,2,102-34-2,02-REP,,,,,,,,,,,,,,,,,,1,1,0,0,0,0,0,1,1,0,1,1,1,1,1,1,1,1,1,,
1636,102,35,48,102-35-48,02-REP,,,,,,,,,,,,,,,,,,1,1,0,0,1,0,0,1,1,0,1,1,1,1,1,1,1,1,1,,
1637,102,35,47,102-35-47,02-REP,,,,,,,,,,,,,,,,,,1,1,0,0,1,0,0,1,1,1,0,1,1,1,1,1,1,1,1,,
1638,102,35,25,102-35-25,02-REP,,,,,,,,,,,,,,,,,,1,1,0,0,1,0,0,1,1,1,0,1,1,1,1,1,1,1,1,,
1639,102,35,24,102-35-24,02-REP,,,,,,,,,,,,,,,,,,0,0,0,1,0,0,0,0,0,0,0,0,0,0,1,0,0,0,0,,
1640,102,35,18,102-35-18,02-REP,,,,,,,,,,,,,,,,,,1,1,0,1,0,0,0,1,1,1,0,1,1,0,1,1,1,1,1,,
1641,102,35,11,102-35-11,02-REP,,,,,,,,,,,,,,,,,,1,1,1,0,0,0,0,1,1,1,0,1,1,1,1,1,1,1,1,,
1642,102,35,2,102-35-2,01-DEM,0,1,1,0,0,1,0,0,1,1,1,0,0,0,1,,,,,,,,,,,,,,,,,,,,,,,
1643,102,35,36,102-35-36,02-REP,,,,,,,,,,,,,,,,,,1,1,0,0,1,0,0,1,1,1,0,1,1,1,1,1,1,1,1,,
1644,102,35,35,102-35-35,02-REP,,,,,,,,,,,,,,,,,,1,1,0,0,1,0,0,1,1,0,1,1,1,1,1,1,1,1,1,,
1645,102,35,23,102-35-23,02-REP,,,,,,,,,,,,,,,,,,0,0,0,1,0,0,0,1,1,0,0,1,1,1,1,0,0,0,0,,
1646,102,35,12,102-35-12,02-REP,,,,,,,,,,,,,,,,,,0,0,0,1,0,0,0,0,0,0,0,0,0,0,1,0,0,0,0,,
1647,102,35,1,102-35-1,01-DEM,0,1,1,0,0,1,0,1,0,1,0,0,1,0,1,,,,,,,,,,,,,,,,,,,,,,,
1648,102,35,34,102-35-34,02-REP,,,,,,,,,,,,,,,,,,1,1,0,1,0,0,0,1,1,0,1,1,1,1,1,1,1,1,1,,
1649,102,35,33,102-35-33,02-REP,,,,,,,,,,,,,,,,,,1,1,0,1,0,0,0,1,1,1,0,1,1,1,1,1,1,1,1,,
1650,102,35,22,102-35-22,02-REP,,,,,,,,,,,,,,,,,,1,1,0,1,0,0,0,1,1,1,0,1,1,1,1,1,1,1,1,,
1651,102,35,13,102-35-13,02-REP,,,,,,,,,,,,,,,,,,1,1,1,0,0,0,0,1,1,1,0,1,1,1,1,1,1,1,1,,
1652,102,35,10,102-35-10,02-REP,,,,,,,,,,,,,,,,,,0,0,0,1,0,0,0,1,1,1,0,0,1,1,1,1,1,1,1,,
1653,102,35,38,102-35-38,02-REP,,,,,,,,,,,,,,,,,,1,1,0,1,0,0,0,1,1,1,0,1,1,1,1,1,1,1,1,,
1654,102,35,37,102-35-37,02-REP,,,,,,,,,,,,,,,,,,1,1,0,1,0,0,0,1,1,1,0,1,1,1,1,1,1,1,1,,
1655,102,35,26,102-35-26,02-REP,,,,,,,,,,,,,,,,,,1,1,1,0,0,0,0,1,1,0,1,1,1,1,1,1,1,1,1,,
1656,102,35,14,102-35-14,02-REP,,,,,,,,,,,,,,,,,,1,1,1,0,0,0,0,1,1,1,0,1,1,1,1,1,1,1,1,,
1657,102,35,3,102-35-3,01-DEM,0,1,0,0,0,0,1,1,0,1,0,0,0,0,0,,,,,,,,,,,,,,,,,,,,,,,
1658,102,35,40,102-35-40,02-REP,,,,,,,,,,,,,,,,,,1,1,0,1,0,0,0,1,1,0,1,1,1,1,1,1,1,1,1,,
1659,102,35,39,102-35-39,02-REP,,,,,,,,,,,,,,,,,,1,1,1,0,0,0,0,1,1,1,0,1,1,1,1,1,1,1,1,,
1660,102,35,27,102-35-27,02-REP,,,,,,,,,,,,,,,,,,1,1,0,1,0,0,0,1,1,1,0,1,1,1,1,1,1,1,1,,
1661,102,35,15,102-35-15,02-REP,,,,,,,,,,,,,,,,,,1,1,0,1,0,0,0,1,1,1,0,1,1,1,1,1,1,1,1,,
1662,102,35,4,102-35-4,01-DEM,0,1,1,0,0,0,1,1,0,1,1,0,0,0,1,,,,,,,,,,,,,,,,,,,,,,,
1663,102,35,44,102-35-44,02-REP,,,,,,,,,,,,,,,,,,0,0,1,0,0,0,0,0,0,0,1,0,0,0,0,0,0,1,0,,
1664,102,35,43,102-35-43,02-REP,,,,,,,,,,,,,,,,,,1,1,0,1,0,0,0,1,1,1,0,1,1,1,1,1,1,1,1,,
1665,102,35,29,102-35-29,02-REP,,,,,,,,,,,,,,,,,,1,1,0,0,1,0,0,1,1,0,1,1,1,1,1,1,1,1,1,,
1666,102,35,16,102-35-16,02-REP,,,,,,,,,,,,,,,,,,1,1,0,0,1,0,0,1,1,0,1,1,1,1,1,1,1,1,1,,
1667,102,35,6,102-35-6,02-REP,,,,,,,,,,,,,,,,,,1,1,0,1,0,0,0,1,1,0,1,1,1,1,1,1,1,1,1,,
1668,102,35,42,102-35-42,02-REP,,,,,,,,,,,,,,,,,,0,0,1,0,0,0,0,0,0,0,1,0,0,0,0,0,0,0,0,,
1669,102,35,41,102-35-41,02-REP,,,,,,,,,,,,,,,,,,1,1,0,0,1,0,0,1,1,0,1,1,1,1,1,1,1,1,1,,
1670,102,35,28,102-35-28,02-REP,,,,,,,,,,,,,,,,,,1,1,0,0,1,0,0,1,1,0,1,1,1,1,1,1,1,1,1,,
1671,102,35,17,102-35-17,02-REP,,,,,,,,,,,,,,,,,,1,1,1,0,0,0,0,1,1,1,0,1,1,1,1,1,1,1,1,,
1672,102,35,5,102-35-5,02-REP,,,,,,,,,,,,,,,,,,1,1,0,1,0,0,0,1,1,0,1,1,1,1,1,1,1,1,1,,
1673,102,35,46,102-35-46,02-REP,,,,,,,,,,,,,,,,,,0,0,0,0,1,0,0,0,0,0,0,0,0,0,0,0,0,0,0,,
1674,102,35,45,102-35-45,02-REP,,,,,,,,,,,,,,,,,,0,0,0,0,1,0,0,0,0,0,1,0,0,0,0,1,1,1,1,,
1675,102,35,30,102-35-30,02-REP,,,,,,,,,,,,,,,,,,1,1,0,1,0,0,0,1,1,1,0,1,1,1,1,1,1,1,1,,
1676,102,35,19,102-35-19,02-REP,,,,,,,,,,,,,,,,,,1,1,1,0,0,0,0,1,1,1,0,1,1,0,1,1,1,1,1,,
1677,102,35,8,102-35-8,02-REP,,,,,,,,,,,,,,,,,,1,1,0,1,0,0,0,1,1,0,1,1,1,1,1,0,1,1,1,,
1678,102,35,31,102-35-31,02-REP,,,,,,,,,,,,,,,,,,1,1,1,0,0,0,0,1,1,0,1,1,1,1,1,1,0,1,1,,
1679,102,35,20,102-35-20,02-REP,,,,,,,,,,,,,,,,,,1,1,1,0,0,0,0,1,1,1,0,1,1,1,1,1,1,1,1,,
1680,102,35,9,102-35-9,02-REP,,,,,,,,,,,,,,,,,,1,1,0,1,0,0,0,1,1,1,0,1,1,1,1,1,1,1,1,,
1681,102,35,49,102-35-49,02-REP,,,,,,,,,,,,,,,,,,1,1,1,0,0,0,0,1,1,0,1,1,1,0,1,1,1,1,1,,
1682,102,35,32,102-35-32,02-REP,,,,,,,,,,,,,,,,,,1,1,0,1,0,0,0,1,1,1,0,1,1,1,1,1,1,1,1,,
1683,102,35,21,102-35-21,02-REP,,,,,,,,,,,,,,,,,,1,1,0,1,0,0,0,1,1,1,0,1,1,1,1,1,1,1,1,,
1684,102,35,7,102-35-7,02-REP,,,,,,,,,,,,,,,,,,0,0,0,0,0,0,0,0,0,0,0,0,0,1,1,1,1,1,1,,
1685,102,35,50,102-35-50,02-REP,,,,,,,,,,,,,,,,,,1,0,0,1,0,0,0,1,1,0,1,1,1,1,1,1,1,1,1,,
1686,102,36,31,102-36-31,02-REP,,,,,,,,,,,,,,,,,,1,1,0,1,0,0,0,1,1,0,1,1,1,0,1,1,1,1,1,,
1687,102,36,30,102-36-30,02-REP,,,,,,,,,,,,,,,,,,1,1,0,1,0,0,0,1,1,0,1,1,1,0,1,1,0,1,0,,
1688,102,36,21,102-36-21,02-REP,,,,,,,,,,,,,,,,,,1,1,1,0,0,0,0,1,1,0,1,1,1,1,1,1,1,1,1,,
1689,102,36,11,102-36-11,02-REP,,,,,,,,,,,,,,,,,,1,1,0,0,1,0,0,1,1,1,0,1,1,1,1,1,1,1,1,,
1690,102,36,8,102-36-8,02-REP,,,,,,,,,,,,,,,,,,1,1,0,0,1,0,0,1,1,0,1,1,1,1,1,1,1,1,1,,
1691,102,36,27,102-36-27,02-REP,,,,,,,,,,,,,,,,,,1,1,0,0,1,0,0,1,1,1,0,1,1,1,1,1,1,1,1,,
1692,102,36,26,102-36-26,02-REP,,,,,,,,,,,,,,,,,,1,1,0,1,0,0,0,0,0,0,1,0,1,0,1,0,0,1,0,,
1693,102,36,22,102-36-22,02-REP,,,,,,,,,,,,,,,,,,1,1,0,1,0,0,0,0,1,1,0,1,1,1,1,1,1,1,1,,
1694,102,36,12,102-36-12,02-REP,,,,,,,,,,,,,,,,,,0,0,0,0,1,0,0,0,0,1,0,0,0,0,0,0,0,0,0,,
1695,102,36,9,102-36-9,01-DEM,1,0,0,0,0,1,0,0,1,0,0,0,1,0,0,,,,,,,,,,,,,,,,,,,,,,,
1696,102,36,36,102-36-36,02-REP,,,,,,,,,,,,,,,,,,1,1,0,1,0,0,0,1,1,0,1,1,1,0,1,1,1,1,1,,
1697,102,36,35,102-36-35,02-REP,,,,,,,,,,,,,,,,,,0,1,0,0,1,0,0,0,0,0,1,0,1,0,0,0,0,0,0,,
1698,102,36,23,102-36-23,02-REP,,,,,,,,,,,,,,,,,,1,0,0,0,1,0,0,1,1,0,1,1,1,0,0,0,0,1,1,,
1699,102,36,13,102-36-13,02-REP,,,,,,,,,,,,,,,,,,1,1,0,0,1,0,0,0,0,0,0,0,0,1,1,0,1,1,1,,
1700,102,36,1,102-36-1,01-DEM,1,0,1,0,0,1,0,1,0,1,0,0,0,1,1,,,,,,,,,,,,,,,,,,,,,,,
1701,102,36,38,102-36-38,02-REP,,,,,,,,,,,,,,,,,,1,1,0,1,0,0,0,1,1,0,1,1,1,1,1,1,1,1,1,,
1702,102,36,37,102-36-37,02-REP,,,,,,,,,,,,,,,,,,1,1,0,1,0,0,0,1,1,0,1,1,1,1,1,1,1,1,1,,
1703,102,36,24,102-36-24,02-REP,,,,,,,,,,,,,,,,,,0,1,0,0,1,0,0,0,0,0,0,0,1,0,1,0,1,0,1,,
1704,102,36,14,102-36-14,02-REP,,,,,,,,,,,,,,,,,,1,1,0,1,0,0,0,1,1,1,0,1,1,1,1,1,1,1,1,,
1705,102,36,2,102-36-2,02-REP,,,,,,,,,,,,,,,,,,1,1,0,1,0,0,0,1,1,1,0,1,1,1,1,0,0,0,0,,
1706,102,36,40,102-36-40,02-REP,,,,,,,,,,,,,,,,,,1,1,0,1,0,0,0,1,1,1,0,1,1,1,1,1,1,1,1,,
1707,102,36,39,102-36-39,02-REP,,,,,,,,,,,,,,,,,,1,1,0,1,0,0,0,1,1,0,1,1,1,0,1,1,0,1,1,,
1708,102,36,25,102-36-25,02-REP,,,,,,,,,,,,,,,,,,1,1,0,0,1,0,0,1,1,0,1,1,1,1,1,1,1,1,1,,
1709,102,36,15,102-36-15,02-REP,,,,,,,,,,,,,,,,,,1,1,0,0,1,0,0,1,1,0,1,1,1,1,1,1,1,1,1,,
1710,102,36,4,102-36-4,02-REP,,,,,,,,,,,,,,,,,,1,0,0,0,1,0,0,1,1,1,0,1,1,1,1,1,1,1,1,,
1711,102,36,50,102-36-50,01-DEM,0,1,1,0,0,1,0,0,1,1,1,0,0,0,1,,,,,,,,,,,,,,,,,,,,,,,
1712,102,36,49,102-36-49,01-DEM,0,1,1,0,0,1,0,0,1,1,0,0,1,0,1,,,,,,,,,,,,,,,,,,,,,,,
1713,102,36,32,102-36-32,02-REP,,,,,,,,,,,,,,,,,,1,1,0,1,0,0,0,0,0,0,1,0,0,0,1,0,0,1,0,,
1714,102,36,16,102-36-16,02-REP,,,,,,,,,,,,,,,,,,1,1,0,0,1,0,0,1,1,1,0,1,1,1,1,1,1,1,1,,
1715,102,36,10,102-36-10,02-REP,,,,,,,,,,,,,,,,,,0,0,0,0,1,0,0,0,0,0,1,0,0,0,1,0,0,0,0,,
1716,102,36,42,102-36-42,02-REP,,,,,,,,,,,,,,,,,,1,1,0,0,1,0,0,1,1,1,0,1,1,1,1,1,1,1,1,,
1717,102,36,41,102-36-41,02-REP,,,,,,,,,,,,,,,,,,1,1,0,0,1,0,0,1,1,1,0,1,1,1,1,1,1,1,1,,
1718,102,36,28,102-36-28,02-REP,,,,,,,,,,,,,,,,,,1,1,0,1,0,0,0,1,1,0,1,1,1,1,1,1,1,1,1,,
1719,102,36,17,102-36-17,02-REP,,,,,,,,,,,,,,,,,,1,1,0,1,0,0,0,1,1,1,0,1,1,1,1,1,1,1,1,,
1720,102,36,7,102-36-7,02-REP,,,,,,,,,,,,,,,,,,1,1,0,1,0,0,0,1,1,0,1,1,1,1,1,1,1,1,1,,
1721,102,36,44,102-36-44,01-DEM,0,1,1,0,0,1,0,0,1,1,0,0,0,1,1,,,,,,,,,,,,,,,,,,,,,,,
1722,102,36,43,102-36-43,01-DEM,1,0,1,0,0,1,0,1,0,1,1,0,0,0,1,,,,,,,,,,,,,,,,,,,,,,,
1723,102,36,18,102-36-18,02-REP,,,,,,,,,,,,,,,,,,1,1,0,1,0,0,0,1,1,1,0,1,1,1,1,1,1,1,1,,
1724,102,36,3,102-36-3,02-REP,,,,,,,,,,,,,,,,,,1,1,0,0,0,0,0,1,1,0,1,1,1,1,1,1,1,1,1,,
1725,102,36,48,102-36-48,01-DEM,1,0,1,0,0,0,1,1,0,1,0,0,0,1,0,,,,,,,,,,,,,,,,,,,,,,,
1726,102,36,47,102-36-47,01-DEM,0,1,1,0,0,1,0,1,0,1,0,1,0,0,1,,,,,,,,,,,,,,,,,,,,,,,
1727,102,36,34,102-36-34,02-REP,,,,,,,,,,,,,,,,,,1,1,0,0,1,0,0,0,0,0,1,0,1,0,0,0,0,0,0,,
1728,102,36,19,102-36-19,02-REP,,,,,,,,,,,,,,,,,,1,1,0,1,0,0,0,1,1,1,0,1,1,1,1,0,0,0,0,,
1729,102,36,6,102-36-6,02-REP,,,,,,,,,,,,,,,,,,1,1,0,0,1,0,0,1,1,0,1,1,1,1,1,0,0,0,0,,
1730,102,36,46,102-36-46,01-DEM,0,1,1,0,0,0,1,0,0,1,1,0,0,0,1,,,,,,,,,,,,,,,,,,,,,,,
1731,102,36,45,102-36-45,01-DEM,0,1,1,0,0,1,0,0,1,1,1,0,0,0,1,,,,,,,,,,,,,,,,,,,,,,,
1732,102,36,33,102-36-33,02-REP,,,,,,,,,,,,,,,,,,1,1,0,0,1,0,0,1,1,0,1,0,1,1,1,1,1,1,1,,
1733,102,36,20,102-36-20,02-REP,,,,,,,,,,,,,,,,,,1,1,1,0,0,0,0,1,1,0,1,1,1,1,1,1,1,1,1,,
1734,102,36,5,102-36-5,02-REP,,,,,,,,,,,,,,,,,,1,1,0,1,0,0,0,1,1,1,0,1,1,1,1,1,1,1,1,,
1735,102,36,29,102-36-29,02-REP,,,,,,,,,,,,,,,,,,0,0,0,0,0,0,0,0,0,0,0,0,0,0,0,0,0,0,0,,
1736,102,37,31,102-37-31,02-REP,,,,,,,,,,,,,,,,,,1,1,0,1,0,0,0,1,1,0,1,1,1,1,1,1,1,1,1,,
1737,102,37,30,102-37-30,01-DEM,0,1,1,0,0,0,1,0,1,1,0,0,1,0,1,,,,,,,,,,,,,,,,,,,,,,,
1738,102,37,20,102-37-20,02-REP,,,,,,,,,,,,,,,,,,1,1,0,1,0,0,0,1,1,1,0,1,1,1,1,1,1,1,1,,
1739,102,37,11,102-37-11,01-DEM,0,1,1,0,0,0,1,1,0,1,0,1,0,0,1,,,,,,,,,,,,,,,,,,,,,,,
1740,102,37,1,102-37-1,02-REP,,,,,,,,,,,,,,,,,,0,0,0,0,1,0,0,0,0,1,0,0,0,0,0,0,0,0,0,,
1741,102,37,33,102-37-33,01-DEM,0,1,1,0,0,0,1,0,1,1,0,0,1,0,1,,,,,,,,,,,,,,,,,,,,,,,
1742,102,37,32,102-37-32,01-DEM,0,1,1,0,0,0,1,1,0,1,1,0,0,0,1,,,,,,,,,,,,,,,,,,,,,,,
1743,102,37,21,102-37-21,01-DEM,0,1,1,0,0,0,1,0,1,1,1,0,0,0,1,,,,,,,,,,,,,,,,,,,,,,,
1744,102,37,12,102-37-12,01-DEM,0,1,1,0,0,0,1,1,0,1,1,0,0,0,1,,,,,,,,,,,,,,,,,,,,,,,
1745,102,37,2,102-37-2,02-REP,,,,,,,,,,,,,,,,,,1,1,0,0,1,0,0,1,1,0,1,1,1,1,1,1,1,1,1,,
1746,102,37,37,102-37-37,01-DEM,0,1,1,0,0,0,1,0,1,1,1,0,0,0,1,,,,,,,,,,,,,,,,,,,,,,,
1747,102,37,36,102-37-36,02-REP,,,,,,,,,,,,,,,,,,1,1,0,1,0,0,0,1,1,1,0,1,1,1,1,1,1,1,1,,
1748,102,37,23,102-37-23,02-REP,,,,,,,,,,,,,,,,,,1,1,0,0,1,0,0,1,1,1,0,1,1,1,1,1,1,1,1,,
1749,102,37,13,102-37-13,01-DEM,1,0,1,0,0,0,1,1,0,1,1,0,0,0,1,,,,,,,,,,,,,,,,,,,,,,,
1750,102,37,7,102-37-7,02-REP,,,,,,,,,,,,,,,,,,1,1,0,1,0,0,0,1,1,0,1,1,1,1,1,1,1,1,1,,
1751,102,37,39,102-37-39,02-REP,,,,,,,,,,,,,,,,,,1,1,1,0,0,0,0,1,1,0,1,1,1,1,1,1,1,1,1,,
1752,102,37,38,102-37-38,01-DEM,0,1,0,0,0,0,0,0,0,0,0,0,0,0,0,,,,,,,,,,,,,,,,,,,,,,,
1753,102,37,24,102-37-24,02-REP,,,,,,,,,,,,,,,,,,1,1,0,0,1,0,0,1,1,0,1,1,1,1,1,1,1,1,1,,
1754,102,37,14,102-37-14,01-DEM,1,0,1,0,0,1,0,0,1,1,1,0,0,0,1,,,,,,,,,,,,,,,,,,,,,,,
1755,102,37,9,102-37-9,02-REP,,,,,,,,,,,,,,,,,,1,1,0,1,0,0,0,1,1,1,0,1,1,1,1,1,1,1,1,,
1756,102,37,35,102-37-35,02-REP,,,,,,,,,,,,,,,,,,1,1,0,1,0,0,0,0,0,0,1,1,1,1,1,0,0,1,1,,
1757,102,37,34,102-37-34,02-REP,,,,,,,,,,,,,,,,,,1,1,1,0,0,0,0,1,1,0,1,1,1,1,1,1,1,1,1,,
1758,102,37,22,102-37-22,02-REP,,,,,,,,,,,,,,,,,,1,1,0,0,1,0,0,1,1,0,1,1,1,1,1,1,1,1,1,,
1759,102,37,15,102-37-15,01-DEM,1,0,1,0,0,1,0,0,1,1,1,0,0,0,1,,,,,,,,,,,,,,,,,,,,,,,
1760,102,37,6,102-37-6,02-REP,,,,,,,,,,,,,,,,,,1,1,0,0,1,0,0,1,1,0,1,1,1,1,1,1,1,1,1,,
1761,102,37,26,102-37-26,02-REP,,,,,,,,,,,,,,,,,,1,1,0,0,1,0,0,1,1,0,1,1,1,1,1,1,1,1,1,,
1762,102,37,16,102-37-16,02-REP,,,,,,,,,,,,,,,,,,1,1,0,0,1,0,0,1,1,1,0,1,1,1,1,1,1,1,1,,
1763,102,37,3,102-37-3,02-REP,,,,,,,,,,,,,,,,,,1,1,0,0,1,0,0,0,0,0,1,0,0,0,0,0,0,0,0,,
1764,102,37,27,102-37-27,02-REP,,,,,,,,,,,,,,,,,,1,1,1,0,0,0,0,1,1,0,1,1,1,0,1,1,1,1,1,,
1765,102,37,17,102-37-17,02-REP,,,,,,,,,,,,,,,,,,1,1,0,0,1,0,0,1,1,1,0,1,1,1,1,1,1,1,1,,
1766,102,37,8,102-37-8,01-DEM,1,0,1,0,0,0,1,1,0,1,1,0,0,0,1,,,,,,,,,,,,,,,,,,,,,,,
1767,102,37,28,102-37-28,02-REP,,,,,,,,,,,,,,,,,,1,1,0,0,1,0,0,1,1,1,0,1,1,1,1,1,1,1,1,,
1768,102,37,18,102-37-18,02-REP,,,,,,,,,,,,,,,,,,1,1,0,1,0,0,0,1,1,0,1,1,1,1,1,0,1,1,1,,
1769,102,37,10,102-37-10,01-DEM,1,0,1,0,0,0,1,1,0,1,1,0,0,0,1,,,,,,,,,,,,,,,,,,,,,,,
1770,102,37,29,102-37-29,02-REP,,,,,,,,,,,,,,,,,,1,1,1,0,0,0,0,1,1,0,1,1,1,1,1,1,1,1,1,,
1771,102,37,19,102-37-19,01-DEM,0,1,1,0,0,1,0,1,0,1,0,0,1,0,1,,,,,,,,,,,,,,,,,,,,,,,
1772,102,37,4,102-37-4,01-DEM,0,1,1,0,0,0,1,0,1,1,0,0,1,0,1,,,,,,,,,,,,,,,,,,,,,,,
1773,102,37,40,102-37-40,01-DEM,1,0,0,0,0,1,0,0,1,0,0,0,0,1,0,,,,,,,,,,,,,,,,,,,,,,,
1774,102,37,25,102-37-25,02-REP,,,,,,,,,,,,,,,,,,1,1,0,0,1,0,0,1,1,1,0,1,1,1,1,1,1,1,1,,
1775,102,37,5,102-37-5,01-DEM,0,1,1,0,0,0,1,0,1,1,0,0,1,0,1,,,,,,,,,,,,,,,,,,,,,,,
1776,102,38,34,102-38-34,02-REP,,,,,,,,,,,,,,,,,,1,1,0,0,1,0,0,0,0,0,0,0,0,0,0,0,0,1,1,,
1777,102,38,33,102-38-33,02-REP,,,,,,,,,,,,,,,,,,1,1,0,1,0,0,0,1,1,1,0,1,1,1,1,1,1,1,1,,
1778,102,38,21,102-38-21,02-REP,,,,,,,,,,,,,,,,,,1,1,0,0,1,0,0,1,1,1,0,1,1,1,1,1,1,1,1,,
1779,102,38,11,102-38-11,02-REP,,,,,,,,,,,,,,,,,,1,1,0,1,0,0,0,1,1,1,0,1,1,1,1,1,1,1,1,,
1780,102,38,1,102-38-1,02-REP,,,,,,,,,,,,,,,,,,1,1,0,1,0,0,0,1,1,0,1,1,1,1,1,1,1,1,1,,
1781,102,38,32,102-38-32,02-REP,,,,,,,,,,,,,,,,,,1,1,0,0,1,0,0,1,1,1,0,1,1,1,1,1,1,1,1,,
1782,102,38,31,102-38-31,02-REP,,,,,,,,,,,,,,,,,,1,0,0,1,0,0,0,1,1,1,0,1,1,1,1,1,1,1,1,,
1783,102,38,22,102-38-22,02-REP,,,,,,,,,,,,,,,,,,0,1,0,0,1,0,0,1,1,1,0,1,1,1,1,1,1,1,1,,
1784,102,38,12,102-38-12,02-REP,,,,,,,,,,,,,,,,,,1,1,0,1,0,0,0,1,1,1,0,1,1,1,1,1,1,1,1,,
1785,102,38,2,102-38-2,02-REP,,,,,,,,,,,,,,,,,,1,1,0,0,1,0,0,1,1,1,0,1,1,1,1,1,1,1,1,,
1786,102,38,36,102-38-36,02-REP,,,,,,,,,,,,,,,,,,1,1,0,0,1,0,0,1,1,0,1,1,1,0,1,1,1,1,1,,
1787,102,38,35,102-38-35,02-REP,,,,,,,,,,,,,,,,,,0,0,0,0,1,0,0,0,0,0,0,0,0,0,0,1,1,1,0,,
1788,102,38,23,102-38-23,02-REP,,,,,,,,,,,,,,,,,,1,0,0,0,1,0,0,0,0,0,0,0,1,0,1,1,1,0,1,,
1789,102,38,13,102-38-13,02-REP,,,,,,,,,,,,,,,,,,0,1,0,0,1,0,0,0,0,0,0,0,1,0,0,0,0,0,0,,
1790,102,38,3,102-38-3,02-REP,,,,,,,,,,,,,,,,,,1,0,0,1,0,0,0,0,0,0,1,1,1,1,0,0,1,1,1,,
1791,102,38,38,102-38-38,02-REP,,,,,,,,,,,,,,,,,,1,1,0,1,0,0,0,1,1,1,0,1,1,1,1,1,1,1,1,,
1792,102,38,37,102-38-37,02-REP,,,,,,,,,,,,,,,,,,1,1,1,0,0,0,0,1,1,0,1,1,1,1,1,1,1,1,1,,
1793,102,38,24,102-38-24,02-REP,,,,,,,,,,,,,,,,,,1,1,0,1,0,0,0,1,1,1,0,1,1,1,1,1,1,1,1,,
1794,102,38,14,102-38-14,02-REP,,,,,,,,,,,,,,,,,,0,0,0,0,1,0,0,0,0,0,0,0,0,1,1,0,1,1,1,,
1795,102,38,4,102-38-4,02-REP,,,,,,,,,,,,,,,,,,1,1,0,1,0,0,0,1,1,0,1,1,1,1,1,1,1,1,1,,
1796,102,38,42,102-38-42,02-REP,,,,,,,,,,,,,,,,,,1,1,0,1,0,0,0,1,1,0,1,1,1,1,1,1,1,1,1,,
1797,102,38,41,102-38-41,02-REP,,,,,,,,,,,,,,,,,,1,1,0,1,0,0,0,1,1,0,1,1,1,1,1,1,1,1,1,,
1798,102,38,25,102-38-25,02-REP,,,,,,,,,,,,,,,,,,1,1,0,0,1,0,0,1,1,1,0,1,1,1,1,1,1,1,1,,
1799,102,38,15,102-38-15,02-REP,,,,,,,,,,,,,,,,,,1,1,0,1,0,0,0,1,1,1,0,1,1,1,1,1,1,1,1,,
1800,102,38,7,102-38-7,02-REP,,,,,,,,,,,,,,,,,,1,1,0,1,0,0,0,1,1,0,1,1,1,1,1,1,1,1,1,,
1801,102,38,50,102-38-50,02-REP,,,,,,,,,,,,,,,,,,1,1,0,1,0,0,0,1,1,0,1,1,1,1,1,1,1,1,1,,
1802,102,38,49,102-38-49,02-REP,,,,,,,,,,,,,,,,,,1,0,1,0,0,0,0,1,1,0,1,1,1,1,1,1,1,1,1,,
1803,102,38,30,102-38-30,02-REP,,,,,,,,,,,,,,,,,,0,0,0,1,0,0,0,0,0,1,0,0,1,0,0,0,0,1,0,,
1804,102,38,16,102-38-16,02-REP,,,,,,,,,,,,,,,,,,1,1,0,0,1,0,0,1,1,1,0,1,1,1,1,1,1,1,1,,
1805,102,38,8,102-38-8,02-REP,,,,,,,,,,,,,,,,,,1,1,0,1,0,0,0,1,1,0,1,1,1,1,1,1,1,1,1,,
1806,102,38,40,102-38-40,02-REP,,,,,,,,,,,,,,,,,,1,1,1,0,0,0,0,1,1,1,0,1,1,1,1,1,1,1,1,,
1807,102,38,39,102-38-39,02-REP,,,,,,,,,,,,,,,,,,0,0,0,1,0,0,0,0,0,1,0,0,0,0,0,0,0,0,0,,
1808,102,38,26,102-38-26,02-REP,,,,,,,,,,,,,,,,,,1,1,0,0,1,0,0,1,1,1,0,1,1,1,1,1,1,1,1,,
1809,102,38,17,102-38-17,02-REP,,,,,,,,,,,,,,,,,,1,1,0,0,1,0,0,1,1,0,1,1,1,1,1,1,1,1,1,,
1810,102,38,9,102-38-9,02-REP,,,,,,,,,,,,,,,,,,1,1,0,0,1,0,0,1,1,0,0,1,1,1,1,1,1,1,1,,
1811,102,38,46,102-38-46,02-REP,,,,,,,,,,,,,,,,,,0,0,0,0,1,0,0,0,0,0,0,0,0,0,0,0,0,1,1,,
1812,102,38,45,102-38-45,02-REP,,,,,,,,,,,,,,,,,,1,1,0,1,0,0,0,1,1,1,0,1,1,1,1,1,1,1,1,,
1813,102,38,29,102-38-29,02-REP,,,,,,,,,,,,,,,,,,1,1,0,1,0,0,0,1,1,1,0,1,1,1,1,1,1,1,1,,
1814,102,38,18,102-38-18,02-REP,,,,,,,,,,,,,,,,,,1,1,0,0,1,0,0,1,1,1,0,1,1,1,1,1,1,1,1,,
1815,102,38,6,102-38-6,02-REP,,,,,,,,,,,,,,,,,,1,1,0,1,0,0,0,1,1,1,0,1,1,1,1,1,1,1,1,,
1816,102,38,44,102-38-44,02-REP,,,,,,,,,,,,,,,,,,0,1,0,0,1,0,0,0,0,1,0,1,1,1,1,1,1,1,1,,
1817,102,38,43,102-38-43,02-REP,,,,,,,,,,,,,,,,,,1,1,0,1,0,0,0,1,1,1,0,1,1,1,1,1,1,1,1,,
1818,102,38,27,102-38-27,02-REP,,,,,,,,,,,,,,,,,,1,0,0,0,1,0,0,1,1,1,0,1,1,1,1,1,1,1,1,,
1819,102,38,19,102-38-19,02-REP,,,,,,,,,,,,,,,,,,1,1,1,0,0,0,0,0,1,0,0,0,0,1,1,1,1,1,1,,
1820,102,38,5,102-38-5,02-REP,,,,,,,,,,,,,,,,,,1,1,0,1,0,0,0,1,1,1,0,1,1,1,1,1,1,1,1,,
1821,102,38,48,102-38-48,02-REP,,,,,,,,,,,,,,,,,,1,1,0,0,1,0,0,1,1,1,0,1,1,1,1,1,1,1,1,,
1822,102,38,47,102-38-47,02-REP,,,,,,,,,,,,,,,,,,1,1,0,1,0,0,0,1,1,0,1,1,1,1,1,1,1,1,1,,
1823,102,38,28,102-38-28,02-REP,,,,,,,,,,,,,,,,,,1,0,0,1,0,0,0,1,1,1,0,1,1,1,1,1,1,1,1,,
1824,102,38,20,102-38-20,02-REP,,,,,,,,,,,,,,,,,,1,1,0,0,1,0,0,1,1,1,0,1,1,1,1,1,1,1,1,,
1825,102,38,10,102-38-10,02-REP,,,,,,,,,,,,,,,,,,1,1,0,1,0,0,0,1,1,0,1,1,1,1,1,1,1,1,1,,
1826,102,39,42,102-39-42,02-REP,,,,,,,,,,,,,,,,,,1,1,0,1,0,0,0,1,1,1,0,1,1,1,1,1,1,1,1,,
1827,102,39,41,102-39-41,02-REP,,,,,,,,,,,,,,,,,,0,0,0,0,1,0,0,0,0,0,0,1,1,1,1,1,1,1,1,,
1828,102,39,26,102-39-26,02-REP,,,,,,,,,,,,,,,,,,1,1,0,1,0,0,0,1,1,0,1,1,1,1,1,1,1,1,1,,
1829,102,39,25,102-39-25,02-REP,,,,,,,,,,,,,,,,,,1,1,0,0,1,0,0,1,1,0,0,1,1,1,1,1,1,1,1,,
1830,102,39,22,102-39-22,02-REP,,,,,,,,,,,,,,,,,,0,0,0,1,0,0,0,0,0,0,1,0,0,0,0,0,0,0,0,,
1831,102,39,11,102-39-11,02-REP,,,,,,,,,,,,,,,,,,1,1,0,0,1,0,0,1,1,0,1,1,1,1,1,1,1,1,1,,
1832,102,39,9,102-39-9,02-REP,,,,,,,,,,,,,,,,,,1,1,0,1,0,0,0,1,1,1,0,1,1,0,1,1,1,1,1,,
1833,102,39,40,102-39-40,02-REP,,,,,,,,,,,,,,,,,,1,1,0,0,1,0,0,1,1,1,0,1,1,1,1,1,1,1,1,,
1834,102,39,39,102-39-39,02-REP,,,,,,,,,,,,,,,,,,1,1,0,0,1,0,0,1,1,1,0,1,1,1,1,1,1,1,1,,
1835,102,39,24,102-39-24,01-DEM,0,1,1,0,0,0,1,1,0,1,1,0,0,0,1,,,,,,,,,,,,,,,,,,,,,,,
1836,102,39,23,102-39-23,02-REP,,,,,,,,,,,,,,,,,,1,1,0,0,1,0,0,1,1,1,0,1,1,1,1,1,1,1,1,,
1837,102,39,21,102-39-21,01-DEM,0,1,1,0,0,0,1,1,0,1,0,0,1,0,1,,,,,,,,,,,,,,,,,,,,,,,
1838,102,39,12,102-39-12,01-DEM,0,1,1,0,0,1,0,1,0,1,1,0,0,0,1,,,,,,,,,,,,,,,,,,,,,,,
1839,102,39,10,102-39-10,02-REP,,,,,,,,,,,,,,,,,,1,0,0,0,1,0,0,0,1,0,1,1,1,1,1,1,1,1,1,,
1840,102,39,36,102-39-36,02-REP,,,,,,,,,,,,,,,,,,1,1,0,1,0,0,0,1,1,1,0,1,1,1,1,1,1,1,1,,
1841,102,39,35,102-39-35,01-DEM,0,1,1,0,0,0,1,1,0,1,1,0,0,0,1,,,,,,,,,,,,,,,,,,,,,,,
1842,102,39,28,102-39-28,01-DEM,0,1,1,0,0,0,1,1,0,1,1,0,0,0,1,,,,,,,,,,,,,,,,,,,,,,,
1843,102,39,13,102-39-13,02-REP,,,,,,,,,,,,,,,,,,1,1,1,0,0,0,0,1,1,0,1,1,1,1,1,1,1,1,1,,
1844,102,39,1,102-39-1,02-REP,,,,,,,,,,,,,,,,,,1,1,0,0,1,0,0,1,1,0,0,1,1,1,1,1,1,1,1,,
1845,102,39,38,102-39-38,02-REP,,,,,,,,,,,,,,,,,,1,1,0,0,1,0,0,1,1,0,1,1,1,1,1,1,1,1,1,,
1846,102,39,37,102-39-37,01-DEM,0,1,1,0,0,1,0,0,1,1,1,0,0,0,1,,,,,,,,,,,,,,,,,,,,,,,
1847,102,39,27,102-39-27,02-REP,,,,,,,,,,,,,,,,,,1,1,0,1,0,0,0,1,1,0,1,1,1,1,1,1,1,1,1,,
1848,102,39,14,102-39-14,02-REP,,,,,,,,,,,,,,,,,,0,1,0,1,0,0,0,1,1,1,0,1,1,1,1,1,1,1,1,,
1849,102,39,2,102-39-2,02-REP,,,,,,,,,,,,,,,,,,1,1,1,0,0,0,0,1,1,0,1,1,1,1,1,1,1,1,1,,
1850,102,39,32,102-39-32,02-REP,,,,,,,,,,,,,,,,,,1,1,0,0,1,0,0,1,1,1,0,1,1,1,1,1,1,1,1,,
1851,102,39,15,102-39-15,02-REP,,,,,,,,,,,,,,,,,,0,0,0,1,0,0,0,0,0,0,1,0,0,0,0,0,0,0,0,,
1852,102,39,7,102-39-7,02-REP,,,,,,,,,,,,,,,,,,1,1,0,1,0,0,0,1,1,0,1,1,1,0,1,1,1,1,1,,
1853,102,39,46,102-39-46,02-REP,,,,,,,,,,,,,,,,,,1,1,0,0,1,0,0,1,1,0,0,1,1,1,1,1,1,1,1,,
1854,102,39,45,102-39-45,02-REP,,,,,,,,,,,,,,,,,,0,0,0,0,1,0,0,0,0,0,0,0,1,0,1,0,1,0,0,,
1855,102,39,34,102-39-34,01-DEM,0,1,1,0,0,1,0,0,1,1,0,0,1,0,1,,,,,,,,,,,,,,,,,,,,,,,
1856,102,39,16,102-39-16,02-REP,,,,,,,,,,,,,,,,,,1,1,0,0,1,0,0,1,1,0,1,1,1,1,1,1,1,1,1,,
1857,102,39,3,102-39-3,02-REP,,,,,,,,,,,,,,,,,,1,1,0,0,1,0,0,1,1,0,1,1,1,1,1,1,1,1,1,,
1858,102,39,50,102-39-50,02-REP,,,,,,,,,,,,,,,,,,1,1,0,0,1,0,0,1,1,1,0,1,1,1,1,1,1,1,1,,
1859,102,39,49,102-39-49,02-REP,,,,,,,,,,,,,,,,,,1,1,1,0,0,0,0,1,1,1,0,1,1,1,1,1,1,1,1,,
1860,102,39,30,102-39-30,02-REP,,,,,,,,,,,,,,,,,,1,1,0,1,0,0,0,1,1,1,0,1,1,1,1,1,1,1,1,,
1861,102,39,17,102-39-17,02-REP,,,,,,,,,,,,,,,,,,1,1,0,0,1,0,0,1,1,1,0,1,1,1,1,1,1,1,1,,
1862,102,39,8,102-39-8,02-REP,,,,,,,,,,,,,,,,,,1,1,0,1,0,0,0,1,1,1,0,1,1,0,1,1,1,1,1,,
1863,102,39,44,102-39-44,01-DEM,0,1,1,0,0,1,0,1,0,1,0,0,1,0,1,,,,,,,,,,,,,,,,,,,,,,,
1864,102,39,43,102-39-43,02-REP,,,,,,,,,,,,,,,,,,1,1,0,1,0,0,0,1,1,0,1,1,1,1,1,1,1,1,1,,
1865,102,39,29,102-39-29,02-REP,,,,,,,,,,,,,,,,,,1,1,0,0,1,0,0,1,1,1,0,1,1,1,1,1,1,1,1,,
1866,102,39,18,102-39-18,01-DEM,1,0,1,0,0,0,1,0,1,1,0,0,1,0,1,,,,,,,,,,,,,,,,,,,,,,,
1867,102,39,5,102-39-5,02-REP,,,,,,,,,,,,,,,,,,1,1,0,0,1,0,0,1,1,1,0,1,1,1,1,1,1,1,1,,
1868,102,39,48,102-39-48,02-REP,,,,,,,,,,,,,,,,,,0,0,0,0,0,0,0,0,0,0,0,0,0,1,1,1,1,1,1,,
1869,102,39,47,102-39-47,02-REP,,,,,,,,,,,,,,,,,,1,1,0,0,1,0,0,1,1,1,0,1,1,1,1,1,1,1,1,,
1870,102,39,31,102-39-31,02-REP,,,,,,,,,,,,,,,,,,1,1,0,0,1,0,0,1,1,1,0,1,1,1,1,1,1,1,1,,
1871,102,39,19,102-39-19,02-REP,,,,,,,,,,,,,,,,,,1,1,1,0,0,0,0,1,1,0,1,1,1,1,1,1,1,1,1,,
1872,102,39,6,102-39-6,02-REP,,,,,,,,,,,,,,,,,,1,1,0,1,0,0,0,1,1,1,0,1,1,1,1,1,1,1,1,,
1873,102,39,33,102-39-33,02-REP,,,,,,,,,,,,,,,,,,1,1,1,0,0,0,0,1,1,1,0,1,1,1,1,1,1,1,1,,
1874,102,39,20,102-39-20,01-DEM,0,1,1,0,0,0,1,1,0,1,1,0,0,0,1,,,,,,,,,,,,,,,,,,,,,,,
1875,102,39,4,102-39-4,02-REP,,,,,,,,,,,,,,,,,,1,1,0,0,1,0,0,0,0,1,0,1,1,1,1,1,1,1,1,,
1876,102,40,36,102-40-36,02-REP,,,,,,,,,,,,,,,,,,1,1,0,0,1,0,0,1,1,0,0,1,1,1,1,1,1,1,1,,
1877,102,40,35,102-40-35,02-REP,,,,,,,,,,,,,,,,,,1,1,1,0,0,0,0,1,1,1,0,1,1,1,1,1,1,1,1,,
1878,102,40,23,102-40-23,02-REP,,,,,,,,,,,,,,,,,,1,1,0,0,1,0,0,1,1,1,0,1,1,1,1,1,1,1,1,,
1879,102,40,11,102-40-11,02-REP,,,,,,,,,,,,,,,,,,0,0,0,0,1,0,0,0,0,0,0,0,0,0,0,0,0,1,1,,
1880,102,40,9,102-40-9,02-REP,,,,,,,,,,,,,,,,,,1,1,1,0,0,0,0,1,1,0,1,1,1,1,1,1,1,1,1,,
1881,102,40,32,102-40-32,02-REP,,,,,,,,,,,,,,,,,,0,1,0,0,1,0,0,1,1,1,0,1,1,1,1,1,1,1,1,,
1882,102,40,31,102-40-31,02-REP,,,,,,,,,,,,,,,,,,1,1,1,0,0,0,0,1,1,1,0,1,1,1,1,1,1,1,1,,
1883,102,40,21,102-40-21,02-REP,,,,,,,,,,,,,,,,,,1,0,0,0,1,0,0,1,1,1,0,1,1,0,1,1,1,1,1,,
1884,102,40,12,102-40-12,02-REP,,,,,,,,,,,,,,,,,,1,0,0,0,0,0,0,0,0,0,0,0,0,0,0,0,1,1,1,,
1885,102,40,6,102-40-6,02-REP,,,,,,,,,,,,,,,,,,1,1,1,0,0,0,0,1,1,0,1,1,1,1,1,1,1,1,1,,
1886,102,40,34,102-40-34,02-REP,,,,,,,,,,,,,,,,,,1,1,0,0,1,0,0,1,1,1,0,1,1,1,1,1,1,1,1,,
1887,102,40,33,102-40-33,02-REP,,,,,,,,,,,,,,,,,,1,1,0,0,1,0,0,1,1,1,0,1,1,1,1,1,1,1,1,,
1888,102,40,22,102-40-22,02-REP,,,,,,,,,,,,,,,,,,1,1,0,1,0,0,0,1,1,1,0,1,1,1,1,1,1,1,1,,
1889,102,40,13,102-40-13,02-REP,,,,,,,,,,,,,,,,,,1,1,0,1,0,0,0,1,1,0,1,1,1,1,1,1,1,1,1,,
1890,102,40,7,102-40-7,02-REP,,,,,,,,,,,,,,,,,,1,0,0,0,1,0,0,1,1,1,0,1,1,1,1,1,1,1,1,,
1891,102,40,38,102-40-38,02-REP,,,,,,,,,,,,,,,,,,1,1,0,0,1,0,0,1,1,0,1,1,1,1,1,1,1,1,1,,
1892,102,40,37,102-40-37,02-REP,,,,,,,,,,,,,,,,,,1,1,1,0,0,0,0,1,1,1,0,1,1,1,1,1,1,1,1,,
1893,102,40,24,102-40-24,02-REP,,,,,,,,,,,,,,,,,,1,1,1,0,0,0,0,1,1,1,0,1,1,1,1,1,1,1,1,,
1894,102,40,14,102-40-14,02-REP,,,,,,,,,,,,,,,,,,1,1,0,1,0,0,0,1,1,0,1,1,1,1,1,1,1,1,1,,
1895,102,40,10,102-40-10,02-REP,,,,,,,,,,,,,,,,,,1,1,0,1,0,0,0,1,1,1,0,1,1,1,1,1,1,1,1,,
1896,102,40,42,102-40-42,02-REP,,,,,,,,,,,,,,,,,,1,1,0,0,1,0,0,1,1,0,1,1,1,1,1,1,1,1,1,,
1897,102,40,41,102-40-41,02-REP,,,,,,,,,,,,,,,,,,1,0,0,1,0,0,0,1,0,0,1,0,1,0,1,1,1,1,1,,
1898,102,40,26,102-40-26,02-REP,,,,,,,,,,,,,,,,,,1,1,0,1,0,0,0,1,1,0,1,1,1,1,1,1,1,1,1,,
1899,102,40,15,102-40-15,02-REP,,,,,,,,,,,,,,,,,,1,1,0,1,0,0,0,1,1,0,1,1,1,0,1,0,0,0,0,,
1900,102,40,1,102-40-1,02-REP,,,,,,,,,,,,,,,,,,1,1,0,1,0,0,0,1,1,0,1,1,1,1,1,1,1,1,1,,
1901,102,40,40,102-40-40,02-REP,,,,,,,,,,,,,,,,,,1,1,0,1,0,0,0,1,1,0,1,1,1,1,1,1,1,1,1,,
1902,102,40,39,102-40-39,02-REP,,,,,,,,,,,,,,,,,,1,1,0,0,1,0,0,1,1,1,0,1,1,1,1,1,1,1,1,,
1903,102,40,25,102-40-25,02-REP,,,,,,,,,,,,,,,,,,0,0,0,0,1,0,0,0,0,0,0,0,0,1,1,0,1,1,1,,
1904,102,40,16,102-40-16,02-REP,,,,,,,,,,,,,,,,,,1,1,1,0,0,0,0,1,1,1,0,1,1,1,1,1,1,1,1,,
1905,102,40,2,102-40-2,02-REP,,,,,,,,,,,,,,,,,,1,1,0,0,1,0,0,1,1,0,1,1,1,0,1,1,1,1,1,,
1906,102,40,50,102-40-50,02-REP,,,,,,,,,,,,,,,,,,1,1,0,0,1,0,0,1,1,0,0,1,1,1,1,1,1,1,1,,
1907,102,40,49,102-40-49,02-REP,,,,,,,,,,,,,,,,,,1,1,0,0,1,0,0,1,1,1,0,1,1,1,1,1,1,1,1,,
1908,102,40,29,102-40-29,02-REP,,,,,,,,,,,,,,,,,,1,1,0,1,0,0,0,1,1,1,0,1,1,1,1,1,1,1,1,,
1909,102,40,17,102-40-17,02-REP,,,,,,,,,,,,,,,,,,1,1,1,0,0,0,0,1,1,1,0,1,1,1,1,1,1,1,1,,
1910,102,40,5,102-40-5,02-REP,,,,,,,,,,,,,,,,,,1,0,1,0,0,0,0,1,1,0,1,1,1,0,1,1,1,1,1,,
1911,102,40,44,102-40-44,02-REP,,,,,,,,,,,,,,,,,,1,1,0,0,1,0,0,1,1,0,1,0,0,1,1,1,1,1,1,,
1912,102,40,43,102-40-43,02-REP,,,,,,,,,,,,,,,,,,1,1,0,1,0,0,0,1,1,0,0,1,1,0,1,1,1,1,1,,
1913,102,40,27,102-40-27,02-REP,,,,,,,,,,,,,,,,,,0,1,0,0,1,0,0,0,0,1,0,0,0,0,1,1,1,1,1,,
1914,102,40,18,102-40-18,02-REP,,,,,,,,,,,,,,,,,,1,1,0,1,0,0,0,1,1,0,1,1,1,0,1,0,0,0,0,,
1915,102,40,8,102-40-8,02-REP,,,,,,,,,,,,,,,,,,1,1,0,0,1,0,0,1,1,1,0,1,1,1,1,0,1,1,1,,
1916,102,40,46,102-40-46,02-REP,,,,,,,,,,,,,,,,,,1,1,0,0,1,0,0,1,1,1,0,1,1,1,1,1,1,1,1,,
1917,102,40,45,102-40-45,02-REP,,,,,,,,,,,,,,,,,,1,1,0,0,1,0,0,1,1,0,1,1,1,0,1,1,1,1,1,,
1918,102,40,28,102-40-28,02-REP,,,,,,,,,,,,,,,,,,1,1,0,1,0,0,0,1,1,1,0,1,1,1,1,1,1,1,1,,
1919,102,40,19,102-40-19,02-REP,,,,,,,,,,,,,,,,,,0,0,0,0,1,0,0,0,0,0,0,1,1,0,1,1,1,1,1,,
1920,102,40,3,102-40-3,02-REP,,,,,,,,,,,,,,,,,,0,0,0,0,1,0,0,0,0,1,0,0,1,0,0,0,0,0,1,,
1921,102,40,48,102-40-48,02-REP,,,,,,,,,,,,,,,,,,1,1,0,1,0,0,0,1,1,0,1,1,1,1,1,0,0,0,0,,
1922,102,40,47,102-40-47,02-REP,,,,,,,,,,,,,,,,,,1,1,0,0,1,0,0,1,1,1,0,1,1,1,1,1,1,1,1,,
1923,102,40,30,102-40-30,02-REP,,,,,,,,,,,,,,,,,,1,1,0,1,0,0,0,1,1,0,1,1,1,1,1,1,1,1,1,,
1924,102,40,20,102-40-20,02-REP,,,,,,,,,,,,,,,,,,1,1,1,0,0,0,0,1,1,1,0,1,1,1,1,1,1,1,1,,
1925,102,40,4,102-40-4,02-REP,,,,,,,,,,,,,,,,,,1,0,0,0,1,0,0,1,1,1,0,1,1,1,1,1,1,1,1,,
1926,102,41,44,102-41-44,01-DEM,1,0,1,0,0,1,0,1,0,1,0,1,0,0,1,,,,,,,,,,,,,,,,,,,,,,,
1927,102,41,25,102-41-25,01-DEM,0,1,1,0,0,0,1,0,0,0,1,0,0,0,0,,,,,,,,,,,,,,,,,,,,,,,
1928,102,41,11,102-41-11,02-REP,,,,,,,,,,,,,,,,,,1,1,0,1,0,0,0,1,1,1,0,1,1,1,1,1,1,1,1,,
1929,102,41,1,102-41-1,02-REP,,,,,,,,,,,,,,,,,,0,1,0,1,0,0,0,0,0,0,0,0,0,0,1,0,1,1,1,,
1930,102,41,34,102-41-34,01-DEM,1,0,1,0,0,1,0,1,0,1,0,1,0,0,1,,,,,,,,,,,,,,,,,,,,,,,
1931,102,41,33,102-41-33,01-DEM,0,1,0,0,0,0,1,0,0,0,1,0,0,0,0,,,,,,,,,,,,,,,,,,,,,,,
1932,102,41,21,102-41-21,01-DEM,0,1,1,0,0,1,0,0,1,0,1,0,0,0,0,,,,,,,,,,,,,,,,,,,,,,,
1933,102,41,12,102-41-12,02-REP,,,,,,,,,,,,,,,,,,1,1,0,1,0,0,0,1,1,0,1,1,1,1,1,1,1,1,1,,
1934,102,41,2,102-41-2,02-REP,,,,,,,,,,,,,,,,,,1,1,0,0,1,0,0,1,1,1,0,1,1,1,1,1,1,1,1,,
1935,102,41,40,102-41-40,01-DEM,0,1,1,0,0,0,1,0,1,1,1,0,0,0,1,,,,,,,,,,,,,,,,,,,,,,,
1936,102,41,39,102-41-39,01-DEM,0,1,1,0,0,0,1,1,0,1,1,0,0,0,1,,,,,,,,,,,,,,,,,,,,,,,
1937,102,41,23,102-41-23,01-DEM,0,1,1,0,0,0,1,0,1,1,1,0,0,0,1,,,,,,,,,,,,,,,,,,,,,,,
1938,102,41,13,102-41-13,02-REP,,,,,,,,,,,,,,,,,,1,1,0,0,1,0,0,1,1,1,0,1,1,1,1,1,1,1,1,,
1939,102,41,4,102-41-4,01-DEM,1,0,1,0,0,0,1,0,1,1,1,0,0,0,1,,,,,,,,,,,,,,,,,,,,,,,
1940,102,41,46,102-41-46,01-DEM,1,0,1,0,0,1,0,1,0,1,0,1,0,0,1,,,,,,,,,,,,,,,,,,,,,,,
1941,102,41,45,102-41-45,01-DEM,0,1,1,0,0,1,0,1,0,1,0,0,0,1,1,,,,,,,,,,,,,,,,,,,,,,,
1942,102,41,28,102-41-28,01-DEM,0,1,0,0,0,0,1,0,1,0,0,0,0,0,0,,,,,,,,,,,,,,,,,,,,,,,
1943,102,41,14,102-41-14,02-REP,,,,,,,,,,,,,,,,,,1,1,1,0,0,0,0,1,1,0,1,1,1,1,1,1,1,1,1,,
1944,102,41,3,102-41-3,02-REP,,,,,,,,,,,,,,,,,,0,1,1,0,0,0,0,1,1,1,0,1,1,0,1,1,1,1,1,,
1945,102,41,48,102-41-48,01-DEM,0,1,1,0,0,0,1,1,0,0,0,0,0,1,0,,,,,,,,,,,,,,,,,,,,,,,
1946,102,41,47,102-41-47,01-DEM,0,1,1,0,0,1,0,0,1,1,1,0,0,0,1,,,,,,,,,,,,,,,,,,,,,,,
1947,102,41,29,102-41-29,01-DEM,1,0,1,0,0,0,1,1,0,1,1,0,0,0,1,,,,,,,,,,,,,,,,,,,,,,,
1948,102,41,15,102-41-15,01-DEM,1,0,1,0,0,0,1,1,0,1,1,0,0,0,1,,,,,,,,,,,,,,,,,,,,,,,
1949,102,41,5,102-41-5,02-REP,,,,,,,,,,,,,,,,,,1,1,1,0,0,0,0,1,1,1,0,1,1,0,1,1,0,0,1,,
1950,102,41,50,102-41-50,01-DEM,1,0,1,0,0,1,0,1,0,1,0,1,0,0,1,,,,,,,,,,,,,,,,,,,,,,,
1951,102,41,49,102-41-49,01-DEM,1,0,1,0,0,0,1,1,0,1,0,0,0,1,1,,,,,,,,,,,,,,,,,,,,,,,
1952,102,41,30,102-41-30,01-DEM,1,0,1,0,0,0,1,1,0,1,1,0,0,0,1,,,,,,,,,,,,,,,,,,,,,,,
1953,102,41,16,102-41-16,01-DEM,0,1,1,0,0,0,1,1,0,1,0,0,1,0,1,,,,,,,,,,,,,,,,,,,,,,,
1954,102,41,8,102-41-8,02-REP,,,,,,,,,,,,,,,,,,1,1,0,0,1,0,0,1,1,1,0,1,1,1,1,1,1,1,1,,
1955,102,41,32,102-41-32,01-DEM,1,0,0,0,0,1,0,0,0,0,1,0,0,0,0,,,,,,,,,,,,,,,,,,,,,,,
1956,102,41,31,102-41-31,01-DEM,1,0,1,0,0,1,0,1,0,1,0,1,0,0,1,,,,,,,,,,,,,,,,,,,,,,,
1957,102,41,27,102-41-27,01-DEM,0,1,0,0,0,0,1,1,0,0,1,0,0,0,0,,,,,,,,,,,,,,,,,,,,,,,
1958,102,41,17,102-41-17,01-DEM,1,0,1,0,0,1,0,1,0,1,1,0,0,0,1,,,,,,,,,,,,,,,,,,,,,,,
1959,102,41,9,102-41-9,01-DEM,1,0,1,0,0,0,1,1,0,1,1,0,0,0,1,,,,,,,,,,,,,,,,,,,,,,,
1960,102,41,38,102-41-38,01-DEM,0,1,1,0,0,1,0,0,1,1,1,0,0,0,1,,,,,,,,,,,,,,,,,,,,,,,
1961,102,41,37,102-41-37,01-DEM,0,1,1,0,0,0,1,0,1,1,1,0,0,0,1,,,,,,,,,,,,,,,,,,,,,,,
1962,102,41,22,102-41-22,01-DEM,0,1,0,0,0,0,1,0,0,0,1,0,0,0,0,,,,,,,,,,,,,,,,,,,,,,,
1963,102,41,18,102-41-18,01-DEM,1,0,1,0,0,1,0,1,0,1,0,0,0,1,1,,,,,,,,,,,,,,,,,,,,,,,
1964,102,41,10,102-41-10,02-REP,,,,,,,,,,,,,,,,,,1,1,0,1,0,0,0,1,1,1,0,1,1,1,1,1,1,1,1,,
1965,102,41,36,102-41-36,01-DEM,1,0,1,0,0,1,0,1,0,1,1,0,0,0,1,,,,,,,,,,,,,,,,,,,,,,,
1966,102,41,35,102-41-35,01-DEM,1,0,1,0,0,1,0,1,0,1,0,1,0,0,1,,,,,,,,,,,,,,,,,,,,,,,
1967,102,41,26,102-41-26,01-DEM,0,1,1,0,0,0,1,1,0,1,1,0,0,0,1,,,,,,,,,,,,,,,,,,,,,,,
1968,102,41,19,102-41-19,01-DEM,0,1,1,0,0,0,1,1,0,1,0,1,0,0,1,,,,,,,,,,,,,,,,,,,,,,,
1969,102,41,6,102-41-6,02-REP,,,,,,,,,,,,,,,,,,0,1,0,1,0,0,0,0,0,0,0,0,0,0,1,0,1,1,1,,
1970,102,41,42,102-41-42,01-DEM,0,1,1,0,0,0,1,0,1,1,1,0,0,0,1,,,,,,,,,,,,,,,,,,,,,,,
1971,102,41,41,102-41-41,01-DEM,0,1,1,0,0,0,1,0,1,1,1,0,0,0,1,,,,,,,,,,,,,,,,,,,,,,,
1972,102,41,24,102-41-24,01-DEM,0,1,1,0,0,0,1,0,1,1,0,0,1,0,1,,,,,,,,,,,,,,,,,,,,,,,
1973,102,41,20,102-41-20,01-DEM,1,0,1,0,0,1,0,1,0,1,1,0,0,0,1,,,,,,,,,,,,,,,,,,,,,,,
1974,102,41,7,102-41-7,02-REP,,,,,,,,,,,,,,,,,,0,0,0,1,0,0,0,0,0,0,1,0,0,0,0,0,0,0,0,,
1975,102,41,43,102-41-43,01-DEM,1,0,0,0,1,1,0,1,0,1,0,1,0,0,1,,,,,,,,,,,,,,,,,,,,,,,
1976,102,42,32,102-42-32,01-DEM,0,1,1,0,0,0,1,0,1,1,1,0,0,0,1,,,,,,,,,,,,,,,,,,,,,,,
1977,102,42,31,102-42-31,01-DEM,0,1,1,0,0,1,0,0,1,1,1,0,0,0,1,,,,,,,,,,,,,,,,,,,,,,,
1978,102,42,21,102-42-21,02-REP,,,,,,,,,,,,,,,,,,1,1,0,0,1,0,0,1,1,1,0,1,1,1,1,1,1,1,1,,
1979,102,42,11,102-42-11,02-REP,,,,,,,,,,,,,,,,,,0,0,0,0,1,0,0,0,0,0,0,1,1,1,1,1,1,1,1,,
1980,102,42,1,102-42-1,01-DEM,1,0,1,0,0,0,1,1,0,1,1,0,0,0,1,,,,,,,,,,,,,,,,,,,,,,,
1981,102,42,40,102-42-40,02-REP,,,,,,,,,,,,,,,,,,1,1,0,1,0,0,0,1,1,0,1,1,1,1,1,1,1,1,1,,
1982,102,42,39,102-42-39,02-REP,,,,,,,,,,,,,,,,,,1,1,0,1,0,0,0,1,1,0,1,1,1,1,1,1,1,1,1,,
1983,102,42,22,102-42-22,02-REP,,,,,,,,,,,,,,,,,,1,1,0,0,1,0,0,1,1,1,0,1,1,1,1,1,1,1,1,,
1984,102,42,12,102-42-12,01-DEM,1,0,1,0,0,1,0,1,0,1,0,0,1,0,1,,,,,,,,,,,,,,,,,,,,,,,
1985,102,42,3,102-42-3,01-DEM,1,0,1,0,0,1,0,0,1,1,0,0,1,0,1,,,,,,,,,,,,,,,,,,,,,,,
1986,102,42,38,102-42-38,02-REP,,,,,,,,,,,,,,,,,,1,0,1,0,0,0,0,1,1,0,1,1,1,1,1,1,1,1,1,,
1987,102,42,37,102-42-37,01-DEM,0,0,1,0,0,0,1,1,0,1,0,0,0,1,1,,,,,,,,,,,,,,,,,,,,,,,
1988,102,42,25,102-42-25,01-DEM,1,0,1,0,0,1,0,1,0,1,1,0,0,0,1,,,,,,,,,,,,,,,,,,,,,,,
1989,102,42,13,102-42-13,02-REP,,,,,,,,,,,,,,,,,,1,1,0,1,0,0,0,1,1,1,0,1,1,1,1,1,1,1,1,,
1990,102,42,8,102-42-8,01-DEM,1,0,1,0,0,0,1,1,0,1,1,0,0,0,1,,,,,,,,,,,,,,,,,,,,,,,
1991,102,42,34,102-42-34,02-REP,,,,,,,,,,,,,,,,,,1,1,1,0,0,0,0,1,1,1,0,1,1,1,1,1,1,1,1,,
1992,102,42,33,102-42-33,01-DEM,0,1,1,0,0,0,1,0,1,1,1,0,0,0,1,,,,,,,,,,,,,,,,,,,,,,,
1993,102,42,23,102-42-23,01-DEM,0,1,1,0,0,1,0,1,0,1,1,0,0,0,1,,,,,,,,,,,,,,,,,,,,,,,
1994,102,42,14,102-42-14,01-DEM,0,1,1,0,0,0,0,0,0,1,1,0,0,0,1,,,,,,,,,,,,,,,,,,,,,,,
1995,102,42,2,102-42-2,02-REP,,,,,,,,,,,,,,,,,,1,1,0,1,0,0,0,1,1,0,1,1,1,1,1,1,1,1,1,,
1996,102,42,36,102-42-36,01-DEM,0,1,1,0,0,0,1,1,0,1,1,0,0,0,1,,,,,,,,,,,,,,,,,,,,,,,
1997,102,42,35,102-42-35,01-DEM,0,1,1,0,0,0,1,1,0,1,1,0,0,0,1,,,,,,,,,,,,,,,,,,,,,,,
1998,102,42,24,102-42-24,01-DEM,1,0,1,0,0,1,0,1,0,1,1,0,0,0,1,,,,,,,,,,,,,,,,,,,,,,,
1999,102,42,15,102-42-15,01-DEM,0,1,1,0,0,0,1,0,1,1,0,0,1,0,1,,,,,,,,,,,,,,,,,,,,,,,
2000,102,42,5,102-42-5,02-REP,,,,,,,,,,,,,,,,,,1,1,1,0,0,0,0,1,1,1,0,1,1,1,1,1,1,1,1,,
2001,102,42,46,102-42-46,02-REP,,,,,,,,,,,,,,,,,,0,1,0,0,1,0,0,1,1,1,0,1,1,1,1,1,1,1,1,,
2002,102,42,45,102-42-45,01-DEM,0,1,0,0,0,0,1,0,1,0,0,0,1,0,0,,,,,,,,,,,,,,,,,,,,,,,
2003,102,42,27,102-42-27,02-REP,,,,,,,,,,,,,,,,,,1,1,1,0,0,0,0,1,1,0,1,1,1,1,1,1,1,1,1,,
2004,102,42,16,102-42-16,02-REP,,,,,,,,,,,,,,,,,,1,0,0,0,1,0,0,1,1,1,0,1,1,1,1,0,0,0,0,,
2005,102,42,4,102-42-4,02-REP,,,,,,,,,,,,,,,,,,1,1,0,0,1,0,0,1,1,1,0,1,1,1,1,1,1,1,1,,
2006,102,42,44,102-42-44,02-REP,,,,,,,,,,,,,,,,,,1,1,0,1,0,0,0,1,1,1,0,1,1,1,1,1,1,1,1,,
2007,102,42,43,102-42-43,01-DEM,0,1,1,0,0,1,0,1,0,1,1,0,0,0,1,,,,,,,,,,,,,,,,,,,,,,,
2008,102,42,28,102-42-28,01-DEM,0,1,1,0,0,1,0,0,1,1,1,0,0,0,1,,,,,,,,,,,,,,,,,,,,,,,
2009,102,42,6,102-42-6,02-REP,,,,,,,,,,,,,,,,,,0,1,0,1,0,0,0,1,1,1,0,1,1,0,1,1,1,1,1,,
2010,102,42,42,102-42-42,02-REP,,,,,,,,,,,,,,,,,,1,1,0,1,0,0,0,1,1,1,0,1,1,1,1,1,1,1,1,,
2011,102,42,41,102-42-41,01-DEM,1,0,1,0,0,0,1,0,1,1,0,0,1,0,1,,,,,,,,,,,,,,,,,,,,,,,
2012,102,42,26,102-42-26,01-DEM,1,0,1,0,0,1,0,1,0,1,0,1,0,0,1,,,,,,,,,,,,,,,,,,,,,,,
2013,102,42,18,102-42-18,01-DEM,1,0,1,0,0,0,1,0,1,1,0,0,1,0,1,,,,,,,,,,,,,,,,,,,,,,,
2014,102,42,9,102-42-9,02-REP,,,,,,,,,,,,,,,,,,0,1,0,1,0,0,0,1,0,1,0,1,1,1,1,1,1,1,1,,
2015,102,42,29,102-42-29,02-REP,,,,,,,,,,,,,,,,,,0,0,0,0,1,0,0,0,0,0,0,0,1,0,0,0,0,1,0,,
2016,102,42,19,102-42-19,02-REP,,,,,,,,,,,,,,,,,,1,1,0,1,0,0,0,1,1,1,0,1,1,1,1,1,1,1,1,,
2017,102,42,7,102-42-7,02-REP,,,,,,,,,,,,,,,,,,1,1,0,1,0,0,0,1,0,1,0,1,1,1,1,1,1,1,1,,
2018,102,42,30,102-42-30,01-DEM,0,1,1,0,0,0,1,0,1,1,1,0,0,0,1,,,,,,,,,,,,,,,,,,,,,,,
2019,102,42,20,102-42-20,02-REP,,,,,,,,,,,,,,,,,,1,1,0,0,1,0,0,1,1,1,0,1,1,1,1,1,1,1,1,,
2020,102,42,10,102-42-10,02-REP,,,,,,,,,,,,,,,,,,1,1,0,0,1,0,0,1,1,0,1,1,1,1,1,1,1,1,1,,
2021,102,42,47,102-42-47,01-DEM,1,0,0,0,1,1,0,1,0,1,0,1,0,0,1,,,,,,,,,,,,,,,,,,,,,,,
2022,102,42,17,102-42-17,02-REP,,,,,,,,,,,,,,,,,,1,1,0,1,0,0,0,1,1,1,0,1,1,1,1,1,1,1,1,,
2023,102,43,32,102-43-32,02-REP,,,,,,,,,,,,,,,,,,0,1,0,1,0,0,0,0,0,0,0,0,0,0,1,1,0,1,1,,
2024,102,43,31,102-43-31,02-REP,,,,,,,,,,,,,,,,,,1,1,0,0,1,0,0,1,1,0,0,1,1,0,1,1,1,1,1,,
2025,102,43,21,102-43-21,02-REP,,,,,,,,,,,,,,,,,,1,1,0,0,1,0,0,1,1,1,0,1,1,1,1,1,1,1,0,,
2026,102,43,11,102-43-11,02-REP,,,,,,,,,,,,,,,,,,1,1,0,0,1,0,0,1,1,1,0,1,1,1,1,1,1,1,1,,
2027,102,43,1,102-43-1,01-DEM,0,1,1,0,0,0,1,1,0,1,1,0,0,0,1,,,,,,,,,,,,,,,,,,,,,,,
2028,102,43,34,102-43-34,02-REP,,,,,,,,,,,,,,,,,,1,0,1,0,0,0,0,0,1,0,1,1,0,1,0,1,0,1,1,,
2029,102,43,33,102-43-33,02-REP,,,,,,,,,,,,,,,,,,1,1,0,1,0,0,0,1,1,1,0,0,0,0,0,1,1,1,1,,
2030,102,43,22,102-43-22,02-REP,,,,,,,,,,,,,,,,,,1,1,0,1,0,0,0,1,1,0,1,1,1,1,1,1,1,1,1,,
2031,102,43,12,102-43-12,02-REP,,,,,,,,,,,,,,,,,,1,1,0,1,0,0,0,1,1,0,1,1,1,1,1,1,1,1,1,,
2032,102,43,2,102-43-2,02-REP,,,,,,,,,,,,,,,,,,0,0,0,0,1,0,0,1,1,0,1,1,1,1,0,1,0,1,1,,
2033,102,43,36,102-43-36,02-REP,,,,,,,,,,,,,,,,,,1,1,1,0,0,0,0,1,1,1,0,1,1,1,1,1,1,1,1,,
2034,102,43,35,102-43-35,02-REP,,,,,,,,,,,,,,,,,,1,1,1,0,0,0,0,1,1,1,0,1,1,1,1,1,1,1,1,,
2035,102,43,25,102-43-25,01-DEM,0,1,1,0,0,0,1,0,1,1,1,0,0,0,1,,,,,,,,,,,,,,,,,,,,,,,
2036,102,43,13,102-43-13,02-REP,,,,,,,,,,,,,,,,,,1,1,0,0,1,0,0,1,1,1,0,1,1,1,1,1,1,1,1,,
2037,102,43,4,102-43-4,02-REP,,,,,,,,,,,,,,,,,,1,1,1,0,0,0,0,1,1,0,1,1,1,1,1,1,1,1,1,,
2038,102,43,40,102-43-40,02-REP,,,,,,,,,,,,,,,,,,1,1,0,0,1,0,0,1,1,0,1,1,1,1,1,1,1,1,1,,
2039,102,43,39,102-43-39,02-REP,,,,,,,,,,,,,,,,,,1,1,0,1,0,0,0,1,1,1,0,1,1,1,1,1,1,1,1,,
2040,102,43,24,102-43-24,02-REP,,,,,,,,,,,,,,,,,,1,1,0,1,0,0,0,1,1,0,0,0,1,1,1,0,0,1,1,,
2041,102,43,14,102-43-14,02-REP,,,,,,,,,,,,,,,,,,1,1,0,1,0,0,0,1,1,0,1,1,1,1,1,1,1,1,1,,
2042,102,43,10,102-43-10,02-REP,,,,,,,,,,,,,,,,,,0,1,0,0,1,0,0,1,1,0,0,1,0,0,1,1,1,0,1,,
2043,102,43,38,102-43-38,02-REP,,,,,,,,,,,,,,,,,,1,1,0,1,0,0,0,1,1,1,0,1,1,1,1,1,1,1,1,,
2044,102,43,37,102-43-37,02-REP,,,,,,,,,,,,,,,,,,1,1,0,1,0,0,0,0,0,0,0,0,1,1,1,0,0,1,1,,
2045,102,43,23,102-43-23,02-REP,,,,,,,,,,,,,,,,,,1,1,0,1,0,0,0,1,1,1,0,1,1,1,1,1,1,1,1,,
2046,102,43,15,102-43-15,02-REP,,,,,,,,,,,,,,,,,,1,1,0,1,0,0,0,1,1,1,0,1,1,1,1,1,1,1,1,,
2047,102,43,6,102-43-6,02-REP,,,,,,,,,,,,,,,,,,1,1,0,0,1,0,0,1,1,1,0,1,1,1,1,1,1,1,0,,
2048,102,43,48,102-43-48,02-REP,,,,,,,,,,,,,,,,,,1,1,0,1,0,0,0,1,1,1,0,1,1,1,1,0,0,0,0,,
2049,102,43,47,102-43-47,02-REP,,,,,,,,,,,,,,,,,,1,1,0,1,0,0,0,1,1,1,0,1,0,1,1,0,1,0,1,,
2050,102,43,26,102-43-26,01-DEM,0,1,1,0,0,1,0,0,0,1,0,0,1,0,1,,,,,,,,,,,,,,,,,,,,,,,
2051,102,43,16,102-43-16,02-REP,,,,,,,,,,,,,,,,,,1,1,0,0,1,0,0,1,1,1,0,1,1,1,1,1,1,1,1,,
2052,102,43,3,102-43-3,02-REP,,,,,,,,,,,,,,,,,,1,1,0,1,0,0,0,0,1,1,0,1,1,1,1,1,1,1,1,,
2053,102,43,44,102-43-44,02-REP,,,,,,,,,,,,,,,,,,0,1,0,1,0,0,0,0,1,0,0,1,1,1,1,1,1,1,1,,
2054,102,43,43,102-43-43,02-REP,,,,,,,,,,,,,,,,,,1,1,0,0,1,0,0,1,1,0,1,1,1,1,1,1,1,1,1,,
2055,102,43,27,102-43-27,02-REP,,,,,,,,,,,,,,,,,,0,1,0,0,1,0,0,1,1,1,0,1,1,1,1,1,1,1,1,,
2056,102,43,17,102-43-17,02-REP,,,,,,,,,,,,,,,,,,1,1,0,1,0,0,0,1,1,0,1,1,1,1,1,1,1,1,1,,
2057,102,43,5,102-43-5,02-REP,,,,,,,,,,,,,,,,,,1,1,1,0,0,0,0,1,1,0,1,1,0,1,1,1,1,1,1,,
2058,102,43,42,102-43-42,02-REP,,,,,,,,,,,,,,,,,,1,1,0,1,0,0,0,1,1,1,0,1,1,1,1,1,1,1,1,,
2059,102,43,41,102-43-41,02-REP,,,,,,,,,,,,,,,,,,1,1,0,1,0,0,0,1,1,1,0,1,1,1,1,1,1,1,1,,
2060,102,43,28,102-43-28,02-REP,,,,,,,,,,,,,,,,,,1,1,1,0,0,0,0,1,1,0,1,1,1,1,1,1,1,1,1,,
2061,102,43,18,102-43-18,02-REP,,,,,,,,,,,,,,,,,,0,1,0,1,0,0,0,0,0,0,0,0,0,1,0,0,0,0,0,,
2062,102,43,7,102-43-7,02-REP,,,,,,,,,,,,,,,,,,1,1,0,1,0,0,0,1,1,1,0,1,1,1,1,1,1,1,1,,
2063,102,43,50,102-43-50,02-REP,,,,,,,,,,,,,,,,,,1,1,1,0,0,0,0,1,1,0,1,1,1,1,1,1,1,1,1,,
2064,102,43,49,102-43-49,02-REP,,,,,,,,,,,,,,,,,,1,1,0,1,0,0,0,1,1,0,1,1,1,1,1,1,1,1,1,,
2065,102,43,30,102-43-30,02-REP,,,,,,,,,,,,,,,,,,1,1,0,1,0,0,0,1,1,0,1,1,1,1,1,1,1,1,1,,
2066,102,43,19,102-43-19,02-REP,,,,,,,,,,,,,,,,,,1,1,1,0,0,0,0,1,0,1,0,1,0,1,1,1,1,0,1,,
2067,102,43,46,102-43-46,02-REP,,,,,,,,,,,,,,,,,,1,1,0,1,0,0,0,1,1,1,0,1,1,1,1,1,1,1,1,,
2068,102,43,45,102-43-45,02-REP,,,,,,,,,,,,,,,,,,1,1,0,0,1,0,0,1,1,0,1,1,1,1,1,1,1,1,1,,
2069,102,43,29,102-43-29,02-REP,,,,,,,,,,,,,,,,,,1,1,1,0,0,0,0,1,0,1,0,1,1,1,1,1,1,0,1,,
2070,102,43,20,102-43-20,02-REP,,,,,,,,,,,,,,,,,,1,1,0,0,1,0,0,0,0,0,0,1,1,0,1,1,1,1,1,,
2071,102,43,9,102-43-9,02-REP,,,,,,,,,,,,,,,,,,1,1,0,1,0,0,0,1,1,1,0,1,1,1,1,0,0,0,0,,
2072,102,43,8,102-43-8,02-REP,,,,,,,,,,,,,,,,,,1,0,0,0,1,0,0,1,0,0,1,0,1,1,1,1,1,1,1,,
2073,102,44,58,102-44-58,02-REP,,,,,,,,,,,,,,,,,,1,1,0,1,0,0,0,1,1,0,1,1,1,1,1,1,1,1,1,,
2074,102,44,57,102-44-57,02-REP,,,,,,,,,,,,,,,,,,1,1,0,0,1,0,0,1,1,0,1,1,1,1,1,1,1,1,1,,
2075,102,44,40,102-44-40,01-DEM,0,1,1,0,0,0,1,1,0,1,1,0,0,0,1,,,,,,,,,,,,,,,,,,,,,,,
2076,102,44,39,102-44-39,02-REP,,,,,,,,,,,,,,,,,,1,1,0,1,0,0,0,1,1,1,0,1,1,1,1,1,1,1,1,,
2077,102,44,27,102-44-27,02-REP,,,,,,,,,,,,,,,,,,1,1,0,1,0,0,0,1,1,1,0,1,1,1,1,1,1,1,1,,
2078,102,44,26,102-44-26,02-REP,,,,,,,,,,,,,,,,,,0,1,0,0,1,0,0,1,1,0,0,1,0,0,1,1,1,0,1,,
2079,102,44,21,102-44-21,01-DEM,0,1,0,0,0,1,0,0,0,0,1,0,0,0,0,,,,,,,,,,,,,,,,,,,,,,,
2080,102,44,11,102-44-11,02-REP,,,,,,,,,,,,,,,,,,1,1,0,1,0,0,0,1,1,0,1,1,1,1,1,1,1,1,1,,
2081,102,44,1,102-44-1,02-REP,,,,,,,,,,,,,,,,,,1,1,0,0,1,0,0,1,1,0,1,1,1,1,1,1,1,1,1,,
2082,102,44,61,102-44-61,01-DEM,0,1,1,0,0,1,0,1,0,1,1,0,0,0,1,,,,,,,,,,,,,,,,,,,,,,,
2083,102,44,56,102-44-56,01-DEM,0,1,1,0,0,0,1,0,1,1,0,0,1,0,1,,,,,,,,,,,,,,,,,,,,,,,
2084,102,44,55,102-44-55,01-DEM,1,0,1,0,0,0,0,1,0,1,0,1,0,0,1,,,,,,,,,,,,,,,,,,,,,,,
2085,102,44,38,102-44-38,02-REP,,,,,,,,,,,,,,,,,,0,0,0,0,1,0,0,0,0,0,1,0,0,0,0,0,0,0,0,,
2086,102,44,37,102-44-37,02-REP,,,,,,,,,,,,,,,,,,1,0,0,1,0,0,0,0,0,0,1,0,0,0,0,0,0,0,0,,
2087,102,44,25,102-44-25,02-REP,,,,,,,,,,,,,,,,,,1,1,0,0,1,0,0,1,1,1,0,1,1,1,1,1,1,1,1,,
2088,102,44,24,102-44-24,01-DEM,0,1,0,0,0,0,1,0,1,1,0,0,1,0,0,,,,,,,,,,,,,,,,,,,,,,,
2089,102,44,18,102-44-18,01-DEM,1,0,1,0,0,1,0,0,1,1,0,0,1,0,1,,,,,,,,,,,,,,,,,,,,,,,
2090,102,44,12,102-44-12,02-REP,,,,,,,,,,,,,,,,,,1,1,1,0,0,0,0,1,1,1,0,1,1,1,1,1,1,0,0,,
2091,102,44,3,102-44-3,02-REP,,,,,,,,,,,,,,,,,,1,1,0,0,0,0,0,1,1,1,0,1,1,1,1,1,1,0,1,,
2092,102,44,60,102-44-60,02-REP,,,,,,,,,,,,,,,,,,1,1,0,1,0,0,0,1,1,1,0,1,1,1,1,1,1,1,1,,
2093,102,44,59,102-44-59,01-DEM,0,1,1,0,0,0,1,1,0,0,1,0,0,0,0,,,,,,,,,,,,,,,,,,,,,,,
2094,102,44,36,102-44-36,01-DEM,1,0,1,0,0,1,0,0,1,1,0,1,0,0,1,,,,,,,,,,,,,,,,,,,,,,,
2095,102,44,35,102-44-35,02-REP,,,,,,,,,,,,,,,,,,1,1,0,1,0,0,0,1,1,1,0,1,1,1,1,1,1,1,1,,
2096,102,44,23,102-44-23,02-REP,,,,,,,,,,,,,,,,,,1,1,1,0,0,0,0,1,1,0,1,1,1,1,1,1,1,1,1,,
2097,102,44,13,102-44-13,02-REP,,,,,,,,,,,,,,,,,,1,1,1,0,0,0,0,1,1,1,0,1,1,1,1,1,1,1,1,,
2098,102,44,2,102-44-2,02-REP,,,,,,,,,,,,,,,,,,0,1,0,1,0,0,0,0,1,0,0,1,1,1,1,1,1,1,1,,
2099,102,44,46,102-44-46,01-DEM,0,1,0,0,0,1,0,0,1,1,1,0,0,0,1,,,,,,,,,,,,,,,,,,,,,,,
2100,102,44,45,102-44-45,02-REP,,,,,,,,,,,,,,,,,,0,0,0,0,1,0,0,0,0,1,0,0,0,0,1,0,1,0,0,,
2101,102,44,30,102-44-30,02-REP,,,,,,,,,,,,,,,,,,1,1,1,0,0,0,0,1,1,0,1,1,1,1,1,1,1,1,1,,
2102,102,44,14,102-44-14,02-REP,,,,,,,,,,,,,,,,,,1,1,0,0,1,0,0,1,1,0,1,1,1,1,1,1,1,1,1,,
2103,102,44,6,102-44-6,02-REP,,,,,,,,,,,,,,,,,,1,1,1,0,0,0,0,1,0,1,0,1,0,1,1,1,1,1,1,,
2104,102,44,48,102-44-48,02-REP,,,,,,,,,,,,,,,,,,1,1,1,0,0,0,0,1,1,1,0,1,1,1,1,1,1,1,1,,
2105,102,44,47,102-44-47,02-REP,,,,,,,,,,,,,,,,,,1,1,0,0,1,0,0,1,1,1,0,1,1,1,1,1,1,1,1,,
2106,102,44,29,102-44-29,02-REP,,,,,,,,,,,,,,,,,,1,1,0,0,1,0,0,1,1,0,1,1,1,1,1,1,1,1,1,,
2107,102,44,15,102-44-15,02-REP,,,,,,,,,,,,,,,,,,1,0,0,1,0,0,0,1,1,1,0,1,1,1,1,0,0,0,0,,
2108,102,44,7,102-44-7,02-REP,,,,,,,,,,,,,,,,,,1,1,0,0,1,0,0,1,1,1,0,1,1,0,1,1,1,1,1,,
2109,102,44,52,102-44-52,01-DEM,1,0,1,0,0,1,0,1,0,1,0,0,0,1,1,,,,,,,,,,,,,,,,,,,,,,,
2110,102,44,51,102-44-51,02-REP,,,,,,,,,,,,,,,,,,1,1,0,0,1,0,0,1,1,0,0,1,1,1,1,1,1,1,1,,
2111,102,44,33,102-44-33,02-REP,,,,,,,,,,,,,,,,,,1,1,0,1,0,0,0,1,1,1,0,1,1,1,1,1,1,1,1,,
2112,102,44,16,102-44-16,01-DEM,0,1,1,0,0,1,0,0,1,1,1,0,0,0,1,,,,,,,,,,,,,,,,,,,,,,,
2113,102,44,8,102-44-8,02-REP,,,,,,,,,,,,,,,,,,1,1,0,1,0,0,0,1,1,0,1,1,1,1,1,1,1,1,1,,
2114,102,44,42,102-44-42,02-REP,,,,,,,,,,,,,,,,,,1,1,0,1,0,0,0,1,1,0,1,1,1,1,1,1,1,1,1,,
2115,102,44,41,102-44-41,02-REP,,,,,,,,,,,,,,,,,,1,1,1,0,0,0,0,1,1,0,1,0,1,1,1,1,1,1,1,,
2116,102,44,28,102-44-28,02-REP,,,,,,,,,,,,,,,,,,1,1,0,0,1,0,0,1,1,0,1,1,1,1,1,1,1,1,1,,
2117,102,44,17,102-44-17,01-DEM,0,1,1,0,0,0,1,1,0,1,1,0,0,0,1,,,,,,,,,,,,,,,,,,,,,,,
2118,102,44,5,102-44-5,02-REP,,,,,,,,,,,,,,,,,,0,0,0,0,1,0,0,0,0,0,0,0,0,0,0,0,1,0,0,,
2119,102,44,54,102-44-54,02-REP,,,,,,,,,,,,,,,,,,0,0,0,0,1,0,0,0,0,0,0,0,0,0,0,0,0,0,0,,
2120,102,44,53,102-44-53,01-DEM,1,0,1,0,0,0,1,1,0,1,1,0,0,0,1,,,,,,,,,,,,,,,,,,,,,,,
2121,102,44,32,102-44-32,02-REP,,,,,,,,,,,,,,,,,,1,1,0,1,0,0,0,1,1,1,0,1,1,1,1,1,1,1,1,,
2122,102,44,19,102-44-19,01-DEM,1,0,1,0,0,1,0,1,0,1,0,1,0,0,1,,,,,,,,,,,,,,,,,,,,,,,
2123,102,44,9,102-44-9,02-REP,,,,,,,,,,,,,,,,,,1,1,0,1,0,0,0,1,1,1,0,1,1,1,1,1,1,1,1,,
2124,102,44,44,102-44-44,02-REP,,,,,,,,,,,,,,,,,,0,0,0,0,1,0,0,0,0,0,1,0,0,0,0,0,0,0,0,,
2125,102,44,43,102-44-43,02-REP,,,,,,,,,,,,,,,,,,1,1,0,1,0,0,0,1,1,1,0,1,1,1,1,1,1,1,1,,
2126,102,44,31,102-44-31,01-DEM,1,0,1,0,0,1,0,1,0,1,0,0,0,1,1,,,,,,,,,,,,,,,,,,,,,,,
2127,102,44,20,102-44-20,01-DEM,1,0,1,0,0,0,1,0,1,1,0,0,0,1,1,,,,,,,,,,,,,,,,,,,,,,,
2128,102,44,4,102-44-4,02-REP,,,,,,,,,,,,,,,,,,1,1,0,1,0,0,0,1,1,1,0,1,1,1,1,1,1,1,1,,
2129,102,44,50,102-44-50,02-REP,,,,,,,,,,,,,,,,,,1,1,0,1,0,0,0,1,1,1,0,1,1,1,1,1,1,1,1,,
2130,102,44,49,102-44-49,02-REP,,,,,,,,,,,,,,,,,,1,1,1,0,0,0,0,1,1,1,0,1,1,1,1,1,1,1,1,,
2131,102,44,34,102-44-34,01-DEM,1,0,1,0,0,1,0,1,0,1,1,0,0,0,1,,,,,,,,,,,,,,,,,,,,,,,
2132,102,44,22,102-44-22,01-DEM,0,1,0,0,0,0,1,1,0,0,1,0,0,0,0,,,,,,,,,,,,,,,,,,,,,,,
2133,102,44,10,102-44-10,02-REP,,,,,,,,,,,,,,,,,,1,1,0,0,1,0,0,1,1,0,1,1,1,1,1,0,0,0,0,,
2134,102,45,31,102-45-31,02-REP,,,,,,,,,,,,,,,,,,1,1,1,0,0,0,0,1,1,0,1,1,1,1,1,1,1,1,1,,
2135,102,45,30,102-45-30,02-REP,,,,,,,,,,,,,,,,,,1,1,0,0,1,0,0,1,1,1,0,1,1,1,1,1,1,1,1,,
2136,102,45,20,102-45-20,02-REP,,,,,,,,,,,,,,,,,,1,1,0,1,0,0,0,1,1,1,0,1,1,1,1,1,1,1,1,,
2137,102,45,11,102-45-11,02-REP,,,,,,,,,,,,,,,,,,1,1,0,1,0,0,0,1,1,0,1,1,1,1,1,1,1,1,1,,
2138,102,45,10,102-45-10,02-REP,,,,,,,,,,,,,,,,,,1,1,0,0,1,0,0,1,1,0,1,1,1,1,1,1,1,1,1,,
2139,102,45,33,102-45-33,02-REP,,,,,,,,,,,,,,,,,,1,1,0,0,1,0,0,1,1,1,0,1,1,1,1,1,1,1,1,,
2140,102,45,32,102-45-32,02-REP,,,,,,,,,,,,,,,,,,1,1,0,1,0,0,0,1,1,0,1,1,1,1,1,1,1,1,1,,
2141,102,45,21,102-45-21,02-REP,,,,,,,,,,,,,,,,,,1,1,0,0,1,0,0,1,1,1,0,1,1,1,1,1,1,1,1,,
2142,102,45,12,102-45-12,02-REP,,,,,,,,,,,,,,,,,,0,0,0,0,1,0,0,0,0,0,0,0,0,0,0,0,0,0,0,,
2143,102,45,1,102-45-1,02-REP,,,,,,,,,,,,,,,,,,1,0,1,0,0,0,0,1,1,0,1,1,1,1,1,1,0,1,1,,
2144,102,45,39,102-45-39,02-REP,,,,,,,,,,,,,,,,,,1,1,0,1,0,0,0,1,1,1,0,1,1,1,1,1,1,1,1,,
2145,102,45,38,102-45-38,02-REP,,,,,,,,,,,,,,,,,,1,1,0,0,1,0,0,1,1,0,1,1,1,1,1,1,1,1,1,,
2146,102,45,24,102-45-24,02-REP,,,,,,,,,,,,,,,,,,0,0,0,1,0,0,0,0,0,0,1,0,0,0,0,0,0,0,0,,
2147,102,45,13,102-45-13,02-REP,,,,,,,,,,,,,,,,,,1,1,0,1,0,0,0,1,1,1,0,1,1,1,1,1,1,1,1,,
2148,102,45,9,102-45-9,02-REP,,,,,,,,,,,,,,,,,,1,1,0,1,0,0,0,1,1,1,0,1,1,1,1,1,1,1,1,,
2149,102,45,48,102-45-48,02-REP,,,,,,,,,,,,,,,,,,1,1,1,0,0,0,0,1,0,1,0,1,1,1,1,1,1,1,1,,
2150,102,45,47,102-45-47,02-REP,,,,,,,,,,,,,,,,,,1,1,0,0,1,0,0,1,1,1,0,1,1,1,1,1,1,1,1,,
2151,102,45,29,102-45-29,02-REP,,,,,,,,,,,,,,,,,,1,1,0,1,0,0,0,1,1,1,0,1,1,1,1,1,1,1,1,,
2152,102,45,14,102-45-14,02-REP,,,,,,,,,,,,,,,,,,1,1,0,1,0,0,0,1,1,0,1,1,1,1,1,1,1,1,1,,
2153,102,45,7,102-45-7,02-REP,,,,,,,,,,,,,,,,,,1,1,0,0,1,0,0,1,1,1,0,1,1,1,1,1,1,1,1,,
2154,102,45,42,102-45-42,02-REP,,,,,,,,,,,,,,,,,,0,1,0,0,1,0,0,0,0,0,0,0,1,0,1,0,0,1,1,,
2155,102,45,41,102-45-41,02-REP,,,,,,,,,,,,,,,,,,0,0,0,1,0,0,0,0,0,0,1,0,0,0,0,0,0,0,0,,
2156,102,45,26,102-45-26,02-REP,,,,,,,,,,,,,,,,,,1,1,0,1,0,0,0,1,1,0,1,1,1,1,1,1,1,1,1,,
2157,102,45,15,102-45-15,02-REP,,,,,,,,,,,,,,,,,,1,1,1,0,0,0,0,1,1,1,0,1,1,1,1,1,1,1,1,,
2158,102,45,6,102-45-6,02-REP,,,,,,,,,,,,,,,,,,1,1,0,0,1,0,0,1,1,1,0,1,1,1,1,1,1,1,1,,
2159,102,45,35,102-45-35,02-REP,,,,,,,,,,,,,,,,,,0,1,0,1,0,0,0,0,0,0,0,0,1,0,1,1,1,1,1,,
2160,102,45,34,102-45-34,02-REP,,,,,,,,,,,,,,,,,,0,1,0,1,0,0,0,0,0,0,0,0,1,1,1,1,1,1,1,,
2161,102,45,23,102-45-23,02-REP,,,,,,,,,,,,,,,,,,1,1,0,0,1,0,0,1,1,0,1,1,1,1,1,1,1,0,1,,
2162,102,45,16,102-45-16,02-REP,,,,,,,,,,,,,,,,,,0,1,0,0,1,0,0,1,1,1,0,1,1,1,1,1,1,1,1,,
2163,102,45,2,102-45-2,02-REP,,,,,,,,,,,,,,,,,,1,1,0,1,0,0,0,1,1,0,1,1,1,1,1,1,1,1,1,,
2164,102,45,37,102-45-37,02-REP,,,,,,,,,,,,,,,,,,1,1,0,0,1,0,0,1,1,0,1,1,1,1,1,1,1,1,1,,
2165,102,45,36,102-45-36,02-REP,,,,,,,,,,,,,,,,,,1,1,1,0,0,0,0,1,1,0,1,1,1,1,1,1,1,1,1,,
2166,102,45,22,102-45-22,02-REP,,,,,,,,,,,,,,,,,,1,1,1,0,0,0,0,1,1,1,0,1,1,1,1,1,1,1,1,,
2167,102,45,17,102-45-17,02-REP,,,,,,,,,,,,,,,,,,1,1,0,0,1,0,0,1,1,0,1,1,1,1,1,1,1,1,1,,
2168,102,45,3,102-45-3,02-REP,,,,,,,,,,,,,,,,,,1,1,1,0,0,0,0,1,1,1,0,1,1,1,1,1,1,1,1,,
2169,102,45,44,102-45-44,02-REP,,,,,,,,,,,,,,,,,,0,0,0,0,1,0,0,0,0,0,0,0,0,0,0,0,0,0,0,,
2170,102,45,43,102-45-43,02-REP,,,,,,,,,,,,,,,,,,0,0,0,0,1,0,0,0,0,0,0,1,1,1,1,1,1,1,1,,
2171,102,45,27,102-45-27,02-REP,,,,,,,,,,,,,,,,,,1,1,0,1,0,0,0,1,1,1,0,1,1,1,1,1,1,1,1,,
2172,102,45,18,102-45-18,02-REP,,,,,,,,,,,,,,,,,,0,1,0,0,1,0,0,1,1,0,0,0,1,1,1,1,1,1,1,,
2173,102,45,8,102-45-8,02-REP,,,,,,,,,,,,,,,,,,1,1,0,1,0,0,0,1,1,1,0,1,1,0,1,1,1,1,1,,
2174,102,45,46,102-45-46,02-REP,,,,,,,,,,,,,,,,,,0,0,0,1,0,0,0,0,0,0,0,0,0,0,0,1,1,1,1,,
2175,102,45,45,102-45-45,02-REP,,,,,,,,,,,,,,,,,,1,0,0,0,1,0,0,0,0,0,0,1,0,1,1,1,1,1,1,,
2176,102,45,28,102-45-28,02-REP,,,,,,,,,,,,,,,,,,1,1,0,1,0,0,0,1,1,1,0,1,1,1,1,1,1,1,1,,
2177,102,45,19,102-45-19,02-REP,,,,,,,,,,,,,,,,,,1,1,0,0,1,0,0,1,1,0,1,1,1,1,1,1,1,1,1,,
2178,102,45,4,102-45-4,02-REP,,,,,,,,,,,,,,,,,,1,0,1,0,0,0,0,1,1,0,1,1,1,1,1,1,0,1,1,,
2179,102,45,50,102-45-50,02-REP,,,,,,,,,,,,,,,,,,1,1,0,1,0,0,0,1,1,1,0,1,1,1,1,1,1,1,1,,
2180,102,45,49,102-45-49,02-REP,,,,,,,,,,,,,,,,,,1,1,0,1,0,0,0,1,1,1,0,1,1,1,1,1,1,1,1,,
2181,102,45,40,102-45-40,02-REP,,,,,,,,,,,,,,,,,,1,1,0,1,0,0,0,1,1,1,0,1,1,1,1,1,1,1,1,,
2182,102,45,25,102-45-25,02-REP,,,,,,,,,,,,,,,,,,1,1,0,0,1,0,0,1,1,1,0,1,1,1,1,1,1,1,1,,
2183,102,45,5,102-45-5,02-REP,,,,,,,,,,,,,,,,,,0,1,0,0,1,0,0,0,0,0,0,0,1,0,1,0,1,1,1,,
2184,102,46,38,102-46-38,02-REP,,,,,,,,,,,,,,,,,,1,1,0,1,0,0,0,1,1,1,0,1,1,1,1,1,1,1,1,,
2185,102,46,37,102-46-37,02-REP,,,,,,,,,,,,,,,,,,1,1,0,0,1,0,0,1,1,1,0,1,1,1,1,1,1,1,1,,
2186,102,46,25,102-46-25,01-DEM,1,0,0,0,0,0,0,0,0,0,0,1,0,0,0,,,,,,,,,,,,,,,,,,,,,,,
2187,102,46,24,102-46-24,01-DEM,1,0,1,0,0,1,0,1,0,1,1,0,0,0,1,,,,,,,,,,,,,,,,,,,,,,,
2188,102,46,18,102-46-18,02-REP,,,,,,,,,,,,,,,,,,1,1,0,1,0,0,0,1,1,0,1,1,1,0,0,0,0,1,0,,
2189,102,46,11,102-46-11,02-REP,,,,,,,,,,,,,,,,,,1,1,0,1,0,0,0,1,1,1,0,1,1,1,1,1,1,1,1,,
2190,102,46,2,102-46-2,02-REP,,,,,,,,,,,,,,,,,,1,1,0,0,1,0,0,1,1,1,0,1,1,1,1,1,1,1,1,,
2191,102,46,40,102-46-40,02-REP,,,,,,,,,,,,,,,,,,1,1,1,0,0,0,0,1,1,0,0,1,1,1,1,1,1,1,1,,
2192,102,46,39,102-46-39,02-REP,,,,,,,,,,,,,,,,,,1,1,0,1,0,0,0,1,1,1,0,1,1,1,1,1,1,1,1,,
2193,102,46,27,102-46-27,01-DEM,0,1,1,0,0,1,0,1,0,0,0,0,1,0,1,,,,,,,,,,,,,,,,,,,,,,,
2194,102,46,19,102-46-19,02-REP,,,,,,,,,,,,,,,,,,0,1,0,1,0,0,0,1,1,1,0,1,1,1,1,1,1,1,1,,
2195,102,46,12,102-46-12,02-REP,,,,,,,,,,,,,,,,,,1,1,0,0,1,0,0,1,1,0,1,1,1,1,1,1,1,1,1,,
2196,102,46,6,102-46-6,01-DEM,0,1,1,0,0,0,1,0,1,1,1,0,0,0,1,,,,,,,,,,,,,,,,,,,,,,,
2197,102,46,36,102-46-36,02-REP,,,,,,,,,,,,,,,,,,1,0,0,0,1,0,0,1,1,0,0,1,1,1,1,1,1,1,1,,
2198,102,46,35,102-46-35,02-REP,,,,,,,,,,,,,,,,,,0,1,0,0,1,0,0,1,1,0,1,1,1,1,1,1,1,1,1,,
2199,102,46,23,102-46-23,01-DEM,1,0,1,0,0,1,0,1,0,1,1,0,0,0,1,,,,,,,,,,,,,,,,,,,,,,,
2200,102,46,13,102-46-13,02-REP,,,,,,,,,,,,,,,,,,1,1,0,0,1,0,0,1,1,0,1,1,1,1,1,1,1,1,1,,
2201,102,46,1,102-46-1,02-REP,,,,,,,,,,,,,,,,,,1,1,0,0,1,0,0,0,0,1,0,1,1,1,1,1,1,1,1,,
2202,102,46,42,102-46-42,02-REP,,,,,,,,,,,,,,,,,,1,1,0,1,0,0,0,1,1,0,1,1,1,1,1,1,1,1,1,,
2203,102,46,41,102-46-41,02-REP,,,,,,,,,,,,,,,,,,1,1,1,0,0,0,0,1,1,1,0,1,1,1,1,1,1,1,1,,
2204,102,46,28,102-46-28,02-REP,,,,,,,,,,,,,,,,,,1,1,0,0,1,0,0,1,1,1,0,1,1,1,1,1,1,1,1,,
2205,102,46,14,102-46-14,02-REP,,,,,,,,,,,,,,,,,,1,1,1,0,0,0,0,1,1,1,0,1,1,1,1,1,1,1,1,,
2206,102,46,3,102-46-3,02-REP,,,,,,,,,,,,,,,,,,1,1,0,1,0,0,0,1,1,1,0,1,1,1,1,1,1,1,1,,
2207,102,46,48,102-46-48,01-DEM,0,1,1,0,0,1,0,1,0,1,0,1,0,0,1,,,,,,,,,,,,,,,,,,,,,,,
2208,102,46,47,102-46-47,01-DEM,1,0,1,0,0,0,1,0,0,1,1,0,0,0,1,,,,,,,,,,,,,,,,,,,,,,,
2209,102,46,31,102-46-31,01-DEM,1,0,1,0,0,1,0,1,0,1,1,0,0,0,1,,,,,,,,,,,,,,,,,,,,,,,
2210,102,46,15,102-46-15,02-REP,,,,,,,,,,,,,,,,,,1,1,0,1,0,0,0,1,1,1,0,1,1,1,1,1,1,1,1,,
2211,102,46,10,102-46-10,02-REP,,,,,,,,,,,,,,,,,,1,1,1,0,0,0,0,1,1,0,1,1,1,1,1,1,1,1,1,,
2212,102,46,44,102-46-44,02-REP,,,,,,,,,,,,,,,,,,1,1,0,0,1,0,0,1,1,1,0,1,1,1,1,1,1,1,1,,
2213,102,46,43,102-46-43,02-REP,,,,,,,,,,,,,,,,,,1,1,0,0,1,0,0,1,1,1,0,1,1,1,1,1,1,1,1,,
2214,102,46,29,102-46-29,01-DEM,1,0,1,0,0,0,1,1,0,1,1,0,0,0,1,,,,,,,,,,,,,,,,,,,,,,,
2215,102,46,16,102-46-16,02-REP,,,,,,,,,,,,,,,,,,1,0,0,0,1,0,0,1,1,1,0,1,1,1,1,1,1,1,1,,
2216,102,46,5,102-46-5,02-REP,,,,,,,,,,,,,,,,,,1,1,0,1,0,0,0,1,1,1,0,1,1,1,1,1,1,1,1,,
2217,102,46,46,102-46-46,02-REP,,,,,,,,,,,,,,,,,,0,1,0,0,1,0,0,1,1,1,0,1,1,1,1,1,1,1,1,,
2218,102,46,45,102-46-45,02-REP,,,,,,,,,,,,,,,,,,1,1,0,0,1,0,0,1,1,1,0,1,1,1,1,1,1,1,1,,
2219,102,46,30,102-46-30,01-DEM,0,1,0,0,0,1,0,0,0,0,1,0,0,0,0,,,,,,,,,,,,,,,,,,,,,,,
2220,102,46,17,102-46-17,02-REP,,,,,,,,,,,,,,,,,,1,1,0,0,1,0,0,1,1,1,0,1,1,1,1,1,1,1,1,,
2221,102,46,8,102-46-8,02-REP,,,,,,,,,,,,,,,,,,0,1,0,0,1,0,0,1,1,1,0,1,1,1,1,1,1,1,1,,
2222,102,46,50,102-46-50,02-REP,,,,,,,,,,,,,,,,,,1,1,1,0,0,0,0,1,1,1,0,1,1,1,1,1,1,1,1,,
2223,102,46,49,102-46-49,02-REP,,,,,,,,,,,,,,,,,,0,0,0,1,0,0,0,0,0,0,0,0,0,0,0,0,0,0,0,,
2224,102,46,32,102-46-32,01-DEM,1,0,1,0,0,1,0,1,0,1,1,0,0,0,1,,,,,,,,,,,,,,,,,,,,,,,
2225,102,46,20,102-46-20,02-REP,,,,,,,,,,,,,,,,,,1,1,0,0,1,0,0,1,1,1,0,1,1,1,1,1,1,1,1,,
2226,102,46,9,102-46-9,02-REP,,,,,,,,,,,,,,,,,,1,1,0,1,0,0,0,1,1,1,0,1,1,1,1,1,1,1,1,,
2227,102,46,33,102-46-33,01-DEM,1,0,1,0,0,1,0,0,1,1,0,0,0,1,1,,,,,,,,,,,,,,,,,,,,,,,
2228,102,46,21,102-46-21,02-REP,,,,,,,,,,,,,,,,,,0,1,1,0,0,0,0,1,1,0,1,1,1,1,1,1,1,1,1,,
2229,102,46,34,102-46-34,01-DEM,1,0,0,0,0,0,1,1,0,0,1,0,0,0,0,,,,,,,,,,,,,,,,,,,,,,,
2230,102,46,22,102-46-22,02-REP,,,,,,,,,,,,,,,,,,1,1,1,0,0,0,0,1,1,1,0,1,1,1,1,1,1,1,1,,
2231,102,46,7,102-46-7,02-REP,,,,,,,,,,,,,,,,,,0,1,0,0,0,0,0,0,0,0,0,1,1,1,1,0,1,0,1,,
2232,102,46,4,102-46-4,02-REP,,,,,,,,,,,,,,,,,,1,1,0,0,1,0,0,1,1,1,0,1,1,1,1,1,1,1,1,,
2233,102,46,26,102-46-26,01-DEM,0,0,0,0,0,0,0,0,0,0,0,0,0,0,0,,,,,,,,,,,,,,,,,,,,,,,
2234,102,47,56,102-47-56,02-REP,,,,,,,,,,,,,,,,,,1,1,0,1,0,0,0,1,1,0,1,1,1,1,1,1,1,1,1,,
2235,102,47,55,102-47-55,02-REP,,,,,,,,,,,,,,,,,,1,1,1,0,0,0,0,1,1,0,1,1,1,1,1,1,1,1,1,,
2236,102,47,34,102-47-34,01-DEM,0,1,1,0,0,0,1,0,1,1,1,0,0,0,1,,,,,,,,,,,,,,,,,,,,,,,
2237,102,47,33,102-47-33,02-REP,,,,,,,,,,,,,,,,,,1,1,0,0,1,0,0,1,1,0,1,1,1,1,1,1,1,1,1,,
2238,102,47,21,102-47-21,01-DEM,0,1,1,0,0,0,1,1,0,1,1,0,0,0,1,,,,,,,,,,,,,,,,,,,,,,,
2239,102,47,11,102-47-11,02-REP,,,,,,,,,,,,,,,,,,1,1,1,0,0,0,0,1,1,0,1,1,1,1,1,1,1,1,1,,
2240,102,47,1,102-47-1,01-DEM,0,1,1,0,0,1,0,0,1,1,0,0,0,1,1,,,,,,,,,,,,,,,,,,,,,,,
2241,102,47,52,102-47-52,02-REP,,,,,,,,,,,,,,,,,,0,0,0,1,0,0,0,0,0,0,1,0,0,0,0,0,0,0,0,,
2242,102,47,51,102-47-51,02-REP,,,,,,,,,,,,,,,,,,0,0,0,1,0,0,0,0,0,0,1,0,0,0,0,0,0,0,0,,
2243,102,47,32,102-47-32,02-REP,,,,,,,,,,,,,,,,,,1,1,0,1,0,0,0,1,1,1,0,1,1,1,1,1,1,1,1,,
2244,102,47,31,102-47-31,01-DEM,1,0,1,0,0,1,0,0,1,0,0,1,0,0,0,,,,,,,,,,,,,,,,,,,,,,,
2245,102,47,22,102-47-22,01-DEM,0,1,1,0,0,0,1,0,1,1,1,0,0,0,1,,,,,,,,,,,,,,,,,,,,,,,
2246,102,47,12,102-47-12,01-DEM,0,1,1,0,0,0,1,1,0,1,1,0,0,0,1,,,,,,,,,,,,,,,,,,,,,,,
2247,102,47,2,102-47-2,01-DEM,0,1,1,0,0,0,1,0,1,1,1,0,0,0,1,,,,,,,,,,,,,,,,,,,,,,,
2248,102,47,54,102-47-54,02-REP,,,,,,,,,,,,,,,,,,1,1,1,0,0,0,0,1,1,0,1,1,1,1,1,1,1,1,1,,
2249,102,47,53,102-47-53,02-REP,,,,,,,,,,,,,,,,,,1,0,1,0,0,0,0,1,1,0,1,1,1,1,1,1,1,1,1,,
2250,102,47,36,102-47-36,02-REP,,,,,,,,,,,,,,,,,,1,1,1,0,0,0,0,1,1,1,0,1,1,1,1,1,1,1,1,,
2251,102,47,35,102-47-35,01-DEM,0,1,1,0,0,0,1,1,0,1,1,0,0,0,1,,,,,,,,,,,,,,,,,,,,,,,
2252,102,47,23,102-47-23,01-DEM,0,1,1,0,0,1,0,0,1,1,0,0,1,0,1,,,,,,,,,,,,,,,,,,,,,,,
2253,102,47,13,102-47-13,01-DEM,0,1,1,0,0,0,1,1,0,1,1,0,0,0,1,,,,,,,,,,,,,,,,,,,,,,,
2254,102,47,3,102-47-3,01-DEM,0,1,1,0,0,0,1,0,0,1,1,0,0,0,1,,,,,,,,,,,,,,,,,,,,,,,
2255,102,47,38,102-47-38,02-REP,,,,,,,,,,,,,,,,,,1,1,0,0,1,0,0,1,1,0,1,1,1,1,1,1,1,1,1,,
2256,102,47,37,102-47-37,02-REP,,,,,,,,,,,,,,,,,,1,1,1,0,0,0,0,1,1,1,0,1,1,1,1,1,1,1,1,,
2257,102,47,24,102-47-24,01-DEM,1,0,1,0,0,1,0,0,1,1,1,0,0,0,1,,,,,,,,,,,,,,,,,,,,,,,
2258,102,47,14,102-47-14,01-DEM,1,0,1,0,0,1,0,1,0,1,0,0,1,0,1,,,,,,,,,,,,,,,,,,,,,,,
2259,102,47,10,102-47-10,01-DEM,0,1,1,0,0,0,1,1,0,1,1,0,0,0,1,,,,,,,,,,,,,,,,,,,,,,,
2260,102,47,44,102-47-44,01-DEM,0,1,1,0,0,0,1,1,0,1,0,0,0,1,1,,,,,,,,,,,,,,,,,,,,,,,
2261,102,47,43,102-47-43,01-DEM,1,0,0,0,0,0,1,1,0,0,1,0,0,0,0,,,,,,,,,,,,,,,,,,,,,,,
2262,102,47,25,102-47-25,02-REP,,,,,,,,,,,,,,,,,,1,1,0,0,1,0,0,1,1,0,1,1,1,1,1,1,1,1,1,,
2263,102,47,15,102-47-15,01-DEM,1,0,1,0,0,0,1,1,0,1,1,0,0,0,1,,,,,,,,,,,,,,,,,,,,,,,
2264,102,47,7,102-47-7,02-REP,,,,,,,,,,,,,,,,,,1,1,0,1,0,0,0,1,1,1,0,1,1,1,1,1,1,1,1,,
2265,102,47,40,102-47-40,01-DEM,0,1,1,0,0,1,0,1,0,1,0,0,1,0,1,,,,,,,,,,,,,,,,,,,,,,,
2266,102,47,39,102-47-39,02-REP,,,,,,,,,,,,,,,,,,1,1,0,0,1,0,0,1,1,1,0,1,1,1,1,1,1,1,1,,
2267,102,47,27,102-47-27,01-DEM,0,1,1,0,0,0,1,0,1,1,1,0,0,0,1,,,,,,,,,,,,,,,,,,,,,,,
2268,102,47,16,102-47-16,01-DEM,1,0,1,0,0,0,1,0,1,1,0,0,1,0,1,,,,,,,,,,,,,,,,,,,,,,,
2269,102,47,6,102-47-6,02-REP,,,,,,,,,,,,,,,,,,1,1,1,0,0,0,0,1,1,1,0,1,1,1,1,1,1,1,1,,
2270,102,47,42,102-47-42,01-DEM,0,1,1,0,0,0,1,0,0,1,1,0,0,0,1,,,,,,,,,,,,,,,,,,,,,,,
2271,102,47,41,102-47-41,02-REP,,,,,,,,,,,,,,,,,,0,0,0,1,0,0,0,0,0,0,0,0,0,0,0,0,0,0,0,,
2272,102,47,26,102-47-26,02-REP,,,,,,,,,,,,,,,,,,1,1,0,0,1,0,0,1,1,0,1,1,1,1,1,1,1,1,1,,
2273,102,47,17,102-47-17,01-DEM,0,1,1,0,0,0,1,0,1,1,1,0,0,0,1,,,,,,,,,,,,,,,,,,,,,,,
2274,102,47,5,102-47-5,02-REP,,,,,,,,,,,,,,,,,,1,1,0,0,1,0,0,1,1,0,1,1,1,1,1,1,1,1,1,,
2275,102,47,48,102-47-48,01-DEM,1,0,1,0,0,1,0,0,1,1,1,0,0,0,1,,,,,,,,,,,,,,,,,,,,,,,
2276,102,47,47,102-47-47,01-DEM,0,1,1,0,0,0,1,0,1,1,0,0,1,0,1,,,,,,,,,,,,,,,,,,,,,,,
2277,102,47,29,102-47-29,02-REP,,,,,,,,,,,,,,,,,,1,1,0,1,0,0,0,1,1,1,0,1,1,1,1,1,1,1,1,,
2278,102,47,18,102-47-18,01-DEM,0,1,0,0,0,0,1,0,0,0,0,0,0,0,0,,,,,,,,,,,,,,,,,,,,,,,
2279,102,47,8,102-47-8,02-REP,,,,,,,,,,,,,,,,,,1,1,1,0,0,0,0,1,1,0,1,1,1,1,1,1,1,1,1,,
2280,102,47,46,102-47-46,01-DEM,0,1,1,0,0,0,1,0,1,1,1,0,0,0,1,,,,,,,,,,,,,,,,,,,,,,,
2281,102,47,45,102-47-45,01-DEM,0,1,1,0,0,0,1,0,1,1,0,0,0,1,1,,,,,,,,,,,,,,,,,,,,,,,
2282,102,47,28,102-47-28,01-DEM,0,1,1,0,0,1,0,1,0,1,1,0,0,0,1,,,,,,,,,,,,,,,,,,,,,,,
2283,102,47,19,102-47-19,01-DEM,0,1,0,0,0,0,1,0,0,0,0,0,0,0,0,,,,,,,,,,,,,,,,,,,,,,,
2284,102,47,4,102-47-4,02-REP,,,,,,,,,,,,,,,,,,1,1,0,1,0,0,0,1,1,1,0,1,1,1,1,1,1,1,1,,
2285,102,47,50,102-47-50,01-DEM,0,1,1,0,0,1,0,1,0,1,1,0,0,0,1,,,,,,,,,,,,,,,,,,,,,,,
2286,102,47,49,102-47-49,01-DEM,0,1,1,0,0,1,0,1,0,1,1,0,0,0,1,,,,,,,,,,,,,,,,,,,,,,,
2287,102,47,30,102-47-30,01-DEM,0,1,1,0,0,0,1,0,1,1,0,0,1,0,1,,,,,,,,,,,,,,,,,,,,,,,
2288,102,47,20,102-47-20,01-DEM,1,0,1,0,0,1,0,0,1,0,0,1,0,0,0,,,,,,,,,,,,,,,,,,,,,,,
2289,102,47,9,102-47-9,01-DEM,0,1,1,0,0,1,0,0,0,1,1,0,0,0,1,,,,,,,,,,,,,,,,,,,,,,,
2290,102,48,50,102-48-50,02-REP,,,,,,,,,,,,,,,,,,1,1,0,0,1,0,0,1,1,0,1,1,1,1,1,1,1,1,1,,
2291,102,48,49,102-48-49,02-REP,,,,,,,,,,,,,,,,,,1,1,0,0,1,0,0,1,1,1,0,1,1,1,1,1,1,1,1,,
2292,102,48,31,102-48-31,02-REP,,,,,,,,,,,,,,,,,,1,1,0,0,1,0,0,1,1,0,1,1,1,1,1,1,1,1,1,,
2293,102,48,30,102-48-30,02-REP,,,,,,,,,,,,,,,,,,0,0,0,0,1,0,0,0,0,1,0,0,1,0,0,0,0,1,0,,
2294,102,48,20,102-48-20,02-REP,,,,,,,,,,,,,,,,,,1,1,0,0,1,0,0,1,1,0,1,1,1,1,1,1,1,1,1,,
2295,102,48,11,102-48-11,01-DEM,0,1,1,0,0,0,1,1,0,1,1,0,0,0,1,,,,,,,,,,,,,,,,,,,,,,,
2296,102,48,9,102-48-9,01-DEM,0,1,1,0,0,1,0,0,1,1,0,0,1,0,1,,,,,,,,,,,,,,,,,,,,,,,
2297,102,48,37,102-48-37,02-REP,,,,,,,,,,,,,,,,,,1,1,0,0,1,0,0,1,1,0,1,1,1,1,1,1,1,1,1,,
2298,102,48,36,102-48-36,02-REP,,,,,,,,,,,,,,,,,,1,1,1,0,0,0,0,1,1,0,1,1,1,1,1,1,1,1,1,,
2299,102,48,22,102-48-22,02-REP,,,,,,,,,,,,,,,,,,1,1,0,0,1,0,0,1,1,0,1,1,1,1,1,1,1,1,1,,
2300,102,48,12,102-48-12,01-DEM,0,1,1,0,0,0,1,0,0,0,1,0,0,0,0,,,,,,,,,,,,,,,,,,,,,,,
2301,102,48,10,102-48-10,01-DEM,0,1,1,0,0,0,1,0,1,1,1,0,0,0,1,,,,,,,,,,,,,,,,,,,,,,,
2302,102,48,35,102-48-35,02-REP,,,,,,,,,,,,,,,,,,1,1,0,1,0,0,0,1,1,1,0,1,1,1,1,1,1,1,1,,
2303,102,48,34,102-48-34,02-REP,,,,,,,,,,,,,,,,,,1,1,0,1,0,0,0,1,1,0,1,1,1,1,1,1,1,1,1,,
2304,102,48,23,102-48-23,02-REP,,,,,,,,,,,,,,,,,,0,0,0,0,1,0,0,0,0,0,0,1,1,0,1,0,1,1,1,,
2305,102,48,13,102-48-13,01-DEM,0,1,1,0,0,1,0,1,0,1,0,0,1,0,1,,,,,,,,,,,,,,,,,,,,,,,
2306,102,48,4,102-48-4,01-DEM,0,1,1,0,0,0,1,1,0,1,1,0,0,0,1,,,,,,,,,,,,,,,,,,,,,,,
2307,102,48,44,102-48-44,02-REP,,,,,,,,,,,,,,,,,,0,1,0,1,0,0,0,1,1,0,1,1,1,1,0,1,0,1,1,,
2308,102,48,43,102-48-43,02-REP,,,,,,,,,,,,,,,,,,1,1,0,0,1,0,0,1,1,1,0,1,1,1,1,0,0,0,0,,
2309,102,48,26,102-48-26,02-REP,,,,,,,,,,,,,,,,,,1,1,0,0,1,0,0,1,1,1,0,1,1,1,1,1,1,1,1,,
2310,102,48,14,102-48-14,02-REP,,,,,,,,,,,,,,,,,,1,1,1,0,0,0,0,1,1,1,0,1,1,0,1,1,1,1,1,,
2311,102,48,3,102-48-3,01-DEM,1,0,0,0,0,1,0,1,0,0,1,0,0,0,0,,,,,,,,,,,,,,,,,,,,,,,
2312,102,48,46,102-48-46,02-REP,,,,,,,,,,,,,,,,,,0,1,0,0,1,0,0,1,1,0,0,1,1,1,1,1,1,1,1,,
2313,102,48,45,102-48-45,02-REP,,,,,,,,,,,,,,,,,,1,1,0,1,0,0,0,1,1,0,1,1,1,1,1,1,1,1,1,,
2314,102,48,27,102-48-27,02-REP,,,,,,,,,,,,,,,,,,0,1,0,1,0,0,0,1,1,0,1,1,1,1,1,1,1,0,1,,
2315,102,48,15,102-48-15,02-REP,,,,,,,,,,,,,,,,,,1,1,0,1,0,0,0,1,1,1,0,1,1,0,1,1,1,1,1,,
2316,102,48,8,102-48-8,01-DEM,0,1,1,0,0,1,0,1,0,1,1,0,0,0,1,,,,,,,,,,,,,,,,,,,,,,,
2317,102,48,40,102-48-40,02-REP,,,,,,,,,,,,,,,,,,1,1,0,1,0,0,0,1,1,0,1,1,1,1,1,1,1,1,1,,
2318,102,48,39,102-48-39,02-REP,,,,,,,,,,,,,,,,,,1,1,0,0,1,0,0,1,1,0,0,1,1,1,1,1,1,1,1,,
2319,102,48,25,102-48-25,02-REP,,,,,,,,,,,,,,,,,,1,1,0,0,1,0,0,1,1,1,0,1,1,1,1,1,1,1,1,,
2320,102,48,16,102-48-16,02-REP,,,,,,,,,,,,,,,,,,1,1,0,1,0,0,0,1,1,1,0,1,1,1,1,1,1,1,1,,
2321,102,48,1,102-48-1,01-DEM,1,0,1,0,0,1,0,1,0,1,0,0,0,1,1,,,,,,,,,,,,,,,,,,,,,,,
2322,102,48,33,102-48-33,02-REP,,,,,,,,,,,,,,,,,,1,1,0,1,0,0,0,1,1,0,1,1,1,1,1,1,1,1,1,,
2323,102,48,32,102-48-32,02-REP,,,,,,,,,,,,,,,,,,1,1,0,1,0,0,0,1,1,0,1,1,1,1,1,1,0,1,1,,
2324,102,48,21,102-48-21,02-REP,,,,,,,,,,,,,,,,,,1,1,1,0,0,0,0,1,1,0,1,1,1,1,1,1,1,1,1,,
2325,102,48,17,102-48-17,02-REP,,,,,,,,,,,,,,,,,,1,1,0,1,0,0,0,1,1,1,0,1,1,1,1,1,1,1,1,,
2326,102,48,2,102-48-2,01-DEM,1,0,1,0,0,1,0,1,0,1,1,0,0,0,1,,,,,,,,,,,,,,,,,,,,,,,
2327,102,48,42,102-48-42,02-REP,,,,,,,,,,,,,,,,,,0,1,0,0,1,0,0,0,0,1,0,1,0,1,0,0,0,0,0,,
2328,102,48,41,102-48-41,02-REP,,,,,,,,,,,,,,,,,,1,1,0,1,0,0,0,1,1,1,0,1,1,1,1,1,1,1,1,,
2329,102,48,28,102-48-28,02-REP,,,,,,,,,,,,,,,,,,1,1,0,1,0,0,0,1,1,0,1,1,1,1,1,1,1,0,1,,
2330,102,48,18,102-48-18,02-REP,,,,,,,,,,,,,,,,,,1,1,0,1,0,0,0,1,1,1,0,1,1,1,1,1,1,1,1,,
2331,102,48,7,102-48-7,01-DEM,1,0,1,0,0,0,1,1,0,1,1,0,0,0,1,,,,,,,,,,,,,,,,,,,,,,,
2332,102,48,48,102-48-48,02-REP,,,,,,,,,,,,,,,,,,1,1,0,0,1,0,0,1,1,0,1,1,1,1,1,1,1,1,1,,
2333,102,48,47,102-48-47,02-REP,,,,,,,,,,,,,,,,,,1,1,0,0,1,0,0,1,1,1,0,1,1,1,1,1,1,1,1,,
2334,102,48,19,102-48-19,02-REP,,,,,,,,,,,,,,,,,,1,1,0,0,1,0,0,1,1,1,0,1,1,1,1,1,1,1,1,,
2335,102,48,6,102-48-6,01-DEM,0,1,1,0,0,0,1,1,0,1,1,0,0,0,1,,,,,,,,,,,,,,,,,,,,,,,
2336,102,48,38,102-48-38,02-REP,,,,,,,,,,,,,,,,,,1,1,0,1,0,0,0,1,1,0,1,1,1,1,1,1,1,1,1,,
2337,102,48,24,102-48-24,02-REP,,,,,,,,,,,,,,,,,,0,0,0,0,0,0,0,0,0,0,0,0,0,0,0,1,1,1,1,,
2338,102,48,5,102-48-5,01-DEM,1,0,1,0,0,1,0,0,1,1,0,0,0,1,1,,,,,,,,,,,,,,,,,,,,,,,
2339,102,48,29,102-48-29,02-REP,,,,,,,,,,,,,,,,,,1,1,0,1,0,0,0,1,1,1,0,1,1,1,1,1,1,1,1,,
2340,102,49,31,102-49-31,02-REP,,,,,,,,,,,,,,,,,,1,1,1,0,0,0,0,1,1,0,0,1,1,1,1,1,1,1,1,,
2341,102,49,30,102-49-30,02-REP,,,,,,,,,,,,,,,,,,1,1,0,0,1,0,0,1,1,0,1,1,1,1,1,1,1,1,1,,
2342,102,49,20,102-49-20,02-REP,,,,,,,,,,,,,,,,,,1,1,0,1,0,0,0,1,1,0,1,1,1,1,1,1,1,1,1,,
2343,102,49,11,102-49-11,02-REP,,,,,,,,,,,,,,,,,,1,1,0,1,0,0,0,1,1,1,0,1,1,1,1,1,1,1,1,,
2344,102,49,1,102-49-1,02-REP,,,,,,,,,,,,,,,,,,1,1,0,0,1,0,0,1,1,1,0,1,1,1,1,1,1,1,1,,
2345,102,49,46,102-49-46,02-REP,,,,,,,,,,,,,,,,,,1,1,0,0,1,0,0,1,1,1,0,1,1,1,1,1,1,1,1,,
2346,102,49,45,102-49-45,02-REP,,,,,,,,,,,,,,,,,,1,1,0,1,0,0,0,1,1,0,1,1,1,1,1,1,1,1,1,,
2347,102,49,28,102-49-28,02-REP,,,,,,,,,,,,,,,,,,1,1,0,0,1,0,0,1,1,0,1,1,1,1,1,1,1,1,1,,
2348,102,49,12,102-49-12,02-REP,,,,,,,,,,,,,,,,,,1,0,1,0,0,0,0,1,1,1,0,1,1,1,1,1,1,1,1,,
2349,102,49,10,102-49-10,02-REP,,,,,,,,,,,,,,,,,,1,1,0,1,0,0,0,1,1,1,0,1,1,1,1,1,1,1,1,,
2350,102,49,40,102-49-40,02-REP,,,,,,,,,,,,,,,,,,0,0,0,0,1,0,0,0,0,1,0,0,1,0,0,0,0,1,0,,
2351,102,49,39,102-49-39,02-REP,,,,,,,,,,,,,,,,,,0,1,0,0,1,0,0,1,1,1,0,1,1,0,1,1,1,1,1,,
2352,102,49,26,102-49-26,02-REP,,,,,,,,,,,,,,,,,,1,1,0,1,0,0,0,1,1,1,0,1,1,1,1,1,1,1,1,,
2353,102,49,13,102-49-13,02-REP,,,,,,,,,,,,,,,,,,1,1,0,0,1,0,0,1,1,1,0,1,1,1,1,1,0,1,1,,
2354,102,49,7,102-49-7,02-REP,,,,,,,,,,,,,,,,,,0,1,1,0,0,0,0,1,1,1,0,1,1,1,1,1,1,1,1,,
2355,102,49,48,102-49-48,02-REP,,,,,,,,,,,,,,,,,,1,1,0,0,1,0,0,1,1,0,1,1,1,1,1,1,1,1,1,,
2356,102,49,47,102-49-47,02-REP,,,,,,,,,,,,,,,,,,1,1,0,1,0,0,0,1,1,0,1,1,1,1,1,1,1,0,1,,
2357,102,49,29,102-49-29,02-REP,,,,,,,,,,,,,,,,,,1,1,0,0,1,0,0,1,1,1,0,1,1,1,1,1,1,1,1,,
2358,102,49,14,102-49-14,02-REP,,,,,,,,,,,,,,,,,,1,1,0,0,1,0,0,1,1,0,0,1,1,1,1,1,1,1,1,,
2359,102,49,5,102-49-5,02-REP,,,,,,,,,,,,,,,,,,0,0,0,0,1,0,0,0,1,0,0,1,1,0,1,1,1,1,1,,
2360,102,49,33,102-49-33,02-REP,,,,,,,,,,,,,,,,,,1,0,0,0,1,0,0,1,1,1,0,1,1,0,1,0,0,1,1,,
2361,102,49,32,102-49-32,02-REP,,,,,,,,,,,,,,,,,,1,1,0,0,1,0,0,1,1,0,1,1,1,1,1,1,1,1,1,,
2362,102,49,21,102-49-21,02-REP,,,,,,,,,,,,,,,,,,1,0,1,0,0,0,0,1,1,1,0,1,1,1,1,1,1,1,1,,
2363,102,49,15,102-49-15,02-REP,,,,,,,,,,,,,,,,,,1,1,0,0,1,0,0,0,1,1,0,1,1,1,1,1,1,1,1,,
2364,102,49,2,102-49-2,02-REP,,,,,,,,,,,,,,,,,,1,1,0,1,0,0,0,1,1,1,0,1,1,1,1,1,1,1,1,,
2365,102,49,36,102-49-36,02-REP,,,,,,,,,,,,,,,,,,1,1,0,0,1,0,0,1,1,0,1,1,1,1,1,1,1,1,1,,
2366,102,49,35,102-49-35,02-REP,,,,,,,,,,,,,,,,,,1,1,0,0,1,0,0,1,1,1,0,1,1,1,1,1,1,1,1,,
2367,102,49,23,102-49-23,02-REP,,,,,,,,,,,,,,,,,,1,1,1,0,0,0,0,1,1,1,0,1,1,0,1,1,1,1,1,,
2368,102,49,16,102-49-16,02-REP,,,,,,,,,,,,,,,,,,1,1,0,0,1,0,0,1,1,1,0,1,1,1,1,1,1,1,1,,
2369,102,49,3,102-49-3,02-REP,,,,,,,,,,,,,,,,,,1,1,0,1,0,0,0,1,1,1,0,1,1,1,1,1,1,1,1,,
2370,102,49,38,102-49-38,02-REP,,,,,,,,,,,,,,,,,,1,1,1,0,0,0,0,1,1,0,1,1,1,1,1,1,1,1,1,,
2371,102,49,24,102-49-24,02-REP,,,,,,,,,,,,,,,,,,0,1,0,1,0,0,0,1,1,1,0,1,1,1,1,1,1,1,1,,
2372,102,49,17,102-49-17,02-REP,,,,,,,,,,,,,,,,,,1,1,0,1,0,0,0,1,1,1,0,1,1,1,1,1,1,1,1,,
2373,102,49,9,102-49-9,02-REP,,,,,,,,,,,,,,,,,,0,1,0,0,0,0,0,0,0,0,0,1,1,1,1,1,1,1,1,,
2374,102,49,42,102-49-42,02-REP,,,,,,,,,,,,,,,,,,1,1,0,0,1,0,0,1,1,1,0,1,1,1,1,1,1,1,1,,
2375,102,49,41,102-49-41,02-REP,,,,,,,,,,,,,,,,,,1,1,0,1,0,0,0,1,1,0,1,1,1,1,1,1,1,1,1,,
2376,102,49,25,102-49-25,02-REP,,,,,,,,,,,,,,,,,,1,1,1,0,0,0,0,1,1,1,0,1,1,1,1,1,1,1,1,,
2377,102,49,18,102-49-18,02-REP,,,,,,,,,,,,,,,,,,1,1,0,1,0,0,0,1,1,1,0,1,1,1,1,1,1,1,1,,
2378,102,49,4,102-49-4,02-REP,,,,,,,,,,,,,,,,,,1,1,0,0,1,0,0,1,1,1,0,1,1,1,1,1,1,1,1,,
2379,102,49,44,102-49-44,02-REP,,,,,,,,,,,,,,,,,,1,1,0,0,1,0,0,0,1,1,0,1,1,1,1,1,0,0,1,,
2380,102,49,43,102-49-43,02-REP,,,,,,,,,,,,,,,,,,1,0,0,0,1,0,0,1,1,0,1,1,1,1,1,1,1,1,1,,
2381,102,49,27,102-49-27,02-REP,,,,,,,,,,,,,,,,,,1,1,0,1,0,0,0,1,1,1,0,1,1,1,1,1,1,1,1,,
2382,102,49,19,102-49-19,02-REP,,,,,,,,,,,,,,,,,,1,1,0,0,1,0,0,1,1,0,0,1,1,1,1,1,1,1,1,,
2383,102,49,6,102-49-6,02-REP,,,,,,,,,,,,,,,,,,0,1,0,1,0,0,0,0,0,0,0,0,0,0,1,0,0,1,1,,
2384,102,49,50,102-49-50,02-REP,,,,,,,,,,,,,,,,,,1,1,0,0,1,0,0,1,1,1,0,1,1,1,1,1,1,1,1,,
2385,102,49,49,102-49-49,02-REP,,,,,,,,,,,,,,,,,,1,1,0,0,1,0,0,1,1,1,0,1,1,1,1,1,1,1,1,,
2386,102,49,34,102-49-34,02-REP,,,,,,,,,,,,,,,,,,1,1,1,0,0,0,0,1,1,1,0,1,1,1,1,1,1,1,1,,
2387,102,49,22,102-49-22,02-REP,,,,,,,,,,,,,,,,,,1,1,1,0,0,0,0,1,0,1,0,1,1,1,1,1,1,1,1,,
2388,102,49,8,102-49-8,02-REP,,,,,,,,,,,,,,,,,,0,1,0,0,1,0,0,0,1,1,0,1,1,1,1,1,1,1,1,,
2389,102,49,37,102-49-37,02-REP,,,,,,,,,,,,,,,,,,0,1,0,1,0,0,0,1,1,0,0,1,1,1,1,1,1,1,1,,
2390,102,50,36,102-50-36,02-REP,,,,,,,,,,,,,,,,,,1,1,1,0,0,0,0,1,1,1,0,1,1,1,1,1,1,1,1,,
2391,102,50,35,102-50-35,01-DEM,0,1,1,0,0,0,1,0,0,0,1,0,0,0,1,,,,,,,,,,,,,,,,,,,,,,,
2392,102,50,22,102-50-22,01-DEM,0,1,1,0,0,0,1,0,1,1,0,0,1,0,1,,,,,,,,,,,,,,,,,,,,,,,
2393,102,50,11,102-50-11,01-DEM,0,1,1,0,0,0,1,0,1,1,1,0,0,0,1,,,,,,,,,,,,,,,,,,,,,,,
2394,102,50,1,102-50-1,02-REP,,,,,,,,,,,,,,,,,,1,0,0,0,1,0,0,1,1,0,1,1,1,0,1,1,1,1,1,,
2395,102,50,32,102-50-32,01-DEM,0,1,1,0,0,0,1,1,0,1,1,0,0,0,1,,,,,,,,,,,,,,,,,,,,,,,
2396,102,50,31,102-50-31,01-DEM,1,0,1,0,0,1,0,1,0,1,1,0,0,0,1,,,,,,,,,,,,,,,,,,,,,,,
2397,102,50,21,102-50-21,01-DEM,0,1,1,0,0,0,1,1,0,1,1,0,0,0,1,,,,,,,,,,,,,,,,,,,,,,,
2398,102,50,12,102-50-12,01-DEM,0,1,0,0,0,0,1,0,1,0,1,0,0,0,0,,,,,,,,,,,,,,,,,,,,,,,
2399,102,50,2,102-50-2,02-REP,,,,,,,,,,,,,,,,,,1,1,0,0,1,0,0,1,1,1,0,1,1,1,1,1,0,1,1,,
2400,102,50,46,102-50-46,01-DEM,0,1,1,0,0,0,1,0,1,1,0,0,1,0,1,,,,,,,,,,,,,,,,,,,,,,,
2401,102,50,45,102-50-45,02-REP,,,,,,,,,,,,,,,,,,1,1,0,1,0,0,0,1,1,0,0,1,1,1,1,1,1,1,1,,
2402,102,50,28,102-50-28,01-DEM,0,1,1,0,0,0,1,0,1,1,0,0,1,0,1,,,,,,,,,,,,,,,,,,,,,,,
2403,102,50,13,102-50-13,02-REP,,,,,,,,,,,,,,,,,,1,1,1,0,0,0,0,1,1,1,0,1,1,1,1,1,1,1,1,,
2404,102,50,6,102-50-6,01-DEM,0,1,1,0,0,1,0,0,1,0,0,0,1,0,0,,,,,,,,,,,,,,,,,,,,,,,
2405,102,50,34,102-50-34,01-DEM,0,1,1,0,0,0,1,0,1,1,1,0,0,0,1,,,,,,,,,,,,,,,,,,,,,,,
2406,102,50,33,102-50-33,01-DEM,1,0,1,0,0,1,0,1,0,1,0,1,0,0,1,,,,,,,,,,,,,,,,,,,,,,,
2407,102,50,23,102-50-23,01-DEM,0,1,1,0,0,0,1,0,1,1,1,0,0,0,1,,,,,,,,,,,,,,,,,,,,,,,
2408,102,50,14,102-50-14,01-DEM,1,0,0,0,0,0,1,0,1,0,0,0,1,0,0,,,,,,,,,,,,,,,,,,,,,,,
2409,102,50,7,102-50-7,02-REP,,,,,,,,,,,,,,,,,,1,1,1,0,0,0,0,1,1,0,1,1,1,1,1,1,1,1,1,,
2410,102,50,42,102-50-42,02-REP,,,,,,,,,,,,,,,,,,1,1,0,1,0,0,0,1,1,1,0,1,1,1,1,1,1,1,1,,
2411,102,50,41,102-50-41,01-DEM,1,0,0,0,0,0,1,0,0,0,0,0,1,0,0,,,,,,,,,,,,,,,,,,,,,,,
2412,102,50,15,102-50-15,01-DEM,1,0,1,0,0,1,0,0,1,1,0,0,1,0,1,,,,,,,,,,,,,,,,,,,,,,,
2413,102,50,9,102-50-9,02-REP,,,,,,,,,,,,,,,,,,1,1,0,1,0,0,0,1,1,1,0,1,1,1,1,1,1,1,1,,
2414,102,50,44,102-50-44,02-REP,,,,,,,,,,,,,,,,,,1,1,0,0,1,0,0,1,0,1,0,1,1,1,1,1,1,1,1,,
2415,102,50,43,102-50-43,02-REP,,,,,,,,,,,,,,,,,,1,1,0,1,0,0,0,1,1,0,1,1,1,1,1,1,1,1,1,,
2416,102,50,26,102-50-26,01-DEM,0,1,1,0,0,1,0,1,0,0,1,0,0,0,1,,,,,,,,,,,,,,,,,,,,,,,
2417,102,50,16,102-50-16,02-REP,,,,,,,,,,,,,,,,,,1,1,0,0,1,0,0,1,1,1,0,1,1,1,1,1,1,1,1,,
2418,102,50,10,102-50-10,02-REP,,,,,,,,,,,,,,,,,,1,1,0,1,0,0,0,1,1,1,0,1,1,1,1,1,1,1,1,,
2419,102,50,38,102-50-38,01-DEM,0,1,0,0,0,0,1,0,0,0,0,0,0,0,0,,,,,,,,,,,,,,,,,,,,,,,
2420,102,50,37,102-50-37,01-DEM,0,1,1,0,0,1,0,1,0,0,0,0,0,1,0,,,,,,,,,,,,,,,,,,,,,,,
2421,102,50,24,102-50-24,01-DEM,0,1,1,0,0,0,1,0,1,1,1,0,0,0,1,,,,,,,,,,,,,,,,,,,,,,,
2422,102,50,17,102-50-17,01-DEM,1,0,1,0,0,0,1,1,0,1,0,0,1,0,1,,,,,,,,,,,,,,,,,,,,,,,
2423,102,50,4,102-50-4,02-REP,,,,,,,,,,,,,,,,,,1,1,0,1,0,0,0,1,1,0,0,1,1,1,1,1,1,1,1,,
2424,102,50,40,102-50-40,01-DEM,0,1,1,0,0,1,0,1,0,1,1,0,0,0,1,,,,,,,,,,,,,,,,,,,,,,,
2425,102,50,39,102-50-39,01-DEM,0,1,1,0,0,0,1,0,0,1,0,0,1,0,1,,,,,,,,,,,,,,,,,,,,,,,
2426,102,50,25,102-50-25,01-DEM,0,1,1,0,0,0,1,0,1,0,1,0,0,0,1,,,,,,,,,,,,,,,,,,,,,,,
2427,102,50,18,102-50-18,01-DEM,1,0,1,0,0,1,0,1,0,1,1,0,0,0,1,,,,,,,,,,,,,,,,,,,,,,,
2428,102,50,3,102-50-3,02-REP,,,,,,,,,,,,,,,,,,1,1,0,0,1,0,0,1,1,0,1,1,1,1,1,1,1,1,1,,
2429,102,50,47,102-50-47,02-REP,,,,,,,,,,,,,,,,,,1,1,0,1,0,0,0,1,1,0,0,1,1,1,1,1,1,1,1,,
2430,102,50,29,102-50-29,01-DEM,0,1,0,0,0,1,0,1,0,1,1,0,0,0,1,,,,,,,,,,,,,,,,,,,,,,,
2431,102,50,19,102-50-19,02-REP,,,,,,,,,,,,,,,,,,0,0,0,0,1,0,0,0,0,1,0,0,1,0,1,0,0,1,1,,
2432,102,50,8,102-50-8,02-REP,,,,,,,,,,,,,,,,,,1,1,1,0,0,0,0,1,1,1,0,1,1,0,1,1,1,1,1,,
2433,102,50,30,102-50-30,01-DEM,0,1,1,0,0,0,1,1,0,1,1,0,0,0,1,,,,,,,,,,,,,,,,,,,,,,,
2434,102,50,20,102-50-20,02-REP,,,,,,,,,,,,,,,,,,1,1,0,1,0,0,0,1,1,1,0,1,1,1,1,1,1,1,1,,
2435,102,50,5,102-50-5,01-DEM,0,1,1,0,0,0,1,0,1,1,1,0,0,0,1,,,,,,,,,,,,,,,,,,,,,,,
2436,102,50,27,102-50-27,01-DEM,0,0,0,0,0,0,0,0,0,0,0,0,0,0,0,,,,,,,,,,,,,,,,,,,,,,,
2437,102,51,32,102-51-32,02-REP,,,,,,,,,,,,,,,,,,1,1,0,1,0,0,0,1,1,1,0,1,1,1,1,1,1,1,1,,
2438,102,51,31,102-51-31,01-DEM,0,1,1,0,0,1,0,0,1,1,1,0,0,0,1,,,,,,,,,,,,,,,,,,,,,,,
2439,102,51,20,102-51-20,02-REP,,,,,,,,,,,,,,,,,,1,1,0,1,0,0,0,1,1,1,0,1,1,1,1,1,1,1,1,,
2440,102,51,11,102-51-11,02-REP,,,,,,,,,,,,,,,,,,1,1,0,1,0,0,0,1,1,1,0,1,1,1,1,1,1,1,1,,
2441,102,51,5,102-51-5,01-DEM,0,1,1,0,0,0,1,0,1,1,1,0,0,0,1,,,,,,,,,,,,,,,,,,,,,,,
2442,102,51,34,102-51-34,01-DEM,0,1,1,0,0,0,1,1,0,1,0,0,1,0,1,,,,,,,,,,,,,,,,,,,,,,,
2443,102,51,33,102-51-33,01-DEM,0,1,1,0,0,0,1,1,0,1,1,0,0,0,1,,,,,,,,,,,,,,,,,,,,,,,
2444,102,51,22,102-51-22,02-REP,,,,,,,,,,,,,,,,,,0,0,0,1,0,0,0,0,0,0,1,0,1,0,1,1,1,1,1,,
2445,102,51,12,102-51-12,02-REP,,,,,,,,,,,,,,,,,,1,1,0,1,0,0,0,1,1,1,0,1,1,1,1,1,1,1,1,,
2446,102,51,4,102-51-4,01-DEM,0,1,1,0,0,0,1,1,0,0,0,0,1,0,1,,,,,,,,,,,,,,,,,,,,,,,
2447,102,51,40,102-51-40,02-REP,,,,,,,,,,,,,,,,,,1,1,0,1,0,0,0,1,1,1,0,1,1,1,1,1,1,1,1,,
2448,102,51,39,102-51-39,01-DEM,0,1,1,0,0,0,1,1,0,1,0,1,0,0,1,,,,,,,,,,,,,,,,,,,,,,,
2449,102,51,23,102-51-23,01-DEM,0,1,1,0,0,0,1,1,0,1,0,0,0,0,1,,,,,,,,,,,,,,,,,,,,,,,
2450,102,51,13,102-51-13,02-REP,,,,,,,,,,,,,,,,,,1,1,0,0,1,0,0,1,1,0,1,1,1,1,1,1,1,1,1,,
2451,102,51,1,102-51-1,02-REP,,,,,,,,,,,,,,,,,,1,1,0,1,0,0,0,1,1,1,0,1,1,1,1,1,1,1,1,,
2452,102,51,42,102-51-42,01-DEM,0,1,1,0,0,0,1,0,1,1,1,0,0,0,1,,,,,,,,,,,,,,,,,,,,,,,
2453,102,51,41,102-51-41,02-REP,,,,,,,,,,,,,,,,,,1,1,0,0,1,0,0,1,1,1,0,1,1,0,1,1,1,1,1,,
2454,102,51,25,102-51-25,02-REP,,,,,,,,,,,,,,,,,,1,1,1,0,0,0,0,1,1,1,0,1,1,1,1,1,1,1,1,,
2455,102,51,14,102-51-14,02-REP,,,,,,,,,,,,,,,,,,1,1,0,1,0,0,0,1,1,0,1,1,1,1,1,1,1,1,1,,
2456,102,51,2,102-51-2,02-REP,,,,,,,,,,,,,,,,,,0,0,0,0,1,0,0,0,0,0,0,0,0,0,0,0,0,0,0,,
2457,102,51,44,102-51-44,02-REP,,,,,,,,,,,,,,,,,,1,1,0,1,0,0,0,1,1,1,0,1,1,1,1,1,1,1,1,,
2458,102,51,43,102-51-43,01-DEM,0,1,1,0,0,0,1,1,0,1,1,0,0,0,1,,,,,,,,,,,,,,,,,,,,,,,
2459,102,51,27,102-51-27,02-REP,,,,,,,,,,,,,,,,,,1,1,1,0,0,0,0,1,1,1,0,1,1,1,1,1,1,1,1,,
2460,102,51,15,102-51-15,02-REP,,,,,,,,,,,,,,,,,,1,1,0,0,1,0,0,1,1,1,0,1,1,1,1,1,1,1,1,,
2461,102,51,50,102-51-50,01-DEM,1,0,1,0,0,1,0,1,0,1,1,0,0,0,1,,,,,,,,,,,,,,,,,,,,,,,
2462,102,51,49,102-51-49,02-REP,,,,,,,,,,,,,,,,,,1,1,0,0,1,0,0,0,0,0,1,1,1,0,1,1,1,1,1,,
2463,102,51,28,102-51-28,02-REP,,,,,,,,,,,,,,,,,,1,1,0,1,0,0,0,1,1,0,1,1,1,1,1,1,1,1,1,,
2464,102,51,16,102-51-16,02-REP,,,,,,,,,,,,,,,,,,1,1,0,0,1,0,0,1,1,1,0,1,1,0,1,1,1,1,1,,
2465,102,51,8,102-51-8,01-DEM,0,1,1,0,0,0,1,1,0,1,1,0,0,0,1,,,,,,,,,,,,,,,,,,,,,,,
2466,102,51,46,102-51-46,02-REP,,,,,,,,,,,,,,,,,,1,1,0,0,1,0,0,1,1,0,1,1,1,1,1,1,1,1,1,,
2467,102,51,45,102-51-45,01-DEM,0,1,1,0,0,0,1,0,1,1,1,0,0,0,1,,,,,,,,,,,,,,,,,,,,,,,
2468,102,51,29,102-51-29,02-REP,,,,,,,,,,,,,,,,,,1,1,0,1,0,0,0,1,1,0,1,1,1,1,1,1,1,1,1,,
2469,102,51,17,102-51-17,02-REP,,,,,,,,,,,,,,,,,,1,1,0,1,0,0,0,1,1,1,0,1,1,1,1,1,1,1,1,,
2470,102,51,10,102-51-10,02-REP,,,,,,,,,,,,,,,,,,1,1,0,0,1,0,0,1,1,1,0,1,1,1,1,1,1,1,1,,
2471,102,51,48,102-51-48,02-REP,,,,,,,,,,,,,,,,,,1,1,0,0,1,0,0,1,1,0,1,1,1,1,1,1,1,1,1,,
2472,102,51,47,102-51-47,02-REP,,,,,,,,,,,,,,,,,,1,1,0,0,1,0,0,1,1,0,1,1,1,0,1,0,0,0,0,,
2473,102,51,30,102-51-30,02-REP,,,,,,,,,,,,,,,,,,1,1,0,0,1,0,0,0,0,0,1,1,1,0,1,0,0,0,0,,
2474,102,51,18,102-51-18,02-REP,,,,,,,,,,,,,,,,,,1,1,1,0,0,0,0,1,1,0,1,1,1,1,1,1,1,1,1,,
2475,102,51,9,102-51-9,01-DEM,0,1,1,0,0,0,1,0,1,1,0,0,0,1,1,,,,,,,,,,,,,,,,,,,,,,,
2476,102,51,36,102-51-36,01-DEM,0,1,0,0,0,0,1,0,1,1,1,0,0,0,1,,,,,,,,,,,,,,,,,,,,,,,
2477,102,51,35,102-51-35,01-DEM,0,1,0,0,0,1,0,0,0,0,1,0,0,0,0,,,,,,,,,,,,,,,,,,,,,,,
2478,102,51,24,102-51-24,02-REP,,,,,,,,,,,,,,,,,,1,1,0,1,0,0,0,1,1,1,0,1,1,1,1,1,1,1,1,,
2479,102,51,19,102-51-19,02-REP,,,,,,,,,,,,,,,,,,1,0,1,0,0,0,0,0,0,1,0,1,1,1,1,0,1,1,1,,
2480,102,51,3,102-51-3,02-REP,,,,,,,,,,,,,,,,,,1,0,0,0,1,0,0,1,1,1,0,0,1,1,1,1,1,1,1,,
2481,102,51,38,102-51-38,01-DEM,0,1,1,0,0,0,1,0,1,1,0,0,0,1,1,,,,,,,,,,,,,,,,,,,,,,,
2482,102,51,37,102-51-37,01-DEM,0,1,1,0,0,1,0,0,1,1,1,0,0,0,1,,,,,,,,,,,,,,,,,,,,,,,
2483,102,51,26,102-51-26,02-REP,,,,,,,,,,,,,,,,,,1,1,0,1,0,0,0,1,1,1,0,1,1,1,1,1,1,1,1,,
2484,102,51,21,102-51-21,02-REP,,,,,,,,,,,,,,,,,,1,1,0,1,0,0,0,1,1,1,0,1,1,1,1,1,1,1,1,,
2485,102,51,7,102-51-7,02-REP,,,,,,,,,,,,,,,,,,0,0,0,0,1,0,0,0,0,1,0,0,1,0,1,0,0,0,0,,
2486,102,51,6,102-51-6,02-REP,,,,,,,,,,,,,,,,,,1,1,0,1,0,0,0,1,1,1,0,1,1,1,1,1,1,1,1,,
2487,102,52,38,102-52-38,02-REP,,,,,,,,,,,,,,,,,,1,1,0,1,0,0,0,1,1,1,0,1,1,1,1,1,1,1,1,,
2488,102,52,37,102-52-37,02-REP,,,,,,,,,,,,,,,,,,1,1,0,1,0,0,0,1,1,1,0,1,1,1,1,1,1,1,1,,
2489,102,52,24,102-52-24,02-REP,,,,,,,,,,,,,,,,,,1,1,1,0,0,0,0,1,1,1,0,1,1,0,1,1,1,1,1,,
2490,102,52,23,102-52-23,02-REP,,,,,,,,,,,,,,,,,,0,0,0,0,1,0,0,0,0,1,0,0,0,0,1,0,0,1,0,,
2491,102,52,17,102-52-17,02-REP,,,,,,,,,,,,,,,,,,1,1,0,1,0,0,0,1,1,1,0,1,1,1,1,1,1,1,1,,
2492,102,52,11,102-52-11,02-REP,,,,,,,,,,,,,,,,,,0,0,0,0,0,0,0,0,0,0,0,0,0,0,1,0,0,0,1,,
2493,102,52,2,102-52-2,02-REP,,,,,,,,,,,,,,,,,,1,1,1,0,0,0,0,1,1,1,0,1,1,0,1,1,1,1,1,,
2494,102,52,42,102-52-42,02-REP,,,,,,,,,,,,,,,,,,1,1,0,1,0,0,0,1,1,0,1,1,1,1,1,1,1,1,1,,
2495,102,52,41,102-52-41,02-REP,,,,,,,,,,,,,,,,,,1,1,0,1,0,0,0,1,1,1,0,1,1,1,1,1,1,1,1,,
2496,102,52,26,102-52-26,02-REP,,,,,,,,,,,,,,,,,,1,1,1,0,0,0,0,1,1,1,0,1,1,1,1,1,1,1,1,,
2497,102,52,25,102-52-25,02-REP,,,,,,,,,,,,,,,,,,0,0,1,0,0,0,0,0,0,0,0,0,0,0,0,0,0,0,0,,
2498,102,52,22,102-52-22,02-REP,,,,,,,,,,,,,,,,,,1,1,1,0,0,0,0,1,1,0,1,1,1,1,1,1,1,1,1,,
2499,102,52,12,102-52-12,02-REP,,,,,,,,,,,,,,,,,,1,1,0,0,1,0,0,1,1,1,0,1,1,1,1,1,1,1,1,,
2500,102,52,10,102-52-10,02-REP,,,,,,,,,,,,,,,,,,1,1,0,1,0,0,0,1,1,0,1,1,1,1,1,1,1,1,1,,
2501,102,52,36,102-52-36,02-REP,,,,,,,,,,,,,,,,,,1,1,0,0,1,0,0,1,1,0,1,1,1,1,1,1,1,1,1,,
2502,102,52,35,102-52-35,02-REP,,,,,,,,,,,,,,,,,,1,1,0,0,1,0,0,1,1,0,1,1,1,1,1,1,1,1,1,,
2503,102,52,27,102-52-27,02-REP,,,,,,,,,,,,,,,,,,1,1,0,1,0,0,0,1,1,0,0,1,1,1,1,1,1,1,1,,
2504,102,52,13,102-52-13,02-REP,,,,,,,,,,,,,,,,,,1,1,0,0,1,0,0,1,1,1,0,1,1,1,1,1,1,1,1,,
2505,102,52,1,102-52-1,02-REP,,,,,,,,,,,,,,,,,,1,1,0,0,1,0,0,1,1,0,1,1,1,1,1,1,1,1,1,,
2506,102,52,40,102-52-40,02-REP,,,,,,,,,,,,,,,,,,1,1,0,0,1,0,0,1,1,1,0,1,1,1,1,1,1,1,1,,
2507,102,52,39,102-52-39,02-REP,,,,,,,,,,,,,,,,,,1,1,1,0,0,0,0,1,1,1,0,1,1,1,1,1,1,0,1,,
2508,102,52,28,102-52-28,02-REP,,,,,,,,,,,,,,,,,,0,1,0,0,1,0,0,0,0,1,0,1,0,0,1,1,1,1,1,,
2509,102,52,14,102-52-14,02-REP,,,,,,,,,,,,,,,,,,1,1,0,0,0,0,0,1,1,0,0,0,0,1,1,0,0,0,0,,
2510,102,52,3,102-52-3,02-REP,,,,,,,,,,,,,,,,,,1,1,0,0,1,0,0,1,1,1,0,1,1,1,1,1,1,1,1,,
2511,102,52,46,102-52-46,02-REP,,,,,,,,,,,,,,,,,,1,1,0,0,1,0,0,1,1,1,0,1,1,1,1,1,1,1,1,,
2512,102,52,45,102-52-45,02-REP,,,,,,,,,,,,,,,,,,1,0,1,0,0,0,0,1,1,1,0,1,1,0,0,1,1,1,1,,
2513,102,52,30,102-52-30,02-REP,,,,,,,,,,,,,,,,,,1,1,0,0,1,0,0,1,1,1,0,1,1,1,1,1,1,1,1,,
2514,102,52,15,102-52-15,02-REP,,,,,,,,,,,,,,,,,,1,1,0,0,1,0,0,1,1,1,0,1,1,0,1,1,1,1,1,,
2515,102,52,5,102-52-5,02-REP,,,,,,,,,,,,,,,,,,1,1,0,0,1,0,0,0,1,1,0,1,1,1,1,1,1,1,1,,
2516,102,52,44,102-52-44,02-REP,,,,,,,,,,,,,,,,,,1,1,0,0,1,0,0,1,1,0,1,1,1,1,1,1,1,1,1,,
2517,102,52,43,102-52-43,02-REP,,,,,,,,,,,,,,,,,,1,1,0,1,0,0,0,1,1,1,0,1,1,1,1,1,1,0,1,,
2518,102,52,29,102-52-29,02-REP,,,,,,,,,,,,,,,,,,1,1,0,0,1,0,0,1,1,1,0,1,1,1,1,1,1,1,1,,
2519,102,52,16,102-52-16,02-REP,,,,,,,,,,,,,,,,,,1,1,0,1,0,0,0,1,1,1,0,1,1,1,1,1,1,1,1,,
2520,102,52,8,102-52-8,02-REP,,,,,,,,,,,,,,,,,,0,0,0,0,1,0,0,0,0,0,0,0,0,0,0,0,0,0,0,,
2521,102,52,34,102-52-34,02-REP,,,,,,,,,,,,,,,,,,0,0,0,0,1,0,0,0,0,1,0,0,0,0,0,0,0,0,0,,
2522,102,52,18,102-52-18,02-REP,,,,,,,,,,,,,,,,,,1,1,0,0,1,0,0,1,1,1,0,1,1,1,1,1,1,1,1,,
2523,102,52,9,102-52-9,02-REP,,,,,,,,,,,,,,,,,,1,1,1,0,0,0,0,1,1,1,0,1,1,1,1,1,1,1,1,,
2524,102,52,48,102-52-48,02-REP,,,,,,,,,,,,,,,,,,1,0,1,0,0,0,0,1,1,1,0,1,1,1,1,1,1,1,1,,
2525,102,52,47,102-52-47,02-REP,,,,,,,,,,,,,,,,,,1,1,0,1,0,0,0,1,1,0,0,1,1,1,1,1,1,1,1,,
2526,102,52,31,102-52-31,02-REP,,,,,,,,,,,,,,,,,,1,1,0,0,1,0,0,1,1,0,1,1,1,1,1,1,1,1,1,,
2527,102,52,19,102-52-19,02-REP,,,,,,,,,,,,,,,,,,1,1,0,0,1,0,0,1,1,1,0,1,1,1,1,1,1,1,1,,
2528,102,52,4,102-52-4,02-REP,,,,,,,,,,,,,,,,,,1,0,0,0,1,0,0,0,1,1,0,1,1,1,1,1,0,1,1,,
2529,102,52,33,102-52-33,02-REP,,,,,,,,,,,,,,,,,,1,1,0,0,1,0,0,1,1,0,1,1,1,1,1,1,1,1,1,,
2530,102,52,20,102-52-20,02-REP,,,,,,,,,,,,,,,,,,0,0,0,0,1,0,0,0,0,0,1,0,0,0,0,0,0,0,0,,
2531,102,52,6,102-52-6,02-REP,,,,,,,,,,,,,,,,,,1,1,1,0,0,0,0,1,1,0,1,1,1,1,1,1,1,1,1,,
2532,102,52,50,102-52-50,02-REP,,,,,,,,,,,,,,,,,,0,1,0,1,0,0,0,1,0,0,0,1,1,1,1,1,1,1,1,,
2533,102,52,49,102-52-49,02-REP,,,,,,,,,,,,,,,,,,1,1,1,0,0,0,0,1,1,0,1,1,1,1,1,1,1,1,1,,
2534,102,52,32,102-52-32,02-REP,,,,,,,,,,,,,,,,,,0,0,0,0,1,0,0,0,0,1,0,0,0,0,0,0,0,0,0,,
2535,102,52,21,102-52-21,02-REP,,,,,,,,,,,,,,,,,,0,0,0,0,0,0,0,0,0,0,0,0,0,0,1,0,0,0,1,,
2536,102,52,7,102-52-7,02-REP,,,,,,,,,,,,,,,,,,1,1,0,0,1,0,0,1,1,1,0,1,1,1,1,1,1,1,1,,
2537,102,53,21,102-53-21,01-DEM,0,1,1,0,0,0,1,0,1,1,0,0,1,0,1,,,,,,,,,,,,,,,,,,,,,,,
2538,102,53,11,102-53-11,01-DEM,0,1,1,0,0,1,0,1,0,1,1,0,0,0,1,,,,,,,,,,,,,,,,,,,,,,,
2539,102,53,1,102-53-1,02-REP,,,,,,,,,,,,,,,,,,0,0,0,0,0,0,0,0,0,0,0,0,0,0,1,0,1,1,0,,
2540,102,53,22,102-53-22,02-REP,,,,,,,,,,,,,,,,,,1,1,0,0,1,0,0,1,1,0,1,1,1,1,1,1,1,1,1,,
2541,102,53,12,102-53-12,01-DEM,0,1,1,0,0,0,1,0,1,1,0,0,1,0,1,,,,,,,,,,,,,,,,,,,,,,,
2542,102,53,2,102-53-2,01-DEM,0,0,0,0,0,0,0,0,0,0,0,0,1,0,0,,,,,,,,,,,,,,,,,,,,,,,
2543,102,53,23,102-53-23,01-DEM,0,1,1,0,0,0,1,1,0,1,1,0,0,0,1,,,,,,,,,,,,,,,,,,,,,,,
2544,102,53,13,102-53-13,02-REP,,,,,,,,,,,,,,,,,,1,1,0,0,1,0,0,1,1,1,0,1,1,1,1,1,1,1,1,,
2545,102,53,3,102-53-3,01-DEM,1,0,1,0,0,1,0,1,0,1,1,0,0,0,1,,,,,,,,,,,,,,,,,,,,,,,
2546,102,53,14,102-53-14,02-REP,,,,,,,,,,,,,,,,,,1,1,0,1,0,0,0,1,1,1,0,1,1,1,1,1,1,1,1,,
2547,102,53,4,102-53-4,02-REP,,,,,,,,,,,,,,,,,,1,1,0,1,0,0,0,1,1,0,1,1,1,0,1,1,1,1,1,,
2548,102,53,27,102-53-27,02-REP,,,,,,,,,,,,,,,,,,1,1,1,0,0,0,0,1,1,1,0,1,1,1,1,1,1,1,1,,
2549,102,53,15,102-53-15,02-REP,,,,,,,,,,,,,,,,,,1,1,0,0,1,0,0,1,1,1,0,1,1,1,1,1,1,1,1,,
2550,102,53,5,102-53-5,02-REP,,,,,,,,,,,,,,,,,,1,1,0,0,1,0,0,1,1,1,0,1,1,1,1,1,1,1,1,,
2551,102,53,24,102-53-24,01-DEM,0,1,1,0,0,1,0,1,0,1,0,0,1,0,1,,,,,,,,,,,,,,,,,,,,,,,
2552,102,53,16,102-53-16,01-DEM,0,1,1,0,0,0,1,0,1,1,0,0,1,0,1,,,,,,,,,,,,,,,,,,,,,,,
2553,102,53,10,102-53-10,01-DEM,1,0,1,0,0,1,0,0,1,1,1,0,0,0,1,,,,,,,,,,,,,,,,,,,,,,,
2554,102,53,25,102-53-25,02-REP,,,,,,,,,,,,,,,,,,1,1,0,1,0,0,0,1,1,0,1,1,1,1,1,1,1,1,1,,
2555,102,53,17,102-53-17,01-DEM,0,1,1,0,0,1,0,1,0,1,0,0,1,0,1,,,,,,,,,,,,,,,,,,,,,,,
2556,102,53,7,102-53-7,02-REP,,,,,,,,,,,,,,,,,,1,1,0,1,0,0,0,1,1,0,1,1,1,1,1,1,1,1,1,,
2557,102,53,26,102-53-26,02-REP,,,,,,,,,,,,,,,,,,1,1,0,1,0,0,0,1,1,0,1,1,1,1,1,1,1,1,1,,
2558,102,53,18,102-53-18,01-DEM,0,1,0,0,0,1,0,1,0,0,0,1,0,0,0,,,,,,,,,,,,,,,,,,,,,,,
2559,102,53,9,102-53-9,02-REP,,,,,,,,,,,,,,,,,,1,1,0,0,1,0,0,1,1,1,0,1,1,1,1,1,1,1,1,,
2560,102,53,19,102-53-19,02-REP,,,,,,,,,,,,,,,,,,1,1,0,0,1,0,0,1,1,1,0,1,1,1,1,1,1,1,1,,
2561,102,53,6,102-53-6,02-REP,,,,,,,,,,,,,,,,,,1,1,0,1,0,0,0,1,1,1,0,1,1,1,1,1,1,1,1,,
2562,102,53,8,102-53-8,02-REP,,,,,,,,,,,,,,,,,,1,1,0,1,0,0,0,1,1,0,1,1,1,0,0,0,0,0,0,,
2563,102,53,20,102-53-20,01-DEM,1,0,0,0,0,1,0,1,0,1,1,0,0,0,1,,,,,,,,,,,,,,,,,,,,,,,
2564,102,54,37,102-54-37,02-REP,,,,,,,,,,,,,,,,,,1,1,0,0,1,0,0,1,1,1,0,1,1,1,1,1,1,1,1,,
2565,102,54,36,102-54-36,02-REP,,,,,,,,,,,,,,,,,,1,1,0,0,1,0,0,1,1,0,1,1,1,1,1,1,1,1,1,,
2566,102,54,20,102-54-20,02-REP,,,,,,,,,,,,,,,,,,1,1,0,0,1,0,0,1,1,1,0,1,1,1,1,1,1,1,1,,
2567,102,54,11,102-54-11,02-REP,,,,,,,,,,,,,,,,,,1,0,0,0,1,0,0,1,1,1,0,1,1,1,1,1,1,1,1,,
2568,102,54,1,102-54-1,02-REP,,,,,,,,,,,,,,,,,,0,0,0,0,1,0,0,1,1,0,1,1,1,1,1,1,1,1,1,,
2569,102,54,35,102-54-35,02-REP,,,,,,,,,,,,,,,,,,1,1,0,1,0,0,0,1,1,1,0,1,1,1,1,1,1,1,1,,
2570,102,54,34,102-54-34,02-REP,,,,,,,,,,,,,,,,,,1,1,1,0,0,0,0,1,1,0,1,1,1,1,1,1,1,1,1,,
2571,102,54,21,102-54-21,02-REP,,,,,,,,,,,,,,,,,,1,1,0,1,0,0,0,1,1,1,0,1,1,1,1,1,1,1,1,,
2572,102,54,12,102-54-12,02-REP,,,,,,,,,,,,,,,,,,1,1,0,1,0,0,0,1,1,0,1,1,1,1,1,1,1,1,1,,
2573,102,54,2,102-54-2,02-REP,,,,,,,,,,,,,,,,,,1,1,0,1,0,0,0,1,1,1,0,1,1,1,1,1,1,1,1,,
2574,102,54,39,102-54-39,02-REP,,,,,,,,,,,,,,,,,,1,1,0,0,1,0,0,1,1,0,1,1,1,1,1,1,1,1,1,,
2575,102,54,38,102-54-38,02-REP,,,,,,,,,,,,,,,,,,0,1,0,0,1,0,0,1,1,0,1,1,1,1,1,1,1,1,1,,
2576,102,54,23,102-54-23,02-REP,,,,,,,,,,,,,,,,,,1,1,0,0,1,0,0,1,1,0,1,1,1,1,1,1,1,1,1,,
2577,102,54,13,102-54-13,02-REP,,,,,,,,,,,,,,,,,,1,1,1,0,0,0,0,1,1,0,1,1,1,1,1,1,1,1,1,,
2578,102,54,3,102-54-3,02-REP,,,,,,,,,,,,,,,,,,1,0,0,1,0,0,0,0,0,0,0,1,1,0,0,0,0,0,0,,
2579,102,54,50,102-54-50,02-REP,,,,,,,,,,,,,,,,,,1,1,0,1,0,0,0,1,1,0,1,1,1,1,1,1,1,1,1,,
2580,102,54,49,102-54-49,02-REP,,,,,,,,,,,,,,,,,,1,0,0,0,1,0,0,1,1,0,0,1,1,1,1,1,1,1,1,,
2581,102,54,31,102-54-31,02-REP,,,,,,,,,,,,,,,,,,1,1,0,1,0,0,0,1,1,1,0,1,1,1,1,1,1,1,1,,
2582,102,54,30,102-54-30,02-REP,,,,,,,,,,,,,,,,,,0,0,0,0,1,0,0,0,0,0,1,0,0,0,1,1,1,1,1,,
2583,102,54,22,102-54-22,02-REP,,,,,,,,,,,,,,,,,,1,1,0,1,0,0,0,1,1,1,0,1,1,1,1,1,1,1,1,,
2584,102,54,14,102-54-14,02-REP,,,,,,,,,,,,,,,,,,1,1,0,0,1,0,0,1,1,0,1,1,1,1,1,1,1,1,1,,
2585,102,54,9,102-54-9,02-REP,,,,,,,,,,,,,,,,,,0,0,0,1,0,0,0,0,0,1,0,0,0,0,0,0,0,0,0,,
2586,102,54,48,102-54-48,02-REP,,,,,,,,,,,,,,,,,,1,1,0,1,0,0,0,1,1,1,0,1,1,1,1,1,1,1,1,,
2587,102,54,47,102-54-47,02-REP,,,,,,,,,,,,,,,,,,0,1,0,1,0,0,0,1,1,1,0,1,1,1,1,1,1,1,1,,
2588,102,54,26,102-54-26,02-REP,,,,,,,,,,,,,,,,,,1,1,0,1,0,0,0,1,1,1,0,1,1,1,1,1,1,1,1,,
2589,102,54,7,102-54-7,02-REP,,,,,,,,,,,,,,,,,,1,1,0,0,1,0,0,1,1,1,0,1,1,1,1,1,1,0,1,,
2590,102,54,42,102-54-42,02-REP,,,,,,,,,,,,,,,,,,0,0,1,0,0,0,0,0,0,0,1,0,0,0,0,0,0,0,0,,
2591,102,54,41,102-54-41,02-REP,,,,,,,,,,,,,,,,,,1,1,1,0,0,0,0,1,1,0,1,1,1,1,1,1,1,1,1,,
2592,102,54,28,102-54-28,02-REP,,,,,,,,,,,,,,,,,,1,1,0,0,0,0,0,0,1,0,0,0,1,1,1,1,1,1,1,,
2593,102,54,16,102-54-16,02-REP,,,,,,,,,,,,,,,,,,1,1,0,1,0,0,0,1,1,1,0,1,1,1,1,0,1,1,1,,
2594,102,54,5,102-54-5,02-REP,,,,,,,,,,,,,,,,,,1,1,1,0,0,0,0,1,1,0,1,1,1,1,1,1,1,1,1,,
2595,102,54,46,102-54-46,02-REP,,,,,,,,,,,,,,,,,,1,1,0,0,1,0,0,1,1,1,0,1,1,1,1,1,1,1,1,,
2596,102,54,45,102-54-45,02-REP,,,,,,,,,,,,,,,,,,0,0,0,0,1,0,0,0,0,0,1,0,0,0,1,1,1,1,1,,
2597,102,54,29,102-54-29,02-REP,,,,,,,,,,,,,,,,,,0,0,0,0,1,0,0,0,0,0,0,0,0,1,1,1,1,1,1,,
2598,102,54,17,102-54-17,02-REP,,,,,,,,,,,,,,,,,,1,1,0,1,0,0,0,1,1,1,0,1,1,1,1,1,1,1,1,,
2599,102,54,8,102-54-8,02-REP,,,,,,,,,,,,,,,,,,0,0,0,1,0,0,0,0,0,0,0,0,0,0,0,0,1,1,1,,
2600,102,54,33,102-54-33,02-REP,,,,,,,,,,,,,,,,,,1,1,0,1,0,0,0,1,1,0,1,1,1,1,1,1,1,1,1,,
2601,102,54,32,102-54-32,02-REP,,,,,,,,,,,,,,,,,,1,1,0,1,0,0,0,1,1,0,1,1,1,1,1,1,1,1,1,,
2602,102,54,24,102-54-24,02-REP,,,,,,,,,,,,,,,,,,1,1,0,0,1,0,0,1,1,1,0,1,1,1,1,1,1,1,1,,
2603,102,54,18,102-54-18,02-REP,,,,,,,,,,,,,,,,,,0,0,0,0,1,0,0,0,0,1,0,0,0,0,0,0,0,0,0,,
2604,102,54,4,102-54-4,02-REP,,,,,,,,,,,,,,,,,,1,1,0,1,0,0,0,1,1,0,1,1,1,1,1,1,1,1,1,,
2605,102,54,44,102-54-44,02-REP,,,,,,,,,,,,,,,,,,1,1,0,0,1,0,0,1,1,1,0,1,1,1,1,1,1,1,1,,
2606,102,54,43,102-54-43,02-REP,,,,,,,,,,,,,,,,,,1,1,0,1,0,0,0,1,1,0,1,1,1,1,1,1,1,1,1,,
2607,102,54,27,102-54-27,02-REP,,,,,,,,,,,,,,,,,,1,1,0,0,1,0,0,1,1,1,0,1,1,1,1,1,1,1,1,,
2608,102,54,19,102-54-19,02-REP,,,,,,,,,,,,,,,,,,1,1,0,1,0,0,0,1,1,1,0,1,1,1,1,1,1,1,1,,
2609,102,54,6,102-54-6,02-REP,,,,,,,,,,,,,,,,,,1,1,0,1,0,0,0,1,1,0,1,1,1,1,1,1,1,1,1,,
2610,102,54,40,102-54-40,02-REP,,,,,,,,,,,,,,,,,,1,1,0,1,0,0,0,1,1,1,0,1,1,1,1,1,1,0,1,,
2611,102,54,25,102-54-25,02-REP,,,,,,,,,,,,,,,,,,0,1,0,0,1,0,0,1,1,1,0,1,1,1,1,1,1,1,1,,
2612,102,54,10,102-54-10,02-REP,,,,,,,,,,,,,,,,,,1,1,0,0,1,0,0,1,1,0,1,1,1,1,1,1,1,1,1,,
2613,102,54,15,102-54-15,02-REP,,,,,,,,,,,,,,,,,,1,1,0,1,0,0,0,1,1,1,0,1,1,0,1,0,1,1,1,,
2614,102,55,42,102-55-42,01-DEM,0,1,0,0,0,1,0,0,0,0,1,0,0,0,0,,,,,,,,,,,,,,,,,,,,,,,
2615,102,55,41,102-55-41,01-DEM,0,1,1,0,0,0,1,1,0,1,0,1,0,0,1,,,,,,,,,,,,,,,,,,,,,,,
2616,102,55,26,102-55-26,01-DEM,0,1,0,0,0,0,1,0,1,0,0,0,0,1,0,,,,,,,,,,,,,,,,,,,,,,,
2617,102,55,11,102-55-11,02-REP,,,,,,,,,,,,,,,,,,1,1,0,1,0,0,0,1,1,1,0,1,1,1,1,1,1,1,1,,
2618,102,55,1,102-55-1,01-DEM,0,1,1,0,0,0,1,1,0,1,1,0,0,0,1,,,,,,,,,,,,,,,,,,,,,,,
2619,102,55,29,102-55-29,02-REP,,,,,,,,,,,,,,,,,,1,1,0,1,0,0,0,1,1,0,1,1,1,1,1,0,0,0,0,,
2620,102,55,28,102-55-28,02-REP,,,,,,,,,,,,,,,,,,0,0,0,0,1,0,0,0,0,1,0,0,0,0,0,0,0,0,0,,
2621,102,55,21,102-55-21,02-REP,,,,,,,,,,,,,,,,,,1,1,0,1,0,0,0,1,1,0,1,1,1,1,1,1,1,1,1,,
2622,102,55,12,102-55-12,02-REP,,,,,,,,,,,,,,,,,,1,1,0,0,1,0,0,1,1,1,0,1,1,1,1,1,1,1,1,,
2623,102,55,2,102-55-2,02-REP,,,,,,,,,,,,,,,,,,1,1,0,1,0,0,0,1,1,0,1,1,1,1,1,1,1,1,1,,
2624,102,55,34,102-55-34,01-DEM,1,0,1,0,0,0,1,1,0,1,1,0,0,0,1,,,,,,,,,,,,,,,,,,,,,,,
2625,102,55,33,102-55-33,01-DEM,0,1,1,0,0,1,0,0,1,1,0,0,1,0,1,,,,,,,,,,,,,,,,,,,,,,,
2626,102,55,22,102-55-22,02-REP,,,,,,,,,,,,,,,,,,1,1,1,0,0,0,0,1,1,0,0,1,1,1,1,1,1,1,1,,
2627,102,55,13,102-55-13,02-REP,,,,,,,,,,,,,,,,,,1,1,0,0,1,0,0,1,1,0,1,1,1,1,1,1,1,1,1,,
2628,102,55,5,102-55-5,02-REP,,,,,,,,,,,,,,,,,,1,1,0,1,0,0,0,1,1,1,0,1,1,1,1,1,1,1,1,,
2629,102,55,40,102-55-40,02-REP,,,,,,,,,,,,,,,,,,1,0,0,0,1,0,0,1,1,1,0,1,1,1,1,1,1,1,1,,
2630,102,55,39,102-55-39,01-DEM,0,1,1,0,0,0,1,0,1,1,1,0,0,0,1,,,,,,,,,,,,,,,,,,,,,,,
2631,102,55,24,102-55-24,02-REP,,,,,,,,,,,,,,,,,,0,0,0,0,1,0,0,1,1,1,0,1,1,1,1,0,0,0,0,,
2632,102,55,14,102-55-14,02-REP,,,,,,,,,,,,,,,,,,1,1,0,0,1,0,0,1,1,0,1,1,1,1,1,1,1,1,1,,
2633,102,55,3,102-55-3,02-REP,,,,,,,,,,,,,,,,,,1,1,0,1,0,0,0,1,1,1,0,1,1,1,1,1,1,1,1,,
2634,102,55,36,102-55-36,02-REP,,,,,,,,,,,,,,,,,,1,0,0,0,1,0,0,1,1,0,1,1,1,1,1,1,1,1,1,,
2635,102,55,35,102-55-35,01-DEM,0,1,1,0,0,0,1,0,1,1,1,0,0,0,1,,,,,,,,,,,,,,,,,,,,,,,
2636,102,55,23,102-55-23,02-REP,,,,,,,,,,,,,,,,,,1,1,1,0,0,0,0,1,1,1,0,1,1,1,1,1,1,1,1,,
2637,102,55,15,102-55-15,01-DEM,0,1,1,0,0,0,1,1,0,1,1,0,0,0,1,,,,,,,,,,,,,,,,,,,,,,,
2638,102,55,9,102-55-9,01-DEM,0,1,0,0,0,1,0,0,0,0,0,0,0,0,0,,,,,,,,,,,,,,,,,,,,,,,
2639,102,55,48,102-55-48,01-DEM,0,1,1,0,0,0,1,1,0,1,1,0,0,0,1,,,,,,,,,,,,,,,,,,,,,,,
2640,102,55,47,102-55-47,02-REP,,,,,,,,,,,,,,,,,,1,1,0,1,0,0,0,1,1,1,0,1,1,1,1,1,1,1,1,,
2641,102,55,25,102-55-25,02-REP,,,,,,,,,,,,,,,,,,1,1,0,1,0,0,0,1,1,0,1,1,1,1,1,1,1,1,1,,
2642,102,55,16,102-55-16,02-REP,,,,,,,,,,,,,,,,,,1,1,0,0,1,0,0,1,1,0,1,1,1,1,1,1,1,1,1,,
2643,102,55,10,102-55-10,02-REP,,,,,,,,,,,,,,,,,,1,1,0,1,0,0,0,1,1,1,0,1,1,1,1,1,1,1,1,,
2644,102,55,38,102-55-38,01-DEM,0,1,1,0,0,1,0,1,0,1,1,0,0,0,1,,,,,,,,,,,,,,,,,,,,,,,
2645,102,55,37,102-55-37,01-DEM,0,1,0,0,0,0,1,0,1,1,1,0,0,0,1,,,,,,,,,,,,,,,,,,,,,,,
2646,102,55,27,102-55-27,01-DEM,1,0,1,0,0,0,1,1,0,0,0,0,0,1,1,,,,,,,,,,,,,,,,,,,,,,,
2647,102,55,17,102-55-17,02-REP,,,,,,,,,,,,,,,,,,1,0,0,0,1,0,0,1,1,1,0,1,1,1,1,1,1,1,1,,
2648,102,55,7,102-55-7,02-REP,,,,,,,,,,,,,,,,,,1,1,0,1,0,0,0,1,1,0,1,1,1,1,1,1,1,1,1,,
2649,102,55,50,102-55-50,02-REP,,,,,,,,,,,,,,,,,,1,1,0,1,0,0,0,1,1,1,0,1,1,1,1,1,1,1,1,,
2650,102,55,49,102-55-49,02-REP,,,,,,,,,,,,,,,,,,0,1,0,0,1,0,0,1,1,0,0,1,1,1,1,1,1,1,1,,
2651,102,55,30,102-55-30,02-REP,,,,,,,,,,,,,,,,,,1,1,0,1,0,0,0,1,1,0,1,1,1,1,1,1,1,1,1,,
2652,102,55,18,102-55-18,02-REP,,,,,,,,,,,,,,,,,,1,1,0,0,1,0,0,1,1,1,0,1,1,0,1,1,1,1,1,,
2653,102,55,8,102-55-8,02-REP,,,,,,,,,,,,,,,,,,1,1,0,1,0,0,0,1,1,1,0,1,1,1,1,1,1,1,1,,
2654,102,55,46,102-55-46,01-DEM,0,1,0,0,0,0,1,1,0,0,0,0,0,1,0,,,,,,,,,,,,,,,,,,,,,,,
2655,102,55,45,102-55-45,02-REP,,,,,,,,,,,,,,,,,,0,0,0,0,1,0,0,0,0,0,0,0,1,0,1,0,0,1,1,,
2656,102,55,31,102-55-31,01-DEM,0,1,0,0,0,0,1,1,0,0,0,0,0,1,0,,,,,,,,,,,,,,,,,,,,,,,
2657,102,55,19,102-55-19,02-REP,,,,,,,,,,,,,,,,,,1,1,0,1,0,0,0,1,1,1,0,1,1,1,0,1,0,1,1,,
2658,102,55,4,102-55-4,01-DEM,1,0,0,0,0,1,0,1,0,0,0,0,0,1,0,,,,,,,,,,,,,,,,,,,,,,,
2659,102,55,44,102-55-44,01-DEM,0,1,1,0,0,0,1,1,0,1,1,0,0,0,1,,,,,,,,,,,,,,,,,,,,,,,
2660,102,55,43,102-55-43,02-REP,,,,,,,,,,,,,,,,,,1,1,0,0,1,0,0,1,1,1,0,1,1,1,1,0,0,0,0,,
2661,102,55,32,102-55-32,01-DEM,0,1,1,0,0,1,0,1,0,1,0,0,1,0,1,,,,,,,,,,,,,,,,,,,,,,,
2662,102,55,20,102-55-20,02-REP,,,,,,,,,,,,,,,,,,1,1,0,0,1,0,0,1,1,0,1,1,1,1,1,1,1,1,1,,
2663,102,55,6,102-55-6,01-DEM,0,1,1,0,0,0,1,0,1,1,1,0,0,0,1,,,,,,,,,,,,,,,,,,,,,,,
2664,102,56,35,102-56-35,02-REP,,,,,,,,,,,,,,,,,,1,1,0,1,0,0,0,1,1,1,0,1,1,1,1,1,1,1,1,,
2665,102,56,34,102-56-34,02-REP,,,,,,,,,,,,,,,,,,1,1,1,0,0,0,0,1,1,1,0,1,1,1,1,1,1,0,1,,
2666,102,56,20,102-56-20,01-DEM,0,1,1,0,0,0,1,1,0,1,1,0,0,0,1,,,,,,,,,,,,,,,,,,,,,,,
2667,102,56,11,102-56-11,01-DEM,0,1,1,0,0,0,1,0,1,1,0,1,0,0,0,,,,,,,,,,,,,,,,,,,,,,,
2668,102,56,1,102-56-1,01-DEM,0,1,1,0,0,1,0,0,1,1,0,1,0,0,1,,,,,,,,,,,,,,,,,,,,,,,
2669,102,56,33,102-56-33,02-REP,,,,,,,,,,,,,,,,,,1,1,0,0,1,0,0,1,1,1,0,1,1,1,1,1,1,1,1,,
2670,102,56,32,102-56-32,02-REP,,,,,,,,,,,,,,,,,,1,0,0,1,0,0,0,1,1,1,0,1,1,1,1,0,0,0,0,,
2671,102,56,22,102-56-22,01-DEM,0,1,0,0,0,0,1,1,0,0,1,0,0,0,0,,,,,,,,,,,,,,,,,,,,,,,
2672,102,56,12,102-56-12,01-DEM,0,1,1,0,0,0,1,1,0,1,0,0,1,0,1,,,,,,,,,,,,,,,,,,,,,,,
2673,102,56,2,102-56-2,01-DEM,0,1,1,0,0,0,1,1,0,1,0,0,1,0,1,,,,,,,,,,,,,,,,,,,,,,,
2674,102,56,31,102-56-31,02-REP,,,,,,,,,,,,,,,,,,1,1,0,1,0,0,0,1,1,1,0,1,1,1,1,1,1,1,1,,
2675,102,56,30,102-56-30,02-REP,,,,,,,,,,,,,,,,,,0,1,0,0,1,0,0,0,0,1,0,1,1,1,1,0,0,1,1,,
2676,102,56,21,102-56-21,01-DEM,0,1,1,0,0,0,1,1,0,1,1,0,0,0,1,,,,,,,,,,,,,,,,,,,,,,,
2677,102,56,13,102-56-13,01-DEM,0,1,1,0,0,0,1,0,1,1,1,0,0,0,1,,,,,,,,,,,,,,,,,,,,,,,
2678,102,56,5,102-56-5,01-DEM,1,0,0,0,0,1,0,1,0,0,1,0,0,0,0,,,,,,,,,,,,,,,,,,,,,,,
2679,102,56,37,102-56-37,02-REP,,,,,,,,,,,,,,,,,,1,1,0,1,0,0,0,1,1,1,0,1,1,1,1,1,1,1,1,,
2680,102,56,36,102-56-36,02-REP,,,,,,,,,,,,,,,,,,1,1,0,0,1,0,0,1,1,1,0,1,1,1,1,1,1,1,1,,
2681,102,56,23,102-56-23,01-DEM,0,1,1,0,0,1,0,1,0,1,1,0,0,0,1,,,,,,,,,,,,,,,,,,,,,,,
2682,102,56,14,102-56-14,01-DEM,0,0,0,0,0,0,1,0,0,0,0,1,0,0,0,,,,,,,,,,,,,,,,,,,,,,,
2683,102,56,8,102-56-8,01-DEM,0,1,1,0,0,0,1,0,1,1,1,0,0,0,1,,,,,,,,,,,,,,,,,,,,,,,
2684,102,56,39,102-56-39,02-REP,,,,,,,,,,,,,,,,,,1,1,0,0,1,0,0,1,1,1,0,1,1,1,1,1,1,1,1,,
2685,102,56,38,102-56-38,02-REP,,,,,,,,,,,,,,,,,,1,1,0,1,0,0,0,1,1,1,0,1,1,1,1,1,1,1,1,,
2686,102,56,24,102-56-24,01-DEM,0,1,1,0,0,0,1,1,0,1,0,0,1,0,1,,,,,,,,,,,,,,,,,,,,,,,
2687,102,56,15,102-56-15,01-DEM,0,1,1,0,0,0,1,0,1,1,0,1,0,0,1,,,,,,,,,,,,,,,,,,,,,,,
2688,102,56,6,102-56-6,01-DEM,1,0,1,0,0,0,1,1,0,1,1,0,0,0,1,,,,,,,,,,,,,,,,,,,,,,,
2689,102,56,29,102-56-29,02-REP,,,,,,,,,,,,,,,,,,1,1,0,1,0,0,0,1,1,1,0,1,1,1,1,1,1,1,1,,
2690,102,56,16,102-56-16,01-DEM,0,1,1,0,0,0,1,0,1,1,1,0,0,0,1,,,,,,,,,,,,,,,,,,,,,,,
2691,102,56,10,102-56-10,01-DEM,0,1,1,0,0,0,1,1,0,1,1,0,0,0,1,,,,,,,,,,,,,,,,,,,,,,,
2692,102,56,41,102-56-41,02-REP,,,,,,,,,,,,,,,,,,0,0,0,0,1,0,0,0,0,0,0,0,0,0,0,0,0,1,1,,
2693,102,56,40,102-56-40,02-REP,,,,,,,,,,,,,,,,,,0,1,0,0,1,0,0,0,0,0,0,0,1,0,1,1,0,1,1,,
2694,102,56,25,102-56-25,01-DEM,0,1,1,0,0,0,1,1,0,1,0,1,0,0,1,,,,,,,,,,,,,,,,,,,,,,,
2695,102,56,17,102-56-17,01-DEM,1,0,1,0,0,0,1,1,0,1,1,0,0,0,1,,,,,,,,,,,,,,,,,,,,,,,
2696,102,56,9,102-56-9,01-DEM,0,1,1,0,0,0,1,1,0,1,1,0,0,0,1,,,,,,,,,,,,,,,,,,,,,,,
2697,102,56,46,102-56-46,02-REP,,,,,,,,,,,,,,,,,,0,0,0,0,1,0,0,0,0,0,0,0,0,0,0,0,0,1,1,,
2698,102,56,45,102-56-45,02-REP,,,,,,,,,,,,,,,,,,1,1,0,0,1,0,0,1,1,1,0,1,1,1,1,1,1,1,1,,
2699,102,56,27,102-56-27,01-DEM,0,1,1,0,0,1,0,1,0,1,0,0,1,0,1,,,,,,,,,,,,,,,,,,,,,,,
2700,102,56,18,102-56-18,01-DEM,0,1,1,0,0,1,0,0,1,1,1,0,0,0,1,,,,,,,,,,,,,,,,,,,,,,,
2701,102,56,3,102-56-3,01-DEM,0,1,1,0,0,0,1,1,0,1,1,0,0,0,1,,,,,,,,,,,,,,,,,,,,,,,
2702,102,56,44,102-56-44,02-REP,,,,,,,,,,,,,,,,,,1,1,0,0,1,0,0,1,1,1,0,1,1,1,1,1,1,1,1,,
2703,102,56,43,102-56-43,02-REP,,,,,,,,,,,,,,,,,,0,1,0,1,0,0,0,0,0,1,0,0,0,0,0,0,0,0,0,,
2704,102,56,28,102-56-28,01-DEM,0,1,1,0,0,0,1,1,0,1,0,0,1,0,1,,,,,,,,,,,,,,,,,,,,,,,
2705,102,56,19,102-56-19,01-DEM,0,1,0,0,0,0,1,1,0,0,0,0,1,0,0,,,,,,,,,,,,,,,,,,,,,,,
2706,102,56,7,102-56-7,01-DEM,1,0,1,0,0,0,1,1,0,0,0,0,1,0,0,,,,,,,,,,,,,,,,,,,,,,,
2707,102,56,42,102-56-42,02-REP,,,,,,,,,,,,,,,,,,1,1,0,0,1,0,0,1,1,1,0,1,1,1,1,1,1,1,1,,
2708,102,56,4,102-56-4,01-DEM,0,1,1,0,0,1,0,1,0,1,1,0,0,0,1,,,,,,,,,,,,,,,,,,,,,,,
2709,102,56,26,102-56-26,01-DEM,0,1,1,0,0,1,0,0,1,1,0,0,1,0,1,,,,,,,,,,,,,,,,,,,,,,,
2710,102,57,32,102-57-32,02-REP,,,,,,,,,,,,,,,,,,0,0,0,0,1,0,0,0,0,0,0,0,0,1,1,1,0,1,1,,
2711,102,57,31,102-57-31,02-REP,,,,,,,,,,,,,,,,,,1,1,0,0,1,0,0,1,1,1,0,1,1,1,1,1,1,1,1,,
2712,102,57,21,102-57-21,02-REP,,,,,,,,,,,,,,,,,,0,0,0,1,0,0,0,0,0,1,0,0,1,0,0,0,1,1,1,,
2713,102,57,11,102-57-11,02-REP,,,,,,,,,,,,,,,,,,1,1,0,1,0,0,0,1,1,1,0,1,1,1,1,1,1,1,1,,
2714,102,57,1,102-57-1,02-REP,,,,,,,,,,,,,,,,,,1,1,0,0,1,0,0,1,1,1,0,1,1,1,1,1,1,1,1,,
2715,102,57,34,102-57-34,02-REP,,,,,,,,,,,,,,,,,,0,1,0,1,0,0,0,1,1,0,0,0,1,1,1,1,1,1,1,,
2716,102,57,33,102-57-33,02-REP,,,,,,,,,,,,,,,,,,1,1,0,0,1,0,0,1,1,1,0,1,1,1,1,1,1,1,1,,
2717,102,57,22,102-57-22,02-REP,,,,,,,,,,,,,,,,,,1,1,0,0,1,0,0,1,1,0,1,1,1,1,1,1,1,1,1,,
2718,102,57,12,102-57-12,02-REP,,,,,,,,,,,,,,,,,,1,1,0,1,0,0,0,1,1,0,1,1,1,1,1,1,1,1,1,,
2719,102,57,2,102-57-2,02-REP,,,,,,,,,,,,,,,,,,1,1,1,0,0,0,0,1,1,0,0,1,1,1,1,1,1,1,1,,
2720,102,57,36,102-57-36,02-REP,,,,,,,,,,,,,,,,,,0,1,0,0,0,0,0,1,1,0,0,1,1,1,1,1,1,1,1,,
2721,102,57,35,102-57-35,02-REP,,,,,,,,,,,,,,,,,,1,1,0,0,1,0,0,1,1,1,0,1,1,1,1,1,1,1,1,,
2722,102,57,23,102-57-23,02-REP,,,,,,,,,,,,,,,,,,1,1,0,1,0,0,0,1,1,1,0,1,1,1,1,1,1,1,1,,
2723,102,57,13,102-57-13,02-REP,,,,,,,,,,,,,,,,,,0,1,0,0,1,0,0,1,1,1,0,1,1,1,1,0,1,1,1,,
2724,102,57,3,102-57-3,02-REP,,,,,,,,,,,,,,,,,,1,1,0,0,1,0,0,1,1,1,0,1,1,1,1,1,1,1,1,,
2725,102,57,38,102-57-38,02-REP,,,,,,,,,,,,,,,,,,1,1,0,0,1,0,0,1,1,1,0,1,1,1,1,1,1,1,1,,
2726,102,57,37,102-57-37,02-REP,,,,,,,,,,,,,,,,,,1,1,0,0,1,0,0,1,1,1,0,1,1,1,1,1,1,1,1,,
2727,102,57,27,102-57-27,02-REP,,,,,,,,,,,,,,,,,,1,1,0,1,0,0,0,1,1,1,0,1,1,1,1,1,1,1,1,,
2728,102,57,14,102-57-14,02-REP,,,,,,,,,,,,,,,,,,1,1,0,1,0,0,0,1,1,1,0,1,1,1,1,1,1,1,1,,
2729,102,57,9,102-57-9,02-REP,,,,,,,,,,,,,,,,,,0,1,0,1,0,0,0,0,0,0,0,1,1,1,1,1,0,1,1,,
2730,102,57,40,102-57-40,02-REP,,,,,,,,,,,,,,,,,,1,1,1,0,0,0,0,1,1,1,0,1,1,1,1,1,1,1,1,,
2731,102,57,39,102-57-39,02-REP,,,,,,,,,,,,,,,,,,0,1,0,1,0,0,0,0,1,1,0,0,1,1,0,1,1,1,1,,
2732,102,57,28,102-57-28,02-REP,,,,,,,,,,,,,,,,,,1,1,0,1,0,0,0,1,1,0,1,1,1,1,1,1,1,1,1,,
2733,102,57,15,102-57-15,02-REP,,,,,,,,,,,,,,,,,,0,1,0,0,1,0,0,0,0,0,0,1,1,0,1,1,1,1,1,,
2734,102,57,7,102-57-7,02-REP,,,,,,,,,,,,,,,,,,0,1,0,1,0,0,0,1,1,1,0,1,1,1,1,1,1,1,1,,
2735,102,57,44,102-57-44,02-REP,,,,,,,,,,,,,,,,,,1,1,0,1,0,0,0,1,1,1,0,1,1,1,1,1,1,1,1,,
2736,102,57,43,102-57-43,02-REP,,,,,,,,,,,,,,,,,,1,1,0,1,0,0,0,1,1,1,0,1,1,1,1,1,1,1,1,,
2737,102,57,24,102-57-24,02-REP,,,,,,,,,,,,,,,,,,1,1,0,1,0,0,0,1,1,0,0,1,1,1,1,1,1,1,1,,
2738,102,57,16,102-57-16,02-REP,,,,,,,,,,,,,,,,,,1,1,1,0,0,0,0,1,1,1,0,1,1,1,1,1,1,1,1,,
2739,102,57,4,102-57-4,02-REP,,,,,,,,,,,,,,,,,,0,1,0,1,0,0,0,1,1,0,0,0,1,1,1,1,1,1,1,,
2740,102,57,48,102-57-48,02-REP,,,,,,,,,,,,,,,,,,0,1,0,0,1,0,0,1,1,1,0,1,1,1,1,1,1,1,1,,
2741,102,57,47,102-57-47,02-REP,,,,,,,,,,,,,,,,,,0,0,0,0,0,0,0,0,0,0,0,0,0,0,0,1,1,1,1,,
2742,102,57,30,102-57-30,02-REP,,,,,,,,,,,,,,,,,,1,1,0,1,0,0,0,1,1,1,0,1,1,1,1,1,1,1,1,,
2743,102,57,17,102-57-17,02-REP,,,,,,,,,,,,,,,,,,0,0,0,1,0,0,0,1,1,1,0,1,0,0,1,0,0,0,0,,
2744,102,57,10,102-57-10,02-REP,,,,,,,,,,,,,,,,,,1,1,0,0,1,0,0,1,1,1,0,1,1,1,1,1,1,1,1,,
2745,102,57,50,102-57-50,02-REP,,,,,,,,,,,,,,,,,,1,0,0,1,0,0,0,1,1,1,0,1,1,1,1,1,1,1,1,,
2746,102,57,49,102-57-49,02-REP,,,,,,,,,,,,,,,,,,0,1,0,0,1,0,0,1,1,1,0,1,1,1,1,1,1,1,1,,
2747,102,57,26,102-57-26,02-REP,,,,,,,,,,,,,,,,,,1,1,0,1,0,0,0,1,1,1,0,1,1,1,1,1,1,1,1,,
2748,102,57,18,102-57-18,02-REP,,,,,,,,,,,,,,,,,,0,0,1,0,0,0,0,0,0,0,1,0,0,0,0,0,0,0,0,,
2749,102,57,8,102-57-8,02-REP,,,,,,,,,,,,,,,,,,1,1,0,1,0,0,0,1,1,0,1,1,1,0,1,1,1,1,1,,
2750,102,57,42,102-57-42,02-REP,,,,,,,,,,,,,,,,,,1,0,0,0,1,0,0,1,1,1,0,1,1,1,1,1,1,1,1,,
2751,102,57,41,102-57-41,02-REP,,,,,,,,,,,,,,,,,,1,0,0,0,1,0,0,1,1,1,0,1,1,1,1,1,1,1,1,,
2752,102,57,25,102-57-25,02-REP,,,,,,,,,,,,,,,,,,1,1,1,0,0,0,0,1,1,1,0,1,1,1,1,1,1,1,1,,
2753,102,57,19,102-57-19,02-REP,,,,,,,,,,,,,,,,,,1,1,1,0,0,0,0,1,1,0,1,1,1,1,1,1,1,1,1,,
2754,102,57,6,102-57-6,02-REP,,,,,,,,,,,,,,,,,,0,1,0,1,0,0,0,0,0,0,0,1,1,1,1,1,0,1,1,,
2755,102,57,46,102-57-46,02-REP,,,,,,,,,,,,,,,,,,1,1,0,0,1,0,0,1,1,1,0,1,1,1,1,1,1,1,1,,
2756,102,57,45,102-57-45,02-REP,,,,,,,,,,,,,,,,,,0,0,0,0,1,0,0,0,0,0,0,0,0,0,1,0,1,1,1,,
2757,102,57,29,102-57-29,02-REP,,,,,,,,,,,,,,,,,,1,1,0,1,0,0,0,1,1,1,0,1,1,1,1,1,1,1,1,,
2758,102,57,20,102-57-20,02-REP,,,,,,,,,,,,,,,,,,1,1,1,0,0,0,0,1,1,0,1,1,1,1,1,1,1,1,1,,
2759,102,57,5,102-57-5,02-REP,,,,,,,,,,,,,,,,,,1,1,0,1,0,0,0,1,1,1,0,1,1,1,1,1,1,1,1,,
2760,102,58,54,102-58-54,01-DEM,0,1,1,0,0,0,1,0,1,1,1,0,0,0,1,,,,,,,,,,,,,,,,,,,,,,,
2761,102,58,53,102-58-53,01-DEM,0,1,0,0,0,0,1,0,0,0,1,0,0,0,0,,,,,,,,,,,,,,,,,,,,,,,
2762,102,58,31,102-58-31,02-REP,,,,,,,,,,,,,,,,,,1,1,1,0,0,0,0,1,1,0,1,1,1,1,1,1,1,1,1,,
2763,102,58,30,102-58-30,02-REP,,,,,,,,,,,,,,,,,,1,1,0,0,1,0,0,1,1,1,0,1,1,1,1,1,1,1,1,,
2764,102,58,20,102-58-20,01-DEM,1,0,1,0,0,1,0,1,0,1,0,1,0,0,1,,,,,,,,,,,,,,,,,,,,,,,
2765,102,58,11,102-58-11,02-REP,,,,,,,,,,,,,,,,,,0,0,1,0,0,0,0,0,0,0,1,0,0,0,0,0,0,0,0,,
2766,102,58,5,102-58-5,01-DEM,0,1,0,0,0,0,1,1,0,0,0,0,1,0,0,,,,,,,,,,,,,,,,,,,,,,,
2767,102,58,56,102-58-56,01-DEM,1,0,0,0,0,0,0,1,0,0,0,1,0,0,0,,,,,,,,,,,,,,,,,,,,,,,
2768,102,58,55,102-58-55,01-DEM,0,1,1,0,0,0,1,0,1,1,0,0,1,0,1,,,,,,,,,,,,,,,,,,,,,,,
2769,102,58,33,102-58-33,02-REP,,,,,,,,,,,,,,,,,,1,1,0,0,1,0,0,1,1,1,0,1,1,1,1,1,1,1,1,,
2770,102,58,32,102-58-32,02-REP,,,,,,,,,,,,,,,,,,1,1,0,0,1,0,0,1,1,1,0,1,1,1,1,1,1,1,1,,
2771,102,58,21,102-58-21,01-DEM,1,0,1,0,0,1,0,1,0,0,0,0,0,1,0,,,,,,,,,,,,,,,,,,,,,,,
2772,102,58,12,102-58-12,01-DEM,1,0,1,0,0,1,0,1,0,1,1,0,0,0,1,,,,,,,,,,,,,,,,,,,,,,,
2773,102,58,10,102-58-10,02-REP,,,,,,,,,,,,,,,,,,1,1,0,1,0,0,0,1,1,1,0,1,1,1,1,1,1,1,1,,
2774,102,58,58,102-58-58,01-DEM,0,1,1,0,0,0,1,0,1,1,1,0,0,0,1,,,,,,,,,,,,,,,,,,,,,,,
2775,102,58,57,102-58-57,01-DEM,1,0,1,0,0,1,0,0,0,0,1,0,0,0,1,,,,,,,,,,,,,,,,,,,,,,,
2776,102,58,35,102-58-35,02-REP,,,,,,,,,,,,,,,,,,1,0,0,0,1,0,0,1,1,0,1,1,1,1,1,1,1,1,1,,
2777,102,58,22,102-58-22,01-DEM,1,0,1,0,0,0,1,0,1,1,1,0,0,0,1,,,,,,,,,,,,,,,,,,,,,,,
2778,102,58,13,102-58-13,01-DEM,1,0,1,0,0,1,0,1,0,1,0,1,0,0,1,,,,,,,,,,,,,,,,,,,,,,,
2779,102,58,6,102-58-6,01-DEM,1,0,1,0,0,1,0,0,1,1,0,0,1,0,1,,,,,,,,,,,,,,,,,,,,,,,
2780,102,58,37,102-58-37,02-REP,,,,,,,,,,,,,,,,,,1,1,0,0,1,0,0,1,1,0,1,1,1,1,1,1,1,1,1,,
2781,102,58,36,102-58-36,02-REP,,,,,,,,,,,,,,,,,,1,1,0,1,0,0,0,0,0,1,0,0,0,1,1,1,0,1,0,,
2782,102,58,23,102-58-23,01-DEM,0,1,0,0,0,0,1,0,0,0,0,0,0,0,0,,,,,,,,,,,,,,,,,,,,,,,
2783,102,58,14,102-58-14,01-DEM,1,0,1,0,0,1,0,1,0,1,0,0,0,1,1,,,,,,,,,,,,,,,,,,,,,,,
2784,102,58,3,102-58-3,02-REP,,,,,,,,,,,,,,,,,,1,1,0,0,1,0,0,1,1,0,1,1,1,1,1,1,1,1,1,,
2785,102,58,39,102-58-39,02-REP,,,,,,,,,,,,,,,,,,1,1,0,1,0,0,0,1,1,1,0,1,1,1,1,1,1,1,1,,
2786,102,58,38,102-58-38,02-REP,,,,,,,,,,,,,,,,,,0,1,0,1,0,0,0,1,1,1,0,1,1,1,1,1,1,1,1,,
2787,102,58,24,102-58-24,01-DEM,1,0,0,0,0,1,0,1,0,0,0,1,0,0,0,,,,,,,,,,,,,,,,,,,,,,,
2788,102,58,15,102-58-15,01-DEM,0,1,0,0,0,0,1,0,0,0,0,0,1,0,0,,,,,,,,,,,,,,,,,,,,,,,
2789,102,58,8,102-58-8,01-DEM,1,0,1,0,0,0,0,1,0,0,1,0,0,0,0,,,,,,,,,,,,,,,,,,,,,,,
2790,102,58,41,102-58-41,02-REP,,,,,,,,,,,,,,,,,,1,1,0,0,1,0,0,1,1,1,0,1,1,1,1,1,1,1,1,,
2791,102,58,26,102-58-26,01-DEM,1,0,1,0,0,1,0,1,0,1,0,0,0,1,1,,,,,,,,,,,,,,,,,,,,,,,
2792,102,58,16,102-58-16,01-DEM,0,1,0,0,0,0,1,0,0,0,0,0,1,0,0,,,,,,,,,,,,,,,,,,,,,,,
2793,102,58,4,102-58-4,02-REP,,,,,,,,,,,,,,,,,,1,1,0,1,0,0,0,1,1,1,0,1,1,1,1,1,1,1,1,,
2794,102,58,46,102-58-46,01-DEM,1,0,1,0,0,0,0,0,1,1,0,1,0,0,1,,,,,,,,,,,,,,,,,,,,,,,
2795,102,58,45,102-58-45,STATE-DEM,*,*,*,*,*,*,*,*,*,*,*,*,*,*,*,*,*,*,*,*,*,*,*,*,*,*,*,*,*,*,*,*,*,*,*,*,*,*
2796,102,58,28,102-58-28,02-REP,,,,,,,,,,,,,,,,,,0,0,0,0,1,0,0,1,1,1,0,1,1,1,1,1,1,1,1,,
2797,102,58,17,102-58-17,02-REP,,,,,,,,,,,,,,,,,,0,0,0,0,1,0,0,0,0,0,0,0,0,0,0,0,0,0,0,,
2798,102,58,1,102-58-1,01-DEM,1,0,1,0,0,1,0,0,1,0,0,1,0,0,1,,,,,,,,,,,,,,,,,,,,,,,
2799,102,58,52,102-58-52,01-DEM,0,1,1,0,0,0,1,0,1,1,0,0,1,0,1,,,,,,,,,,,,,,,,,,,,,,,
2800,102,58,51,102-58-51,01-DEM,0,1,1,0,0,0,1,1,0,1,1,0,0,0,1,,,,,,,,,,,,,,,,,,,,,,,
2801,102,58,44,102-58-44,01-DEM,1,0,0,0,0,1,0,0,1,0,0,0,0,1,0,,,,,,,,,,,,,,,,,,,,,,,
2802,102,58,43,102-58-43,01-DEM,1,0,1,0,0,1,0,1,0,0,1,0,0,0,0,,,,,,,,,,,,,,,,,,,,,,,
2803,102,58,27,102-58-27,01-DEM,1,0,0,0,0,0,1,0,1,0,0,0,1,0,0,,,,,,,,,,,,,,,,,,,,,,,
2804,102,58,18,102-58-18,01-DEM,0,1,0,0,0,0,1,0,0,0,1,0,0,0,0,,,,,,,,,,,,,,,,,,,,,,,
2805,102,58,9,102-58-9,02-REP,,,,,,,,,,,,,,,,,,0,0,0,1,0,0,0,0,0,0,1,0,0,0,0,0,0,1,1,,
2806,102,58,48,102-58-48,02-REP,,,,,,,,,,,,,,,,,,1,1,0,0,1,0,0,1,1,0,1,1,1,1,1,1,1,1,1,,
2807,102,58,47,102-58-47,02-REP,,,,,,,,,,,,,,,,,,1,1,1,0,0,0,0,1,1,1,0,1,1,1,1,1,1,1,1,,
2808,102,58,29,102-58-29,02-REP,,,,,,,,,,,,,,,,,,1,1,0,0,1,0,0,1,1,1,0,1,1,1,1,1,1,1,1,,
2809,102,58,19,102-58-19,02-REP,,,,,,,,,,,,,,,,,,1,1,0,0,1,0,0,1,1,1,0,1,1,0,1,0,0,1,1,,
2810,102,58,7,102-58-7,01-DEM,1,0,1,0,0,1,0,1,0,1,0,0,0,1,1,,,,,,,,,,,,,,,,,,,,,,,
2811,102,58,50,102-58-50,02-REP,,,,,,,,,,,,,,,,,,0,1,0,1,0,0,0,0,0,1,0,1,0,0,1,1,1,1,1,,
2812,102,58,40,102-58-40,02-REP,,,,,,,,,,,,,,,,,,1,1,0,0,1,0,0,1,1,1,0,1,1,1,1,1,1,1,1,,
2813,102,58,25,102-58-25,01-DEM,0,1,1,0,0,1,0,1,0,1,0,0,1,0,1,,,,,,,,,,,,,,,,,,,,,,,
2814,102,58,2,102-58-2,01-DEM,1,0,0,0,0,1,0,1,0,0,0,1,0,0,0,,,,,,,,,,,,,,,,,,,,,,,
2815,102,58,42,102-58-42,STATE-UNI,*,*,*,*,*,*,*,*,*,*,*,*,*,*,*,*,*,*,*,*,*,*,*,*,*,*,*,*,*,*,*,*,*,*,*,*,*,*
2816,102,58,34,102-58-34,02-REP,,,,,,,,,,,,,,,,,,0,0,0,0,0,0,0,0,0,0,0,0,0,0,0,0,0,1,1,,
2817,102,58,49,102-58-49,02-REP,,,,,,,,,,,,,,,,,,1,1,0,0,0,0,0,1,1,1,0,1,1,1,1,1,1,1,1,,
2818,102,59,34,102-59-34,01-DEM,1,0,0,0,0,0,0,1,0,0,0,0,0,0,0,,,,,,,,,,,,,,,,,,,,,,,
2819,102,59,33,102-59-33,02-REP,,,,,,,,,,,,,,,,,,0,1,0,1,0,0,0,0,0,1,0,0,0,0,0,0,0,0,0,,
2820,102,59,22,102-59-22,02-REP,,,,,,,,,,,,,,,,,,1,1,0,0,1,0,0,1,1,0,1,1,1,1,1,1,1,1,1,,
2821,102,59,11,102-59-11,01-DEM,0,1,1,0,0,1,0,0,1,1,0,0,0,0,1,,,,,,,,,,,,,,,,,,,,,,,
2822,102,59,3,102-59-3,02-REP,,,,,,,,,,,,,,,,,,1,1,1,0,0,0,0,1,1,1,0,1,1,1,1,1,1,1,1,,
2823,102,59,31,102-59-31,02-REP,,,,,,,,,,,,,,,,,,0,1,0,0,1,0,0,1,1,1,0,1,1,1,1,1,1,1,1,,
2824,102,59,30,102-59-30,02-REP,,,,,,,,,,,,,,,,,,0,0,0,0,1,0,0,0,0,0,1,1,1,1,1,0,0,1,1,,
2825,102,59,21,102-59-21,02-REP,,,,,,,,,,,,,,,,,,1,1,0,0,1,0,0,1,1,1,0,1,1,1,1,1,1,1,1,,
2826,102,59,12,102-59-12,02-REP,,,,,,,,,,,,,,,,,,1,1,0,1,0,0,0,1,1,1,0,1,1,1,1,1,1,1,1,,
2827,102,59,2,102-59-2,02-REP,,,,,,,,,,,,,,,,,,1,0,0,0,1,0,0,0,0,0,0,0,0,1,1,0,1,1,0,,
2828,102,59,50,102-59-50,02-REP,,,,,,,,,,,,,,,,,,1,0,1,0,0,0,0,1,1,0,1,1,1,1,1,1,1,1,1,,
2829,102,59,32,102-59-32,02-REP,,,,,,,,,,,,,,,,,,1,1,0,0,1,0,0,1,1,1,0,1,1,1,1,1,1,1,1,,
2830,102,59,13,102-59-13,02-REP,,,,,,,,,,,,,,,,,,1,1,0,1,0,0,0,1,1,0,1,1,1,1,1,1,1,1,1,,
2831,102,59,7,102-59-7,02-REP,,,,,,,,,,,,,,,,,,1,1,1,0,0,0,0,1,1,0,1,1,1,1,1,1,1,1,1,,
2832,102,59,38,102-59-38,02-REP,,,,,,,,,,,,,,,,,,0,0,0,0,1,0,0,0,0,0,1,1,1,0,0,0,0,1,1,,
2833,102,59,37,102-59-37,02-REP,,,,,,,,,,,,,,,,,,0,0,0,1,0,0,0,0,0,1,0,0,0,0,0,0,0,0,0,,
2834,102,59,26,102-59-26,01-DEM,0,1,1,0,0,1,0,0,1,1,0,0,1,0,1,,,,,,,,,,,,,,,,,,,,,,,
2835,102,59,14,102-59-14,02-REP,,,,,,,,,,,,,,,,,,1,1,0,1,0,0,0,1,1,0,1,1,1,1,1,1,1,1,1,,
2836,102,59,8,102-59-8,02-REP,,,,,,,,,,,,,,,,,,0,1,0,1,0,0,0,1,1,1,0,1,1,1,1,1,1,1,1,,
2837,102,59,42,102-59-42,02-REP,,,,,,,,,,,,,,,,,,1,1,0,0,1,0,0,1,1,1,0,1,1,1,1,1,1,1,1,,
2838,102,59,41,102-59-41,02-REP,,,,,,,,,,,,,,,,,,1,1,0,1,0,0,0,1,1,0,0,1,1,1,1,1,1,1,1,,
2839,102,59,24,102-59-24,02-REP,,,,,,,,,,,,,,,,,,1,1,0,1,0,0,0,1,1,0,1,1,1,1,1,1,1,1,1,,
2840,102,59,15,102-59-15,01-DEM,0,1,0,0,0,1,0,0,1,0,1,0,0,0,0,,,,,,,,,,,,,,,,,,,,,,,
2841,102,59,46,102-59-46,02-REP,,,,,,,,,,,,,,,,,,0,0,1,0,0,0,0,0,0,1,0,0,0,0,0,0,1,1,0,,
2842,102,59,45,102-59-45,02-REP,,,,,,,,,,,,,,,,,,1,1,0,1,0,0,0,1,1,1,0,1,1,1,1,1,1,1,1,,
2843,102,59,27,102-59-27,02-REP,,,,,,,,,,,,,,,,,,1,0,0,0,1,0,0,1,1,1,0,1,1,1,1,1,1,1,1,,
2844,102,59,16,102-59-16,01-DEM,0,1,1,0,0,1,0,0,1,1,1,0,0,0,1,,,,,,,,,,,,,,,,,,,,,,,
2845,102,59,9,102-59-9,02-REP,,,,,,,,,,,,,,,,,,1,0,0,0,1,0,0,1,1,0,1,0,1,1,1,1,1,1,1,,
2846,102,59,40,102-59-40,02-REP,,,,,,,,,,,,,,,,,,0,1,0,1,0,0,0,0,0,1,0,0,0,0,0,0,1,1,0,,
2847,102,59,39,102-59-39,02-REP,,,,,,,,,,,,,,,,,,1,1,0,0,1,0,0,1,1,1,0,1,1,1,1,1,1,1,1,,
2848,102,59,25,102-59-25,02-REP,,,,,,,,,,,,,,,,,,0,0,0,0,1,0,0,0,0,1,0,0,0,0,0,0,0,0,0,,
2849,102,59,17,102-59-17,01-DEM,0,1,1,0,0,0,1,0,1,1,1,0,0,0,1,,,,,,,,,,,,,,,,,,,,,,,
2850,102,59,4,102-59-4,02-REP,,,,,,,,,,,,,,,,,,1,1,1,0,0,0,0,1,1,0,1,1,1,1,1,1,1,1,1,,
2851,102,59,36,102-59-36,01-DEM,1,0,1,0,0,1,0,0,1,1,0,1,0,0,1,,,,,,,,,,,,,,,,,,,,,,,
2852,102,59,35,102-59-35,01-DEM,0,1,1,0,0,0,1,1,0,1,0,0,1,0,0,,,,,,,,,,,,,,,,,,,,,,,
2853,102,59,23,102-59-23,02-REP,,,,,,,,,,,,,,,,,,1,1,0,1,0,0,0,1,1,1,0,1,1,1,1,1,1,1,1,,
2854,102,59,18,102-59-18,02-REP,,,,,,,,,,,,,,,,,,1,1,0,0,1,0,0,1,1,1,0,1,1,1,1,1,1,1,1,,
2855,102,59,10,102-59-10,01-DEM,0,1,1,0,0,1,0,1,0,1,1,0,0,0,1,,,,,,,,,,,,,,,,,,,,,,,
2856,102,59,48,102-59-48,02-REP,,,,,,,,,,,,,,,,,,1,1,0,0,1,0,0,1,1,1,0,1,1,1,1,1,1,1,1,,
2857,102,59,47,102-59-47,02-REP,,,,,,,,,,,,,,,,,,1,1,0,0,1,0,0,1,1,1,0,1,1,1,1,1,1,1,1,,
2858,102,59,28,102-59-28,02-REP,,,,,,,,,,,,,,,,,,1,1,0,0,1,0,0,1,1,0,0,1,1,1,1,1,1,1,1,,
2859,102,59,19,102-59-19,01-DEM,0,1,1,0,0,0,1,0,1,1,1,0,0,0,1,,,,,,,,,,,,,,,,,,,,,,,
2860,102,59,5,102-59-5,02-REP,,,,,,,,,,,,,,,,,,1,1,0,1,0,0,0,1,1,1,0,1,1,1,1,1,1,1,1,,
2861,102,59,44,102-59-44,02-REP,,,,,,,,,,,,,,,,,,1,1,1,0,0,0,0,1,1,0,1,1,1,1,1,1,1,1,1,,
2862,102,59,43,102-59-43,02-REP,,,,,,,,,,,,,,,,,,0,0,0,0,1,0,0,0,0,0,1,1,1,0,0,0,0,0,0,,
2863,102,59,29,102-59-29,01-DEM,1,0,1,0,0,1,0,1,0,1,0,0,1,0,1,,,,,,,,,,,,,,,,,,,,,,,
2864,102,59,20,102-59-20,01-DEM,0,1,1,0,0,0,1,0,1,1,1,0,0,0,1,,,,,,,,,,,,,,,,,,,,,,,
2865,102,59,6,102-59-6,02-REP,,,,,,,,,,,,,,,,,,1,1,1,0,0,0,0,1,1,0,1,1,1,1,1,1,1,1,1,,
2866,102,59,1,102-59-1,02-REP,,,,,,,,,,,,,,,,,,0,0,0,0,0,0,0,0,0,0,0,0,0,0,0,0,0,0,0,,
2867,102,59,49,102-59-49,02-REP,,,,,,,,,,,,,,,,,,1,0,1,0,0,0,0,1,1,0,1,1,1,1,1,1,1,1,1,,
2868,102,60,54,102-60-54,01-DEM,0,1,1,0,0,1,0,1,0,1,1,0,0,0,1,,,,,,,,,,,,,,,,,,,,,,,
2869,102,60,53,102-60-53,02-REP,,,,,,,,,,,,,,,,,,0,0,0,1,0,0,0,0,0,1,0,0,0,0,0,0,0,0,0,,
2870,102,60,24,102-60-24,02-REP,,,,,,,,,,,,,,,,,,0,0,0,0,1,0,0,1,1,0,1,1,1,1,1,1,1,1,1,,
2871,102,60,23,102-60-23,02-REP,,,,,,,,,,,,,,,,,,1,1,0,0,1,0,0,1,1,1,0,1,1,1,1,1,1,1,1,,
2872,102,60,20,102-60-20,01-DEM,0,1,1,0,0,0,1,0,1,1,1,0,0,0,1,,,,,,,,,,,,,,,,,,,,,,,
2873,102,60,11,102-60-11,01-DEM,0,1,1,0,0,1,0,1,0,1,0,1,0,0,1,,,,,,,,,,,,,,,,,,,,,,,
2874,102,60,4,102-60-4,02-REP,,,,,,,,,,,,,,,,,,1,1,1,0,0,0,0,0,0,0,1,0,1,1,1,1,0,1,1,,
2875,102,60,44,102-60-44,02-REP,,,,,,,,,,,,,,,,,,1,1,0,0,1,0,0,1,1,1,0,1,1,1,1,1,1,1,1,,
2876,102,60,43,102-60-43,01-DEM,0,1,1,0,0,0,1,1,0,1,0,1,0,0,1,,,,,,,,,,,,,,,,,,,,,,,
2877,102,60,26,102-60-26,01-DEM,1,0,0,0,0,1,0,1,0,0,1,0,0,0,0,,,,,,,,,,,,,,,,,,,,,,,
2878,102,60,25,102-60-25,01-DEM,0,1,1,0,0,0,1,1,0,1,1,0,0,0,1,,,,,,,,,,,,,,,,,,,,,,,
2879,102,60,21,102-60-21,01-DEM,0,1,1,0,0,0,1,0,1,1,0,1,0,0,1,,,,,,,,,,,,,,,,,,,,,,,
2880,102,60,12,102-60-12,01-DEM,0,1,1,0,0,1,0,1,0,1,1,0,0,0,1,,,,,,,,,,,,,,,,,,,,,,,
2881,102,60,8,102-60-8,02-REP,,,,,,,,,,,,,,,,,,1,1,0,1,0,0,0,1,1,1,0,1,1,1,1,1,1,1,1,,
2882,102,60,46,102-60-46,01-DEM,0,1,1,0,0,0,1,1,0,1,1,0,0,0,1,,,,,,,,,,,,,,,,,,,,,,,
2883,102,60,45,102-60-45,02-REP,,,,,,,,,,,,,,,,,,1,1,0,1,0,0,0,1,1,1,0,1,1,1,1,1,1,1,1,,
2884,102,60,28,102-60-28,02-REP,,,,,,,,,,,,,,,,,,0,0,0,0,1,0,0,0,0,1,0,0,0,0,1,0,0,1,1,,
2885,102,60,13,102-60-13,02-REP,,,,,,,,,,,,,,,,,,1,1,0,0,1,0,0,1,1,1,0,1,0,1,1,1,1,1,1,,
2886,102,60,1,102-60-1,01-DEM,0,1,1,0,0,1,0,0,1,1,1,0,0,0,0,,,,,,,,,,,,,,,,,,,,,,,
2887,102,60,36,102-60-36,01-DEM,0,1,1,0,0,0,1,1,0,1,1,0,0,0,1,,,,,,,,,,,,,,,,,,,,,,,
2888,102,60,35,102-60-35,02-REP,,,,,,,,,,,,,,,,,,0,1,0,0,1,0,0,0,0,0,0,0,0,0,0,0,0,0,0,,
2889,102,60,27,102-60-27,01-DEM,0,1,1,0,0,0,1,1,0,1,1,0,0,0,1,,,,,,,,,,,,,,,,,,,,,,,
2890,102,60,14,102-60-14,02-REP,,,,,,,,,,,,,,,,,,1,1,1,0,0,0,0,1,1,1,0,1,1,0,1,1,1,1,1,,
2891,102,60,2,102-60-2,02-REP,,,,,,,,,,,,,,,,,,1,1,0,0,1,0,0,1,1,0,1,1,1,1,1,1,1,1,1,,
2892,102,60,40,102-60-40,02-REP,,,,,,,,,,,,,,,,,,1,1,0,0,1,0,0,1,1,1,0,1,1,0,1,1,1,1,1,,
2893,102,60,39,102-60-39,02-REP,,,,,,,,,,,,,,,,,,1,1,1,0,0,0,0,1,1,1,0,1,1,1,1,1,1,1,1,,
2894,102,60,30,102-60-30,02-REP,,,,,,,,,,,,,,,,,,1,1,0,0,1,0,0,1,1,1,0,1,1,1,1,1,1,1,1,,
2895,102,60,15,102-60-15,02-REP,,,,,,,,,,,,,,,,,,1,0,0,0,1,0,0,1,1,1,0,1,1,1,1,1,1,1,1,,
2896,102,60,5,102-60-5,01-DEM,0,1,1,0,0,0,1,0,1,1,1,0,0,0,1,,,,,,,,,,,,,,,,,,,,,,,
2897,102,60,38,102-60-38,01-DEM,0,1,1,0,0,0,1,1,0,1,0,1,0,0,1,,,,,,,,,,,,,,,,,,,,,,,
2898,102,60,37,102-60-37,02-REP,,,,,,,,,,,,,,,,,,1,1,0,0,1,0,0,1,1,0,1,1,1,1,1,1,1,1,1,,
2899,102,60,29,102-60-29,02-REP,,,,,,,,,,,,,,,,,,1,1,0,0,1,0,0,1,1,1,0,1,1,1,1,1,1,1,1,,
2900,102,60,16,102-60-16,02-REP,,,,,,,,,,,,,,,,,,1,1,1,0,0,0,0,1,1,1,0,1,1,1,1,1,1,1,1,,
2901,102,60,6,102-60-6,01-DEM,0,1,1,0,0,0,1,1,0,1,1,0,0,0,1,,,,,,,,,,,,,,,,,,,,,,,
2902,102,60,52,102-60-52,01-DEM,0,1,1,0,0,1,0,0,1,1,1,0,0,0,1,,,,,,,,,,,,,,,,,,,,,,,
2903,102,60,51,102-60-51,01-DEM,0,1,1,0,0,0,1,1,0,1,1,0,0,0,1,,,,,,,,,,,,,,,,,,,,,,,
2904,102,60,31,102-60-31,01-DEM,0,1,0,0,0,1,0,0,1,0,0,0,0,1,0,,,,,,,,,,,,,,,,,,,,,,,
2905,102,60,17,102-60-17,02-REP,,,,,,,,,,,,,,,,,,1,1,0,0,1,0,0,1,1,0,1,1,1,1,1,1,1,1,1,,
2906,102,60,7,102-60-7,02-REP,,,,,,,,,,,,,,,,,,1,1,0,1,0,0,0,1,1,0,1,1,1,1,1,1,1,1,1,,
2907,102,60,48,102-60-48,01-DEM,0,1,1,0,0,0,1,0,1,1,1,0,0,0,1,,,,,,,,,,,,,,,,,,,,,,,
2908,102,60,47,102-60-47,01-DEM,0,1,1,0,0,0,1,0,1,1,0,0,1,0,1,,,,,,,,,,,,,,,,,,,,,,,
2909,102,60,32,102-60-32,02-REP,,,,,,,,,,,,,,,,,,1,1,1,0,0,0,0,1,1,0,0,1,1,1,1,1,1,1,1,,
2910,102,60,18,102-60-18,02-REP,,,,,,,,,,,,,,,,,,1,1,1,0,0,0,0,1,1,1,0,1,1,1,1,1,1,1,1,,
2911,102,60,10,102-60-10,02-REP,,,,,,,,,,,,,,,,,,1,1,0,1,0,0,0,1,1,1,0,1,1,1,1,1,1,1,1,,
2912,102,60,50,102-60-50,01-DEM,0,1,1,0,0,1,0,1,0,1,1,0,0,0,1,,,,,,,,,,,,,,,,,,,,,,,
2913,102,60,49,102-60-49,01-DEM,0,1,1,0,0,0,1,1,0,1,1,0,0,0,1,,,,,,,,,,,,,,,,,,,,,,,
2914,102,60,33,102-60-33,02-REP,,,,,,,,,,,,,,,,,,1,1,1,0,0,0,0,1,1,1,0,1,1,0,1,1,1,1,1,,
2915,102,60,19,102-60-19,02-REP,,,,,,,,,,,,,,,,,,1,1,0,1,0,0,0,1,1,1,0,1,1,1,1,1,1,1,1,,
2916,102,60,3,102-60-3,02-REP,,,,,,,,,,,,,,,,,,1,1,0,0,1,0,0,1,1,0,1,1,1,1,1,1,1,1,1,,
2917,102,60,55,102-60-55,01-DEM,1,0,1,0,0,0,1,0,1,1,0,0,0,0,1,,,,,,,,,,,,,,,,,,,,,,,
2918,102,60,42,102-60-42,01-DEM,1,0,1,0,0,1,0,1,0,1,0,0,0,1,1,,,,,,,,,,,,,,,,,,,,,,,
2919,102,60,41,102-60-41,01-DEM,1,0,1,0,0,0,1,0,1,1,1,0,0,0,1,,,,,,,,,,,,,,,,,,,,,,,
2920,102,60,34,102-60-34,02-REP,,,,,,,,,,,,,,,,,,1,1,0,0,1,0,0,1,1,1,0,1,1,1,1,1,1,1,1,,
2921,102,60,22,102-60-22,02-REP,,,,,,,,,,,,,,,,,,1,1,0,0,1,0,0,1,1,1,0,1,1,1,1,1,1,1,1,,
2922,102,60,9,102-60-9,02-REP,,,,,,,,,,,,,,,,,,1,1,0,1,0,0,0,1,1,1,0,1,1,1,1,1,1,1,1,,
2923,102,61,36,102-61-36,02-REP,,,,,,,,,,,,,,,,,,1,1,0,1,0,0,0,1,1,0,1,1,1,1,1,1,1,1,1,,
2924,102,61,24,102-61-24,02-REP,,,,,,,,,,,,,,,,,,1,1,0,1,0,0,0,1,1,1,0,1,1,1,1,1,1,1,1,,
2925,102,61,23,102-61-23,02-REP,,,,,,,,,,,,,,,,,,1,1,0,1,0,0,0,1,1,0,1,1,1,1,1,1,1,1,1,,
2926,102,61,14,102-61-14,02-REP,,,,,,,,,,,,,,,,,,1,1,1,0,0,0,0,1,1,0,1,1,1,1,1,1,1,1,1,,
2927,102,61,11,102-61-11,02-REP,,,,,,,,,,,,,,,,,,1,0,1,0,0,0,0,1,1,0,1,1,1,1,1,1,1,1,1,,
2928,102,61,1,102-61-1,01-DEM,0,1,1,0,0,1,0,1,0,1,1,0,0,0,1,,,,,,,,,,,,,,,,,,,,,,,
2929,102,61,38,102-61-38,02-REP,,,,,,,,,,,,,,,,,,1,1,0,0,1,0,0,1,1,0,1,1,1,1,1,1,1,1,1,,
2930,102,61,37,102-61-37,02-REP,,,,,,,,,,,,,,,,,,1,0,0,0,1,0,0,1,0,1,0,1,1,1,1,1,1,1,1,,
2931,102,61,26,102-61-26,02-REP,,,,,,,,,,,,,,,,,,1,1,0,1,0,0,0,1,1,0,1,1,1,1,1,1,1,1,1,,
2932,102,61,25,102-61-25,02-REP,,,,,,,,,,,,,,,,,,1,1,0,0,1,0,0,1,1,0,1,1,1,1,1,1,1,1,1,,
2933,102,61,17,102-61-17,02-REP,,,,,,,,,,,,,,,,,,1,1,0,0,1,0,0,1,1,0,1,1,1,1,1,1,1,1,1,,
2934,102,61,12,102-61-12,02-REP,,,,,,,,,,,,,,,,,,1,1,1,0,0,0,0,1,0,1,0,1,1,1,1,1,1,1,1,,
2935,102,61,2,102-61-2,01-DEM,0,1,0,0,0,0,1,1,0,1,0,1,0,0,1,,,,,,,,,,,,,,,,,,,,,,,
2936,102,61,40,102-61-40,02-REP,,,,,,,,,,,,,,,,,,0,0,0,0,0,0,0,0,0,0,0,0,0,0,1,1,1,1,1,,
2937,102,61,39,102-61-39,02-REP,,,,,,,,,,,,,,,,,,0,0,1,0,0,0,0,0,0,1,0,0,0,0,0,0,0,0,0,,
2938,102,61,27,102-61-27,02-REP,,,,,,,,,,,,,,,,,,1,0,0,0,1,0,0,1,1,1,0,1,1,1,1,1,1,1,1,,
2939,102,61,13,102-61-13,02-REP,,,,,,,,,,,,,,,,,,1,0,0,0,1,0,0,1,1,1,0,1,1,1,1,1,1,1,1,,
2940,102,61,3,102-61-3,01-DEM,0,1,1,0,0,1,0,1,0,1,1,0,0,0,1,,,,,,,,,,,,,,,,,,,,,,,
2941,102,61,48,102-61-48,02-REP,,,,,,,,,,,,,,,,,,1,1,0,1,0,0,0,1,1,0,1,1,1,1,1,1,1,1,1,,
2942,102,61,47,102-61-47,02-REP,,,,,,,,,,,,,,,,,,1,1,1,0,0,0,0,1,1,0,1,1,1,1,1,1,1,1,1,,
2943,102,61,30,102-61-30,02-REP,,,,,,,,,,,,,,,,,,1,1,0,1,0,0,0,1,1,1,0,1,1,1,1,0,0,0,0,,
2944,102,61,15,102-61-15,02-REP,,,,,,,,,,,,,,,,,,1,1,0,1,0,0,0,1,1,1,0,1,1,1,1,1,1,1,1,,
2945,102,61,9,102-61-9,02-REP,,,,,,,,,,,,,,,,,,1,1,0,0,1,0,0,1,1,1,0,1,1,1,1,1,1,1,1,,
2946,102,61,42,102-61-42,02-REP,,,,,,,,,,,,,,,,,,1,1,0,0,1,0,0,1,1,0,1,1,1,1,1,1,1,1,1,,
2947,102,61,41,102-61-41,02-REP,,,,,,,,,,,,,,,,,,1,1,0,0,1,0,0,1,1,0,1,1,1,1,1,1,1,1,1,,
2948,102,61,28,102-61-28,02-REP,,,,,,,,,,,,,,,,,,1,1,0,1,0,0,0,1,1,1,0,1,1,1,1,1,1,1,1,,
2949,102,61,16,102-61-16,02-REP,,,,,,,,,,,,,,,,,,1,1,0,1,0,0,0,1,1,1,0,1,1,1,1,1,1,1,1,,
2950,102,61,8,102-61-8,02-REP,,,,,,,,,,,,,,,,,,1,1,1,0,0,0,0,1,1,1,0,1,1,1,1,1,1,1,1,,
2951,102,61,44,102-61-44,02-REP,,,,,,,,,,,,,,,,,,1,1,1,0,0,0,0,1,1,1,0,1,1,1,1,1,1,1,1,,
2952,102,61,43,102-61-43,02-REP,,,,,,,,,,,,,,,,,,1,1,0,1,0,0,0,1,1,0,1,1,1,1,1,1,1,1,1,,
2953,102,61,29,102-61-29,02-REP,,,,,,,,,,,,,,,,,,1,1,0,0,1,0,0,1,1,0,1,1,1,1,1,1,1,1,1,,
2954,102,61,5,102-61-5,02-REP,,,,,,,,,,,,,,,,,,1,1,0,1,0,0,0,1,1,1,0,1,1,1,1,1,1,1,1,,
2955,102,61,50,102-61-50,01-DEM,0,1,1,0,0,0,1,1,0,1,1,0,0,0,1,,,,,,,,,,,,,,,,,,,,,,,
2956,102,61,49,102-61-49,01-DEM,1,0,1,0,0,1,0,1,0,1,0,1,0,0,1,,,,,,,,,,,,,,,,,,,,,,,
2957,102,61,31,102-61-31,02-REP,,,,,,,,,,,,,,,,,,1,1,0,1,0,0,0,1,1,0,1,1,1,1,1,1,1,1,1,,
2958,102,61,19,102-61-19,02-REP,,,,,,,,,,,,,,,,,,1,1,0,1,0,0,0,1,1,0,1,1,1,1,1,1,1,1,1,,
2959,102,61,7,102-61-7,02-REP,,,,,,,,,,,,,,,,,,1,1,0,0,1,0,0,1,1,1,0,1,1,1,1,1,1,1,1,,
2960,102,61,33,102-61-33,02-REP,,,,,,,,,,,,,,,,,,1,1,0,1,0,0,0,1,1,0,0,1,1,1,1,1,1,1,1,,
2961,102,61,20,102-61-20,02-REP,,,,,,,,,,,,,,,,,,1,1,0,0,1,0,0,1,1,1,0,1,1,1,1,1,1,1,1,,
2962,102,61,10,102-61-10,02-REP,,,,,,,,,,,,,,,,,,1,1,1,0,0,0,0,1,1,1,0,1,1,1,1,1,1,1,1,,
2963,102,61,46,102-61-46,02-REP,,,,,,,,,,,,,,,,,,0,0,0,0,0,0,0,0,0,0,0,0,0,1,1,0,0,0,0,,
2964,102,61,45,102-61-45,02-REP,,,,,,,,,,,,,,,,,,1,0,0,0,1,0,0,1,0,1,0,1,1,1,1,1,1,1,1,,
2965,102,61,34,102-61-34,01-DEM,0,1,0,0,0,0,1,0,0,0,1,0,0,0,0,,,,,,,,,,,,,,,,,,,,,,,
2966,102,61,21,102-61-21,02-REP,,,,,,,,,,,,,,,,,,1,1,1,0,0,0,0,1,1,1,0,1,1,1,1,1,1,1,1,,
2967,102,61,4,102-61-4,02-REP,,,,,,,,,,,,,,,,,,0,0,0,1,0,0,0,0,0,0,0,0,0,0,0,0,0,0,0,,
2968,102,61,32,102-61-32,02-REP,,,,,,,,,,,,,,,,,,1,0,0,1,0,0,0,1,1,0,0,1,1,1,1,1,1,1,1,,
2969,102,61,22,102-61-22,02-REP,,,,,,,,,,,,,,,,,,1,1,0,0,1,0,0,1,1,0,0,1,1,1,1,1,0,0,1,,
2970,102,61,6,102-61-6,02-REP,,,,,,,,,,,,,,,,,,1,1,0,0,1,0,0,1,1,0,0,1,1,1,1,1,1,1,1,,
2971,102,61,18,102-61-18,02-REP,,,,,,,,,,,,,,,,,,1,1,0,1,0,0,0,1,1,0,1,1,1,1,1,1,1,1,1,,
2972,102,61,35,102-61-35,01-DEM,1,0,0,0,1,0,1,1,0,1,0,0,0,1,1,,,,,,,,,,,,,,,,,,,,,,,
2973,102,62,22,102-62-22,01-DEM,0,1,1,0,0,0,1,0,1,1,0,1,0,0,1,,,,,,,,,,,,,,,,,,,,,,,
2974,102,62,11,102-62-11,01-DEM,1,0,0,0,0,1,0,1,0,0,0,0,0,1,0,,,,,,,,,,,,,,,,,,,,,,,
2975,102,62,1,102-62-1,02-REP,,,,,,,,,,,,,,,,,,1,1,0,0,1,0,0,1,1,1,0,1,1,1,1,1,1,1,1,,
2976,102,62,23,102-62-23,01-DEM,1,0,1,0,0,1,0,1,0,1,1,0,0,0,1,,,,,,,,,,,,,,,,,,,,,,,
2977,102,62,12,102-62-12,01-DEM,0,1,1,0,0,0,1,1,0,1,1,0,0,0,1,,,,,,,,,,,,,,,,,,,,,,,
2978,102,62,24,102-62-24,01-DEM,0,1,1,0,0,0,1,1,0,1,0,0,1,0,1,,,,,,,,,,,,,,,,,,,,,,,
2979,102,62,13,102-62-13,01-DEM,0,1,1,0,0,0,1,1,0,1,1,0,0,0,1,,,,,,,,,,,,,,,,,,,,,,,
2980,102,62,2,102-62-2,02-REP,,,,,,,,,,,,,,,,,,0,1,0,0,1,0,0,1,1,0,1,1,1,1,1,1,1,1,1,,
2981,102,62,21,102-62-21,02-REP,,,,,,,,,,,,,,,,,,1,1,0,0,1,0,0,1,1,1,0,1,1,1,1,1,1,1,1,,
2982,102,62,10,102-62-10,01-DEM,1,0,1,0,0,1,0,1,0,1,0,0,0,1,1,,,,,,,,,,,,,,,,,,,,,,,
2983,102,62,25,102-62-25,01-DEM,1,0,1,0,0,1,0,1,0,1,1,0,0,0,1,,,,,,,,,,,,,,,,,,,,,,,
2984,102,62,15,102-62-15,01-DEM,1,0,1,0,0,1,0,1,0,1,0,0,1,0,1,,,,,,,,,,,,,,,,,,,,,,,
2985,102,62,3,102-62-3,01-DEM,0,1,1,0,0,0,1,1,0,1,1,0,0,0,1,,,,,,,,,,,,,,,,,,,,,,,
2986,102,62,26,102-62-26,02-REP,,,,,,,,,,,,,,,,,,1,1,0,0,1,0,0,1,1,0,1,1,1,1,1,1,1,1,1,,
2987,102,62,16,102-62-16,01-DEM,1,0,0,0,0,0,1,0,0,0,0,0,1,0,0,,,,,,,,,,,,,,,,,,,,,,,
2988,102,62,5,102-62-5,02-REP,,,,,,,,,,,,,,,,,,0,1,0,0,1,0,0,1,1,0,1,1,1,1,1,1,1,1,1,,
2989,102,62,27,102-62-27,02-REP,,,,,,,,,,,,,,,,,,1,0,0,1,0,0,0,1,1,1,0,1,1,1,1,1,1,1,1,,
2990,102,62,17,102-62-17,01-DEM,0,1,0,0,0,0,1,0,1,1,0,0,1,0,1,,,,,,,,,,,,,,,,,,,,,,,
2991,102,62,9,102-62-9,02-REP,,,,,,,,,,,,,,,,,,1,1,0,1,0,0,0,1,1,0,0,1,1,1,1,1,1,1,1,,
2992,102,62,29,102-62-29,01-DEM,0,1,0,0,0,0,1,0,0,0,0,0,0,0,0,,,,,,,,,,,,,,,,,,,,,,,
2993,102,62,18,102-62-18,02-REP,,,,,,,,,,,,,,,,,,1,1,0,1,0,0,0,1,1,1,0,1,1,1,1,1,1,1,1,,
2994,102,62,7,102-62-7,02-REP,,,,,,,,,,,,,,,,,,1,1,0,0,1,0,0,1,1,1,0,1,1,1,1,1,1,1,1,,
2995,102,62,30,102-62-30,01-DEM,1,0,1,0,0,1,0,1,0,1,0,1,0,0,1,,,,,,,,,,,,,,,,,,,,,,,
2996,102,62,19,102-62-19,02-REP,,,,,,,,,,,,,,,,,,1,1,1,0,0,0,0,1,1,1,0,1,1,1,1,1,1,1,1,,
2997,102,62,4,102-62-4,02-REP,,,,,,,,,,,,,,,,,,1,1,0,0,1,0,0,1,1,1,0,1,1,1,1,1,1,1,1,,
2998,102,62,28,102-62-28,02-REP,,,,,,,,,,,,,,,,,,1,1,1,0,0,0,0,1,1,0,1,1,1,1,1,1,1,1,1,,
2999,102,62,20,102-62-20,01-DEM,0,1,1,0,0,1,0,1,0,1,1,0,0,0,1,,,,,,,,,,,,,,,,,,,,,,,
3000,102,62,8,102-62-8,01-DEM,0,1,1,0,0,1,0,1,0,1,0,1,0,0,1,,,,,,,,,,,,,,,,,,,,,,,
3001,102,62,6,102-62-6,01-DEM,1,0,0,0,1,0,1,1,0,1,0,0,0,1,1,,,,,,,,,,,,,,,,,,,,,,,
3002,102,62,14,102-62-14,01-DEM,1,0,0,0,0,1,0,0,1,1,1,0,0,0,1,,,,,,,,,,,,,,,,,,,,,,,
3003,102,63,32,102-63-32,02-REP,,,,,,,,,,,,,,,,,,1,1,0,1,0,0,0,1,1,1,0,1,1,1,1,1,1,1,1,,
3004,102,63,31,102-63-31,02-REP,,,,,,,,,,,,,,,,,,1,1,1,0,0,0,0,1,1,0,1,1,1,1,1,1,1,1,1,,
3005,102,63,21,102-63-21,01-DEM,0,1,1,0,0,0,1,1,0,1,0,0,1,0,1,,,,,,,,,,,,,,,,,,,,,,,
3006,102,63,11,102-63-11,02-REP,,,,,,,,,,,,,,,,,,0,1,0,0,1,0,0,0,0,0,0,1,0,0,0,0,0,0,0,,
3007,102,63,1,102-63-1,02-REP,,,,,,,,,,,,,,,,,,0,1,0,0,1,0,0,1,1,0,1,1,1,1,1,1,1,1,1,,
3008,102,63,36,102-63-36,01-DEM,0,1,1,0,0,0,1,1,0,1,1,0,0,0,1,,,,,,,,,,,,,,,,,,,,,,,
3009,102,63,35,102-63-35,02-REP,,,,,,,,,,,,,,,,,,1,1,0,0,1,0,0,1,1,1,0,1,1,1,1,1,1,1,1,,
3010,102,63,24,102-63-24,02-REP,,,,,,,,,,,,,,,,,,1,1,0,0,1,0,0,1,1,0,1,1,1,1,0,1,1,1,1,,
3011,102,63,12,102-63-12,02-REP,,,,,,,,,,,,,,,,,,1,1,0,0,1,0,0,1,1,1,0,1,1,1,1,1,1,1,1,,
3012,102,63,3,102-63-3,02-REP,,,,,,,,,,,,,,,,,,1,1,0,1,0,0,0,1,1,1,0,1,1,1,1,1,1,1,1,,
3013,102,63,42,102-63-42,02-REP,,,,,,,,,,,,,,,,,,1,1,0,1,0,0,0,1,1,0,1,1,1,1,1,1,1,1,1,,
3014,102,63,41,102-63-41,02-REP,,,,,,,,,,,,,,,,,,1,1,1,0,0,0,0,1,1,0,1,1,1,1,1,1,1,1,1,,
3015,102,63,26,102-63-26,02-REP,,,,,,,,,,,,,,,,,,1,1,0,0,1,0,0,1,1,0,1,1,1,1,1,1,1,1,1,,
3016,102,63,13,102-63-13,01-DEM,0,1,1,0,0,1,0,0,0,1,1,0,0,0,1,,,,,,,,,,,,,,,,,,,,,,,
3017,102,63,2,102-63-2,02-REP,,,,,,,,,,,,,,,,,,1,1,0,0,1,0,0,1,1,0,1,1,1,1,1,1,1,1,1,,
3018,102,63,48,102-63-48,02-REP,,,,,,,,,,,,,,,,,,1,1,0,0,0,0,0,1,1,1,0,1,1,1,1,1,1,1,1,,
3019,102,63,47,102-63-47,02-REP,,,,,,,,,,,,,,,,,,1,1,0,0,1,0,0,1,1,1,0,1,1,1,1,1,1,1,1,,
3020,102,63,30,102-63-30,02-REP,,,,,,,,,,,,,,,,,,1,1,0,0,1,0,0,1,1,1,0,1,1,1,1,1,1,1,1,,
3021,102,63,14,102-63-14,01-DEM,1,0,1,0,0,1,0,1,0,1,1,0,0,0,1,,,,,,,,,,,,,,,,,,,,,,,
3022,102,63,6,102-63-6,02-REP,,,,,,,,,,,,,,,,,,1,1,0,0,1,0,0,1,1,0,1,1,1,1,1,1,1,1,1,,
3023,102,63,34,102-63-34,01-DEM,0,1,0,0,0,0,1,1,0,0,1,0,0,0,0,,,,,,,,,,,,,,,,,,,,,,,
3024,102,63,33,102-63-33,01-DEM,1,0,1,0,0,1,0,1,0,1,1,0,0,0,0,,,,,,,,,,,,,,,,,,,,,,,
3025,102,63,22,102-63-22,01-DEM,1,0,1,0,0,0,1,0,1,1,0,0,1,0,1,,,,,,,,,,,,,,,,,,,,,,,
3026,102,63,15,102-63-15,01-DEM,0,1,1,0,0,0,1,1,0,0,1,0,0,0,0,,,,,,,,,,,,,,,,,,,,,,,
3027,102,63,38,102-63-38,02-REP,,,,,,,,,,,,,,,,,,1,1,0,0,1,0,0,1,1,0,1,1,1,1,1,1,1,1,1,,
3028,102,63,37,102-63-37,02-REP,,,,,,,,,,,,,,,,,,1,1,0,0,1,0,0,1,1,1,0,1,1,1,1,1,1,1,1,,
3029,102,63,23,102-63-23,02-REP,,,,,,,,,,,,,,,,,,0,1,0,0,1,0,0,0,0,0,0,1,0,0,0,0,0,1,1,,
3030,102,63,16,102-63-16,01-DEM,1,0,0,0,0,1,0,0,1,0,0,1,0,0,0,,,,,,,,,,,,,,,,,,,,,,,
3031,102,63,4,102-63-4,02-REP,,,,,,,,,,,,,,,,,,1,1,0,0,1,0,0,1,1,1,0,1,1,1,1,1,1,1,1,,
3032,102,63,44,102-63-44,02-REP,,,,,,,,,,,,,,,,,,0,1,0,0,1,0,0,1,1,1,0,1,1,1,1,1,1,1,1,,
3033,102,63,43,102-63-43,02-REP,,,,,,,,,,,,,,,,,,1,1,0,1,0,0,0,1,1,0,1,1,1,1,1,0,0,0,0,,
3034,102,63,27,102-63-27,02-REP,,,,,,,,,,,,,,,,,,1,1,0,0,1,0,0,1,1,0,1,1,1,1,1,1,1,1,1,,
3035,102,63,17,102-63-17,01-DEM,0,1,1,0,0,0,1,0,1,1,0,1,0,0,1,,,,,,,,,,,,,,,,,,,,,,,
3036,102,63,8,102-63-8,02-REP,,,,,,,,,,,,,,,,,,1,1,0,0,1,0,0,1,1,0,1,1,1,1,1,1,1,1,1,,
3037,102,63,40,102-63-40,02-REP,,,,,,,,,,,,,,,,,,1,1,1,0,0,0,0,1,1,0,1,1,1,1,1,1,1,1,1,,
3038,102,63,39,102-63-39,01-DEM,0,1,0,0,0,0,1,0,0,1,0,0,1,0,0,,,,,,,,,,,,,,,,,,,,,,,
3039,102,63,25,102-63-25,02-REP,,,,,,,,,,,,,,,,,,1,1,0,0,1,0,0,1,1,0,1,1,1,1,1,1,1,1,1,,
3040,102,63,18,102-63-18,01-DEM,0,1,1,0,0,0,1,0,1,1,0,0,1,0,1,,,,,,,,,,,,,,,,,,,,,,,
3041,102,63,9,102-63-9,02-REP,,,,,,,,,,,,,,,,,,0,1,0,0,1,0,0,0,0,1,0,0,1,0,0,1,1,1,1,,
3042,102,63,50,102-63-50,01-DEM,0,1,1,0,0,1,0,0,1,1,0,0,0,1,1,,,,,,,,,,,,,,,,,,,,,,,
3043,102,63,49,102-63-49,01-DEM,1,0,1,0,0,1,0,0,1,1,0,1,0,0,1,,,,,,,,,,,,,,,,,,,,,,,
3044,102,63,29,102-63-29,02-REP,,,,,,,,,,,,,,,,,,1,1,0,0,1,0,0,1,1,0,1,1,1,1,1,1,1,1,1,,
3045,102,63,19,102-63-19,01-DEM,0,1,1,0,0,1,0,0,0,1,1,0,0,0,1,,,,,,,,,,,,,,,,,,,,,,,
3046,102,63,5,102-63-5,02-REP,,,,,,,,,,,,,,,,,,1,1,0,1,0,0,0,1,1,0,1,1,1,1,1,1,1,1,1,,
3047,102,63,46,102-63-46,02-REP,,,,,,,,,,,,,,,,,,1,1,0,0,1,0,0,1,1,1,0,1,1,1,1,1,1,1,1,,
3048,102,63,45,102-63-45,02-REP,,,,,,,,,,,,,,,,,,1,1,1,0,0,0,0,1,1,0,1,1,1,1,1,1,1,1,1,,
3049,102,63,28,102-63-28,02-REP,,,,,,,,,,,,,,,,,,1,1,1,0,0,0,0,1,1,0,1,1,1,1,1,1,1,1,1,,
3050,102,63,20,102-63-20,01-DEM,1,0,1,0,0,1,0,0,1,1,0,0,1,0,1,,,,,,,,,,,,,,,,,,,,,,,
3051,102,63,7,102-63-7,02-REP,,,,,,,,,,,,,,,,,,1,1,0,1,0,0,0,1,1,1,0,1,1,1,1,1,1,1,1,,
3052,102,63,10,102-63-10,02-REP,,,,,,,,,,,,,,,,,,1,1,0,1,0,0,0,1,1,1,0,1,1,1,1,1,1,1,1,,
3053,102,64,34,102-64-34,02-REP,,,,,,,,,,,,,,,,,,1,1,0,0,1,0,0,1,1,1,0,1,1,1,1,1,1,1,1,,
3054,102,64,33,102-64-33,02-REP,,,,,,,,,,,,,,,,,,0,0,0,0,1,0,0,0,0,1,0,1,1,1,1,1,1,1,1,,
3055,102,64,22,102-64-22,02-REP,,,,,,,,,,,,,,,,,,0,0,0,0,1,0,0,0,0,1,0,0,0,0,0,0,0,0,0,,
3056,102,64,11,102-64-11,02-REP,,,,,,,,,,,,,,,,,,1,1,0,0,1,0,0,1,1,0,1,1,1,1,1,1,1,1,1,,
3057,102,64,5,102-64-5,02-REP,,,,,,,,,,,,,,,,,,1,1,0,1,0,0,0,1,1,1,0,1,1,1,1,1,1,1,1,,
3058,102,64,32,102-64-32,02-REP,,,,,,,,,,,,,,,,,,1,1,0,0,1,0,0,0,0,0,0,0,0,0,0,0,0,0,0,,
3059,102,64,31,102-64-31,02-REP,,,,,,,,,,,,,,,,,,1,1,1,0,0,0,0,1,1,1,0,1,1,1,1,1,1,1,1,,
3060,102,64,21,102-64-21,02-REP,,,,,,,,,,,,,,,,,,1,1,0,1,0,0,0,1,1,0,1,1,1,1,1,1,1,1,1,,
3061,102,64,12,102-64-12,02-REP,,,,,,,,,,,,,,,,,,1,1,1,0,0,0,0,1,1,1,0,1,1,1,1,1,1,1,1,,
3062,102,64,7,102-64-7,02-REP,,,,,,,,,,,,,,,,,,1,1,0,0,1,0,0,1,1,1,0,1,1,1,1,1,1,1,1,,
3063,102,64,36,102-64-36,02-REP,,,,,,,,,,,,,,,,,,1,1,0,1,0,0,0,1,1,0,1,1,1,1,1,1,1,1,1,,
3064,102,64,35,102-64-35,02-REP,,,,,,,,,,,,,,,,,,1,1,0,1,0,0,0,1,1,1,0,1,1,1,1,1,1,1,1,,
3065,102,64,23,102-64-23,02-REP,,,,,,,,,,,,,,,,,,0,1,0,0,1,0,0,0,0,0,1,0,0,0,1,0,0,0,1,,
3066,102,64,13,102-64-13,02-REP,,,,,,,,,,,,,,,,,,1,0,0,0,0,0,0,1,1,0,0,0,0,1,1,1,1,1,1,,
3067,102,64,6,102-64-6,02-REP,,,,,,,,,,,,,,,,,,1,1,0,1,0,0,0,1,1,0,1,1,1,1,1,1,1,1,1,,
3068,102,64,40,102-64-40,02-REP,,,,,,,,,,,,,,,,,,1,1,0,0,1,0,0,0,0,0,0,0,0,0,0,0,1,1,1,,
3069,102,64,39,102-64-39,02-REP,,,,,,,,,,,,,,,,,,1,1,0,1,0,0,0,1,1,0,1,1,1,1,1,1,1,1,1,,
3070,102,64,26,102-64-26,02-REP,,,,,,,,,,,,,,,,,,1,1,0,1,0,0,0,1,1,1,0,1,1,1,1,1,1,1,1,,
3071,102,64,14,102-64-14,02-REP,,,,,,,,,,,,,,,,,,1,1,0,1,0,0,0,1,1,0,1,1,1,1,1,1,1,1,1,,
3072,102,64,9,102-64-9,01-DEM,0,1,1,0,0,0,1,1,0,1,1,0,0,0,1,,,,,,,,,,,,,,,,,,,,,,,
3073,102,64,42,102-64-42,02-REP,,,,,,,,,,,,,,,,,,1,1,0,0,1,0,0,1,1,1,0,1,1,1,1,1,1,1,1,,
3074,102,64,41,102-64-41,02-REP,,,,,,,,,,,,,,,,,,1,0,0,0,1,0,0,1,1,0,1,1,1,1,1,1,1,1,1,,
3075,102,64,25,102-64-25,02-REP,,,,,,,,,,,,,,,,,,1,1,0,0,1,0,0,1,1,1,0,1,1,1,1,1,1,1,1,,
3076,102,64,15,102-64-15,02-REP,,,,,,,,,,,,,,,,,,1,1,0,1,0,0,0,1,1,0,1,1,0,1,1,1,1,1,1,,
3077,102,64,2,102-64-2,02-REP,,,,,,,,,,,,,,,,,,1,0,0,0,1,0,0,1,1,1,0,1,1,1,1,1,1,1,1,,
3078,102,64,38,102-64-38,02-REP,,,,,,,,,,,,,,,,,,1,1,0,1,0,0,0,1,1,1,0,1,1,1,1,1,1,1,1,,
3079,102,64,37,102-64-37,02-REP,,,,,,,,,,,,,,,,,,1,1,1,0,0,0,0,1,1,0,0,1,1,1,1,1,1,1,1,,
3080,102,64,24,102-64-24,02-REP,,,,,,,,,,,,,,,,,,1,1,0,1,0,0,0,1,1,0,1,1,1,1,1,1,1,1,1,,
3081,102,64,16,102-64-16,01-DEM,1,0,1,0,0,1,0,0,1,1,1,0,0,0,1,,,,,,,,,,,,,,,,,,,,,,,
3082,102,64,10,102-64-10,02-REP,,,,,,,,,,,,,,,,,,1,1,1,0,0,0,0,1,1,1,0,1,1,1,1,1,1,1,1,,
3083,102,64,46,102-64-46,02-REP,,,,,,,,,,,,,,,,,,1,1,0,0,1,0,0,1,1,1,0,1,1,1,1,1,1,1,1,,
3084,102,64,45,102-64-45,02-REP,,,,,,,,,,,,,,,,,,1,1,0,0,1,0,0,1,1,1,0,1,1,1,1,1,1,1,1,,
3085,102,64,28,102-64-28,02-REP,,,,,,,,,,,,,,,,,,1,1,0,0,1,0,0,1,1,1,0,1,1,1,1,1,1,1,1,,
3086,102,64,17,102-64-17,02-REP,,,,,,,,,,,,,,,,,,1,1,0,0,1,0,0,1,1,0,1,1,1,1,1,1,1,1,1,,
3087,102,64,4,102-64-4,02-REP,,,,,,,,,,,,,,,,,,1,1,0,0,1,0,0,1,1,1,0,1,1,1,1,1,1,1,1,,
3088,102,64,44,102-64-44,02-REP,,,,,,,,,,,,,,,,,,1,1,0,1,0,0,0,1,1,0,1,1,1,1,1,1,1,1,1,,
3089,102,64,43,102-64-43,02-REP,,,,,,,,,,,,,,,,,,1,1,0,0,0,0,0,1,1,1,0,1,1,1,1,1,1,1,1,,
3090,102,64,27,102-64-27,02-REP,,,,,,,,,,,,,,,,,,1,1,0,1,0,0,0,1,1,0,1,1,1,1,1,1,1,1,1,,
3091,102,64,18,102-64-18,02-REP,,,,,,,,,,,,,,,,,,1,1,0,0,1,0,0,1,1,1,0,1,1,1,1,1,1,1,1,,
3092,102,64,8,102-64-8,02-REP,,,,,,,,,,,,,,,,,,1,1,0,1,0,0,0,1,1,1,0,1,1,1,1,0,0,0,0,,
3093,102,64,50,102-64-50,02-REP,,,,,,,,,,,,,,,,,,1,1,0,1,0,0,0,1,1,1,0,1,1,1,1,1,1,1,1,,
3094,102,64,49,102-64-49,02-REP,,,,,,,,,,,,,,,,,,1,1,0,0,1,0,0,1,1,0,1,1,1,1,1,1,1,1,1,,
3095,102,64,29,102-64-29,02-REP,,,,,,,,,,,,,,,,,,1,1,1,0,0,0,0,0,0,0,0,0,1,1,1,1,1,1,1,,
3096,102,64,19,102-64-19,02-REP,,,,,,,,,,,,,,,,,,1,1,0,0,1,0,0,1,1,0,0,1,1,1,1,1,1,1,1,,
3097,102,64,1,102-64-1,02-REP,,,,,,,,,,,,,,,,,,1,1,0,1,0,0,0,1,1,0,1,1,1,1,1,1,1,1,1,,
3098,102,64,48,102-64-48,02-REP,,,,,,,,,,,,,,,,,,1,1,0,0,1,0,0,1,1,1,0,1,1,1,1,1,1,1,1,,
3099,102,64,47,102-64-47,02-REP,,,,,,,,,,,,,,,,,,1,1,0,0,1,0,0,1,1,1,0,1,1,1,1,1,1,1,1,,
3100,102,64,30,102-64-30,02-REP,,,,,,,,,,,,,,,,,,0,1,0,1,0,0,0,0,0,0,1,0,0,0,0,0,0,0,0,,
3101,102,64,20,102-64-20,02-REP,,,,,,,,,,,,,,,,,,1,1,0,0,1,0,0,1,1,1,0,1,1,1,1,1,1,1,1,,
3102,102,64,3,102-64-3,02-REP,,,,,,,,,,,,,,,,,,1,1,0,1,0,0,0,1,1,1,0,1,1,1,1,1,1,1,1,,
3103,102,65,22,102-65-22,02-REP,,,,,,,,,,,,,,,,,,1,1,0,1,0,0,0,1,1,1,0,1,1,1,1,1,1,1,1,,
3104,102,65,11,102-65-11,02-REP,,,,,,,,,,,,,,,,,,1,1,1,0,0,0,0,1,1,1,0,1,1,1,1,1,1,1,1,,
3105,102,65,1,102-65-1,02-REP,,,,,,,,,,,,,,,,,,1,1,0,1,0,0,0,1,1,1,0,1,1,1,1,1,1,1,1,,
3106,102,65,23,102-65-23,01-DEM,1,0,1,0,0,1,0,1,0,1,1,0,0,0,1,,,,,,,,,,,,,,,,,,,,,,,
3107,102,65,12,102-65-12,02-REP,,,,,,,,,,,,,,,,,,1,1,1,0,0,0,0,1,1,1,0,1,1,1,1,1,1,1,1,,
3108,102,65,2,102-65-2,01-DEM,1,0,0,0,0,0,1,0,1,0,0,0,1,0,0,,,,,,,,,,,,,,,,,,,,,,,
3109,102,65,31,102-65-31,02-REP,,,,,,,,,,,,,,,,,,1,1,0,0,1,0,0,1,1,0,1,1,1,1,1,1,1,1,1,,
3110,102,65,21,102-65-21,02-REP,,,,,,,,,,,,,,,,,,1,1,1,0,0,0,0,1,1,0,1,1,1,1,1,1,1,1,1,,
3111,102,65,13,102-65-13,01-DEM,0,1,0,0,0,1,0,0,1,0,0,0,0,1,0,,,,,,,,,,,,,,,,,,,,,,,
3112,102,65,5,102-65-5,01-DEM,0,1,1,0,0,1,0,1,0,1,0,0,1,0,1,,,,,,,,,,,,,,,,,,,,,,,
3113,102,65,27,102-65-27,01-DEM,0,1,1,0,0,0,1,1,0,1,0,0,0,1,1,,,,,,,,,,,,,,,,,,,,,,,
3114,102,65,14,102-65-14,02-REP,,,,,,,,,,,,,,,,,,1,1,0,0,1,0,0,1,1,1,0,1,1,1,1,1,1,1,1,,
3115,102,65,8,102-65-8,01-DEM,0,1,0,0,0,0,1,1,0,0,1,0,0,0,0,,,,,,,,,,,,,,,,,,,,,,,
3116,102,65,24,102-65-24,01-DEM,1,0,1,0,0,1,0,0,1,1,0,0,1,0,1,,,,,,,,,,,,,,,,,,,,,,,
3117,102,65,15,102-65-15,01-DEM,1,0,1,0,0,1,0,1,0,1,0,1,0,0,1,,,,,,,,,,,,,,,,,,,,,,,
3118,102,65,4,102-65-4,02-REP,,,,,,,,,,,,,,,,,,1,1,0,0,1,0,0,1,1,1,0,1,1,1,1,1,1,1,1,,
3119,102,65,25,102-65-25,01-DEM,0,1,1,0,0,0,1,0,1,1,1,0,0,0,1,,,,,,,,,,,,,,,,,,,,,,,
3120,102,65,16,102-65-16,02-REP,,,,,,,,,,,,,,,,,,1,1,0,1,0,0,0,1,1,1,0,1,1,1,1,1,1,1,1,,
3121,102,65,7,102-65-7,02-REP,,,,,,,,,,,,,,,,,,1,1,0,1,0,0,0,1,1,1,0,1,1,1,1,1,1,1,1,,
3122,102,65,17,102-65-17,01-DEM,0,1,0,0,0,1,0,0,1,0,0,0,0,1,0,,,,,,,,,,,,,,,,,,,,,,,
3123,102,65,3,102-65-3,02-REP,,,,,,,,,,,,,,,,,,1,1,0,0,1,0,0,1,1,1,0,1,1,1,1,1,1,1,1,,
3124,102,65,26,102-65-26,02-REP,,,,,,,,,,,,,,,,,,1,1,0,0,1,0,0,1,1,1,0,1,1,1,1,1,1,1,1,,
3125,102,65,18,102-65-18,01-DEM,0,1,1,0,0,0,1,0,1,1,0,0,1,0,1,,,,,,,,,,,,,,,,,,,,,,,
3126,102,65,6,102-65-6,02-REP,,,,,,,,,,,,,,,,,,1,1,0,1,0,0,0,1,1,1,0,1,1,1,1,1,1,1,1,,
3127,102,65,29,102-65-29,01-DEM,0,1,1,0,0,0,1,1,0,1,0,0,1,0,1,,,,,,,,,,,,,,,,,,,,,,,
3128,102,65,19,102-65-19,02-REP,,,,,,,,,,,,,,,,,,1,1,0,1,0,0,0,1,1,0,1,1,1,0,1,1,1,1,1,,
3129,102,65,9,102-65-9,02-REP,,,,,,,,,,,,,,,,,,1,1,0,0,1,0,0,1,1,0,1,1,1,1,1,1,1,1,1,,
3130,102,65,30,102-65-30,02-REP,,,,,,,,,,,,,,,,,,1,1,0,0,1,0,0,1,1,0,1,1,1,1,1,1,1,1,1,,
3131,102,65,20,102-65-20,01-DEM,1,0,1,0,0,0,1,1,0,1,1,0,0,0,1,,,,,,,,,,,,,,,,,,,,,,,
3132,102,65,10,102-65-10,01-DEM,1,0,1,0,0,1,0,1,0,0,0,1,0,0,0,,,,,,,,,,,,,,,,,,,,,,,
3133,102,65,28,102-65-28,01-DEM,1,0,1,0,0,1,0,1,0,1,1,0,0,0,1,,,,,,,,,,,,,,,,,,,,,,,
3134,102,66,34,102-66-34,02-REP,,,,,,,,,,,,,,,,,,1,1,0,0,1,0,0,1,1,0,1,1,1,1,1,1,1,1,1,,
3135,102,66,33,102-66-33,02-REP,,,,,,,,,,,,,,,,,,0,0,0,0,1,0,0,0,0,0,0,0,0,0,0,0,0,0,0,,
3136,102,66,22,102-66-22,02-REP,,,,,,,,,,,,,,,,,,1,1,0,1,0,0,0,1,1,0,1,1,1,1,1,1,1,1,1,,
3137,102,66,11,102-66-11,02-REP,,,,,,,,,,,,,,,,,,1,0,0,0,1,0,0,1,1,1,0,1,1,1,1,1,1,1,1,,
3138,102,66,2,102-66-2,02-REP,,,,,,,,,,,,,,,,,,1,1,0,1,0,0,0,1,1,1,0,1,1,1,1,1,1,1,1,,
3139,102,66,32,102-66-32,02-REP,,,,,,,,,,,,,,,,,,1,1,0,0,1,0,0,1,1,1,0,1,1,1,1,1,1,1,1,,
3140,102,66,31,102-66-31,02-REP,,,,,,,,,,,,,,,,,,1,1,0,0,1,0,0,1,1,1,0,1,1,1,1,1,1,1,1,,
3141,102,66,21,102-66-21,02-REP,,,,,,,,,,,,,,,,,,1,1,0,0,1,0,0,1,1,1,0,1,1,1,1,1,1,1,1,,
3142,102,66,12,102-66-12,02-REP,,,,,,,,,,,,,,,,,,1,1,1,0,0,0,0,1,1,1,0,1,1,0,1,1,1,1,1,,
3143,102,66,6,102-66-6,01-DEM,0,1,1,0,0,0,1,0,1,1,1,0,0,0,1,,,,,,,,,,,,,,,,,,,,,,,
3144,102,66,36,102-66-36,02-REP,,,,,,,,,,,,,,,,,,1,1,0,0,1,0,0,1,1,1,0,1,1,1,0,1,1,1,1,,
3145,102,66,35,102-66-35,02-REP,,,,,,,,,,,,,,,,,,1,1,0,0,1,0,0,1,1,1,0,1,1,1,1,0,0,1,1,,
3146,102,66,23,102-66-23,02-REP,,,,,,,,,,,,,,,,,,1,1,0,1,0,0,0,1,1,0,1,1,1,1,1,1,1,1,1,,
3147,102,66,13,102-66-13,02-REP,,,,,,,,,,,,,,,,,,1,1,0,0,1,0,0,1,1,0,1,1,1,1,1,1,1,1,1,,
3148,102,66,7,102-66-7,02-REP,,,,,,,,,,,,,,,,,,1,1,0,1,0,0,0,1,1,0,1,1,1,0,1,1,1,1,1,,
3149,102,66,40,102-66-40,02-REP,,,,,,,,,,,,,,,,,,1,1,0,0,1,0,0,1,1,1,0,1,1,1,1,1,1,1,1,,
3150,102,66,39,102-66-39,02-REP,,,,,,,,,,,,,,,,,,1,1,0,0,1,0,0,1,1,0,1,1,1,1,1,1,1,1,1,,
3151,102,66,24,102-66-24,02-REP,,,,,,,,,,,,,,,,,,1,1,0,1,0,0,0,1,1,0,1,1,1,1,1,1,1,1,1,,
3152,102,66,14,102-66-14,02-REP,,,,,,,,,,,,,,,,,,1,1,0,1,0,0,0,1,1,1,0,1,1,1,1,0,0,0,0,,
3153,102,66,9,102-66-9,02-REP,,,,,,,,,,,,,,,,,,1,1,0,1,0,0,0,1,1,1,0,1,1,1,1,1,1,1,1,,
3154,102,66,38,102-66-38,02-REP,,,,,,,,,,,,,,,,,,1,1,0,1,0,0,0,1,1,1,0,1,1,1,1,1,1,1,1,,
3155,102,66,37,102-66-37,02-REP,,,,,,,,,,,,,,,,,,1,1,1,0,0,0,0,1,1,0,1,1,1,1,1,1,1,1,1,,
3156,102,66,25,102-66-25,02-REP,,,,,,,,,,,,,,,,,,1,1,0,1,0,0,0,1,1,1,0,1,1,1,1,1,1,1,1,,
3157,102,66,15,102-66-15,02-REP,,,,,,,,,,,,,,,,,,1,1,0,1,0,0,0,1,1,1,0,1,1,1,1,1,1,1,1,,
3158,102,66,10,102-66-10,02-REP,,,,,,,,,,,,,,,,,,1,1,1,0,0,0,0,1,1,1,0,1,1,1,1,1,1,1,1,,
3159,102,66,42,102-66-42,02-REP,,,,,,,,,,,,,,,,,,1,1,0,1,0,0,0,1,1,0,1,1,1,1,1,1,1,1,1,,
3160,102,66,41,102-66-41,02-REP,,,,,,,,,,,,,,,,,,1,1,0,1,0,0,0,1,1,0,1,1,1,1,1,1,1,1,1,,
3161,102,66,26,102-66-26,02-REP,,,,,,,,,,,,,,,,,,1,1,0,0,1,0,0,1,1,1,0,1,1,1,1,1,1,1,1,,
3162,102,66,16,102-66-16,02-REP,,,,,,,,,,,,,,,,,,0,0,0,0,1,0,0,0,1,1,0,1,1,1,1,1,1,1,1,,
3163,102,66,4,102-66-4,02-REP,,,,,,,,,,,,,,,,,,1,1,0,0,1,0,0,1,1,1,0,1,1,1,1,1,1,1,1,,
3164,102,66,50,102-66-50,02-REP,,,,,,,,,,,,,,,,,,1,1,0,0,1,0,0,1,1,1,0,1,1,1,1,1,1,1,1,,
3165,102,66,49,102-66-49,02-REP,,,,,,,,,,,,,,,,,,1,1,0,1,0,0,0,1,1,0,1,1,1,1,1,1,1,1,1,,
3166,102,66,28,102-66-28,02-REP,,,,,,,,,,,,,,,,,,1,1,1,0,0,0,0,1,1,1,0,1,1,1,1,1,1,1,1,,
3167,102,66,17,102-66-17,02-REP,,,,,,,,,,,,,,,,,,1,1,0,0,1,0,0,1,1,1,0,1,1,1,1,1,1,1,1,,
3168,102,66,1,102-66-1,02-REP,,,,,,,,,,,,,,,,,,1,1,0,0,1,0,0,1,1,1,0,1,1,1,1,1,1,1,1,,
3169,102,66,44,102-66-44,02-REP,,,,,,,,,,,,,,,,,,1,1,0,1,0,0,0,1,1,1,0,1,1,1,1,1,1,1,1,,
3170,102,66,43,102-66-43,02-REP,,,,,,,,,,,,,,,,,,1,1,0,0,1,0,0,1,1,0,1,1,1,1,1,1,1,1,1,,
3171,102,66,27,102-66-27,02-REP,,,,,,,,,,,,,,,,,,1,1,0,0,1,0,0,1,1,1,0,1,1,1,1,1,1,1,1,,
3172,102,66,18,102-66-18,02-REP,,,,,,,,,,,,,,,,,,1,1,0,0,1,0,0,1,1,1,0,1,1,1,1,1,1,1,1,,
3173,102,66,5,102-66-5,02-REP,,,,,,,,,,,,,,,,,,1,0,0,0,1,0,0,1,1,1,0,1,1,1,1,1,1,1,1,,
3174,102,66,48,102-66-48,02-REP,,,,,,,,,,,,,,,,,,1,0,0,0,1,0,0,1,1,1,0,1,1,1,1,1,1,0,1,,
3175,102,66,47,102-66-47,02-REP,,,,,,,,,,,,,,,,,,1,1,0,0,1,0,0,1,1,1,0,1,1,1,1,1,1,1,1,,
3176,102,66,29,102-66-29,02-REP,,,,,,,,,,,,,,,,,,1,1,1,0,0,0,0,1,1,1,0,1,1,1,1,1,1,1,1,,
3177,102,66,19,102-66-19,02-REP,,,,,,,,,,,,,,,,,,1,1,0,0,1,0,0,1,1,0,1,1,1,1,1,1,1,1,1,,
3178,102,66,3,102-66-3,02-REP,,,,,,,,,,,,,,,,,,1,1,0,0,1,0,0,1,1,1,0,1,1,1,1,1,1,1,1,,
3179,102,66,46,102-66-46,02-REP,,,,,,,,,,,,,,,,,,1,0,0,0,1,0,0,1,1,1,0,1,1,1,1,1,1,1,1,,
3180,102,66,45,102-66-45,02-REP,,,,,,,,,,,,,,,,,,0,0,1,0,0,0,0,0,0,0,0,0,0,0,0,0,0,0,0,,
3181,102,66,30,102-66-30,02-REP,,,,,,,,,,,,,,,,,,1,0,0,0,1,0,0,1,1,1,0,1,0,1,0,1,1,1,1,,
3182,102,66,20,102-66-20,02-REP,,,,,,,,,,,,,,,,,,1,1,0,1,0,0,0,1,1,1,0,1,1,1,1,1,1,1,1,,
3183,102,66,8,102-66-8,02-REP,,,,,,,,,,,,,,,,,,1,1,1,0,0,0,0,1,1,1,0,1,1,1,1,1,1,1,1,,
3184,102,67,42,102-67-42,02-REP,,,,,,,,,,,,,,,,,,1,1,0,0,1,0,0,1,1,1,0,1,1,1,1,1,1,1,1,,
3185,102,67,41,102-67-41,02-REP,,,,,,,,,,,,,,,,,,1,1,0,1,0,0,0,1,1,0,1,1,1,1,1,1,1,1,1,,
3186,102,67,26,102-67-26,01-DEM,1,0,0,0,0,1,0,1,0,0,1,0,0,0,0,,,,,,,,,,,,,,,,,,,,,,,
3187,102,67,25,102-67-25,01-DEM,1,0,0,0,0,0,1,1,0,0,1,0,0,0,0,,,,,,,,,,,,,,,,,,,,,,,
3188,102,67,21,102-67-21,01-DEM,0,1,1,0,0,0,1,1,0,1,0,0,1,0,1,,,,,,,,,,,,,,,,,,,,,,,
3189,102,67,11,102-67-11,02-REP,,,,,,,,,,,,,,,,,,1,1,0,0,1,0,0,1,1,1,0,1,1,1,1,1,1,1,1,,
3190,102,67,7,102-67-7,02-REP,,,,,,,,,,,,,,,,,,1,1,0,1,0,0,0,1,1,1,0,1,1,1,1,1,1,1,1,,
3191,102,67,38,102-67-38,01-DEM,0,1,1,0,0,0,1,1,0,1,1,0,0,0,1,,,,,,,,,,,,,,,,,,,,,,,
3192,102,67,37,102-67-37,01-DEM,0,1,1,0,0,0,1,1,0,1,1,0,0,0,1,,,,,,,,,,,,,,,,,,,,,,,
3193,102,67,24,102-67-24,02-REP,,,,,,,,,,,,,,,,,,0,1,0,1,0,0,0,1,0,0,1,0,1,0,1,1,1,1,1,,
3194,102,67,23,102-67-23,02-REP,,,,,,,,,,,,,,,,,,1,1,1,0,0,0,0,1,1,0,1,1,1,1,0,1,1,1,1,,
3195,102,67,20,102-67-20,02-REP,,,,,,,,,,,,,,,,,,1,1,0,1,0,0,0,1,1,1,0,1,1,1,1,1,1,1,1,,
3196,102,67,12,102-67-12,01-DEM,1,0,1,0,0,1,0,1,0,1,0,1,0,0,1,,,,,,,,,,,,,,,,,,,,,,,
3197,102,67,3,102-67-3,02-REP,,,,,,,,,,,,,,,,,,1,1,0,1,0,0,0,1,1,1,0,1,1,0,0,1,0,1,1,,
3198,102,67,40,102-67-40,02-REP,,,,,,,,,,,,,,,,,,1,1,0,1,0,0,0,1,1,0,0,1,1,1,1,1,1,1,1,,
3199,102,67,39,102-67-39,02-REP,,,,,,,,,,,,,,,,,,1,1,0,1,0,0,0,1,1,0,0,1,1,1,1,1,1,1,1,,
3200,102,67,28,102-67-28,02-REP,,,,,,,,,,,,,,,,,,1,1,0,0,1,0,0,1,1,1,0,1,1,1,1,1,1,1,1,,
3201,102,67,13,102-67-13,01-DEM,0,1,1,0,0,0,1,1,0,1,1,0,0,0,1,,,,,,,,,,,,,,,,,,,,,,,
3202,102,67,10,102-67-10,02-REP,,,,,,,,,,,,,,,,,,0,0,0,0,1,0,0,0,0,0,1,0,0,0,0,0,0,0,0,,
3203,102,67,36,102-67-36,01-DEM,0,1,1,0,0,0,1,0,1,1,1,0,0,0,1,,,,,,,,,,,,,,,,,,,,,,,
3204,102,67,35,102-67-35,02-REP,,,,,,,,,,,,,,,,,,1,1,0,1,0,0,0,1,1,0,1,1,1,1,1,1,1,1,1,,
3205,102,67,27,102-67-27,01-DEM,0,1,1,0,0,0,1,1,0,1,1,0,0,0,1,,,,,,,,,,,,,,,,,,,,,,,
3206,102,67,14,102-67-14,01-DEM,1,0,1,0,0,1,0,1,0,1,1,0,0,0,1,,,,,,,,,,,,,,,,,,,,,,,
3207,102,67,1,102-67-1,02-REP,,,,,,,,,,,,,,,,,,1,1,1,0,0,0,0,1,1,0,1,1,1,1,0,1,1,1,1,,
3208,102,67,48,102-67-48,01-DEM,1,0,1,0,0,0,1,0,1,1,1,0,0,0,1,,,,,,,,,,,,,,,,,,,,,,,
3209,102,67,47,102-67-47,02-REP,,,,,,,,,,,,,,,,,,1,1,0,1,0,0,0,1,1,1,0,1,1,1,1,1,1,1,1,,
3210,102,67,30,102-67-30,02-REP,,,,,,,,,,,,,,,,,,1,1,0,0,1,0,0,1,1,1,0,1,1,0,1,1,1,1,1,,
3211,102,67,15,102-67-15,02-REP,,,,,,,,,,,,,,,,,,1,1,0,1,0,0,0,1,1,1,0,1,1,1,1,0,0,0,0,,
3212,102,67,2,102-67-2,02-REP,,,,,,,,,,,,,,,,,,1,1,0,1,0,0,0,1,1,1,0,1,1,1,1,1,1,1,1,,
3213,102,67,50,102-67-50,01-DEM,0,1,1,0,0,1,0,1,0,1,0,0,0,1,1,,,,,,,,,,,,,,,,,,,,,,,
3214,102,67,49,102-67-49,01-DEM,0,1,1,0,0,1,0,1,0,1,0,0,0,1,1,,,,,,,,,,,,,,,,,,,,,,,
3215,102,67,31,102-67-31,02-REP,,,,,,,,,,,,,,,,,,1,1,0,0,1,0,0,1,1,0,1,1,1,1,1,1,1,1,1,,
3216,102,67,16,102-67-16,02-REP,,,,,,,,,,,,,,,,,,1,1,0,0,1,0,0,1,1,1,0,1,1,1,1,1,1,1,1,,
3217,102,67,8,102-67-8,02-REP,,,,,,,,,,,,,,,,,,1,1,0,1,0,0,0,1,1,0,1,1,1,1,1,1,1,1,1,,
3218,102,67,33,102-67-33,02-REP,,,,,,,,,,,,,,,,,,1,0,0,0,1,0,0,1,1,1,0,1,1,1,1,1,1,1,1,,
3219,102,67,17,102-67-17,02-REP,,,,,,,,,,,,,,,,,,1,1,0,0,1,0,0,1,1,1,0,1,1,1,1,1,1,1,1,,
3220,102,67,9,102-67-9,02-REP,,,,,,,,,,,,,,,,,,1,1,0,1,0,0,0,1,1,0,1,1,1,1,1,1,1,1,1,,
3221,102,67,44,102-67-44,02-REP,,,,,,,,,,,,,,,,,,1,1,0,0,1,0,0,0,0,1,0,0,1,1,1,0,1,1,1,,
3222,102,67,43,102-67-43,02-REP,,,,,,,,,,,,,,,,,,1,1,1,0,0,0,0,1,1,0,1,1,1,1,0,1,1,1,1,,
3223,102,67,29,102-67-29,02-REP,,,,,,,,,,,,,,,,,,1,1,0,0,1,0,0,1,1,0,1,1,1,0,1,1,1,1,1,,
3224,102,67,18,102-67-18,01-DEM,0,1,1,0,0,1,0,1,0,1,0,0,1,0,1,,,,,,,,,,,,,,,,,,,,,,,
3225,102,67,6,102-67-6,02-REP,,,,,,,,,,,,,,,,,,1,1,0,0,1,0,0,1,1,0,1,1,1,1,1,1,1,1,1,,
3226,102,67,46,102-67-46,02-REP,,,,,,,,,,,,,,,,,,1,1,1,0,0,0,0,1,1,0,1,1,0,0,1,1,1,1,1,,
3227,102,67,45,102-67-45,02-REP,,,,,,,,,,,,,,,,,,1,1,0,1,0,0,0,1,1,1,0,1,1,1,1,1,1,1,1,,
3228,102,67,32,102-67-32,01-DEM,0,1,1,0,0,1,0,1,0,1,0,0,1,0,1,,,,,,,,,,,,,,,,,,,,,,,
3229,102,67,19,102-67-19,02-REP,,,,,,,,,,,,,,,,,,1,1,0,1,0,0,0,1,1,1,0,1,1,1,1,1,1,1,1,,
3230,102,67,4,102-67-4,02-REP,,,,,,,,,,,,,,,,,,1,1,0,1,0,0,0,1,1,1,0,1,1,0,1,1,1,1,1,,
3231,102,67,34,102-67-34,02-REP,,,,,,,,,,,,,,,,,,1,1,0,0,1,0,0,1,1,1,0,1,1,1,1,0,0,0,0,,
3232,102,67,22,102-67-22,02-REP,,,,,,,,,,,,,,,,,,1,1,0,1,0,0,0,1,1,0,0,1,0,0,1,0,0,0,0,,
3233,102,67,5,102-67-5,02-REP,,,,,,,,,,,,,,,,,,0,0,0,0,1,0,0,0,0,0,1,0,0,0,0,0,0,0,0,,
3234,102,68,40,102-68-40,01-DEM,1,0,1,0,0,1,0,1,0,1,1,0,0,0,1,,,,,,,,,,,,,,,,,,,,,,,
3235,102,68,39,102-68-39,01-DEM,0,1,0,0,0,0,1,1,0,0,0,0,0,1,0,,,,,,,,,,,,,,,,,,,,,,,
3236,102,68,26,102-68-26,01-DEM,1,0,1,0,0,1,0,1,0,1,0,1,0,0,1,,,,,,,,,,,,,,,,,,,,,,,
3237,102,68,25,102-68-25,02-REP,,,,,,,,,,,,,,,,,,1,1,0,0,1,0,0,1,1,0,1,1,1,1,1,1,1,1,1,,
3238,102,68,20,102-68-20,02-REP,,,,,,,,,,,,,,,,,,0,0,0,1,0,0,0,0,0,0,0,0,0,1,0,0,0,0,0,,
3239,102,68,11,102-68-11,01-DEM,0,1,1,0,0,0,1,1,0,1,1,0,0,0,1,,,,,,,,,,,,,,,,,,,,,,,
3240,102,68,4,102-68-4,01-DEM,0,1,1,0,0,0,1,1,0,1,1,0,0,0,1,,,,,,,,,,,,,,,,,,,,,,,
3241,102,68,42,102-68-42,02-REP,,,,,,,,,,,,,,,,,,1,1,1,0,0,0,0,1,1,1,0,1,1,1,1,1,1,1,1,,
3242,102,68,41,102-68-41,01-DEM,0,1,1,0,0,0,1,1,0,1,0,0,0,1,1,,,,,,,,,,,,,,,,,,,,,,,
3243,102,68,28,102-68-28,02-REP,,,,,,,,,,,,,,,,,,0,0,0,0,1,0,0,0,1,1,0,1,1,0,1,1,1,1,1,,
3244,102,68,22,102-68-22,01-DEM,0,1,0,0,0,0,1,1,0,0,1,0,0,0,1,,,,,,,,,,,,,,,,,,,,,,,
3245,102,68,12,102-68-12,01-DEM,0,1,1,0,0,0,1,0,1,1,1,0,0,0,1,,,,,,,,,,,,,,,,,,,,,,,
3246,102,68,5,102-68-5,02-REP,,,,,,,,,,,,,,,,,,1,1,0,1,0,0,0,1,1,1,0,1,1,0,1,1,1,1,0,,
3247,102,68,36,102-68-36,01-DEM,0,1,1,0,0,0,1,0,1,1,0,0,1,0,1,,,,,,,,,,,,,,,,,,,,,,,
3248,102,68,35,102-68-35,02-REP,,,,,,,,,,,,,,,,,,1,1,0,0,1,0,0,1,1,0,1,1,1,1,1,1,1,1,1,,
3249,102,68,23,102-68-23,01-DEM,0,1,1,0,0,1,0,1,0,1,1,0,0,0,1,,,,,,,,,,,,,,,,,,,,,,,
3250,102,68,13,102-68-13,01-DEM,0,1,1,0,0,0,1,1,0,1,1,0,0,0,1,,,,,,,,,,,,,,,,,,,,,,,
3251,102,68,1,102-68-1,01-DEM,0,1,0,0,0,0,0,0,0,0,0,0,0,0,0,,,,,,,,,,,,,,,,,,,,,,,
3252,102,68,38,102-68-38,02-REP,,,,,,,,,,,,,,,,,,1,1,0,1,0,0,0,1,1,0,1,0,1,1,1,1,1,1,1,,
3253,102,68,37,102-68-37,01-DEM,1,0,1,0,0,1,0,1,0,1,1,0,0,0,1,,,,,,,,,,,,,,,,,,,,,,,
3254,102,68,24,102-68-24,01-DEM,1,0,1,0,0,1,0,0,1,1,0,0,1,0,1,,,,,,,,,,,,,,,,,,,,,,,
3255,102,68,14,102-68-14,01-DEM,0,1,1,0,0,0,1,1,0,1,1,0,0,0,1,,,,,,,,,,,,,,,,,,,,,,,
3256,102,68,2,102-68-2,01-DEM,1,0,1,0,0,1,0,1,0,1,1,0,0,0,1,,,,,,,,,,,,,,,,,,,,,,,
3257,102,68,31,102-68-31,02-REP,,,,,,,,,,,,,,,,,,1,0,1,0,0,0,0,1,1,1,0,1,1,1,1,1,1,1,1,,
3258,102,68,15,102-68-15,01-DEM,0,1,1,0,0,1,0,0,1,1,0,0,1,0,1,,,,,,,,,,,,,,,,,,,,,,,
3259,102,68,10,102-68-10,01-DEM,0,1,0,0,0,0,1,0,1,0,1,0,0,0,0,,,,,,,,,,,,,,,,,,,,,,,
3260,102,68,44,102-68-44,01-DEM,0,1,1,0,0,0,1,1,0,1,1,0,0,0,1,,,,,,,,,,,,,,,,,,,,,,,
3261,102,68,43,102-68-43,02-REP,,,,,,,,,,,,,,,,,,1,1,1,0,0,0,0,1,1,1,0,1,1,1,1,1,1,1,1,,
3262,102,68,29,102-68-29,01-DEM,0,1,1,0,0,0,1,1,0,1,0,0,1,0,1,,,,,,,,,,,,,,,,,,,,,,,
3263,102,68,16,102-68-16,01-DEM,0,1,1,0,0,0,1,1,0,1,1,0,0,0,1,,,,,,,,,,,,,,,,,,,,,,,
3264,102,68,9,102-68-9,01-DEM,0,1,1,0,0,1,0,1,0,1,1,0,0,0,1,,,,,,,,,,,,,,,,,,,,,,,
3265,102,68,50,102-68-50,02-REP,,,,,,,,,,,,,,,,,,0,1,1,0,0,0,0,0,0,1,0,0,0,0,0,0,0,0,0,,
3266,102,68,49,102-68-49,02-REP,,,,,,,,,,,,,,,,,,1,1,1,0,0,0,0,1,1,1,0,1,1,1,1,1,1,1,1,,
3267,102,68,30,102-68-30,02-REP,,,,,,,,,,,,,,,,,,1,1,0,1,0,0,0,1,1,1,0,1,1,0,1,1,1,1,0,,
3268,102,68,17,102-68-17,01-DEM,0,1,1,0,0,1,0,0,1,1,0,0,1,0,1,,,,,,,,,,,,,,,,,,,,,,,
3269,102,68,3,102-68-3,02-REP,,,,,,,,,,,,,,,,,,1,1,0,0,1,0,0,1,1,1,0,1,1,1,1,1,1,1,1,,
3270,102,68,46,102-68-46,02-REP,,,,,,,,,,,,,,,,,,0,1,0,0,0,0,0,1,0,1,0,1,1,1,1,1,1,1,1,,
3271,102,68,45,102-68-45,02-REP,,,,,,,,,,,,,,,,,,1,1,0,1,0,0,0,1,1,0,1,1,1,1,1,1,1,1,1,,
3272,102,68,32,102-68-32,01-DEM,0,1,1,0,0,1,0,0,1,1,1,0,0,0,1,,,,,,,,,,,,,,,,,,,,,,,
3273,102,68,18,102-68-18,01-DEM,0,1,0,0,0,0,1,0,1,0,1,0,0,0,0,,,,,,,,,,,,,,,,,,,,,,,
3274,102,68,6,102-68-6,01-DEM,0,1,1,0,0,1,0,1,0,1,0,0,1,0,1,,,,,,,,,,,,,,,,,,,,,,,
3275,102,68,48,102-68-48,02-REP,,,,,,,,,,,,,,,,,,1,1,0,1,0,0,0,1,1,0,1,1,1,1,1,1,1,1,1,,
3276,102,68,47,102-68-47,02-REP,,,,,,,,,,,,,,,,,,1,1,1,0,0,0,0,1,1,1,0,1,1,1,1,1,1,1,1,,
3277,102,68,33,102-68-33,01-DEM,0,1,0,0,0,0,1,1,0,1,0,0,1,0,1,,,,,,,,,,,,,,,,,,,,,,,
3278,102,68,19,102-68-19,02-REP,,,,,,,,,,,,,,,,,,0,0,0,1,0,0,0,0,0,0,1,0,0,0,1,0,0,0,0,,
3279,102,68,7,102-68-7,01-DEM,0,1,1,0,0,0,1,0,0,1,0,0,1,0,1,,,,,,,,,,,,,,,,,,,,,,,
3280,102,68,34,102-68-34,02-REP,,,,,,,,,,,,,,,,,,1,1,0,1,0,0,0,1,1,1,0,1,1,1,1,1,1,1,1,,
3281,102,68,21,102-68-21,01-DEM,1,0,0,0,0,1,0,1,0,0,0,1,0,0,0,,,,,,,,,,,,,,,,,,,,,,,
3282,102,68,8,102-68-8,01-DEM,0,1,1,0,0,0,1,1,0,1,1,0,0,0,1,,,,,,,,,,,,,,,,,,,,,,,
3283,102,68,27,102-68-27,01-DEM,0,0,0,0,0,0,0,0,0,0,0,0,0,0,0,,,,,,,,,,,,,,,,,,,,,,,
3284,102,69,23,102-69-23,02-REP,,,,,,,,,,,,,,,,,,1,1,0,1,0,0,0,1,1,0,1,1,1,1,1,1,1,1,1,,
3285,102,69,22,102-69-22,02-REP,,,,,,,,,,,,,,,,,,1,1,0,1,0,0,0,1,1,0,0,1,1,1,1,1,1,1,1,,
3286,102,69,19,102-69-19,01-DEM,0,1,1,0,0,0,1,1,0,1,0,0,1,0,1,,,,,,,,,,,,,,,,,,,,,,,
3287,102,69,11,102-69-11,01-DEM,1,0,1,0,0,1,0,0,1,1,0,0,1,0,1,,,,,,,,,,,,,,,,,,,,,,,
3288,102,69,5,102-69-5,01-DEM,0,1,1,0,0,1,0,1,0,1,0,0,1,0,1,,,,,,,,,,,,,,,,,,,,,,,
3289,102,69,28,102-69-28,02-REP,,,,,,,,,,,,,,,,,,0,0,0,0,1,0,0,0,0,0,1,0,0,0,0,0,0,0,0,,
3290,102,69,27,102-69-27,02-REP,,,,,,,,,,,,,,,,,,1,1,1,0,0,0,0,1,1,1,0,1,1,1,1,1,1,1,1,,
3291,102,69,20,102-69-20,01-DEM,1,0,1,0,0,1,0,0,1,1,0,1,0,0,1,,,,,,,,,,,,,,,,,,,,,,,
3292,102,69,12,102-69-12,02-REP,,,,,,,,,,,,,,,,,,0,1,0,0,1,0,0,1,1,1,0,1,1,1,1,1,1,1,1,,
3293,102,69,3,102-69-3,02-REP,,,,,,,,,,,,,,,,,,1,0,0,0,1,0,0,1,1,1,0,0,0,0,0,0,0,0,0,,
3294,102,69,26,102-69-26,02-REP,,,,,,,,,,,,,,,,,,0,0,0,0,1,0,0,0,0,0,0,0,0,0,0,0,0,0,0,,
3295,102,69,13,102-69-13,02-REP,,,,,,,,,,,,,,,,,,0,1,1,0,0,0,0,0,0,1,0,0,0,0,0,0,0,0,0,,
3296,102,69,7,102-69-7,01-DEM,0,1,1,0,0,0,1,0,1,1,0,0,1,0,1,,,,,,,,,,,,,,,,,,,,,,,
3297,102,69,25,102-69-25,01-DEM,0,1,1,0,0,1,0,0,1,1,1,0,0,0,1,,,,,,,,,,,,,,,,,,,,,,,
3298,102,69,14,102-69-14,01-DEM,1,0,1,0,0,0,1,0,1,1,0,1,0,0,1,,,,,,,,,,,,,,,,,,,,,,,
3299,102,69,2,102-69-2,02-REP,,,,,,,,,,,,,,,,,,0,0,0,0,1,0,0,0,0,0,0,0,0,0,0,0,0,0,0,,
3300,102,69,15,102-69-15,02-REP,,,,,,,,,,,,,,,,,,1,1,0,1,0,0,0,1,1,1,0,1,1,1,1,1,1,1,1,,
3301,102,69,10,102-69-10,01-DEM,0,1,0,0,0,0,0,0,0,0,0,0,0,0,0,,,,,,,,,,,,,,,,,,,,,,,
3302,102,69,24,102-69-24,01-DEM,0,1,0,0,0,0,1,1,0,0,1,0,0,0,0,,,,,,,,,,,,,,,,,,,,,,,
3303,102,69,16,102-69-16,02-REP,,,,,,,,,,,,,,,,,,1,1,0,1,0,0,0,1,1,0,1,1,1,1,1,0,0,0,0,,
3304,102,69,4,102-69-4,02-REP,,,,,,,,,,,,,,,,,,0,0,0,0,1,0,0,0,0,0,0,0,0,0,0,0,1,1,1,,
3305,102,69,29,102-69-29,02-REP,,,,,,,,,,,,,,,,,,1,1,0,0,1,0,0,1,1,0,1,1,1,1,1,1,1,1,1,,
3306,102,69,17,102-69-17,01-DEM,1,0,1,0,0,0,1,1,0,1,1,0,0,0,1,,,,,,,,,,,,,,,,,,,,,,,
3307,102,69,1,102-69-1,02-REP,,,,,,,,,,,,,,,,,,1,1,0,1,0,0,0,1,1,0,1,1,1,1,1,1,1,1,1,,
3308,102,69,18,102-69-18,01-DEM,0,1,1,0,0,0,1,1,0,1,0,0,1,0,1,,,,,,,,,,,,,,,,,,,,,,,
3309,102,69,9,102-69-9,02-REP,,,,,,,,,,,,,,,,,,1,1,0,1,0,0,0,1,1,1,0,1,1,1,1,1,1,1,1,,
3310,102,69,21,102-69-21,01-DEM,1,0,1,0,0,0,1,0,1,1,0,0,1,0,1,,,,,,,,,,,,,,,,,,,,,,,
3311,102,69,6,102-69-6,01-DEM,0,1,0,0,0,1,0,0,0,0,0,0,1,0,0,,,,,,,,,,,,,,,,,,,,,,,
3312,102,69,8,102-69-8,01-DEM,0,1,1,0,0,1,0,1,0,1,0,0,1,0,1,,,,,,,,,,,,,,,,,,,,,,,
3313,102,70,32,102-70-32,01-DEM,1,0,1,0,0,1,0,1,0,1,0,1,0,0,1,,,,,,,,,,,,,,,,,,,,,,,
3314,102,70,31,102-70-31,01-DEM,0,1,1,0,0,0,1,0,1,1,0,0,1,0,1,,,,,,,,,,,,,,,,,,,,,,,
3315,102,70,21,102-70-21,02-REP,,,,,,,,,,,,,,,,,,1,1,0,1,0,0,0,1,1,0,1,1,1,1,1,1,1,1,1,,
3316,102,70,11,102-70-11,02-REP,,,,,,,,,,,,,,,,,,1,1,0,0,1,0,0,1,1,1,0,1,1,1,1,1,1,1,1,,
3317,102,70,1,102-70-1,02-REP,,,,,,,,,,,,,,,,,,1,1,0,0,1,0,0,1,1,1,0,1,1,1,1,1,1,1,1,,
3318,102,70,38,102-70-38,02-REP,,,,,,,,,,,,,,,,,,1,1,0,1,0,0,0,1,1,1,0,1,1,1,1,1,1,1,1,,
3319,102,70,37,102-70-37,02-REP,,,,,,,,,,,,,,,,,,1,1,0,1,0,0,0,1,1,0,1,1,1,1,1,1,1,1,1,,
3320,102,70,22,102-70-22,02-REP,,,,,,,,,,,,,,,,,,1,1,0,0,1,0,0,1,0,1,0,1,1,1,1,1,1,1,1,,
3321,102,70,12,102-70-12,02-REP,,,,,,,,,,,,,,,,,,1,1,0,1,0,0,0,1,1,1,0,1,1,1,1,1,1,1,1,,
3322,102,70,9,102-70-9,01-DEM,0,1,0,0,0,0,1,0,0,0,1,0,0,0,0,,,,,,,,,,,,,,,,,,,,,,,
3323,102,70,46,102-70-46,02-REP,,,,,,,,,,,,,,,,,,1,1,0,1,0,0,0,1,1,0,1,0,0,0,0,0,0,0,0,,
3324,102,70,45,102-70-45,01-DEM,0,1,1,0,0,0,1,1,0,1,0,0,1,0,1,,,,,,,,,,,,,,,,,,,,,,,
3325,102,70,30,102-70-30,01-DEM,1,0,1,0,0,1,0,1,0,1,0,1,0,0,1,,,,,,,,,,,,,,,,,,,,,,,
3326,102,70,13,102-70-13,02-REP,,,,,,,,,,,,,,,,,,1,1,0,0,1,0,0,1,1,1,0,1,1,1,1,1,1,1,1,,
3327,102,70,5,102-70-5,02-REP,,,,,,,,,,,,,,,,,,1,1,0,0,1,0,0,1,1,0,1,1,1,1,1,1,1,1,1,,
3328,102,70,40,102-70-40,01-DEM,0,1,1,0,0,0,1,1,0,1,0,1,0,0,1,,,,,,,,,,,,,,,,,,,,,,,
3329,102,70,39,102-70-39,02-REP,,,,,,,,,,,,,,,,,,1,1,0,1,0,0,0,1,1,1,0,1,1,1,1,1,1,1,1,,
3330,102,70,25,102-70-25,02-REP,,,,,,,,,,,,,,,,,,1,1,0,1,0,0,0,1,1,1,0,1,1,1,1,1,1,1,1,,
3331,102,70,14,102-70-14,02-REP,,,,,,,,,,,,,,,,,,1,1,1,0,0,0,0,1,1,1,0,1,1,1,1,1,1,1,1,,
3332,102,70,4,102-70-4,02-REP,,,,,,,,,,,,,,,,,,1,1,1,0,0,0,0,1,1,0,1,1,1,1,1,1,1,1,1,,
3333,102,70,34,102-70-34,02-REP,,,,,,,,,,,,,,,,,,1,1,0,1,0,0,0,1,1,1,0,1,1,1,1,1,1,1,1,,
3334,102,70,33,102-70-33,02-REP,,,,,,,,,,,,,,,,,,1,1,0,0,1,0,0,1,1,1,0,1,1,1,1,1,1,1,1,,
3335,102,70,23,102-70-23,01-DEM,1,0,1,0,0,1,0,1,0,1,0,1,0,0,1,,,,,,,,,,,,,,,,,,,,,,,
3336,102,70,15,102-70-15,01-DEM,1,0,1,0,0,1,0,1,0,1,1,0,0,0,1,,,,,,,,,,,,,,,,,,,,,,,
3337,102,70,7,102-70-7,02-REP,,,,,,,,,,,,,,,,,,1,1,0,1,0,0,0,1,1,1,0,1,1,1,1,0,0,0,0,,
3338,102,70,36,102-70-36,02-REP,,,,,,,,,,,,,,,,,,1,1,1,0,0,0,0,1,1,0,1,1,1,1,1,1,1,1,1,,
3339,102,70,35,102-70-35,01-DEM,0,1,1,0,0,1,0,0,1,1,0,0,1,0,1,,,,,,,,,,,,,,,,,,,,,,,
3340,102,70,16,102-70-16,01-DEM,1,0,0,0,0,1,0,1,0,1,0,0,1,0,0,,,,,,,,,,,,,,,,,,,,,,,
3341,102,70,10,102-70-10,02-REP,,,,,,,,,,,,,,,,,,1,1,0,1,0,0,0,1,1,1,0,1,1,0,1,1,1,1,1,,
3342,102,70,42,102-70-42,02-REP,,,,,,,,,,,,,,,,,,1,1,1,0,0,0,0,1,1,1,0,1,1,1,1,1,1,1,1,,
3343,102,70,41,102-70-41,01-DEM,1,0,1,0,0,0,1,0,1,1,0,1,0,0,1,,,,,,,,,,,,,,,,,,,,,,,
3344,102,70,27,102-70-27,01-DEM,0,1,1,0,0,0,1,1,0,1,0,0,1,0,1,,,,,,,,,,,,,,,,,,,,,,,
3345,102,70,17,102-70-17,01-DEM,1,0,1,0,0,1,0,1,0,1,0,1,0,0,1,,,,,,,,,,,,,,,,,,,,,,,
3346,102,70,8,102-70-8,01-DEM,1,0,1,0,0,1,0,0,1,1,0,1,0,0,1,,,,,,,,,,,,,,,,,,,,,,,
3347,102,70,44,102-70-44,02-REP,,,,,,,,,,,,,,,,,,1,1,0,0,1,0,0,1,1,1,0,1,1,1,1,1,1,1,1,,
3348,102,70,43,102-70-43,01-DEM,0,1,1,0,0,0,1,1,0,1,0,0,1,0,1,,,,,,,,,,,,,,,,,,,,,,,
3349,102,70,26,102-70-26,01-DEM,1,0,1,0,0,1,0,1,0,1,0,1,0,0,1,,,,,,,,,,,,,,,,,,,,,,,
3350,102,70,18,102-70-18,01-DEM,1,0,1,0,0,1,0,1,0,1,0,1,0,0,1,,,,,,,,,,,,,,,,,,,,,,,
3351,102,70,2,102-70-2,02-REP,,,,,,,,,,,,,,,,,,1,1,1,0,0,0,0,1,1,0,1,1,1,1,1,1,1,1,1,,
3352,102,70,50,102-70-50,02-REP,,,,,,,,,,,,,,,,,,0,0,0,0,1,0,0,0,0,0,0,1,1,1,1,0,1,1,0,,
3353,102,70,49,102-70-49,02-REP,,,,,,,,,,,,,,,,,,1,1,0,0,1,0,0,1,1,0,1,1,1,1,1,1,1,1,1,,
3354,102,70,28,102-70-28,02-REP,,,,,,,,,,,,,,,,,,1,1,0,0,1,0,0,1,1,1,0,1,1,1,1,1,1,1,1,,
3355,102,70,19,102-70-19,01-DEM,1,0,0,0,0,1,0,0,0,0,1,0,0,0,1,,,,,,,,,,,,,,,,,,,,,,,
3356,102,70,6,102-70-6,01-DEM,0,1,1,0,0,0,1,1,0,1,1,0,0,0,1,,,,,,,,,,,,,,,,,,,,,,,
3357,102,70,48,102-70-48,02-REP,,,,,,,,,,,,,,,,,,1,1,0,0,1,0,0,1,1,0,1,1,1,1,1,1,1,1,1,,
3358,102,70,47,102-70-47,01-DEM,1,0,0,0,0,1,0,1,0,0,0,1,0,0,0,,,,,,,,,,,,,,,,,,,,,,,
3359,102,70,29,102-70-29,01-DEM,1,0,1,0,0,1,0,1,0,1,0,1,0,0,1,,,,,,,,,,,,,,,,,,,,,,,
3360,102,70,20,102-70-20,02-REP,,,,,,,,,,,,,,,,,,1,1,0,1,0,0,0,1,1,0,1,1,1,1,1,1,1,1,1,,
3361,102,70,3,102-70-3,02-REP,,,,,,,,,,,,,,,,,,1,0,0,0,1,0,0,1,1,1,0,1,1,1,1,0,1,1,1,,
3362,102,70,24,102-70-24,01-DEM,0,0,0,0,0,1,0,0,1,0,0,1,0,0,0,,,,,,,,,,,,,,,,,,,,,,,
3363,102,71,44,102-71-44,02-REP,,,,,,,,,,,,,,,,,,1,1,0,0,1,0,0,1,1,1,0,1,1,1,1,1,1,1,1,,
3364,102,71,43,102-71-43,02-REP,,,,,,,,,,,,,,,,,,1,1,0,0,1,0,0,1,1,1,0,1,1,1,1,1,1,1,1,,
3365,102,71,24,102-71-24,02-REP,,,,,,,,,,,,,,,,,,1,1,0,0,1,0,0,1,1,1,0,1,1,1,1,1,1,1,1,,
3366,102,71,23,102-71-23,02-REP,,,,,,,,,,,,,,,,,,1,1,0,1,0,0,0,1,1,0,0,0,0,1,0,1,1,1,1,,
3367,102,71,17,102-71-17,02-REP,,,,,,,,,,,,,,,,,,1,1,1,0,0,0,0,1,1,0,1,1,1,1,1,1,1,1,1,,
3368,102,71,11,102-71-11,02-REP,,,,,,,,,,,,,,,,,,0,1,0,0,1,0,0,1,1,0,1,1,1,1,1,1,1,1,1,,
3369,102,71,3,102-71-3,02-REP,,,,,,,,,,,,,,,,,,1,1,0,1,0,0,0,1,1,1,0,1,1,1,1,1,1,1,1,,
3370,102,71,46,102-71-46,02-REP,,,,,,,,,,,,,,,,,,1,1,0,1,0,0,0,1,1,1,0,1,1,1,1,1,1,1,1,,
3371,102,71,45,102-71-45,02-REP,,,,,,,,,,,,,,,,,,1,1,1,0,0,0,0,1,1,1,0,1,1,1,1,1,1,1,1,,
3372,102,71,28,102-71-28,02-REP,,,,,,,,,,,,,,,,,,1,1,0,0,1,0,0,1,1,0,1,1,1,1,1,1,1,1,1,,
3373,102,71,27,102-71-27,02-REP,,,,,,,,,,,,,,,,,,1,1,1,0,0,0,0,1,1,1,0,1,1,1,1,1,1,1,1,,
3374,102,71,18,102-71-18,02-REP,,,,,,,,,,,,,,,,,,1,0,0,0,1,0,0,1,1,1,0,1,1,1,1,1,1,1,1,,
3375,102,71,12,102-71-12,02-REP,,,,,,,,,,,,,,,,,,1,1,0,0,1,0,0,1,1,0,1,1,1,1,1,1,1,1,1,,
3376,102,71,4,102-71-4,02-REP,,,,,,,,,,,,,,,,,,1,1,0,0,1,0,0,1,1,1,0,1,1,1,1,1,0,1,1,,
3377,102,71,40,102-71-40,02-REP,,,,,,,,,,,,,,,,,,1,1,0,1,0,0,0,1,1,0,1,1,1,1,1,1,1,1,1,,
3378,102,71,39,102-71-39,02-REP,,,,,,,,,,,,,,,,,,1,1,0,1,0,0,0,1,1,1,0,1,1,1,1,1,1,1,1,,
3379,102,71,26,102-71-26,02-REP,,,,,,,,,,,,,,,,,,1,1,0,1,0,0,0,1,1,1,0,1,1,1,1,1,1,1,1,,
3380,102,71,13,102-71-13,02-REP,,,,,,,,,,,,,,,,,,1,1,0,0,1,0,0,1,1,0,1,1,1,1,1,1,1,1,1,,
3381,102,71,1,102-71-1,02-REP,,,,,,,,,,,,,,,,,,1,1,0,0,1,0,0,1,1,1,0,1,1,1,1,1,1,1,1,,
3382,102,71,36,102-71-36,02-REP,,,,,,,,,,,,,,,,,,1,1,0,1,0,0,0,1,1,1,0,1,0,1,1,1,1,1,1,,
3383,102,71,35,102-71-35,02-REP,,,,,,,,,,,,,,,,,,1,1,0,0,1,0,0,1,1,0,1,1,1,1,1,1,1,1,1,,
3384,102,71,25,102-71-25,02-REP,,,,,,,,,,,,,,,,,,1,1,1,0,0,0,0,1,1,1,0,1,1,1,1,0,0,0,0,,
3385,102,71,14,102-71-14,02-REP,,,,,,,,,,,,,,,,,,1,1,0,0,1,0,0,1,1,1,0,1,1,1,1,1,1,1,1,,
3386,102,71,2,102-71-2,02-REP,,,,,,,,,,,,,,,,,,1,1,0,0,1,0,0,1,1,1,0,1,1,1,1,1,1,1,1,,
3387,102,71,38,102-71-38,02-REP,,,,,,,,,,,,,,,,,,1,1,0,1,0,0,0,1,1,0,1,0,1,1,1,1,1,1,1,,
3388,102,71,37,102-71-37,02-REP,,,,,,,,,,,,,,,,,,0,1,0,1,0,0,0,1,1,1,0,1,1,1,1,1,1,1,1,,
3389,102,71,29,102-71-29,02-REP,,,,,,,,,,,,,,,,,,1,1,0,1,0,0,0,1,1,0,1,1,1,1,1,1,1,1,1,,
3390,102,71,15,102-71-15,02-REP,,,,,,,,,,,,,,,,,,1,1,0,1,0,0,0,1,1,1,0,1,1,0,1,1,1,1,1,,
3391,102,71,6,102-71-6,02-REP,,,,,,,,,,,,,,,,,,1,1,0,0,1,0,0,1,1,1,0,1,1,1,1,1,1,1,1,,
3392,102,71,42,102-71-42,02-REP,,,,,,,,,,,,,,,,,,1,1,0,1,0,0,0,1,1,1,0,1,1,1,1,1,1,1,1,,
3393,102,71,41,102-71-41,02-REP,,,,,,,,,,,,,,,,,,1,1,0,1,0,0,0,1,1,1,0,1,1,1,1,1,1,1,1,,
3394,102,71,30,102-71-30,02-REP,,,,,,,,,,,,,,,,,,1,1,0,0,1,0,0,1,1,1,0,1,1,1,1,1,1,1,1,,
3395,102,71,16,102-71-16,02-REP,,,,,,,,,,,,,,,,,,1,1,1,0,0,0,0,1,1,1,0,1,1,1,1,1,1,1,1,,
3396,102,71,8,102-71-8,02-REP,,,,,,,,,,,,,,,,,,1,1,0,0,1,0,0,1,1,1,0,1,1,0,1,1,1,1,1,,
3397,102,71,33,102-71-33,02-REP,,,,,,,,,,,,,,,,,,1,1,0,1,0,0,0,1,1,1,0,1,1,1,1,1,1,1,1,,
3398,102,71,19,102-71-19,02-REP,,,,,,,,,,,,,,,,,,1,1,0,1,0,0,0,1,1,0,1,1,1,1,1,1,1,1,1,,
3399,102,71,10,102-71-10,02-REP,,,,,,,,,,,,,,,,,,1,1,0,0,1,0,0,1,1,0,1,1,0,1,1,1,1,1,1,,
3400,102,71,32,102-71-32,02-REP,,,,,,,,,,,,,,,,,,1,1,0,1,0,0,0,1,1,1,0,1,1,1,1,1,1,1,1,,
3401,102,71,20,102-71-20,02-REP,,,,,,,,,,,,,,,,,,0,0,0,1,0,0,0,0,0,1,0,0,0,0,1,0,0,1,1,,
3402,102,71,7,102-71-7,02-REP,,,,,,,,,,,,,,,,,,1,1,0,0,1,0,0,1,1,1,0,1,1,1,1,1,0,0,0,,
3403,102,71,48,102-71-48,02-REP,,,,,,,,,,,,,,,,,,1,1,0,0,1,0,0,1,1,0,1,1,1,1,1,1,1,1,1,,
3404,102,71,47,102-71-47,02-REP,,,,,,,,,,,,,,,,,,0,1,0,1,0,0,0,0,0,0,0,1,1,0,1,1,1,1,1,,
3405,102,71,31,102-71-31,02-REP,,,,,,,,,,,,,,,,,,1,1,1,0,0,0,0,1,1,0,1,0,0,0,0,0,0,0,0,,
3406,102,71,21,102-71-21,02-REP,,,,,,,,,,,,,,,,,,1,1,0,1,0,0,0,1,1,1,0,1,1,1,1,1,1,1,1,,
3407,102,71,5,102-71-5,02-REP,,,,,,,,,,,,,,,,,,1,1,0,1,0,0,0,1,1,0,1,1,1,1,1,1,1,1,1,,
3408,102,71,50,102-71-50,02-REP,,,,,,,,,,,,,,,,,,0,1,0,1,0,0,0,1,1,1,0,1,1,1,1,1,1,1,1,,
3409,102,71,49,102-71-49,02-REP,,,,,,,,,,,,,,,,,,1,1,0,1,0,0,0,1,1,1,0,1,1,1,1,1,1,1,1,,
3410,102,71,34,102-71-34,02-REP,,,,,,,,,,,,,,,,,,1,1,0,0,1,0,0,1,1,0,1,1,1,1,1,1,1,1,1,,
3411,102,71,22,102-71-22,02-REP,,,,,,,,,,,,,,,,,,0,0,1,0,0,0,0,0,0,1,0,0,0,0,0,0,0,0,0,,
3412,102,71,9,102-71-9,02-REP,,,,,,,,,,,,,,,,,,1,1,0,1,0,0,0,1,1,1,0,1,1,1,1,1,1,1,1,,
3413,102,72,28,102-72-28,02-REP,,,,,,,,,,,,,,,,,,1,1,0,0,1,0,0,1,1,0,1,1,1,1,1,1,1,1,1,,
3414,102,72,27,102-72-27,02-REP,,,,,,,,,,,,,,,,,,1,1,0,0,1,0,0,1,1,0,1,1,1,1,1,1,1,1,1,,
3415,102,72,20,102-72-20,02-REP,,,,,,,,,,,,,,,,,,1,1,0,0,1,0,0,1,1,1,0,1,1,1,1,1,1,1,1,,
3416,102,72,11,102-72-11,01-DEM,1,0,0,0,0,1,0,1,0,0,0,1,0,0,0,,,,,,,,,,,,,,,,,,,,,,,
3417,102,72,1,102-72-1,01-DEM,1,0,0,0,0,1,0,1,0,0,0,0,1,0,0,,,,,,,,,,,,,,,,,,,,,,,
3418,102,72,24,102-72-24,01-DEM,1,0,1,0,0,1,0,1,0,0,0,1,0,0,0,,,,,,,,,,,,,,,,,,,,,,,
3419,102,72,23,102-72-23,01-DEM,0,1,1,0,0,1,0,0,1,1,0,0,1,0,1,,,,,,,,,,,,,,,,,,,,,,,
3420,102,72,19,102-72-19,01-DEM,0,1,1,0,0,1,0,1,0,1,0,0,1,0,1,,,,,,,,,,,,,,,,,,,,,,,
3421,102,72,12,102-72-12,01-DEM,1,0,0,0,0,1,0,1,0,0,0,0,1,0,0,,,,,,,,,,,,,,,,,,,,,,,
3422,102,72,4,102-72-4,01-DEM,0,1,1,0,0,0,1,1,0,1,0,0,1,0,1,,,,,,,,,,,,,,,,,,,,,,,
3423,102,72,26,102-72-26,02-REP,,,,,,,,,,,,,,,,,,1,1,0,0,1,0,0,1,1,1,0,1,1,1,1,1,1,1,1,,
3424,102,72,13,102-72-13,01-DEM,0,1,1,0,0,0,1,0,1,1,1,0,0,0,1,,,,,,,,,,,,,,,,,,,,,,,
3425,102,72,2,102-72-2,01-DEM,0,1,1,0,0,0,1,1,0,1,0,0,1,0,1,,,,,,,,,,,,,,,,,,,,,,,
3426,102,72,35,102-72-35,02-REP,,,,,,,,,,,,,,,,,,1,1,0,1,0,0,0,1,1,0,1,1,1,1,1,1,1,1,1,,
3427,102,72,25,102-72-25,01-DEM,1,0,1,0,0,0,1,0,1,1,0,1,0,0,1,,,,,,,,,,,,,,,,,,,,,,,
3428,102,72,14,102-72-14,01-DEM,1,0,1,0,0,0,1,0,1,1,1,0,0,0,1,,,,,,,,,,,,,,,,,,,,,,,
3429,102,72,3,102-72-3,01-DEM,0,1,1,0,0,0,1,0,1,1,0,0,1,0,1,,,,,,,,,,,,,,,,,,,,,,,
3430,102,72,29,102-72-29,02-REP,,,,,,,,,,,,,,,,,,1,1,0,1,0,0,0,1,1,1,0,1,1,1,1,1,1,1,1,,
3431,102,72,15,102-72-15,01-DEM,0,1,0,0,0,1,0,1,0,0,1,0,0,0,0,,,,,,,,,,,,,,,,,,,,,,,
3432,102,72,7,102-72-7,01-DEM,1,0,1,0,0,1,0,1,0,1,1,0,0,0,0,,,,,,,,,,,,,,,,,,,,,,,
3433,102,72,30,102-72-30,02-REP,,,,,,,,,,,,,,,,,,1,1,0,0,1,0,0,1,1,0,1,1,1,1,1,1,1,0,1,,
3434,102,72,16,102-72-16,01-DEM,1,0,1,0,0,1,0,1,0,1,0,0,0,1,1,,,,,,,,,,,,,,,,,,,,,,,
3435,102,72,8,102-72-8,01-DEM,0,1,0,0,0,1,0,0,0,0,0,0,1,0,0,,,,,,,,,,,,,,,,,,,,,,,
3436,102,72,34,102-72-34,02-REP,,,,,,,,,,,,,,,,,,1,1,0,1,0,0,0,1,1,1,0,1,1,1,1,1,1,1,1,,
3437,102,72,17,102-72-17,01-DEM,1,0,1,0,0,0,1,1,0,1,1,0,0,0,1,,,,,,,,,,,,,,,,,,,,,,,
3438,102,72,9,102-72-9,01-DEM,1,0,1,0,0,1,0,1,0,1,1,0,0,0,1,,,,,,,,,,,,,,,,,,,,,,,
3439,102,72,31,102-72-31,02-REP,,,,,,,,,,,,,,,,,,1,1,0,1,0,0,0,1,1,1,0,1,1,1,1,1,1,1,1,,
3440,102,72,18,102-72-18,01-DEM,0,1,1,0,0,0,1,1,0,1,0,0,0,1,1,,,,,,,,,,,,,,,,,,,,,,,
3441,102,72,5,102-72-5,01-DEM,1,0,1,0,0,1,0,1,0,1,0,0,1,0,1,,,,,,,,,,,,,,,,,,,,,,,
3442,102,72,33,102-72-33,02-REP,,,,,,,,,,,,,,,,,,1,0,0,0,1,0,0,1,1,0,1,1,1,1,1,1,1,1,1,,
3443,102,72,21,102-72-21,02-REP,,,,,,,,,,,,,,,,,,0,0,0,0,1,0,0,0,0,0,0,0,1,1,1,0,1,1,0,,
3444,102,72,10,102-72-10,01-DEM,1,0,0,0,0,1,0,1,0,0,0,1,0,0,0,,,,,,,,,,,,,,,,,,,,,,,
3445,102,72,32,102-72-32,02-REP,,,,,,,,,,,,,,,,,,1,1,0,0,1,0,0,1,1,1,0,1,1,1,1,1,1,1,1,,
3446,102,72,22,102-72-22,01-DEM,1,0,1,0,0,0,1,1,0,1,0,0,0,1,1,,,,,,,,,,,,,,,,,,,,,,,
3447,102,72,6,102-72-6,01-DEM,0,1,1,0,0,1,0,1,0,1,1,0,0,0,1,,,,,,,,,,,,,,,,,,,,,,,
3448,102,73,24,102-73-24,02-REP,,,,,,,,,,,,,,,,,,1,1,1,0,0,0,0,1,1,1,0,1,1,1,1,1,1,1,1,,
3449,102,73,23,102-73-23,02-REP,,,,,,,,,,,,,,,,,,1,1,0,1,0,0,0,1,1,0,1,1,1,1,1,1,1,1,1,,
3450,102,73,20,102-73-20,02-REP,,,,,,,,,,,,,,,,,,1,1,0,0,1,0,0,1,1,0,1,1,1,1,1,1,1,1,1,,
3451,102,73,11,102-73-11,02-REP,,,,,,,,,,,,,,,,,,1,1,0,0,1,0,0,1,1,0,1,1,1,1,1,1,0,1,1,,
3452,102,73,9,102-73-9,02-REP,,,,,,,,,,,,,,,,,,1,1,0,0,1,0,0,1,1,0,1,1,1,1,1,1,0,1,1,,
3453,102,73,42,102-73-42,02-REP,,,,,,,,,,,,,,,,,,1,1,0,0,1,0,0,1,1,1,0,1,1,1,1,1,1,1,1,,
3454,102,73,26,102-73-26,02-REP,,,,,,,,,,,,,,,,,,1,0,0,1,0,0,0,0,0,1,0,0,0,0,1,0,1,1,1,,
3455,102,73,25,102-73-25,02-REP,,,,,,,,,,,,,,,,,,1,1,0,0,1,0,0,1,1,1,0,1,1,1,1,1,1,1,1,,
3456,102,73,21,102-73-21,02-REP,,,,,,,,,,,,,,,,,,1,1,0,0,1,0,0,1,1,0,1,1,1,1,1,1,1,1,1,,
3457,102,73,12,102-73-12,02-REP,,,,,,,,,,,,,,,,,,1,1,0,1,0,0,0,1,1,1,0,1,1,1,1,1,1,1,1,,
3458,102,73,10,102-73-10,02-REP,,,,,,,,,,,,,,,,,,1,0,0,1,0,0,0,1,1,1,0,1,0,1,1,1,0,1,1,,
3459,102,73,27,102-73-27,02-REP,,,,,,,,,,,,,,,,,,1,1,0,1,0,0,0,1,1,1,0,1,1,1,1,1,1,1,1,,
3460,102,73,13,102-73-13,02-REP,,,,,,,,,,,,,,,,,,1,1,0,1,0,0,0,1,1,0,1,1,1,1,1,1,1,1,1,,
3461,102,73,3,102-73-3,02-REP,,,,,,,,,,,,,,,,,,1,0,1,0,0,0,0,1,1,1,0,1,1,0,1,1,1,1,1,,
3462,102,73,36,102-73-36,02-REP,,,,,,,,,,,,,,,,,,1,1,0,0,1,0,0,1,1,1,0,1,1,1,1,1,1,1,1,,
3463,102,73,35,102-73-35,02-REP,,,,,,,,,,,,,,,,,,1,1,1,0,0,0,0,1,1,1,0,1,1,1,1,1,1,1,1,,
3464,102,73,28,102-73-28,02-REP,,,,,,,,,,,,,,,,,,1,1,0,0,1,0,0,1,1,1,0,1,1,0,1,1,1,1,1,,
3465,102,73,14,102-73-14,02-REP,,,,,,,,,,,,,,,,,,1,1,0,0,1,0,0,1,1,0,1,1,1,1,1,1,0,1,1,,
3466,102,73,7,102-73-7,02-REP,,,,,,,,,,,,,,,,,,1,1,0,1,0,0,0,1,1,1,0,1,1,1,1,1,1,1,1,,
3467,102,73,38,102-73-38,02-REP,,,,,,,,,,,,,,,,,,0,0,0,0,0,0,0,0,0,0,0,0,0,0,1,0,1,1,1,,
3468,102,73,37,102-73-37,02-REP,,,,,,,,,,,,,,,,,,1,1,0,0,1,0,0,1,1,1,0,1,1,1,1,1,1,1,1,,
3469,102,73,29,102-73-29,02-REP,,,,,,,,,,,,,,,,,,1,1,0,0,1,0,0,1,1,1,0,1,1,1,1,1,1,1,1,,
3470,102,73,15,102-73-15,02-REP,,,,,,,,,,,,,,,,,,1,1,1,0,0,0,0,1,1,0,1,1,1,1,1,1,1,1,1,,
3471,102,73,8,102-73-8,02-REP,,,,,,,,,,,,,,,,,,1,0,0,1,0,0,0,1,1,1,0,1,0,1,1,0,0,0,0,,
3472,102,73,44,102-73-44,02-REP,,,,,,,,,,,,,,,,,,1,1,0,1,0,0,0,1,1,0,1,1,1,1,1,1,1,1,1,,
3473,102,73,43,102-73-43,02-REP,,,,,,,,,,,,,,,,,,0,0,0,0,1,0,0,0,0,0,0,0,0,0,0,0,0,1,0,,
3474,102,73,30,102-73-30,02-REP,,,,,,,,,,,,,,,,,,1,0,0,0,1,0,0,0,1,1,0,1,1,1,1,0,0,0,0,,
3475,102,73,16,102-73-16,02-REP,,,,,,,,,,,,,,,,,,0,1,0,1,0,0,0,0,0,0,0,0,1,1,1,0,0,1,1,,
3476,102,73,2,102-73-2,02-REP,,,,,,,,,,,,,,,,,,1,1,1,0,0,0,0,0,1,0,1,1,1,1,1,1,1,1,1,,
3477,102,73,40,102-73-40,02-REP,,,,,,,,,,,,,,,,,,1,1,0,0,1,0,0,1,1,1,0,1,1,1,1,1,1,1,1,,
3478,102,73,39,102-73-39,02-REP,,,,,,,,,,,,,,,,,,1,1,0,0,1,0,0,1,1,1,0,1,1,1,1,1,1,1,1,,
3479,102,73,31,102-73-31,02-REP,,,,,,,,,,,,,,,,,,1,1,0,0,1,0,0,1,1,1,0,1,1,1,1,1,1,1,1,,
3480,102,73,17,102-73-17,02-REP,,,,,,,,,,,,,,,,,,0,1,0,0,1,0,0,1,1,1,0,1,1,0,1,1,1,1,1,,
3481,102,73,6,102-73-6,02-REP,,,,,,,,,,,,,,,,,,1,1,0,1,0,0,0,1,1,1,0,1,1,1,1,1,1,1,1,,
3482,102,73,46,102-73-46,02-REP,,,,,,,,,,,,,,,,,,0,0,0,0,1,0,0,0,0,1,0,0,1,0,1,0,0,0,0,,
3483,102,73,45,102-73-45,02-REP,,,,,,,,,,,,,,,,,,0,1,1,0,0,0,0,1,1,1,0,1,1,1,1,1,1,1,1,,
3484,102,73,32,102-73-32,01-DEM,1,0,1,0,0,1,0,1,0,0,1,0,0,0,0,,,,,,,,,,,,,,,,,,,,,,,
3485,102,73,18,102-73-18,02-REP,,,,,,,,,,,,,,,,,,1,1,0,0,1,0,0,1,1,1,0,1,1,1,1,1,1,1,1,,
3486,102,73,5,102-73-5,02-REP,,,,,,,,,,,,,,,,,,0,0,0,1,0,0,0,0,0,0,0,0,1,1,1,0,0,1,1,,
3487,102,73,50,102-73-50,02-REP,,,,,,,,,,,,,,,,,,1,1,1,0,0,0,0,1,1,0,1,1,1,1,1,0,0,0,0,,
3488,102,73,49,102-73-49,02-REP,,,,,,,,,,,,,,,,,,1,1,0,1,0,0,0,1,1,1,0,1,1,1,1,1,1,1,1,,
3489,102,73,33,102-73-33,02-REP,,,,,,,,,,,,,,,,,,1,1,0,0,1,0,0,0,0,0,0,0,0,1,1,0,1,1,0,,
3490,102,73,19,102-73-19,02-REP,,,,,,,,,,,,,,,,,,1,1,0,0,1,0,0,1,1,0,1,1,1,1,1,1,1,1,1,,
3491,102,73,1,102-73-1,02-REP,,,,,,,,,,,,,,,,,,1,1,0,1,0,0,0,1,1,1,0,1,1,1,1,1,1,1,1,,
3492,102,73,48,102-73-48,02-REP,,,,,,,,,,,,,,,,,,0,0,0,0,1,0,0,0,0,1,0,0,1,0,1,0,0,0,0,,
3493,102,73,47,102-73-47,02-REP,,,,,,,,,,,,,,,,,,1,1,1,0,0,0,0,1,1,0,1,1,1,1,1,1,1,1,1,,
3494,102,73,34,102-73-34,02-REP,,,,,,,,,,,,,,,,,,1,1,0,0,1,0,0,1,1,1,0,1,1,1,1,1,1,1,1,,
3495,102,73,22,102-73-22,02-REP,,,,,,,,,,,,,,,,,,1,1,0,1,0,0,0,1,1,1,0,1,1,1,1,1,1,1,1,,
3496,102,73,4,102-73-4,01-DEM,0,1,1,0,0,1,0,1,0,0,0,0,1,0,0,,,,,,,,,,,,,,,,,,,,,,,
3497,102,73,41,102-73-41,02-REP,,,,,,,,,,,,,,,,,,1,1,1,0,0,0,0,1,1,0,0,1,1,1,1,1,0,1,1,,
3498,102,74,26,102-74-26,02-REP,,,,,,,,,,,,,,,,,,1,1,0,0,1,0,0,1,1,0,1,1,1,1,1,0,0,0,0,,
3499,102,74,25,102-74-25,02-REP,,,,,,,,,,,,,,,,,,1,1,0,1,0,0,0,1,1,0,1,1,1,1,1,1,1,1,1,,
3500,102,74,21,102-74-21,02-REP,,,,,,,,,,,,,,,,,,1,1,0,0,1,0,0,1,1,0,1,1,1,1,1,1,1,1,1,,
3501,102,74,11,102-74-11,01-DEM,1,0,0,0,0,1,0,1,0,0,1,0,0,0,0,,,,,,,,,,,,,,,,,,,,,,,
3502,102,74,8,102-74-8,02-REP,,,,,,,,,,,,,,,,,,1,1,0,0,1,0,0,1,1,0,1,1,1,1,1,1,1,1,1,,
3503,102,74,30,102-74-30,02-REP,,,,,,,,,,,,,,,,,,1,1,0,1,0,0,0,1,1,1,0,1,1,1,1,1,1,1,1,,
3504,102,74,29,102-74-29,02-REP,,,,,,,,,,,,,,,,,,1,0,0,1,0,0,0,1,1,0,1,1,1,0,0,0,0,0,0,,
3505,102,74,22,102-74-22,02-REP,,,,,,,,,,,,,,,,,,1,1,0,0,1,0,0,1,1,1,0,1,1,1,1,1,1,1,1,,
3506,102,74,12,102-74-12,02-REP,,,,,,,,,,,,,,,,,,1,1,0,1,0,0,0,1,1,0,0,1,1,1,1,1,1,1,1,,
3507,102,74,9,102-74-9,02-REP,,,,,,,,,,,,,,,,,,1,1,0,1,0,0,0,1,1,1,0,1,1,1,1,0,0,0,0,,
3508,102,74,38,102-74-38,01-DEM,0,1,1,0,0,1,0,0,1,1,0,0,1,0,1,,,,,,,,,,,,,,,,,,,,,,,
3509,102,74,37,102-74-37,02-REP,,,,,,,,,,,,,,,,,,1,1,1,0,0,0,0,1,1,1,0,1,1,1,1,1,1,1,1,,
3510,102,74,23,102-74-23,02-REP,,,,,,,,,,,,,,,,,,1,1,1,0,0,0,0,1,1,0,1,1,1,1,1,1,1,1,1,,
3511,102,74,13,102-74-13,02-REP,,,,,,,,,,,,,,,,,,1,1,0,0,1,0,0,1,1,1,0,1,1,1,1,1,1,1,1,,
3512,102,74,1,102-74-1,02-REP,,,,,,,,,,,,,,,,,,1,0,0,1,0,0,0,0,0,0,1,0,0,0,0,0,0,0,0,,
3513,102,74,36,102-74-36,02-REP,,,,,,,,,,,,,,,,,,1,1,0,1,0,0,0,1,1,1,0,1,1,1,1,1,1,1,1,,
3514,102,74,35,102-74-35,02-REP,,,,,,,,,,,,,,,,,,1,1,0,1,0,0,0,1,1,1,0,1,1,1,1,1,1,1,1,,
3515,102,74,24,102-74-24,01-DEM,0,1,0,0,0,0,1,0,0,0,0,0,1,0,0,,,,,,,,,,,,,,,,,,,,,,,
3516,102,74,40,102-74-40,01-DEM,0,1,1,0,0,0,1,0,1,1,0,0,1,0,1,,,,,,,,,,,,,,,,,,,,,,,
3517,102,74,39,102-74-39,02-REP,,,,,,,,,,,,,,,,,,0,1,0,0,1,0,0,1,1,0,1,1,1,0,1,1,0,1,1,,
3518,102,74,27,102-74-27,02-REP,,,,,,,,,,,,,,,,,,1,1,0,0,1,0,0,1,1,1,0,1,1,1,1,1,1,1,1,,
3519,102,74,15,102-74-15,02-REP,,,,,,,,,,,,,,,,,,1,1,0,0,1,0,0,1,1,1,0,1,1,1,1,1,1,1,1,,
3520,102,74,3,102-74-3,01-DEM,0,1,1,0,0,0,1,1,0,1,1,0,0,0,1,,,,,,,,,,,,,,,,,,,,,,,
3521,102,74,44,102-74-44,01-DEM,0,1,0,0,0,0,1,0,1,1,0,1,0,0,1,,,,,,,,,,,,,,,,,,,,,,,
3522,102,74,43,102-74-43,01-DEM,1,0,1,0,0,1,0,1,0,1,0,0,1,0,1,,,,,,,,,,,,,,,,,,,,,,,
3523,102,74,32,102-74-32,02-REP,,,,,,,,,,,,,,,,,,1,1,1,0,0,0,0,1,1,1,0,1,1,1,1,1,1,1,1,,
3524,102,74,16,102-74-16,02-REP,,,,,,,,,,,,,,,,,,1,1,0,0,1,0,0,1,1,1,0,1,1,1,1,1,1,1,1,,
3525,102,74,10,102-74-10,01-DEM,1,0,1,0,0,0,1,1,0,1,1,0,0,0,1,,,,,,,,,,,,,,,,,,,,,,,
3526,102,74,42,102-74-42,01-DEM,1,0,1,0,0,1,0,1,0,1,0,1,0,0,1,,,,,,,,,,,,,,,,,,,,,,,
3527,102,74,41,102-74-41,01-DEM,1,0,1,0,0,1,0,1,0,1,0,1,0,0,1,,,,,,,,,,,,,,,,,,,,,,,
3528,102,74,28,102-74-28,02-REP,,,,,,,,,,,,,,,,,,1,1,0,0,1,0,0,1,1,0,0,1,1,1,1,1,1,1,1,,
3529,102,74,17,102-74-17,01-DEM,0,1,1,0,0,0,1,1,0,1,1,0,0,0,1,,,,,,,,,,,,,,,,,,,,,,,
3530,102,74,5,102-74-5,01-DEM,1,0,1,0,0,1,0,0,1,1,0,0,1,0,1,,,,,,,,,,,,,,,,,,,,,,,
3531,102,74,50,102-74-50,01-DEM,1,0,0,0,0,1,0,0,1,0,0,1,0,0,0,,,,,,,,,,,,,,,,,,,,,,,
3532,102,74,49,102-74-49,01-DEM,1,0,1,0,0,1,0,1,0,1,0,1,0,0,1,,,,,,,,,,,,,,,,,,,,,,,
3533,102,74,31,102-74-31,01-DEM,0,1,0,0,0,0,1,0,0,0,0,0,1,0,0,,,,,,,,,,,,,,,,,,,,,,,
3534,102,74,18,102-74-18,02-REP,,,,,,,,,,,,,,,,,,1,0,0,0,0,0,0,0,0,0,0,0,0,0,0,0,1,1,0,,
3535,102,74,6,102-74-6,01-DEM,1,0,1,0,0,0,0,1,0,0,0,0,0,1,0,,,,,,,,,,,,,,,,,,,,,,,
3536,102,74,46,102-74-46,01-DEM,1,0,1,0,0,1,0,0,1,1,0,0,0,1,1,,,,,,,,,,,,,,,,,,,,,,,
3537,102,74,45,102-74-45,01-DEM,0,1,1,0,0,1,0,1,0,1,0,0,1,0,1,,,,,,,,,,,,,,,,,,,,,,,
3538,102,74,33,102-74-33,02-REP,,,,,,,,,,,,,,,,,,1,1,1,0,0,0,0,1,1,0,1,1,1,1,1,1,1,1,1,,
3539,102,74,19,102-74-19,02-REP,,,,,,,,,,,,,,,,,,1,0,0,0,1,0,0,1,1,1,0,1,1,1,1,1,1,1,1,,
3540,102,74,7,102-74-7,02-REP,,,,,,,,,,,,,,,,,,1,1,1,0,0,0,0,1,1,0,1,1,1,1,1,1,1,1,1,,
3541,102,74,48,102-74-48,01-DEM,0,1,1,0,0,1,0,0,1,1,0,0,1,0,1,,,,,,,,,,,,,,,,,,,,,,,
3542,102,74,47,102-74-47,01-DEM,0,1,1,0,0,1,0,1,0,1,0,0,1,0,1,,,,,,,,,,,,,,,,,,,,,,,
3543,102,74,34,102-74-34,02-REP,,,,,,,,,,,,,,,,,,1,1,0,0,1,0,0,1,1,1,0,1,1,1,1,1,1,1,1,,
3544,102,74,20,102-74-20,02-REP,,,,,,,,,,,,,,,,,,1,1,1,0,0,0,0,1,1,0,1,1,1,1,1,0,0,0,0,,
3545,102,74,4,102-74-4,01-DEM,1,0,1,0,0,1,0,1,0,1,0,1,0,0,1,,,,,,,,,,,,,,,,,,,,,,,
3546,102,74,2,102-74-2,01-DEM,1,0,1,0,0,1,0,0,1,1,0,0,1,0,1,,,,,,,,,,,,,,,,,,,,,,,
3547,102,74,14,102-74-14,02-REP,,,,,,,,,,,,,,,,,,0,0,0,1,0,0,0,0,0,0,0,0,0,0,0,0,0,0,0,,
3548,102,75,32,102-75-32,01-DEM,1,0,1,0,0,1,0,1,0,1,0,0,0,1,1,,,,,,,,,,,,,,,,,,,,,,,
3549,102,75,31,102-75-31,01-DEM,1,0,1,0,0,1,0,0,1,1,0,0,1,0,1,,,,,,,,,,,,,,,,,,,,,,,
3550,102,75,21,102-75-21,02-REP,,,,,,,,,,,,,,,,,,1,1,0,0,1,0,0,1,1,1,0,1,1,1,1,1,1,1,1,,
3551,102,75,11,102-75-11,02-REP,,,,,,,,,,,,,,,,,,1,1,0,1,0,0,0,1,1,1,0,1,1,1,1,1,1,1,1,,
3552,102,75,1,102-75-1,02-REP,,,,,,,,,,,,,,,,,,1,1,0,1,0,0,0,1,1,1,0,1,1,1,1,1,1,1,1,,
3553,102,75,38,102-75-38,01-DEM,0,1,1,0,0,0,1,1,0,1,1,0,0,0,1,,,,,,,,,,,,,,,,,,,,,,,
3554,102,75,23,102-75-23,01-DEM,1,0,1,0,0,1,0,1,0,1,1,0,0,0,1,,,,,,,,,,,,,,,,,,,,,,,
3555,102,75,12,102-75-12,02-REP,,,,,,,,,,,,,,,,,,1,1,1,0,0,0,0,1,1,1,0,1,1,1,1,1,1,1,1,,
3556,102,75,2,102-75-2,02-REP,,,,,,,,,,,,,,,,,,0,0,1,0,0,0,0,0,0,0,1,0,1,0,1,0,1,0,0,,
3557,102,75,34,102-75-34,02-REP,,,,,,,,,,,,,,,,,,1,1,0,0,1,0,0,1,1,1,0,1,1,1,1,1,1,1,1,,
3558,102,75,33,102-75-33,02-REP,,,,,,,,,,,,,,,,,,1,1,0,0,1,0,0,1,1,1,0,1,1,1,1,0,0,0,0,,
3559,102,75,22,102-75-22,01-DEM,0,1,1,0,0,0,1,1,0,1,1,0,0,0,1,,,,,,,,,,,,,,,,,,,,,,,
3560,102,75,13,102-75-13,01-DEM,1,0,1,0,0,1,0,0,0,1,0,0,0,1,1,,,,,,,,,,,,,,,,,,,,,,,
3561,102,75,5,102-75-5,01-DEM,1,0,1,0,0,1,0,0,1,0,0,0,1,0,0,,,,,,,,,,,,,,,,,,,,,,,
3562,102,75,36,102-75-36,02-REP,,,,,,,,,,,,,,,,,,1,1,0,0,1,0,0,1,1,1,0,1,1,1,1,1,1,1,1,,
3563,102,75,35,102-75-35,02-REP,,,,,,,,,,,,,,,,,,1,1,0,0,1,0,0,1,1,1,0,1,1,1,1,1,1,1,1,,
3564,102,75,24,102-75-24,01-DEM,0,1,1,0,0,0,1,0,1,1,0,0,1,0,1,,,,,,,,,,,,,,,,,,,,,,,
3565,102,75,14,102-75-14,01-DEM,0,1,1,0,0,0,1,0,1,1,1,0,0,0,1,,,,,,,,,,,,,,,,,,,,,,,
3566,102,75,4,102-75-4,01-DEM,1,0,1,0,0,1,0,1,0,1,1,0,0,0,1,,,,,,,,,,,,,,,,,,,,,,,
3567,102,75,26,102-75-26,02-REP,,,,,,,,,,,,,,,,,,1,1,1,0,0,0,0,0,1,0,0,0,0,0,1,0,0,1,0,,
3568,102,75,15,102-75-15,02-REP,,,,,,,,,,,,,,,,,,0,0,0,0,1,0,0,0,0,0,0,0,0,1,1,1,1,1,1,,
3569,102,75,10,102-75-10,02-REP,,,,,,,,,,,,,,,,,,1,1,1,0,0,0,0,1,1,1,0,1,1,1,1,1,1,1,1,,
3570,102,75,29,102-75-29,02-REP,,,,,,,,,,,,,,,,,,1,1,0,1,0,0,0,0,0,0,0,0,0,0,0,0,0,0,0,,
3571,102,75,16,102-75-16,02-REP,,,,,,,,,,,,,,,,,,1,1,1,0,0,0,0,1,1,1,0,1,1,1,1,1,1,1,1,,
3572,102,75,6,102-75-6,01-DEM,0,1,1,0,0,1,0,0,1,1,0,0,1,0,1,,,,,,,,,,,,,,,,,,,,,,,
3573,102,75,40,102-75-40,01-DEM,1,0,1,0,0,1,0,1,0,1,0,1,0,0,1,,,,,,,,,,,,,,,,,,,,,,,
3574,102,75,39,102-75-39,01-DEM,1,0,1,0,0,1,0,0,1,1,0,0,1,0,1,,,,,,,,,,,,,,,,,,,,,,,
3575,102,75,25,102-75-25,01-DEM,1,0,1,0,0,1,0,1,0,1,1,0,0,0,1,,,,,,,,,,,,,,,,,,,,,,,
3576,102,75,17,102-75-17,01-DEM,0,1,1,0,0,0,1,0,1,1,1,0,0,0,1,,,,,,,,,,,,,,,,,,,,,,,
3577,102,75,3,102-75-3,02-REP,,,,,,,,,,,,,,,,,,1,0,0,0,1,0,0,0,0,1,0,0,0,0,0,0,0,0,0,,
3578,102,75,28,102-75-28,02-REP,,,,,,,,,,,,,,,,,,1,1,0,0,1,0,0,1,1,0,1,1,1,1,1,0,0,0,0,,
3579,102,75,18,102-75-18,02-REP,,,,,,,,,,,,,,,,,,1,1,1,0,0,0,0,1,1,1,0,1,1,1,1,1,1,1,1,,
3580,102,75,42,102-75-42,02-REP,,,,,,,,,,,,,,,,,,1,1,0,1,0,0,0,1,1,1,0,1,1,1,1,1,1,1,1,,
3581,102,75,41,102-75-41,02-REP,,,,,,,,,,,,,,,,,,1,1,0,0,1,0,0,1,1,0,1,1,1,1,1,1,1,1,1,,
3582,102,75,27,102-75-27,01-DEM,0,1,1,0,0,0,1,1,0,1,0,0,1,0,1,,,,,,,,,,,,,,,,,,,,,,,
3583,102,75,19,102-75-19,02-REP,,,,,,,,,,,,,,,,,,1,1,0,0,1,0,0,1,1,0,1,1,1,1,1,1,1,1,1,,
3584,102,75,8,102-75-8,01-DEM,1,0,1,0,0,1,0,1,0,1,0,1,0,0,1,,,,,,,,,,,,,,,,,,,,,,,
3585,102,75,30,102-75-30,02-REP,,,,,,,,,,,,,,,,,,1,1,0,1,0,0,0,0,0,0,0,0,0,0,0,0,0,0,0,,
3586,102,75,20,102-75-20,01-DEM,0,1,1,0,0,0,1,1,0,1,1,0,0,0,1,,,,,,,,,,,,,,,,,,,,,,,
3587,102,75,9,102-75-9,01-DEM,0,1,0,0,0,1,0,0,1,0,0,0,1,0,0,,,,,,,,,,,,,,,,,,,,,,,
3588,102,75,37,102-75-37,01-DEM,0,1,0,0,0,0,1,0,1,1,0,0,0,1,1,,,,,,,,,,,,,,,,,,,,,,,
3589,102,75,7,102-75-7,02-REP,,,,,,,,,,,,,,,,,,1,1,1,0,0,0,0,1,1,0,0,1,1,0,1,1,1,1,1,,
3590,102,76,40,102-76-40,02-REP,,,,,,,,,,,,,,,,,,0,0,0,0,1,0,0,1,1,0,1,0,0,0,1,0,0,0,1,,
3591,102,76,39,102-76-39,01-DEM,1,0,1,0,0,1,0,1,0,1,1,0,0,0,1,,,,,,,,,,,,,,,,,,,,,,,
3592,102,76,25,102-76-25,02-REP,,,,,,,,,,,,,,,,,,1,1,0,0,1,0,0,1,1,1,0,1,1,1,1,1,1,1,1,,
3593,102,76,24,102-76-24,01-DEM,1,0,0,0,0,1,0,1,0,1,0,1,0,0,1,,,,,,,,,,,,,,,,,,,,,,,
3594,102,76,20,102-76-20,01-DEM,0,1,1,0,0,0,1,1,0,1,1,0,0,0,1,,,,,,,,,,,,,,,,,,,,,,,
3595,102,76,11,102-76-11,02-REP,,,,,,,,,,,,,,,,,,1,1,0,0,1,0,0,1,1,0,1,1,1,1,1,1,1,1,1,,
3596,102,76,4,102-76-4,02-REP,,,,,,,,,,,,,,,,,,0,0,0,1,0,0,0,0,0,0,0,0,0,0,0,0,0,0,1,,
3597,102,76,42,102-76-42,02-REP,,,,,,,,,,,,,,,,,,1,1,0,0,1,0,0,1,1,0,1,1,1,1,1,1,1,1,1,,
3598,102,76,41,102-76-41,02-REP,,,,,,,,,,,,,,,,,,0,1,0,1,0,0,0,1,1,0,1,1,1,1,1,1,1,1,1,,
3599,102,76,27,102-76-27,02-REP,,,,,,,,,,,,,,,,,,1,1,1,0,0,0,0,1,1,1,0,1,1,1,1,1,1,1,1,,
3600,102,76,26,102-76-26,02-REP,,,,,,,,,,,,,,,,,,1,1,0,0,1,0,0,1,1,0,1,1,1,1,1,1,1,1,1,,
3601,102,76,12,102-76-12,02-REP,,,,,,,,,,,,,,,,,,1,1,1,0,0,0,0,1,1,1,0,1,1,1,1,1,1,1,1,,
3602,102,76,10,102-76-10,02-REP,,,,,,,,,,,,,,,,,,0,0,0,0,1,0,0,1,1,0,1,0,0,0,1,0,0,0,1,,
3603,102,76,36,102-76-36,02-REP,,,,,,,,,,,,,,,,,,0,1,1,0,0,0,0,0,0,0,1,0,0,0,1,0,0,0,1,,
3604,102,76,35,102-76-35,02-REP,,,,,,,,,,,,,,,,,,0,1,0,1,0,0,0,1,1,1,0,0,0,0,0,0,0,0,0,,
3605,102,76,23,102-76-23,01-DEM,0,1,1,0,0,0,1,1,0,1,1,0,0,0,1,,,,,,,,,,,,,,,,,,,,,,,
3606,102,76,13,102-76-13,02-REP,,,,,,,,,,,,,,,,,,0,1,0,1,0,0,0,1,1,1,0,0,0,0,0,0,0,0,0,,
3607,102,76,1,102-76-1,01-DEM,1,0,1,0,0,1,0,1,0,1,0,1,0,0,1,,,,,,,,,,,,,,,,,,,,,,,
3608,102,76,38,102-76-38,01-DEM,1,0,1,0,0,0,1,0,1,1,1,0,0,0,1,,,,,,,,,,,,,,,,,,,,,,,
3609,102,76,37,102-76-37,01-DEM,0,1,1,0,0,0,1,1,0,1,1,0,0,0,1,,,,,,,,,,,,,,,,,,,,,,,
3610,102,76,28,102-76-28,02-REP,,,,,,,,,,,,,,,,,,1,1,0,1,0,0,0,1,1,0,1,1,1,1,1,1,1,1,1,,
3611,102,76,14,102-76-14,02-REP,,,,,,,,,,,,,,,,,,1,1,1,0,0,0,0,1,1,0,1,1,1,1,1,1,1,1,1,,
3612,102,76,2,102-76-2,01-DEM,0,1,1,0,0,0,1,1,0,1,0,1,0,0,1,,,,,,,,,,,,,,,,,,,,,,,
3613,102,76,44,102-76-44,02-REP,,,,,,,,,,,,,,,,,,1,1,0,1,0,0,0,1,1,1,0,1,1,1,1,1,1,1,1,,
3614,102,76,43,102-76-43,02-REP,,,,,,,,,,,,,,,,,,1,1,1,0,0,0,0,1,1,0,1,1,1,0,1,1,1,1,1,,
3615,102,76,29,102-76-29,02-REP,,,,,,,,,,,,,,,,,,1,1,0,1,0,0,0,1,1,0,1,1,1,1,1,1,1,1,1,,
3616,102,76,15,102-76-15,02-REP,,,,,,,,,,,,,,,,,,1,1,0,0,1,0,0,1,1,1,0,1,1,1,1,1,1,1,1,,
3617,102,76,6,102-76-6,02-REP,,,,,,,,,,,,,,,,,,1,1,1,0,0,0,0,1,1,0,1,1,1,1,1,1,1,1,1,,
3618,102,76,46,102-76-46,02-REP,,,,,,,,,,,,,,,,,,1,0,0,0,1,0,0,0,0,0,0,1,0,0,0,0,0,0,0,,
3619,102,76,45,102-76-45,02-REP,,,,,,,,,,,,,,,,,,1,1,0,0,1,0,0,1,1,1,0,1,1,1,1,1,1,1,1,,
3620,102,76,30,102-76-30,02-REP,,,,,,,,,,,,,,,,,,1,1,1,0,0,0,0,1,1,0,1,1,1,0,0,1,1,1,1,,
3621,102,76,16,102-76-16,02-REP,,,,,,,,,,,,,,,,,,1,1,1,0,0,0,0,1,1,1,0,1,1,1,1,1,1,1,1,,
3622,102,76,5,102-76-5,02-REP,,,,,,,,,,,,,,,,,,1,0,0,1,0,0,0,1,1,1,0,1,1,1,1,1,1,1,1,,
3623,102,76,48,102-76-48,02-REP,,,,,,,,,,,,,,,,,,1,1,0,1,0,0,0,1,1,0,1,1,1,1,1,1,1,1,1,,
3624,102,76,47,102-76-47,02-REP,,,,,,,,,,,,,,,,,,1,1,0,1,0,0,0,1,1,1,0,1,1,1,1,1,1,1,1,,
3625,102,76,31,102-76-31,02-REP,,,,,,,,,,,,,,,,,,1,1,1,0,0,0,0,1,1,0,1,1,1,1,1,1,1,1,1,,
3626,102,76,17,102-76-17,02-REP,,,,,,,,,,,,,,,,,,1,1,1,0,0,0,0,1,1,1,0,1,1,1,1,1,1,1,1,,
3627,102,76,7,102-76-7,02-REP,,,,,,,,,,,,,,,,,,1,1,0,0,1,0,0,1,0,0,1,1,1,1,1,1,1,1,1,,
3628,102,76,32,102-76-32,02-REP,,,,,,,,,,,,,,,,,,1,1,1,0,0,0,0,1,1,0,1,1,1,1,1,1,1,1,1,,
3629,102,76,18,102-76-18,02-REP,,,,,,,,,,,,,,,,,,1,1,0,1,0,0,0,1,1,0,1,1,1,1,1,1,1,1,1,,
3630,102,76,3,102-76-3,02-REP,,,,,,,,,,,,,,,,,,0,1,1,0,0,0,0,1,0,0,1,0,0,0,1,0,0,0,0,,
3631,102,76,50,102-76-50,02-REP,,,,,,,,,,,,,,,,,,1,1,0,0,1,0,0,1,1,1,0,1,1,1,1,1,1,1,1,,
3632,102,76,49,102-76-49,02-REP,,,,,,,,,,,,,,,,,,1,1,0,0,1,0,0,1,1,1,0,1,1,1,1,1,1,1,1,,
3633,102,76,33,102-76-33,02-REP,,,,,,,,,,,,,,,,,,1,1,1,0,0,0,0,1,1,1,0,1,1,1,1,1,1,1,1,,
3634,102,76,19,102-76-19,02-REP,,,,,,,,,,,,,,,,,,1,1,1,0,0,0,0,1,1,1,0,1,1,1,1,1,1,1,1,,
3635,102,76,9,102-76-9,02-REP,,,,,,,,,,,,,,,,,,1,1,0,1,0,0,0,1,1,1,0,1,1,1,1,1,1,1,1,,
3636,102,76,34,102-76-34,02-REP,,,,,,,,,,,,,,,,,,1,1,0,0,1,0,0,1,1,0,1,1,1,1,1,1,1,1,1,,
3637,102,76,21,102-76-21,01-DEM,0,1,1,0,0,1,0,1,0,1,1,0,0,0,1,,,,,,,,,,,,,,,,,,,,,,,
3638,102,76,8,102-76-8,02-REP,,,,,,,,,,,,,,,,,,1,0,0,1,0,0,0,1,1,1,0,1,1,1,1,1,0,1,1,,
3639,102,76,22,102-76-22,01-DEM,1,0,0,0,0,1,0,1,0,1,0,1,0,0,1,,,,,,,,,,,,,,,,,,,,,,,
3640,102,77,34,102-77-34,02-REP,,,,,,,,,,,,,,,,,,1,1,0,1,0,0,0,1,1,1,0,1,1,1,1,1,1,1,1,,
3641,102,77,33,102-77-33,02-REP,,,,,,,,,,,,,,,,,,1,0,0,0,1,0,0,1,1,0,0,0,0,0,0,0,0,0,0,,
3642,102,77,21,102-77-21,02-REP,,,,,,,,,,,,,,,,,,0,0,0,1,0,0,0,0,0,0,0,0,0,0,0,1,1,1,1,,
3643,102,77,11,102-77-11,02-REP,,,,,,,,,,,,,,,,,,1,1,1,0,0,0,0,1,1,1,0,1,1,1,1,1,1,1,1,,
3644,102,77,36,102-77-36,02-REP,,,,,,,,,,,,,,,,,,1,1,0,0,0,0,0,1,1,0,1,1,1,1,1,1,1,1,1,,
3645,102,77,35,102-77-35,02-REP,,,,,,,,,,,,,,,,,,1,1,0,0,1,0,0,1,1,0,1,0,1,1,1,1,1,1,1,,
3646,102,77,22,102-77-22,02-REP,,,,,,,,,,,,,,,,,,1,1,0,0,1,0,0,1,0,0,0,1,1,0,0,0,1,1,1,,
3647,102,77,12,102-77-12,02-REP,,,,,,,,,,,,,,,,,,1,1,0,1,0,0,0,1,1,1,0,1,1,1,1,1,1,1,1,,
3648,102,77,2,102-77-2,02-REP,,,,,,,,,,,,,,,,,,1,1,0,1,0,0,0,1,1,0,1,1,1,1,1,1,1,1,1,,
3649,102,77,40,102-77-40,02-REP,,,,,,,,,,,,,,,,,,1,1,0,0,1,0,0,1,1,1,0,1,1,0,1,1,1,1,1,,
3650,102,77,39,102-77-39,02-REP,,,,,,,,,,,,,,,,,,1,1,0,1,0,0,0,1,1,1,0,1,1,1,1,1,1,1,1,,
3651,102,77,23,102-77-23,02-REP,,,,,,,,,,,,,,,,,,1,1,0,1,0,0,0,1,1,0,1,1,1,1,1,1,1,1,1,,
3652,102,77,13,102-77-13,02-REP,,,,,,,,,,,,,,,,,,1,1,0,1,0,0,0,1,1,1,0,1,1,1,1,1,1,1,1,,
3653,102,77,3,102-77-3,02-REP,,,,,,,,,,,,,,,,,,1,1,0,1,0,0,0,1,1,0,1,1,1,0,1,1,1,1,1,,
3654,102,77,32,102-77-32,02-REP,,,,,,,,,,,,,,,,,,1,1,1,0,0,0,0,1,1,0,1,1,1,1,1,1,1,1,1,,
3655,102,77,31,102-77-31,02-REP,,,,,,,,,,,,,,,,,,1,1,0,0,1,0,0,1,1,1,0,1,1,1,1,1,1,1,1,,
3656,102,77,24,102-77-24,02-REP,,,,,,,,,,,,,,,,,,1,1,0,1,0,0,0,1,1,1,0,1,1,1,1,1,1,1,1,,
3657,102,77,14,102-77-14,02-REP,,,,,,,,,,,,,,,,,,1,1,0,0,1,0,0,1,1,1,0,1,1,1,1,1,1,1,1,,
3658,102,77,8,102-77-8,02-REP,,,,,,,,,,,,,,,,,,1,1,0,1,0,0,0,1,1,1,0,1,1,1,1,1,1,1,1,,
3659,102,77,42,102-77-42,02-REP,,,,,,,,,,,,,,,,,,1,1,0,0,1,0,0,1,1,1,0,1,1,1,1,1,1,1,1,,
3660,102,77,41,102-77-41,02-REP,,,,,,,,,,,,,,,,,,1,1,0,1,0,0,0,1,1,0,1,1,1,1,1,1,1,1,1,,
3661,102,77,25,102-77-25,02-REP,,,,,,,,,,,,,,,,,,1,1,0,1,0,0,0,1,1,1,0,1,1,1,1,1,1,1,1,,
3662,102,77,15,102-77-15,02-REP,,,,,,,,,,,,,,,,,,1,1,0,1,0,0,0,1,1,1,0,1,1,1,1,1,1,1,1,,
3663,102,77,10,102-77-10,02-REP,,,,,,,,,,,,,,,,,,1,1,0,0,1,0,0,1,1,0,1,1,1,1,1,1,1,1,1,,
3664,102,77,44,102-77-44,02-REP,,,,,,,,,,,,,,,,,,1,1,0,1,0,0,0,1,1,0,1,1,1,1,1,1,1,1,1,,
3665,102,77,43,102-77-43,02-REP,,,,,,,,,,,,,,,,,,0,0,0,0,0,0,0,0,0,0,0,0,0,0,1,0,0,1,1,,
3666,102,77,26,102-77-26,02-REP,,,,,,,,,,,,,,,,,,1,1,0,1,0,0,0,1,1,1,0,1,1,1,1,1,1,1,1,,
3667,102,77,16,102-77-16,02-REP,,,,,,,,,,,,,,,,,,1,1,0,1,0,0,0,1,1,0,0,1,1,0,1,1,1,1,1,,
3668,102,77,5,102-77-5,02-REP,,,,,,,,,,,,,,,,,,1,1,0,1,0,0,0,1,1,1,0,1,1,1,1,1,1,1,1,,
3669,102,77,46,102-77-46,02-REP,,,,,,,,,,,,,,,,,,1,1,1,0,0,0,0,1,1,1,0,1,1,1,1,1,1,1,1,,
3670,102,77,45,102-77-45,02-REP,,,,,,,,,,,,,,,,,,1,1,1,0,0,0,0,1,1,0,1,1,1,1,1,1,1,1,1,,
3671,102,77,28,102-77-28,02-REP,,,,,,,,,,,,,,,,,,0,0,0,0,1,0,0,0,0,0,0,0,0,0,0,0,0,0,0,,
3672,102,77,17,102-77-17,02-REP,,,,,,,,,,,,,,,,,,1,1,0,1,0,0,0,1,1,1,0,1,1,1,1,0,1,1,0,,
3673,102,77,9,102-77-9,02-REP,,,,,,,,,,,,,,,,,,1,1,0,1,0,0,0,1,1,1,0,1,1,1,1,1,1,1,1,,
3674,102,77,48,102-77-48,02-REP,,,,,,,,,,,,,,,,,,1,1,0,0,1,0,0,1,1,1,0,1,1,1,1,1,1,1,1,,
3675,102,77,47,102-77-47,02-REP,,,,,,,,,,,,,,,,,,1,1,1,0,0,0,0,1,1,0,1,1,1,1,1,1,1,1,1,,
3676,102,77,29,102-77-29,02-REP,,,,,,,,,,,,,,,,,,1,1,0,0,1,0,0,1,1,0,1,1,1,1,1,1,1,1,1,,
3677,102,77,18,102-77-18,02-REP,,,,,,,,,,,,,,,,,,1,1,0,1,0,0,0,1,1,0,1,1,1,1,1,1,1,1,1,,
3678,102,77,4,102-77-4,02-REP,,,,,,,,,,,,,,,,,,1,1,0,0,1,0,0,1,1,1,0,1,1,1,1,1,1,1,1,,
3679,102,77,38,102-77-38,02-REP,,,,,,,,,,,,,,,,,,0,0,0,0,0,0,0,0,0,0,0,0,0,0,0,1,1,1,1,,
3680,102,77,37,102-77-37,02-REP,,,,,,,,,,,,,,,,,,1,1,0,1,0,0,0,1,1,0,1,1,1,1,1,1,1,1,1,,
3681,102,77,27,102-77-27,02-REP,,,,,,,,,,,,,,,,,,1,1,0,1,0,0,0,1,1,0,1,1,1,1,1,1,1,1,1,,
3682,102,77,19,102-77-19,02-REP,,,,,,,,,,,,,,,,,,1,1,0,0,1,0,0,1,1,0,1,0,1,1,1,1,1,1,1,,
3683,102,77,6,102-77-6,02-REP,,,,,,,,,,,,,,,,,,1,1,0,1,0,0,0,1,1,0,1,1,1,1,1,1,1,1,1,,
3684,102,77,50,102-77-50,01-DEM,0,1,1,0,0,0,1,1,0,1,1,0,0,0,1,,,,,,,,,,,,,,,,,,,,,,,
3685,102,77,49,102-77-49,02-REP,,,,,,,,,,,,,,,,,,1,1,0,1,0,0,0,1,1,1,0,1,1,1,1,1,1,1,1,,
3686,102,77,30,102-77-30,02-REP,,,,,,,,,,,,,,,,,,1,1,0,1,0,0,0,1,1,1,0,1,1,1,1,1,1,1,1,,
3687,102,77,20,102-77-20,02-REP,,,,,,,,,,,,,,,,,,1,1,0,0,1,0,0,1,1,0,0,1,1,1,1,1,1,1,1,,
3688,102,77,7,102-77-7,02-REP,,,,,,,,,,,,,,,,,,1,1,0,0,1,0,0,1,1,0,0,1,1,1,1,1,1,1,1,,
3689,102,77,1,102-77-1,01-DEM,0,1,0,0,0,0,1,1,0,1,0,1,0,0,1,,,,,,,,,,,,,,,,,,,,,,,
3690,102,78,34,102-78-34,01-DEM,0,1,1,0,0,0,1,1,0,1,0,0,1,0,1,,,,,,,,,,,,,,,,,,,,,,,
3691,102,78,33,102-78-33,02-REP,,,,,,,,,,,,,,,,,,1,1,0,1,0,0,0,1,1,1,0,1,1,1,1,0,0,0,0,,
3692,102,78,22,102-78-22,01-DEM,1,0,1,0,0,0,1,1,0,1,1,0,0,0,1,,,,,,,,,,,,,,,,,,,,,,,
3693,102,78,11,102-78-11,01-DEM,1,0,0,0,0,0,1,1,0,0,1,0,0,0,0,,,,,,,,,,,,,,,,,,,,,,,
3694,102,78,10,102-78-10,01-DEM,1,0,1,0,0,1,0,1,0,1,0,1,0,0,1,,,,,,,,,,,,,,,,,,,,,,,
3695,102,78,40,102-78-40,01-DEM,0,1,1,0,0,0,1,0,0,0,0,0,0,0,0,,,,,,,,,,,,,,,,,,,,,,,
3696,102,78,39,102-78-39,02-REP,,,,,,,,,,,,,,,,,,1,0,1,0,0,0,0,1,1,1,0,1,1,1,1,1,1,1,1,,
3697,102,78,24,102-78-24,02-REP,,,,,,,,,,,,,,,,,,0,0,1,0,0,0,0,0,0,0,1,0,0,0,0,0,0,0,0,,
3698,102,78,21,102-78-21,01-DEM,0,1,1,0,0,0,1,1,0,1,0,0,1,0,1,,,,,,,,,,,,,,,,,,,,,,,
3699,102,78,12,102-78-12,01-DEM,1,0,1,0,0,0,1,1,0,1,0,1,0,0,1,,,,,,,,,,,,,,,,,,,,,,,
3700,102,78,8,102-78-8,01-DEM,1,0,1,0,0,0,1,0,1,1,0,0,1,0,1,,,,,,,,,,,,,,,,,,,,,,,
3701,102,78,38,102-78-38,02-REP,,,,,,,,,,,,,,,,,,0,0,0,0,1,0,0,0,0,0,0,0,0,0,0,0,0,1,1,,
3702,102,78,37,102-78-37,01-DEM,0,1,1,0,0,1,0,1,0,1,1,0,0,0,1,,,,,,,,,,,,,,,,,,,,,,,
3703,102,78,26,102-78-26,01-DEM,0,1,0,0,0,1,0,0,0,0,1,0,0,0,0,,,,,,,,,,,,,,,,,,,,,,,
3704,102,78,13,102-78-13,01-DEM,0,1,1,0,0,1,0,1,0,1,0,0,1,0,1,,,,,,,,,,,,,,,,,,,,,,,
3705,102,78,3,102-78-3,01-DEM,0,1,1,0,0,0,1,0,1,1,1,0,0,0,1,,,,,,,,,,,,,,,,,,,,,,,
3706,102,78,42,102-78-42,01-DEM,0,1,1,0,0,0,1,0,0,0,0,0,0,0,0,,,,,,,,,,,,,,,,,,,,,,,
3707,102,78,41,102-78-41,01-DEM,1,0,1,0,0,1,0,1,0,1,1,0,0,0,1,,,,,,,,,,,,,,,,,,,,,,,
3708,102,78,25,102-78-25,02-REP,,,,,,,,,,,,,,,,,,1,1,0,1,0,0,0,1,1,0,1,1,1,1,1,1,1,1,1,,
3709,102,78,14,102-78-14,01-DEM,1,0,1,0,0,1,0,1,0,1,1,0,0,0,1,,,,,,,,,,,,,,,,,,,,,,,
3710,102,78,6,102-78-6,01-DEM,0,1,1,0,0,0,1,0,1,1,1,0,0,0,1,,,,,,,,,,,,,,,,,,,,,,,
3711,102,78,36,102-78-36,01-DEM,1,0,1,0,0,1,0,1,0,1,1,0,0,0,1,,,,,,,,,,,,,,,,,,,,,,,
3712,102,78,35,102-78-35,01-DEM,1,0,1,0,0,0,1,1,0,1,0,0,0,1,1,,,,,,,,,,,,,,,,,,,,,,,
3713,102,78,27,102-78-27,01-DEM,0,1,1,0,0,0,1,0,0,1,0,0,0,1,1,,,,,,,,,,,,,,,,,,,,,,,
3714,102,78,15,102-78-15,01-DEM,1,0,1,0,0,1,0,1,0,1,1,0,0,0,1,,,,,,,,,,,,,,,,,,,,,,,
3715,102,78,5,102-78-5,01-DEM,0,1,1,0,0,0,1,1,0,1,1,0,0,0,1,,,,,,,,,,,,,,,,,,,,,,,
3716,102,78,46,102-78-46,02-REP,,,,,,,,,,,,,,,,,,1,1,1,0,0,0,0,1,1,1,0,1,1,1,1,1,1,1,1,,
3717,102,78,45,102-78-45,02-REP,,,,,,,,,,,,,,,,,,0,1,0,1,0,0,0,1,1,0,1,1,1,1,1,1,1,1,1,,
3718,102,78,28,102-78-28,02-REP,,,,,,,,,,,,,,,,,,1,1,1,0,0,0,0,1,1,0,0,1,0,1,1,1,1,1,1,,
3719,102,78,16,102-78-16,01-DEM,1,0,1,0,0,1,0,0,1,1,0,1,0,0,1,,,,,,,,,,,,,,,,,,,,,,,
3720,102,78,4,102-78-4,01-DEM,1,0,0,0,0,0,1,1,0,0,1,0,0,0,0,,,,,,,,,,,,,,,,,,,,,,,
3721,102,78,44,102-78-44,02-REP,,,,,,,,,,,,,,,,,,1,1,1,0,0,0,0,1,1,0,1,1,1,1,1,1,1,1,1,,
3722,102,78,43,102-78-43,02-REP,,,,,,,,,,,,,,,,,,0,0,0,0,1,0,0,0,0,0,0,0,0,0,1,0,0,1,1,,
3723,102,78,17,102-78-17,01-DEM,0,1,1,0,0,0,1,0,1,1,1,0,0,0,1,,,,,,,,,,,,,,,,,,,,,,,
3724,102,78,2,102-78-2,01-DEM,0,1,1,0,0,1,0,0,1,1,0,0,1,0,1,,,,,,,,,,,,,,,,,,,,,,,
3725,102,78,32,102-78-32,02-REP,,,,,,,,,,,,,,,,,,0,0,0,0,1,0,0,0,0,0,1,0,0,1,1,0,1,1,1,,
3726,102,78,18,102-78-18,01-DEM,0,1,1,0,0,0,1,1,0,1,1,0,0,0,1,,,,,,,,,,,,,,,,,,,,,,,
3727,102,78,9,102-78-9,01-DEM,1,0,1,0,0,1,0,1,0,1,0,1,0,0,1,,,,,,,,,,,,,,,,,,,,,,,
3728,102,78,48,102-78-48,02-REP,,,,,,,,,,,,,,,,,,1,1,1,0,0,0,0,1,1,1,0,1,1,1,1,1,1,1,1,,
3729,102,78,47,102-78-47,01-DEM,0,1,0,0,0,0,1,0,1,0,0,0,0,1,0,,,,,,,,,,,,,,,,,,,,,,,
3730,102,78,30,102-78-30,02-REP,,,,,,,,,,,,,,,,,,1,1,1,0,0,0,0,1,1,0,1,1,1,1,1,1,1,1,1,,
3731,102,78,19,102-78-19,01-DEM,1,0,1,0,0,1,0,0,1,1,0,1,0,0,1,,,,,,,,,,,,,,,,,,,,,,,
3732,102,78,50,102-78-50,02-REP,,,,,,,,,,,,,,,,,,1,0,0,0,1,0,0,1,1,1,0,1,1,1,1,1,1,1,1,,
3733,102,78,49,102-78-49,01-DEM,0,1,0,0,0,0,1,0,1,1,1,0,0,0,0,,,,,,,,,,,,,,,,,,,,,,,
3734,102,78,31,102-78-31,02-REP,,,,,,,,,,,,,,,,,,0,1,1,0,0,0,0,1,1,0,1,1,1,1,1,1,1,1,1,,
3735,102,78,20,102-78-20,01-DEM,0,1,1,0,0,0,1,0,1,1,1,0,0,0,1,,,,,,,,,,,,,,,,,,,,,,,
3736,102,78,7,102-78-7,01-DEM,0,1,1,0,0,1,0,1,0,1,0,0,0,1,1,,,,,,,,,,,,,,,,,,,,,,,
3737,102,78,1,102-78-1,01-DEM,1,0,1,0,0,1,0,0,1,1,1,0,0,0,1,,,,,,,,,,,,,,,,,,,,,,,
3738,102,78,29,102-78-29,01-DEM,1,0,1,0,0,0,1,1,0,1,1,0,0,0,1,,,,,,,,,,,,,,,,,,,,,,,
3739,102,78,23,102-78-23,01-DEM,0,1,1,0,0,0,1,1,0,1,0,0,0,0,1,,,,,,,,,,,,,,,,,,,,,,,
3740,102,79,32,102-79-32,01-DEM,0,1,1,0,0,0,1,1,0,1,1,0,0,0,1,,,,,,,,,,,,,,,,,,,,,,,
3741,102,79,31,102-79-31,01-DEM,0,0,0,0,0,0,1,1,0,0,0,0,1,0,0,,,,,,,,,,,,,,,,,,,,,,,
3742,102,79,21,102-79-21,01-DEM,1,0,1,0,0,1,0,0,1,0,1,0,0,0,0,,,,,,,,,,,,,,,,,,,,,,,
3743,102,79,11,102-79-11,02-REP,,,,,,,,,,,,,,,,,,1,0,0,0,1,0,0,1,1,0,1,1,1,1,1,1,1,1,1,,
3744,102,79,1,102-79-1,01-DEM,1,0,1,0,0,1,0,1,0,1,1,0,0,0,1,,,,,,,,,,,,,,,,,,,,,,,
3745,102,79,34,102-79-34,01-DEM,1,0,0,0,0,0,1,1,0,0,0,0,1,0,0,,,,,,,,,,,,,,,,,,,,,,,
3746,102,79,33,102-79-33,01-DEM,1,0,1,0,0,1,0,1,0,1,0,0,1,0,1,,,,,,,,,,,,,,,,,,,,,,,
3747,102,79,22,102-79-22,02-REP,,,,,,,,,,,,,,,,,,1,1,1,0,0,0,0,1,1,0,1,1,1,1,1,1,1,1,1,,
3748,102,79,12,102-79-12,02-REP,,,,,,,,,,,,,,,,,,1,1,0,0,1,0,0,1,1,0,1,1,1,1,1,1,1,1,1,,
3749,102,79,2,102-79-2,01-DEM,1,0,1,0,0,1,0,1,0,1,1,0,0,0,1,,,,,,,,,,,,,,,,,,,,,,,
3750,102,79,38,102-79-38,01-DEM,0,1,0,0,0,0,1,0,0,1,1,0,0,0,0,,,,,,,,,,,,,,,,,,,,,,,
3751,102,79,37,102-79-37,01-DEM,0,1,0,0,0,0,1,0,0,0,1,0,0,0,0,,,,,,,,,,,,,,,,,,,,,,,
3752,102,79,23,102-79-23,02-REP,,,,,,,,,,,,,,,,,,1,1,1,0,0,0,0,1,1,0,1,1,1,1,1,1,1,1,1,,
3753,102,79,13,102-79-13,02-REP,,,,,,,,,,,,,,,,,,1,1,0,1,0,0,0,1,1,1,0,1,1,1,1,1,1,1,1,,
3754,102,79,3,102-79-3,01-DEM,1,0,1,0,0,0,1,1,0,1,0,0,0,1,1,,,,,,,,,,,,,,,,,,,,,,,
3755,102,79,36,102-79-36,02-REP,,,,,,,,,,,,,,,,,,1,1,1,0,0,0,0,1,1,0,1,1,1,1,1,1,1,1,1,,
3756,102,79,35,102-79-35,02-REP,,,,,,,,,,,,,,,,,,1,1,1,0,0,0,0,1,1,0,1,1,1,1,1,1,1,1,1,,
3757,102,79,14,102-79-14,02-REP,,,,,,,,,,,,,,,,,,1,1,0,0,1,0,0,1,1,0,1,1,1,1,1,1,1,1,1,,
3758,102,79,7,102-79-7,01-DEM,1,0,1,0,0,1,0,1,0,1,1,0,0,0,1,,,,,,,,,,,,,,,,,,,,,,,
3759,102,79,42,102-79-42,02-REP,,,,,,,,,,,,,,,,,,1,1,0,0,1,0,0,1,1,1,0,1,1,1,1,1,1,1,1,,
3760,102,79,41,102-79-41,01-DEM,1,0,0,0,0,0,1,0,1,0,0,0,1,0,0,,,,,,,,,,,,,,,,,,,,,,,
3761,102,79,26,102-79-26,02-REP,,,,,,,,,,,,,,,,,,1,0,0,0,1,0,0,1,1,1,0,1,1,1,1,1,1,1,1,,
3762,102,79,15,102-79-15,02-REP,,,,,,,,,,,,,,,,,,1,1,0,1,0,0,0,1,1,1,0,1,1,1,1,1,1,1,1,,
3763,102,79,5,102-79-5,01-DEM,1,0,1,0,0,1,0,1,0,1,0,0,0,1,1,,,,,,,,,,,,,,,,,,,,,,,
3764,102,79,27,102-79-27,02-REP,,,,,,,,,,,,,,,,,,1,0,0,0,0,0,0,1,1,1,0,1,1,1,1,1,1,1,1,,
3765,102,79,16,102-79-16,02-REP,,,,,,,,,,,,,,,,,,1,1,0,1,0,0,0,1,1,0,1,1,1,1,1,1,1,1,1,,
3766,102,79,10,102-79-10,01-DEM,0,1,1,0,0,0,1,0,0,1,1,0,0,0,0,,,,,,,,,,,,,,,,,,,,,,,
3767,102,79,28,102-79-28,02-REP,,,,,,,,,,,,,,,,,,1,1,0,0,1,0,0,1,1,0,0,1,1,1,1,1,1,1,1,,
3768,102,79,17,102-79-17,01-DEM,0,1,1,0,0,1,0,1,0,1,0,0,1,0,1,,,,,,,,,,,,,,,,,,,,,,,
3769,102,79,9,102-79-9,02-REP,,,,,,,,,,,,,,,,,,0,1,0,1,0,0,0,1,1,1,0,1,1,1,1,1,1,1,1,,
3770,102,79,40,102-79-40,01-DEM,0,1,1,0,0,1,0,1,0,1,0,0,0,1,1,,,,,,,,,,,,,,,,,,,,,,,
3771,102,79,39,102-79-39,01-DEM,0,1,1,0,0,0,1,1,0,1,1,0,0,0,1,,,,,,,,,,,,,,,,,,,,,,,
3772,102,79,25,102-79-25,02-REP,,,,,,,,,,,,,,,,,,1,0,0,0,1,0,0,1,1,0,1,1,1,1,1,1,1,1,1,,
3773,102,79,18,102-79-18,01-DEM,1,0,1,0,0,1,0,0,1,0,1,0,0,0,0,,,,,,,,,,,,,,,,,,,,,,,
3774,102,79,8,102-79-8,02-REP,,,,,,,,,,,,,,,,,,0,1,0,1,0,0,0,1,1,1,0,1,1,1,1,1,1,1,1,,
3775,102,79,29,102-79-29,01-DEM,1,0,0,0,0,0,1,0,1,0,0,1,0,0,0,,,,,,,,,,,,,,,,,,,,,,,
3776,102,79,19,102-79-19,02-REP,,,,,,,,,,,,,,,,,,1,1,0,1,0,0,0,1,1,0,1,1,1,1,1,1,1,1,1,,
3777,102,79,4,102-79-4,01-DEM,1,0,1,0,0,0,1,0,1,1,1,0,0,0,1,,,,,,,,,,,,,,,,,,,,,,,
3778,102,79,30,102-79-30,02-REP,,,,,,,,,,,,,,,,,,0,1,0,0,1,0,0,0,0,0,0,0,1,1,1,1,1,1,1,,
3779,102,79,20,102-79-20,02-REP,,,,,,,,,,,,,,,,,,1,1,0,1,0,0,0,1,0,0,1,1,1,0,1,1,1,1,1,,
3780,102,79,6,102-79-6,02-REP,,,,,,,,,,,,,,,,,,0,0,0,1,0,0,0,0,0,0,0,0,0,0,1,0,0,1,1,,
3781,102,79,24,102-79-24,02-REP,,,,,,,,,,,,,,,,,,1,1,1,0,0,0,0,1,1,0,0,1,1,1,1,1,1,1,1,,
3782,102,80,44,102-80-44,02-REP,,,,,,,,,,,,,,,,,,1,1,0,1,0,0,0,1,1,0,1,1,1,1,0,1,1,1,1,,
3783,102,80,43,102-80-43,02-REP,,,,,,,,,,,,,,,,,,1,1,0,0,0,0,0,1,1,1,0,1,1,1,1,1,1,1,1,,
3784,102,80,24,102-80-24,02-REP,,,,,,,,,,,,,,,,,,0,0,0,0,0,0,0,0,0,0,0,0,0,0,1,0,1,1,1,,
3785,102,80,20,102-80-20,02-REP,,,,,,,,,,,,,,,,,,1,1,0,1,0,0,0,1,1,1,0,1,1,1,1,1,1,1,1,,
3786,102,80,11,102-80-11,02-REP,,,,,,,,,,,,,,,,,,0,0,0,0,1,0,0,0,0,1,0,0,0,0,0,0,0,0,0,,
3787,102,80,2,102-80-2,02-REP,,,,,,,,,,,,,,,,,,1,1,1,0,0,0,0,1,1,1,0,1,1,1,1,1,1,1,1,,
3788,102,80,33,102-80-33,02-REP,,,,,,,,,,,,,,,,,,1,0,0,0,1,0,0,1,1,1,0,1,1,1,1,1,1,1,1,,
3789,102,80,32,102-80-32,02-REP,,,,,,,,,,,,,,,,,,1,1,0,1,0,0,0,1,1,1,0,1,1,1,1,1,1,1,1,,
3790,102,80,21,102-80-21,02-REP,,,,,,,,,,,,,,,,,,0,1,0,0,1,0,0,1,1,0,0,1,0,1,1,1,1,1,1,,
3791,102,80,12,102-80-12,02-REP,,,,,,,,,,,,,,,,,,0,1,0,0,1,0,0,1,1,1,0,1,1,1,1,1,1,1,1,,
3792,102,80,3,102-80-3,02-REP,,,,,,,,,,,,,,,,,,1,1,1,0,0,0,0,1,1,1,0,1,1,1,1,1,1,1,1,,
3793,102,80,36,102-80-36,02-REP,,,,,,,,,,,,,,,,,,0,1,0,0,1,0,0,0,0,0,1,1,0,0,0,0,0,0,1,,
3794,102,80,35,102-80-35,02-REP,,,,,,,,,,,,,,,,,,1,1,1,0,0,0,0,1,1,1,0,1,1,1,1,1,1,1,1,,
3795,102,80,23,102-80-23,02-REP,,,,,,,,,,,,,,,,,,1,1,0,0,1,0,0,1,1,1,0,1,1,1,1,1,1,1,1,,
3796,102,80,13,102-80-13,02-REP,,,,,,,,,,,,,,,,,,1,0,0,0,1,0,0,1,0,1,0,0,1,1,1,1,1,1,1,,
3797,102,80,1,102-80-1,02-REP,,,,,,,,,,,,,,,,,,1,1,1,0,0,0,0,1,1,1,0,1,1,1,1,1,1,1,1,,
3798,102,80,40,102-80-40,02-REP,,,,,,,,,,,,,,,,,,1,1,0,0,1,0,0,1,1,1,0,1,1,1,1,1,1,1,1,,
3799,102,80,39,102-80-39,02-REP,,,,,,,,,,,,,,,,,,1,1,0,0,1,0,0,1,1,1,0,1,1,1,1,1,1,1,1,,
3800,102,80,14,102-80-14,02-REP,,,,,,,,,,,,,,,,,,1,1,0,1,0,0,0,1,1,1,0,1,1,1,1,1,1,1,1,,
3801,102,80,4,102-80-4,02-REP,,,,,,,,,,,,,,,,,,1,1,0,0,1,0,0,1,1,1,0,1,1,1,1,1,1,1,1,,
3802,102,80,42,102-80-42,02-REP,,,,,,,,,,,,,,,,,,1,1,0,1,0,0,0,1,1,0,1,1,1,1,1,1,1,1,1,,
3803,102,80,41,102-80-41,02-REP,,,,,,,,,,,,,,,,,,1,1,0,1,0,0,0,1,1,1,0,1,1,1,1,1,1,1,1,,
3804,102,80,27,102-80-27,02-REP,,,,,,,,,,,,,,,,,,0,1,0,0,1,0,0,1,1,0,1,1,1,0,1,1,1,0,1,,
3805,102,80,15,102-80-15,02-REP,,,,,,,,,,,,,,,,,,0,1,0,0,1,0,0,0,0,0,1,0,0,0,0,0,0,0,1,,
3806,102,80,8,102-80-8,02-REP,,,,,,,,,,,,,,,,,,1,1,0,0,1,0,0,1,1,1,0,1,1,1,1,1,1,1,1,,
3807,102,80,50,102-80-50,02-REP,,,,,,,,,,,,,,,,,,1,1,0,1,0,0,0,1,1,1,0,1,1,1,1,1,1,1,1,,
3808,102,80,49,102-80-49,02-REP,,,,,,,,,,,,,,,,,,1,1,0,1,0,0,0,1,1,1,0,1,1,1,1,1,1,1,1,,
3809,102,80,29,102-80-29,02-REP,,,,,,,,,,,,,,,,,,1,1,0,0,1,0,0,1,1,1,0,1,1,1,1,1,1,0,1,,
3810,102,80,16,102-80-16,02-REP,,,,,,,,,,,,,,,,,,1,1,0,1,0,0,0,0,0,1,0,0,1,0,0,0,0,0,0,,
3811,102,80,10,102-80-10,02-REP,,,,,,,,,,,,,,,,,,1,1,0,1,0,0,0,1,1,1,0,1,1,1,1,1,1,1,1,,
3812,102,80,46,102-80-46,02-REP,,,,,,,,,,,,,,,,,,1,1,0,1,0,0,0,1,1,0,0,1,1,1,1,1,1,1,1,,
3813,102,80,45,102-80-45,02-REP,,,,,,,,,,,,,,,,,,1,1,0,1,0,0,0,1,1,0,1,1,1,1,1,1,1,1,1,,
3814,102,80,28,102-80-28,02-REP,,,,,,,,,,,,,,,,,,1,1,0,0,1,0,0,1,1,1,0,1,1,1,1,1,1,1,1,,
3815,102,80,17,102-80-17,02-REP,,,,,,,,,,,,,,,,,,1,1,0,1,0,0,0,1,1,1,0,0,1,0,0,0,0,0,0,,
3816,102,80,6,102-80-6,02-REP,,,,,,,,,,,,,,,,,,1,1,0,0,1,0,0,1,1,1,0,1,1,1,1,1,1,1,1,,
3817,102,80,34,102-80-34,02-REP,,,,,,,,,,,,,,,,,,1,1,0,0,1,0,0,1,1,0,1,1,1,0,1,1,1,1,1,,
3818,102,80,18,102-80-18,02-REP,,,,,,,,,,,,,,,,,,1,1,0,0,1,0,0,1,1,0,1,1,1,0,1,1,1,1,1,,
3819,102,80,7,102-80-7,02-REP,,,,,,,,,,,,,,,,,,0,1,0,0,1,0,0,0,0,0,1,1,1,0,1,1,0,1,1,,
3820,102,80,48,102-80-48,02-REP,,,,,,,,,,,,,,,,,,1,1,1,0,0,0,0,1,1,0,1,1,1,1,1,1,1,1,1,,
3821,102,80,47,102-80-47,02-REP,,,,,,,,,,,,,,,,,,1,1,0,0,1,0,0,1,1,0,1,1,1,0,1,1,1,1,1,,
3822,102,80,30,102-80-30,02-REP,,,,,,,,,,,,,,,,,,1,1,0,0,1,0,0,1,1,0,1,1,1,1,1,1,1,1,1,,
3823,102,80,19,102-80-19,02-REP,,,,,,,,,,,,,,,,,,1,1,0,0,1,0,0,1,1,1,0,1,1,1,1,1,1,1,1,,
3824,102,80,5,102-80-5,02-REP,,,,,,,,,,,,,,,,,,1,1,0,1,0,0,0,1,1,1,0,1,1,1,1,1,1,1,1,,
3825,102,80,38,102-80-38,02-REP,,,,,,,,,,,,,,,,,,1,1,0,1,0,0,0,1,1,1,0,1,1,1,1,1,1,1,1,,
3826,102,80,37,102-80-37,02-REP,,,,,,,,,,,,,,,,,,0,0,0,0,1,0,0,0,0,0,1,0,0,0,0,0,0,0,0,,
3827,102,80,31,102-80-31,02-REP,,,,,,,,,,,,,,,,,,1,1,0,1,0,0,0,1,1,0,1,1,1,1,1,1,1,1,1,,
3828,102,80,22,102-80-22,02-REP,,,,,,,,,,,,,,,,,,1,1,0,0,1,0,0,1,1,0,1,1,1,1,1,1,1,1,1,,
3829,102,80,9,102-80-9,02-REP,,,,,,,,,,,,,,,,,,0,1,0,0,1,0,0,0,0,0,1,1,1,1,1,1,0,1,1,,
3830,102,80,26,102-80-26,02-REP,,,,,,,,,,,,,,,,,,0,0,0,0,0,0,0,0,0,0,0,0,0,0,0,0,0,0,0,,
3831,102,80,25,102-80-25,02-REP,,,,,,,,,,,,,,,,,,0,0,0,0,0,0,0,0,0,0,0,0,0,0,0,0,0,0,0,,
3832,102,81,32,102-81-32,01-DEM,1,0,1,0,0,1,0,1,0,1,0,0,0,1,1,,,,,,,,,,,,,,,,,,,,,,,
3833,102,81,31,102-81-31,02-REP,,,,,,,,,,,,,,,,,,1,1,0,0,1,0,0,1,1,1,0,1,1,1,1,0,0,1,1,,
3834,102,81,21,102-81-21,02-REP,,,,,,,,,,,,,,,,,,1,1,0,1,0,0,0,1,1,1,0,1,1,1,1,1,1,1,1,,
3835,102,81,1,102-81-1,01-DEM,1,0,1,0,0,1,0,1,0,1,0,1,0,0,1,,,,,,,,,,,,,,,,,,,,,,,
3836,102,81,34,102-81-34,02-REP,,,,,,,,,,,,,,,,,,1,1,0,0,1,0,0,1,1,1,0,1,1,0,1,0,0,1,1,,
3837,102,81,33,102-81-33,02-REP,,,,,,,,,,,,,,,,,,1,1,0,1,0,0,0,1,1,0,1,1,1,1,1,1,1,1,1,,
3838,102,81,12,102-81-12,02-REP,,,,,,,,,,,,,,,,,,1,1,0,0,1,0,0,1,1,1,0,1,1,1,1,1,1,1,1,,
3839,102,81,8,102-81-8,01-DEM,1,0,1,0,0,1,0,1,0,0,0,1,0,0,1,,,,,,,,,,,,,,,,,,,,,,,
3840,102,81,40,102-81-40,02-REP,,,,,,,,,,,,,,,,,,1,1,0,1,0,0,0,1,1,1,0,1,1,1,1,1,1,1,1,,
3841,102,81,39,102-81-39,01-DEM,0,1,0,0,0,1,0,1,0,0,1,0,0,0,0,,,,,,,,,,,,,,,,,,,,,,,
3842,102,81,26,102-81-26,01-DEM,0,1,0,0,0,0,1,1,0,0,0,0,1,0,0,,,,,,,,,,,,,,,,,,,,,,,
3843,102,81,13,102-81-13,02-REP,,,,,,,,,,,,,,,,,,1,1,0,1,0,0,0,1,1,1,0,1,1,1,1,1,1,1,1,,
3844,102,81,6,102-81-6,01-DEM,1,0,1,0,0,0,1,0,1,1,1,0,0,0,1,,,,,,,,,,,,,,,,,,,,,,,
3845,102,81,36,102-81-36,01-DEM,0,1,0,0,0,0,1,0,1,0,0,0,1,0,0,,,,,,,,,,,,,,,,,,,,,,,
3846,102,81,35,102-81-35,02-REP,,,,,,,,,,,,,,,,,,1,1,0,1,0,0,0,1,1,1,0,1,1,1,1,1,1,1,1,,
3847,102,81,23,102-81-23,02-REP,,,,,,,,,,,,,,,,,,0,0,0,0,1,0,0,0,0,0,0,0,0,0,0,0,0,0,0,,
3848,102,81,14,102-81-14,01-DEM,0,1,0,0,0,0,1,0,0,0,1,0,0,0,0,,,,,,,,,,,,,,,,,,,,,,,
3849,102,81,2,102-81-2,01-DEM,1,0,1,0,0,0,1,1,0,1,0,1,0,0,1,,,,,,,,,,,,,,,,,,,,,,,
3850,102,81,44,102-81-44,02-REP,,,,,,,,,,,,,,,,,,1,1,1,0,0,0,0,1,1,1,0,1,1,1,1,1,1,1,1,,
3851,102,81,43,102-81-43,01-DEM,0,1,1,0,0,0,1,0,1,1,1,0,0,0,1,,,,,,,,,,,,,,,,,,,,,,,
3852,102,81,27,102-81-27,02-REP,,,,,,,,,,,,,,,,,,0,0,0,0,1,0,0,0,1,0,0,1,1,1,1,1,0,0,1,,
3853,102,81,15,102-81-15,02-REP,,,,,,,,,,,,,,,,,,0,1,0,1,0,0,0,1,1,1,0,1,1,1,1,1,1,1,1,,
3854,102,81,7,102-81-7,02-REP,,,,,,,,,,,,,,,,,,1,1,0,0,1,0,0,1,1,0,1,1,1,1,1,1,1,1,1,,
3855,102,81,46,102-81-46,01-DEM,1,0,1,0,0,0,1,1,0,1,0,0,0,1,1,,,,,,,,,,,,,,,,,,,,,,,
3856,102,81,45,102-81-45,02-REP,,,,,,,,,,,,,,,,,,1,1,1,0,0,0,0,1,1,1,0,1,1,1,1,1,1,1,1,,
3857,102,81,28,102-81-28,02-REP,,,,,,,,,,,,,,,,,,0,0,0,0,1,0,0,1,1,0,0,1,1,1,1,1,0,0,1,,
3858,102,81,16,102-81-16,02-REP,,,,,,,,,,,,,,,,,,1,1,0,1,0,0,0,1,1,1,0,1,1,0,0,0,0,0,0,,
3859,102,81,4,102-81-4,02-REP,,,,,,,,,,,,,,,,,,1,1,1,0,0,0,0,1,1,0,1,1,1,1,1,1,1,1,1,,
3860,102,81,38,102-81-38,02-REP,,,,,,,,,,,,,,,,,,1,1,0,0,1,0,0,1,1,1,0,1,1,1,1,1,0,1,1,,
3861,102,81,37,102-81-37,01-DEM,1,0,1,0,0,1,0,0,0,0,0,1,0,0,0,,,,,,,,,,,,,,,,,,,,,,,
3862,102,81,25,102-81-25,01-DEM,0,1,0,0,0,0,1,0,0,0,0,0,0,0,0,,,,,,,,,,,,,,,,,,,,,,,
3863,102,81,17,102-81-17,01-DEM,0,1,1,0,0,0,1,1,0,1,1,0,0,0,1,,,,,,,,,,,,,,,,,,,,,,,
3864,102,81,10,102-81-10,02-REP,,,,,,,,,,,,,,,,,,0,0,0,0,1,0,0,0,0,0,0,0,0,0,0,0,0,0,0,,
3865,102,81,42,102-81-42,02-REP,,,,,,,,,,,,,,,,,,1,1,0,1,0,0,0,1,1,0,1,1,1,1,1,1,1,1,1,,
3866,102,81,24,102-81-24,02-REP,,,,,,,,,,,,,,,,,,1,1,1,0,0,0,0,1,1,1,0,1,1,1,1,1,1,1,1,,
3867,102,81,18,102-81-18,01-DEM,0,1,1,0,0,1,0,1,0,1,0,0,0,1,1,,,,,,,,,,,,,,,,,,,,,,,
3868,102,81,9,102-81-9,01-DEM,1,0,1,0,0,1,0,0,0,0,1,0,0,0,0,,,,,,,,,,,,,,,,,,,,,,,
3869,102,81,48,102-81-48,01-DEM,1,0,1,0,0,1,0,1,0,1,0,1,0,0,1,,,,,,,,,,,,,,,,,,,,,,,
3870,102,81,47,102-81-47,01-DEM,1,0,1,0,0,1,0,1,0,1,1,0,0,0,1,,,,,,,,,,,,,,,,,,,,,,,
3871,102,81,29,102-81-29,01-DEM,1,0,0,0,0,1,0,1,0,0,1,0,0,0,0,,,,,,,,,,,,,,,,,,,,,,,
3872,102,81,19,102-81-19,02-REP,,,,,,,,,,,,,,,,,,1,1,0,1,0,0,0,1,1,1,0,1,1,1,1,1,1,1,1,,
3873,102,81,5,102-81-5,01-DEM,0,1,1,0,0,0,1,0,1,1,1,0,0,0,1,,,,,,,,,,,,,,,,,,,,,,,
3874,102,81,50,102-81-50,01-DEM,1,0,1,0,0,1,0,1,0,1,1,0,0,0,1,,,,,,,,,,,,,,,,,,,,,,,
3875,102,81,49,102-81-49,01-DEM,0,1,1,0,0,0,1,1,0,1,1,0,0,0,1,,,,,,,,,,,,,,,,,,,,,,,
3876,102,81,30,102-81-30,01-DEM,1,0,0,0,0,1,0,1,0,0,1,0,0,0,0,,,,,,,,,,,,,,,,,,,,,,,
3877,102,81,20,102-81-20,02-REP,,,,,,,,,,,,,,,,,,1,1,0,1,0,0,0,1,1,1,0,1,1,1,1,1,1,1,1,,
3878,102,81,3,102-81-3,02-REP,,,,,,,,,,,,,,,,,,0,0,0,1,0,0,0,0,0,0,1,0,0,0,1,0,0,0,1,,
3879,102,81,11,102-81-11,01-DEM,0,0,0,0,0,0,1,0,1,0,0,0,0,1,0,,,,,,,,,,,,,,,,,,,,,,,
3880,102,81,22,102-81-22,01-DEM,1,0,0,0,1,1,0,1,0,1,0,1,0,0,1,,,,,,,,,,,,,,,,,,,,,,,
3881,102,81,41,102-81-41,01-DEM,1,0,0,0,1,1,0,0,1,1,0,0,1,0,1,,,,,,,,,,,,,,,,,,,,,,,
3882,102,82,21,102-82-21,01-DEM,0,1,1,0,0,0,1,0,1,1,0,0,1,0,1,,,,,,,,,,,,,,,,,,,,,,,
3883,102,82,11,102-82-11,02-REP,,,,,,,,,,,,,,,,,,1,1,0,0,1,0,0,1,1,1,0,1,1,1,1,1,1,1,1,,
3884,102,82,1,102-82-1,01-DEM,1,0,1,0,0,0,1,1,0,1,1,0,0,0,1,,,,,,,,,,,,,,,,,,,,,,,
3885,102,82,12,102-82-12,02-REP,,,,,,,,,,,,,,,,,,1,1,1,0,0,0,0,1,1,0,1,1,1,1,1,1,1,1,1,,
3886,102,82,2,102-82-2,01-DEM,1,0,1,0,0,1,0,0,1,1,1,0,0,0,1,,,,,,,,,,,,,,,,,,,,,,,
3887,102,82,13,102-82-13,02-REP,,,,,,,,,,,,,,,,,,1,1,1,0,0,0,0,1,1,0,1,1,1,1,1,1,1,1,1,,
3888,102,82,3,102-82-3,01-DEM,1,0,1,0,0,0,1,1,0,1,1,0,0,0,1,,,,,,,,,,,,,,,,,,,,,,,
3889,102,82,24,102-82-24,02-REP,,,,,,,,,,,,,,,,,,1,1,0,0,1,0,0,1,1,1,0,1,1,1,1,1,1,1,1,,
3890,102,82,14,102-82-14,02-REP,,,,,,,,,,,,,,,,,,1,1,0,1,0,0,0,1,1,0,1,1,1,1,1,1,1,1,1,,
3891,102,82,7,102-82-7,01-DEM,0,1,1,0,0,0,1,1,0,1,1,0,0,0,1,,,,,,,,,,,,,,,,,,,,,,,
3892,102,82,23,102-82-23,02-REP,,,,,,,,,,,,,,,,,,1,1,0,1,0,0,0,1,1,0,1,1,1,1,1,1,1,1,1,,
3893,102,82,15,102-82-15,01-DEM,0,1,1,0,0,1,0,1,0,1,1,0,0,0,1,,,,,,,,,,,,,,,,,,,,,,,
3894,102,82,6,102-82-6,01-DEM,0,1,1,0,0,1,0,1,0,1,1,0,0,0,1,,,,,,,,,,,,,,,,,,,,,,,
3895,102,82,25,102-82-25,02-REP,,,,,,,,,,,,,,,,,,1,1,0,1,0,0,0,1,1,0,1,1,1,1,1,1,1,1,1,,
3896,102,82,16,102-82-16,01-DEM,0,1,0,0,0,1,0,0,0,0,1,0,0,0,0,,,,,,,,,,,,,,,,,,,,,,,
3897,102,82,5,102-82-5,01-DEM,0,1,1,0,0,0,1,0,1,1,1,0,0,0,1,,,,,,,,,,,,,,,,,,,,,,,
3898,102,82,28,102-82-28,01-DEM,0,1,0,0,0,0,1,1,0,0,1,0,0,0,0,,,,,,,,,,,,,,,,,,,,,,,
3899,102,82,17,102-82-17,01-DEM,0,1,1,0,0,1,0,0,1,1,1,0,0,0,1,,,,,,,,,,,,,,,,,,,,,,,
3900,102,82,29,102-82-29,01-DEM,1,0,1,0,0,1,0,1,0,0,1,0,0,0,0,,,,,,,,,,,,,,,,,,,,,,,
3901,102,82,18,102-82-18,02-REP,,,,,,,,,,,,,,,,,,1,1,0,1,0,0,0,1,1,0,1,1,1,1,1,1,1,1,1,,
3902,102,82,10,102-82-10,02-REP,,,,,,,,,,,,,,,,,,1,1,0,0,1,0,0,1,1,1,0,1,1,1,1,1,1,1,1,,
3903,102,82,27,102-82-27,01-DEM,1,0,1,0,0,1,0,1,0,0,1,0,0,0,0,,,,,,,,,,,,,,,,,,,,,,,
3904,102,82,9,102-82-9,02-REP,,,,,,,,,,,,,,,,,,1,1,0,1,0,0,0,1,1,0,1,1,1,1,1,1,1,1,1,,
3905,102,82,30,102-82-30,01-DEM,1,0,0,0,0,0,1,0,0,0,0,0,0,1,0,,,,,,,,,,,,,,,,,,,,,,,
3906,102,82,20,102-82-20,01-DEM,0,1,1,0,0,0,1,1,0,1,1,0,0,0,1,,,,,,,,,,,,,,,,,,,,,,,
3907,102,82,4,102-82-4,01-DEM,1,0,0,0,0,0,1,1,0,0,1,0,0,0,0,,,,,,,,,,,,,,,,,,,,,,,
3908,102,82,19,102-82-19,01-DEM,1,0,0,0,0,0,0,0,0,0,0,0,0,1,0,,,,,,,,,,,,,,,,,,,,,,,
3909,102,82,8,102-82-8,01-DEM,0,1,0,0,0,0,1,0,1,0,1,0,0,0,0,,,,,,,,,,,,,,,,,,,,,,,
3910,102,82,22,102-82-22,01-DEM,0,1,0,0,0,0,1,0,1,0,1,0,0,0,0,,,,,,,,,,,,,,,,,,,,,,,
3911,102,82,26,102-82-26,01-DEM,0,1,0,0,0,0,1,0,1,0,0,0,0,1,0,,,,,,,,,,,,,,,,,,,,,,,
3912,102,83,32,102-83-32,02-REP,,,,,,,,,,,,,,,,,,1,0,0,0,1,0,0,1,1,0,1,1,1,1,1,1,1,1,1,,
3913,102,83,31,102-83-31,02-REP,,,,,,,,,,,,,,,,,,1,1,0,1,0,0,0,1,1,1,0,1,1,1,1,1,1,1,1,,
3914,102,83,19,102-83-19,02-REP,,,,,,,,,,,,,,,,,,1,1,0,1,0,0,0,1,1,0,1,1,1,1,1,1,1,1,1,,
3915,102,83,11,102-83-11,02-REP,,,,,,,,,,,,,,,,,,1,1,1,0,0,0,0,1,1,0,1,1,1,1,1,1,0,1,1,,
3916,102,83,3,102-83-3,03-LBR,*,*,*,*,*,*,*,*,*,*,*,*,*,*,*,*,*,*,*,*,*,*,*,*,*,*,*,*,*,*,*,*,*,*,*,*,*,*
3917,102,83,25,102-83-25,01-DEM,1,0,1,0,0,1,0,1,0,1,0,0,0,1,1,,,,,,,,,,,,,,,,,,,,,,,
3918,102,83,24,102-83-24,02-REP,,,,,,,,,,,,,,,,,,1,1,0,0,1,0,0,1,1,0,1,1,1,1,1,1,1,1,1,,
3919,102,83,22,102-83-22,03-LBR,*,*,*,*,*,*,*,*,*,*,*,*,*,*,*,*,*,*,*,*,*,*,*,*,*,*,*,*,*,*,*,*,*,*,*,*,*,*
3920,102,83,12,102-83-12,01-DEM,0,1,0,0,0,0,1,1,0,0,1,0,0,0,0,,,,,,,,,,,,,,,,,,,,,,,
3921,102,83,2,102-83-2,02-REP,,,,,,,,,,,,,,,,,,1,1,0,0,1,0,0,1,1,0,1,1,1,1,1,1,1,1,1,,
3922,102,83,36,102-83-36,02-REP,,,,,,,,,,,,,,,,,,1,1,0,0,1,0,0,1,1,1,0,1,1,0,1,1,1,1,1,,
3923,102,83,35,102-83-35,02-REP,,,,,,,,,,,,,,,,,,0,1,0,1,0,0,0,1,1,1,0,1,1,1,1,1,1,1,1,,
3924,102,83,23,102-83-23,02-REP,,,,,,,,,,,,,,,,,,1,1,0,0,1,0,0,1,1,0,1,1,1,1,1,1,1,1,1,,
3925,102,83,13,102-83-13,02-REP,,,,,,,,,,,,,,,,,,1,1,0,1,0,0,0,1,1,0,1,1,1,1,1,1,1,1,1,,
3926,102,83,1,102-83-1,02-REP,,,,,,,,,,,,,,,,,,1,1,1,0,0,0,0,1,1,1,0,1,1,1,1,1,1,1,1,,
3927,102,83,40,102-83-40,01-DEM,1,0,1,0,0,0,1,0,1,1,0,0,1,0,1,,,,,,,,,,,,,,,,,,,,,,,
3928,102,83,39,102-83-39,01-DEM,0,1,1,0,0,1,0,0,1,1,1,0,0,0,1,,,,,,,,,,,,,,,,,,,,,,,
3929,102,83,27,102-83-27,02-REP,,,,,,,,,,,,,,,,,,1,1,0,1,0,0,0,1,1,1,0,1,1,1,1,1,1,1,1,,
3930,102,83,14,102-83-14,02-REP,,,,,,,,,,,,,,,,,,1,1,0,0,1,0,0,1,1,0,1,1,1,1,1,1,1,1,1,,
3931,102,83,6,102-83-6,02-REP,,,,,,,,,,,,,,,,,,1,0,0,1,0,0,0,0,0,0,0,0,0,0,0,0,0,0,0,,
3932,102,83,38,102-83-38,02-REP,,,,,,,,,,,,,,,,,,1,1,0,0,1,0,0,1,1,1,0,1,1,1,1,1,1,1,1,,
3933,102,83,37,102-83-37,02-REP,,,,,,,,,,,,,,,,,,1,1,1,0,0,0,0,1,1,1,0,1,1,1,1,1,1,1,1,,
3934,102,83,26,102-83-26,02-REP,,,,,,,,,,,,,,,,,,0,0,0,1,0,0,0,0,0,0,1,0,0,0,0,0,0,0,0,,
3935,102,83,15,102-83-15,02-REP,,,,,,,,,,,,,,,,,,1,1,0,1,0,0,0,1,1,0,1,1,1,0,1,1,1,1,1,,
3936,102,83,7,102-83-7,02-REP,,,,,,,,,,,,,,,,,,1,1,0,1,0,0,0,1,1,1,0,1,1,1,1,1,1,1,1,,
3937,102,83,42,102-83-42,02-REP,,,,,,,,,,,,,,,,,,1,1,1,0,0,0,0,1,1,1,0,1,1,1,1,1,1,1,1,,
3938,102,83,41,102-83-41,02-REP,,,,,,,,,,,,,,,,,,1,1,1,0,0,0,0,1,1,0,1,1,1,0,1,1,1,1,1,,
3939,102,83,28,102-83-28,02-REP,,,,,,,,,,,,,,,,,,1,1,1,0,0,0,0,1,0,0,0,0,1,0,1,1,1,0,1,,
3940,102,83,16,102-83-16,02-REP,,,,,,,,,,,,,,,,,,0,0,0,0,0,0,0,0,0,0,0,0,1,1,1,0,1,1,1,,
3941,102,83,10,102-83-10,02-REP,,,,,,,,,,,,,,,,,,1,0,1,0,0,0,0,1,1,0,1,1,1,0,1,1,1,1,1,,
3942,102,83,44,102-83-44,02-REP,,,,,,,,,,,,,,,,,,1,1,1,0,0,0,0,1,1,0,1,1,1,1,1,1,1,1,1,,
3943,102,83,43,102-83-43,02-REP,,,,,,,,,,,,,,,,,,1,1,1,0,0,0,0,1,1,0,1,1,1,0,1,1,1,1,1,,
3944,102,83,29,102-83-29,02-REP,,,,,,,,,,,,,,,,,,1,1,0,1,0,0,0,1,1,0,1,1,1,1,1,1,1,1,1,,
3945,102,83,17,102-83-17,02-REP,,,,,,,,,,,,,,,,,,0,1,0,1,0,0,0,1,1,1,0,1,1,1,1,1,1,1,1,,
3946,102,83,9,102-83-9,02-REP,,,,,,,,,,,,,,,,,,1,1,0,1,0,0,0,1,1,1,0,1,1,1,1,1,1,1,1,,
3947,102,83,46,102-83-46,02-REP,,,,,,,,,,,,,,,,,,1,1,1,0,0,0,0,1,1,1,0,1,1,1,1,1,1,1,1,,
3948,102,83,45,102-83-45,02-REP,,,,,,,,,,,,,,,,,,0,0,0,0,1,0,0,0,0,1,0,0,0,0,0,0,0,0,0,,
3949,102,83,30,102-83-30,02-REP,,,,,,,,,,,,,,,,,,1,0,0,0,1,0,0,1,1,0,1,1,1,1,1,1,1,1,1,,
3950,102,83,18,102-83-18,02-REP,,,,,,,,,,,,,,,,,,1,1,0,1,0,0,0,1,1,1,0,1,1,1,1,1,1,1,1,,
3951,102,83,5,102-83-5,02-REP,,,,,,,,,,,,,,,,,,1,1,1,0,0,0,0,1,1,1,0,1,1,1,1,1,1,1,1,,
3952,102,83,50,102-83-50,02-REP,,,,,,,,,,,,,,,,,,0,0,0,0,1,0,0,0,0,1,0,0,0,0,0,0,0,0,0,,
3953,102,83,49,102-83-49,02-REP,,,,,,,,,,,,,,,,,,1,1,1,0,0,0,0,1,1,1,0,1,1,1,1,1,1,1,1,,
3954,102,83,34,102-83-34,02-REP,,,,,,,,,,,,,,,,,,1,1,0,0,1,0,0,1,1,1,0,1,1,1,1,1,1,1,1,,
3955,102,83,20,102-83-20,02-REP,,,,,,,,,,,,,,,,,,1,1,0,0,1,0,0,1,1,1,0,1,1,1,1,1,1,1,1,,
3956,102,83,4,102-83-4,02-REP,,,,,,,,,,,,,,,,,,1,1,1,0,0,0,0,1,1,0,1,1,1,1,1,1,1,1,1,,
3957,102,83,48,102-83-48,02-REP,,,,,,,,,,,,,,,,,,1,1,0,0,1,0,0,1,1,0,1,1,1,1,1,1,1,1,1,,
3958,102,83,47,102-83-47,01-DEM,0,1,1,0,0,1,0,1,0,1,1,0,0,0,1,,,,,,,,,,,,,,,,,,,,,,,
3959,102,83,33,102-83-33,02-REP,,,,,,,,,,,,,,,,,,1,1,0,1,0,0,0,1,1,1,0,1,1,1,1,1,1,1,1,,
3960,102,83,21,102-83-21,02-REP,,,,,,,,,,,,,,,,,,1,1,0,0,1,0,0,1,1,0,1,1,1,1,1,1,1,1,1,,
3961,102,83,8,102-83-8,02-REP,,,,,,,,,,,,,,,,,,1,1,0,1,0,0,0,1,1,1,0,1,1,1,1,1,1,1,1,,
3962,102,84,32,102-84-32,02-REP,,,,,,,,,,,,,,,,,,1,1,0,0,1,0,0,1,1,1,0,1,1,1,1,1,1,1,1,,
3963,102,84,31,102-84-31,02-REP,,,,,,,,,,,,,,,,,,1,1,0,0,1,0,0,1,1,1,0,1,1,1,1,1,1,1,1,,
3964,102,84,21,102-84-21,02-REP,,,,,,,,,,,,,,,,,,1,1,0,1,0,0,0,1,1,1,0,1,1,1,1,1,1,1,1,,
3965,102,84,11,102-84-11,02-REP,,,,,,,,,,,,,,,,,,1,1,1,0,0,0,0,1,1,1,0,1,1,1,1,1,1,1,1,,
3966,102,84,1,102-84-1,02-REP,,,,,,,,,,,,,,,,,,1,1,1,0,0,0,0,1,1,1,0,1,1,1,1,1,1,1,1,,
3967,102,84,34,102-84-34,02-REP,,,,,,,,,,,,,,,,,,1,1,0,0,1,0,0,1,1,1,0,1,1,1,1,1,1,1,1,,
3968,102,84,33,102-84-33,02-REP,,,,,,,,,,,,,,,,,,1,1,0,0,1,0,0,1,1,1,0,1,1,1,1,1,1,1,1,,
3969,102,84,22,102-84-22,02-REP,,,,,,,,,,,,,,,,,,1,1,0,1,0,0,0,1,1,0,1,1,1,1,1,1,1,1,1,,
3970,102,84,12,102-84-12,02-REP,,,,,,,,,,,,,,,,,,1,1,1,0,0,0,0,1,1,0,1,1,1,1,1,1,1,1,1,,
3971,102,84,2,102-84-2,02-REP,,,,,,,,,,,,,,,,,,1,1,0,0,1,0,0,1,1,0,1,1,1,1,1,1,1,1,1,,
3972,102,84,36,102-84-36,02-REP,,,,,,,,,,,,,,,,,,1,1,0,1,0,0,0,1,1,1,0,1,1,1,1,1,1,1,1,,
3973,102,84,35,102-84-35,02-REP,,,,,,,,,,,,,,,,,,1,1,0,0,1,0,0,1,1,1,0,1,1,1,1,1,1,1,1,,
3974,102,84,23,102-84-23,02-REP,,,,,,,,,,,,,,,,,,1,1,0,1,0,0,0,1,1,1,0,1,1,1,1,1,1,1,1,,
3975,102,84,13,102-84-13,02-REP,,,,,,,,,,,,,,,,,,1,1,0,1,0,0,0,1,1,1,0,1,1,1,1,1,1,1,1,,
3976,102,84,9,102-84-9,02-REP,,,,,,,,,,,,,,,,,,1,1,0,0,1,0,0,1,1,1,0,1,1,1,1,1,1,1,1,,
3977,102,84,42,102-84-42,02-REP,,,,,,,,,,,,,,,,,,0,1,0,0,1,0,0,1,1,1,0,1,1,1,1,1,1,1,1,,
3978,102,84,41,102-84-41,02-REP,,,,,,,,,,,,,,,,,,1,1,0,1,0,0,0,1,1,1,0,1,1,1,1,1,1,1,1,,
3979,102,84,26,102-84-26,02-REP,,,,,,,,,,,,,,,,,,0,0,0,1,0,0,0,0,0,1,0,1,1,1,0,0,0,0,0,,
3980,102,84,14,102-84-14,02-REP,,,,,,,,,,,,,,,,,,1,1,0,0,1,0,0,1,1,1,0,1,0,1,1,1,1,1,1,,
3981,102,84,7,102-84-7,02-REP,,,,,,,,,,,,,,,,,,1,1,0,1,0,0,0,1,1,1,0,1,1,1,1,1,1,1,1,,
3982,102,84,38,102-84-38,02-REP,,,,,,,,,,,,,,,,,,1,1,0,0,1,0,0,1,1,0,1,1,1,1,1,1,1,1,1,,
3983,102,84,37,102-84-37,02-REP,,,,,,,,,,,,,,,,,,1,1,0,0,1,0,0,1,1,0,1,1,1,1,1,1,1,1,1,,
3984,102,84,24,102-84-24,02-REP,,,,,,,,,,,,,,,,,,1,1,0,1,0,0,0,1,1,0,1,1,1,1,1,1,1,1,1,,
3985,102,84,15,102-84-15,02-REP,,,,,,,,,,,,,,,,,,1,0,0,1,0,0,0,0,0,0,0,0,0,0,0,0,0,0,0,,
3986,102,84,5,102-84-5,02-REP,,,,,,,,,,,,,,,,,,0,1,1,0,0,0,0,0,0,0,0,0,0,0,0,0,0,0,0,,
3987,102,84,40,102-84-40,02-REP,,,,,,,,,,,,,,,,,,1,1,0,1,0,0,0,1,1,1,0,1,1,1,1,1,1,1,1,,
3988,102,84,39,102-84-39,02-REP,,,,,,,,,,,,,,,,,,1,1,0,1,0,0,0,1,1,1,0,1,1,1,1,1,1,1,1,,
3989,102,84,25,102-84-25,02-REP,,,,,,,,,,,,,,,,,,1,1,0,0,1,0,0,1,1,0,0,1,1,1,1,1,1,1,1,,
3990,102,84,16,102-84-16,02-REP,,,,,,,,,,,,,,,,,,0,1,0,1,0,0,0,1,1,1,0,1,1,1,1,1,1,1,0,,
3991,102,84,4,102-84-4,02-REP,,,,,,,,,,,,,,,,,,1,1,0,1,0,0,0,1,1,1,0,1,1,1,1,1,1,1,1,,
3992,102,84,44,102-84-44,02-REP,,,,,,,,,,,,,,,,,,1,1,0,0,1,0,0,1,1,0,1,1,1,1,1,1,1,1,1,,
3993,102,84,43,102-84-43,02-REP,,,,,,,,,,,,,,,,,,1,1,0,0,1,0,0,1,1,0,1,1,1,1,1,1,1,1,1,,
3994,102,84,28,102-84-28,02-REP,,,,,,,,,,,,,,,,,,1,1,1,0,0,0,0,1,1,0,1,1,1,1,1,0,0,0,0,,
3995,102,84,17,102-84-17,02-REP,,,,,,,,,,,,,,,,,,0,1,1,0,0,0,0,1,1,0,1,1,1,1,1,0,0,0,0,,
3996,102,84,3,102-84-3,02-REP,,,,,,,,,,,,,,,,,,1,1,0,1,0,0,0,1,1,1,0,1,1,1,1,1,1,1,1,,
3997,102,84,50,102-84-50,02-REP,,,,,,,,,,,,,,,,,,0,0,1,0,0,0,0,1,1,1,0,1,1,1,1,1,1,1,1,,
3998,102,84,49,102-84-49,02-REP,,,,,,,,,,,,,,,,,,0,1,0,0,1,0,0,1,1,1,0,1,1,1,1,1,1,1,1,,
3999,102,84,27,102-84-27,02-REP,,,,,,,,,,,,,,,,,,1,1,1,0,0,0,0,1,1,0,1,1,1,1,1,0,0,0,0,,
4000,102,84,18,102-84-18,02-REP,,,,,,,,,,,,,,,,,,1,1,0,1,0,0,0,1,1,0,1,1,1,1,1,1,1,1,1,,
4001,102,84,10,102-84-10,02-REP,,,,,,,,,,,,,,,,,,0,1,0,1,0,0,0,1,1,0,1,1,1,1,1,1,1,1,1,,
4002,102,84,46,102-84-46,02-REP,,,,,,,,,,,,,,,,,,1,1,0,1,0,0,0,1,1,0,1,1,1,1,1,1,1,1,1,,
4003,102,84,45,102-84-45,02-REP,,,,,,,,,,,,,,,,,,1,1,0,0,1,0,0,1,1,0,1,1,1,1,1,1,1,1,1,,
4004,102,84,29,102-84-29,02-REP,,,,,,,,,,,,,,,,,,1,1,0,1,0,0,0,1,1,1,0,1,1,1,1,0,0,0,0,,
4005,102,84,19,102-84-19,02-REP,,,,,,,,,,,,,,,,,,1,1,0,1,0,0,0,1,1,0,1,1,1,1,1,1,1,1,1,,
4006,102,84,6,102-84-6,02-REP,,,,,,,,,,,,,,,,,,1,0,0,1,0,0,0,1,0,0,0,0,0,0,0,0,0,0,0,,
4007,102,84,48,102-84-48,02-REP,,,,,,,,,,,,,,,,,,1,1,1,0,0,0,0,1,1,1,0,1,1,1,1,0,0,0,0,,
4008,102,84,47,102-84-47,02-REP,,,,,,,,,,,,,,,,,,1,1,1,0,0,0,0,1,1,1,0,1,1,1,1,1,1,1,1,,
4009,102,84,30,102-84-30,02-REP,,,,,,,,,,,,,,,,,,1,1,1,0,0,0,0,1,1,0,1,1,1,1,1,1,1,1,1,,
4010,102,84,20,102-84-20,02-REP,,,,,,,,,,,,,,,,,,1,1,0,0,1,0,0,1,1,1,0,1,1,0,1,0,1,0,1,,
4011,102,84,8,102-84-8,02-REP,,,,,,,,,,,,,,,,,,1,1,0,1,0,0,0,1,1,0,1,1,1,1,1,1,1,1,1,,
4012,102,85,38,102-85-38,02-REP,,,,,,,,,,,,,,,,,,0,0,0,0,1,0,0,0,0,0,0,0,0,0,0,0,0,1,0,,
4013,102,85,37,102-85-37,02-REP,,,,,,,,,,,,,,,,,,1,1,0,0,1,0,0,1,1,0,0,1,1,1,1,1,1,1,1,,
4014,102,85,25,102-85-25,02-REP,,,,,,,,,,,,,,,,,,1,1,0,0,1,0,0,1,1,1,0,1,1,1,1,1,1,1,1,,
4015,102,85,24,102-85-24,02-REP,,,,,,,,,,,,,,,,,,1,1,0,0,1,0,0,1,1,0,1,1,1,1,1,1,1,1,1,,
4016,102,85,20,102-85-20,02-REP,,,,,,,,,,,,,,,,,,1,1,0,1,0,0,0,1,1,1,0,1,1,1,1,1,1,1,1,,
4017,102,85,11,102-85-11,01-DEM,0,1,1,0,0,0,1,1,0,1,1,0,0,0,1,,,,,,,,,,,,,,,,,,,,,,,
4018,102,85,10,102-85-10,01-DEM,1,0,1,0,0,1,0,1,0,1,1,0,0,0,1,,,,,,,,,,,,,,,,,,,,,,,
4019,102,85,42,102-85-42,02-REP,,,,,,,,,,,,,,,,,,0,0,0,1,0,0,0,0,0,0,0,0,0,0,0,0,0,0,0,,
4020,102,85,41,102-85-41,02-REP,,,,,,,,,,,,,,,,,,1,1,1,0,0,0,0,1,1,1,0,1,1,1,1,1,1,1,1,,
4021,102,85,27,102-85-27,02-REP,,,,,,,,,,,,,,,,,,0,1,1,0,0,0,0,1,1,1,0,1,1,1,1,1,1,1,1,,
4022,102,85,26,102-85-26,02-REP,,,,,,,,,,,,,,,,,,1,1,0,0,1,0,0,1,1,0,1,1,1,1,1,1,1,1,1,,
4023,102,85,21,102-85-21,02-REP,,,,,,,,,,,,,,,,,,1,1,0,1,0,0,0,1,1,0,1,1,1,1,1,1,1,1,1,,
4024,102,85,12,102-85-12,01-DEM,0,1,1,0,0,0,1,1,0,1,1,0,0,0,1,,,,,,,,,,,,,,,,,,,,,,,
4025,102,85,5,102-85-5,02-REP,,,,,,,,,,,,,,,,,,1,1,0,1,0,0,0,1,1,0,1,1,1,1,1,1,1,1,1,,
4026,102,85,36,102-85-36,02-REP,,,,,,,,,,,,,,,,,,0,0,0,0,1,0,0,0,0,0,0,0,0,1,0,0,0,0,1,,
4027,102,85,35,102-85-35,02-REP,,,,,,,,,,,,,,,,,,1,1,0,1,0,0,0,1,1,1,0,1,1,0,0,1,1,1,1,,
4028,102,85,23,102-85-23,02-REP,,,,,,,,,,,,,,,,,,1,1,0,1,0,0,0,1,1,0,1,1,1,1,1,1,1,1,0,,
4029,102,85,13,102-85-13,01-DEM,1,0,1,0,0,1,0,1,0,1,0,1,0,0,1,,,,,,,,,,,,,,,,,,,,,,,
4030,102,85,9,102-85-9,01-DEM,0,1,1,0,0,0,1,1,0,1,0,0,1,0,1,,,,,,,,,,,,,,,,,,,,,,,
4031,102,85,40,102-85-40,02-REP,,,,,,,,,,,,,,,,,,1,1,0,1,0,0,0,1,1,1,0,1,1,1,1,1,1,1,1,,
4032,102,85,39,102-85-39,02-REP,,,,,,,,,,,,,,,,,,1,1,0,0,1,0,0,1,1,0,1,1,1,1,1,1,1,1,1,,
4033,102,85,28,102-85-28,02-REP,,,,,,,,,,,,,,,,,,1,1,0,0,1,0,0,1,1,1,0,1,1,1,1,1,1,1,1,,
4034,102,85,14,102-85-14,01-DEM,0,1,0,0,0,1,0,1,0,0,0,0,0,1,0,,,,,,,,,,,,,,,,,,,,,,,
4035,102,85,7,102-85-7,02-REP,,,,,,,,,,,,,,,,,,1,1,0,1,0,0,0,1,1,1,0,1,1,1,1,1,1,1,1,,
4036,102,85,46,102-85-46,02-REP,,,,,,,,,,,,,,,,,,1,1,0,0,1,0,0,1,1,0,1,1,1,1,1,1,1,1,1,,
4037,102,85,45,102-85-45,02-REP,,,,,,,,,,,,,,,,,,1,1,0,0,1,0,0,1,1,1,0,1,1,1,0,0,0,0,0,,
4038,102,85,30,102-85-30,02-REP,,,,,,,,,,,,,,,,,,0,1,0,0,1,0,0,1,1,1,0,0,1,1,1,1,1,1,1,,
4039,102,85,15,102-85-15,02-REP,,,,,,,,,,,,,,,,,,0,1,0,1,0,0,0,0,0,1,0,0,0,0,0,0,0,1,0,,
4040,102,85,4,102-85-4,02-REP,,,,,,,,,,,,,,,,,,1,1,0,0,1,0,0,1,1,0,1,1,1,1,1,1,1,1,1,,
4041,102,85,44,102-85-44,02-REP,,,,,,,,,,,,,,,,,,1,1,0,0,1,0,0,1,1,0,1,1,1,1,1,1,1,1,1,,
4042,102,85,43,102-85-43,02-REP,,,,,,,,,,,,,,,,,,1,1,0,1,0,0,0,1,1,1,0,1,1,1,1,1,1,1,1,,
4043,102,85,29,102-85-29,02-REP,,,,,,,,,,,,,,,,,,0,1,0,0,1,0,0,1,1,1,0,0,1,1,1,1,1,1,1,,
4044,102,85,16,102-85-16,02-REP,,,,,,,,,,,,,,,,,,1,1,0,1,0,0,0,1,1,0,1,1,1,1,1,1,1,1,1,,
4045,102,85,8,102-85-8,02-REP,,,,,,,,,,,,,,,,,,1,1,0,1,0,0,0,1,1,1,0,1,1,1,1,1,1,1,1,,
4046,102,85,50,102-85-50,02-REP,,,,,,,,,,,,,,,,,,1,1,0,1,0,0,0,1,1,1,0,1,1,1,1,1,1,1,1,,
4047,102,85,49,102-85-49,02-REP,,,,,,,,,,,,,,,,,,1,1,1,0,0,0,0,1,1,1,0,1,1,1,1,1,1,1,1,,
4048,102,85,31,102-85-31,02-REP,,,,,,,,,,,,,,,,,,1,1,0,1,0,0,0,1,1,1,0,1,1,1,1,1,1,1,1,,
4049,102,85,17,102-85-17,02-REP,,,,,,,,,,,,,,,,,,1,1,0,1,0,0,0,1,1,0,1,1,1,1,1,1,1,1,1,,
4050,102,85,3,102-85-3,02-REP,,,,,,,,,,,,,,,,,,1,1,0,0,1,0,0,1,1,1,0,1,1,1,1,1,1,1,1,,
4051,102,85,48,102-85-48,02-REP,,,,,,,,,,,,,,,,,,1,1,1,0,0,0,0,1,1,1,0,1,1,1,1,1,1,1,1,,
4052,102,85,47,102-85-47,02-REP,,,,,,,,,,,,,,,,,,1,1,0,1,0,0,0,1,1,0,1,1,1,1,1,1,1,1,1,,
4053,102,85,32,102-85-32,02-REP,,,,,,,,,,,,,,,,,,1,1,0,1,0,0,0,1,1,0,1,1,1,1,1,1,1,1,1,,
4054,102,85,18,102-85-18,02-REP,,,,,,,,,,,,,,,,,,0,1,0,0,1,0,0,0,0,0,0,1,0,0,0,0,0,0,0,,
4055,102,85,6,102-85-6,02-REP,,,,,,,,,,,,,,,,,,1,1,0,0,1,0,0,1,1,1,0,1,1,1,1,1,1,1,1,,
4056,102,85,33,102-85-33,02-REP,,,,,,,,,,,,,,,,,,1,1,1,0,0,0,0,1,1,1,0,1,1,1,1,1,1,1,1,,
4057,102,85,19,102-85-19,02-REP,,,,,,,,,,,,,,,,,,1,1,0,0,1,0,0,1,1,0,1,1,1,1,1,1,1,1,1,,
4058,102,85,1,102-85-1,02-REP,,,,,,,,,,,,,,,,,,1,1,0,1,0,0,0,1,1,0,1,1,1,1,1,1,1,1,1,,
4059,102,85,34,102-85-34,02-REP,,,,,,,,,,,,,,,,,,1,1,0,1,0,0,0,1,1,0,1,1,1,1,1,1,1,1,1,,
4060,102,85,22,102-85-22,02-REP,,,,,,,,,,,,,,,,,,1,1,0,0,1,0,0,1,1,0,1,1,1,1,1,1,1,1,1,,
4061,102,85,2,102-85-2,02-REP,,,,,,,,,,,,,,,,,,1,0,0,1,0,0,0,1,1,0,1,1,1,1,1,1,1,1,1,,
4062,102,86,36,102-86-36,01-DEM,0,1,1,0,0,1,0,1,0,0,0,0,1,0,0,,,,,,,,,,,,,,,,,,,,,,,
4063,102,86,35,102-86-35,02-REP,,,,,,,,,,,,,,,,,,1,1,0,1,0,0,0,1,1,0,1,1,1,1,1,1,1,1,1,,
4064,102,86,24,102-86-24,02-REP,,,,,,,,,,,,,,,,,,1,1,0,1,0,0,0,1,1,0,1,1,1,1,1,1,1,1,1,,
4065,102,86,23,102-86-23,01-DEM,1,0,1,0,0,1,0,1,0,1,0,0,0,1,1,,,,,,,,,,,,,,,,,,,,,,,
4066,102,86,15,102-86-15,01-DEM,1,0,1,0,0,1,0,1,0,1,0,1,0,0,1,,,,,,,,,,,,,,,,,,,,,,,
4067,102,86,11,102-86-11,01-DEM,0,1,1,0,0,0,1,0,1,1,1,0,0,0,1,,,,,,,,,,,,,,,,,,,,,,,
4068,102,86,1,102-86-1,01-DEM,0,1,0,0,0,0,1,1,0,0,0,0,1,0,0,,,,,,,,,,,,,,,,,,,,,,,
4069,102,86,38,102-86-38,02-REP,,,,,,,,,,,,,,,,,,1,0,1,0,0,0,0,1,1,0,1,1,1,1,1,1,1,1,1,,
4070,102,86,37,102-86-37,02-REP,,,,,,,,,,,,,,,,,,1,1,0,1,0,0,0,1,1,0,1,1,1,1,1,1,1,1,1,,
4071,102,86,26,102-86-26,01-DEM,1,0,1,0,0,0,1,1,0,1,0,1,0,0,1,,,,,,,,,,,,,,,,,,,,,,,
4072,102,86,25,102-86-25,01-DEM,1,0,0,0,0,1,0,0,0,0,1,0,0,0,0,,,,,,,,,,,,,,,,,,,,,,,
4073,102,86,21,102-86-21,01-DEM,1,0,1,0,0,1,0,1,0,1,0,0,0,1,1,,,,,,,,,,,,,,,,,,,,,,,
4074,102,86,12,102-86-12,01-DEM,1,0,1,0,0,1,0,1,0,1,0,1,0,0,1,,,,,,,,,,,,,,,,,,,,,,,
4075,102,86,10,102-86-10,01-DEM,1,0,1,0,0,1,0,1,0,1,0,1,0,0,1,,,,,,,,,,,,,,,,,,,,,,,
4076,102,86,40,102-86-40,02-REP,,,,,,,,,,,,,,,,,,1,1,0,1,0,0,0,1,1,0,1,1,1,1,1,1,1,1,1,,
4077,102,86,39,102-86-39,02-REP,,,,,,,,,,,,,,,,,,1,1,0,1,0,0,0,1,1,0,1,1,1,1,1,1,1,1,1,,
4078,102,86,27,102-86-27,02-REP,,,,,,,,,,,,,,,,,,1,1,0,0,1,0,0,1,1,0,0,0,1,1,1,1,1,1,1,,
4079,102,86,13,102-86-13,01-DEM,0,1,1,0,0,0,1,0,1,1,1,0,0,0,1,,,,,,,,,,,,,,,,,,,,,,,
4080,102,86,2,102-86-2,01-DEM,1,0,1,0,0,0,1,1,0,1,1,0,0,0,1,,,,,,,,,,,,,,,,,,,,,,,
4081,102,86,44,102-86-44,01-DEM,0,1,1,0,0,0,1,1,0,1,0,0,1,0,1,,,,,,,,,,,,,,,,,,,,,,,
4082,102,86,43,102-86-43,01-DEM,0,1,1,0,0,0,1,1,0,1,0,0,1,0,1,,,,,,,,,,,,,,,,,,,,,,,
4083,102,86,28,102-86-28,02-REP,,,,,,,,,,,,,,,,,,1,1,1,0,0,0,0,1,1,1,0,1,1,1,1,1,1,1,1,,
4084,102,86,14,102-86-14,01-DEM,0,1,1,0,0,0,1,0,1,1,0,0,1,0,1,,,,,,,,,,,,,,,,,,,,,,,
4085,102,86,9,102-86-9,01-DEM,0,1,0,0,0,0,1,0,0,0,0,0,0,0,0,,,,,,,,,,,,,,,,,,,,,,,
4086,102,86,42,102-86-42,02-REP,,,,,,,,,,,,,,,,,,0,1,0,0,1,0,0,1,1,0,0,1,1,1,1,1,0,1,1,,
4087,102,86,41,102-86-41,01-DEM,0,1,1,0,0,1,0,0,1,1,1,0,0,0,1,,,,,,,,,,,,,,,,,,,,,,,
4088,102,86,29,102-86-29,01-DEM,0,1,0,0,0,1,0,1,0,0,1,0,0,0,0,,,,,,,,,,,,,,,,,,,,,,,
4089,102,86,16,102-86-16,01-DEM,0,1,0,0,0,0,1,1,0,0,0,0,0,0,0,,,,,,,,,,,,,,,,,,,,,,,
4090,102,86,8,102-86-8,01-DEM,0,1,1,0,0,0,1,0,1,1,1,0,0,0,1,,,,,,,,,,,,,,,,,,,,,,,
4091,102,86,46,102-86-46,01-DEM,1,0,1,0,0,0,1,1,0,1,1,0,0,0,1,,,,,,,,,,,,,,,,,,,,,,,
4092,102,86,45,102-86-45,01-DEM,0,1,1,0,0,1,0,1,0,1,1,0,0,0,1,,,,,,,,,,,,,,,,,,,,,,,
4093,102,86,30,102-86-30,01-DEM,0,1,0,0,0,1,0,1,0,0,1,0,0,0,0,,,,,,,,,,,,,,,,,,,,,,,
4094,102,86,17,102-86-17,01-DEM,1,0,1,0,0,1,0,1,0,1,1,0,0,0,1,,,,,,,,,,,,,,,,,,,,,,,
4095,102,86,5,102-86-5,01-DEM,0,1,1,0,0,1,0,0,0,1,0,0,1,0,1,,,,,,,,,,,,,,,,,,,,,,,
4096,102,86,50,102-86-50,01-DEM,0,1,1,0,0,0,1,0,0,0,0,0,1,0,0,,,,,,,,,,,,,,,,,,,,,,,
4097,102,86,49,102-86-49,01-DEM,1,0,1,0,0,1,0,0,1,1,1,0,0,0,1,,,,,,,,,,,,,,,,,,,,,,,
4098,102,86,32,102-86-32,01-DEM,0,1,1,0,0,0,1,1,0,1,1,0,0,0,1,,,,,,,,,,,,,,,,,,,,,,,
4099,102,86,18,102-86-18,01-DEM,0,1,1,0,0,0,1,0,1,1,0,0,1,0,1,,,,,,,,,,,,,,,,,,,,,,,
4100,102,86,7,102-86-7,01-DEM,1,0,1,0,0,1,0,1,0,1,1,0,0,0,1,,,,,,,,,,,,,,,,,,,,,,,
4101,102,86,33,102-86-33,01-DEM,0,1,1,0,0,0,1,1,0,1,1,0,0,0,1,,,,,,,,,,,,,,,,,,,,,,,
4102,102,86,19,102-86-19,01-DEM,0,1,1,0,0,0,1,1,0,1,0,1,0,0,1,,,,,,,,,,,,,,,,,,,,,,,
4103,102,86,6,102-86-6,02-REP,,,,,,,,,,,,,,,,,,1,1,0,0,1,0,0,1,1,0,1,1,1,1,1,1,1,1,1,,
4104,102,86,48,102-86-48,02-REP,,,,,,,,,,,,,,,,,,1,1,0,1,0,0,0,1,1,0,1,1,1,1,1,1,1,1,1,,
4105,102,86,47,102-86-47,02-REP,,,,,,,,,,,,,,,,,,1,1,0,1,0,0,0,1,1,1,0,1,1,1,1,1,1,1,1,,
4106,102,86,31,102-86-31,01-DEM,0,1,1,0,0,1,0,0,1,1,1,0,0,0,1,,,,,,,,,,,,,,,,,,,,,,,
4107,102,86,20,102-86-20,01-DEM,1,0,1,0,0,1,0,1,0,1,0,0,0,1,1,,,,,,,,,,,,,,,,,,,,,,,
4108,102,86,4,102-86-4,02-REP,,,,,,,,,,,,,,,,,,1,1,1,0,0,0,0,1,1,1,0,1,1,0,1,1,1,1,1,,
4109,102,86,34,102-86-34,01-DEM,0,1,1,0,0,0,1,0,0,0,0,0,1,0,0,,,,,,,,,,,,,,,,,,,,,,,
4110,102,86,22,102-86-22,02-REP,,,,,,,,,,,,,,,,,,0,0,0,1,0,0,0,0,0,0,1,0,0,0,0,0,0,0,0,,
4111,102,86,3,102-86-3,01-DEM,0,1,1,0,0,1,0,0,0,1,0,0,0,0,1,,,,,,,,,,,,,,,,,,,,,,,
4112,102,87,32,102-87-32,01-DEM,0,1,1,0,0,1,0,1,0,1,0,0,1,0,1,,,,,,,,,,,,,,,,,,,,,,,
4113,102,87,31,102-87-31,02-REP,,,,,,,,,,,,,,,,,,1,1,0,1,0,0,0,1,1,1,0,1,1,1,1,1,1,1,1,,
4114,102,87,21,102-87-21,02-REP,,,,,,,,,,,,,,,,,,0,1,0,1,0,0,0,0,0,0,0,0,1,0,0,0,0,0,0,,
4115,102,87,11,102-87-11,01-DEM,0,1,1,0,0,1,0,0,1,1,0,0,0,0,1,,,,,,,,,,,,,,,,,,,,,,,
4116,102,87,1,102-87-1,02-REP,,,,,,,,,,,,,,,,,,1,1,1,0,0,0,0,1,1,0,1,1,1,1,1,1,0,1,1,,
4117,102,87,34,102-87-34,01-DEM,0,1,1,0,0,0,1,1,0,1,0,1,0,0,1,,,,,,,,,,,,,,,,,,,,,,,
4118,102,87,33,102-87-33,01-DEM,0,1,1,0,0,1,0,1,0,1,0,0,1,0,1,,,,,,,,,,,,,,,,,,,,,,,
4119,102,87,22,102-87-22,01-DEM,1,0,1,0,0,1,0,1,0,1,1,0,0,0,1,,,,,,,,,,,,,,,,,,,,,,,
4120,102,87,12,102-87-12,01-DEM,1,0,1,0,0,0,1,0,1,1,0,1,0,0,1,,,,,,,,,,,,,,,,,,,,,,,
4121,102,87,2,102-87-2,02-REP,,,,,,,,,,,,,,,,,,1,1,0,1,0,0,0,1,1,0,1,1,1,1,1,1,1,1,1,,
4122,102,87,36,102-87-36,01-DEM,1,0,1,0,0,1,0,1,0,1,0,0,0,1,1,,,,,,,,,,,,,,,,,,,,,,,
4123,102,87,35,102-87-35,01-DEM,1,0,1,0,0,1,0,1,0,1,0,0,0,1,1,,,,,,,,,,,,,,,,,,,,,,,
4124,102,87,23,102-87-23,01-DEM,0,1,1,0,0,0,1,0,0,0,0,0,0,0,0,,,,,,,,,,,,,,,,,,,,,,,
4125,102,87,13,102-87-13,02-REP,,,,,,,,,,,,,,,,,,1,1,0,0,1,0,0,1,1,1,0,1,1,1,0,0,0,0,0,,
4126,102,87,3,102-87-3,01-DEM,1,0,1,0,0,1,0,1,0,1,1,0,0,0,1,,,,,,,,,,,,,,,,,,,,,,,
4127,102,87,40,102-87-40,02-REP,,,,,,,,,,,,,,,,,,0,0,0,1,0,0,0,0,0,0,0,0,0,0,0,0,0,1,0,,
4128,102,87,39,102-87-39,02-REP,,,,,,,,,,,,,,,,,,1,1,0,0,1,0,0,1,1,0,1,1,1,1,1,0,0,0,0,,
4129,102,87,26,102-87-26,01-DEM,1,0,1,0,0,1,0,1,0,1,0,0,0,1,1,,,,,,,,,,,,,,,,,,,,,,,
4130,102,87,14,102-87-14,02-REP,,,,,,,,,,,,,,,,,,1,1,0,1,0,0,0,1,1,0,1,1,1,1,1,1,1,1,1,,
4131,102,87,8,102-87-8,02-REP,,,,,,,,,,,,,,,,,,0,0,0,0,1,0,0,0,0,0,0,0,0,0,0,0,0,1,0,,
4132,102,87,46,102-87-46,02-REP,,,,,,,,,,,,,,,,,,1,1,0,1,0,0,0,1,1,0,1,1,1,1,1,1,1,1,1,,
4133,102,87,45,102-87-45,02-REP,,,,,,,,,,,,,,,,,,1,1,0,1,0,0,0,1,1,0,1,1,1,1,1,1,1,1,1,,
4134,102,87,27,102-87-27,02-REP,,,,,,,,,,,,,,,,,,1,1,0,0,1,0,0,1,1,1,0,1,1,1,1,1,1,1,1,,
4135,102,87,15,102-87-15,02-REP,,,,,,,,,,,,,,,,,,0,0,0,1,0,0,0,0,0,0,1,0,0,0,0,0,0,0,0,,
4136,102,87,4,102-87-4,02-REP,,,,,,,,,,,,,,,,,,1,1,0,0,1,0,0,1,1,0,1,1,1,1,1,1,1,1,1,,
4137,102,87,42,102-87-42,01-DEM,0,1,1,0,0,0,1,0,1,1,1,0,0,0,1,,,,,,,,,,,,,,,,,,,,,,,
4138,102,87,41,102-87-41,02-REP,,,,,,,,,,,,,,,,,,1,1,0,1,0,0,0,1,1,0,1,1,1,1,1,1,1,1,1,,
4139,102,87,24,102-87-24,02-REP,,,,,,,,,,,,,,,,,,0,1,0,1,0,0,0,1,1,0,1,1,1,1,1,1,1,1,1,,
4140,102,87,16,102-87-16,01-DEM,0,1,1,0,0,1,0,0,1,1,0,0,1,0,1,,,,,,,,,,,,,,,,,,,,,,,
4141,102,87,10,102-87-10,02-REP,,,,,,,,,,,,,,,,,,1,1,0,1,0,0,0,1,1,0,0,1,1,0,1,1,1,1,1,,
4142,102,87,38,102-87-38,01-DEM,0,1,1,0,0,0,1,1,0,0,0,0,1,0,1,,,,,,,,,,,,,,,,,,,,,,,
4143,102,87,37,102-87-37,02-REP,,,,,,,,,,,,,,,,,,1,1,0,0,1,0,0,1,1,1,0,1,1,1,1,1,1,1,1,,
4144,102,87,25,102-87-25,01-DEM,1,0,1,0,0,0,1,1,0,1,1,0,0,0,1,,,,,,,,,,,,,,,,,,,,,,,
4145,102,87,17,102-87-17,01-DEM,0,1,0,0,0,1,0,0,0,0,0,0,1,0,0,,,,,,,,,,,,,,,,,,,,,,,
4146,102,87,7,102-87-7,02-REP,,,,,,,,,,,,,,,,,,1,1,0,1,0,0,0,1,1,0,1,1,1,1,1,1,1,1,1,,
4147,102,87,44,102-87-44,02-REP,,,,,,,,,,,,,,,,,,1,1,0,0,1,0,0,1,1,1,0,1,1,1,1,1,1,1,1,,
4148,102,87,29,102-87-29,01-DEM,0,1,1,0,0,0,1,1,0,1,1,0,0,0,1,,,,,,,,,,,,,,,,,,,,,,,
4149,102,87,18,102-87-18,02-REP,,,,,,,,,,,,,,,,,,1,0,0,1,0,0,0,0,0,1,0,1,1,1,1,1,1,1,1,,
4150,102,87,6,102-87-6,02-REP,,,,,,,,,,,,,,,,,,1,1,0,1,0,0,0,1,1,1,0,1,1,1,1,1,1,1,1,,
4151,102,87,48,102-87-48,02-REP,,,,,,,,,,,,,,,,,,1,0,1,0,0,0,0,1,1,0,1,1,1,1,1,0,0,0,0,,
4152,102,87,47,102-87-47,01-DEM,0,1,1,0,0,1,0,0,1,1,1,0,0,0,1,,,,,,,,,,,,,,,,,,,,,,,
4153,102,87,28,102-87-28,02-REP,,,,,,,,,,,,,,,,,,0,1,0,0,1,0,0,0,0,0,0,0,0,1,0,0,0,0,1,,
4154,102,87,19,102-87-19,02-REP,,,,,,,,,,,,,,,,,,1,1,0,1,0,0,0,1,1,1,0,1,1,1,1,1,1,1,1,,
4155,102,87,5,102-87-5,02-REP,,,,,,,,,,,,,,,,,,1,1,1,0,0,0,0,1,1,1,0,1,1,0,1,1,1,0,1,,
4156,102,87,30,102-87-30,01-DEM,1,0,1,0,0,1,0,1,0,1,0,0,0,1,1,,,,,,,,,,,,,,,,,,,,,,,
4157,102,87,20,102-87-20,02-REP,,,,,,,,,,,,,,,,,,1,1,0,1,0,0,0,1,1,0,1,1,1,1,1,1,1,1,1,,
4158,102,87,9,102-87-9,02-REP,,,,,,,,,,,,,,,,,,1,0,0,1,0,0,0,1,1,0,1,1,1,1,1,1,1,1,1,,
4159,102,87,43,102-87-43,02-REP,,,,,,,,,,,,,,,,,,0,1,0,0,1,0,0,1,1,1,0,1,1,1,1,1,1,1,1,,
4160,102,88,36,102-88-36,02-REP,,,,,,,,,,,,,,,,,,1,1,0,1,0,0,0,1,1,1,0,1,1,1,1,1,1,1,1,,
4161,102,88,35,102-88-35,02-REP,,,,,,,,,,,,,,,,,,0,0,0,1,0,0,0,0,0,0,1,0,0,0,0,0,0,0,0,,
4162,102,88,22,102-88-22,02-REP,,,,,,,,,,,,,,,,,,0,1,0,1,0,0,0,0,0,0,0,0,1,0,1,0,1,1,1,,
4163,102,88,11,102-88-11,02-REP,,,,,,,,,,,,,,,,,,1,1,0,1,0,0,0,1,1,1,0,1,1,1,1,1,1,1,1,,
4164,102,88,2,102-88-2,01-DEM,0,1,1,0,0,0,1,1,0,1,1,0,0,0,1,,,,,,,,,,,,,,,,,,,,,,,
4165,102,88,50,102-88-50,01-DEM,0,1,1,0,0,0,1,1,0,1,1,0,0,0,1,,,,,,,,,,,,,,,,,,,,,,,
4166,102,88,49,102-88-49,01-DEM,0,1,1,0,0,0,1,1,0,1,1,0,0,0,1,,,,,,,,,,,,,,,,,,,,,,,
4167,102,88,26,102-88-26,02-REP,,,,,,,,,,,,,,,,,,1,1,1,0,0,0,0,1,1,1,0,1,1,1,1,1,1,1,1,,
4168,102,88,25,102-88-25,02-REP,,,,,,,,,,,,,,,,,,1,1,0,1,0,0,0,1,1,0,1,1,1,1,1,1,1,1,1,,
4169,102,88,21,102-88-21,02-REP,,,,,,,,,,,,,,,,,,1,1,0,0,1,0,0,1,1,1,0,1,1,1,1,1,1,1,1,,
4170,102,88,12,102-88-12,02-REP,,,,,,,,,,,,,,,,,,1,1,0,0,1,0,0,1,1,1,0,1,1,1,1,1,1,1,1,,
4171,102,88,10,102-88-10,02-REP,,,,,,,,,,,,,,,,,,1,1,0,0,1,0,0,1,1,1,0,1,1,1,1,1,1,1,1,,
4172,102,88,38,102-88-38,02-REP,,,,,,,,,,,,,,,,,,0,0,0,1,0,0,0,0,0,0,1,0,0,0,0,0,0,0,0,,
4173,102,88,37,102-88-37,02-REP,,,,,,,,,,,,,,,,,,1,1,1,0,0,0,0,1,1,0,1,1,1,1,1,1,1,1,1,,
4174,102,88,24,102-88-24,02-REP,,,,,,,,,,,,,,,,,,1,1,1,0,0,0,0,1,1,1,0,1,1,1,1,1,1,1,1,,
4175,102,88,13,102-88-13,02-REP,,,,,,,,,,,,,,,,,,1,1,1,0,0,0,0,1,1,0,1,1,1,1,1,1,1,1,1,,
4176,102,88,3,102-88-3,01-DEM,1,0,1,0,0,0,1,0,1,1,1,0,0,0,1,,,,,,,,,,,,,,,,,,,,,,,
4177,102,88,39,102-88-39,02-REP,,,,,,,,,,,,,,,,,,1,1,0,0,1,0,0,1,1,1,0,1,1,0,1,1,1,1,1,,
4178,102,88,27,102-88-27,02-REP,,,,,,,,,,,,,,,,,,1,1,0,1,0,0,0,1,1,1,0,1,1,1,1,1,1,1,1,,
4179,102,88,14,102-88-14,02-REP,,,,,,,,,,,,,,,,,,1,1,0,0,1,0,0,1,1,0,1,1,1,1,1,1,1,1,1,,
4180,102,88,46,102-88-46,01-DEM,0,1,1,0,0,0,1,1,0,1,0,0,1,0,1,,,,,,,,,,,,,,,,,,,,,,,
4181,102,88,45,102-88-45,01-DEM,1,0,1,0,0,1,0,0,1,1,0,1,0,0,1,,,,,,,,,,,,,,,,,,,,,,,
4182,102,88,31,102-88-31,02-REP,,,,,,,,,,,,,,,,,,1,1,0,1,0,0,0,1,1,0,1,1,1,0,1,0,1,1,1,,
4183,102,88,15,102-88-15,02-REP,,,,,,,,,,,,,,,,,,1,1,0,0,1,0,0,1,1,0,1,1,1,1,1,1,1,1,1,,
4184,102,88,7,102-88-7,02-REP,,,,,,,,,,,,,,,,,,1,0,1,0,0,0,0,1,1,0,1,1,1,1,1,1,1,1,1,,
4185,102,88,30,102-88-30,02-REP,,,,,,,,,,,,,,,,,,1,1,0,1,0,0,0,1,1,1,0,1,1,1,1,1,1,1,1,,
4186,102,88,16,102-88-16,02-REP,,,,,,,,,,,,,,,,,,1,1,0,0,1,0,0,1,1,1,0,1,1,1,1,1,1,1,1,,
4187,102,88,5,102-88-5,02-REP,,,,,,,,,,,,,,,,,,1,1,1,0,0,0,0,1,1,1,0,1,1,1,1,1,1,1,1,,
4188,102,88,44,102-88-44,02-REP,,,,,,,,,,,,,,,,,,0,0,0,1,0,0,0,0,0,0,1,0,0,0,0,0,0,0,0,,
4189,102,88,43,102-88-43,01-DEM,1,0,0,0,0,0,1,1,0,0,1,0,0,0,1,,,,,,,,,,,,,,,,,,,,,,,
4190,102,88,29,102-88-29,02-REP,,,,,,,,,,,,,,,,,,0,1,0,1,0,0,0,1,0,0,1,1,1,1,1,1,1,1,1,,
4191,102,88,17,102-88-17,02-REP,,,,,,,,,,,,,,,,,,1,1,1,0,0,0,0,1,1,1,0,1,1,1,1,1,1,1,1,,
4192,102,88,1,102-88-1,02-REP,,,,,,,,,,,,,,,,,,0,1,1,0,0,0,0,1,1,0,1,0,1,1,1,1,1,1,1,,
4193,102,88,42,102-88-42,01-DEM,1,0,1,0,0,0,1,0,1,1,0,0,1,0,1,,,,,,,,,,,,,,,,,,,,,,,
4194,102,88,41,102-88-41,01-DEM,0,1,1,0,0,0,1,1,0,0,0,0,0,1,0,,,,,,,,,,,,,,,,,,,,,,,
4195,102,88,28,102-88-28,02-REP,,,,,,,,,,,,,,,,,,1,1,0,0,1,0,0,1,1,1,0,1,1,1,1,1,1,1,1,,
4196,102,88,18,102-88-18,02-REP,,,,,,,,,,,,,,,,,,0,0,0,0,1,0,0,0,0,0,0,1,1,0,1,1,1,1,1,,
4197,102,88,9,102-88-9,02-REP,,,,,,,,,,,,,,,,,,1,1,1,0,0,0,0,1,1,1,0,1,1,1,1,1,1,1,1,,
4198,102,88,48,102-88-48,01-DEM,1,0,1,0,0,1,0,1,0,1,1,0,0,0,1,,,,,,,,,,,,,,,,,,,,,,,
4199,102,88,47,102-88-47,01-DEM,0,1,1,0,0,0,1,0,1,1,1,0,0,0,1,,,,,,,,,,,,,,,,,,,,,,,
4200,102,88,32,102-88-32,02-REP,,,,,,,,,,,,,,,,,,1,1,1,0,0,0,0,1,1,1,0,1,1,1,1,1,1,1,1,,
4201,102,88,19,102-88-19,02-REP,,,,,,,,,,,,,,,,,,1,1,1,0,0,0,0,1,1,1,0,1,1,1,1,1,1,1,1,,
4202,102,88,6,102-88-6,02-REP,,,,,,,,,,,,,,,,,,1,1,1,0,0,0,0,1,1,1,0,1,1,1,1,1,1,1,1,,
4203,102,88,34,102-88-34,02-REP,,,,,,,,,,,,,,,,,,1,0,0,1,0,0,0,1,1,1,0,1,1,1,1,1,1,1,1,,
4204,102,88,33,102-88-33,02-REP,,,,,,,,,,,,,,,,,,1,1,0,1,0,0,0,1,1,0,0,1,1,1,1,1,1,1,1,,
4205,102,88,23,102-88-23,02-REP,,,,,,,,,,,,,,,,,,1,1,0,0,1,0,0,1,1,0,1,1,1,1,1,1,1,1,1,,
4206,102,88,20,102-88-20,02-REP,,,,,,,,,,,,,,,,,,1,1,0,0,1,0,0,1,1,1,0,1,1,1,1,1,1,1,1,,
4207,102,88,8,102-88-8,02-REP,,,,,,,,,,,,,,,,,,1,1,0,0,1,0,0,1,1,0,1,1,1,1,1,1,1,1,1,,
4208,102,88,4,102-88-4,02-REP,,,,,,,,,,,,,,,,,,1,1,0,1,0,0,0,1,1,1,0,1,1,1,1,1,1,1,1,,
4209,102,88,40,102-88-40,01-DEM,1,0,0,0,1,1,0,0,1,1,0,0,0,1,1,,,,,,,,,,,,,,,,,,,,,,,
4210,102,89,43,102-89-43,02-REP,,,,,,,,,,,,,,,,,,1,1,0,0,1,0,0,1,1,0,1,1,1,1,1,1,1,1,1,,
4211,102,89,42,102-89-42,02-REP,,,,,,,,,,,,,,,,,,0,1,0,1,0,0,0,0,0,1,0,0,0,0,0,1,1,1,1,,
4212,102,89,25,102-89-25,02-REP,,,,,,,,,,,,,,,,,,1,1,1,0,0,0,0,1,1,1,0,1,1,1,1,1,1,1,1,,
4213,102,89,24,102-89-24,02-REP,,,,,,,,,,,,,,,,,,1,1,0,1,0,0,0,1,1,1,0,1,1,0,1,1,1,1,1,,
4214,102,89,21,102-89-21,02-REP,,,,,,,,,,,,,,,,,,1,1,0,1,0,0,0,1,1,0,0,1,1,1,1,1,1,1,1,,
4215,102,89,11,102-89-11,02-REP,,,,,,,,,,,,,,,,,,0,0,0,0,0,0,0,0,0,0,0,0,0,1,1,0,0,0,1,,
4216,102,89,9,102-89-9,02-REP,,,,,,,,,,,,,,,,,,0,0,0,1,0,0,0,0,0,0,0,0,1,0,0,0,0,1,1,,
4217,102,89,48,102-89-48,02-REP,,,,,,,,,,,,,,,,,,1,1,1,0,0,0,0,1,1,1,0,1,1,1,1,1,1,1,1,,
4218,102,89,47,102-89-47,02-REP,,,,,,,,,,,,,,,,,,1,1,0,0,1,0,0,1,1,0,1,1,1,1,1,1,1,1,1,,
4219,102,89,28,102-89-28,02-REP,,,,,,,,,,,,,,,,,,1,1,0,0,1,0,0,1,1,1,0,1,1,0,1,1,1,1,1,,
4220,102,89,27,102-89-27,02-REP,,,,,,,,,,,,,,,,,,0,0,1,0,0,0,0,0,0,1,0,0,0,0,0,0,0,0,0,,
4221,102,89,19,102-89-19,02-REP,,,,,,,,,,,,,,,,,,1,1,0,1,0,0,0,1,1,1,0,1,1,1,1,1,1,1,1,,
4222,102,89,12,102-89-12,02-REP,,,,,,,,,,,,,,,,,,0,0,1,0,0,0,0,0,0,1,0,0,0,0,0,0,0,0,0,,
4223,102,89,10,102-89-10,02-REP,,,,,,,,,,,,,,,,,,1,1,0,1,0,0,0,1,1,0,1,1,1,1,1,1,1,1,1,,
4224,102,89,37,102-89-37,02-REP,,,,,,,,,,,,,,,,,,1,1,1,0,0,0,0,1,1,1,0,1,1,1,1,1,1,1,1,,
4225,102,89,36,102-89-36,02-REP,,,,,,,,,,,,,,,,,,1,1,1,0,0,0,0,1,1,1,0,1,1,1,1,1,1,1,1,,
4226,102,89,23,102-89-23,02-REP,,,,,,,,,,,,,,,,,,1,1,0,1,0,0,0,1,1,1,0,1,1,1,1,1,1,1,1,,
4227,102,89,13,102-89-13,02-REP,,,,,,,,,,,,,,,,,,1,1,0,1,0,0,0,1,1,0,1,1,1,1,1,1,1,1,1,,
4228,102,89,1,102-89-1,02-REP,,,,,,,,,,,,,,,,,,1,1,0,0,1,0,0,1,1,0,1,1,1,1,1,1,1,1,1,,
4229,102,89,39,102-89-39,02-REP,,,,,,,,,,,,,,,,,,1,1,1,0,0,0,0,1,1,1,0,1,1,1,1,1,1,1,1,,
4230,102,89,38,102-89-38,02-REP,,,,,,,,,,,,,,,,,,1,1,1,0,0,0,0,1,1,0,1,1,1,1,1,1,1,1,1,,
4231,102,89,26,102-89-26,02-REP,,,,,,,,,,,,,,,,,,1,1,1,0,0,0,0,1,1,1,0,0,1,1,1,0,1,1,1,,
4232,102,89,14,102-89-14,02-REP,,,,,,,,,,,,,,,,,,1,1,1,0,0,0,0,1,1,1,0,1,1,1,1,1,1,1,1,,
4233,102,89,8,102-89-8,02-REP,,,,,,,,,,,,,,,,,,1,1,0,0,1,0,0,1,1,0,1,1,1,1,1,1,1,1,1,,
4234,102,89,35,102-89-35,02-REP,,,,,,,,,,,,,,,,,,1,1,1,0,0,0,0,1,1,1,0,1,1,1,1,1,1,1,1,,
4235,102,89,34,102-89-34,02-REP,,,,,,,,,,,,,,,,,,0,1,1,0,0,0,0,1,1,0,1,1,0,1,0,1,1,1,1,,
4236,102,89,22,102-89-22,02-REP,,,,,,,,,,,,,,,,,,0,0,1,0,0,0,0,0,0,1,0,0,0,0,0,0,0,0,0,,
4237,102,89,15,102-89-15,02-REP,,,,,,,,,,,,,,,,,,1,1,0,1,0,0,0,1,1,1,0,1,1,1,1,1,1,1,1,,
4238,102,89,7,102-89-7,02-REP,,,,,,,,,,,,,,,,,,1,1,0,0,1,0,0,1,1,1,0,1,1,1,1,1,1,1,1,,
4239,102,89,46,102-89-46,02-REP,,,,,,,,,,,,,,,,,,0,0,0,1,0,0,0,0,0,0,0,0,1,0,0,0,0,1,1,,
4240,102,89,45,102-89-45,02-REP,,,,,,,,,,,,,,,,,,1,1,0,0,1,0,0,1,1,0,1,1,1,1,1,1,1,1,1,,
4241,102,89,31,102-89-31,02-REP,,,,,,,,,,,,,,,,,,0,1,0,0,1,0,0,1,1,1,0,1,1,0,1,1,1,1,1,,
4242,102,89,16,102-89-16,02-REP,,,,,,,,,,,,,,,,,,1,1,1,0,0,0,0,1,1,1,0,1,1,1,1,1,1,1,1,,
4243,102,89,2,102-89-2,02-REP,,,,,,,,,,,,,,,,,,1,1,0,1,0,0,0,1,1,1,0,1,1,1,1,1,1,1,1,,
4244,102,89,50,102-89-50,02-REP,,,,,,,,,,,,,,,,,,1,1,0,0,1,0,0,1,1,0,1,1,1,1,1,1,1,1,1,,
4245,102,89,49,102-89-49,02-REP,,,,,,,,,,,,,,,,,,1,1,0,0,1,0,0,1,1,0,1,1,1,1,1,1,1,1,1,,
4246,102,89,32,102-89-32,02-REP,,,,,,,,,,,,,,,,,,1,1,0,1,0,0,0,1,1,1,0,1,1,1,1,1,1,1,1,,
4247,102,89,17,102-89-17,02-REP,,,,,,,,,,,,,,,,,,1,1,1,0,0,0,0,1,1,1,0,1,1,1,1,1,1,1,1,,
4248,102,89,6,102-89-6,02-REP,,,,,,,,,,,,,,,,,,1,1,1,0,0,0,0,1,1,1,0,1,1,1,1,1,1,1,1,,
4249,102,89,41,102-89-41,02-REP,,,,,,,,,,,,,,,,,,0,1,0,0,1,0,0,0,0,0,0,0,1,0,1,0,1,1,1,,
4250,102,89,40,102-89-40,02-REP,,,,,,,,,,,,,,,,,,0,0,0,0,1,0,0,0,0,0,0,1,1,0,1,1,1,1,1,,
4251,102,89,29,102-89-29,02-REP,,,,,,,,,,,,,,,,,,0,1,1,0,0,0,0,1,1,0,1,1,0,0,0,1,1,1,1,,
4252,102,89,18,102-89-18,02-REP,,,,,,,,,,,,,,,,,,0,1,0,1,0,0,0,0,0,0,0,0,0,0,0,0,0,0,0,,
4253,102,89,4,102-89-4,02-REP,,,,,,,,,,,,,,,,,,1,1,0,0,1,0,0,1,1,0,1,1,1,0,1,1,1,1,1,,
4254,102,89,33,102-89-33,02-REP,,,,,,,,,,,,,,,,,,1,1,1,0,0,0,0,1,1,1,0,1,1,1,1,1,1,1,1,,
4255,102,89,20,102-89-20,02-REP,,,,,,,,,,,,,,,,,,1,1,0,1,0,0,0,1,1,0,1,1,1,1,1,1,1,1,1,,
4256,102,89,5,102-89-5,02-REP,,,,,,,,,,,,,,,,,,1,1,0,0,1,0,0,1,1,0,1,1,1,0,1,1,1,1,1,,
4257,102,89,44,102-89-44,02-REP,,,,,,,,,,,,,,,,,,0,0,0,0,1,0,0,0,0,0,0,0,0,0,1,1,1,1,1,,
4258,102,89,30,102-89-30,02-REP,,,,,,,,,,,,,,,,,,1,1,0,0,1,0,0,1,1,0,1,1,1,1,1,1,1,1,1,,
4259,102,89,3,102-89-3,02-REP,,,,,,,,,,,,,,,,,,1,1,1,0,0,0,0,1,1,1,0,1,1,1,1,1,1,1,1,,
4260,102,90,32,102-90-32,01-DEM,0,1,1,0,0,0,1,0,1,1,0,0,0,1,1,,,,,,,,,,,,,,,,,,,,,,,
4261,102,90,31,102-90-31,02-REP,,,,,,,,,,,,,,,,,,0,1,0,0,1,0,0,0,0,0,0,0,1,1,1,1,1,1,1,,
4262,102,90,21,102-90-21,02-REP,,,,,,,,,,,,,,,,,,1,1,1,0,0,0,0,1,1,1,0,1,1,1,1,1,1,1,1,,
4263,102,90,11,102-90-11,02-REP,,,,,,,,,,,,,,,,,,1,1,0,1,0,0,0,1,1,1,0,1,1,1,1,1,1,1,1,,
4264,102,90,1,102-90-1,02-REP,,,,,,,,,,,,,,,,,,1,1,0,0,1,0,0,1,1,1,0,1,1,1,1,1,1,1,1,,
4265,102,90,42,102-90-42,02-REP,,,,,,,,,,,,,,,,,,1,0,0,1,0,0,0,1,1,1,0,1,1,0,1,1,1,1,1,,
4266,102,90,41,102-90-41,02-REP,,,,,,,,,,,,,,,,,,1,1,0,1,0,0,0,1,1,0,0,1,1,1,1,1,1,1,1,,
4267,102,90,24,102-90-24,02-REP,,,,,,,,,,,,,,,,,,1,1,0,1,0,0,0,1,1,0,1,1,1,1,1,1,1,1,1,,
4268,102,90,12,102-90-12,02-REP,,,,,,,,,,,,,,,,,,1,1,0,0,1,0,0,1,1,0,1,1,1,1,1,1,1,1,1,,
4269,102,90,6,102-90-6,01-DEM,0,1,0,0,0,0,1,0,0,0,0,0,0,0,0,,,,,,,,,,,,,,,,,,,,,,,
4270,102,90,40,102-90-40,02-REP,,,,,,,,,,,,,,,,,,1,0,0,1,0,0,0,1,0,0,0,0,0,0,1,0,0,0,1,,
4271,102,90,39,102-90-39,02-REP,,,,,,,,,,,,,,,,,,1,1,0,0,1,0,0,1,1,0,1,1,1,1,1,1,1,1,1,,
4272,102,90,23,102-90-23,02-REP,,,,,,,,,,,,,,,,,,1,1,0,1,0,0,0,1,1,1,0,1,1,1,1,1,1,1,1,,
4273,102,90,13,102-90-13,02-REP,,,,,,,,,,,,,,,,,,1,1,0,0,1,0,0,1,1,1,0,1,1,1,1,1,1,1,1,,
4274,102,90,3,102-90-3,01-DEM,1,0,1,0,0,0,1,1,0,1,0,0,0,1,1,,,,,,,,,,,,,,,,,,,,,,,
4275,102,90,38,102-90-38,02-REP,,,,,,,,,,,,,,,,,,1,1,0,0,1,0,0,1,1,0,1,1,1,0,1,1,1,1,1,,
4276,102,90,37,102-90-37,02-REP,,,,,,,,,,,,,,,,,,1,1,0,1,0,0,0,0,0,1,0,1,1,1,1,1,1,1,1,,
4277,102,90,22,102-90-22,02-REP,,,,,,,,,,,,,,,,,,1,1,0,0,1,0,0,1,1,0,1,1,1,1,1,0,0,0,0,,
4278,102,90,14,102-90-14,02-REP,,,,,,,,,,,,,,,,,,1,1,0,0,1,0,0,1,1,1,0,1,1,1,1,1,1,1,1,,
4279,102,90,5,102-90-5,01-DEM,0,1,1,0,0,0,1,0,1,1,1,0,0,0,1,,,,,,,,,,,,,,,,,,,,,,,
4280,102,90,36,102-90-36,01-DEM,1,0,0,0,0,1,0,0,0,0,0,0,0,0,0,,,,,,,,,,,,,,,,,,,,,,,
4281,102,90,35,102-90-35,01-DEM,1,0,1,0,0,1,0,0,1,1,0,1,0,0,1,,,,,,,,,,,,,,,,,,,,,,,
4282,102,90,26,102-90-26,02-REP,,,,,,,,,,,,,,,,,,0,0,0,0,1,0,0,0,0,0,0,0,1,0,1,1,1,1,1,,
4283,102,90,15,102-90-15,01-DEM,1,0,1,0,0,1,0,1,0,1,0,0,1,0,1,,,,,,,,,,,,,,,,,,,,,,,
4284,102,90,4,102-90-4,02-REP,,,,,,,,,,,,,,,,,,1,1,0,0,1,0,0,0,1,1,0,1,1,1,1,0,0,0,0,,
4285,102,90,50,102-90-50,02-REP,,,,,,,,,,,,,,,,,,0,0,1,0,0,0,0,0,0,1,0,0,0,0,0,0,0,0,0,,
4286,102,90,49,102-90-49,01-DEM,1,0,1,0,0,1,0,1,0,1,1,0,0,0,1,,,,,,,,,,,,,,,,,,,,,,,
4287,102,90,27,102-90-27,02-REP,,,,,,,,,,,,,,,,,,1,1,0,1,0,0,0,1,1,1,0,1,1,1,1,1,1,1,1,,
4288,102,90,16,102-90-16,02-REP,,,,,,,,,,,,,,,,,,1,1,0,0,1,0,0,1,1,0,1,1,1,1,1,1,1,1,1,,
4289,102,90,9,102-90-9,02-REP,,,,,,,,,,,,,,,,,,1,1,0,1,0,0,0,1,1,0,1,1,1,1,1,1,1,1,1,,
4290,102,90,48,102-90-48,02-REP,,,,,,,,,,,,,,,,,,0,1,0,1,0,0,0,0,0,1,0,0,0,0,0,0,0,0,0,,
4291,102,90,47,102-90-47,02-REP,,,,,,,,,,,,,,,,,,1,1,0,1,0,0,0,1,1,1,0,1,1,1,1,1,1,1,1,,
4292,102,90,30,102-90-30,01-DEM,1,0,1,0,0,1,0,0,1,1,0,0,1,0,1,,,,,,,,,,,,,,,,,,,,,,,
4293,102,90,17,102-90-17,02-REP,,,,,,,,,,,,,,,,,,1,1,0,1,0,0,0,1,1,0,1,1,1,1,1,1,1,1,1,,
4294,102,90,8,102-90-8,02-REP,,,,,,,,,,,,,,,,,,0,1,0,0,1,0,0,0,0,0,0,0,1,1,1,1,1,1,1,,
4295,102,90,44,102-90-44,01-DEM,1,0,1,0,0,1,0,1,0,1,1,0,0,0,1,,,,,,,,,,,,,,,,,,,,,,,
4296,102,90,43,102-90-43,01-DEM,1,0,1,0,0,1,0,1,0,1,0,0,1,0,1,,,,,,,,,,,,,,,,,,,,,,,
4297,102,90,25,102-90-25,02-REP,,,,,,,,,,,,,,,,,,1,1,0,1,0,0,0,1,1,1,0,1,1,1,1,1,1,1,1,,
4298,102,90,18,102-90-18,01-DEM,1,0,1,0,0,0,1,0,1,1,0,0,1,0,1,,,,,,,,,,,,,,,,,,,,,,,
4299,102,90,10,102-90-10,02-REP,,,,,,,,,,,,,,,,,,1,1,1,0,0,0,0,1,1,1,0,1,1,1,1,1,1,1,1,,
4300,102,90,46,102-90-46,01-DEM,1,0,1,0,0,0,1,0,1,1,0,0,1,0,1,,,,,,,,,,,,,,,,,,,,,,,
4301,102,90,45,102-90-45,02-REP,,,,,,,,,,,,,,,,,,0,0,0,0,1,0,0,0,0,0,1,0,0,0,0,0,0,0,0,,
4302,102,90,19,102-90-19,02-REP,,,,,,,,,,,,,,,,,,1,1,0,0,1,0,0,1,1,0,1,1,1,1,1,1,1,1,1,,
4303,102,90,7,102-90-7,02-REP,,,,,,,,,,,,,,,,,,1,1,0,0,0,0,0,0,0,0,0,0,0,0,0,1,1,1,1,,
4304,102,90,34,102-90-34,01-DEM,1,0,1,0,0,1,0,0,1,1,0,0,1,0,1,,,,,,,,,,,,,,,,,,,,,,,
4305,102,90,33,102-90-33,01-DEM,0,1,1,0,0,1,0,1,0,1,0,0,0,1,1,,,,,,,,,,,,,,,,,,,,,,,
4306,102,90,28,102-90-28,01-DEM,1,0,1,0,0,1,0,1,0,1,1,0,0,0,1,,,,,,,,,,,,,,,,,,,,,,,
4307,102,90,20,102-90-20,02-REP,,,,,,,,,,,,,,,,,,1,1,0,0,1,0,0,1,1,0,1,1,1,1,1,1,1,1,1,,
4308,102,90,2,102-90-2,02-REP,,,,,,,,,,,,,,,,,,0,0,0,1,0,0,0,0,0,1,0,0,0,0,0,0,0,0,0,,
4309,102,90,29,102-90-29,01-DEM,0,1,1,0,0,1,0,0,1,1,0,0,0,1,1,,,,,,,,,,,,,,,,,,,,,,,
4310,102,91,22,102-91-22,02-REP,,,,,,,,,,,,,,,,,,0,1,0,1,0,0,0,0,0,1,0,0,0,0,0,0,0,0,0,,
4311,102,91,11,102-91-11,02-REP,,,,,,,,,,,,,,,,,,1,1,0,0,1,0,0,1,1,0,1,1,1,1,1,1,1,1,1,,
4312,102,91,10,102-91-10,01-DEM,0,1,1,0,0,0,1,1,0,1,1,0,0,0,1,,,,,,,,,,,,,,,,,,,,,,,
4313,102,91,34,102-91-34,02-REP,,,,,,,,,,,,,,,,,,0,0,0,1,0,0,0,0,0,0,0,0,0,0,0,0,1,1,1,,
4314,102,91,33,102-91-33,02-REP,,,,,,,,,,,,,,,,,,1,1,0,1,0,0,0,1,1,0,1,1,1,1,1,1,1,1,1,,
4315,102,91,21,102-91-21,02-REP,,,,,,,,,,,,,,,,,,1,1,1,0,0,0,0,1,1,1,0,1,1,1,1,1,1,1,1,,
4316,102,91,12,102-91-12,01-DEM,1,0,1,0,0,1,0,1,0,1,0,0,1,0,1,,,,,,,,,,,,,,,,,,,,,,,
4317,102,91,9,102-91-9,01-DEM,0,1,0,0,0,0,1,1,0,1,1,0,0,0,1,,,,,,,,,,,,,,,,,,,,,,,
4318,102,91,32,102-91-32,02-REP,,,,,,,,,,,,,,,,,,1,1,0,1,0,0,0,1,1,1,0,1,1,1,1,1,1,1,1,,
4319,102,91,31,102-91-31,01-DEM,1,0,1,0,0,1,0,1,0,1,0,0,0,1,1,,,,,,,,,,,,,,,,,,,,,,,
4320,102,91,23,102-91-23,01-DEM,1,0,1,0,0,1,0,1,0,1,0,0,0,1,1,,,,,,,,,,,,,,,,,,,,,,,
4321,102,91,13,102-91-13,02-REP,,,,,,,,,,,,,,,,,,1,1,0,1,0,0,0,1,1,0,1,1,1,1,1,0,0,0,0,,
4322,102,91,1,102-91-1,02-REP,,,,,,,,,,,,,,,,,,1,1,0,1,0,0,0,1,1,1,0,1,1,1,1,1,1,1,1,,
4323,102,91,38,102-91-38,02-REP,,,,,,,,,,,,,,,,,,1,1,1,0,0,0,0,1,1,0,1,1,1,1,1,1,1,1,1,,
4324,102,91,37,102-91-37,02-REP,,,,,,,,,,,,,,,,,,1,1,1,0,0,0,0,1,1,1,0,1,1,1,1,1,1,1,1,,
4325,102,91,25,102-91-25,01-DEM,1,0,1,0,0,1,0,1,0,1,0,0,0,1,1,,,,,,,,,,,,,,,,,,,,,,,
4326,102,91,14,102-91-14,01-DEM,1,0,1,0,0,1,0,1,0,1,0,0,1,0,1,,,,,,,,,,,,,,,,,,,,,,,
4327,102,91,7,102-91-7,01-DEM,1,0,1,0,0,1,0,1,0,1,0,0,0,1,1,,,,,,,,,,,,,,,,,,,,,,,
4328,102,91,30,102-91-30,01-DEM,1,0,0,0,0,1,0,1,0,0,1,0,0,0,0,,,,,,,,,,,,,,,,,,,,,,,
4329,102,91,15,102-91-15,02-REP,,,,,,,,,,,,,,,,,,1,1,0,1,0,0,0,1,1,0,1,1,1,1,1,1,1,1,1,,
4330,102,91,6,102-91-6,01-DEM,0,1,1,0,0,0,1,0,1,0,0,0,1,0,0,,,,,,,,,,,,,,,,,,,,,,,
4331,102,91,40,102-91-40,02-REP,,,,,,,,,,,,,,,,,,0,0,0,0,1,0,0,0,0,0,0,0,0,0,0,0,0,0,0,,
4332,102,91,39,102-91-39,01-DEM,0,1,1,0,0,0,1,0,1,0,0,0,1,0,0,,,,,,,,,,,,,,,,,,,,,,,
4333,102,91,24,102-91-24,01-DEM,1,0,1,0,0,1,0,1,0,1,1,0,0,0,1,,,,,,,,,,,,,,,,,,,,,,,
4334,102,91,16,102-91-16,01-DEM,0,1,1,0,0,1,0,1,0,1,1,0,0,0,1,,,,,,,,,,,,,,,,,,,,,,,
4335,102,91,3,102-91-3,02-REP,,,,,,,,,,,,,,,,,,1,1,0,1,0,0,0,1,1,0,1,1,1,1,1,1,1,1,1,,
4336,102,91,36,102-91-36,02-REP,,,,,,,,,,,,,,,,,,1,1,1,0,0,0,0,1,1,1,0,1,1,1,1,1,1,1,1,,
4337,102,91,35,102-91-35,02-REP,,,,,,,,,,,,,,,,,,1,1,0,1,0,0,0,1,1,1,0,1,1,1,1,1,1,1,1,,
4338,102,91,26,102-91-26,01-DEM,1,0,1,0,0,1,0,1,0,1,1,0,0,0,1,,,,,,,,,,,,,,,,,,,,,,,
4339,102,91,17,102-91-17,02-REP,,,,,,,,,,,,,,,,,,1,1,0,1,0,0,0,1,1,1,0,1,1,1,1,1,1,1,1,,
4340,102,91,8,102-91-8,01-DEM,0,1,1,0,0,1,0,1,0,1,1,0,0,0,1,,,,,,,,,,,,,,,,,,,,,,,
4341,102,91,42,102-91-42,02-REP,,,,,,,,,,,,,,,,,,1,1,1,0,0,0,0,1,1,1,0,1,1,1,1,1,1,1,1,,
4342,102,91,41,102-91-41,02-REP,,,,,,,,,,,,,,,,,,1,1,0,1,0,0,0,1,1,1,0,1,1,1,1,1,1,1,1,,
4343,102,91,27,102-91-27,02-REP,,,,,,,,,,,,,,,,,,1,1,0,1,0,0,0,1,1,1,0,1,1,1,1,1,1,1,1,,
4344,102,91,18,102-91-18,02-REP,,,,,,,,,,,,,,,,,,1,1,0,1,0,0,0,1,1,0,1,1,1,1,1,1,1,1,1,,
4345,102,91,2,102-91-2,02-REP,,,,,,,,,,,,,,,,,,1,1,0,1,0,0,0,1,1,0,1,1,1,1,1,1,1,1,1,,
4346,102,91,28,102-91-28,02-REP,,,,,,,,,,,,,,,,,,1,1,0,1,0,0,0,1,1,0,1,1,1,1,1,1,1,1,1,,
4347,102,91,19,102-91-19,02-REP,,,,,,,,,,,,,,,,,,0,0,0,0,1,0,0,0,0,0,0,0,0,0,0,0,0,0,0,,
4348,102,91,4,102-91-4,01-DEM,0,1,0,0,0,1,0,0,1,0,1,0,0,0,0,,,,,,,,,,,,,,,,,,,,,,,
4349,102,91,29,102-91-29,01-DEM,1,0,1,0,0,1,0,1,0,1,1,0,0,0,1,,,,,,,,,,,,,,,,,,,,,,,
4350,102,91,20,102-91-20,02-REP,,,,,,,,,,,,,,,,,,1,1,0,0,1,0,0,1,1,1,0,1,1,1,1,1,1,1,1,,
4351,102,91,5,102-91-5,01-DEM,1,0,1,0,0,1,0,1,0,1,0,1,0,0,1,,,,,,,,,,,,,,,,,,,,,,,
4352,102,92,35,102-92-35,02-REP,,,,,,,,,,,,,,,,,,0,0,0,0,1,0,0,0,0,0,0,0,0,0,0,0,0,0,0,,
4353,102,92,24,102-92-24,02-REP,,,,,,,,,,,,,,,,,,1,1,0,1,0,0,0,1,1,1,0,1,1,1,1,0,0,0,0,,
4354,102,92,23,102-92-23,02-REP,,,,,,,,,,,,,,,,,,1,1,0,1,0,0,0,1,1,0,1,1,1,1,1,1,1,1,1,,
4355,102,92,16,102-92-16,02-REP,,,,,,,,,,,,,,,,,,1,1,1,0,0,0,0,1,1,1,0,1,1,1,1,1,1,1,1,,
4356,102,92,11,102-92-11,02-REP,,,,,,,,,,,,,,,,,,1,1,0,1,0,0,0,1,1,1,0,1,1,1,1,1,1,1,1,,
4357,102,92,1,102-92-1,02-REP,,,,,,,,,,,,,,,,,,0,1,0,0,1,0,0,1,1,0,1,1,1,1,1,1,1,1,1,,
4358,102,92,38,102-92-38,01-DEM,1,0,0,0,0,1,0,1,0,0,0,1,0,0,0,,,,,,,,,,,,,,,,,,,,,,,
4359,102,92,37,102-92-37,02-REP,,,,,,,,,,,,,,,,,,0,1,0,0,1,0,0,0,0,0,1,0,0,0,0,0,0,0,0,,
4360,102,92,26,102-92-26,01-DEM,0,1,1,0,0,1,0,1,0,1,0,0,1,0,1,,,,,,,,,,,,,,,,,,,,,,,
4361,102,92,25,102-92-25,01-DEM,1,0,1,0,0,1,0,1,0,1,0,1,0,0,1,,,,,,,,,,,,,,,,,,,,,,,
4362,102,92,20,102-92-20,02-REP,,,,,,,,,,,,,,,,,,1,1,0,0,1,0,0,0,0,0,0,0,1,0,0,0,1,0,1,,
4363,102,92,12,102-92-12,02-REP,,,,,,,,,,,,,,,,,,1,1,0,1,0,0,0,1,1,1,0,1,1,1,1,1,1,1,1,,
4364,102,92,3,102-92-3,02-REP,,,,,,,,,,,,,,,,,,1,1,0,0,1,0,0,1,1,1,0,1,1,1,1,1,1,1,1,,
4365,102,92,40,102-92-40,02-REP,,,,,,,,,,,,,,,,,,1,1,0,1,0,0,0,1,1,1,0,1,1,1,1,1,1,1,1,,
4366,102,92,39,102-92-39,01-DEM,0,1,0,0,0,0,1,1,0,1,1,0,0,0,1,,,,,,,,,,,,,,,,,,,,,,,
4367,102,92,27,102-92-27,02-REP,,,,,,,,,,,,,,,,,,1,1,0,1,0,0,0,1,1,1,0,1,1,1,1,1,1,1,1,,
4368,102,92,13,102-92-13,02-REP,,,,,,,,,,,,,,,,,,1,1,0,0,1,0,0,1,1,1,0,1,1,1,1,1,1,1,1,,
4369,102,92,7,102-92-7,01-DEM,0,1,1,0,0,1,0,1,0,1,1,0,0,0,1,,,,,,,,,,,,,,,,,,,,,,,
4370,102,92,46,102-92-46,01-DEM,0,1,0,0,0,1,0,0,0,0,1,0,0,0,1,,,,,,,,,,,,,,,,,,,,,,,
4371,102,92,45,102-92-45,02-REP,,,,,,,,,,,,,,,,,,1,1,0,1,0,0,0,1,1,0,1,1,1,1,1,1,1,1,1,,
4372,102,92,28,102-92-28,02-REP,,,,,,,,,,,,,,,,,,1,1,0,1,0,0,0,1,1,0,1,1,1,1,1,1,1,1,1,,
4373,102,92,14,102-92-14,02-REP,,,,,,,,,,,,,,,,,,0,0,0,0,1,0,0,0,0,0,0,0,1,1,1,1,1,1,1,,
4374,102,92,6,102-92-6,01-DEM,0,1,1,0,0,1,0,1,0,1,0,0,1,0,1,,,,,,,,,,,,,,,,,,,,,,,
4375,102,92,42,102-92-42,02-REP,,,,,,,,,,,,,,,,,,0,0,1,0,0,0,0,1,0,0,1,0,1,0,0,0,0,1,0,,
4376,102,92,41,102-92-41,01-DEM,0,1,1,0,0,0,1,1,0,1,1,0,0,0,1,,,,,,,,,,,,,,,,,,,,,,,
4377,102,92,29,102-92-29,01-DEM,1,0,1,0,0,1,0,1,0,1,0,1,0,0,1,,,,,,,,,,,,,,,,,,,,,,,
4378,102,92,15,102-92-15,02-REP,,,,,,,,,,,,,,,,,,1,1,0,0,1,0,0,1,1,1,0,1,1,1,1,1,1,1,1,,
4379,102,92,5,102-92-5,01-DEM,0,1,1,0,0,1,0,1,0,1,0,0,1,0,1,,,,,,,,,,,,,,,,,,,,,,,
4380,102,92,44,102-92-44,01-DEM,0,1,1,0,0,0,1,1,0,1,1,0,0,0,1,,,,,,,,,,,,,,,,,,,,,,,
4381,102,92,43,102-92-43,02-REP,,,,,,,,,,,,,,,,,,0,0,1,0,0,0,0,0,0,0,1,0,0,0,0,0,0,1,0,,
4382,102,92,30,102-92-30,01-DEM,0,1,1,0,0,0,1,1,0,1,1,0,0,0,1,,,,,,,,,,,,,,,,,,,,,,,
4383,102,92,17,102-92-17,02-REP,,,,,,,,,,,,,,,,,,0,0,0,0,1,0,0,0,0,0,0,0,0,1,0,0,0,1,0,,
4384,102,92,10,102-92-10,02-REP,,,,,,,,,,,,,,,,,,0,0,0,0,1,0,0,0,0,1,0,0,1,1,1,0,0,1,1,,
4385,102,92,48,102-92-48,02-REP,,,,,,,,,,,,,,,,,,1,1,0,0,1,0,0,1,1,1,0,1,1,1,1,1,1,1,1,,
4386,102,92,47,102-92-47,02-REP,,,,,,,,,,,,,,,,,,1,1,1,0,0,0,0,1,1,0,0,1,1,1,1,1,1,1,1,,
4387,102,92,31,102-92-31,02-REP,,,,,,,,,,,,,,,,,,1,1,0,1,0,0,0,1,1,0,1,1,1,1,1,1,1,1,1,,
4388,102,92,18,102-92-18,02-REP,,,,,,,,,,,,,,,,,,1,1,0,0,1,0,0,1,1,1,0,1,1,1,1,1,1,1,1,,
4389,102,92,2,102-92-2,02-REP,,,,,,,,,,,,,,,,,,1,1,0,0,1,0,0,1,1,1,0,1,1,1,1,1,1,1,1,,
4390,102,92,50,102-92-50,02-REP,,,,,,,,,,,,,,,,,,1,1,0,1,0,0,0,1,1,1,0,1,1,1,1,1,1,1,1,,
4391,102,92,49,102-92-49,01-DEM,0,1,1,0,0,0,1,1,0,1,0,1,0,0,1,,,,,,,,,,,,,,,,,,,,,,,
4392,102,92,32,102-92-32,02-REP,,,,,,,,,,,,,,,,,,1,1,1,0,0,0,0,1,1,1,0,1,1,1,1,1,1,1,1,,
4393,102,92,19,102-92-19,02-REP,,,,,,,,,,,,,,,,,,1,1,0,0,1,0,0,1,1,1,0,1,1,1,1,1,1,1,1,,
4394,102,92,9,102-92-9,02-REP,,,,,,,,,,,,,,,,,,0,0,0,0,1,0,0,0,0,0,0,0,1,1,1,1,1,1,1,,
4395,102,92,33,102-92-33,02-REP,,,,,,,,,,,,,,,,,,1,1,0,1,0,0,0,0,0,1,0,0,0,0,0,0,0,0,0,,
4396,102,92,21,102-92-21,02-REP,,,,,,,,,,,,,,,,,,1,1,0,0,1,0,0,1,1,0,1,1,1,1,1,1,1,1,1,,
4397,102,92,8,102-92-8,02-REP,,,,,,,,,,,,,,,,,,1,1,0,1,0,0,0,1,1,0,0,1,1,1,1,1,1,1,1,,
4398,102,92,34,102-92-34,01-DEM,1,0,1,0,0,0,1,0,0,1,0,0,0,0,1,,,,,,,,,,,,,,,,,,,,,,,
4399,102,92,22,102-92-22,02-REP,,,,,,,,,,,,,,,,,,1,1,0,0,1,0,0,1,1,0,0,1,1,0,1,1,1,1,1,,
4400,102,92,4,102-92-4,01-DEM,1,0,1,0,0,0,1,0,1,1,1,0,0,0,1,,,,,,,,,,,,,,,,,,,,,,,
4401,102,92,36,102-92-36,01-DEM,1,0,1,0,0,1,0,1,0,1,0,1,0,0,1,,,,,,,,,,,,,,,,,,,,,,,
4402,102,93,34,102-93-34,02-REP,,,,,,,,,,,,,,,,,,1,1,0,0,1,0,0,1,1,1,0,1,1,1,1,1,1,1,1,,
4403,102,93,33,102-93-33,02-REP,,,,,,,,,,,,,,,,,,1,1,0,0,1,0,0,1,1,0,1,1,1,1,1,1,1,1,1,,
4404,102,93,21,102-93-21,02-REP,,,,,,,,,,,,,,,,,,0,0,0,0,1,0,0,0,0,0,1,0,0,0,0,0,0,0,0,,
4405,102,93,11,102-93-11,02-REP,,,,,,,,,,,,,,,,,,1,1,0,0,1,0,0,1,1,0,1,1,1,1,1,1,1,1,1,,
4406,102,93,1,102-93-1,02-REP,,,,,,,,,,,,,,,,,,1,1,0,0,1,0,0,1,1,0,1,1,1,1,1,1,1,1,1,,
4407,102,93,32,102-93-32,02-REP,,,,,,,,,,,,,,,,,,1,1,0,1,0,0,0,1,1,1,0,1,1,1,1,1,1,1,1,,
4408,102,93,31,102-93-31,02-REP,,,,,,,,,,,,,,,,,,0,1,0,1,0,0,0,0,0,0,0,0,0,0,0,1,1,1,1,,
4409,102,93,22,102-93-22,01-DEM,1,0,1,0,0,0,1,1,0,1,0,0,1,0,1,,,,,,,,,,,,,,,,,,,,,,,
4410,102,93,12,102-93-12,01-DEM,0,1,1,0,0,0,1,1,0,1,0,0,1,0,1,,,,,,,,,,,,,,,,,,,,,,,
4411,102,93,2,102-93-2,02-REP,,,,,,,,,,,,,,,,,,1,1,0,0,1,0,0,1,1,0,1,1,1,1,1,0,0,0,0,,
4412,102,93,38,102-93-38,01-DEM,0,1,1,0,0,1,0,0,0,1,1,0,0,0,1,,,,,,,,,,,,,,,,,,,,,,,
4413,102,93,37,102-93-37,02-REP,,,,,,,,,,,,,,,,,,1,1,0,1,0,0,0,1,1,1,0,1,1,1,1,0,0,0,0,,
4414,102,93,24,102-93-24,01-DEM,0,1,1,0,0,0,1,1,0,1,1,0,0,0,1,,,,,,,,,,,,,,,,,,,,,,,
4415,102,93,13,102-93-13,02-REP,,,,,,,,,,,,,,,,,,1,1,0,0,1,0,0,1,1,0,1,1,1,1,1,1,1,1,1,,
4416,102,93,3,102-93-3,02-REP,,,,,,,,,,,,,,,,,,0,0,0,0,1,0,0,0,0,1,0,0,0,0,0,0,0,0,0,,
4417,102,93,36,102-93-36,02-REP,,,,,,,,,,,,,,,,,,0,1,0,1,0,0,0,0,0,0,0,0,0,0,1,0,0,1,1,,
4418,102,93,35,102-93-35,02-REP,,,,,,,,,,,,,,,,,,1,1,0,1,0,0,0,1,1,1,0,1,1,1,1,1,1,1,1,,
4419,102,93,23,102-93-23,01-DEM,0,1,1,0,0,0,1,0,1,1,1,0,0,0,1,,,,,,,,,,,,,,,,,,,,,,,
4420,102,93,14,102-93-14,02-REP,,,,,,,,,,,,,,,,,,1,1,0,0,1,0,0,1,1,0,0,1,1,0,1,0,1,1,1,,
4421,102,93,9,102-93-9,02-REP,,,,,,,,,,,,,,,,,,1,1,0,1,0,0,0,1,1,0,1,1,1,1,1,1,1,1,1,,
4422,102,93,50,102-93-50,02-REP,,,,,,,,,,,,,,,,,,1,1,0,0,1,0,0,1,1,1,0,1,1,1,1,1,1,1,1,,
4423,102,93,49,102-93-49,02-REP,,,,,,,,,,,,,,,,,,1,1,0,1,0,0,0,1,1,0,1,1,1,1,1,1,1,1,1,,
4424,102,93,30,102-93-30,02-REP,,,,,,,,,,,,,,,,,,1,1,0,0,1,0,0,1,1,0,1,1,1,1,1,1,1,1,1,,
4425,102,93,15,102-93-15,02-REP,,,,,,,,,,,,,,,,,,1,1,0,0,1,0,0,1,1,1,0,1,1,1,1,1,1,1,1,,
4426,102,93,7,102-93-7,02-REP,,,,,,,,,,,,,,,,,,1,1,0,1,0,0,0,1,1,0,1,1,1,1,1,1,1,1,1,,
4427,102,93,44,102-93-44,02-REP,,,,,,,,,,,,,,,,,,0,0,0,1,0,0,0,0,0,0,0,0,0,0,0,0,0,0,0,,
4428,102,93,43,102-93-43,02-REP,,,,,,,,,,,,,,,,,,0,0,0,0,1,0,0,0,0,1,0,0,1,0,0,0,1,1,1,,
4429,102,93,27,102-93-27,02-REP,,,,,,,,,,,,,,,,,,0,1,0,0,1,0,0,0,0,0,0,1,1,1,1,0,0,1,0,,
4430,102,93,16,102-93-16,02-REP,,,,,,,,,,,,,,,,,,1,1,0,0,1,0,0,1,1,0,1,1,1,1,1,1,1,1,1,,
4431,102,93,8,102-93-8,02-REP,,,,,,,,,,,,,,,,,,1,0,0,0,0,0,0,0,0,0,0,0,0,0,1,0,0,0,1,,
4432,102,93,40,102-93-40,02-REP,,,,,,,,,,,,,,,,,,1,1,0,1,0,0,0,1,1,0,1,1,1,1,1,1,1,1,1,,
4433,102,93,39,102-93-39,02-REP,,,,,,,,,,,,,,,,,,1,1,0,1,0,0,0,1,1,0,1,1,1,1,1,1,1,1,1,,
4434,102,93,26,102-93-26,02-REP,,,,,,,,,,,,,,,,,,1,1,0,0,1,0,0,1,1,0,1,1,1,1,1,1,1,1,1,,
4435,102,93,17,102-93-17,02-REP,,,,,,,,,,,,,,,,,,1,1,0,0,1,0,0,1,1,1,0,1,1,1,1,1,1,1,1,,
4436,102,93,42,102-93-42,02-REP,,,,,,,,,,,,,,,,,,1,0,0,0,1,0,0,0,0,0,1,0,0,0,0,0,0,0,0,,
4437,102,93,41,102-93-41,02-REP,,,,,,,,,,,,,,,,,,0,0,0,0,0,0,0,0,0,0,0,0,0,0,1,0,0,0,1,,
4438,102,93,25,102-93-25,02-REP,,,,,,,,,,,,,,,,,,1,1,0,0,0,0,0,1,1,0,1,1,1,1,1,1,1,1,1,,
4439,102,93,18,102-93-18,01-DEM,1,0,1,0,0,0,1,0,1,1,1,0,0,0,1,,,,,,,,,,,,,,,,,,,,,,,
4440,102,93,4,102-93-4,02-REP,,,,,,,,,,,,,,,,,,0,0,0,1,0,0,0,0,0,0,0,0,0,0,0,0,0,0,0,,
4441,102,93,46,102-93-46,02-REP,,,,,,,,,,,,,,,,,,1,1,0,1,0,0,0,1,1,1,0,1,1,1,1,1,1,1,1,,
4442,102,93,45,102-93-45,02-REP,,,,,,,,,,,,,,,,,,1,1,1,0,0,0,0,1,1,0,0,1,1,1,1,1,1,1,1,,
4443,102,93,28,102-93-28,02-REP,,,,,,,,,,,,,,,,,,1,1,0,1,0,0,0,1,1,1,0,1,1,1,1,1,1,1,1,,
4444,102,93,19,102-93-19,01-DEM,0,1,1,0,0,1,0,1,0,1,0,0,0,1,1,,,,,,,,,,,,,,,,,,,,,,,
4445,102,93,10,102-93-10,02-REP,,,,,,,,,,,,,,,,,,1,1,0,1,0,0,0,1,1,0,1,1,1,1,1,1,1,1,1,,
4446,102,93,48,102-93-48,02-REP,,,,,,,,,,,,,,,,,,1,1,0,0,1,0,0,1,1,0,0,1,1,1,1,1,1,1,1,,
4447,102,93,47,102-93-47,02-REP,,,,,,,,,,,,,,,,,,1,1,0,0,1,0,0,1,1,0,0,1,1,1,1,0,1,1,1,,
4448,102,93,29,102-93-29,01-DEM,0,1,1,0,0,0,1,0,1,1,0,0,1,0,1,,,,,,,,,,,,,,,,,,,,,,,
4449,102,93,20,102-93-20,02-REP,,,,,,,,,,,,,,,,,,1,1,0,1,0,0,0,1,1,0,1,1,1,1,1,1,1,1,1,,
4450,102,93,6,102-93-6,02-REP,,,,,,,,,,,,,,,,,,1,1,0,0,0,0,0,1,1,0,0,1,1,1,1,1,1,1,1,,
4451,102,93,5,102-93-5,02-REP,,,,,,,,,,,,,,,,,,1,1,0,0,1,0,0,1,1,1,0,1,1,1,1,1,1,1,1,,
4452,102,94,44,102-94-44,02-REP,,,,,,,,,,,,,,,,,,1,1,0,0,1,0,0,1,1,1,0,1,1,1,1,1,1,1,1,,
4453,102,94,43,102-94-43,02-REP,,,,,,,,,,,,,,,,,,1,1,0,1,0,0,0,1,1,1,0,1,1,1,1,1,1,1,1,,
4454,102,94,27,102-94-27,02-REP,,,,,,,,,,,,,,,,,,1,1,0,0,1,0,0,1,1,0,0,1,1,1,1,1,1,1,1,,
4455,102,94,26,102-94-26,02-REP,,,,,,,,,,,,,,,,,,1,1,1,0,0,0,0,1,1,1,0,1,1,1,1,1,1,1,1,,
4456,102,94,20,102-94-20,02-REP,,,,,,,,,,,,,,,,,,0,0,0,1,0,0,0,0,0,1,0,0,0,0,0,0,0,0,0,,
4457,102,94,11,102-94-11,02-REP,,,,,,,,,,,,,,,,,,1,0,1,0,0,0,0,1,1,0,1,1,1,0,0,1,1,1,1,,
4458,102,94,1,102-94-1,02-REP,,,,,,,,,,,,,,,,,,1,1,0,1,0,0,0,1,1,1,0,1,1,1,1,1,1,1,1,,
4459,102,94,29,102-94-29,02-REP,,,,,,,,,,,,,,,,,,0,1,0,0,1,0,0,0,0,0,0,0,1,0,1,0,0,1,1,,
4460,102,94,28,102-94-28,02-REP,,,,,,,,,,,,,,,,,,1,1,0,0,1,0,0,1,1,1,0,1,1,1,1,1,1,1,1,,
4461,102,94,22,102-94-22,02-REP,,,,,,,,,,,,,,,,,,1,1,0,1,0,0,0,1,1,1,0,1,1,1,1,1,1,1,1,,
4462,102,94,12,102-94-12,02-REP,,,,,,,,,,,,,,,,,,1,1,0,0,1,0,0,1,1,0,1,1,1,0,1,1,1,1,1,,
4463,102,94,10,102-94-10,02-REP,,,,,,,,,,,,,,,,,,0,0,1,0,0,0,0,1,0,0,0,0,0,0,0,0,0,0,0,,
4464,102,94,38,102-94-38,02-REP,,,,,,,,,,,,,,,,,,1,1,1,0,0,0,0,1,1,0,1,1,1,1,1,1,1,1,1,,
4465,102,94,37,102-94-37,02-REP,,,,,,,,,,,,,,,,,,1,1,0,0,1,0,0,1,1,1,0,1,1,1,1,1,1,1,1,,
4466,102,94,23,102-94-23,02-REP,,,,,,,,,,,,,,,,,,1,1,1,0,0,0,0,1,1,0,1,1,1,1,1,1,1,1,1,,
4467,102,94,13,102-94-13,02-REP,,,,,,,,,,,,,,,,,,1,0,0,0,1,0,0,1,1,1,0,1,1,1,1,1,1,1,1,,
4468,102,94,2,102-94-2,02-REP,,,,,,,,,,,,,,,,,,1,1,1,0,0,0,0,1,1,0,1,1,1,1,1,1,1,1,1,,
4469,102,94,40,102-94-40,02-REP,,,,,,,,,,,,,,,,,,0,0,0,1,0,0,0,0,0,0,0,0,0,1,0,0,0,0,0,,
4470,102,94,39,102-94-39,02-REP,,,,,,,,,,,,,,,,,,1,1,0,1,0,0,0,1,1,0,0,1,1,1,1,0,0,0,0,,
4471,102,94,25,102-94-25,02-REP,,,,,,,,,,,,,,,,,,1,0,0,0,1,0,0,1,1,0,1,1,1,1,1,1,1,1,1,,
4472,102,94,14,102-94-14,02-REP,,,,,,,,,,,,,,,,,,1,1,0,0,1,0,0,1,1,0,1,1,1,1,1,1,1,1,1,,
4473,102,94,3,102-94-3,02-REP,,,,,,,,,,,,,,,,,,1,1,0,1,0,0,0,1,1,0,1,1,1,1,1,1,1,1,1,,
4474,102,94,46,102-94-46,02-REP,,,,,,,,,,,,,,,,,,1,0,1,0,0,0,0,1,1,0,1,1,1,1,1,1,1,1,1,,
4475,102,94,45,102-94-45,02-REP,,,,,,,,,,,,,,,,,,0,0,1,0,0,0,0,0,0,0,1,0,0,0,0,0,0,0,0,,
4476,102,94,32,102-94-32,02-REP,,,,,,,,,,,,,,,,,,1,1,0,1,0,0,0,1,1,1,0,1,1,1,1,1,1,1,1,,
4477,102,94,15,102-94-15,02-REP,,,,,,,,,,,,,,,,,,1,1,0,0,1,0,0,1,1,0,1,1,1,1,1,1,1,1,1,,
4478,102,94,7,102-94-7,02-REP,,,,,,,,,,,,,,,,,,1,1,1,0,0,0,0,1,1,1,0,1,1,1,1,1,1,1,1,,
4479,102,94,48,102-94-48,02-REP,,,,,,,,,,,,,,,,,,1,1,0,1,0,0,0,1,1,1,0,1,1,1,1,1,1,1,1,,
4480,102,94,47,102-94-47,02-REP,,,,,,,,,,,,,,,,,,1,1,0,1,0,0,0,1,1,1,0,1,1,1,1,1,1,1,1,,
4481,102,94,33,102-94-33,02-REP,,,,,,,,,,,,,,,,,,1,1,0,1,0,0,0,1,1,1,0,1,1,1,1,1,1,1,1,,
4482,102,94,16,102-94-16,02-REP,,,,,,,,,,,,,,,,,,1,1,0,0,1,0,0,1,1,0,1,1,1,1,1,1,1,1,1,,
4483,102,94,8,102-94-8,02-REP,,,,,,,,,,,,,,,,,,1,1,0,1,0,0,0,1,1,1,0,1,1,1,1,1,1,1,1,,
4484,102,94,42,102-94-42,02-REP,,,,,,,,,,,,,,,,,,1,1,1,0,0,0,0,1,1,0,1,1,1,1,1,1,1,1,1,,
4485,102,94,41,102-94-41,02-REP,,,,,,,,,,,,,,,,,,1,0,1,0,0,0,0,1,1,0,1,1,1,0,0,1,1,1,1,,
4486,102,94,30,102-94-30,02-REP,,,,,,,,,,,,,,,,,,1,1,1,0,0,0,0,1,1,0,1,1,1,1,1,1,1,1,1,,
4487,102,94,17,102-94-17,02-REP,,,,,,,,,,,,,,,,,,1,1,0,1,0,0,0,1,1,1,0,1,1,1,1,1,1,1,1,,
4488,102,94,4,102-94-4,02-REP,,,,,,,,,,,,,,,,,,0,0,0,0,0,0,0,1,1,1,0,1,1,1,1,1,1,1,1,,
4489,102,94,36,102-94-36,02-REP,,,,,,,,,,,,,,,,,,1,1,0,0,1,0,0,1,1,0,1,1,1,1,1,1,1,1,0,,
4490,102,94,35,102-94-35,02-REP,,,,,,,,,,,,,,,,,,1,1,0,0,1,0,0,1,1,0,1,1,1,1,1,1,1,1,1,,
4491,102,94,24,102-94-24,02-REP,,,,,,,,,,,,,,,,,,1,1,0,0,1,0,0,1,1,0,1,1,1,1,1,1,1,1,1,,
4492,102,94,18,102-94-18,02-REP,,,,,,,,,,,,,,,,,,1,1,1,0,0,0,0,1,1,0,1,1,1,1,1,1,1,1,1,,
4493,102,94,9,102-94-9,02-REP,,,,,,,,,,,,,,,,,,0,0,0,0,1,0,0,0,0,0,0,0,0,0,0,0,0,0,0,,
4494,102,94,31,102-94-31,02-REP,,,,,,,,,,,,,,,,,,1,1,0,0,1,0,0,1,1,0,1,1,1,1,1,1,1,1,1,,
4495,102,94,19,102-94-19,02-REP,,,,,,,,,,,,,,,,,,1,1,1,0,0,0,0,1,1,1,0,1,1,1,1,1,1,1,1,,
4496,102,94,5,102-94-5,02-REP,,,,,,,,,,,,,,,,,,1,1,0,0,1,0,0,1,1,1,0,1,1,1,1,1,1,1,1,,
4497,102,94,50,102-94-50,02-REP,,,,,,,,,,,,,,,,,,1,1,0,0,1,0,0,1,1,0,1,1,1,1,1,1,1,1,1,,
4498,102,94,49,102-94-49,02-REP,,,,,,,,,,,,,,,,,,1,1,1,0,0,0,0,1,1,0,1,1,1,1,1,1,1,1,1,,
4499,102,94,34,102-94-34,02-REP,,,,,,,,,,,,,,,,,,1,1,0,0,0,0,0,1,1,0,0,1,1,1,1,1,1,1,1,,
4500,102,94,21,102-94-21,02-REP,,,,,,,,,,,,,,,,,,1,1,0,0,1,0,0,1,1,0,1,1,1,1,1,1,1,1,1,,
4501,102,94,6,102-94-6,02-REP,,,,,,,,,,,,,,,,,,1,1,1,0,0,0,0,1,1,0,1,1,1,1,1,1,1,1,1,,
4502,102,95,34,102-95-34,02-REP,,,,,,,,,,,,,,,,,,1,1,0,0,1,0,0,1,1,0,1,0,1,1,1,0,0,0,0,,
4503,102,95,33,102-95-33,01-DEM,0,1,1,0,0,0,1,0,0,0,1,0,0,0,0,,,,,,,,,,,,,,,,,,,,,,,
4504,102,95,21,102-95-21,02-REP,,,,,,,,,,,,,,,,,,1,1,0,1,0,0,0,1,1,0,1,1,1,1,1,1,1,1,1,,
4505,102,95,11,102-95-11,02-REP,,,,,,,,,,,,,,,,,,1,1,0,1,0,0,0,1,1,0,0,1,1,1,1,1,1,1,1,,
4506,102,95,1,102-95-1,02-REP,,,,,,,,,,,,,,,,,,1,1,0,1,0,0,0,1,1,0,1,1,1,1,1,1,1,1,1,,
4507,102,95,32,102-95-32,02-REP,,,,,,,,,,,,,,,,,,1,1,0,0,1,0,0,1,1,0,1,1,1,1,1,1,1,1,1,,
4508,102,95,31,102-95-31,01-DEM,1,0,1,0,0,1,0,0,1,1,0,0,0,1,1,,,,,,,,,,,,,,,,,,,,,,,
4509,102,95,22,102-95-22,01-DEM,0,1,1,0,0,1,0,0,1,1,0,0,1,0,1,,,,,,,,,,,,,,,,,,,,,,,
4510,102,95,12,102-95-12,02-REP,,,,,,,,,,,,,,,,,,1,1,1,0,0,0,0,1,1,0,1,1,1,1,1,1,1,1,1,,
4511,102,95,3,102-95-3,01-DEM,0,1,0,0,0,0,1,0,0,0,0,0,1,0,0,,,,,,,,,,,,,,,,,,,,,,,
4512,102,95,36,102-95-36,01-DEM,1,0,1,0,0,1,0,1,0,1,1,0,0,0,0,,,,,,,,,,,,,,,,,,,,,,,
4513,102,95,35,102-95-35,02-REP,,,,,,,,,,,,,,,,,,0,0,0,0,1,0,0,0,0,0,0,0,0,0,0,0,0,0,0,,
4514,102,95,23,102-95-23,01-DEM,1,0,1,0,0,0,1,0,1,1,1,0,0,0,1,,,,,,,,,,,,,,,,,,,,,,,
4515,102,95,13,102-95-13,02-REP,,,,,,,,,,,,,,,,,,1,1,0,1,0,0,0,1,1,0,1,1,1,1,1,1,1,1,1,,
4516,102,95,10,102-95-10,01-DEM,0,1,0,0,0,0,1,1,0,1,0,0,1,0,1,,,,,,,,,,,,,,,,,,,,,,,
4517,102,95,46,102-95-46,02-REP,,,,,,,,,,,,,,,,,,1,1,0,0,1,0,0,1,1,1,0,1,1,1,1,1,1,1,1,,
4518,102,95,45,102-95-45,01-DEM,1,0,1,0,0,1,0,0,1,1,1,0,0,0,1,,,,,,,,,,,,,,,,,,,,,,,
4519,102,95,27,102-95-27,02-REP,,,,,,,,,,,,,,,,,,1,1,1,0,0,0,0,1,1,1,0,1,1,1,1,1,1,1,1,,
4520,102,95,14,102-95-14,02-REP,,,,,,,,,,,,,,,,,,1,1,0,0,1,0,0,1,1,1,0,1,1,1,1,1,1,1,1,,
4521,102,95,2,102-95-2,02-REP,,,,,,,,,,,,,,,,,,0,0,0,1,0,0,0,0,0,0,0,0,0,0,0,0,0,0,0,,
4522,102,95,25,102-95-25,02-REP,,,,,,,,,,,,,,,,,,1,1,0,0,1,0,0,1,1,0,1,1,1,1,1,1,1,1,1,,
4523,102,95,15,102-95-15,02-REP,,,,,,,,,,,,,,,,,,0,1,0,0,1,0,0,0,1,0,1,1,1,1,1,1,1,1,1,,
4524,102,95,6,102-95-6,02-REP,,,,,,,,,,,,,,,,,,1,1,0,0,1,0,0,1,1,0,1,1,1,1,1,1,1,1,1,,
4525,102,95,42,102-95-42,02-REP,,,,,,,,,,,,,,,,,,1,1,0,1,0,0,0,1,1,0,1,1,1,1,1,1,1,1,1,,
4526,102,95,41,102-95-41,01-DEM,1,0,1,0,0,1,0,0,1,1,1,0,0,0,1,,,,,,,,,,,,,,,,,,,,,,,
4527,102,95,26,102-95-26,02-REP,,,,,,,,,,,,,,,,,,0,1,0,0,1,0,0,1,1,1,0,1,1,0,1,1,1,1,1,,
4528,102,95,16,102-95-16,02-REP,,,,,,,,,,,,,,,,,,1,1,0,1,0,0,0,1,1,1,0,1,1,1,1,1,1,1,1,,
4529,102,95,8,102-95-8,02-REP,,,,,,,,,,,,,,,,,,1,1,0,0,1,0,0,1,1,1,0,1,1,1,1,1,1,1,1,,
4530,102,95,38,102-95-38,01-DEM,0,1,1,0,0,0,1,0,1,1,0,0,1,0,1,,,,,,,,,,,,,,,,,,,,,,,
4531,102,95,37,102-95-37,01-DEM,0,1,1,0,0,0,1,0,1,1,1,0,0,0,1,,,,,,,,,,,,,,,,,,,,,,,
4532,102,95,24,102-95-24,02-REP,,,,,,,,,,,,,,,,,,1,1,0,1,0,0,0,1,1,1,0,1,1,1,1,1,1,1,1,,
4533,102,95,17,102-95-17,01-DEM,0,1,1,0,0,0,1,1,0,1,1,0,0,0,1,,,,,,,,,,,,,,,,,,,,,,,
4534,102,95,9,102-95-9,02-REP,,,,,,,,,,,,,,,,,,0,0,0,0,1,0,0,0,0,0,0,0,0,0,0,0,0,0,0,,
4535,102,95,28,102-95-28,02-REP,,,,,,,,,,,,,,,,,,1,1,0,1,0,0,0,1,1,1,0,0,1,0,1,1,1,1,1,,
4536,102,95,18,102-95-18,02-REP,,,,,,,,,,,,,,,,,,1,1,0,0,1,0,0,1,1,1,0,1,1,1,1,1,1,1,1,,
4537,102,95,5,102-95-5,02-REP,,,,,,,,,,,,,,,,,,1,1,0,0,1,0,0,1,1,1,0,1,1,1,1,1,1,1,1,,
4538,102,95,44,102-95-44,01-DEM,0,1,1,0,0,1,0,0,0,0,1,0,0,0,0,,,,,,,,,,,,,,,,,,,,,,,
4539,102,95,43,102-95-43,02-REP,,,,,,,,,,,,,,,,,,1,1,0,0,1,0,0,1,1,1,0,1,1,1,1,1,1,1,1,,
4540,102,95,29,102-95-29,01-DEM,0,1,1,0,0,0,1,0,1,1,1,0,0,0,1,,,,,,,,,,,,,,,,,,,,,,,
4541,102,95,19,102-95-19,02-REP,,,,,,,,,,,,,,,,,,1,1,0,0,1,0,0,1,1,1,0,1,1,1,1,1,1,1,1,,
4542,102,95,7,102-95-7,01-DEM,0,1,1,0,0,0,1,0,1,1,0,0,1,0,1,,,,,,,,,,,,,,,,,,,,,,,
4543,102,95,47,102-95-47,02-REP,,,,,,,,,,,,,,,,,,1,1,0,0,1,0,0,1,1,1,0,1,1,1,1,1,1,1,1,,
4544,102,95,30,102-95-30,02-REP,,,,,,,,,,,,,,,,,,1,1,1,0,0,0,0,1,1,1,0,1,1,1,1,1,1,1,1,,
4545,102,95,20,102-95-20,02-REP,,,,,,,,,,,,,,,,,,1,1,0,1,0,0,0,1,1,0,1,1,1,1,1,1,1,1,1,,
4546,102,95,4,102-95-4,02-REP,,,,,,,,,,,,,,,,,,0,0,0,0,1,0,0,0,0,0,1,0,0,0,0,0,0,0,0,,
4547,102,95,40,102-95-40,01-DEM,1,0,1,0,0,1,0,1,0,1,0,0,1,0,1,,,,,,,,,,,,,,,,,,,,,,,
4548,102,95,39,102-95-39,02-REP,,,,,,,,,,,,,,,,,,1,1,0,0,0,0,0,1,1,0,1,1,1,1,1,1,1,1,1,,
4549,102,96,35,102-96-35,02-REP,,,,,,,,,,,,,,,,,,1,1,0,1,0,0,0,1,1,0,1,1,1,1,1,1,1,1,1,,
4550,102,96,22,102-96-22,02-REP,,,,,,,,,,,,,,,,,,1,0,0,0,1,0,0,1,1,1,0,1,1,1,1,1,1,1,1,,
4551,102,96,11,102-96-11,02-REP,,,,,,,,,,,,,,,,,,1,1,0,0,1,0,0,1,1,0,1,1,1,1,1,1,1,1,1,,
4552,102,96,1,102-96-1,02-REP,,,,,,,,,,,,,,,,,,1,1,1,0,0,0,0,1,1,1,0,1,1,1,1,1,1,1,1,,
4553,102,96,32,102-96-32,02-REP,,,,,,,,,,,,,,,,,,0,1,0,1,0,0,0,1,1,1,0,1,1,1,1,1,1,1,1,,
4554,102,96,31,102-96-31,02-REP,,,,,,,,,,,,,,,,,,1,0,0,0,0,0,0,1,1,1,0,1,0,1,1,1,1,1,1,,
4555,102,96,21,102-96-21,02-REP,,,,,,,,,,,,,,,,,,1,1,0,1,0,0,0,1,1,1,0,1,1,1,1,1,1,1,1,,
4556,102,96,12,102-96-12,02-REP,,,,,,,,,,,,,,,,,,1,1,0,1,0,0,0,1,1,1,0,1,1,1,1,1,1,1,1,,
4557,102,96,2,102-96-2,02-REP,,,,,,,,,,,,,,,,,,1,1,0,0,1,0,0,1,1,0,1,1,1,1,1,1,1,1,1,,
4558,102,96,50,102-96-50,02-REP,,,,,,,,,,,,,,,,,,0,0,0,0,1,0,0,0,0,0,0,0,0,0,0,0,0,0,0,,
4559,102,96,49,102-96-49,02-REP,,,,,,,,,,,,,,,,,,1,1,0,0,1,0,0,1,1,1,0,1,1,1,1,1,1,1,1,,
4560,102,96,24,102-96-24,02-REP,,,,,,,,,,,,,,,,,,1,1,0,0,1,0,0,1,1,0,1,1,1,1,1,1,1,1,1,,
4561,102,96,13,102-96-13,02-REP,,,,,,,,,,,,,,,,,,1,1,0,0,1,0,0,1,1,1,0,1,1,1,1,1,1,1,1,,
4562,102,96,7,102-96-7,02-REP,,,,,,,,,,,,,,,,,,1,1,0,1,0,0,0,1,1,1,0,1,1,1,1,1,1,1,1,,
4563,102,96,34,102-96-34,02-REP,,,,,,,,,,,,,,,,,,1,1,0,1,0,0,0,1,1,0,1,1,1,1,1,1,1,1,1,,
4564,102,96,33,102-96-33,02-REP,,,,,,,,,,,,,,,,,,0,1,1,0,0,0,0,1,1,0,1,1,1,1,1,1,1,1,1,,
4565,102,96,23,102-96-23,02-REP,,,,,,,,,,,,,,,,,,1,1,0,0,1,0,0,1,1,0,1,1,1,1,1,1,1,1,1,,
4566,102,96,14,102-96-14,02-REP,,,,,,,,,,,,,,,,,,1,1,1,0,0,0,0,1,1,1,0,1,1,1,1,1,1,1,1,,
4567,102,96,10,102-96-10,02-REP,,,,,,,,,,,,,,,,,,1,1,0,0,1,0,0,1,1,0,1,1,1,1,1,1,1,1,1,,
4568,102,96,40,102-96-40,02-REP,,,,,,,,,,,,,,,,,,1,1,0,1,0,0,0,1,1,0,1,1,1,1,1,0,0,0,0,,
4569,102,96,39,102-96-39,02-REP,,,,,,,,,,,,,,,,,,0,0,0,0,1,0,0,0,0,1,0,1,1,1,1,1,1,1,1,,
4570,102,96,25,102-96-25,02-REP,,,,,,,,,,,,,,,,,,1,1,0,0,1,0,0,1,1,1,0,1,1,1,1,1,1,1,1,,
4571,102,96,15,102-96-15,02-REP,,,,,,,,,,,,,,,,,,0,0,0,1,0,0,0,0,0,0,0,0,0,1,1,1,1,1,1,,
4572,102,96,5,102-96-5,02-REP,,,,,,,,,,,,,,,,,,1,1,0,0,1,0,0,1,1,0,1,1,1,1,1,1,1,1,1,,
4573,102,96,46,102-96-46,02-REP,,,,,,,,,,,,,,,,,,1,1,0,1,0,0,0,1,1,1,0,1,1,1,1,1,1,1,1,,
4574,102,96,45,102-96-45,02-REP,,,,,,,,,,,,,,,,,,1,1,0,1,0,0,0,1,1,0,1,1,1,1,1,1,1,1,1,,
4575,102,96,26,102-96-26,02-REP,,,,,,,,,,,,,,,,,,1,0,0,0,1,0,0,1,1,0,1,1,1,1,1,1,1,1,1,,
4576,102,96,16,102-96-16,02-REP,,,,,,,,,,,,,,,,,,1,1,0,0,1,0,0,1,1,0,0,1,1,1,1,1,1,1,1,,
4577,102,96,8,102-96-8,02-REP,,,,,,,,,,,,,,,,,,1,1,0,1,0,0,0,1,1,1,0,1,1,1,1,1,1,1,1,,
4578,102,96,38,102-96-38,02-REP,,,,,,,,,,,,,,,,,,1,1,0,1,0,0,0,1,1,0,1,1,1,1,1,0,0,0,0,,
4579,102,96,37,102-96-37,02-REP,,,,,,,,,,,,,,,,,,1,1,0,1,0,0,0,1,1,0,1,1,1,1,1,1,1,1,1,,
4580,102,96,27,102-96-27,02-REP,,,,,,,,,,,,,,,,,,1,1,0,1,0,0,0,1,1,0,1,1,1,1,1,1,1,1,1,,
4581,102,96,17,102-96-17,02-REP,,,,,,,,,,,,,,,,,,1,1,0,1,0,0,0,1,1,1,0,1,1,1,1,1,1,1,1,,
4582,102,96,6,102-96-6,02-REP,,,,,,,,,,,,,,,,,,1,1,1,0,0,0,0,1,1,0,1,1,1,1,1,1,1,1,1,,
4583,102,96,44,102-96-44,02-REP,,,,,,,,,,,,,,,,,,1,1,0,1,0,0,0,1,1,0,1,1,1,1,1,1,1,1,1,,
4584,102,96,43,102-96-43,02-REP,,,,,,,,,,,,,,,,,,0,1,1,0,0,0,0,1,1,0,1,1,1,1,1,1,1,1,1,,
4585,102,96,28,102-96-28,02-REP,,,,,,,,,,,,,,,,,,1,1,0,1,0,0,0,1,1,1,0,1,1,1,1,1,1,1,1,,
4586,102,96,18,102-96-18,02-REP,,,,,,,,,,,,,,,,,,1,1,0,0,1,0,0,1,1,0,1,1,1,1,1,1,1,1,1,,
4587,102,96,3,102-96-3,02-REP,,,,,,,,,,,,,,,,,,0,0,1,0,0,0,0,0,0,0,1,0,0,0,0,0,0,0,0,,
4588,102,96,42,102-96-42,02-REP,,,,,,,,,,,,,,,,,,1,1,0,0,1,0,0,1,1,1,0,1,1,0,1,1,1,1,1,,
4589,102,96,41,102-96-41,02-REP,,,,,,,,,,,,,,,,,,1,1,0,0,1,0,0,1,1,1,0,1,1,0,1,1,1,1,1,,
4590,102,96,29,102-96-29,02-REP,,,,,,,,,,,,,,,,,,1,1,0,1,0,0,0,1,1,0,1,1,1,1,1,1,1,1,1,,
4591,102,96,19,102-96-19,02-REP,,,,,,,,,,,,,,,,,,1,1,0,0,1,0,0,1,1,0,0,1,1,1,1,1,1,1,1,,
4592,102,96,9,102-96-9,02-REP,,,,,,,,,,,,,,,,,,0,1,0,1,0,0,0,0,0,0,1,0,0,1,1,0,0,1,0,,
4593,102,96,48,102-96-48,02-REP,,,,,,,,,,,,,,,,,,1,1,0,0,1,0,0,1,1,1,0,1,1,1,1,1,1,1,1,,
4594,102,96,47,102-96-47,02-REP,,,,,,,,,,,,,,,,,,1,1,0,0,1,0,0,1,1,1,0,1,1,1,1,1,1,1,1,,
4595,102,96,30,102-96-30,02-REP,,,,,,,,,,,,,,,,,,1,1,0,1,0,0,0,1,1,1,0,1,0,1,1,1,1,1,1,,
4596,102,96,20,102-96-20,02-REP,,,,,,,,,,,,,,,,,,0,1,0,0,1,0,0,1,1,1,0,1,1,1,1,1,1,1,1,,
4597,102,96,4,102-96-4,02-REP,,,,,,,,,,,,,,,,,,1,1,0,1,0,0,0,1,1,0,0,1,1,1,1,1,1,1,1,,
4598,102,96,36,102-96-36,02-REP,,,,,,,,,,,,,,,,,,1,1,0,1,0,0,0,1,1,0,1,1,1,0,1,1,1,1,1,,
4599,102,97,32,102-97-32,02-REP,,,,,,,,,,,,,,,,,,1,1,0,1,0,0,0,1,1,1,0,1,1,1,1,1,1,1,1,,
4600,102,97,31,102-97-31,02-REP,,,,,,,,,,,,,,,,,,1,1,0,1,0,0,0,1,1,0,1,1,1,1,1,1,1,1,0,,
4601,102,97,21,102-97-21,02-REP,,,,,,,,,,,,,,,,,,0,0,1,0,0,0,0,0,0,0,1,0,0,0,0,0,0,1,0,,
4602,102,97,11,102-97-11,02-REP,,,,,,,,,,,,,,,,,,1,1,0,1,0,0,0,1,1,0,0,1,1,1,1,1,1,1,1,,
4603,102,97,1,102-97-1,02-REP,,,,,,,,,,,,,,,,,,1,1,0,1,0,0,0,1,1,0,0,1,1,1,1,1,1,1,1,,
4604,102,97,34,102-97-34,01-DEM,0,1,1,0,0,0,1,1,0,1,1,0,0,0,1,,,,,,,,,,,,,,,,,,,,,,,
4605,102,97,33,102-97-33,01-DEM,1,0,1,0,0,0,1,1,0,1,0,0,1,0,1,,,,,,,,,,,,,,,,,,,,,,,
4606,102,97,22,102-97-22,02-REP,,,,,,,,,,,,,,,,,,0,0,0,1,0,0,0,0,0,0,1,0,0,0,0,0,0,0,0,,
4607,102,97,12,102-97-12,02-REP,,,,,,,,,,,,,,,,,,1,1,0,1,0,0,0,1,1,1,0,1,1,1,1,1,1,1,1,,
4608,102,97,2,102-97-2,01-DEM,1,0,0,0,0,1,0,1,0,0,0,1,0,0,0,,,,,,,,,,,,,,,,,,,,,,,
4609,102,97,42,102-97-42,01-DEM,1,0,1,0,0,1,0,1,0,1,1,0,0,0,1,,,,,,,,,,,,,,,,,,,,,,,
4610,102,97,41,102-97-41,01-DEM,1,0,1,0,0,1,0,1,0,1,0,0,1,0,1,,,,,,,,,,,,,,,,,,,,,,,
4611,102,97,25,102-97-25,02-REP,,,,,,,,,,,,,,,,,,1,1,0,1,0,0,0,1,1,0,1,1,1,1,1,1,1,1,1,,
4612,102,97,13,102-97-13,02-REP,,,,,,,,,,,,,,,,,,0,0,0,1,0,0,0,1,1,1,0,1,1,1,1,1,1,1,1,,
4613,102,97,5,102-97-5,01-DEM,1,0,0,0,0,1,0,1,0,0,0,0,1,0,0,,,,,,,,,,,,,,,,,,,,,,,
4614,102,97,40,102-97-40,01-DEM,1,0,1,0,0,1,0,0,1,1,0,1,0,0,1,,,,,,,,,,,,,,,,,,,,,,,
4615,102,97,39,102-97-39,01-DEM,0,1,1,0,0,0,1,1,0,1,1,0,0,0,1,,,,,,,,,,,,,,,,,,,,,,,
4616,102,97,26,102-97-26,02-REP,,,,,,,,,,,,,,,,,,1,0,1,0,0,0,0,0,1,0,1,1,1,1,1,1,1,1,1,,
4617,102,97,14,102-97-14,02-REP,,,,,,,,,,,,,,,,,,1,1,0,1,0,0,0,1,1,0,1,1,1,1,1,1,1,1,1,,
4618,102,97,6,102-97-6,01-DEM,0,1,1,0,0,0,1,1,0,1,1,0,0,0,1,,,,,,,,,,,,,,,,,,,,,,,
4619,102,97,38,102-97-38,01-DEM,1,0,1,0,0,0,1,1,0,1,0,0,1,0,1,,,,,,,,,,,,,,,,,,,,,,,
4620,102,97,37,102-97-37,01-DEM,0,1,0,0,0,0,1,1,0,1,1,0,0,0,1,,,,,,,,,,,,,,,,,,,,,,,
4621,102,97,24,102-97-24,02-REP,,,,,,,,,,,,,,,,,,0,0,0,1,0,0,0,0,0,0,1,0,0,0,0,0,0,0,0,,
4622,102,97,15,102-97-15,02-REP,,,,,,,,,,,,,,,,,,1,1,0,0,1,0,0,1,1,0,1,1,1,1,1,1,1,1,1,,
4623,102,97,4,102-97-4,01-DEM,0,1,1,0,0,1,0,0,0,1,0,0,1,0,1,,,,,,,,,,,,,,,,,,,,,,,
4624,102,97,44,102-97-44,01-DEM,1,0,1,0,0,0,1,1,0,1,1,0,0,0,1,,,,,,,,,,,,,,,,,,,,,,,
4625,102,97,43,102-97-43,01-DEM,0,1,1,0,0,0,1,1,0,1,1,0,0,0,1,,,,,,,,,,,,,,,,,,,,,,,
4626,102,97,27,102-97-27,02-REP,,,,,,,,,,,,,,,,,,1,1,0,0,1,0,0,1,1,0,1,1,1,1,1,1,1,1,1,,
4627,102,97,16,102-97-16,02-REP,,,,,,,,,,,,,,,,,,1,1,1,0,0,0,0,1,1,0,1,1,1,1,1,1,1,1,0,,
4628,102,97,3,102-97-3,02-REP,,,,,,,,,,,,,,,,,,0,1,0,0,1,0,0,0,1,0,0,0,1,1,1,1,1,1,1,,
4629,102,97,48,102-97-48,01-DEM,0,1,1,0,0,1,0,1,0,1,0,0,1,0,1,,,,,,,,,,,,,,,,,,,,,,,
4630,102,97,47,102-97-47,01-DEM,0,1,1,0,0,0,1,0,0,1,1,0,0,0,1,,,,,,,,,,,,,,,,,,,,,,,
4631,102,97,28,102-97-28,02-REP,,,,,,,,,,,,,,,,,,1,1,0,0,1,0,0,1,1,0,0,1,1,0,1,1,1,1,1,,
4632,102,97,17,102-97-17,02-REP,,,,,,,,,,,,,,,,,,1,0,0,1,0,0,0,1,1,1,0,1,1,1,1,1,1,1,1,,
4633,102,97,7,102-97-7,02-REP,,,,,,,,,,,,,,,,,,0,1,0,0,1,0,0,0,0,0,0,0,0,0,0,0,0,0,0,,
4634,102,97,36,102-97-36,01-DEM,0,1,1,0,0,0,1,1,0,1,1,0,0,0,1,,,,,,,,,,,,,,,,,,,,,,,
4635,102,97,35,102-97-35,01-DEM,0,1,1,0,0,0,1,1,0,1,1,0,0,0,1,,,,,,,,,,,,,,,,,,,,,,,
4636,102,97,18,102-97-18,01-DEM,1,0,1,0,0,1,0,1,0,1,1,0,0,0,0,,,,,,,,,,,,,,,,,,,,,,,
4637,102,97,10,102-97-10,02-REP,,,,,,,,,,,,,,,,,,1,1,0,1,0,0,0,1,1,1,0,1,1,1,1,1,1,1,1,,
4638,102,97,46,102-97-46,01-DEM,0,1,1,0,0,0,1,0,1,1,0,0,1,0,1,,,,,,,,,,,,,,,,,,,,,,,
4639,102,97,45,102-97-45,01-DEM,0,1,1,0,0,0,1,1,0,1,1,0,0,0,1,,,,,,,,,,,,,,,,,,,,,,,
4640,102,97,29,102-97-29,02-REP,,,,,,,,,,,,,,,,,,1,1,0,1,0,0,0,1,1,0,1,1,1,1,1,1,1,1,0,,
4641,102,97,19,102-97-19,02-REP,,,,,,,,,,,,,,,,,,1,1,0,0,1,0,0,1,1,1,0,1,1,1,1,1,1,1,1,,
4642,102,97,8,102-97-8,02-REP,,,,,,,,,,,,,,,,,,1,1,0,1,0,0,0,1,1,0,1,1,1,1,1,1,1,1,1,,
4643,102,97,50,102-97-50,01-DEM,1,0,1,0,0,1,0,1,0,1,0,1,0,0,1,,,,,,,,,,,,,,,,,,,,,,,
4644,102,97,49,102-97-49,01-DEM,0,1,1,0,0,1,0,0,1,1,1,0,0,0,1,,,,,,,,,,,,,,,,,,,,,,,
4645,102,97,30,102-97-30,02-REP,,,,,,,,,,,,,,,,,,1,1,0,0,1,0,0,1,1,1,0,1,1,1,1,1,1,1,1,,
4646,102,97,20,102-97-20,02-REP,,,,,,,,,,,,,,,,,,0,0,0,0,1,0,0,0,0,0,1,0,0,0,1,1,0,1,1,,
4647,102,97,9,102-97-9,02-REP,,,,,,,,,,,,,,,,,,1,1,0,1,0,0,0,1,1,0,0,1,1,1,1,1,1,1,1,,
4648,102,97,23,102-97-23,01-DEM,0,1,1,0,0,0,1,0,1,1,0,1,0,0,1,,,,,,,,,,,,,,,,,,,,,,,
4649,102,98,32,102-98-32,02-REP,,,,,,,,,,,,,,,,,,1,0,0,1,0,0,0,1,1,0,1,1,1,1,1,1,1,1,1,,
4650,102,98,31,102-98-31,02-REP,,,,,,,,,,,,,,,,,,1,1,0,0,1,0,0,1,1,0,1,1,1,1,1,1,1,1,1,,
4651,102,98,21,102-98-21,02-REP,,,,,,,,,,,,,,,,,,1,1,0,1,0,0,0,1,1,0,0,1,1,1,1,1,1,1,1,,
4652,102,98,1,102-98-1,01-DEM,0,1,0,0,0,0,1,1,0,1,1,0,0,0,1,,,,,,,,,,,,,,,,,,,,,,,
4653,102,98,34,102-98-34,01-DEM,1,0,0,0,0,1,0,0,1,0,0,0,0,1,0,,,,,,,,,,,,,,,,,,,,,,,
4654,102,98,33,102-98-33,02-REP,,,,,,,,,,,,,,,,,,1,1,0,1,0,0,0,1,1,0,0,1,1,1,1,1,1,1,1,,
4655,102,98,22,102-98-22,01-DEM,0,1,1,0,0,1,0,0,1,1,0,0,1,0,1,,,,,,,,,,,,,,,,,,,,,,,
4656,102,98,12,102-98-12,01-DEM,1,0,0,0,0,0,1,0,0,0,1,0,0,0,0,,,,,,,,,,,,,,,,,,,,,,,
4657,102,98,3,102-98-3,01-DEM,1,0,1,0,0,1,0,1,0,1,0,0,0,1,1,,,,,,,,,,,,,,,,,,,,,,,
4658,102,98,35,102-98-35,01-DEM,1,0,0,0,0,1,0,1,0,0,0,0,1,0,0,,,,,,,,,,,,,,,,,,,,,,,
4659,102,98,23,102-98-23,01-DEM,1,0,1,0,0,1,0,0,0,0,1,0,0,0,1,,,,,,,,,,,,,,,,,,,,,,,
4660,102,98,13,102-98-13,02-REP,,,,,,,,,,,,,,,,,,0,0,1,0,0,0,0,0,0,0,1,0,0,0,1,0,0,1,1,,
4661,102,98,4,102-98-4,01-DEM,1,0,1,0,0,0,1,1,0,1,0,0,0,1,1,,,,,,,,,,,,,,,,,,,,,,,
4662,102,98,28,102-98-28,01-DEM,1,0,1,0,0,1,0,1,0,1,0,1,0,0,1,,,,,,,,,,,,,,,,,,,,,,,
4663,102,98,14,102-98-14,01-DEM,0,1,1,0,0,0,1,1,0,1,0,0,0,1,1,,,,,,,,,,,,,,,,,,,,,,,
4664,102,98,10,102-98-10,02-REP,,,,,,,,,,,,,,,,,,1,1,0,0,1,0,0,1,1,0,1,1,1,1,1,1,1,1,1,,
4665,102,98,25,102-98-25,02-REP,,,,,,,,,,,,,,,,,,0,1,0,0,1,0,0,0,0,0,0,0,0,1,1,1,1,1,1,,
4666,102,98,15,102-98-15,01-DEM,1,0,1,0,0,1,0,1,0,1,0,0,1,0,1,,,,,,,,,,,,,,,,,,,,,,,
4667,102,98,6,102-98-6,02-REP,,,,,,,,,,,,,,,,,,1,1,0,1,0,0,0,1,1,1,0,1,1,0,1,1,0,0,0,,
4668,102,98,38,102-98-38,01-DEM,0,1,0,0,0,0,1,0,1,1,0,0,1,0,0,,,,,,,,,,,,,,,,,,,,,,,
4669,102,98,37,102-98-37,01-DEM,0,1,0,0,0,0,0,0,0,0,0,0,1,0,0,,,,,,,,,,,,,,,,,,,,,,,
4670,102,98,24,102-98-24,01-DEM,1,0,1,0,0,1,0,1,0,1,1,0,0,0,1,,,,,,,,,,,,,,,,,,,,,,,
4671,102,98,16,102-98-16,01-DEM,1,0,1,0,0,1,0,0,1,1,0,1,0,0,1,,,,,,,,,,,,,,,,,,,,,,,
4672,102,98,8,102-98-8,02-REP,,,,,,,,,,,,,,,,,,1,1,1,0,0,0,0,1,1,0,1,1,1,1,1,1,1,1,1,,
4673,102,98,26,102-98-26,02-REP,,,,,,,,,,,,,,,,,,1,1,0,1,0,0,0,1,1,1,0,1,1,1,1,1,1,1,1,,
4674,102,98,17,102-98-17,01-DEM,0,1,1,0,0,0,1,1,0,1,0,0,0,1,1,,,,,,,,,,,,,,,,,,,,,,,
4675,102,98,2,102-98-2,02-REP,,,,,,,,,,,,,,,,,,1,1,0,1,0,0,0,1,1,0,0,1,1,1,1,1,1,1,1,,
4676,102,98,30,102-98-30,02-REP,,,,,,,,,,,,,,,,,,1,1,0,1,0,0,0,1,1,1,0,1,1,1,1,1,1,1,1,,
4677,102,98,18,102-98-18,01-DEM,1,0,1,0,0,1,0,1,0,0,0,1,0,0,0,,,,,,,,,,,,,,,,,,,,,,,
4678,102,98,7,102-98-7,01-DEM,1,0,0,0,0,1,0,1,0,0,0,1,0,0,0,,,,,,,,,,,,,,,,,,,,,,,
4679,102,98,29,102-98-29,01-DEM,1,0,1,0,0,0,0,1,0,1,1,0,0,0,1,,,,,,,,,,,,,,,,,,,,,,,
4680,102,98,19,102-98-19,01-DEM,1,0,1,0,0,1,0,1,0,1,0,1,0,0,1,,,,,,,,,,,,,,,,,,,,,,,
4681,102,98,5,102-98-5,02-REP,,,,,,,,,,,,,,,,,,1,0,0,1,0,0,0,1,1,0,1,1,1,1,1,1,1,1,1,,
4682,102,98,27,102-98-27,02-REP,,,,,,,,,,,,,,,,,,0,1,0,1,0,0,0,1,1,0,1,1,1,1,1,1,1,1,1,,
4683,102,98,9,102-98-9,02-REP,,,,,,,,,,,,,,,,,,1,1,1,0,0,0,0,1,1,0,1,1,1,1,1,1,1,1,1,,
4684,102,98,11,102-98-11,01-DEM,0,1,1,0,0,0,1,1,0,1,1,0,0,0,1,,,,,,,,,,,,,,,,,,,,,,,
4685,102,98,20,102-98-20,01-DEM,1,0,1,0,0,1,0,1,0,1,0,1,0,0,1,,,,,,,,,,,,,,,,,,,,,,,
4686,102,98,36,102-98-36,01-DEM,0,1,0,0,0,0,1,0,1,0,0,0,1,0,0,,,,,,,,,,,,,,,,,,,,,,,
4687,102,99,46,102-99-46,01-DEM,0,1,1,0,0,0,1,0,0,0,0,0,0,0,0,,,,,,,,,,,,,,,,,,,,,,,
4688,102,99,45,102-99-45,01-DEM,1,0,1,0,0,1,0,1,0,1,1,0,0,0,1,,,,,,,,,,,,,,,,,,,,,,,
4689,102,99,28,102-99-28,02-REP,,,,,,,,,,,,,,,,,,1,1,0,0,1,0,0,1,1,0,1,1,1,1,1,1,1,0,1,,
4690,102,99,27,102-99-27,01-DEM,1,0,1,0,0,0,1,1,0,1,0,0,0,1,1,,,,,,,,,,,,,,,,,,,,,,,
4691,102,99,21,102-99-21,02-REP,,,,,,,,,,,,,,,,,,1,1,0,0,1,0,0,1,1,0,1,1,1,1,1,0,0,0,0,,
4692,102,99,11,102-99-11,02-REP,,,,,,,,,,,,,,,,,,1,0,1,0,0,0,0,1,1,1,0,1,1,0,1,1,1,1,1,,
4693,102,99,8,102-99-8,01-DEM,0,1,1,0,0,1,0,1,0,1,1,0,0,0,1,,,,,,,,,,,,,,,,,,,,,,,
4694,102,99,36,102-99-36,01-DEM,0,1,1,0,0,0,1,1,0,1,1,0,0,0,1,,,,,,,,,,,,,,,,,,,,,,,
4695,102,99,35,102-99-35,01-DEM,0,1,1,0,0,0,1,1,0,1,1,0,0,0,1,,,,,,,,,,,,,,,,,,,,,,,
4696,102,99,23,102-99-23,02-REP,,,,,,,,,,,,,,,,,,1,1,0,1,0,0,0,1,1,0,1,1,1,1,1,1,1,1,1,,
4697,102,99,12,102-99-12,01-DEM,1,0,1,0,0,1,0,1,0,1,1,0,0,0,1,,,,,,,,,,,,,,,,,,,,,,,
4698,102,99,1,102-99-1,01-DEM,0,1,1,0,0,1,0,0,1,1,1,0,0,0,0,,,,,,,,,,,,,,,,,,,,,,,
4699,102,99,26,102-99-26,02-REP,,,,,,,,,,,,,,,,,,1,0,0,1,0,0,0,1,1,1,0,1,1,1,1,1,1,1,1,,
4700,102,99,25,102-99-25,01-DEM,1,0,0,0,0,1,0,1,0,0,1,0,0,0,0,,,,,,,,,,,,,,,,,,,,,,,
4701,102,99,22,102-99-22,02-REP,,,,,,,,,,,,,,,,,,1,1,0,1,0,0,0,1,1,0,1,1,1,1,1,1,1,1,1,,
4702,102,99,13,102-99-13,01-DEM,1,0,1,0,0,1,0,1,0,0,0,1,0,0,1,,,,,,,,,,,,,,,,,,,,,,,
4703,102,99,5,102-99-5,02-REP,,,,,,,,,,,,,,,,,,1,1,0,1,0,0,0,1,1,0,1,1,1,1,1,1,1,1,1,,
4704,102,99,40,102-99-40,01-DEM,0,1,0,0,0,0,1,0,1,0,0,1,0,0,0,,,,,,,,,,,,,,,,,,,,,,,
4705,102,99,39,102-99-39,01-DEM,0,1,1,0,0,1,0,1,0,1,1,0,0,0,1,,,,,,,,,,,,,,,,,,,,,,,
4706,102,99,24,102-99-24,02-REP,,,,,,,,,,,,,,,,,,1,1,0,1,0,0,0,1,1,0,1,1,1,1,1,1,1,1,1,,
4707,102,99,14,102-99-14,01-DEM,1,0,1,0,0,1,0,1,0,1,1,0,0,0,1,,,,,,,,,,,,,,,,,,,,,,,
4708,102,99,2,102-99-2,01-DEM,0,1,0,0,0,0,1,0,1,0,0,0,0,0,0,,,,,,,,,,,,,,,,,,,,,,,
4709,102,99,42,102-99-42,02-REP,,,,,,,,,,,,,,,,,,1,1,0,1,0,0,0,1,1,0,0,1,1,1,1,1,1,1,1,,
4710,102,99,41,102-99-41,02-REP,,,,,,,,,,,,,,,,,,1,1,0,0,1,0,0,1,1,0,0,0,0,0,0,0,0,0,0,,
4711,102,99,29,102-99-29,02-REP,,,,,,,,,,,,,,,,,,0,0,0,0,0,0,0,0,0,0,1,0,0,0,1,1,1,1,1,,
4712,102,99,15,102-99-15,01-DEM,1,0,1,0,0,1,0,1,0,1,0,0,0,1,1,,,,,,,,,,,,,,,,,,,,,,,
4713,102,99,7,102-99-7,01-DEM,1,0,1,0,0,1,0,0,1,1,0,1,0,0,1,,,,,,,,,,,,,,,,,,,,,,,
4714,102,99,38,102-99-38,02-REP,,,,,,,,,,,,,,,,,,1,1,0,1,0,0,0,1,1,1,0,1,1,1,1,1,1,1,1,,
4715,102,99,37,102-99-37,02-REP,,,,,,,,,,,,,,,,,,1,1,0,1,0,0,0,1,1,1,0,1,1,1,1,1,1,1,1,,
4716,102,99,30,102-99-30,02-REP,,,,,,,,,,,,,,,,,,1,1,1,0,0,0,0,1,1,0,1,1,1,1,1,1,1,1,1,,
4717,102,99,16,102-99-16,01-DEM,1,0,1,0,0,1,0,1,0,1,0,1,0,0,1,,,,,,,,,,,,,,,,,,,,,,,
4718,102,99,10,102-99-10,01-DEM,0,1,1,0,0,0,1,0,0,0,1,0,0,0,0,,,,,,,,,,,,,,,,,,,,,,,
4719,102,99,48,102-99-48,01-DEM,1,0,1,0,0,1,0,1,0,1,0,0,0,1,1,,,,,,,,,,,,,,,,,,,,,,,
4720,102,99,47,102-99-47,01-DEM,0,1,1,0,0,0,1,0,1,1,0,1,0,0,1,,,,,,,,,,,,,,,,,,,,,,,
4721,102,99,32,102-99-32,02-REP,,,,,,,,,,,,,,,,,,0,1,0,1,0,0,0,0,0,0,0,0,0,0,0,0,0,0,0,,
4722,102,99,17,102-99-17,02-REP,,,,,,,,,,,,,,,,,,1,1,0,1,0,0,0,1,1,0,1,1,1,1,1,1,1,1,1,,
4723,102,99,4,102-99-4,02-REP,,,,,,,,,,,,,,,,,,1,1,0,1,0,0,0,1,1,0,1,1,1,1,1,1,1,1,1,,
4724,102,99,44,102-99-44,01-DEM,1,0,1,0,0,0,1,1,0,1,0,0,0,1,1,,,,,,,,,,,,,,,,,,,,,,,
4725,102,99,43,102-99-43,01-DEM,0,1,1,0,0,0,1,1,0,1,1,0,0,0,1,,,,,,,,,,,,,,,,,,,,,,,
4726,102,99,31,102-99-31,01-DEM,1,0,1,0,0,1,0,1,0,1,0,0,0,1,1,,,,,,,,,,,,,,,,,,,,,,,
4727,102,99,18,102-99-18,01-DEM,1,0,1,0,0,1,0,0,1,1,0,1,0,0,1,,,,,,,,,,,,,,,,,,,,,,,
4728,102,99,3,102-99-3,02-REP,,,,,,,,,,,,,,,,,,1,1,1,0,0,0,0,1,1,1,0,1,1,1,1,1,1,1,1,,
4729,102,99,33,102-99-33,02-REP,,,,,,,,,,,,,,,,,,0,0,0,1,0,0,0,0,0,1,0,0,0,0,0,0,0,0,0,,
4730,102,99,19,102-99-19,02-REP,,,,,,,,,,,,,,,,,,0,1,0,1,0,0,0,1,1,1,0,1,1,1,1,1,1,1,1,,
4731,102,99,9,102-99-9,02-REP,,,,,,,,,,,,,,,,,,1,1,1,0,0,0,0,1,1,1,0,1,1,1,1,1,1,1,1,,
4732,102,99,50,102-99-50,01-DEM,1,0,1,0,0,1,0,1,0,1,0,1,0,0,1,,,,,,,,,,,,,,,,,,,,,,,
4733,102,99,49,102-99-49,02-REP,,,,,,,,,,,,,,,,,,1,1,0,1,0,0,0,1,1,1,0,1,1,1,1,1,1,1,1,,
4734,102,99,34,102-99-34,02-REP,,,,,,,,,,,,,,,,,,1,1,0,0,1,0,0,1,1,0,1,1,1,1,1,1,1,1,1,,
4735,102,99,20,102-99-20,01-DEM,1,0,1,0,0,1,0,1,0,1,1,0,0,0,1,,,,,,,,,,,,,,,,,,,,,,,
4736,102,99,6,102-99-6,02-REP,,,,,,,,,,,,,,,,,,1,1,0,1,0,0,0,1,1,1,0,1,1,1,1,1,1,1,1,,
4737,102,100,32,102-100-32,02-REP,,,,,,,,,,,,,,,,,,1,1,0,0,1,0,0,1,1,1,0,1,1,1,1,1,1,1,1,,
4738,102,100,31,102-100-31,02-REP,,,,,,,,,,,,,,,,,,0,0,0,0,1,0,0,0,0,1,0,0,0,0,0,0,0,0,0,,
4739,102,100,21,102-100-21,02-REP,,,,,,,,,,,,,,,,,,1,1,1,0,0,0,0,1,1,1,0,1,1,1,1,1,1,1,1,,
4740,102,100,11,102-100-11,02-REP,,,,,,,,,,,,,,,,,,0,0,0,0,1,0,0,0,0,1,0,0,0,0,0,0,0,0,0,,
4741,102,100,1,102-100-1,02-REP,,,,,,,,,,,,,,,,,,1,1,0,0,1,0,0,1,1,0,1,1,1,1,1,1,1,1,1,,
4742,102,100,48,102-100-48,02-REP,,,,,,,,,,,,,,,,,,1,1,0,1,0,0,0,1,1,1,0,1,1,1,1,1,1,1,1,,
4743,102,100,47,102-100-47,02-REP,,,,,,,,,,,,,,,,,,1,0,1,0,0,0,0,1,1,0,0,1,1,0,1,0,0,1,0,,
4744,102,100,22,102-100-22,02-REP,,,,,,,,,,,,,,,,,,1,1,1,0,0,0,0,0,0,1,0,0,0,0,0,0,0,0,0,,
4745,102,100,12,102-100-12,02-REP,,,,,,,,,,,,,,,,,,1,1,0,0,1,0,0,1,1,0,1,1,1,1,1,1,1,1,1,,
4746,102,100,2,102-100-2,02-REP,,,,,,,,,,,,,,,,,,1,1,0,1,0,0,0,1,1,1,0,1,1,1,1,1,1,1,1,,
4747,102,100,34,102-100-34,02-REP,,,,,,,,,,,,,,,,,,0,0,0,0,1,0,0,0,0,0,0,0,0,0,0,0,0,0,0,,
4748,102,100,33,102-100-33,02-REP,,,,,,,,,,,,,,,,,,1,1,1,0,0,0,0,1,1,0,1,1,1,0,0,1,1,1,0,,
4749,102,100,23,102-100-23,01-DEM,0,1,1,0,0,1,0,1,0,1,0,0,0,1,1,,,,,,,,,,,,,,,,,,,,,,,
4750,102,100,13,102-100-13,02-REP,,,,,,,,,,,,,,,,,,1,1,0,0,1,0,0,1,1,1,0,1,1,1,1,1,1,1,1,,
4751,102,100,4,102-100-4,02-REP,,,,,,,,,,,,,,,,,,1,1,0,1,0,0,0,1,1,0,1,1,1,1,1,1,1,1,1,,
4752,102,100,36,102-100-36,02-REP,,,,,,,,,,,,,,,,,,1,1,0,0,1,0,0,1,1,0,0,1,1,0,1,1,1,1,1,,
4753,102,100,35,102-100-35,02-REP,,,,,,,,,,,,,,,,,,1,1,0,0,1,0,0,1,1,1,0,1,1,1,1,1,1,1,1,,
4754,102,100,24,102-100-24,01-DEM,1,0,1,0,0,1,0,1,0,1,0,1,0,0,1,,,,,,,,,,,,,,,,,,,,,,,
4755,102,100,14,102-100-14,01-DEM,1,0,1,0,0,1,0,1,0,1,0,0,0,0,1,,,,,,,,,,,,,,,,,,,,,,,
4756,102,100,10,102-100-10,01-DEM,0,1,1,0,0,0,1,1,0,1,0,0,0,1,1,,,,,,,,,,,,,,,,,,,,,,,
4757,102,100,38,102-100-38,02-REP,,,,,,,,,,,,,,,,,,1,1,1,0,0,0,0,1,1,0,0,1,1,0,1,1,1,1,1,,
4758,102,100,37,102-100-37,02-REP,,,,,,,,,,,,,,,,,,1,1,0,0,1,0,0,1,1,1,0,1,1,1,1,1,1,1,1,,
4759,102,100,25,102-100-25,01-DEM,0,1,1,0,0,0,1,1,0,1,1,0,0,0,1,,,,,,,,,,,,,,,,,,,,,,,
4760,102,100,15,102-100-15,01-DEM,0,1,1,0,0,0,1,1,0,1,1,0,0,0,1,,,,,,,,,,,,,,,,,,,,,,,
4761,102,100,3,102-100-3,02-REP,,,,,,,,,,,,,,,,,,1,1,0,1,0,0,0,1,1,1,0,1,1,1,1,1,1,1,1,,
4762,102,100,46,102-100-46,02-REP,,,,,,,,,,,,,,,,,,1,1,0,0,1,0,0,1,1,1,0,1,1,1,1,1,1,1,1,,
4763,102,100,45,102-100-45,02-REP,,,,,,,,,,,,,,,,,,0,0,0,0,1,0,0,0,0,0,0,0,0,0,0,0,0,0,0,,
4764,102,100,27,102-100-27,01-DEM,1,0,1,0,0,0,1,1,0,1,1,0,0,0,1,,,,,,,,,,,,,,,,,,,,,,,
4765,102,100,16,102-100-16,02-REP,,,,,,,,,,,,,,,,,,1,1,0,1,0,0,0,1,1,0,1,1,1,1,1,1,1,1,1,,
4766,102,100,9,102-100-9,01-DEM,1,0,1,0,0,1,0,1,0,0,0,1,0,0,1,,,,,,,,,,,,,,,,,,,,,,,
4767,102,100,44,102-100-44,02-REP,,,,,,,,,,,,,,,,,,1,1,1,0,0,0,0,1,1,0,1,1,1,0,0,1,1,1,0,,
4768,102,100,43,102-100-43,02-REP,,,,,,,,,,,,,,,,,,1,1,0,1,0,0,0,1,1,0,1,1,1,1,1,1,1,1,1,,
4769,102,100,28,102-100-28,01-DEM,1,0,1,0,0,1,0,0,1,1,0,0,1,0,1,,,,,,,,,,,,,,,,,,,,,,,
4770,102,100,17,102-100-17,02-REP,,,,,,,,,,,,,,,,,,1,1,0,1,0,0,0,1,1,1,0,1,1,1,1,1,1,1,1,,
4771,102,100,7,102-100-7,02-REP,,,,,,,,,,,,,,,,,,1,1,0,1,0,0,0,1,1,1,0,1,1,1,1,1,1,1,1,,
4772,102,100,42,102-100-42,02-REP,,,,,,,,,,,,,,,,,,1,1,0,1,0,0,0,1,1,0,1,1,1,1,1,1,1,0,1,,
4773,102,100,41,102-100-41,02-REP,,,,,,,,,,,,,,,,,,1,1,0,1,0,0,0,1,1,1,0,1,1,1,1,1,1,1,1,,
4774,102,100,26,102-100-26,01-DEM,0,1,0,0,0,1,0,1,0,0,0,0,0,0,0,,,,,,,,,,,,,,,,,,,,,,,
4775,102,100,18,102-100-18,01-DEM,0,1,1,0,0,0,1,0,1,1,1,0,0,0,1,,,,,,,,,,,,,,,,,,,,,,,
4776,102,100,5,102-100-5,02-REP,,,,,,,,,,,,,,,,,,1,1,0,1,0,0,0,1,1,0,1,1,1,1,1,1,1,1,1,,
4777,102,100,40,102-100-40,01-DEM,0,1,0,0,0,0,1,0,0,1,1,0,0,0,0,,,,,,,,,,,,,,,,,,,,,,,
4778,102,100,39,102-100-39,02-REP,,,,,,,,,,,,,,,,,,1,1,0,0,1,0,0,1,1,1,0,1,1,1,1,1,1,1,1,,
4779,102,100,29,102-100-29,01-DEM,1,0,1,0,0,1,0,0,1,1,1,0,0,0,1,,,,,,,,,,,,,,,,,,,,,,,
4780,102,100,19,102-100-19,02-REP,,,,,,,,,,,,,,,,,,0,0,0,0,1,0,0,0,0,1,0,0,0,0,0,0,0,0,0,,
4781,102,100,6,102-100-6,02-REP,,,,,,,,,,,,,,,,,,1,1,0,1,0,0,0,1,1,1,0,1,1,1,1,1,1,1,1,,
4782,102,100,50,102-100-50,02-REP,,,,,,,,,,,,,,,,,,1,1,0,1,0,0,0,1,1,1,0,1,1,1,1,1,1,1,1,,
4783,102,100,49,102-100-49,02-REP,,,,,,,,,,,,,,,,,,1,1,0,1,0,0,0,1,1,0,0,1,1,1,1,1,1,1,1,,
4784,102,100,30,102-100-30,01-DEM,0,1,1,0,0,0,1,0,1,1,1,0,0,0,1,,,,,,,,,,,,,,,,,,,,,,,
4785,102,100,20,102-100-20,02-REP,,,,,,,,,,,,,,,,,,1,0,0,0,1,0,0,1,1,1,0,1,1,1,1,1,1,1,0,,
4786,102,100,8,102-100-8,01-DEM,1,0,1,0,0,0,1,0,1,1,0,0,1,0,1,,,,,,,,,,,,,,,,,,,,,,,
4787,102,101,11,102-101-11,02-REP,,,,,,,,,,,,,,,,,,1,1,0,1,0,0,0,1,1,1,0,1,1,1,1,1,1,1,1,,
4788,102,101,3,102-101-3,02-REP,,,,,,,,,,,,,,,,,,1,0,1,0,0,0,0,1,1,0,1,1,1,1,1,1,1,1,1,,
4789,102,101,21,102-101-21,02-REP,,,,,,,,,,,,,,,,,,1,1,1,0,0,0,0,1,1,0,1,1,1,1,1,1,1,1,1,,
4790,102,101,12,102-101-12,01-DEM,0,1,0,0,0,0,1,0,0,0,0,0,1,0,0,,,,,,,,,,,,,,,,,,,,,,,
4791,102,101,7,102-101-7,02-REP,,,,,,,,,,,,,,,,,,1,1,0,1,0,0,0,1,1,0,1,1,1,1,1,1,1,1,1,,
4792,102,101,13,102-101-13,02-REP,,,,,,,,,,,,,,,,,,1,1,0,1,0,0,0,1,1,0,1,1,1,1,1,0,0,0,0,,
4793,102,101,1,102-101-1,01-DEM,1,0,1,0,0,1,0,0,1,1,0,0,1,0,1,,,,,,,,,,,,,,,,,,,,,,,
4794,102,101,14,102-101-14,02-REP,,,,,,,,,,,,,,,,,,1,1,0,1,0,0,0,1,1,0,1,1,1,1,1,1,1,1,1,,
4795,102,101,2,102-101-2,02-REP,,,,,,,,,,,,,,,,,,1,1,0,1,0,0,0,1,1,0,1,1,1,1,1,1,1,1,1,,
4796,102,101,15,102-101-15,02-REP,,,,,,,,,,,,,,,,,,1,1,1,0,0,0,0,1,1,0,1,1,1,1,1,1,1,1,1,,
4797,102,101,10,102-101-10,01-DEM,1,0,1,0,0,1,0,0,1,1,1,0,0,0,1,,,,,,,,,,,,,,,,,,,,,,,
4798,102,101,16,102-101-16,02-REP,,,,,,,,,,,,,,,,,,1,1,0,1,0,0,0,1,1,1,0,1,1,1,1,1,1,1,1,,
4799,102,101,9,102-101-9,02-REP,,,,,,,,,,,,,,,,,,1,1,1,0,0,0,0,1,1,1,0,1,1,1,1,1,1,1,1,,
4800,102,101,17,102-101-17,02-REP,,,,,,,,,,,,,,,,,,1,1,1,0,0,0,0,1,1,0,1,1,1,1,1,1,1,1,1,,
4801,102,101,8,102-101-8,02-REP,,,,,,,,,,,,,,,,,,0,0,0,0,1,0,0,0,0,0,1,0,0,0,0,0,1,0,0,,
4802,102,101,18,102-101-18,02-REP,,,,,,,,,,,,,,,,,,1,1,0,1,0,0,0,1,1,1,0,1,1,1,1,1,1,1,1,,
4803,102,101,6,102-101-6,02-REP,,,,,,,,,,,,,,,,,,0,0,0,0,0,0,0,0,0,0,1,0,0,0,1,1,1,1,1,,
4804,102,101,19,102-101-19,02-REP,,,,,,,,,,,,,,,,,,1,1,1,0,0,0,0,1,1,0,1,1,1,1,1,1,1,1,1,,
4805,102,101,5,102-101-5,02-REP,,,,,,,,,,,,,,,,,,1,1,0,1,0,0,0,1,1,1,0,0,0,0,0,0,0,0,0,,
4806,102,101,20,102-101-20,02-REP,,,,,,,,,,,,,,,,,,1,1,1,0,0,0,0,1,1,0,1,1,1,1,1,1,1,1,1,,
4807,102,101,4,102-101-4,02-REP,,,,,,,,,,,,,,,,,,1,1,0,1,0,0,0,1,1,1,0,1,1,1,1,1,1,1,1,,
4808,102,102,31,102-102-31,02-REP,,,,,,,,,,,,,,,,,,0,0,0,0,1,0,0,0,0,1,0,1,0,0,1,1,1,1,1,,
4809,102,102,30,102-102-30,02-REP,,,,,,,,,,,,,,,,,,1,1,1,0,0,0,0,1,1,1,0,1,1,1,1,1,1,1,1,,
4810,102,102,21,102-102-21,02-REP,,,,,,,,,,,,,,,,,,1,1,1,0,0,0,0,1,1,0,1,1,1,1,1,1,1,1,1,,
4811,102,102,11,102-102-11,01-DEM,0,1,0,0,0,0,1,1,0,0,0,1,0,0,0,,,,,,,,,,,,,,,,,,,,,,,
4812,102,102,6,102-102-6,02-REP,,,,,,,,,,,,,,,,,,1,1,0,0,1,0,0,1,1,1,0,1,1,1,1,1,1,1,1,,
4813,102,102,36,102-102-36,02-REP,,,,,,,,,,,,,,,,,,1,1,0,1,0,0,0,1,1,1,0,1,1,1,1,1,1,1,1,,
4814,102,102,35,102-102-35,02-REP,,,,,,,,,,,,,,,,,,1,1,0,0,1,0,0,1,1,0,1,1,1,1,1,1,1,1,1,,
4815,102,102,23,102-102-23,02-REP,,,,,,,,,,,,,,,,,,1,0,0,0,0,0,0,0,0,0,0,1,1,1,1,1,1,1,1,,
4816,102,102,12,102-102-12,01-DEM,1,0,1,0,0,1,0,1,0,1,0,0,0,1,1,,,,,,,,,,,,,,,,,,,,,,,
4817,102,102,1,102-102-1,01-DEM,1,0,1,0,0,1,0,1,0,1,0,0,0,1,1,,,,,,,,,,,,,,,,,,,,,,,
4818,102,102,38,102-102-38,02-REP,,,,,,,,,,,,,,,,,,0,1,0,1,0,0,0,1,1,1,0,1,1,1,1,1,1,1,1,,
4819,102,102,37,102-102-37,02-REP,,,,,,,,,,,,,,,,,,0,0,0,1,0,0,0,0,0,1,0,0,0,0,0,0,0,0,0,,
4820,102,102,24,102-102-24,02-REP,,,,,,,,,,,,,,,,,,1,1,1,0,0,0,0,1,1,0,1,1,1,1,1,1,1,1,1,,
4821,102,102,13,102-102-13,01-DEM,0,1,1,0,0,1,0,1,0,1,1,0,0,0,1,,,,,,,,,,,,,,,,,,,,,,,
4822,102,102,2,102-102-2,01-DEM,1,0,1,0,0,1,0,1,0,1,0,0,0,1,1,,,,,,,,,,,,,,,,,,,,,,,
4823,102,102,34,102-102-34,02-REP,,,,,,,,,,,,,,,,,,1,1,0,0,1,0,0,1,1,0,1,1,1,1,1,1,1,1,1,,
4824,102,102,33,102-102-33,02-REP,,,,,,,,,,,,,,,,,,0,1,1,0,0,0,0,0,0,1,0,1,1,0,0,1,1,1,1,,
4825,102,102,22,102-102-22,02-REP,,,,,,,,,,,,,,,,,,1,1,0,1,0,0,0,1,1,0,1,1,1,1,1,1,1,1,1,,
4826,102,102,14,102-102-14,02-REP,,,,,,,,,,,,,,,,,,0,1,0,1,0,0,0,1,1,0,0,0,1,0,1,1,1,1,1,,
4827,102,102,4,102-102-4,02-REP,,,,,,,,,,,,,,,,,,1,1,1,0,0,0,0,1,1,0,1,1,1,1,1,1,1,1,1,,
4828,102,102,40,102-102-40,02-REP,,,,,,,,,,,,,,,,,,1,1,0,1,0,0,0,1,1,0,1,1,1,1,1,1,1,1,1,,
4829,102,102,39,102-102-39,02-REP,,,,,,,,,,,,,,,,,,1,1,0,1,0,0,0,1,1,0,1,1,1,1,1,1,1,1,1,,
4830,102,102,25,102-102-25,02-REP,,,,,,,,,,,,,,,,,,1,1,0,0,1,0,0,1,1,0,0,1,1,1,1,1,1,1,1,,
4831,102,102,15,102-102-15,02-REP,,,,,,,,,,,,,,,,,,1,1,0,0,1,0,0,1,1,0,0,1,1,1,1,1,1,1,1,,
4832,102,102,3,102-102-3,01-DEM,0,1,1,0,0,1,0,1,0,1,1,0,0,0,1,,,,,,,,,,,,,,,,,,,,,,,
4833,102,102,41,102-102-41,02-REP,,,,,,,,,,,,,,,,,,1,1,1,0,0,0,0,1,1,0,1,1,1,1,1,1,1,1,1,,
4834,102,102,26,102-102-26,02-REP,,,,,,,,,,,,,,,,,,1,1,0,1,0,0,0,1,1,1,0,1,1,1,1,1,1,1,1,,
4835,102,102,16,102-102-16,02-REP,,,,,,,,,,,,,,,,,,1,1,0,1,0,0,0,1,1,1,0,1,1,1,1,1,1,1,1,,
4836,102,102,10,102-102-10,01-DEM,0,1,1,0,0,0,1,0,1,1,1,0,0,0,1,,,,,,,,,,,,,,,,,,,,,,,
4837,102,102,44,102-102-44,02-REP,,,,,,,,,,,,,,,,,,1,1,0,1,0,0,0,1,1,0,1,1,1,1,1,1,1,1,1,,
4838,102,102,43,102-102-43,02-REP,,,,,,,,,,,,,,,,,,0,0,0,1,0,0,0,0,0,0,1,0,0,0,0,0,0,0,0,,
4839,102,102,27,102-102-27,02-REP,,,,,,,,,,,,,,,,,,1,1,0,0,1,0,0,1,1,1,0,1,1,1,1,1,1,1,1,,
4840,102,102,17,102-102-17,02-REP,,,,,,,,,,,,,,,,,,1,1,0,1,0,0,0,1,1,1,0,1,1,1,1,1,1,1,1,,
4841,102,102,5,102-102-5,01-DEM,0,1,1,0,0,0,1,0,1,1,1,0,0,0,1,,,,,,,,,,,,,,,,,,,,,,,
4842,102,102,46,102-102-46,02-REP,,,,,,,,,,,,,,,,,,1,1,0,1,0,0,0,1,1,0,1,1,1,1,1,1,1,1,1,,
4843,102,102,45,102-102-45,02-REP,,,,,,,,,,,,,,,,,,1,1,0,1,0,0,0,1,1,0,1,1,1,1,1,1,1,1,1,,
4844,102,102,28,102-102-28,02-REP,,,,,,,,,,,,,,,,,,1,1,0,1,0,0,0,1,1,1,0,1,1,1,1,0,0,0,0,,
4845,102,102,18,102-102-18,02-REP,,,,,,,,,,,,,,,,,,0,1,0,1,0,0,0,1,1,0,1,1,1,1,1,1,1,1,1,,
4846,102,102,8,102-102-8,01-DEM,0,1,1,0,0,1,0,0,1,1,1,0,0,0,1,,,,,,,,,,,,,,,,,,,,,,,
4847,102,102,50,102-102-50,02-REP,,,,,,,,,,,,,,,,,,1,1,1,0,0,0,0,1,1,1,0,1,1,1,1,1,1,1,1,,
4848,102,102,49,102-102-49,02-REP,,,,,,,,,,,,,,,,,,1,1,0,0,1,0,0,1,1,1,0,1,1,1,1,1,1,1,1,,
4849,102,102,32,102-102-32,02-REP,,,,,,,,,,,,,,,,,,0,0,0,0,1,0,0,0,0,0,1,0,0,0,0,0,0,0,0,,
4850,102,102,19,102-102-19,02-REP,,,,,,,,,,,,,,,,,,0,1,0,1,0,0,0,0,0,0,0,0,0,0,0,1,1,1,1,,
4851,102,102,9,102-102-9,02-REP,,,,,,,,,,,,,,,,,,0,0,0,0,1,0,0,0,0,1,0,0,0,0,0,0,0,0,0,,
4852,102,102,48,102-102-48,02-REP,,,,,,,,,,,,,,,,,,1,1,0,1,0,0,0,1,1,1,0,1,1,1,1,1,1,1,1,,
4853,102,102,47,102-102-47,02-REP,,,,,,,,,,,,,,,,,,1,1,0,1,0,0,0,1,1,0,0,1,1,1,1,0,0,1,0,,
4854,102,102,29,102-102-29,02-REP,,,,,,,,,,,,,,,,,,1,1,0,1,0,0,0,1,1,0,1,1,1,1,1,1,1,1,1,,
4855,102,102,20,102-102-20,02-REP,,,,,,,,,,,,,,,,,,1,1,1,0,0,0,0,1,1,0,1,1,1,1,1,1,1,1,1,,
4856,102,102,7,102-102-7,02-REP,,,,,,,,,,,,,,,,,,1,1,0,0,1,0,0,1,1,1,0,1,1,1,1,1,1,1,1,,
4857,102,102,42,102-102-42,02-REP,,,,,,,,,,,,,,,,,,1,1,0,0,1,0,0,1,1,0,1,1,1,1,1,1,1,1,1,,
4858,102,103,28,102-103-28,02-REP,,,,,,,,,,,,,,,,,,1,1,1,0,0,0,0,1,1,0,1,1,1,1,1,1,1,1,1,,
4859,102,103,27,102-103-27,02-REP,,,,,,,,,,,,,,,,,,1,1,0,1,0,0,0,1,1,1,0,1,1,1,1,1,1,1,1,,
4860,102,103,22,102-103-22,02-REP,,,,,,,,,,,,,,,,,,1,1,0,0,1,0,0,1,1,0,0,1,1,1,1,1,1,1,1,,
4861,102,103,11,102-103-11,02-REP,,,,,,,,,,,,,,,,,,1,1,0,0,1,0,0,1,1,0,1,1,1,1,1,1,1,1,1,,
4862,102,103,2,102-103-2,01-DEM,0,1,1,0,0,0,1,1,0,1,1,0,0,0,1,,,,,,,,,,,,,,,,,,,,,,,
4863,102,103,33,102-103-33,02-REP,,,,,,,,,,,,,,,,,,1,1,0,1,0,0,0,1,1,0,0,1,1,1,1,1,1,1,1,,
4864,102,103,32,102-103-32,02-REP,,,,,,,,,,,,,,,,,,1,1,1,0,0,0,0,1,1,0,1,1,1,1,1,1,1,1,1,,
4865,102,103,20,102-103-20,02-REP,,,,,,,,,,,,,,,,,,1,1,0,0,1,0,0,1,1,0,1,1,1,1,1,1,1,1,1,,
4866,102,103,12,102-103-12,02-REP,,,,,,,,,,,,,,,,,,1,1,1,0,0,0,0,1,1,0,1,1,1,1,1,1,1,1,1,,
4867,102,103,5,102-103-5,02-REP,,,,,,,,,,,,,,,,,,1,1,1,0,0,0,0,1,1,0,1,1,1,1,1,1,1,1,1,,
4868,102,103,36,102-103-36,02-REP,,,,,,,,,,,,,,,,,,0,1,1,0,0,0,0,0,0,1,0,1,0,0,0,0,0,1,0,,
4869,102,103,35,102-103-35,02-REP,,,,,,,,,,,,,,,,,,0,0,0,1,0,0,0,0,0,0,1,0,0,0,0,0,0,0,0,,
4870,102,103,23,102-103-23,02-REP,,,,,,,,,,,,,,,,,,1,1,0,1,0,0,0,1,1,1,0,1,1,0,1,1,1,1,1,,
4871,102,103,13,102-103-13,02-REP,,,,,,,,,,,,,,,,,,1,1,0,1,0,0,0,1,1,0,1,1,1,1,1,1,1,1,1,,
4872,102,103,1,102-103-1,01-DEM,1,0,1,0,0,0,1,1,0,1,0,0,1,0,1,,,,,,,,,,,,,,,,,,,,,,,
4873,102,103,38,102-103-38,02-REP,,,,,,,,,,,,,,,,,,1,1,0,0,1,0,0,1,1,1,0,1,1,1,1,1,1,1,1,,
4874,102,103,37,102-103-37,02-REP,,,,,,,,,,,,,,,,,,1,1,1,0,0,0,0,1,1,0,1,1,1,1,1,1,1,1,1,,
4875,102,103,24,102-103-24,02-REP,,,,,,,,,,,,,,,,,,1,1,0,1,0,0,0,1,1,1,0,1,1,1,1,1,1,1,1,,
4876,102,103,14,102-103-14,02-REP,,,,,,,,,,,,,,,,,,1,1,0,1,0,0,0,1,1,1,0,1,1,1,1,1,1,1,1,,
4877,102,103,9,102-103-9,02-REP,,,,,,,,,,,,,,,,,,1,1,0,1,0,0,0,1,1,0,1,1,1,1,1,1,1,1,1,,
4878,102,103,40,102-103-40,02-REP,,,,,,,,,,,,,,,,,,1,1,0,1,0,0,0,1,1,0,1,1,1,1,1,1,1,1,1,,
4879,102,103,39,102-103-39,02-REP,,,,,,,,,,,,,,,,,,1,1,0,0,1,0,0,1,1,1,0,1,1,1,1,1,1,1,1,,
4880,102,103,25,102-103-25,02-REP,,,,,,,,,,,,,,,,,,1,1,1,0,0,0,0,1,1,1,0,1,1,1,1,1,1,1,1,,
4881,102,103,15,102-103-15,02-REP,,,,,,,,,,,,,,,,,,1,1,1,0,0,0,0,1,1,0,1,1,1,1,1,1,1,1,1,,
4882,102,103,10,102-103-10,02-REP,,,,,,,,,,,,,,,,,,1,1,1,0,0,0,0,1,1,0,1,1,1,1,1,1,1,1,1,,
4883,102,103,42,102-103-42,02-REP,,,,,,,,,,,,,,,,,,1,1,0,1,0,0,0,1,1,0,1,1,1,0,1,1,1,0,1,,
4884,102,103,41,102-103-41,02-REP,,,,,,,,,,,,,,,,,,0,0,0,1,0,0,0,1,0,0,0,0,0,0,1,0,0,0,0,,
4885,102,103,26,102-103-26,02-REP,,,,,,,,,,,,,,,,,,1,1,0,0,1,0,0,1,1,0,1,1,1,1,1,1,1,1,1,,
4886,102,103,16,102-103-16,02-REP,,,,,,,,,,,,,,,,,,1,1,0,0,1,0,0,1,1,0,1,1,1,1,1,1,1,1,1,,
4887,102,103,7,102-103-7,02-REP,,,,,,,,,,,,,,,,,,1,1,0,0,1,0,0,1,1,0,0,1,1,1,1,1,1,1,1,,
4888,102,103,48,102-103-48,02-REP,,,,,,,,,,,,,,,,,,1,1,0,1,0,0,0,1,1,0,1,1,1,1,1,1,1,1,1,,
4889,102,103,47,102-103-47,02-REP,,,,,,,,,,,,,,,,,,1,1,1,0,0,0,0,1,1,0,0,1,1,1,1,1,1,1,1,,
4890,102,103,30,102-103-30,02-REP,,,,,,,,,,,,,,,,,,1,1,0,1,0,0,0,1,1,0,1,1,1,1,1,1,1,1,1,,
4891,102,103,17,102-103-17,02-REP,,,,,,,,,,,,,,,,,,1,0,0,0,1,0,0,1,1,0,1,1,1,1,1,1,1,1,1,,
4892,102,103,44,102-103-44,02-REP,,,,,,,,,,,,,,,,,,1,1,0,0,1,0,0,1,1,1,0,1,1,1,1,1,1,1,1,,
4893,102,103,43,102-103-43,02-REP,,,,,,,,,,,,,,,,,,1,1,0,1,0,0,0,1,1,1,0,1,1,0,1,1,1,1,1,,
4894,102,103,29,102-103-29,02-REP,,,,,,,,,,,,,,,,,,1,1,0,1,0,0,0,1,1,0,1,1,1,1,1,1,1,1,1,,
4895,102,103,18,102-103-18,02-REP,,,,,,,,,,,,,,,,,,1,1,0,1,0,0,0,1,1,1,0,1,1,1,1,1,1,1,1,,
4896,102,103,3,102-103-3,02-REP,,,,,,,,,,,,,,,,,,1,1,0,0,1,0,0,1,1,1,0,1,1,1,1,1,1,1,1,,
4897,102,103,46,102-103-46,02-REP,,,,,,,,,,,,,,,,,,1,1,0,0,1,0,0,1,1,1,0,1,1,1,1,1,1,1,1,,
4898,102,103,45,102-103-45,02-REP,,,,,,,,,,,,,,,,,,1,1,0,0,1,0,0,1,1,1,0,1,1,1,1,1,1,1,1,,
4899,102,103,31,102-103-31,02-REP,,,,,,,,,,,,,,,,,,1,1,0,1,0,0,0,1,1,1,0,1,1,1,1,1,1,1,1,,
4900,102,103,19,102-103-19,02-REP,,,,,,,,,,,,,,,,,,1,0,1,0,0,0,0,1,1,1,0,1,1,1,1,1,1,1,1,,
4901,102,103,4,102-103-4,02-REP,,,,,,,,,,,,,,,,,,1,1,0,0,1,0,0,1,1,1,0,1,1,1,1,1,1,1,1,,
4902,102,103,50,102-103-50,02-REP,,,,,,,,,,,,,,,,,,1,1,1,0,0,0,0,1,1,1,0,1,1,1,1,1,0,1,1,,
4903,102,103,49,102-103-49,02-REP,,,,,,,,,,,,,,,,,,1,1,0,1,0,0,0,1,1,0,1,1,1,1,1,1,1,0,1,,
4904,102,103,34,102-103-34,02-REP,,,,,,,,,,,,,,,,,,1,1,0,1,0,0,0,0,0,0,1,0,0,0,0,0,0,0,0,,
4905,102,103,21,102-103-21,02-REP,,,,,,,,,,,,,,,,,,1,1,1,0,0,0,0,1,1,0,1,1,1,1,1,1,1,1,1,,
4906,102,103,8,102-103-8,02-REP,,,,,,,,,,,,,,,,,,1,1,0,1,0,0,0,1,1,1,0,1,1,1,1,1,1,1,0,,
4907,102,103,6,102-103-6,02-REP,,,,,,,,,,,,,,,,,,0,0,0,0,0,0,0,0,0,0,0,0,0,0,1,0,0,1,0,,
4908,102,104,31,102-104-31,01-DEM,0,1,1,0,0,1,0,1,0,1,1,0,0,0,1,,,,,,,,,,,,,,,,,,,,,,,
4909,102,104,21,102-104-21,01-DEM,1,0,1,0,0,1,0,1,0,1,1,0,0,0,1,,,,,,,,,,,,,,,,,,,,,,,
4910,102,104,11,102-104-11,02-REP,,,,,,,,,,,,,,,,,,0,0,0,0,0,0,0,0,0,0,0,0,1,0,0,0,0,0,0,,
4911,102,104,1,102-104-1,02-REP,,,,,,,,,,,,,,,,,,0,0,0,1,0,0,0,0,0,1,0,0,0,0,1,0,0,1,1,,
4912,102,104,22,102-104-22,02-REP,,,,,,,,,,,,,,,,,,1,1,0,0,1,0,0,1,1,1,0,1,1,1,1,1,1,1,1,,
4913,102,104,12,102-104-12,01-DEM,1,0,1,0,0,1,0,1,0,1,1,0,0,0,1,,,,,,,,,,,,,,,,,,,,,,,
4914,102,104,2,102-104-2,02-REP,,,,,,,,,,,,,,,,,,1,1,1,0,0,0,0,1,1,0,1,1,1,1,1,1,1,1,1,,
4915,102,104,26,102-104-26,02-REP,,,,,,,,,,,,,,,,,,1,1,0,1,0,0,0,1,1,1,0,1,1,1,1,1,1,1,1,,
4916,102,104,13,102-104-13,02-REP,,,,,,,,,,,,,,,,,,1,1,0,0,1,0,0,1,1,1,0,1,1,1,1,1,1,1,1,,
4917,102,104,5,102-104-5,02-REP,,,,,,,,,,,,,,,,,,1,1,0,1,0,0,0,1,1,0,1,1,1,1,1,0,0,1,0,,
4918,102,104,23,102-104-23,01-DEM,0,1,0,0,0,0,1,1,0,0,0,0,1,0,0,,,,,,,,,,,,,,,,,,,,,,,
4919,102,104,14,102-104-14,01-DEM,0,1,1,0,0,0,1,1,0,1,1,0,0,0,1,,,,,,,,,,,,,,,,,,,,,,,
4920,102,104,3,102-104-3,02-REP,,,,,,,,,,,,,,,,,,1,1,0,1,0,0,0,1,1,0,1,1,1,1,1,1,1,1,1,,
4921,102,104,24,102-104-24,01-DEM,0,1,1,0,0,1,0,0,1,1,0,0,1,0,1,,,,,,,,,,,,,,,,,,,,,,,
4922,102,104,15,102-104-15,01-DEM,0,1,1,0,0,1,0,1,0,1,1,0,0,0,1,,,,,,,,,,,,,,,,,,,,,,,
4923,102,104,10,102-104-10,02-REP,,,,,,,,,,,,,,,,,,1,1,0,1,0,0,0,1,1,1,0,1,1,1,1,1,1,1,1,,
4924,102,104,27,102-104-27,02-REP,,,,,,,,,,,,,,,,,,0,0,1,0,0,0,0,0,0,0,0,0,0,0,0,0,0,0,0,,
4925,102,104,16,102-104-16,02-REP,,,,,,,,,,,,,,,,,,1,1,0,0,1,0,0,1,1,0,1,1,1,1,1,1,1,1,1,,
4926,102,104,9,102-104-9,02-REP,,,,,,,,,,,,,,,,,,1,1,0,0,1,0,0,0,1,0,1,1,1,1,1,1,1,1,1,,
4927,102,104,25,102-104-25,01-DEM,0,1,0,0,0,0,1,0,1,0,0,0,0,0,0,,,,,,,,,,,,,,,,,,,,,,,
4928,102,104,17,102-104-17,01-DEM,1,0,1,0,0,1,0,1,0,1,0,1,0,0,1,,,,,,,,,,,,,,,,,,,,,,,
4929,102,104,7,102-104-7,01-DEM,0,1,1,0,0,0,1,0,1,1,0,0,1,0,1,,,,,,,,,,,,,,,,,,,,,,,
4930,102,104,28,102-104-28,02-REP,,,,,,,,,,,,,,,,,,0,0,0,0,1,0,0,0,0,0,0,0,0,0,0,0,0,0,1,,
4931,102,104,18,102-104-18,02-REP,,,,,,,,,,,,,,,,,,1,1,0,1,0,0,0,1,1,1,0,1,1,1,1,1,1,1,1,,
4932,102,104,4,102-104-4,02-REP,,,,,,,,,,,,,,,,,,1,1,0,0,1,0,0,0,0,1,0,1,1,1,1,1,1,1,1,,
4933,102,104,29,102-104-29,01-DEM,1,0,1,0,0,0,1,1,0,1,1,0,0,0,1,,,,,,,,,,,,,,,,,,,,,,,
4934,102,104,19,102-104-19,01-DEM,1,0,1,0,0,0,1,1,0,1,0,0,1,0,1,,,,,,,,,,,,,,,,,,,,,,,
4935,102,104,6,102-104-6,02-REP,,,,,,,,,,,,,,,,,,0,0,0,0,1,0,0,0,0,0,0,0,1,0,0,0,0,0,0,,
4936,102,104,30,102-104-30,02-REP,,,,,,,,,,,,,,,,,,1,1,0,0,1,0,0,1,1,1,0,1,1,1,1,1,1,1,1,,
4937,102,104,20,102-104-20,02-REP,,,,,,,,,,,,,,,,,,1,1,0,1,0,0,0,1,1,1,0,1,1,1,1,0,0,0,0,,
4938,102,104,8,102-104-8,01-DEM,0,1,1,0,0,0,1,1,0,1,1,0,0,0,1,,,,,,,,,,,,,,,,,,,,,,,
4939,102,105,31,102-105-31,02-REP,,,,,,,,,,,,,,,,,,1,1,0,0,1,0,0,1,1,0,1,1,1,1,1,1,1,1,1,,
4940,102,105,30,102-105-30,02-REP,,,,,,,,,,,,,,,,,,1,1,1,0,0,0,0,1,1,1,0,1,1,1,1,1,1,1,1,,
4941,102,105,20,102-105-20,02-REP,,,,,,,,,,,,,,,,,,1,0,0,1,0,0,0,1,1,1,0,1,1,1,1,1,1,1,1,,
4942,102,105,11,102-105-11,01-DEM,0,1,1,0,0,1,0,1,0,1,1,0,0,0,1,,,,,,,,,,,,,,,,,,,,,,,
4943,102,105,1,102-105-1,01-DEM,1,0,1,0,0,1,0,1,0,1,0,0,1,0,1,,,,,,,,,,,,,,,,,,,,,,,
4944,102,105,35,102-105-35,02-REP,,,,,,,,,,,,,,,,,,1,1,0,0,1,0,0,1,1,1,0,1,1,1,1,1,1,1,1,,
4945,102,105,34,102-105-34,02-REP,,,,,,,,,,,,,,,,,,1,1,1,0,0,0,0,1,1,1,0,1,1,1,1,1,1,1,1,,
4946,102,105,22,102-105-22,02-REP,,,,,,,,,,,,,,,,,,0,1,0,1,0,0,0,0,0,0,1,0,0,0,0,0,0,0,0,,
4947,102,105,12,102-105-12,01-DEM,0,1,1,0,0,0,1,1,0,0,0,0,0,1,1,,,,,,,,,,,,,,,,,,,,,,,
4948,102,105,2,102-105-2,01-DEM,0,1,1,0,0,0,1,0,0,0,0,0,0,0,0,,,,,,,,,,,,,,,,,,,,,,,
4949,102,105,33,102-105-33,02-REP,,,,,,,,,,,,,,,,,,1,1,0,1,0,0,0,1,1,0,1,1,1,1,1,1,1,1,1,,
4950,102,105,32,102-105-32,02-REP,,,,,,,,,,,,,,,,,,1,1,1,0,0,0,0,1,1,0,0,1,1,1,1,1,1,1,1,,
4951,102,105,21,102-105-21,02-REP,,,,,,,,,,,,,,,,,,1,1,1,0,0,0,0,1,1,0,1,1,1,1,1,1,1,1,1,,
4952,102,105,13,102-105-13,02-REP,,,,,,,,,,,,,,,,,,1,1,1,0,0,0,0,1,1,0,0,1,1,1,1,0,0,0,0,,
4953,102,105,5,102-105-5,01-DEM,1,0,1,0,0,0,1,1,0,1,0,1,0,0,1,,,,,,,,,,,,,,,,,,,,,,,
4954,102,105,41,102-105-41,02-REP,,,,,,,,,,,,,,,,,,1,0,1,0,0,0,0,0,0,0,1,0,0,0,0,1,1,1,1,,
4955,102,105,40,102-105-40,02-REP,,,,,,,,,,,,,,,,,,1,1,0,1,0,0,0,1,1,1,0,1,1,1,1,1,1,1,1,,
4956,102,105,23,102-105-23,02-REP,,,,,,,,,,,,,,,,,,0,1,0,0,1,0,0,0,0,1,0,1,1,1,1,1,1,1,1,,
4957,102,105,14,102-105-14,01-DEM,1,0,1,0,0,0,1,1,0,1,1,0,0,0,1,,,,,,,,,,,,,,,,,,,,,,,
4958,102,105,8,102-105-8,01-DEM,1,0,0,0,0,1,0,1,0,0,1,0,0,0,0,,,,,,,,,,,,,,,,,,,,,,,
4959,102,105,39,102-105-39,02-REP,,,,,,,,,,,,,,,,,,0,0,0,1,0,0,0,0,0,0,0,0,0,0,0,0,0,1,1,,
4960,102,105,38,102-105-38,02-REP,,,,,,,,,,,,,,,,,,1,1,0,0,1,0,0,1,1,0,1,1,1,1,1,1,1,1,1,,
4961,102,105,25,102-105-25,02-REP,,,,,,,,,,,,,,,,,,1,1,1,0,0,0,0,1,1,0,1,1,1,1,1,1,1,1,1,,
4962,102,105,15,102-105-15,01-DEM,0,1,1,0,0,0,1,1,0,1,0,0,1,0,1,,,,,,,,,,,,,,,,,,,,,,,
4963,102,105,10,102-105-10,02-REP,,,,,,,,,,,,,,,,,,1,1,0,1,0,0,0,1,1,0,1,1,1,1,1,1,1,1,1,,
4964,102,105,37,102-105-37,02-REP,,,,,,,,,,,,,,,,,,0,0,0,1,0,0,0,0,0,1,0,0,0,0,0,0,1,1,1,,
4965,102,105,36,102-105-36,02-REP,,,,,,,,,,,,,,,,,,1,1,0,0,1,0,0,1,1,1,0,1,1,1,1,1,1,1,1,,
4966,102,105,24,102-105-24,02-REP,,,,,,,,,,,,,,,,,,1,1,1,0,0,0,0,1,1,0,1,1,1,1,1,1,1,1,1,,
4967,102,105,16,102-105-16,01-DEM,1,0,1,0,0,1,0,1,0,1,0,0,0,1,1,,,,,,,,,,,,,,,,,,,,,,,
4968,102,105,9,102-105-9,02-REP,,,,,,,,,,,,,,,,,,1,1,1,0,0,0,0,1,1,0,0,1,1,1,1,0,0,0,0,,
4969,102,105,44,102-105-44,02-REP,,,,,,,,,,,,,,,,,,1,1,0,0,1,0,0,1,1,0,1,1,1,1,1,1,1,1,1,,
4970,102,105,43,102-105-43,02-REP,,,,,,,,,,,,,,,,,,1,1,0,1,0,0,0,1,1,0,1,1,1,1,1,1,1,1,1,,
4971,102,105,27,102-105-27,02-REP,,,,,,,,,,,,,,,,,,1,0,0,1,0,0,0,1,1,1,0,1,1,1,1,1,1,1,1,,
4972,102,105,17,102-105-17,01-DEM,1,0,1,0,0,0,0,0,0,0,0,0,0,0,0,,,,,,,,,,,,,,,,,,,,,,,
4973,102,105,7,102-105-7,01-DEM,0,1,1,0,0,1,0,0,1,1,0,1,0,0,1,,,,,,,,,,,,,,,,,,,,,,,
4974,102,105,46,102-105-46,02-REP,,,,,,,,,,,,,,,,,,0,1,0,0,1,0,0,0,1,1,0,1,1,1,1,1,1,1,1,,
4975,102,105,45,102-105-45,02-REP,,,,,,,,,,,,,,,,,,1,1,1,0,0,0,0,1,1,1,0,1,1,1,1,1,1,1,1,,
4976,102,105,28,102-105-28,02-REP,,,,,,,,,,,,,,,,,,1,0,1,0,0,0,0,1,1,0,1,1,1,1,1,1,1,1,1,,
4977,102,105,18,102-105-18,02-REP,,,,,,,,,,,,,,,,,,0,1,0,1,0,0,0,1,1,1,0,1,1,1,1,1,1,1,1,,
4978,102,105,6,102-105-6,01-DEM,0,1,0,0,0,0,0,0,1,1,0,1,0,0,0,,,,,,,,,,,,,,,,,,,,,,,
4979,102,105,48,102-105-48,02-REP,,,,,,,,,,,,,,,,,,1,1,0,0,1,0,0,1,1,0,1,1,1,1,1,1,1,1,1,,
4980,102,105,47,102-105-47,02-REP,,,,,,,,,,,,,,,,,,1,1,0,0,1,0,0,1,1,1,0,1,1,1,1,1,1,1,1,,
4981,102,105,29,102-105-29,02-REP,,,,,,,,,,,,,,,,,,1,1,0,0,1,0,0,1,1,1,0,1,1,1,1,1,1,1,1,,
4982,102,105,19,102-105-19,02-REP,,,,,,,,,,,,,,,,,,1,1,1,0,0,0,0,1,1,1,0,1,1,1,1,1,1,1,1,,
4983,102,105,4,102-105-4,01-DEM,0,1,1,0,0,0,1,1,0,1,1,0,0,0,1,,,,,,,,,,,,,,,,,,,,,,,
4984,102,105,50,102-105-50,02-REP,,,,,,,,,,,,,,,,,,1,1,0,0,1,0,0,1,1,1,0,1,1,1,1,1,1,1,1,,
4985,102,105,49,102-105-49,02-REP,,,,,,,,,,,,,,,,,,1,1,0,1,0,0,0,1,1,0,1,1,1,1,1,1,1,1,1,,
4986,102,105,42,102-105-42,02-REP,,,,,,,,,,,,,,,,,,0,0,0,1,0,0,0,0,0,0,0,0,0,1,1,1,1,1,1,,
4987,102,105,26,102-105-26,02-REP,,,,,,,,,,,,,,,,,,1,1,0,0,1,0,0,1,1,1,0,1,1,1,1,1,1,1,1,,
4988,102,105,3,102-105-3,01-DEM,1,0,1,0,0,1,0,1,0,1,0,1,0,0,1,,,,,,,,,,,,,,,,,,,,,,,
4989,102,106,56,102-106-56,02-REP,,,,,,,,,,,,,,,,,,1,1,1,0,0,0,0,1,1,0,1,1,1,1,1,1,1,1,1,,
4990,102,106,55,102-106-55,02-REP,,,,,,,,,,,,,,,,,,1,1,0,1,0,0,0,1,1,0,1,1,1,1,1,1,1,1,1,,
4991,102,106,42,102-106-42,01-DEM,1,0,1,0,0,0,1,1,0,1,1,0,0,0,1,,,,,,,,,,,,,,,,,,,,,,,
4992,102,106,41,102-106-41,01-DEM,1,0,1,0,0,1,0,1,0,1,0,0,0,1,1,,,,,,,,,,,,,,,,,,,,,,,
4993,102,106,25,102-106-25,02-REP,,,,,,,,,,,,,,,,,,1,1,0,1,0,0,0,1,1,1,0,1,1,1,1,0,0,0,0,,
4994,102,106,24,102-106-24,02-REP,,,,,,,,,,,,,,,,,,1,1,1,0,0,0,0,1,1,0,1,1,1,1,1,1,1,1,1,,
4995,102,106,21,102-106-21,01-DEM,1,0,1,0,0,0,1,1,0,1,1,0,0,0,1,,,,,,,,,,,,,,,,,,,,,,,
4996,102,106,11,102-106-11,01-DEM,1,0,1,0,0,1,0,1,0,1,0,1,0,0,1,,,,,,,,,,,,,,,,,,,,,,,
4997,102,106,9,102-106-9,01-DEM,1,0,0,0,0,1,0,1,0,0,0,1,0,0,0,,,,,,,,,,,,,,,,,,,,,,,
4998,102,106,58,102-106-58,01-DEM,1,0,1,0,0,1,0,1,0,1,0,0,0,1,1,,,,,,,,,,,,,,,,,,,,,,,
4999,102,106,57,102-106-57,02-REP,,,,,,,,,,,,,,,,,,0,0,0,0,0,0,0,0,0,0,0,0,0,0,1,1,0,1,1,,
5000,102,106,40,102-106-40,01-DEM,1,0,1,0,0,0,1,0,1,1,0,1,0,0,1,,,,,,,,,,,,,,,,,,,,,,,
5001,102,106,39,102-106-39,01-DEM,1,0,1,0,0,1,0,1,0,1,0,1,0,0,1,,,,,,,,,,,,,,,,,,,,,,,
5002,102,106,27,102-106-27,02-REP,,,,,,,,,,,,,,,,,,1,1,0,1,0,0,0,1,1,0,1,1,0,1,1,1,1,1,1,,
5003,102,106,26,102-106-26,01-DEM,1,0,1,0,0,1,0,1,0,1,1,0,0,0,1,,,,,,,,,,,,,,,,,,,,,,,
5004,102,106,22,102-106-22,01-DEM,1,0,1,0,0,1,0,1,0,1,0,0,0,1,1,,,,,,,,,,,,,,,,,,,,,,,
5005,102,106,12,102-106-12,01-DEM,0,1,1,0,0,1,0,0,1,1,0,1,0,0,1,,,,,,,,,,,,,,,,,,,,,,,
5006,102,106,10,102-106-10,02-REP,,,,,,,,,,,,,,,,,,1,1,0,1,0,0,0,1,1,1,0,1,1,1,1,1,1,1,1,,
5007,102,106,62,102-106-62,02-REP,,,,,,,,,,,,,,,,,,1,1,0,1,0,0,0,1,1,0,1,1,1,1,1,1,1,1,1,,
5008,102,106,61,102-106-61,02-REP,,,,,,,,,,,,,,,,,,1,1,0,1,0,0,0,1,1,0,1,1,1,1,1,1,1,1,1,,
5009,102,106,36,102-106-36,02-REP,,,,,,,,,,,,,,,,,,1,1,0,1,0,0,0,1,1,1,0,1,1,1,1,1,1,1,1,,
5010,102,106,35,102-106-35,02-REP,,,,,,,,,,,,,,,,,,1,1,0,0,1,0,0,1,1,0,0,1,1,0,1,1,1,1,1,,
5011,102,106,23,102-106-23,01-DEM,1,0,1,0,0,0,1,1,0,1,1,0,0,0,1,,,,,,,,,,,,,,,,,,,,,,,
5012,102,106,13,102-106-13,01-DEM,0,1,1,0,0,1,0,0,1,1,0,1,0,0,1,,,,,,,,,,,,,,,,,,,,,,,
5013,102,106,2,102-106-2,01-DEM,1,0,1,0,0,1,0,1,0,0,0,1,0,0,0,,,,,,,,,,,,,,,,,,,,,,,
5014,102,106,48,102-106-48,01-DEM,1,0,0,0,0,1,0,0,0,0,1,0,0,0,0,,,,,,,,,,,,,,,,,,,,,,,
5015,102,106,29,102-106-29,02-REP,,,,,,,,,,,,,,,,,,1,1,0,1,0,0,0,1,1,1,0,1,1,1,1,1,1,1,1,,
5016,102,106,14,102-106-14,01-DEM,0,1,1,0,0,1,0,1,0,1,1,0,0,0,1,,,,,,,,,,,,,,,,,,,,,,,
5017,102,106,1,102-106-1,02-REP,,,,,,,,,,,,,,,,,,1,1,0,0,1,0,0,1,1,1,0,1,1,1,1,1,1,1,1,,
5018,102,106,60,102-106-60,02-REP,,,,,,,,,,,,,,,,,,1,1,0,1,0,0,0,1,1,1,0,1,1,1,1,1,1,1,1,,
5019,102,106,59,102-106-59,01-DEM,0,1,1,0,0,1,0,1,0,1,0,0,1,0,1,,,,,,,,,,,,,,,,,,,,,,,
5020,102,106,38,102-106-38,01-DEM,0,1,0,0,0,0,1,0,0,0,1,0,0,0,0,,,,,,,,,,,,,,,,,,,,,,,
5021,102,106,37,102-106-37,01-DEM,1,0,0,0,0,1,0,1,0,0,0,1,0,0,0,,,,,,,,,,,,,,,,,,,,,,,
5022,102,106,28,102-106-28,02-REP,,,,,,,,,,,,,,,,,,1,1,0,0,1,0,0,1,1,1,0,1,1,1,1,1,1,1,1,,
5023,102,106,15,102-106-15,01-DEM,0,1,1,0,0,1,0,1,0,1,1,0,0,0,1,,,,,,,,,,,,,,,,,,,,,,,
5024,102,106,7,102-106-7,01-DEM,0,1,1,0,0,0,1,0,1,1,0,0,1,0,1,,,,,,,,,,,,,,,,,,,,,,,
5025,102,106,64,102-106-64,01-DEM,1,0,1,0,0,1,0,1,0,1,0,1,0,0,1,,,,,,,,,,,,,,,,,,,,,,,
5026,102,106,63,102-106-63,01-DEM,1,0,1,0,0,0,1,1,0,1,1,0,0,0,1,,,,,,,,,,,,,,,,,,,,,,,
5027,102,106,46,102-106-46,02-REP,,,,,,,,,,,,,,,,,,1,1,0,0,1,0,0,1,1,1,0,1,1,1,1,1,1,1,1,,
5028,102,106,45,102-106-45,01-DEM,1,0,1,0,0,1,0,1,0,1,0,0,0,1,1,,,,,,,,,,,,,,,,,,,,,,,
5029,102,106,31,102-106-31,01-DEM,1,0,0,0,0,1,0,1,0,0,1,0,0,0,0,,,,,,,,,,,,,,,,,,,,,,,
5030,102,106,16,102-106-16,02-REP,,,,,,,,,,,,,,,,,,0,0,1,0,0,0,0,1,0,0,0,0,1,0,0,0,0,0,0,,
5031,102,106,4,102-106-4,01-DEM,1,0,1,0,0,1,0,1,0,1,0,0,0,1,1,,,,,,,,,,,,,,,,,,,,,,,
5032,102,106,54,102-106-54,02-REP,,,,,,,,,,,,,,,,,,1,1,0,0,1,0,0,1,1,1,0,1,1,0,1,1,1,1,1,,
5033,102,106,53,102-106-53,01-DEM,0,1,1,0,0,1,0,0,1,1,1,0,0,0,1,,,,,,,,,,,,,,,,,,,,,,,
5034,102,106,32,102-106-32,02-REP,,,,,,,,,,,,,,,,,,1,1,1,0,0,0,0,1,1,1,0,1,1,1,1,1,1,1,1,,
5035,102,106,17,102-106-17,02-REP,,,,,,,,,,,,,,,,,,1,1,0,1,0,0,0,1,1,1,0,1,1,1,1,1,1,1,1,,
5036,102,106,5,102-106-5,01-DEM,1,0,1,0,0,1,0,1,0,1,0,1,0,0,1,,,,,,,,,,,,,,,,,,,,,,,
5037,102,106,65,102-106-65,01-DEM,1,0,1,0,0,1,0,1,0,1,0,1,0,0,1,,,,,,,,,,,,,,,,,,,,,,,
5038,102,106,44,102-106-44,02-REP,,,,,,,,,,,,,,,,,,1,1,0,1,0,0,0,1,1,1,0,1,1,1,1,1,1,1,1,,
5039,102,106,43,102-106-43,01-DEM,1,0,1,0,0,1,0,1,0,1,0,0,0,1,1,,,,,,,,,,,,,,,,,,,,,,,
5040,102,106,30,102-106-30,01-DEM,1,0,1,0,0,0,1,1,0,1,1,0,0,0,1,,,,,,,,,,,,,,,,,,,,,,,
5041,102,106,18,102-106-18,01-DEM,1,0,0,0,0,0,0,1,0,0,0,1,0,0,0,,,,,,,,,,,,,,,,,,,,,,,
5042,102,106,3,102-106-3,01-DEM,1,0,1,0,0,1,0,0,1,1,0,1,0,0,1,,,,,,,,,,,,,,,,,,,,,,,
5043,102,106,51,102-106-51,01-DEM,0,1,1,0,0,0,1,1,0,0,0,0,0,1,1,,,,,,,,,,,,,,,,,,,,,,,
5044,102,106,34,102-106-34,02-REP,,,,,,,,,,,,,,,,,,0,1,0,1,0,0,0,0,0,1,0,1,1,1,1,1,1,1,1,,
5045,102,106,19,102-106-19,01-DEM,1,0,0,0,0,1,0,1,0,1,0,0,0,1,1,,,,,,,,,,,,,,,,,,,,,,,
5046,102,106,8,102-106-8,02-REP,,,,,,,,,,,,,,,,,,1,1,1,0,0,0,0,1,1,1,0,1,1,1,1,1,1,1,1,,
5047,102,106,50,102-106-50,01-DEM,0,1,1,0,0,0,1,1,0,1,0,0,0,1,1,,,,,,,,,,,,,,,,,,,,,,,
5048,102,106,49,102-106-49,01-DEM,1,0,1,0,0,1,0,1,0,1,0,1,0,0,1,,,,,,,,,,,,,,,,,,,,,,,
5049,102,106,33,102-106-33,02-REP,,,,,,,,,,,,,,,,,,0,1,0,0,1,0,0,0,0,1,0,1,1,0,1,0,1,1,0,,
5050,102,106,20,102-106-20,01-DEM,1,0,1,0,0,1,0,1,0,1,1,0,0,0,1,,,,,,,,,,,,,,,,,,,,,,,
5051,102,106,6,102-106-6,02-REP,,,,,,,,,,,,,,,,,,1,1,0,0,1,0,0,1,1,0,1,1,1,1,1,1,1,1,1,,
5052,102,106,47,102-106-47,01-DEM,1,0,0,0,0,1,0,1,0,0,1,0,0,0,0,,,,,,,,,,,,,,,,,,,,,,,
5053,102,106,52,102-106-52,01-DEM,1,0,1,0,0,0,1,1,0,1,0,0,0,1,1,,,,,,,,,,,,,,,,,,,,,,,
5054,102,107,34,102-107-34,02-REP,,,,,,,,,,,,,,,,,,1,1,0,1,0,0,0,1,1,0,0,1,1,1,1,1,1,1,1,,
5055,102,107,33,102-107-33,02-REP,,,,,,,,,,,,,,,,,,1,1,1,0,0,0,0,1,1,0,1,1,1,1,1,1,1,1,1,,
5056,102,107,22,102-107-22,01-DEM,0,1,1,0,0,0,1,0,1,1,1,0,0,0,1,,,,,,,,,,,,,,,,,,,,,,,
5057,102,107,11,102-107-11,02-REP,,,,,,,,,,,,,,,,,,0,0,0,1,0,0,0,0,0,1,0,0,0,0,0,0,0,0,0,,
5058,102,107,6,102-107-6,02-REP,,,,,,,,,,,,,,,,,,0,1,0,0,1,0,0,1,1,1,0,1,1,1,1,1,1,1,1,,
5059,102,107,32,102-107-32,02-REP,,,,,,,,,,,,,,,,,,1,1,0,1,0,0,0,1,1,0,1,1,1,1,1,1,1,1,1,,
5060,102,107,31,102-107-31,02-REP,,,,,,,,,,,,,,,,,,1,1,0,1,0,0,0,1,1,0,1,1,1,1,1,1,1,1,1,,
5061,102,107,21,102-107-21,01-DEM,1,0,0,0,0,0,1,1,0,0,0,1,0,0,0,,,,,,,,,,,,,,,,,,,,,,,
5062,102,107,12,102-107-12,02-REP,,,,,,,,,,,,,,,,,,0,1,1,0,0,0,0,1,1,1,0,1,1,1,1,1,1,1,1,,
5063,102,107,10,102-107-10,02-REP,,,,,,,,,,,,,,,,,,1,1,0,1,0,0,0,1,1,0,1,1,1,1,1,1,1,1,1,,
5064,102,107,36,102-107-36,02-REP,,,,,,,,,,,,,,,,,,1,1,0,1,0,0,0,1,1,0,0,1,1,1,1,0,0,0,0,,
5065,102,107,35,102-107-35,02-REP,,,,,,,,,,,,,,,,,,1,1,0,1,0,0,0,1,1,0,0,1,1,1,1,0,0,0,0,,
5066,102,107,23,102-107-23,01-DEM,0,1,1,0,0,1,0,0,1,0,1,0,0,0,1,,,,,,,,,,,,,,,,,,,,,,,
5067,102,107,1,102-107-1,02-REP,,,,,,,,,,,,,,,,,,0,1,0,0,1,0,0,1,1,1,0,1,1,1,1,1,1,1,1,,
5068,102,107,38,102-107-38,02-REP,,,,,,,,,,,,,,,,,,1,1,0,1,0,0,0,1,1,0,1,1,1,1,1,1,1,1,1,,
5069,102,107,37,102-107-37,02-REP,,,,,,,,,,,,,,,,,,1,1,0,1,0,0,0,1,1,1,0,1,1,1,1,1,1,1,1,,
5070,102,107,24,102-107-24,02-REP,,,,,,,,,,,,,,,,,,1,1,0,0,1,0,0,1,1,1,0,1,1,1,1,1,1,1,1,,
5071,102,107,14,102-107-14,02-REP,,,,,,,,,,,,,,,,,,0,1,1,0,0,0,0,1,1,1,0,1,1,1,1,1,1,1,1,,
5072,102,107,2,102-107-2,02-REP,,,,,,,,,,,,,,,,,,1,1,0,0,1,0,0,1,1,0,1,1,1,1,1,1,1,1,1,,
5073,102,107,44,102-107-44,02-REP,,,,,,,,,,,,,,,,,,1,1,1,0,0,0,0,1,1,1,0,1,1,1,1,1,1,1,1,,
5074,102,107,43,102-107-43,02-REP,,,,,,,,,,,,,,,,,,1,1,0,1,0,0,0,1,1,0,1,1,1,1,1,1,1,1,1,,
5075,102,107,28,102-107-28,02-REP,,,,,,,,,,,,,,,,,,1,1,0,1,0,0,0,1,1,1,0,1,1,0,1,1,1,1,1,,
5076,102,107,15,102-107-15,02-REP,,,,,,,,,,,,,,,,,,1,1,0,1,0,0,0,1,1,0,1,1,1,1,1,1,1,1,1,,
5077,102,107,3,102-107-3,02-REP,,,,,,,,,,,,,,,,,,1,1,0,0,1,0,0,1,1,1,0,1,1,1,1,1,1,1,1,,
5078,102,107,50,102-107-50,02-REP,,,,,,,,,,,,,,,,,,1,1,0,1,0,0,0,1,1,1,0,1,1,0,1,1,1,1,1,,
5079,102,107,49,102-107-49,02-REP,,,,,,,,,,,,,,,,,,1,1,1,0,0,0,0,1,1,1,0,1,1,1,1,1,1,1,1,,
5080,102,107,25,102-107-25,02-REP,,,,,,,,,,,,,,,,,,0,0,0,1,0,0,0,0,0,0,0,0,0,0,0,0,0,0,0,,
5081,102,107,16,102-107-16,02-REP,,,,,,,,,,,,,,,,,,1,1,0,0,1,0,0,1,1,1,0,1,1,0,1,1,1,1,1,,
5082,102,107,9,102-107-9,02-REP,,,,,,,,,,,,,,,,,,1,1,0,0,1,0,0,1,1,1,0,1,1,1,1,1,1,1,1,,
5083,102,107,40,102-107-40,02-REP,,,,,,,,,,,,,,,,,,1,1,0,0,1,0,0,1,1,0,0,1,1,1,1,0,1,1,1,,
5084,102,107,39,102-107-39,02-REP,,,,,,,,,,,,,,,,,,1,1,0,1,0,0,0,1,1,0,1,1,1,1,1,1,1,1,1,,
5085,102,107,26,102-107-26,02-REP,,,,,,,,,,,,,,,,,,1,1,0,1,0,0,0,1,1,0,1,1,1,1,1,1,1,1,1,,
5086,102,107,17,102-107-17,02-REP,,,,,,,,,,,,,,,,,,1,1,1,0,0,0,0,1,1,0,1,1,1,1,1,1,1,1,1,,
5087,102,107,8,102-107-8,02-REP,,,,,,,,,,,,,,,,,,1,0,0,1,0,0,0,0,0,1,0,1,0,0,0,0,0,0,0,,
5088,102,107,46,102-107-46,02-REP,,,,,,,,,,,,,,,,,,1,1,0,1,0,0,0,1,1,0,0,1,1,1,1,1,1,1,1,,
5089,102,107,45,102-107-45,02-REP,,,,,,,,,,,,,,,,,,1,1,0,0,1,0,0,1,1,0,0,1,1,1,1,0,1,1,1,,
5090,102,107,29,102-107-29,02-REP,,,,,,,,,,,,,,,,,,1,1,0,0,1,0,0,1,1,0,1,1,1,1,1,1,1,1,1,,
5091,102,107,18,102-107-18,01-DEM,1,0,0,0,0,0,1,1,0,0,0,1,0,0,0,,,,,,,,,,,,,,,,,,,,,,,
5092,102,107,4,102-107-4,02-REP,,,,,,,,,,,,,,,,,,1,1,0,0,1,0,0,1,1,0,1,1,1,1,1,1,1,1,1,,
5093,102,107,48,102-107-48,02-REP,,,,,,,,,,,,,,,,,,0,0,0,0,1,0,0,0,0,1,0,0,0,0,0,0,0,0,0,,
5094,102,107,47,102-107-47,02-REP,,,,,,,,,,,,,,,,,,1,1,0,1,0,0,0,1,1,0,0,1,1,1,1,1,1,1,1,,
5095,102,107,30,102-107-30,02-REP,,,,,,,,,,,,,,,,,,1,1,0,0,1,0,0,1,1,0,1,1,1,1,1,1,1,1,1,,
5096,102,107,19,102-107-19,01-DEM,0,1,0,0,0,0,1,1,0,0,0,1,0,0,0,,,,,,,,,,,,,,,,,,,,,,,
5097,102,107,5,102-107-5,02-REP,,,,,,,,,,,,,,,,,,1,1,1,0,0,0,0,0,0,0,0,1,1,1,1,1,1,1,1,,
5098,102,107,42,102-107-42,02-REP,,,,,,,,,,,,,,,,,,1,1,0,1,0,0,0,1,1,0,1,1,1,1,1,1,1,1,1,,
5099,102,107,41,102-107-41,02-REP,,,,,,,,,,,,,,,,,,0,0,0,1,0,0,0,0,0,1,0,1,1,0,0,0,0,0,0,,
5100,102,107,27,102-107-27,02-REP,,,,,,,,,,,,,,,,,,1,1,0,1,0,0,0,1,1,1,0,1,1,1,1,1,1,1,1,,
5101,102,107,20,102-107-20,01-DEM,1,0,1,0,0,1,0,1,0,1,0,0,1,0,1,,,,,,,,,,,,,,,,,,,,,,,
5102,102,107,7,102-107-7,02-REP,,,,,,,,,,,,,,,,,,0,1,0,1,0,0,0,1,1,1,0,1,1,1,1,1,1,1,1,,
5103,102,107,13,102-107-13,02-REP,,,,,,,,,,,,,,,,,,1,1,0,1,0,0,0,1,1,1,0,1,1,1,1,1,1,1,1,,
5104,102,108,25,102-108-25,02-REP,,,,,,,,,,,,,,,,,,1,1,0,1,0,0,0,1,1,0,1,1,1,1,1,1,1,1,1,,
5105,102,108,24,102-108-24,02-REP,,,,,,,,,,,,,,,,,,0,1,0,1,0,0,0,1,1,1,0,1,1,1,1,1,1,1,1,,
5106,102,108,21,102-108-21,02-REP,,,,,,,,,,,,,,,,,,0,1,1,0,0,0,0,0,0,0,1,0,0,0,0,0,0,0,0,,
5107,102,108,11,102-108-11,02-REP,,,,,,,,,,,,,,,,,,1,1,0,1,0,0,0,1,1,1,0,1,1,1,1,1,1,1,1,,
5108,102,108,8,102-108-8,01-DEM,1,0,1,0,0,1,0,1,0,1,0,1,0,0,1,,,,,,,,,,,,,,,,,,,,,,,
5109,102,108,28,102-108-28,02-REP,,,,,,,,,,,,,,,,,,0,1,0,0,1,0,0,0,0,0,1,0,0,0,0,0,0,0,0,,
5110,102,108,27,102-108-27,02-REP,,,,,,,,,,,,,,,,,,1,1,0,1,0,0,0,1,1,1,0,1,1,1,1,1,1,1,1,,
5111,102,108,22,102-108-22,02-REP,,,,,,,,,,,,,,,,,,1,1,1,0,0,0,0,1,1,0,0,1,1,1,1,0,0,0,0,,
5112,102,108,12,102-108-12,02-REP,,,,,,,,,,,,,,,,,,1,1,0,1,0,0,0,1,1,1,0,1,1,1,1,1,1,1,1,,
5113,102,108,10,102-108-10,02-REP,,,,,,,,,,,,,,,,,,0,0,0,1,0,0,0,0,0,1,0,0,0,0,0,0,0,0,0,,
5114,102,108,35,102-108-35,02-REP,,,,,,,,,,,,,,,,,,1,1,0,1,0,0,0,1,1,0,1,1,1,1,1,1,1,1,1,,
5115,102,108,23,102-108-23,02-REP,,,,,,,,,,,,,,,,,,1,1,0,1,0,0,0,1,1,0,1,1,1,1,1,1,1,1,1,,
5116,102,108,1,102-108-1,01-DEM,1,0,1,0,0,1,0,0,1,1,0,0,1,0,1,,,,,,,,,,,,,,,,,,,,,,,
5117,102,108,26,102-108-26,02-REP,,,,,,,,,,,,,,,,,,0,1,0,0,1,0,0,0,0,0,1,0,0,0,0,0,0,0,0,,
5118,102,108,14,102-108-14,01-DEM,0,1,1,0,0,0,1,0,1,1,1,0,0,0,1,,,,,,,,,,,,,,,,,,,,,,,
5119,102,108,4,102-108-4,01-DEM,0,1,1,0,0,0,1,0,1,1,0,0,1,0,1,,,,,,,,,,,,,,,,,,,,,,,
5120,102,108,30,102-108-30,02-REP,,,,,,,,,,,,,,,,,,1,1,0,1,0,0,0,1,1,1,0,1,1,1,1,1,1,1,1,,
5121,102,108,15,102-108-15,02-REP,,,,,,,,,,,,,,,,,,1,1,0,1,0,0,0,1,1,0,1,1,1,1,1,1,1,1,1,,
5122,102,108,5,102-108-5,02-REP,,,,,,,,,,,,,,,,,,1,1,1,0,0,0,0,1,1,0,1,1,1,1,1,1,1,1,1,,
5123,102,108,29,102-108-29,02-REP,,,,,,,,,,,,,,,,,,1,1,0,1,0,0,0,1,1,0,1,1,1,1,1,1,1,1,1,,
5124,102,108,16,102-108-16,01-DEM,0,1,1,0,0,1,0,1,0,1,0,0,1,0,1,,,,,,,,,,,,,,,,,,,,,,,
5125,102,108,2,102-108-2,02-REP,,,,,,,,,,,,,,,,,,1,1,0,1,0,0,0,1,1,1,0,1,1,1,1,1,1,1,1,,
5126,102,108,34,102-108-34,02-REP,,,,,,,,,,,,,,,,,,1,1,0,1,0,0,0,1,1,1,0,1,1,1,1,0,1,1,1,,
5127,102,108,17,102-108-17,02-REP,,,,,,,,,,,,,,,,,,1,1,1,0,0,0,0,1,1,1,0,1,1,1,1,1,1,1,1,,
5128,102,108,6,102-108-6,02-REP,,,,,,,,,,,,,,,,,,0,1,0,0,1,0,0,1,1,1,0,1,1,1,1,1,1,1,1,,
5129,102,108,32,102-108-32,02-REP,,,,,,,,,,,,,,,,,,1,1,0,1,0,0,0,1,1,1,0,1,0,1,1,1,1,1,1,,
5130,102,108,18,102-108-18,02-REP,,,,,,,,,,,,,,,,,,1,1,1,0,0,0,0,1,1,0,0,1,1,1,1,1,1,1,1,,
5131,102,108,3,102-108-3,02-REP,,,,,,,,,,,,,,,,,,1,1,0,0,1,0,0,1,1,0,1,1,1,1,1,1,1,1,1,,
5132,102,108,31,102-108-31,02-REP,,,,,,,,,,,,,,,,,,1,1,1,0,0,0,0,1,1,0,1,1,1,1,1,0,0,0,0,,
5133,102,108,19,102-108-19,02-REP,,,,,,,,,,,,,,,,,,1,1,0,1,0,0,0,1,1,0,1,1,1,1,1,1,1,1,1,,
5134,102,108,7,102-108-7,02-REP,,,,,,,,,,,,,,,,,,1,1,0,1,0,0,0,1,1,0,1,1,1,1,1,1,1,1,1,,
5135,102,108,33,102-108-33,02-REP,,,,,,,,,,,,,,,,,,1,1,0,0,1,0,0,1,1,0,1,1,1,1,1,1,1,1,1,,
5136,102,108,20,102-108-20,02-REP,,,,,,,,,,,,,,,,,,1,1,0,0,1,0,0,1,1,1,0,1,1,1,1,1,1,1,1,,
5137,102,108,9,102-108-9,02-REP,,,,,,,,,,,,,,,,,,1,1,0,0,1,0,0,1,1,0,0,1,1,1,1,1,1,1,1,,
5138,102,108,13,102-108-13,01-DEM,1,0,0,0,1,1,0,1,0,1,0,0,0,1,1,,,,,,,,,,,,,,,,,,,,,,,
5139,102,109,63,102-109-63,02-REP,,,,,,,,,,,,,,,,,,1,1,0,0,1,0,0,1,1,0,1,1,1,1,1,1,1,1,1,,
5140,102,109,62,102-109-62,01-DEM,1,0,1,0,0,1,0,1,0,1,1,0,0,0,1,,,,,,,,,,,,,,,,,,,,,,,
5141,102,109,53,102-109-53,01-DEM,1,0,1,0,0,0,1,1,0,1,0,0,0,1,1,,,,,,,,,,,,,,,,,,,,,,,
5142,102,109,11,102-109-11,04-UNI,*,*,*,*,*,*,*,*,*,*,*,*,*,*,*,*,*,*,*,*,*,*,*,*,*,*,*,*,*,*,*,*,*,*,*,*,*,*
5143,102,109,9,102-109-9,03-LBR,*,*,*,*,*,*,*,*,*,*,*,*,*,*,*,*,*,*,*,*,*,*,*,*,*,*,*,*,*,*,*,*,*,*,*,*,*,*
5144,102,109,66,102-109-66,02-REP,,,,,,,,,,,,,,,,,,1,1,0,1,0,0,0,1,1,0,1,1,1,1,1,1,1,1,1,,
5145,102,109,65,102-109-65,02-REP,,,,,,,,,,,,,,,,,,1,1,0,0,1,0,0,1,1,0,1,1,1,1,1,1,1,1,1,,
5146,102,109,39,102-109-39,02-REP,,,,,,,,,,,,,,,,,,1,0,0,1,0,0,0,0,0,0,1,0,0,0,0,0,1,0,1,,
5147,102,109,28,102-109-28,02-REP,,,,,,,,,,,,,,,,,,1,1,0,0,1,0,0,1,1,0,1,1,1,1,1,1,1,1,1,,
5148,102,109,27,102-109-27,02-REP,,,,,,,,,,,,,,,,,,0,0,0,1,0,0,0,0,0,0,1,0,0,1,0,0,0,0,0,,
5149,102,109,20,102-109-20,01-DEM,0,1,1,0,0,0,1,0,1,1,0,1,0,0,1,,,,,,,,,,,,,,,,,,,,,,,
5150,102,109,12,102-109-12,02-REP,,,,,,,,,,,,,,,,,,1,1,0,0,1,0,0,1,1,1,0,1,1,1,1,1,1,1,1,,
5151,102,109,2,102-109-2,02-REP,,,,,,,,,,,,,,,,,,1,1,0,0,1,0,0,1,1,1,0,1,1,1,1,1,1,1,1,,
5152,102,109,55,102-109-55,01-DEM,1,0,1,0,0,1,0,1,0,1,1,0,0,0,1,,,,,,,,,,,,,,,,,,,,,,,
5153,102,109,54,102-109-54,01-DEM,1,0,1,0,0,0,1,1,0,1,0,0,1,0,1,,,,,,,,,,,,,,,,,,,,,,,
5154,102,109,38,102-109-38,02-REP,,,,,,,,,,,,,,,,,,0,1,0,1,0,0,0,0,0,0,0,0,0,0,0,0,0,0,0,,
5155,102,109,37,102-109-37,01-DEM,1,0,1,0,0,0,1,1,0,1,1,0,0,0,1,,,,,,,,,,,,,,,,,,,,,,,
5156,102,109,22,102-109-22,02-REP,,,,,,,,,,,,,,,,,,1,1,0,0,1,0,0,1,1,1,0,1,1,1,1,1,1,1,1,,
5157,102,109,21,102-109-21,02-REP,,,,,,,,,,,,,,,,,,0,0,0,0,1,0,0,0,0,0,1,0,1,0,1,0,1,1,1,,
5158,102,109,19,102-109-19,01-DEM,1,0,0,0,0,1,0,1,0,0,0,1,0,0,0,,,,,,,,,,,,,,,,,,,,,,,
5159,102,109,13,102-109-13,02-REP,,,,,,,,,,,,,,,,,,1,0,0,0,1,0,0,1,1,0,1,0,0,1,1,1,1,1,1,,
5160,102,109,3,102-109-3,01-DEM,1,0,1,0,0,1,0,0,1,1,0,0,1,0,1,,,,,,,,,,,,,,,,,,,,,,,
5161,102,109,61,102-109-61,02-REP,,,,,,,,,,,,,,,,,,1,1,0,0,1,0,0,1,1,1,0,1,1,1,1,1,1,1,1,,
5162,102,109,60,102-109-60,01-DEM,1,0,1,0,0,1,0,1,0,1,1,0,0,0,1,,,,,,,,,,,,,,,,,,,,,,,
5163,102,109,49,102-109-49,02-REP,,,,,,,,,,,,,,,,,,1,1,0,0,1,0,0,1,1,1,0,1,1,1,1,1,1,1,1,,
5164,102,109,14,102-109-14,04-UNI,*,*,*,*,*,*,*,*,*,*,*,*,*,*,*,*,*,*,*,*,*,*,*,*,*,*,*,*,*,*,*,*,*,*,*,*,*,*
5165,102,109,6,102-109-6,02-REP,,,,,,,,,,,,,,,,,,1,1,1,0,0,0,0,1,1,1,0,1,1,1,1,1,1,1,1,,
5166,102,109,68,102-109-68,01-DEM,0,1,1,0,0,0,1,0,1,1,1,0,0,0,1,,,,,,,,,,,,,,,,,,,,,,,
5167,102,109,67,102-109-67,01-DEM,0,1,1,0,0,0,1,1,0,1,1,0,0,0,1,,,,,,,,,,,,,,,,,,,,,,,
5168,102,109,45,102-109-45,02-REP,,,,,,,,,,,,,,,,,,1,1,0,0,1,0,0,1,1,1,0,1,1,1,1,1,1,1,1,,
5169,102,109,44,102-109-44,02-REP,,,,,,,,,,,,,,,,,,1,1,1,0,0,0,0,1,1,1,0,1,1,1,1,1,1,1,1,,
5170,102,109,30,102-109-30,01-DEM,0,1,0,0,0,0,1,0,0,0,0,0,0,0,0,,,,,,,,,,,,,,,,,,,,,,,
5171,102,109,29,102-109-29,02-REP,,,,,,,,,,,,,,,,,,1,1,0,1,0,0,0,1,1,1,0,1,1,1,1,1,1,1,1,,
5172,102,109,23,102-109-23,01-DEM,0,1,1,0,0,1,0,1,0,1,0,0,0,1,1,,,,,,,,,,,,,,,,,,,,,,,
5173,102,109,15,102-109-15,01-DEM,1,0,1,0,0,1,0,1,0,1,1,0,0,0,1,,,,,,,,,,,,,,,,,,,,,,,
5174,102,109,10,102-109-10,02-REP,,,,,,,,,,,,,,,,,,1,1,1,0,0,0,0,1,1,1,0,1,1,1,1,1,1,1,1,,
5175,102,109,73,102-109-73,02-REP,,,,,,,,,,,,,,,,,,0,1,0,1,0,0,0,1,1,1,0,1,1,1,1,1,1,1,1,,
5176,102,109,72,102-109-72,01-DEM,0,1,1,0,0,1,0,1,0,1,1,0,0,0,1,,,,,,,,,,,,,,,,,,,,,,,
5177,102,109,71,102-109-71,04-UNI,*,*,*,*,*,*,*,*,*,*,*,*,*,*,*,*,*,*,*,*,*,*,*,*,*,*,*,*,*,*,*,*,*,*,*,*,*,*
5178,102,109,57,102-109-57,02-REP,,,,,,,,,,,,,,,,,,1,1,0,0,1,0,0,1,1,1,0,1,1,1,1,1,1,1,1,,
5179,102,109,56,102-109-56,02-REP,,,,,,,,,,,,,,,,,,1,0,0,1,0,0,0,1,1,1,0,1,1,1,1,1,1,1,1,,
5180,102,109,42,102-109-42,02-REP,,,,,,,,,,,,,,,,,,1,0,0,0,1,0,0,1,1,1,0,1,1,1,1,1,1,1,1,,
5181,102,109,41,102-109-41,01-DEM,1,0,1,0,0,1,0,0,1,1,0,0,0,1,1,,,,,,,,,,,,,,,,,,,,,,,
5182,102,109,32,102-109-32,02-REP,,,,,,,,,,,,,,,,,,1,1,1,0,0,0,0,1,1,1,0,1,1,1,1,1,1,1,1,,
5183,102,109,31,102-109-31,01-DEM,1,0,1,0,0,1,0,1,0,1,0,0,0,1,1,,,,,,,,,,,,,,,,,,,,,,,
5184,102,109,24,102-109-24,01-DEM,1,0,0,0,0,0,0,1,0,0,0,1,0,0,0,,,,,,,,,,,,,,,,,,,,,,,
5185,102,109,16,102-109-16,01-DEM,1,0,1,0,0,1,0,1,0,1,0,1,0,0,1,,,,,,,,,,,,,,,,,,,,,,,
5186,102,109,7,102-109-7,02-REP,,,,,,,,,,,,,,,,,,1,1,0,0,1,0,0,1,1,1,0,1,1,1,1,1,1,1,1,,
5187,102,109,51,102-109-51,02-REP,,,,,,,,,,,,,,,,,,1,1,0,1,0,0,0,1,1,1,0,1,1,1,1,1,1,1,1,,
5188,102,109,50,102-109-50,01-DEM,1,0,1,0,0,0,1,0,1,1,0,1,0,0,1,,,,,,,,,,,,,,,,,,,,,,,
5189,102,109,36,102-109-36,01-DEM,1,0,1,0,0,0,1,1,0,1,0,1,0,0,1,,,,,,,,,,,,,,,,,,,,,,,
5190,102,109,35,102-109-35,02-REP,,,,,,,,,,,,,,,,,,1,1,0,0,1,0,0,1,1,0,0,0,1,0,0,0,0,1,1,,
5191,102,109,26,102-109-26,02-REP,,,,,,,,,,,,,,,,,,1,1,0,1,0,0,0,1,1,0,1,1,1,1,1,1,1,1,1,,
5192,102,109,17,102-109-17,02-REP,,,,,,,,,,,,,,,,,,1,1,0,1,0,0,0,1,1,1,0,1,1,1,1,1,1,1,1,,
5193,102,109,8,102-109-8,02-REP,,,,,,,,,,,,,,,,,,1,1,0,1,0,0,0,1,1,1,0,1,1,1,1,1,1,1,1,,
5194,102,109,48,102-109-48,02-REP,,,,,,,,,,,,,,,,,,1,1,0,1,0,0,0,1,1,0,1,1,1,1,1,1,1,1,1,,
5195,102,109,47,102-109-47,02-REP,,,,,,,,,,,,,,,,,,1,1,0,1,0,0,0,1,1,0,1,1,1,1,1,1,1,1,1,,
5196,102,109,34,102-109-34,02-REP,,,,,,,,,,,,,,,,,,0,1,0,0,1,0,0,0,1,0,1,0,1,1,0,1,0,1,1,,
5197,102,109,33,102-109-33,02-REP,,,,,,,,,,,,,,,,,,1,1,0,0,1,0,0,1,1,1,0,1,1,1,1,1,1,1,1,,
5198,102,109,25,102-109-25,01-DEM,0,1,1,0,0,0,1,0,0,1,0,1,0,0,1,,,,,,,,,,,,,,,,,,,,,,,
5199,102,109,18,102-109-18,01-DEM,0,1,1,0,0,1,0,0,1,1,1,0,0,0,1,,,,,,,,,,,,,,,,,,,,,,,
5200,102,109,4,102-109-4,02-REP,,,,,,,,,,,,,,,,,,1,0,0,0,1,0,0,0,1,1,0,1,0,1,1,1,1,0,1,,
5201,102,109,70,102-109-70,02-REP,,,,,,,,,,,,,,,,,,1,1,0,1,0,0,0,1,1,0,1,1,1,1,1,1,1,1,1,,
5202,102,109,69,102-109-69,02-REP,,,,,,,,,,,,,,,,,,1,1,0,0,1,0,0,1,1,1,0,1,1,1,1,1,1,1,1,,
5203,102,109,59,102-109-59,02-REP,,,,,,,,,,,,,,,,,,1,0,0,1,0,0,0,0,0,0,1,0,0,0,0,0,0,0,1,,
5204,102,109,58,102-109-58,02-REP,,,,,,,,,,,,,,,,,,1,1,0,1,0,0,0,1,1,0,1,1,1,1,1,1,1,1,1,,
5205,102,109,46,102-109-46,02-REP,,,,,,,,,,,,,,,,,,1,1,1,0,0,0,0,1,1,1,0,1,1,1,1,1,1,1,1,,
5206,102,109,43,102-109-43,02-REP,,,,,,,,,,,,,,,,,,1,1,0,1,0,0,0,1,1,1,0,1,1,1,1,1,1,1,1,,
5207,102,109,1,102-109-1,04-UNI,*,*,*,*,*,*,*,*,*,*,*,*,*,*,*,*,*,*,*,*,*,*,*,*,*,*,*,*,*,*,*,*,*,*,*,*,*,*
5208,102,109,64,102-109-64,02-REP,,,,,,,,,,,,,,,,,,1,1,0,0,1,0,0,1,1,0,1,1,1,1,1,1,1,1,1,,
5209,102,109,52,102-109-52,02-REP,,,,,,,,,,,,,,,,,,0,1,0,1,0,0,0,0,0,0,0,0,0,0,0,0,0,0,1,,
5210,102,109,5,102-109-5,04-UNI,*,*,*,*,*,*,*,*,*,*,*,*,*,*,*,*,*,*,*,*,*,*,*,*,*,*,*,*,*,*,*,*,*,*,*,*,*,*
5211,102,109,40,102-109-40,01-DEM,1,0,0,0,1,1,0,1,0,1,0,1,0,0,1,,,,,,,,,,,,,,,,,,,,,,,
5212,102,110,1,102-110-1,02-REP,,,,,,,,,,,,,,,,,,1,1,0,1,0,0,0,1,1,0,1,1,1,1,1,1,1,1,1,,
5213,102,110,2,102-110-2,01-DEM,1,0,1,0,0,0,1,1,0,1,1,0,0,0,1,,,,,,,,,,,,,,,,,,,,,,,
5214,102,110,3,102-110-3,01-DEM,1,0,1,0,0,1,0,1,0,1,0,0,0,1,1,,,,,,,,,,,,,,,,,,,,,,,
5215,102,110,6,102-110-6,01-DEM,0,1,1,0,0,0,1,1,0,1,0,0,1,0,1,,,,,,,,,,,,,,,,,,,,,,,
5216,102,110,9,102-110-9,02-REP,,,,,,,,,,,,,,,,,,1,0,0,0,0,0,0,1,1,1,0,0,1,1,1,0,0,1,0,,
5217,102,110,5,102-110-5,01-DEM,0,1,0,0,0,0,1,1,0,0,0,0,1,0,0,,,,,,,,,,,,,,,,,,,,,,,
5218,102,110,7,102-110-7,02-REP,,,,,,,,,,,,,,,,,,1,1,0,0,1,0,0,1,1,1,0,1,1,1,1,1,1,1,1,,
5219,102,110,8,102-110-8,02-REP,,,,,,,,,,,,,,,,,,1,1,1,0,0,0,0,1,1,1,0,1,1,1,1,1,1,1,1,,
5220,102,110,4,102-110-4,02-REP,,,,,,,,,,,,,,,,,,0,1,0,1,0,0,0,1,1,1,0,1,1,1,1,1,1,1,1,,
AGGREGATED,,,,,AGGREGATED,5,5,9,0,0,5,5,5,5,10,3,1,3,3,9,3,5,0,0,0,0,0,0,0,0,0,0,0,0,0,0,0,0,0,0,0,3,2
