county_name,scanner_id,batch_id,count_per_manifest,count_per_cvr_file,difference
Adams,101,1,98,98,0
Adams,101,10,99,99,0
Adams,101,100,105,105,0
Adams,101,101,99,99,0
Adams,101,102,92,92,0
Adams,101,103,100,100,0
Adams,101,104,100,100,0
Adams,101,105,100,100,0
Adams,101,106,10,10,0
Adams,101,107,100,100,0
Adams,101,108,100,100,0
Adams,101,109,100,100,0
Adams,101,11,84,84,0
Adams,101,110,100,100,0
Adams,101,111,100,100,0
Adams,101,112,100,100,0
Adams,101,113,96,96,0
Adams,101,114,92,92,0
Adams,101,115,100,100,0
Adams,101,116,100,100,0
Adams,101,117,101,101,0
Adams,101,118,100,100,0
Adams,101,119,44,44,0
Adams,101,12,100,100,0
Adams,101,120,110,110,0
Adams,101,121,6,6,0
Adams,101,122,100,100,0
Adams,101,123,100,100,0
Adams,101,124,100,100,0
Adams,101,125,100,100,0
Adams,101,126,99,99,0
Adams,101,127,100,100,0
Adams,101,128,92,92,0
Adams,101,129,100,100,0
Adams,101,13,11,11,0
Adams,101,130,100,100,0
Adams,101,131,99,99,0
Adams,101,132,100,100,0
Adams,101,133,99,99,0
Adams,101,134,101,101,0
Adams,101,135,99,99,0
Adams,101,136,65,65,0
Adams,101,137,89,89,0
Adams,101,138,90,90,0
Adams,101,139,99,99,0
Adams,101,14,100,100,0
Adams,101,140,82,82,0
Adams,101,141,100,100,0
Adams,101,142,94,94,0
Adams,101,143,100,100,0
Adams,101,144,100,100,0
Adams,101,145,99,99,0
Adams,101,146,101,101,0
Adams,101,147,99,99,0
Adams,101,148,84,84,0
Adams,101,149,90,90,0
Adams,101,15,99,99,0
Adams,101,150,100,100,0
Adams,101,151,100,100,0
Adams,101,152,100,100,0
Adams,101,153,95,95,0
Adams,101,154,89,89,0
Adams,101,155,100,100,0
Adams,101,156,99,99,0
Adams,101,157,95,95,0
Adams,101,158,101,101,0
Adams,101,159,100,100,0
Adams,101,16,100,100,0
Adams,101,160,81,81,0
Adams,101,161,100,100,0
Adams,101,162,99,99,0
Adams,101,163,89,89,0
Adams,101,164,100,100,0
Adams,101,165,53,53,0
Adams,101,166,100,100,0
Adams,101,167,23,23,0
Adams,101,168,100,100,0
Adams,101,169,100,100,0
Adams,101,17,88,88,0
Adams,101,170,90,90,0
Adams,101,171,99,99,0
Adams,101,172,99,99,0
Adams,101,173,100,100,0
Adams,101,174,100,100,0
Adams,101,175,100,100,0
Adams,101,176,100,100,0
Adams,101,177,100,100,0
Adams,101,178,100,100,0
Adams,101,179,101,101,0
Adams,101,18,86,86,0
Adams,101,180,101,101,0
Adams,101,181,35,35,0
Adams,101,182,86,86,0
Adams,101,183,99,99,0
Adams,101,184,100,100,0
Adams,101,185,100,100,0
Adams,101,186,100,100,0
Adams,101,187,99,99,0
Adams,101,188,100,100,0
Adams,101,189,90,90,0
Adams,101,19,100,100,0
Adams,101,190,101,101,0
Adams,101,191,100,100,0
Adams,101,192,100,100,0
Adams,101,2,92,92,0
Adams,101,20,100,100,0
Adams,101,21,100,100,0
Adams,101,22,1,1,0
Adams,101,23,77,77,0
Adams,101,24,100,100,0
Adams,101,25,99,99,0
Adams,101,26,100,100,0
Adams,101,27,29,29,0
Adams,101,28,99,99,0
Adams,101,29,100,100,0
Adams,101,3,101,101,0
Adams,101,30,100,100,0
Adams,101,31,100,100,0
Adams,101,32,100,100,0
Adams,101,33,101,101,0
Adams,101,34,100,100,0
Adams,101,35,99,99,0
Adams,101,36,100,100,0
Adams,101,37,100,100,0
Adams,101,38,100,100,0
Adams,101,39,81,81,0
Adams,101,4,98,98,0
Adams,101,40,100,100,0
Adams,101,41,100,100,0
Adams,101,42,91,91,0
Adams,101,43,100,100,0
Adams,101,44,90,90,0
Adams,101,45,100,100,0
Adams,101,46,91,91,0
Adams,101,47,100,100,0
Adams,101,48,95,95,0
Adams,101,49,100,100,0
Adams,101,5,100,100,0
Adams,101,50,94,94,0
Adams,101,51,100,100,0
Adams,101,52,99,99,0
Adams,101,53,16,16,0
Adams,101,54,100,100,0
Adams,101,55,100,100,0
Adams,101,56,97,97,0
Adams,101,57,100,100,0
Adams,101,58,98,98,0
Adams,101,59,100,100,0
Adams,101,6,100,100,0
Adams,101,60,99,99,0
Adams,101,61,100,100,0
Adams,101,62,100,100,0
Adams,101,63,100,100,0
Adams,101,64,99,99,0
Adams,101,65,100,100,0
Adams,101,66,77,77,0
Adams,101,67,79,79,0
Adams,101,68,100,100,0
Adams,101,69,100,100,0
Adams,101,7,95,95,0
Adams,101,70,100,100,0
Adams,101,71,100,100,0
Adams,101,72,100,100,0
Adams,101,73,99,99,0
Adams,101,74,100,100,0
Adams,101,75,78,78,0
Adams,101,76,100,100,0
Adams,101,77,100,100,0
Adams,101,78,96,96,0
Adams,101,79,103,103,0
Adams,101,8,100,100,0
Adams,101,80,99,99,0
Adams,101,81,100,100,0
Adams,101,82,99,99,0
Adams,101,83,101,101,0
Adams,101,84,100,100,0
Adams,101,85,100,100,0
Adams,101,86,96,96,0
Adams,101,87,101,101,0
Adams,101,88,100,100,0
Adams,101,89,30,30,0
Adams,101,9,99,99,0
Adams,101,90,25,25,0
Adams,101,91,100,100,0
Adams,101,92,87,87,0
Adams,101,93,82,82,0
Adams,101,94,100,100,0
Adams,101,95,100,100,0
Adams,101,96,100,100,0
Adams,101,97,99,99,0
Adams,101,98,100,100,0
Adams,101,99,95,95,0
Adams,102,1,100,100,0
Adams,102,10,95,95,0
Adams,102,100,100,100,0
Adams,102,101,92,92,0
Adams,102,102,100,100,0
Adams,102,103,100,100,0
Adams,102,104,100,100,0
Adams,102,105,100,100,0
Adams,102,106,97,97,0
Adams,102,107,100,100,0
Adams,102,108,62,62,0
Adams,102,109,100,100,0
Adams,102,11,100,100,0
Adams,102,110,100,100,0
Adams,102,111,100,100,0
Adams,102,112,105,105,0
Adams,102,113,100,100,0
Adams,102,114,100,100,0
Adams,102,115,98,98,0
Adams,102,116,100,100,0
Adams,102,117,99,99,0
Adams,102,118,100,100,0
Adams,102,119,100,100,0
Adams,102,12,96,96,0
Adams,102,120,88,88,0
Adams,102,121,95,95,0
Adams,102,122,100,100,0
Adams,102,123,99,99,0
Adams,102,124,79,79,0
Adams,102,125,100,100,0
Adams,102,126,99,99,0
Adams,102,127,90,90,0
Adams,102,128,100,100,0
Adams,102,129,91,91,0
Adams,102,13,100,100,0
Adams,102,130,100,100,0
Adams,102,131,100,100,0
Adams,102,132,100,100,0
Adams,102,133,101,101,0
Adams,102,134,100,100,0
Adams,102,14,100,100,0
Adams,102,15,100,100,0
Adams,102,16,100,100,0
Adams,102,17,100,100,0
Adams,102,18,100,100,0
Adams,102,19,99,99,0
Adams,102,2,100,100,0
Adams,102,20,100,100,0
Adams,102,21,98,98,0
Adams,102,22,100,100,0
Adams,102,23,100,100,0
Adams,102,24,92,92,0
Adams,102,25,98,98,0
Adams,102,26,92,92,0
Adams,102,27,94,94,0
Adams,102,28,100,100,0
Adams,102,29,18,18,0
Adams,102,3,100,100,0
Adams,102,30,96,96,0
Adams,102,31,99,99,0
Adams,102,32,99,99,0
Adams,102,33,101,101,0
Adams,102,34,91,91,0
Adams,102,35,100,100,0
Adams,102,36,91,91,0
Adams,102,37,101,101,0
Adams,102,38,99,99,0
Adams,102,39,100,100,0
Adams,102,4,100,100,0
Adams,102,40,100,100,0
Adams,102,41,31,31,0
Adams,102,42,87,87,0
Adams,102,43,22,22,0
Adams,102,44,100,100,0
Adams,102,45,91,91,0
Adams,102,46,100,100,0
Adams,102,47,125,125,0
Adams,102,48,75,75,0
Adams,102,49,100,100,0
Adams,102,5,100,100,0
Adams,102,50,100,100,0
Adams,102,51,100,100,0
Adams,102,52,99,99,0
Adams,102,53,99,99,0
Adams,102,54,99,99,0
Adams,102,55,100,100,0
Adams,102,56,99,99,0
Adams,102,57,100,100,0
Adams,102,58,1,1,0
Adams,102,59,1,1,0
Adams,102,6,100,100,0
Adams,102,60,100,100,0
Adams,102,61,99,99,0
Adams,102,62,100,100,0
Adams,102,63,100,100,0
Adams,102,64,99,99,0
Adams,102,65,100,100,0
Adams,102,66,100,100,0
Adams,102,67,99,99,0
Adams,102,68,99,99,0
Adams,102,69,100,100,0
Adams,102,7,74,74,0
Adams,102,70,100,100,0
Adams,102,71,90,90,0
Adams,102,72,99,99,0
Adams,102,73,91,91,0
Adams,102,74,100,100,0
Adams,102,75,104,104,0
Adams,102,76,100,100,0
Adams,102,77,109,109,0
Adams,102,78,90,90,0
Adams,102,79,100,100,0
Adams,102,8,100,100,0
Adams,102,80,100,100,0
Adams,102,81,100,100,0
Adams,102,82,100,100,0
Adams,102,83,100,100,0
Adams,102,84,100,100,0
Adams,102,85,100,100,0
Adams,102,86,93,93,0
Adams,102,87,100,100,0
Adams,102,88,94,94,0
Adams,102,89,100,100,0
Adams,102,9,98,98,0
Adams,102,90,93,93,0
Adams,102,91,100,100,0
Adams,102,92,100,100,0
Adams,102,93,100,100,0
Adams,102,94,100,100,0
Adams,102,95,100,100,0
Adams,102,96,100,100,0
Adams,102,97,100,100,0
Adams,102,98,88,88,0
Adams,102,99,90,90,0
Adams,103,1,98,98,0
Adams,103,10,100,100,0
Adams,103,100,100,100,0
Adams,103,101,94,94,0
Adams,103,102,100,100,0
Adams,103,103,100,100,0
Adams,103,104,100,100,0
Adams,103,105,94,94,0
Adams,103,106,100,100,0
Adams,103,107,100,100,0
Adams,103,108,100,100,0
Adams,103,109,100,100,0
Adams,103,11,100,100,0
Adams,103,110,100,100,0
Adams,103,111,100,100,0
Adams,103,112,100,100,0
Adams,103,113,61,61,0
Adams,103,114,100,100,0
Adams,103,115,100,100,0
Adams,103,116,100,100,0
Adams,103,117,89,89,0
Adams,103,118,100,100,0
Adams,103,119,100,100,0
Adams,103,12,100,100,0
Adams,103,120,96,96,0
Adams,103,121,100,100,0
Adams,103,122,100,100,0
Adams,103,123,99,99,0
Adams,103,124,99,99,0
Adams,103,125,91,91,0
Adams,103,126,100,100,0
Adams,103,127,92,92,0
Adams,103,128,100,100,0
Adams,103,129,84,84,0
Adams,103,13,100,100,0
Adams,103,130,100,100,0
Adams,103,131,7,7,0
Adams,103,132,95,95,0
Adams,103,133,90,90,0
Adams,103,134,97,97,0
Adams,103,135,97,97,0
Adams,103,136,100,100,0
Adams,103,137,93,93,0
Adams,103,138,56,56,0
Adams,103,139,99,99,0
Adams,103,14,100,100,0
Adams,103,140,89,89,0
Adams,103,141,102,102,0
Adams,103,142,79,79,0
Adams,103,143,100,100,0
Adams,103,144,19,19,0
Adams,103,145,99,99,0
Adams,103,146,100,100,0
Adams,103,147,54,54,0
Adams,103,148,70,70,0
Adams,103,149,20,20,0
Adams,103,15,100,100,0
Adams,103,150,100,100,0
Adams,103,151,48,48,0
Adams,103,152,100,100,0
Adams,103,153,92,92,0
Adams,103,154,77,77,0
Adams,103,155,100,100,0
Adams,103,16,99,99,0
Adams,103,17,101,101,0
Adams,103,18,100,100,0
Adams,103,19,100,100,0
Adams,103,2,100,100,0
Adams,103,20,100,100,0
Adams,103,21,98,98,0
Adams,103,22,100,100,0
Adams,103,23,97,97,0
Adams,103,24,95,95,0
Adams,103,25,100,100,0
Adams,103,26,96,96,0
Adams,103,27,91,91,0
Adams,103,28,100,100,0
Adams,103,29,94,94,0
Adams,103,3,87,87,0
Adams,103,30,100,100,0
Adams,103,31,100,100,0
Adams,103,32,100,100,0
Adams,103,33,101,101,0
Adams,103,34,96,96,0
Adams,103,35,100,100,0
Adams,103,36,100,100,0
Adams,103,37,101,101,0
Adams,103,38,92,92,0
Adams,103,39,100,100,0
Adams,103,4,104,104,0
Adams,103,40,100,100,0
Adams,103,41,78,78,0
Adams,103,42,64,64,0
Adams,103,43,94,94,0
Adams,103,44,89,89,0
Adams,103,45,100,100,0
Adams,103,46,100,100,0
Adams,103,47,91,91,0
Adams,103,48,100,100,0
Adams,103,49,100,100,0
Adams,103,5,81,81,0
Adams,103,50,95,95,0
Adams,103,51,99,99,0
Adams,103,52,100,100,0
Adams,103,53,100,100,0
Adams,103,54,100,100,0
Adams,103,55,100,100,0
Adams,103,56,100,100,0
Adams,103,57,100,100,0
Adams,103,58,100,100,0
Adams,103,59,98,98,0
Adams,103,6,114,114,0
Adams,103,60,101,101,0
Adams,103,61,95,95,0
Adams,103,62,100,100,0
Adams,103,63,100,100,0
Adams,103,64,100,100,0
Adams,103,65,95,95,0
Adams,103,66,99,99,0
Adams,103,67,100,100,0
Adams,103,68,100,100,0
Adams,103,69,60,60,0
Adams,103,7,100,100,0
Adams,103,70,100,100,0
Adams,103,71,100,100,0
Adams,103,72,100,100,0
Adams,103,73,101,101,0
Adams,103,74,96,96,0
Adams,103,75,100,100,0
Adams,103,76,100,100,0
Adams,103,77,100,100,0
Adams,103,78,100,100,0
Adams,103,79,100,100,0
Adams,103,8,100,100,0
Adams,103,80,54,54,0
Adams,103,81,100,100,0
Adams,103,82,88,88,0
Adams,103,83,100,100,0
Adams,103,84,93,93,0
Adams,103,85,94,94,0
Adams,103,86,100,100,0
Adams,103,87,100,100,0
Adams,103,88,100,100,0
Adams,103,89,90,90,0
Adams,103,9,98,98,0
Adams,103,90,99,99,0
Adams,103,91,86,86,0
Adams,103,92,100,100,0
Adams,103,93,83,83,0
Adams,103,94,99,99,0
Adams,103,95,100,100,0
Adams,103,96,100,100,0
Adams,103,97,98,98,0
Adams,103,98,100,100,0
Adams,103,99,99,99,0
Adams,104,1,99,99,0
Adams,104,10,83,83,0
Adams,104,100,100,100,0
Adams,104,101,96,96,0
Adams,104,102,40,40,0
Adams,104,103,100,100,0
Adams,104,104,91,91,0
Adams,104,105,100,100,0
Adams,104,106,56,56,0
Adams,104,11,94,94,0
Adams,104,12,89,89,0
Adams,104,13,100,100,0
Adams,104,14,100,100,0
Adams,104,15,100,100,0
Adams,104,16,100,100,0
Adams,104,17,100,100,0
Adams,104,18,100,100,0
Adams,104,19,95,95,0
Adams,104,2,99,99,0
Adams,104,20,100,100,0
Adams,104,21,99,99,0
Adams,104,22,101,101,0
Adams,104,23,100,100,0
Adams,104,24,100,100,0
Adams,104,25,103,103,0
Adams,104,26,95,95,0
Adams,104,27,102,102,0
Adams,104,28,100,100,0
Adams,104,29,100,100,0
Adams,104,3,100,100,0
Adams,104,30,100,100,0
Adams,104,31,99,99,0
Adams,104,32,93,93,0
Adams,104,33,100,100,0
Adams,104,34,89,89,0
Adams,104,35,101,101,0
Adams,104,36,56,56,0
Adams,104,37,100,100,0
Adams,104,38,100,100,0
Adams,104,39,104,104,0
Adams,104,4,100,100,0
Adams,104,40,95,95,0
Adams,104,41,100,100,0
Adams,104,42,101,101,0
Adams,104,43,98,98,0
Adams,104,44,94,94,0
Adams,104,45,93,93,0
Adams,104,46,100,100,0
Adams,104,47,99,99,0
Adams,104,48,100,100,0
Adams,104,49,99,99,0
Adams,104,5,100,100,0
Adams,104,50,100,100,0
Adams,104,51,100,100,0
Adams,104,52,100,100,0
Adams,104,53,100,100,0
Adams,104,54,97,97,0
Adams,104,55,100,100,0
Adams,104,56,95,95,0
Adams,104,57,104,104,0
Adams,104,58,91,91,0
Adams,104,59,97,97,0
Adams,104,6,100,100,0
Adams,104,60,100,100,0
Adams,104,61,94,94,0
Adams,104,62,100,100,0
Adams,104,63,93,93,0
Adams,104,64,90,90,0
Adams,104,65,71,71,0
Adams,104,66,100,100,0
Adams,104,67,100,100,0
Adams,104,68,100,100,0
Adams,104,69,100,100,0
Adams,104,7,99,99,0
Adams,104,70,98,98,0
Adams,104,71,101,101,0
Adams,104,72,100,100,0
Adams,104,73,99,99,0
Adams,104,74,98,98,0
Adams,104,75,93,93,0
Adams,104,76,100,100,0
Adams,104,77,100,100,0
Adams,104,78,93,93,0
Adams,104,79,95,95,0
Adams,104,8,100,100,0
Adams,104,80,100,100,0
Adams,104,81,99,99,0
Adams,104,82,100,100,0
Adams,104,83,94,94,0
Adams,104,84,100,100,0
Adams,104,85,102,102,0
Adams,104,86,100,100,0
Adams,104,87,100,100,0
Adams,104,88,90,90,0
Adams,104,89,61,61,0
Adams,104,9,97,97,0
Adams,104,90,92,92,0
Adams,104,91,100,100,0
Adams,104,92,100,100,0
Adams,104,93,100,100,0
Adams,104,94,100,100,0
Adams,104,95,99,99,0
Adams,104,96,90,90,0
Adams,104,97,89,89,0
Adams,104,98,87,87,0
Adams,104,99,101,101,0
Adams,105,1,100,100,0
Adams,105,10,100,100,0
Adams,105,100,100,100,0
Adams,105,101,100,100,0
Adams,105,102,59,59,0
Adams,105,103,96,96,0
Adams,105,104,92,92,0
Adams,105,105,99,99,0
Adams,105,106,100,100,0
Adams,105,107,101,101,0
Adams,105,108,98,98,0
Adams,105,109,100,100,0
Adams,105,11,91,91,0
Adams,105,110,95,95,0
Adams,105,111,100,100,0
Adams,105,112,100,100,0
Adams,105,113,71,71,0
Adams,105,114,100,100,0
Adams,105,115,100,100,0
Adams,105,116,100,100,0
Adams,105,117,100,100,0
Adams,105,118,100,100,0
Adams,105,119,100,100,0
Adams,105,12,100,100,0
Adams,105,120,100,100,0
Adams,105,121,20,20,0
Adams,105,122,100,100,0
Adams,105,123,94,94,0
Adams,105,124,100,100,0
Adams,105,125,100,100,0
Adams,105,126,106,106,0
Adams,105,127,100,100,0
Adams,105,128,93,93,0
Adams,105,129,100,100,0
Adams,105,13,1,1,0
Adams,105,130,100,100,0
Adams,105,131,100,100,0
Adams,105,132,100,100,0
Adams,105,133,100,100,0
Adams,105,134,100,100,0
Adams,105,135,100,100,0
Adams,105,136,100,100,0
Adams,105,137,100,100,0
Adams,105,138,80,80,0
Adams,105,139,100,100,0
Adams,105,14,38,38,0
Adams,105,140,100,100,0
Adams,105,141,101,101,0
Adams,105,142,100,100,0
Adams,105,143,100,100,0
Adams,105,144,100,100,0
Adams,105,145,98,98,0
Adams,105,146,100,100,0
Adams,105,15,101,101,0
Adams,105,16,101,101,0
Adams,105,17,99,99,0
Adams,105,18,100,100,0
Adams,105,19,100,100,0
Adams,105,2,100,100,0
Adams,105,20,100,100,0
Adams,105,21,100,100,0
Adams,105,22,100,100,0
Adams,105,23,100,100,0
Adams,105,24,100,100,0
Adams,105,25,93,93,0
Adams,105,26,100,100,0
Adams,105,27,99,99,0
Adams,105,28,100,100,0
Adams,105,29,100,100,0
Adams,105,3,100,100,0
Adams,105,30,100,100,0
Adams,105,31,100,100,0
Adams,105,32,97,97,0
Adams,105,33,89,89,0
Adams,105,34,100,100,0
Adams,105,35,100,100,0
Adams,105,36,100,100,0
Adams,105,37,100,100,0
Adams,105,38,100,100,0
Adams,105,39,100,100,0
Adams,105,4,88,88,0
Adams,105,40,100,100,0
Adams,105,41,95,95,0
Adams,105,42,100,100,0
Adams,105,43,90,90,0
Adams,105,44,91,91,0
Adams,105,45,90,90,0
Adams,105,46,100,100,0
Adams,105,47,100,100,0
Adams,105,48,91,91,0
Adams,105,49,100,100,0
Adams,105,5,95,95,0
Adams,105,50,89,89,0
Adams,105,51,97,97,0
Adams,105,52,97,97,0
Adams,105,53,93,93,0
Adams,105,54,96,96,0
Adams,105,55,100,100,0
Adams,105,56,100,100,0
Adams,105,57,98,98,0
Adams,105,58,102,102,0
Adams,105,59,100,100,0
Adams,105,6,100,100,0
Adams,105,60,40,40,0
Adams,105,61,59,59,0
Adams,105,62,24,24,0
Adams,105,63,100,100,0
Adams,105,64,100,100,0
Adams,105,65,99,99,0
Adams,105,66,100,100,0
Adams,105,67,100,100,0
Adams,105,68,99,99,0
Adams,105,69,48,48,0
Adams,105,7,84,84,0
Adams,105,70,94,94,0
Adams,105,71,100,100,0
Adams,105,72,99,99,0
Adams,105,73,99,99,0
Adams,105,74,99,99,0
Adams,105,75,100,100,0
Adams,105,76,100,100,0
Adams,105,77,100,100,0
Adams,105,78,99,99,0
Adams,105,79,100,100,0
Adams,105,8,110,110,0
Adams,105,80,100,100,0
Adams,105,81,19,19,0
Adams,105,82,100,100,0
Adams,105,83,26,26,0
Adams,105,84,100,100,0
Adams,105,85,100,100,0
Adams,105,86,100,100,0
Adams,105,87,99,99,0
Adams,105,88,100,100,0
Adams,105,89,95,95,0
Adams,105,9,99,99,0
Adams,105,90,100,100,0
Adams,105,91,100,100,0
Adams,105,92,100,100,0
Adams,105,93,100,100,0
Adams,105,94,100,100,0
Adams,105,95,100,100,0
Adams,105,96,100,100,0
Adams,105,97,100,100,0
Adams,105,98,90,90,0
Adams,105,99,99,99,0
Adams,106,1,100,100,0
Adams,106,10,102,102,0
Adams,106,100,100,100,0
Adams,106,101,98,98,0
Adams,106,102,100,100,0
Adams,106,103,69,69,0
Adams,106,11,98,98,0
Adams,106,12,102,102,0
Adams,106,13,90,90,0
Adams,106,14,99,99,0
Adams,106,15,100,100,0
Adams,106,16,99,99,0
Adams,106,17,100,100,0
Adams,106,18,100,100,0
Adams,106,19,100,100,0
Adams,106,2,100,100,0
Adams,106,20,100,100,0
Adams,106,21,99,99,0
Adams,106,22,91,91,0
Adams,106,23,100,100,0
Adams,106,24,92,92,0
Adams,106,25,100,100,0
Adams,106,26,99,99,0
Adams,106,27,100,100,0
Adams,106,28,99,99,0
Adams,106,29,100,100,0
Adams,106,3,100,100,0
Adams,106,30,100,100,0
Adams,106,31,100,100,0
Adams,106,32,92,92,0
Adams,106,33,100,100,0
Adams,106,34,100,100,0
Adams,106,35,100,100,0
Adams,106,36,95,95,0
Adams,106,37,100,100,0
Adams,106,38,92,92,0
Adams,106,39,98,98,0
Adams,106,4,100,100,0
Adams,106,40,99,99,0
Adams,106,41,95,95,0
Adams,106,42,100,100,0
Adams,106,43,98,98,0
Adams,106,44,56,56,0
Adams,106,45,86,86,0
Adams,106,46,99,99,0
Adams,106,47,100,100,0
Adams,106,48,100,100,0
Adams,106,49,100,100,0
Adams,106,5,100,100,0
Adams,106,50,100,100,0
Adams,106,51,100,100,0
Adams,106,52,99,99,0
Adams,106,53,100,100,0
Adams,106,54,100,100,0
Adams,106,55,93,93,0
Adams,106,56,100,100,0
Adams,106,57,99,99,0
Adams,106,58,100,100,0
Adams,106,59,99,99,0
Adams,106,6,100,100,0
Adams,106,60,100,100,0
Adams,106,61,95,95,0
Adams,106,62,100,100,0
Adams,106,63,100,100,0
Adams,106,64,100,100,0
Adams,106,65,100,100,0
Adams,106,66,95,95,0
Adams,106,67,98,98,0
Adams,106,68,90,90,0
Adams,106,69,100,100,0
Adams,106,7,100,100,0
Adams,106,70,87,87,0
Adams,106,71,98,98,0
Adams,106,72,83,83,0
Adams,106,73,99,99,0
Adams,106,74,100,100,0
Adams,106,75,96,96,0
Adams,106,76,90,90,0
Adams,106,77,54,54,0
Adams,106,78,96,96,0
Adams,106,79,100,100,0
Adams,106,8,100,100,0
Adams,106,80,100,100,0
Adams,106,81,97,97,0
Adams,106,82,102,102,0
Adams,106,83,100,100,0
Adams,106,84,92,92,0
Adams,106,85,89,89,0
Adams,106,86,100,100,0
Adams,106,87,99,99,0
Adams,106,88,100,100,0
Adams,106,89,99,99,0
Adams,106,9,36,36,0
Adams,106,90,100,100,0
Adams,106,91,99,99,0
Adams,106,92,101,101,0
Adams,106,93,99,99,0
Adams,106,94,100,100,0
Adams,106,95,4,4,0
Adams,106,96,90,90,0
Adams,106,97,100,100,0
Adams,106,98,99,99,0
Adams,106,99,88,88,0
Adams,107,1,100,100,0
Adams,107,10,93,93,0
Adams,107,100,94,94,0
Adams,107,101,100,100,0
Adams,107,102,100,100,0
Adams,107,103,100,100,0
Adams,107,104,100,100,0
Adams,107,105,100,100,0
Adams,107,106,91,91,0
Adams,107,107,100,100,0
Adams,107,11,111,111,0
Adams,107,12,99,99,0
Adams,107,13,95,95,0
Adams,107,14,100,100,0
Adams,107,15,100,100,0
Adams,107,16,100,100,0
Adams,107,17,99,99,0
Adams,107,18,92,92,0
Adams,107,19,100,100,0
Adams,107,2,100,100,0
Adams,107,20,89,89,0
Adams,107,21,100,100,0
Adams,107,22,99,99,0
Adams,107,23,100,100,0
Adams,107,24,100,100,0
Adams,107,25,100,100,0
Adams,107,26,100,100,0
Adams,107,27,100,100,0
Adams,107,28,100,100,0
Adams,107,29,99,99,0
Adams,107,3,71,71,0
Adams,107,30,101,101,0
Adams,107,31,97,97,0
Adams,107,32,100,100,0
Adams,107,33,103,103,0
Adams,107,34,98,98,0
Adams,107,35,100,100,0
Adams,107,36,100,100,0
Adams,107,37,86,86,0
Adams,107,38,100,100,0
Adams,107,39,96,96,0
Adams,107,4,100,100,0
Adams,107,40,100,100,0
Adams,107,41,98,98,0
Adams,107,42,98,98,0
Adams,107,43,101,101,0
Adams,107,44,100,100,0
Adams,107,45,99,99,0
Adams,107,46,99,99,0
Adams,107,47,101,101,0
Adams,107,48,100,100,0
Adams,107,49,100,100,0
Adams,107,5,99,99,0
Adams,107,50,94,94,0
Adams,107,51,99,99,0
Adams,107,52,95,95,0
Adams,107,53,100,100,0
Adams,107,54,99,99,0
Adams,107,55,100,100,0
Adams,107,56,102,102,0
Adams,107,57,100,100,0
Adams,107,58,100,100,0
Adams,107,59,100,100,0
Adams,107,6,100,100,0
Adams,107,60,100,100,0
Adams,107,61,100,100,0
Adams,107,62,96,96,0
Adams,107,63,100,100,0
Adams,107,64,99,99,0
Adams,107,65,100,100,0
Adams,107,66,4,4,0
Adams,107,67,94,94,0
Adams,107,68,89,89,0
Adams,107,69,88,88,0
Adams,107,7,88,88,0
Adams,107,70,103,103,0
Adams,107,71,100,100,0
Adams,107,72,88,88,0
Adams,107,73,100,100,0
Adams,107,74,98,98,0
Adams,107,75,102,102,0
Adams,107,76,100,100,0
Adams,107,77,100,100,0
Adams,107,78,100,100,0
Adams,107,79,100,100,0
Adams,107,8,101,101,0
Adams,107,80,93,93,0
Adams,107,81,84,84,0
Adams,107,82,100,100,0
Adams,107,83,100,100,0
Adams,107,84,93,93,0
Adams,107,85,100,100,0
Adams,107,86,100,100,0
Adams,107,87,81,81,0
Adams,107,88,37,37,0
Adams,107,89,101,101,0
Adams,107,9,101,101,0
Adams,107,90,103,103,0
Adams,107,91,66,66,0
Adams,107,92,97,97,0
Adams,107,93,76,76,0
Adams,107,94,100,100,0
Adams,107,95,100,100,0
Adams,107,96,100,100,0
Adams,107,97,100,100,0
Adams,107,98,100,100,0
Adams,107,99,100,100,0
Alamosa,101,1,25,25,0
Alamosa,101,10,25,25,0
Alamosa,101,100,25,25,0
Alamosa,101,101,25,25,0
Alamosa,101,102,25,25,0
Alamosa,101,103,25,25,0
Alamosa,101,104,22,22,0
Alamosa,101,105,25,25,0
Alamosa,101,106,25,25,0
Alamosa,101,107,25,25,0
Alamosa,101,108,25,25,0
Alamosa,101,109,25,25,0
Alamosa,101,11,25,25,0
Alamosa,101,110,25,25,0
Alamosa,101,111,25,25,0
Alamosa,101,112,25,25,0
Alamosa,101,113,25,25,0
Alamosa,101,114,25,25,0
Alamosa,101,115,3,3,0
Alamosa,101,116,25,25,0
Alamosa,101,117,25,25,0
Alamosa,101,118,25,25,0
Alamosa,101,119,25,25,0
Alamosa,101,12,25,25,0
Alamosa,101,120,25,25,0
Alamosa,101,121,25,25,0
Alamosa,101,122,25,25,0
Alamosa,101,123,25,25,0
Alamosa,101,124,25,25,0
Alamosa,101,125,25,25,0
Alamosa,101,126,25,25,0
Alamosa,101,127,25,25,0
Alamosa,101,128,5,5,0
Alamosa,101,129,25,25,0
Alamosa,101,13,25,25,0
Alamosa,101,130,25,25,0
Alamosa,101,131,25,25,0
Alamosa,101,132,22,22,0
Alamosa,101,133,25,25,0
Alamosa,101,134,25,25,0
Alamosa,101,135,25,25,0
Alamosa,101,136,25,25,0
Alamosa,101,137,25,25,0
Alamosa,101,138,25,25,0
Alamosa,101,139,10,10,0
Alamosa,101,14,25,25,0
Alamosa,101,140,25,25,0
Alamosa,101,141,25,25,0
Alamosa,101,142,25,25,0
Alamosa,101,143,25,25,0
Alamosa,101,144,2,2,0
Alamosa,101,145,1,1,0
Alamosa,101,146,25,25,0
Alamosa,101,147,25,25,0
Alamosa,101,148,25,25,0
Alamosa,101,149,25,25,0
Alamosa,101,15,25,25,0
Alamosa,101,150,25,25,0
Alamosa,101,151,3,3,0
Alamosa,101,152,38,38,0
Alamosa,101,16,25,25,0
Alamosa,101,17,25,25,0
Alamosa,101,18,25,25,0
Alamosa,101,19,25,25,0
Alamosa,101,2,25,25,0
Alamosa,101,20,25,25,0
Alamosa,101,21,25,25,0
Alamosa,101,22,25,25,0
Alamosa,101,23,25,25,0
Alamosa,101,24,25,25,0
Alamosa,101,25,25,25,0
Alamosa,101,26,25,25,0
Alamosa,101,27,25,25,0
Alamosa,101,28,25,25,0
Alamosa,101,29,25,25,0
Alamosa,101,3,25,25,0
Alamosa,101,30,25,25,0
Alamosa,101,31,25,25,0
Alamosa,101,32,25,25,0
Alamosa,101,33,25,25,0
Alamosa,101,34,25,25,0
Alamosa,101,35,25,25,0
Alamosa,101,36,25,25,0
Alamosa,101,37,25,25,0
Alamosa,101,38,25,25,0
Alamosa,101,39,25,25,0
Alamosa,101,4,25,25,0
Alamosa,101,40,25,25,0
Alamosa,101,41,25,25,0
Alamosa,101,42,25,25,0
Alamosa,101,43,25,25,0
Alamosa,101,44,25,25,0
Alamosa,101,45,25,25,0
Alamosa,101,46,16,16,0
Alamosa,101,47,25,25,0
Alamosa,101,48,25,25,0
Alamosa,101,49,25,25,0
Alamosa,101,5,25,25,0
Alamosa,101,50,25,25,0
Alamosa,101,51,25,25,0
Alamosa,101,52,25,25,0
Alamosa,101,53,25,25,0
Alamosa,101,54,25,25,0
Alamosa,101,55,25,25,0
Alamosa,101,56,25,25,0
Alamosa,101,57,25,25,0
Alamosa,101,58,25,25,0
Alamosa,101,59,25,25,0
Alamosa,101,6,25,25,0
Alamosa,101,60,25,25,0
Alamosa,101,61,25,25,0
Alamosa,101,62,25,25,0
Alamosa,101,63,25,25,0
Alamosa,101,64,25,25,0
Alamosa,101,65,20,20,0
Alamosa,101,66,25,25,0
Alamosa,101,67,25,25,0
Alamosa,101,68,25,25,0
Alamosa,101,69,25,25,0
Alamosa,101,7,25,25,0
Alamosa,101,70,25,25,0
Alamosa,101,71,25,25,0
Alamosa,101,72,25,25,0
Alamosa,101,73,25,25,0
Alamosa,101,74,25,25,0
Alamosa,101,75,25,25,0
Alamosa,101,76,25,25,0
Alamosa,101,77,25,25,0
Alamosa,101,78,25,25,0
Alamosa,101,79,25,25,0
Alamosa,101,8,25,25,0
Alamosa,101,80,25,25,0
Alamosa,101,81,2,2,0
Alamosa,101,82,25,25,0
Alamosa,101,83,25,25,0
Alamosa,101,84,25,25,0
Alamosa,101,85,25,25,0
Alamosa,101,86,25,25,0
Alamosa,101,87,25,25,0
Alamosa,101,88,25,25,0
Alamosa,101,89,25,25,0
Alamosa,101,9,25,25,0
Alamosa,101,90,2,2,0
Alamosa,101,91,25,25,0
Alamosa,101,92,25,25,0
Alamosa,101,93,25,25,0
Alamosa,101,94,25,25,0
Alamosa,101,95,25,25,0
Alamosa,101,96,25,25,0
Alamosa,101,97,25,25,0
Alamosa,101,98,25,25,0
Alamosa,101,99,25,25,0
Arapahoe,101,1,100,100,0
Arapahoe,101,10,96,96,0
Arapahoe,101,11,99,99,0
Arapahoe,101,12,99,99,0
Arapahoe,101,13,100,100,0
Arapahoe,101,14,100,100,0
Arapahoe,101,15,99,99,0
Arapahoe,101,16,100,100,0
Arapahoe,101,17,100,100,0
Arapahoe,101,18,100,100,0
Arapahoe,101,19,100,100,0
Arapahoe,101,2,98,98,0
Arapahoe,101,20,97,97,0
Arapahoe,101,21,100,100,0
Arapahoe,101,22,96,96,0
Arapahoe,101,23,97,97,0
Arapahoe,101,24,100,100,0
Arapahoe,101,25,100,100,0
Arapahoe,101,26,100,100,0
Arapahoe,101,27,100,100,0
Arapahoe,101,28,99,99,0
Arapahoe,101,29,100,100,0
Arapahoe,101,3,100,100,0
Arapahoe,101,30,100,100,0
Arapahoe,101,31,100,100,0
Arapahoe,101,32,100,100,0
Arapahoe,101,33,97,97,0
Arapahoe,101,34,100,100,0
Arapahoe,101,35,100,100,0
Arapahoe,101,36,97,97,0
Arapahoe,101,37,100,100,0
Arapahoe,101,38,100,100,0
Arapahoe,101,39,100,100,0
Arapahoe,101,4,100,100,0
Arapahoe,101,40,100,100,0
Arapahoe,101,41,98,98,0
Arapahoe,101,42,100,100,0
Arapahoe,101,43,96,96,0
Arapahoe,101,44,95,95,0
Arapahoe,101,45,50,50,0
Arapahoe,101,46,100,100,0
Arapahoe,101,47,100,100,0
Arapahoe,101,48,99,99,0
Arapahoe,101,49,100,100,0
Arapahoe,101,5,100,100,0
Arapahoe,101,50,92,92,0
Arapahoe,101,51,100,100,0
Arapahoe,101,52,100,100,0
Arapahoe,101,53,100,100,0
Arapahoe,101,54,43,43,0
Arapahoe,101,55,100,100,0
Arapahoe,101,56,85,85,0
Arapahoe,101,57,93,93,0
Arapahoe,101,58,100,100,0
Arapahoe,101,59,100,100,0
Arapahoe,101,6,93,93,0
Arapahoe,101,60,100,100,0
Arapahoe,101,61,100,100,0
Arapahoe,101,62,97,97,0
Arapahoe,101,63,97,97,0
Arapahoe,101,64,100,100,0
Arapahoe,101,65,91,91,0
Arapahoe,101,66,100,100,0
Arapahoe,101,67,99,99,0
Arapahoe,101,68,100,100,0
Arapahoe,101,69,100,100,0
Arapahoe,101,7,96,96,0
Arapahoe,101,70,100,100,0
Arapahoe,101,71,100,100,0
Arapahoe,101,72,94,94,0
Arapahoe,101,73,100,100,0
Arapahoe,101,74,100,100,0
Arapahoe,101,75,100,100,0
Arapahoe,101,76,94,94,0
Arapahoe,101,77,100,100,0
Arapahoe,101,78,100,100,0
Arapahoe,101,79,100,100,0
Arapahoe,101,8,100,100,0
Arapahoe,101,80,99,99,0
Arapahoe,101,81,100,100,0
Arapahoe,101,82,100,100,0
Arapahoe,101,83,99,99,0
Arapahoe,101,84,100,100,0
Arapahoe,101,85,100,100,0
Arapahoe,101,86,100,100,0
Arapahoe,101,87,100,100,0
Arapahoe,101,88,93,93,0
Arapahoe,101,89,92,92,0
Arapahoe,101,9,100,100,0
Arapahoe,101,90,100,100,0
Arapahoe,103,1,90,90,0
Arapahoe,103,10,100,100,0
Arapahoe,103,100,100,100,0
Arapahoe,103,101,99,99,0
Arapahoe,103,102,100,100,0
Arapahoe,103,103,100,100,0
Arapahoe,103,104,100,100,0
Arapahoe,103,105,100,100,0
Arapahoe,103,106,100,100,0
Arapahoe,103,107,100,100,0
Arapahoe,103,108,100,100,0
Arapahoe,103,109,100,100,0
Arapahoe,103,11,98,98,0
Arapahoe,103,110,100,100,0
Arapahoe,103,111,100,100,0
Arapahoe,103,112,100,100,0
Arapahoe,103,113,100,100,0
Arapahoe,103,114,100,100,0
Arapahoe,103,115,100,100,0
Arapahoe,103,116,100,100,0
Arapahoe,103,117,94,94,0
Arapahoe,103,118,100,100,0
Arapahoe,103,119,100,100,0
Arapahoe,103,12,100,100,0
Arapahoe,103,120,100,100,0
Arapahoe,103,121,100,100,0
Arapahoe,103,122,100,100,0
Arapahoe,103,123,100,100,0
Arapahoe,103,124,100,100,0
Arapahoe,103,125,100,100,0
Arapahoe,103,126,100,100,0
Arapahoe,103,127,95,95,0
Arapahoe,103,128,100,100,0
Arapahoe,103,129,98,98,0
Arapahoe,103,13,99,99,0
Arapahoe,103,130,100,100,0
Arapahoe,103,131,85,85,0
Arapahoe,103,132,95,95,0
Arapahoe,103,133,100,100,0
Arapahoe,103,134,93,93,0
Arapahoe,103,135,100,100,0
Arapahoe,103,136,100,100,0
Arapahoe,103,137,100,100,0
Arapahoe,103,138,100,100,0
Arapahoe,103,139,100,100,0
Arapahoe,103,14,99,99,0
Arapahoe,103,140,100,100,0
Arapahoe,103,141,84,84,0
Arapahoe,103,142,100,100,0
Arapahoe,103,143,100,100,0
Arapahoe,103,144,95,95,0
Arapahoe,103,145,100,100,0
Arapahoe,103,146,100,100,0
Arapahoe,103,147,94,94,0
Arapahoe,103,148,94,94,0
Arapahoe,103,149,94,94,0
Arapahoe,103,15,98,98,0
Arapahoe,103,150,93,93,0
Arapahoe,103,151,98,98,0
Arapahoe,103,152,99,99,0
Arapahoe,103,153,100,100,0
Arapahoe,103,154,100,100,0
Arapahoe,103,155,100,100,0
Arapahoe,103,156,99,99,0
Arapahoe,103,157,95,95,0
Arapahoe,103,158,95,95,0
Arapahoe,103,159,97,97,0
Arapahoe,103,16,100,100,0
Arapahoe,103,160,99,99,0
Arapahoe,103,161,100,100,0
Arapahoe,103,162,99,99,0
Arapahoe,103,163,100,100,0
Arapahoe,103,164,99,99,0
Arapahoe,103,165,99,99,0
Arapahoe,103,166,95,95,0
Arapahoe,103,167,97,97,0
Arapahoe,103,168,98,98,0
Arapahoe,103,169,100,100,0
Arapahoe,103,17,98,98,0
Arapahoe,103,170,100,100,0
Arapahoe,103,171,100,100,0
Arapahoe,103,172,95,95,0
Arapahoe,103,173,92,92,0
Arapahoe,103,174,96,96,0
Arapahoe,103,175,99,99,0
Arapahoe,103,176,97,97,0
Arapahoe,103,177,96,96,0
Arapahoe,103,178,94,94,0
Arapahoe,103,179,100,100,0
Arapahoe,103,18,100,100,0
Arapahoe,103,180,90,90,0
Arapahoe,103,181,100,100,0
Arapahoe,103,182,99,99,0
Arapahoe,103,183,100,100,0
Arapahoe,103,184,100,100,0
Arapahoe,103,185,100,100,0
Arapahoe,103,186,94,94,0
Arapahoe,103,187,100,100,0
Arapahoe,103,188,95,95,0
Arapahoe,103,189,96,96,0
Arapahoe,103,19,100,100,0
Arapahoe,103,190,99,99,0
Arapahoe,103,191,94,94,0
Arapahoe,103,192,100,100,0
Arapahoe,103,193,8,8,0
Arapahoe,103,194,100,100,0
Arapahoe,103,195,98,98,0
Arapahoe,103,196,100,100,0
Arapahoe,103,197,92,92,0
Arapahoe,103,198,94,94,0
Arapahoe,103,199,99,99,0
Arapahoe,103,2,99,99,0
Arapahoe,103,20,100,100,0
Arapahoe,103,200,100,100,0
Arapahoe,103,201,82,82,0
Arapahoe,103,202,100,100,0
Arapahoe,103,203,100,100,0
Arapahoe,103,204,100,100,0
Arapahoe,103,205,100,100,0
Arapahoe,103,206,99,99,0
Arapahoe,103,207,100,100,0
Arapahoe,103,208,100,100,0
Arapahoe,103,209,100,100,0
Arapahoe,103,21,100,100,0
Arapahoe,103,210,100,100,0
Arapahoe,103,211,100,100,0
Arapahoe,103,212,100,100,0
Arapahoe,103,213,100,100,0
Arapahoe,103,214,100,100,0
Arapahoe,103,215,100,100,0
Arapahoe,103,216,99,99,0
Arapahoe,103,217,100,100,0
Arapahoe,103,218,96,96,0
Arapahoe,103,219,96,96,0
Arapahoe,103,22,91,91,0
Arapahoe,103,220,100,100,0
Arapahoe,103,221,100,100,0
Arapahoe,103,222,100,100,0
Arapahoe,103,223,100,100,0
Arapahoe,103,224,100,100,0
Arapahoe,103,225,100,100,0
Arapahoe,103,226,100,100,0
Arapahoe,103,227,97,97,0
Arapahoe,103,228,100,100,0
Arapahoe,103,229,100,100,0
Arapahoe,103,23,100,100,0
Arapahoe,103,230,100,100,0
Arapahoe,103,231,93,93,0
Arapahoe,103,232,91,91,0
Arapahoe,103,233,100,100,0
Arapahoe,103,234,96,96,0
Arapahoe,103,235,98,98,0
Arapahoe,103,236,100,100,0
Arapahoe,103,237,98,98,0
Arapahoe,103,238,98,98,0
Arapahoe,103,239,100,100,0
Arapahoe,103,24,100,100,0
Arapahoe,103,240,100,100,0
Arapahoe,103,241,100,100,0
Arapahoe,103,242,100,100,0
Arapahoe,103,243,95,95,0
Arapahoe,103,244,99,99,0
Arapahoe,103,245,100,100,0
Arapahoe,103,246,100,100,0
Arapahoe,103,247,23,23,0
Arapahoe,103,248,98,98,0
Arapahoe,103,249,97,97,0
Arapahoe,103,25,89,89,0
Arapahoe,103,250,92,92,0
Arapahoe,103,251,98,98,0
Arapahoe,103,252,100,100,0
Arapahoe,103,253,97,97,0
Arapahoe,103,254,94,94,0
Arapahoe,103,255,100,100,0
Arapahoe,103,256,96,96,0
Arapahoe,103,257,99,99,0
Arapahoe,103,258,100,100,0
Arapahoe,103,259,95,95,0
Arapahoe,103,26,92,92,0
Arapahoe,103,260,98,98,0
Arapahoe,103,261,88,88,0
Arapahoe,103,262,100,100,0
Arapahoe,103,263,60,60,0
Arapahoe,103,264,97,97,0
Arapahoe,103,265,95,95,0
Arapahoe,103,266,91,91,0
Arapahoe,103,267,100,100,0
Arapahoe,103,268,100,100,0
Arapahoe,103,269,100,100,0
Arapahoe,103,27,99,99,0
Arapahoe,103,270,100,100,0
Arapahoe,103,271,100,100,0
Arapahoe,103,272,57,57,0
Arapahoe,103,273,99,99,0
Arapahoe,103,274,95,95,0
Arapahoe,103,275,98,98,0
Arapahoe,103,276,96,96,0
Arapahoe,103,277,98,98,0
Arapahoe,103,278,96,96,0
Arapahoe,103,279,96,96,0
Arapahoe,103,28,100,100,0
Arapahoe,103,280,97,97,0
Arapahoe,103,281,99,99,0
Arapahoe,103,282,100,100,0
Arapahoe,103,283,100,100,0
Arapahoe,103,284,100,100,0
Arapahoe,103,285,100,100,0
Arapahoe,103,286,100,100,0
Arapahoe,103,287,87,87,0
Arapahoe,103,288,100,100,0
Arapahoe,103,289,100,100,0
Arapahoe,103,29,100,100,0
Arapahoe,103,290,100,100,0
Arapahoe,103,291,100,100,0
Arapahoe,103,292,98,98,0
Arapahoe,103,293,95,95,0
Arapahoe,103,294,97,97,0
Arapahoe,103,295,93,93,0
Arapahoe,103,296,91,91,0
Arapahoe,103,297,100,100,0
Arapahoe,103,298,94,94,0
Arapahoe,103,299,100,100,0
Arapahoe,103,3,97,97,0
Arapahoe,103,30,100,100,0
Arapahoe,103,300,100,100,0
Arapahoe,103,301,95,95,0
Arapahoe,103,302,95,95,0
Arapahoe,103,303,18,18,0
Arapahoe,103,304,96,96,0
Arapahoe,103,305,100,100,0
Arapahoe,103,306,52,52,0
Arapahoe,103,307,97,97,0
Arapahoe,103,308,94,94,0
Arapahoe,103,309,100,100,0
Arapahoe,103,31,100,100,0
Arapahoe,103,310,92,92,0
Arapahoe,103,311,21,21,0
Arapahoe,103,312,73,73,0
Arapahoe,103,313,57,57,0
Arapahoe,103,314,60,60,0
Arapahoe,103,315,35,35,0
Arapahoe,103,316,109,109,0
Arapahoe,103,317,71,71,0
Arapahoe,103,32,100,100,0
Arapahoe,103,33,100,100,0
Arapahoe,103,34,97,97,0
Arapahoe,103,35,100,100,0
Arapahoe,103,36,100,100,0
Arapahoe,103,37,100,100,0
Arapahoe,103,38,100,100,0
Arapahoe,103,39,100,100,0
Arapahoe,103,4,98,98,0
Arapahoe,103,40,87,87,0
Arapahoe,103,41,100,100,0
Arapahoe,103,42,89,89,0
Arapahoe,103,43,95,95,0
Arapahoe,103,44,96,96,0
Arapahoe,103,45,92,92,0
Arapahoe,103,46,96,96,0
Arapahoe,103,47,96,96,0
Arapahoe,103,48,97,97,0
Arapahoe,103,49,97,97,0
Arapahoe,103,5,99,99,0
Arapahoe,103,50,98,98,0
Arapahoe,103,51,100,100,0
Arapahoe,103,52,99,99,0
Arapahoe,103,53,100,100,0
Arapahoe,103,54,100,100,0
Arapahoe,103,55,96,96,0
Arapahoe,103,56,49,49,0
Arapahoe,103,57,100,100,0
Arapahoe,103,58,98,98,0
Arapahoe,103,59,100,100,0
Arapahoe,103,6,100,100,0
Arapahoe,103,60,98,98,0
Arapahoe,103,61,96,96,0
Arapahoe,103,62,100,100,0
Arapahoe,103,63,100,100,0
Arapahoe,103,64,99,99,0
Arapahoe,103,65,92,92,0
Arapahoe,103,66,100,100,0
Arapahoe,103,67,100,100,0
Arapahoe,103,68,100,100,0
Arapahoe,103,69,93,93,0
Arapahoe,103,7,100,100,0
Arapahoe,103,70,87,87,0
Arapahoe,103,71,99,99,0
Arapahoe,103,72,100,100,0
Arapahoe,103,73,97,97,0
Arapahoe,103,74,100,100,0
Arapahoe,103,75,98,98,0
Arapahoe,103,76,100,100,0
Arapahoe,103,77,93,93,0
Arapahoe,103,78,95,95,0
Arapahoe,103,79,100,100,0
Arapahoe,103,8,100,100,0
Arapahoe,103,80,100,100,0
Arapahoe,103,81,100,100,0
Arapahoe,103,82,100,100,0
Arapahoe,103,83,100,100,0
Arapahoe,103,84,100,100,0
Arapahoe,103,85,100,100,0
Arapahoe,103,86,100,100,0
Arapahoe,103,87,100,100,0
Arapahoe,103,88,100,100,0
Arapahoe,103,89,100,100,0
Arapahoe,103,9,84,84,0
Arapahoe,103,90,100,100,0
Arapahoe,103,91,100,100,0
Arapahoe,103,92,100,100,0
Arapahoe,103,93,99,99,0
Arapahoe,103,94,20,20,0
Arapahoe,103,95,16,16,0
Arapahoe,103,96,100,100,0
Arapahoe,103,97,100,100,0
Arapahoe,103,98,36,36,0
Arapahoe,103,99,100,100,0
Arapahoe,105,1,86,86,0
Arapahoe,105,10,100,100,0
Arapahoe,105,100,100,100,0
Arapahoe,105,101,100,100,0
Arapahoe,105,102,100,100,0
Arapahoe,105,103,100,100,0
Arapahoe,105,104,99,99,0
Arapahoe,105,105,9,9,0
Arapahoe,105,106,95,95,0
Arapahoe,105,107,100,100,0
Arapahoe,105,108,95,95,0
Arapahoe,105,109,100,100,0
Arapahoe,105,11,95,95,0
Arapahoe,105,110,99,99,0
Arapahoe,105,111,95,95,0
Arapahoe,105,112,97,97,0
Arapahoe,105,113,95,95,0
Arapahoe,105,114,6,6,0
Arapahoe,105,115,100,100,0
Arapahoe,105,116,81,81,0
Arapahoe,105,117,95,95,0
Arapahoe,105,118,98,98,0
Arapahoe,105,119,100,100,0
Arapahoe,105,12,94,94,0
Arapahoe,105,120,49,49,0
Arapahoe,105,121,100,100,0
Arapahoe,105,122,94,94,0
Arapahoe,105,123,100,100,0
Arapahoe,105,124,94,94,0
Arapahoe,105,125,91,91,0
Arapahoe,105,126,100,100,0
Arapahoe,105,127,98,98,0
Arapahoe,105,128,97,97,0
Arapahoe,105,129,100,100,0
Arapahoe,105,13,94,94,0
Arapahoe,105,130,100,100,0
Arapahoe,105,131,100,100,0
Arapahoe,105,132,94,94,0
Arapahoe,105,133,96,96,0
Arapahoe,105,134,100,100,0
Arapahoe,105,135,96,96,0
Arapahoe,105,136,100,100,0
Arapahoe,105,137,95,95,0
Arapahoe,105,138,99,99,0
Arapahoe,105,139,100,100,0
Arapahoe,105,14,100,100,0
Arapahoe,105,140,99,99,0
Arapahoe,105,141,97,97,0
Arapahoe,105,142,100,100,0
Arapahoe,105,143,99,99,0
Arapahoe,105,144,100,100,0
Arapahoe,105,145,100,100,0
Arapahoe,105,146,97,97,0
Arapahoe,105,147,91,91,0
Arapahoe,105,148,100,100,0
Arapahoe,105,149,100,100,0
Arapahoe,105,15,96,96,0
Arapahoe,105,150,91,91,0
Arapahoe,105,151,95,95,0
Arapahoe,105,152,100,100,0
Arapahoe,105,153,35,35,0
Arapahoe,105,154,98,98,0
Arapahoe,105,155,100,100,0
Arapahoe,105,156,100,100,0
Arapahoe,105,157,98,98,0
Arapahoe,105,158,100,100,0
Arapahoe,105,159,100,100,0
Arapahoe,105,16,98,98,0
Arapahoe,105,160,100,100,0
Arapahoe,105,161,100,100,0
Arapahoe,105,162,94,94,0
Arapahoe,105,163,95,95,0
Arapahoe,105,164,100,100,0
Arapahoe,105,165,100,100,0
Arapahoe,105,166,93,93,0
Arapahoe,105,167,96,96,0
Arapahoe,105,168,100,100,0
Arapahoe,105,169,99,99,0
Arapahoe,105,17,96,96,0
Arapahoe,105,170,96,96,0
Arapahoe,105,171,100,100,0
Arapahoe,105,172,10,10,0
Arapahoe,105,173,96,96,0
Arapahoe,105,174,100,100,0
Arapahoe,105,175,100,100,0
Arapahoe,105,176,99,99,0
Arapahoe,105,177,100,100,0
Arapahoe,105,178,100,100,0
Arapahoe,105,179,100,100,0
Arapahoe,105,18,100,100,0
Arapahoe,105,180,100,100,0
Arapahoe,105,181,100,100,0
Arapahoe,105,182,99,99,0
Arapahoe,105,183,100,100,0
Arapahoe,105,184,100,100,0
Arapahoe,105,185,100,100,0
Arapahoe,105,186,99,99,0
Arapahoe,105,187,98,98,0
Arapahoe,105,188,99,99,0
Arapahoe,105,189,100,100,0
Arapahoe,105,19,93,93,0
Arapahoe,105,190,100,100,0
Arapahoe,105,191,100,100,0
Arapahoe,105,192,100,100,0
Arapahoe,105,193,100,100,0
Arapahoe,105,194,99,99,0
Arapahoe,105,195,97,97,0
Arapahoe,105,196,99,99,0
Arapahoe,105,197,100,100,0
Arapahoe,105,198,91,91,0
Arapahoe,105,199,100,100,0
Arapahoe,105,2,94,94,0
Arapahoe,105,20,100,100,0
Arapahoe,105,200,100,100,0
Arapahoe,105,201,99,99,0
Arapahoe,105,202,100,100,0
Arapahoe,105,203,100,100,0
Arapahoe,105,204,100,100,0
Arapahoe,105,205,96,96,0
Arapahoe,105,206,99,99,0
Arapahoe,105,207,100,100,0
Arapahoe,105,208,95,95,0
Arapahoe,105,209,100,100,0
Arapahoe,105,21,96,96,0
Arapahoe,105,210,97,97,0
Arapahoe,105,211,95,95,0
Arapahoe,105,212,100,100,0
Arapahoe,105,213,94,94,0
Arapahoe,105,214,95,95,0
Arapahoe,105,215,100,100,0
Arapahoe,105,216,99,99,0
Arapahoe,105,217,100,100,0
Arapahoe,105,218,100,100,0
Arapahoe,105,219,94,94,0
Arapahoe,105,22,100,100,0
Arapahoe,105,220,98,98,0
Arapahoe,105,221,100,100,0
Arapahoe,105,222,99,99,0
Arapahoe,105,223,100,100,0
Arapahoe,105,224,100,100,0
Arapahoe,105,225,100,100,0
Arapahoe,105,226,98,98,0
Arapahoe,105,227,95,95,0
Arapahoe,105,228,97,97,0
Arapahoe,105,229,99,99,0
Arapahoe,105,23,100,100,0
Arapahoe,105,230,93,93,0
Arapahoe,105,231,100,100,0
Arapahoe,105,232,96,96,0
Arapahoe,105,233,99,99,0
Arapahoe,105,234,94,94,0
Arapahoe,105,235,96,96,0
Arapahoe,105,236,100,100,0
Arapahoe,105,237,95,95,0
Arapahoe,105,238,100,100,0
Arapahoe,105,239,100,100,0
Arapahoe,105,24,100,100,0
Arapahoe,105,240,100,100,0
Arapahoe,105,241,100,100,0
Arapahoe,105,242,100,100,0
Arapahoe,105,243,100,100,0
Arapahoe,105,244,100,100,0
Arapahoe,105,245,100,100,0
Arapahoe,105,246,96,96,0
Arapahoe,105,247,95,95,0
Arapahoe,105,248,100,100,0
Arapahoe,105,249,94,94,0
Arapahoe,105,25,97,97,0
Arapahoe,105,250,95,95,0
Arapahoe,105,251,96,96,0
Arapahoe,105,252,95,95,0
Arapahoe,105,253,87,87,0
Arapahoe,105,254,87,87,0
Arapahoe,105,255,93,93,0
Arapahoe,105,26,100,100,0
Arapahoe,105,27,97,97,0
Arapahoe,105,28,97,97,0
Arapahoe,105,29,100,100,0
Arapahoe,105,3,100,100,0
Arapahoe,105,30,100,100,0
Arapahoe,105,31,100,100,0
Arapahoe,105,32,100,100,0
Arapahoe,105,33,98,98,0
Arapahoe,105,34,97,97,0
Arapahoe,105,35,96,96,0
Arapahoe,105,36,97,97,0
Arapahoe,105,37,94,94,0
Arapahoe,105,38,99,99,0
Arapahoe,105,39,100,100,0
Arapahoe,105,4,99,99,0
Arapahoe,105,40,99,99,0
Arapahoe,105,41,95,95,0
Arapahoe,105,42,92,92,0
Arapahoe,105,43,99,99,0
Arapahoe,105,44,100,100,0
Arapahoe,105,45,100,100,0
Arapahoe,105,46,100,100,0
Arapahoe,105,47,100,100,0
Arapahoe,105,48,94,94,0
Arapahoe,105,49,94,94,0
Arapahoe,105,5,92,92,0
Arapahoe,105,50,100,100,0
Arapahoe,105,51,95,95,0
Arapahoe,105,52,98,98,0
Arapahoe,105,53,96,96,0
Arapahoe,105,54,98,98,0
Arapahoe,105,55,93,93,0
Arapahoe,105,56,100,100,0
Arapahoe,105,57,100,100,0
Arapahoe,105,58,100,100,0
Arapahoe,105,59,100,100,0
Arapahoe,105,6,100,100,0
Arapahoe,105,60,100,100,0
Arapahoe,105,61,100,100,0
Arapahoe,105,62,94,94,0
Arapahoe,105,63,100,100,0
Arapahoe,105,64,100,100,0
Arapahoe,105,65,95,95,0
Arapahoe,105,66,97,97,0
Arapahoe,105,67,97,97,0
Arapahoe,105,68,100,100,0
Arapahoe,105,69,95,95,0
Arapahoe,105,7,100,100,0
Arapahoe,105,70,89,89,0
Arapahoe,105,71,100,100,0
Arapahoe,105,72,92,92,0
Arapahoe,105,73,97,97,0
Arapahoe,105,74,96,96,0
Arapahoe,105,75,100,100,0
Arapahoe,105,76,6,6,0
Arapahoe,105,77,100,100,0
Arapahoe,105,78,100,100,0
Arapahoe,105,79,100,100,0
Arapahoe,105,8,99,99,0
Arapahoe,105,80,99,99,0
Arapahoe,105,81,99,99,0
Arapahoe,105,82,92,92,0
Arapahoe,105,83,100,100,0
Arapahoe,105,84,100,100,0
Arapahoe,105,85,99,99,0
Arapahoe,105,86,100,100,0
Arapahoe,105,87,100,100,0
Arapahoe,105,88,100,100,0
Arapahoe,105,89,100,100,0
Arapahoe,105,9,100,100,0
Arapahoe,105,90,100,100,0
Arapahoe,105,91,100,100,0
Arapahoe,105,92,100,100,0
Arapahoe,105,93,100,100,0
Arapahoe,105,94,100,100,0
Arapahoe,105,95,95,95,0
Arapahoe,105,96,100,100,0
Arapahoe,105,97,100,100,0
Arapahoe,105,98,100,100,0
Arapahoe,105,99,100,100,0
Arapahoe,107,1,100,100,0
Arapahoe,107,10,100,100,0
Arapahoe,107,100,100,100,0
Arapahoe,107,101,100,100,0
Arapahoe,107,102,99,99,0
Arapahoe,107,103,100,100,0
Arapahoe,107,104,100,100,0
Arapahoe,107,105,100,100,0
Arapahoe,107,106,100,100,0
Arapahoe,107,107,100,100,0
Arapahoe,107,108,99,99,0
Arapahoe,107,109,100,100,0
Arapahoe,107,11,94,94,0
Arapahoe,107,110,100,100,0
Arapahoe,107,111,96,96,0
Arapahoe,107,112,4,4,0
Arapahoe,107,113,100,100,0
Arapahoe,107,114,100,100,0
Arapahoe,107,115,94,94,0
Arapahoe,107,116,99,99,0
Arapahoe,107,117,3,3,0
Arapahoe,107,118,96,96,0
Arapahoe,107,119,93,93,0
Arapahoe,107,12,96,96,0
Arapahoe,107,120,95,95,0
Arapahoe,107,121,97,97,0
Arapahoe,107,122,95,95,0
Arapahoe,107,123,90,90,0
Arapahoe,107,124,100,100,0
Arapahoe,107,125,2,2,0
Arapahoe,107,126,90,90,0
Arapahoe,107,127,35,35,0
Arapahoe,107,128,87,87,0
Arapahoe,107,129,98,98,0
Arapahoe,107,13,100,100,0
Arapahoe,107,130,31,31,0
Arapahoe,107,131,91,91,0
Arapahoe,107,132,100,100,0
Arapahoe,107,133,88,88,0
Arapahoe,107,134,100,100,0
Arapahoe,107,135,99,99,0
Arapahoe,107,136,4,4,0
Arapahoe,107,137,100,100,0
Arapahoe,107,138,100,100,0
Arapahoe,107,139,100,100,0
Arapahoe,107,14,100,100,0
Arapahoe,107,140,100,100,0
Arapahoe,107,141,100,100,0
Arapahoe,107,142,15,15,0
Arapahoe,107,143,97,97,0
Arapahoe,107,144,100,100,0
Arapahoe,107,145,100,100,0
Arapahoe,107,146,97,97,0
Arapahoe,107,147,100,100,0
Arapahoe,107,148,100,100,0
Arapahoe,107,149,94,94,0
Arapahoe,107,15,100,100,0
Arapahoe,107,150,96,96,0
Arapahoe,107,151,100,100,0
Arapahoe,107,152,100,100,0
Arapahoe,107,153,98,98,0
Arapahoe,107,154,96,96,0
Arapahoe,107,155,100,100,0
Arapahoe,107,156,100,100,0
Arapahoe,107,157,96,96,0
Arapahoe,107,158,98,98,0
Arapahoe,107,159,95,95,0
Arapahoe,107,16,100,100,0
Arapahoe,107,160,100,100,0
Arapahoe,107,161,100,100,0
Arapahoe,107,162,95,95,0
Arapahoe,107,163,96,96,0
Arapahoe,107,164,94,94,0
Arapahoe,107,165,100,100,0
Arapahoe,107,166,95,95,0
Arapahoe,107,167,99,99,0
Arapahoe,107,168,76,76,0
Arapahoe,107,169,100,100,0
Arapahoe,107,17,99,99,0
Arapahoe,107,170,61,61,0
Arapahoe,107,171,98,98,0
Arapahoe,107,172,100,100,0
Arapahoe,107,173,100,100,0
Arapahoe,107,174,100,100,0
Arapahoe,107,175,100,100,0
Arapahoe,107,176,94,94,0
Arapahoe,107,177,94,94,0
Arapahoe,107,178,4,4,0
Arapahoe,107,179,5,5,0
Arapahoe,107,18,99,99,0
Arapahoe,107,180,92,92,0
Arapahoe,107,181,100,100,0
Arapahoe,107,182,99,99,0
Arapahoe,107,183,6,6,0
Arapahoe,107,184,47,47,0
Arapahoe,107,185,94,94,0
Arapahoe,107,186,94,94,0
Arapahoe,107,187,66,66,0
Arapahoe,107,188,99,99,0
Arapahoe,107,189,88,88,0
Arapahoe,107,19,100,100,0
Arapahoe,107,190,100,100,0
Arapahoe,107,191,93,93,0
Arapahoe,107,192,100,100,0
Arapahoe,107,193,95,95,0
Arapahoe,107,194,96,96,0
Arapahoe,107,195,93,93,0
Arapahoe,107,196,94,94,0
Arapahoe,107,197,99,99,0
Arapahoe,107,198,19,19,0
Arapahoe,107,199,94,94,0
Arapahoe,107,2,92,92,0
Arapahoe,107,20,99,99,0
Arapahoe,107,200,97,97,0
Arapahoe,107,201,69,69,0
Arapahoe,107,202,100,100,0
Arapahoe,107,203,100,100,0
Arapahoe,107,204,100,100,0
Arapahoe,107,205,100,100,0
Arapahoe,107,206,98,98,0
Arapahoe,107,207,100,100,0
Arapahoe,107,208,95,95,0
Arapahoe,107,209,16,16,0
Arapahoe,107,21,100,100,0
Arapahoe,107,210,98,98,0
Arapahoe,107,211,91,91,0
Arapahoe,107,212,100,100,0
Arapahoe,107,213,100,100,0
Arapahoe,107,214,45,45,0
Arapahoe,107,215,100,100,0
Arapahoe,107,216,100,100,0
Arapahoe,107,217,100,100,0
Arapahoe,107,218,99,99,0
Arapahoe,107,219,79,79,0
Arapahoe,107,22,100,100,0
Arapahoe,107,220,100,100,0
Arapahoe,107,221,99,99,0
Arapahoe,107,222,99,99,0
Arapahoe,107,223,99,99,0
Arapahoe,107,224,100,100,0
Arapahoe,107,225,100,100,0
Arapahoe,107,226,100,100,0
Arapahoe,107,227,98,98,0
Arapahoe,107,228,100,100,0
Arapahoe,107,229,100,100,0
Arapahoe,107,23,96,96,0
Arapahoe,107,230,96,96,0
Arapahoe,107,231,100,100,0
Arapahoe,107,232,97,97,0
Arapahoe,107,233,97,97,0
Arapahoe,107,234,100,100,0
Arapahoe,107,235,100,100,0
Arapahoe,107,236,100,100,0
Arapahoe,107,237,95,95,0
Arapahoe,107,238,96,96,0
Arapahoe,107,239,99,99,0
Arapahoe,107,24,100,100,0
Arapahoe,107,240,96,96,0
Arapahoe,107,241,100,100,0
Arapahoe,107,242,100,100,0
Arapahoe,107,243,98,98,0
Arapahoe,107,244,96,96,0
Arapahoe,107,245,100,100,0
Arapahoe,107,246,38,38,0
Arapahoe,107,247,44,44,0
Arapahoe,107,248,100,100,0
Arapahoe,107,249,100,100,0
Arapahoe,107,25,100,100,0
Arapahoe,107,250,100,100,0
Arapahoe,107,251,94,94,0
Arapahoe,107,252,93,93,0
Arapahoe,107,253,100,100,0
Arapahoe,107,254,95,95,0
Arapahoe,107,255,98,98,0
Arapahoe,107,256,97,97,0
Arapahoe,107,257,100,100,0
Arapahoe,107,258,100,100,0
Arapahoe,107,259,93,93,0
Arapahoe,107,26,100,100,0
Arapahoe,107,260,92,92,0
Arapahoe,107,261,100,100,0
Arapahoe,107,262,87,87,0
Arapahoe,107,263,97,97,0
Arapahoe,107,264,100,100,0
Arapahoe,107,265,100,100,0
Arapahoe,107,266,100,100,0
Arapahoe,107,267,91,91,0
Arapahoe,107,268,33,33,0
Arapahoe,107,269,94,94,0
Arapahoe,107,27,96,96,0
Arapahoe,107,270,100,100,0
Arapahoe,107,271,99,99,0
Arapahoe,107,272,100,100,0
Arapahoe,107,273,100,100,0
Arapahoe,107,274,100,100,0
Arapahoe,107,275,100,100,0
Arapahoe,107,276,100,100,0
Arapahoe,107,277,94,94,0
Arapahoe,107,278,100,100,0
Arapahoe,107,279,100,100,0
Arapahoe,107,28,100,100,0
Arapahoe,107,280,94,94,0
Arapahoe,107,281,55,55,0
Arapahoe,107,282,91,91,0
Arapahoe,107,283,100,100,0
Arapahoe,107,284,99,99,0
Arapahoe,107,285,100,100,0
Arapahoe,107,286,97,97,0
Arapahoe,107,287,100,100,0
Arapahoe,107,288,88,88,0
Arapahoe,107,289,93,93,0
Arapahoe,107,29,3,3,0
Arapahoe,107,290,100,100,0
Arapahoe,107,291,99,99,0
Arapahoe,107,292,90,90,0
Arapahoe,107,293,100,100,0
Arapahoe,107,294,100,100,0
Arapahoe,107,295,100,100,0
Arapahoe,107,296,100,100,0
Arapahoe,107,297,61,61,0
Arapahoe,107,298,95,95,0
Arapahoe,107,299,7,7,0
Arapahoe,107,3,84,84,0
Arapahoe,107,30,99,99,0
Arapahoe,107,300,97,97,0
Arapahoe,107,301,95,95,0
Arapahoe,107,302,98,98,0
Arapahoe,107,303,99,99,0
Arapahoe,107,304,100,100,0
Arapahoe,107,305,100,100,0
Arapahoe,107,306,100,100,0
Arapahoe,107,307,99,99,0
Arapahoe,107,308,100,100,0
Arapahoe,107,309,97,97,0
Arapahoe,107,31,97,97,0
Arapahoe,107,310,95,95,0
Arapahoe,107,311,96,96,0
Arapahoe,107,312,100,100,0
Arapahoe,107,313,100,100,0
Arapahoe,107,314,100,100,0
Arapahoe,107,315,100,100,0
Arapahoe,107,316,56,56,0
Arapahoe,107,317,90,90,0
Arapahoe,107,318,100,100,0
Arapahoe,107,319,100,100,0
Arapahoe,107,32,100,100,0
Arapahoe,107,320,100,100,0
Arapahoe,107,321,95,95,0
Arapahoe,107,322,100,100,0
Arapahoe,107,323,87,87,0
Arapahoe,107,324,89,89,0
Arapahoe,107,325,95,95,0
Arapahoe,107,326,30,30,0
Arapahoe,107,327,100,100,0
Arapahoe,107,328,100,100,0
Arapahoe,107,329,100,100,0
Arapahoe,107,33,100,100,0
Arapahoe,107,330,95,95,0
Arapahoe,107,331,100,100,0
Arapahoe,107,332,19,19,0
Arapahoe,107,333,92,92,0
Arapahoe,107,334,99,99,0
Arapahoe,107,335,93,93,0
Arapahoe,107,336,97,97,0
Arapahoe,107,337,93,93,0
Arapahoe,107,338,96,96,0
Arapahoe,107,339,97,97,0
Arapahoe,107,34,94,94,0
Arapahoe,107,340,99,99,0
Arapahoe,107,341,98,98,0
Arapahoe,107,342,100,100,0
Arapahoe,107,343,33,33,0
Arapahoe,107,344,91,91,0
Arapahoe,107,345,88,88,0
Arapahoe,107,346,95,95,0
Arapahoe,107,347,98,98,0
Arapahoe,107,348,7,7,0
Arapahoe,107,349,100,100,0
Arapahoe,107,35,100,100,0
Arapahoe,107,350,99,99,0
Arapahoe,107,351,100,100,0
Arapahoe,107,352,100,100,0
Arapahoe,107,353,100,100,0
Arapahoe,107,354,93,93,0
Arapahoe,107,355,10,10,0
Arapahoe,107,356,99,99,0
Arapahoe,107,357,100,100,0
Arapahoe,107,358,46,46,0
Arapahoe,107,359,96,96,0
Arapahoe,107,36,96,96,0
Arapahoe,107,360,76,76,0
Arapahoe,107,37,100,100,0
Arapahoe,107,38,97,97,0
Arapahoe,107,39,100,100,0
Arapahoe,107,4,100,100,0
Arapahoe,107,40,96,96,0
Arapahoe,107,41,100,100,0
Arapahoe,107,42,100,100,0
Arapahoe,107,43,9,9,0
Arapahoe,107,44,100,100,0
Arapahoe,107,45,100,100,0
Arapahoe,107,46,96,96,0
Arapahoe,107,47,97,97,0
Arapahoe,107,48,100,100,0
Arapahoe,107,49,94,94,0
Arapahoe,107,5,100,100,0
Arapahoe,107,50,100,100,0
Arapahoe,107,51,96,96,0
Arapahoe,107,52,100,100,0
Arapahoe,107,53,100,100,0
Arapahoe,107,54,94,94,0
Arapahoe,107,55,100,100,0
Arapahoe,107,56,100,100,0
Arapahoe,107,57,100,100,0
Arapahoe,107,58,94,94,0
Arapahoe,107,59,100,100,0
Arapahoe,107,6,25,25,0
Arapahoe,107,60,93,93,0
Arapahoe,107,61,100,100,0
Arapahoe,107,62,93,93,0
Arapahoe,107,63,100,100,0
Arapahoe,107,64,98,98,0
Arapahoe,107,65,100,100,0
Arapahoe,107,66,100,100,0
Arapahoe,107,67,4,4,0
Arapahoe,107,68,4,4,0
Arapahoe,107,69,100,100,0
Arapahoe,107,7,1,1,0
Arapahoe,107,70,100,100,0
Arapahoe,107,71,5,5,0
Arapahoe,107,72,75,75,0
Arapahoe,107,73,100,100,0
Arapahoe,107,74,100,100,0
Arapahoe,107,75,100,100,0
Arapahoe,107,76,94,94,0
Arapahoe,107,77,8,8,0
Arapahoe,107,78,100,100,0
Arapahoe,107,79,100,100,0
Arapahoe,107,8,24,24,0
Arapahoe,107,80,17,17,0
Arapahoe,107,81,90,90,0
Arapahoe,107,82,100,100,0
Arapahoe,107,83,99,99,0
Arapahoe,107,84,100,100,0
Arapahoe,107,85,100,100,0
Arapahoe,107,86,99,99,0
Arapahoe,107,87,94,94,0
Arapahoe,107,88,19,19,0
Arapahoe,107,89,98,98,0
Arapahoe,107,9,98,98,0
Arapahoe,107,90,99,99,0
Arapahoe,107,91,100,100,0
Arapahoe,107,92,100,100,0
Arapahoe,107,93,100,100,0
Arapahoe,107,94,100,100,0
Arapahoe,107,95,100,100,0
Arapahoe,107,96,100,100,0
Arapahoe,107,97,100,100,0
Arapahoe,107,98,95,95,0
Arapahoe,107,99,100,100,0
Arapahoe,108,1,100,100,0
Arapahoe,108,10,99,99,0
Arapahoe,108,11,93,93,0
Arapahoe,108,12,90,90,0
Arapahoe,108,13,100,100,0
Arapahoe,108,14,99,99,0
Arapahoe,108,15,95,95,0
Arapahoe,108,2,94,94,0
Arapahoe,108,3,97,97,0
Arapahoe,108,4,91,91,0
Arapahoe,108,5,100,100,0
Arapahoe,108,6,100,100,0
Arapahoe,108,7,100,100,0
Arapahoe,108,8,94,94,0
Arapahoe,108,9,93,93,0
Arapahoe,109,1,98,98,0
Arapahoe,109,10,100,100,0
Arapahoe,109,100,100,100,0
Arapahoe,109,101,100,100,0
Arapahoe,109,102,100,100,0
Arapahoe,109,103,96,96,0
Arapahoe,109,104,100,100,0
Arapahoe,109,105,98,98,0
Arapahoe,109,106,100,100,0
Arapahoe,109,107,100,100,0
Arapahoe,109,108,100,100,0
Arapahoe,109,109,100,100,0
Arapahoe,109,11,100,100,0
Arapahoe,109,110,97,97,0
Arapahoe,109,111,94,94,0
Arapahoe,109,112,99,99,0
Arapahoe,109,113,95,95,0
Arapahoe,109,114,100,100,0
Arapahoe,109,115,100,100,0
Arapahoe,109,116,100,100,0
Arapahoe,109,117,100,100,0
Arapahoe,109,118,100,100,0
Arapahoe,109,119,98,98,0
Arapahoe,109,12,100,100,0
Arapahoe,109,120,96,96,0
Arapahoe,109,121,100,100,0
Arapahoe,109,122,99,99,0
Arapahoe,109,123,100,100,0
Arapahoe,109,124,100,100,0
Arapahoe,109,125,98,98,0
Arapahoe,109,126,100,100,0
Arapahoe,109,127,98,98,0
Arapahoe,109,128,94,94,0
Arapahoe,109,129,96,96,0
Arapahoe,109,13,100,100,0
Arapahoe,109,130,98,98,0
Arapahoe,109,131,95,95,0
Arapahoe,109,132,100,100,0
Arapahoe,109,133,100,100,0
Arapahoe,109,134,95,95,0
Arapahoe,109,135,99,99,0
Arapahoe,109,136,98,98,0
Arapahoe,109,137,99,99,0
Arapahoe,109,138,100,100,0
Arapahoe,109,139,100,100,0
Arapahoe,109,14,94,94,0
Arapahoe,109,140,100,100,0
Arapahoe,109,141,100,100,0
Arapahoe,109,142,94,94,0
Arapahoe,109,143,98,98,0
Arapahoe,109,144,100,100,0
Arapahoe,109,145,95,95,0
Arapahoe,109,146,100,100,0
Arapahoe,109,147,100,100,0
Arapahoe,109,148,100,100,0
Arapahoe,109,149,100,100,0
Arapahoe,109,15,100,100,0
Arapahoe,109,150,93,93,0
Arapahoe,109,151,95,95,0
Arapahoe,109,152,100,100,0
Arapahoe,109,153,100,100,0
Arapahoe,109,154,100,100,0
Arapahoe,109,155,100,100,0
Arapahoe,109,156,100,100,0
Arapahoe,109,157,100,100,0
Arapahoe,109,158,100,100,0
Arapahoe,109,159,100,100,0
Arapahoe,109,16,42,42,0
Arapahoe,109,160,92,92,0
Arapahoe,109,161,94,94,0
Arapahoe,109,162,99,99,0
Arapahoe,109,163,97,97,0
Arapahoe,109,164,100,100,0
Arapahoe,109,165,94,94,0
Arapahoe,109,166,99,99,0
Arapahoe,109,167,91,91,0
Arapahoe,109,168,100,100,0
Arapahoe,109,169,52,52,0
Arapahoe,109,17,100,100,0
Arapahoe,109,170,98,98,0
Arapahoe,109,171,87,87,0
Arapahoe,109,172,97,97,0
Arapahoe,109,173,100,100,0
Arapahoe,109,174,93,93,0
Arapahoe,109,175,100,100,0
Arapahoe,109,176,100,100,0
Arapahoe,109,177,100,100,0
Arapahoe,109,178,92,92,0
Arapahoe,109,179,100,100,0
Arapahoe,109,18,99,99,0
Arapahoe,109,180,92,92,0
Arapahoe,109,19,100,100,0
Arapahoe,109,2,97,97,0
Arapahoe,109,20,100,100,0
Arapahoe,109,21,100,100,0
Arapahoe,109,22,100,100,0
Arapahoe,109,23,98,98,0
Arapahoe,109,24,100,100,0
Arapahoe,109,25,100,100,0
Arapahoe,109,26,97,97,0
Arapahoe,109,27,92,92,0
Arapahoe,109,28,100,100,0
Arapahoe,109,29,85,85,0
Arapahoe,109,3,100,100,0
Arapahoe,109,30,99,99,0
Arapahoe,109,31,100,100,0
Arapahoe,109,32,100,100,0
Arapahoe,109,33,94,94,0
Arapahoe,109,34,100,100,0
Arapahoe,109,35,99,99,0
Arapahoe,109,36,100,100,0
Arapahoe,109,37,98,98,0
Arapahoe,109,38,100,100,0
Arapahoe,109,39,94,94,0
Arapahoe,109,4,100,100,0
Arapahoe,109,40,100,100,0
Arapahoe,109,41,64,64,0
Arapahoe,109,42,93,93,0
Arapahoe,109,43,100,100,0
Arapahoe,109,44,100,100,0
Arapahoe,109,45,100,100,0
Arapahoe,109,46,100,100,0
Arapahoe,109,47,100,100,0
Arapahoe,109,48,100,100,0
Arapahoe,109,49,100,100,0
Arapahoe,109,5,100,100,0
Arapahoe,109,50,100,100,0
Arapahoe,109,51,100,100,0
Arapahoe,109,52,99,99,0
Arapahoe,109,53,100,100,0
Arapahoe,109,54,100,100,0
Arapahoe,109,55,100,100,0
Arapahoe,109,56,99,99,0
Arapahoe,109,57,100,100,0
Arapahoe,109,58,100,100,0
Arapahoe,109,59,99,99,0
Arapahoe,109,6,100,100,0
Arapahoe,109,60,99,99,0
Arapahoe,109,61,100,100,0
Arapahoe,109,62,100,100,0
Arapahoe,109,63,100,100,0
Arapahoe,109,64,100,100,0
Arapahoe,109,65,100,100,0
Arapahoe,109,66,100,100,0
Arapahoe,109,67,100,100,0
Arapahoe,109,68,94,94,0
Arapahoe,109,69,100,100,0
Arapahoe,109,7,100,100,0
Arapahoe,109,70,99,99,0
Arapahoe,109,71,96,96,0
Arapahoe,109,72,98,98,0
Arapahoe,109,73,96,96,0
Arapahoe,109,74,100,100,0
Arapahoe,109,75,97,97,0
Arapahoe,109,76,99,99,0
Arapahoe,109,77,89,89,0
Arapahoe,109,78,94,94,0
Arapahoe,109,79,100,100,0
Arapahoe,109,8,98,98,0
Arapahoe,109,80,97,97,0
Arapahoe,109,81,99,99,0
Arapahoe,109,82,100,100,0
Arapahoe,109,83,100,100,0
Arapahoe,109,84,99,99,0
Arapahoe,109,85,94,94,0
Arapahoe,109,86,96,96,0
Arapahoe,109,87,100,100,0
Arapahoe,109,88,94,94,0
Arapahoe,109,89,100,100,0
Arapahoe,109,9,100,100,0
Arapahoe,109,90,99,99,0
Arapahoe,109,91,99,99,0
Arapahoe,109,92,100,100,0
Arapahoe,109,93,100,100,0
Arapahoe,109,94,91,91,0
Arapahoe,109,95,100,100,0
Arapahoe,109,96,95,95,0
Arapahoe,109,97,100,100,0
Arapahoe,109,98,100,100,0
Arapahoe,109,99,100,100,0
Arapahoe,110,1,100,100,0
Arapahoe,110,10,100,100,0
Arapahoe,110,100,99,99,0
Arapahoe,110,101,100,100,0
Arapahoe,110,102,99,99,0
Arapahoe,110,103,100,100,0
Arapahoe,110,104,100,100,0
Arapahoe,110,105,99,99,0
Arapahoe,110,106,100,100,0
Arapahoe,110,107,100,100,0
Arapahoe,110,108,100,100,0
Arapahoe,110,109,99,99,0
Arapahoe,110,11,100,100,0
Arapahoe,110,110,99,99,0
Arapahoe,110,111,100,100,0
Arapahoe,110,112,96,96,0
Arapahoe,110,113,100,100,0
Arapahoe,110,114,100,100,0
Arapahoe,110,115,96,96,0
Arapahoe,110,116,100,100,0
Arapahoe,110,117,96,96,0
Arapahoe,110,118,95,95,0
Arapahoe,110,119,100,100,0
Arapahoe,110,12,100,100,0
Arapahoe,110,120,99,99,0
Arapahoe,110,121,97,97,0
Arapahoe,110,122,95,95,0
Arapahoe,110,123,100,100,0
Arapahoe,110,124,100,100,0
Arapahoe,110,125,96,96,0
Arapahoe,110,126,99,99,0
Arapahoe,110,127,97,97,0
Arapahoe,110,128,100,100,0
Arapahoe,110,129,100,100,0
Arapahoe,110,13,100,100,0
Arapahoe,110,130,100,100,0
Arapahoe,110,131,100,100,0
Arapahoe,110,132,92,92,0
Arapahoe,110,133,100,100,0
Arapahoe,110,134,94,94,0
Arapahoe,110,135,97,97,0
Arapahoe,110,136,97,97,0
Arapahoe,110,137,100,100,0
Arapahoe,110,138,96,96,0
Arapahoe,110,139,96,96,0
Arapahoe,110,14,100,100,0
Arapahoe,110,140,100,100,0
Arapahoe,110,141,100,100,0
Arapahoe,110,142,100,100,0
Arapahoe,110,143,95,95,0
Arapahoe,110,144,94,94,0
Arapahoe,110,145,96,96,0
Arapahoe,110,146,100,100,0
Arapahoe,110,147,94,94,0
Arapahoe,110,148,100,100,0
Arapahoe,110,149,100,100,0
Arapahoe,110,15,100,100,0
Arapahoe,110,150,95,95,0
Arapahoe,110,151,100,100,0
Arapahoe,110,152,100,100,0
Arapahoe,110,153,100,100,0
Arapahoe,110,154,97,97,0
Arapahoe,110,155,100,100,0
Arapahoe,110,156,100,100,0
Arapahoe,110,157,96,96,0
Arapahoe,110,158,89,89,0
Arapahoe,110,159,100,100,0
Arapahoe,110,16,99,99,0
Arapahoe,110,160,100,100,0
Arapahoe,110,161,95,95,0
Arapahoe,110,162,95,95,0
Arapahoe,110,163,92,92,0
Arapahoe,110,164,93,93,0
Arapahoe,110,165,97,97,0
Arapahoe,110,166,99,99,0
Arapahoe,110,167,100,100,0
Arapahoe,110,168,96,96,0
Arapahoe,110,169,99,99,0
Arapahoe,110,17,100,100,0
Arapahoe,110,170,99,99,0
Arapahoe,110,171,100,100,0
Arapahoe,110,172,100,100,0
Arapahoe,110,173,100,100,0
Arapahoe,110,174,100,100,0
Arapahoe,110,175,94,94,0
Arapahoe,110,176,96,96,0
Arapahoe,110,177,99,99,0
Arapahoe,110,178,95,95,0
Arapahoe,110,179,99,99,0
Arapahoe,110,18,96,96,0
Arapahoe,110,180,100,100,0
Arapahoe,110,181,100,100,0
Arapahoe,110,182,98,98,0
Arapahoe,110,183,66,66,0
Arapahoe,110,184,92,92,0
Arapahoe,110,185,95,95,0
Arapahoe,110,186,100,100,0
Arapahoe,110,187,96,96,0
Arapahoe,110,188,100,100,0
Arapahoe,110,189,96,96,0
Arapahoe,110,19,100,100,0
Arapahoe,110,190,100,100,0
Arapahoe,110,191,100,100,0
Arapahoe,110,192,96,96,0
Arapahoe,110,193,94,94,0
Arapahoe,110,194,97,97,0
Arapahoe,110,195,100,100,0
Arapahoe,110,196,100,100,0
Arapahoe,110,197,100,100,0
Arapahoe,110,198,91,91,0
Arapahoe,110,199,100,100,0
Arapahoe,110,2,100,100,0
Arapahoe,110,20,93,93,0
Arapahoe,110,200,100,100,0
Arapahoe,110,201,100,100,0
Arapahoe,110,202,100,100,0
Arapahoe,110,203,100,100,0
Arapahoe,110,204,90,90,0
Arapahoe,110,205,97,97,0
Arapahoe,110,206,91,91,0
Arapahoe,110,207,100,100,0
Arapahoe,110,208,96,96,0
Arapahoe,110,209,95,95,0
Arapahoe,110,21,100,100,0
Arapahoe,110,210,99,99,0
Arapahoe,110,211,100,100,0
Arapahoe,110,212,50,50,0
Arapahoe,110,213,100,100,0
Arapahoe,110,214,100,100,0
Arapahoe,110,215,94,94,0
Arapahoe,110,216,100,100,0
Arapahoe,110,217,38,38,0
Arapahoe,110,218,100,100,0
Arapahoe,110,219,96,96,0
Arapahoe,110,22,100,100,0
Arapahoe,110,220,92,92,0
Arapahoe,110,221,100,100,0
Arapahoe,110,222,100,100,0
Arapahoe,110,223,100,100,0
Arapahoe,110,224,100,100,0
Arapahoe,110,225,100,100,0
Arapahoe,110,226,100,100,0
Arapahoe,110,227,92,92,0
Arapahoe,110,228,97,97,0
Arapahoe,110,229,94,94,0
Arapahoe,110,23,96,96,0
Arapahoe,110,230,98,98,0
Arapahoe,110,231,93,93,0
Arapahoe,110,232,95,95,0
Arapahoe,110,233,95,95,0
Arapahoe,110,234,100,100,0
Arapahoe,110,235,100,100,0
Arapahoe,110,236,100,100,0
Arapahoe,110,237,100,100,0
Arapahoe,110,238,100,100,0
Arapahoe,110,239,17,17,0
Arapahoe,110,24,100,100,0
Arapahoe,110,240,100,100,0
Arapahoe,110,25,95,95,0
Arapahoe,110,26,88,88,0
Arapahoe,110,27,99,99,0
Arapahoe,110,28,96,96,0
Arapahoe,110,29,100,100,0
Arapahoe,110,3,100,100,0
Arapahoe,110,30,93,93,0
Arapahoe,110,31,100,100,0
Arapahoe,110,32,90,90,0
Arapahoe,110,33,100,100,0
Arapahoe,110,34,90,90,0
Arapahoe,110,35,91,91,0
Arapahoe,110,36,96,96,0
Arapahoe,110,37,100,100,0
Arapahoe,110,38,93,93,0
Arapahoe,110,39,95,95,0
Arapahoe,110,4,100,100,0
Arapahoe,110,40,91,91,0
Arapahoe,110,41,97,97,0
Arapahoe,110,42,95,95,0
Arapahoe,110,43,96,96,0
Arapahoe,110,44,100,100,0
Arapahoe,110,45,95,95,0
Arapahoe,110,46,98,98,0
Arapahoe,110,47,97,97,0
Arapahoe,110,48,94,94,0
Arapahoe,110,49,100,100,0
Arapahoe,110,5,100,100,0
Arapahoe,110,50,96,96,0
Arapahoe,110,51,98,98,0
Arapahoe,110,52,91,91,0
Arapahoe,110,53,92,92,0
Arapahoe,110,54,89,89,0
Arapahoe,110,55,100,100,0
Arapahoe,110,56,100,100,0
Arapahoe,110,57,100,100,0
Arapahoe,110,58,100,100,0
Arapahoe,110,59,100,100,0
Arapahoe,110,6,95,95,0
Arapahoe,110,60,98,98,0
Arapahoe,110,61,100,100,0
Arapahoe,110,62,100,100,0
Arapahoe,110,63,92,92,0
Arapahoe,110,64,93,93,0
Arapahoe,110,65,91,91,0
Arapahoe,110,66,96,96,0
Arapahoe,110,67,100,100,0
Arapahoe,110,68,100,100,0
Arapahoe,110,69,100,100,0
Arapahoe,110,7,83,83,0
Arapahoe,110,70,100,100,0
Arapahoe,110,71,98,98,0
Arapahoe,110,72,100,100,0
Arapahoe,110,73,100,100,0
Arapahoe,110,74,100,100,0
Arapahoe,110,75,100,100,0
Arapahoe,110,76,99,99,0
Arapahoe,110,77,99,99,0
Arapahoe,110,78,100,100,0
Arapahoe,110,79,98,98,0
Arapahoe,110,8,100,100,0
Arapahoe,110,80,100,100,0
Arapahoe,110,81,100,100,0
Arapahoe,110,82,98,98,0
Arapahoe,110,83,98,98,0
Arapahoe,110,84,99,99,0
Arapahoe,110,85,99,99,0
Arapahoe,110,86,97,97,0
Arapahoe,110,87,100,100,0
Arapahoe,110,88,100,100,0
Arapahoe,110,89,100,100,0
Arapahoe,110,9,100,100,0
Arapahoe,110,90,100,100,0
Arapahoe,110,91,100,100,0
Arapahoe,110,92,100,100,0
Arapahoe,110,93,100,100,0
Arapahoe,110,94,100,100,0
Arapahoe,110,95,100,100,0
Arapahoe,110,96,100,100,0
Arapahoe,110,97,100,100,0
Arapahoe,110,98,100,100,0
Arapahoe,110,99,100,100,0
Arapahoe,111,1,61,61,0
Arapahoe,111,10,162,162,0
Arapahoe,111,11,135,135,0
Arapahoe,111,12,108,108,0
Arapahoe,111,13,115,115,0
Arapahoe,111,14,78,78,0
Arapahoe,111,15,92,92,0
Arapahoe,111,16,125,125,0
Arapahoe,111,17,107,107,0
Arapahoe,111,18,87,87,0
Arapahoe,111,19,87,87,0
Arapahoe,111,2,45,45,0
Arapahoe,111,3,49,49,0
Arapahoe,111,4,52,52,0
Arapahoe,111,5,52,52,0
Arapahoe,111,6,37,37,0
Arapahoe,111,7,173,173,0
Arapahoe,111,8,98,98,0
Arapahoe,111,9,134,134,0
Archuleta,101,1,17,17,0
Archuleta,101,10,25,25,0
Archuleta,101,100,25,25,0
Archuleta,101,101,25,25,0
Archuleta,101,102,26,26,0
Archuleta,101,103,25,25,0
Archuleta,101,104,7,7,0
Archuleta,101,105,25,25,0
Archuleta,101,106,27,27,0
Archuleta,101,107,24,24,0
Archuleta,101,108,14,14,0
Archuleta,101,109,12,12,0
Archuleta,101,11,25,25,0
Archuleta,101,110,25,25,0
Archuleta,101,111,25,25,0
Archuleta,101,112,26,26,0
Archuleta,101,113,27,27,0
Archuleta,101,114,27,27,0
Archuleta,101,115,27,27,0
Archuleta,101,116,27,27,0
Archuleta,101,117,27,27,0
Archuleta,101,118,25,25,0
Archuleta,101,119,27,27,0
Archuleta,101,12,25,25,0
Archuleta,101,120,22,22,0
Archuleta,101,121,10,10,0
Archuleta,101,122,26,26,0
Archuleta,101,123,21,21,0
Archuleta,101,124,15,15,0
Archuleta,101,125,11,11,0
Archuleta,101,126,32,32,0
Archuleta,101,127,26,26,0
Archuleta,101,128,26,26,0
Archuleta,101,129,28,28,0
Archuleta,101,13,25,25,0
Archuleta,101,130,16,16,0
Archuleta,101,131,24,24,0
Archuleta,101,132,25,25,0
Archuleta,101,133,25,25,0
Archuleta,101,134,24,24,0
Archuleta,101,135,25,25,0
Archuleta,101,136,26,26,0
Archuleta,101,137,25,25,0
Archuleta,101,138,25,25,0
Archuleta,101,139,25,25,0
Archuleta,101,14,25,25,0
Archuleta,101,140,10,10,0
Archuleta,101,141,20,20,0
Archuleta,101,142,25,25,0
Archuleta,101,143,25,25,0
Archuleta,101,144,25,25,0
Archuleta,101,145,24,24,0
Archuleta,101,146,22,22,0
Archuleta,101,147,16,16,0
Archuleta,101,148,16,16,0
Archuleta,101,149,8,8,0
Archuleta,101,15,25,25,0
Archuleta,101,150,10,10,0
Archuleta,101,151,22,22,0
Archuleta,101,152,23,23,0
Archuleta,101,153,27,27,0
Archuleta,101,154,28,28,0
Archuleta,101,155,24,24,0
Archuleta,101,156,17,17,0
Archuleta,101,157,25,25,0
Archuleta,101,158,23,23,0
Archuleta,101,159,24,24,0
Archuleta,101,16,25,25,0
Archuleta,101,160,28,28,0
Archuleta,101,161,16,16,0
Archuleta,101,162,25,25,0
Archuleta,101,163,25,25,0
Archuleta,101,164,27,27,0
Archuleta,101,165,25,25,0
Archuleta,101,166,25,25,0
Archuleta,101,167,25,25,0
Archuleta,101,168,25,25,0
Archuleta,101,169,24,24,0
Archuleta,101,17,20,20,0
Archuleta,101,170,25,25,0
Archuleta,101,171,23,23,0
Archuleta,101,172,21,21,0
Archuleta,101,173,25,25,0
Archuleta,101,174,25,25,0
Archuleta,101,175,23,23,0
Archuleta,101,176,25,25,0
Archuleta,101,177,25,25,0
Archuleta,101,178,18,18,0
Archuleta,101,179,25,25,0
Archuleta,101,18,25,25,0
Archuleta,101,180,13,13,0
Archuleta,101,181,25,25,0
Archuleta,101,182,23,23,0
Archuleta,101,183,27,27,0
Archuleta,101,184,28,28,0
Archuleta,101,185,25,25,0
Archuleta,101,186,24,24,0
Archuleta,101,187,8,8,0
Archuleta,101,188,25,25,0
Archuleta,101,189,21,21,0
Archuleta,101,19,25,25,0
Archuleta,101,190,28,28,0
Archuleta,101,191,11,11,0
Archuleta,101,192,9,9,0
Archuleta,101,193,26,26,0
Archuleta,101,194,24,24,0
Archuleta,101,195,25,25,0
Archuleta,101,196,13,13,0
Archuleta,101,197,25,25,0
Archuleta,101,198,25,25,0
Archuleta,101,199,22,22,0
Archuleta,101,2,25,25,0
Archuleta,101,20,23,23,0
Archuleta,101,200,23,23,0
Archuleta,101,201,15,15,0
Archuleta,101,202,26,26,0
Archuleta,101,203,25,25,0
Archuleta,101,204,7,7,0
Archuleta,101,205,18,18,0
Archuleta,101,206,11,11,0
Archuleta,101,207,28,28,0
Archuleta,101,208,27,27,0
Archuleta,101,209,25,25,0
Archuleta,101,21,25,25,0
Archuleta,101,210,26,26,0
Archuleta,101,211,11,11,0
Archuleta,101,212,5,5,0
Archuleta,101,213,25,25,0
Archuleta,101,214,11,11,0
Archuleta,101,215,25,25,0
Archuleta,101,216,25,25,0
Archuleta,101,217,25,25,0
Archuleta,101,218,15,15,0
Archuleta,101,219,25,25,0
Archuleta,101,22,21,21,0
Archuleta,101,220,25,25,0
Archuleta,101,221,74,74,0
Archuleta,101,222,11,11,0
Archuleta,101,223,25,25,0
Archuleta,101,224,25,25,0
Archuleta,101,225,25,25,0
Archuleta,101,226,7,7,0
Archuleta,101,227,15,15,0
Archuleta,101,228,23,23,0
Archuleta,101,229,25,25,0
Archuleta,101,23,25,25,0
Archuleta,101,230,8,8,0
Archuleta,101,231,24,24,0
Archuleta,101,232,11,11,0
Archuleta,101,233,4,4,0
Archuleta,101,234,15,15,0
Archuleta,101,235,8,8,0
Archuleta,101,236,46,46,0
Archuleta,101,24,22,22,0
Archuleta,101,25,25,25,0
Archuleta,101,26,25,25,0
Archuleta,101,27,25,25,0
Archuleta,101,28,25,25,0
Archuleta,101,29,23,23,0
Archuleta,101,3,25,25,0
Archuleta,101,30,23,23,0
Archuleta,101,31,10,10,0
Archuleta,101,32,25,25,0
Archuleta,101,33,25,25,0
Archuleta,101,34,22,22,0
Archuleta,101,35,24,24,0
Archuleta,101,36,25,25,0
Archuleta,101,37,25,25,0
Archuleta,101,38,25,25,0
Archuleta,101,39,25,25,0
Archuleta,101,4,22,22,0
Archuleta,101,40,25,25,0
Archuleta,101,41,25,25,0
Archuleta,101,42,25,25,0
Archuleta,101,43,25,25,0
Archuleta,101,44,25,25,0
Archuleta,101,45,25,25,0
Archuleta,101,46,26,26,0
Archuleta,101,47,25,25,0
Archuleta,101,48,25,25,0
Archuleta,101,49,24,24,0
Archuleta,101,5,14,14,0
Archuleta,101,50,24,24,0
Archuleta,101,51,18,18,0
Archuleta,101,52,23,23,0
Archuleta,101,53,25,25,0
Archuleta,101,54,25,25,0
Archuleta,101,55,25,25,0
Archuleta,101,56,25,25,0
Archuleta,101,57,25,25,0
Archuleta,101,58,25,25,0
Archuleta,101,59,25,25,0
Archuleta,101,6,25,25,0
Archuleta,101,60,18,18,0
Archuleta,101,61,24,24,0
Archuleta,101,62,22,22,0
Archuleta,101,63,25,25,0
Archuleta,101,64,17,17,0
Archuleta,101,65,24,24,0
Archuleta,101,66,25,25,0
Archuleta,101,67,25,25,0
Archuleta,101,68,25,25,0
Archuleta,101,69,18,18,0
Archuleta,101,7,24,24,0
Archuleta,101,70,20,20,0
Archuleta,101,71,7,7,0
Archuleta,101,72,25,25,0
Archuleta,101,73,25,25,0
Archuleta,101,74,25,25,0
Archuleta,101,75,16,16,0
Archuleta,101,76,14,14,0
Archuleta,101,77,14,14,0
Archuleta,101,78,25,25,0
Archuleta,101,79,22,22,0
Archuleta,101,8,18,18,0
Archuleta,101,80,17,17,0
Archuleta,101,81,24,24,0
Archuleta,101,82,22,22,0
Archuleta,101,83,21,21,0
Archuleta,101,84,25,25,0
Archuleta,101,85,25,25,0
Archuleta,101,86,28,28,0
Archuleta,101,87,26,26,0
Archuleta,101,88,24,24,0
Archuleta,101,89,25,25,0
Archuleta,101,9,26,26,0
Archuleta,101,90,27,27,0
Archuleta,101,91,25,25,0
Archuleta,101,92,18,18,0
Archuleta,101,93,25,25,0
Archuleta,101,94,19,19,0
Archuleta,101,95,25,25,0
Archuleta,101,96,20,20,0
Archuleta,101,97,25,25,0
Archuleta,101,98,16,16,0
Archuleta,101,99,25,25,0
Baca,101,1,25,25,0
Baca,101,10,25,25,0
Baca,101,11,25,25,0
Baca,101,12,25,25,0
Baca,101,13,25,25,0
Baca,101,14,25,25,0
Baca,101,15,25,25,0
Baca,101,16,25,25,0
Baca,101,17,25,25,0
Baca,101,18,25,25,0
Baca,101,19,25,25,0
Baca,101,2,25,25,0
Baca,101,20,25,25,0
Baca,101,21,25,25,0
Baca,101,22,25,25,0
Baca,101,23,25,25,0
Baca,101,24,25,25,0
Baca,101,25,25,25,0
Baca,101,26,24,24,0
Baca,101,27,25,25,0
Baca,101,28,25,25,0
Baca,101,29,25,25,0
Baca,101,3,25,25,0
Baca,101,30,26,26,0
Baca,101,31,25,25,0
Baca,101,32,25,25,0
Baca,101,33,25,25,0
Baca,101,34,25,25,0
Baca,101,35,25,25,0
Baca,101,36,25,25,0
Baca,101,37,24,24,0
Baca,101,38,27,27,0
Baca,101,39,25,25,0
Baca,101,4,25,25,0
Baca,101,40,25,25,0
Baca,101,41,25,25,0
Baca,101,42,25,25,0
Baca,101,43,25,25,0
Baca,101,44,25,25,0
Baca,101,45,25,25,0
Baca,101,46,25,25,0
Baca,101,47,23,23,0
Baca,101,48,24,24,0
Baca,101,49,25,25,0
Baca,101,5,25,25,0
Baca,101,50,25,25,0
Baca,101,51,21,21,0
Baca,101,52,28,28,0
Baca,101,6,25,25,0
Baca,101,7,25,25,0
Baca,101,8,25,25,0
Baca,101,9,25,25,0
Bent,101,1,25,25,0
Bent,101,10,25,25,0
Bent,101,11,25,25,0
Bent,101,12,25,25,0
Bent,101,13,25,25,0
Bent,101,14,25,25,0
Bent,101,15,25,25,0
Bent,101,16,25,25,0
Bent,101,17,25,25,0
Bent,101,18,25,25,0
Bent,101,19,25,25,0
Bent,101,2,25,25,0
Bent,101,20,25,25,0
Bent,101,21,25,25,0
Bent,101,22,25,25,0
Bent,101,23,25,25,0
Bent,101,24,25,25,0
Bent,101,25,25,25,0
Bent,101,26,25,25,0
Bent,101,27,25,25,0
Bent,101,28,25,25,0
Bent,101,29,25,25,0
Bent,101,3,25,25,0
Bent,101,30,25,25,0
Bent,101,31,25,25,0
Bent,101,32,25,25,0
Bent,101,33,25,25,0
Bent,101,34,25,25,0
Bent,101,35,25,25,0
Bent,101,36,25,25,0
Bent,101,37,25,25,0
Bent,101,38,25,25,0
Bent,101,39,25,25,0
Bent,101,4,25,25,0
Bent,101,40,25,25,0
Bent,101,41,25,25,0
Bent,101,42,25,25,0
Bent,101,43,25,25,0
Bent,101,44,25,25,0
Bent,101,45,25,25,0
Bent,101,46,25,25,0
Bent,101,47,25,25,0
Bent,101,48,25,25,0
Bent,101,49,25,25,0
Bent,101,5,25,25,0
Bent,101,50,26,26,0
Bent,101,51,25,25,0
Bent,101,6,25,25,0
Bent,101,7,25,25,0
Bent,101,8,25,25,0
Bent,101,9,25,25,0
Boulder,101,1,149,149,0
Boulder,101,10,150,150,0
Boulder,101,100,148,148,0
Boulder,101,101,149,149,0
Boulder,101,102,150,150,0
Boulder,101,103,149,149,0
Boulder,101,104,148,148,0
Boulder,101,105,150,150,0
Boulder,101,106,150,150,0
Boulder,101,107,150,150,0
Boulder,101,108,150,150,0
Boulder,101,109,148,148,0
Boulder,101,11,121,121,0
Boulder,101,110,150,150,0
Boulder,101,111,150,150,0
Boulder,101,112,149,149,0
Boulder,101,113,148,148,0
Boulder,101,114,148,148,0
Boulder,101,116,149,149,0
Boulder,101,117,150,150,0
Boulder,101,118,150,150,0
Boulder,101,119,149,149,0
Boulder,101,12,149,149,0
Boulder,101,120,149,149,0
Boulder,101,121,150,150,0
Boulder,101,122,150,150,0
Boulder,101,123,149,149,0
Boulder,101,124,150,150,0
Boulder,101,125,150,150,0
Boulder,101,126,149,149,0
Boulder,101,127,149,149,0
Boulder,101,128,150,150,0
Boulder,101,129,149,149,0
Boulder,101,13,148,148,0
Boulder,101,130,150,150,0
Boulder,101,131,149,149,0
Boulder,101,132,150,150,0
Boulder,101,133,149,149,0
Boulder,101,134,149,149,0
Boulder,101,135,149,149,0
Boulder,101,136,150,150,0
Boulder,101,137,149,149,0
Boulder,101,138,149,149,0
Boulder,101,139,150,150,0
Boulder,101,14,149,149,0
Boulder,101,140,150,150,0
Boulder,101,141,149,149,0
Boulder,101,142,149,149,0
Boulder,101,143,150,150,0
Boulder,101,144,150,150,0
Boulder,101,145,150,150,0
Boulder,101,146,147,147,0
Boulder,101,147,149,149,0
Boulder,101,148,149,149,0
Boulder,101,149,149,149,0
Boulder,101,15,149,149,0
Boulder,101,150,147,147,0
Boulder,101,151,149,149,0
Boulder,101,152,150,150,0
Boulder,101,153,150,150,0
Boulder,101,154,149,149,0
Boulder,101,155,149,149,0
Boulder,101,156,148,148,0
Boulder,101,157,150,150,0
Boulder,101,158,114,114,0
Boulder,101,159,148,148,0
Boulder,101,16,147,147,0
Boulder,101,160,150,150,0
Boulder,101,161,149,149,0
Boulder,101,162,150,150,0
Boulder,101,163,150,150,0
Boulder,101,164,150,150,0
Boulder,101,165,18,18,0
Boulder,101,166,9,9,0
Boulder,101,17,150,150,0
Boulder,101,18,150,150,0
Boulder,101,19,146,146,0
Boulder,101,2,150,150,0
Boulder,101,20,150,150,0
Boulder,101,21,150,150,0
Boulder,101,22,150,150,0
Boulder,101,23,149,149,0
Boulder,101,24,150,150,0
Boulder,101,25,150,150,0
Boulder,101,26,149,149,0
Boulder,101,27,148,148,0
Boulder,101,28,149,149,0
Boulder,101,29,149,149,0
Boulder,101,3,148,148,0
Boulder,101,30,150,150,0
Boulder,101,31,150,150,0
Boulder,101,32,150,150,0
Boulder,101,33,144,144,0
Boulder,101,34,146,146,0
Boulder,101,35,150,150,0
Boulder,101,36,147,147,0
Boulder,101,37,150,150,0
Boulder,101,38,148,148,0
Boulder,101,39,150,150,0
Boulder,101,4,149,149,0
Boulder,101,40,148,148,0
Boulder,101,41,150,150,0
Boulder,101,42,149,149,0
Boulder,101,43,147,147,0
Boulder,101,44,149,149,0
Boulder,101,45,150,150,0
Boulder,101,46,150,150,0
Boulder,101,47,149,149,0
Boulder,101,48,150,150,0
Boulder,101,49,150,150,0
Boulder,101,5,150,150,0
Boulder,101,50,148,148,0
Boulder,101,51,146,146,0
Boulder,101,52,149,149,0
Boulder,101,53,149,149,0
Boulder,101,54,150,150,0
Boulder,101,55,148,148,0
Boulder,101,56,148,148,0
Boulder,101,57,150,150,0
Boulder,101,58,149,149,0
Boulder,101,59,148,148,0
Boulder,101,6,150,150,0
Boulder,101,60,150,150,0
Boulder,101,61,149,149,0
Boulder,101,62,150,150,0
Boulder,101,63,149,149,0
Boulder,101,64,150,150,0
Boulder,101,65,149,149,0
Boulder,101,66,149,149,0
Boulder,101,67,149,149,0
Boulder,101,68,149,149,0
Boulder,101,69,150,150,0
Boulder,101,7,149,149,0
Boulder,101,70,149,149,0
Boulder,101,71,150,150,0
Boulder,101,72,147,147,0
Boulder,101,73,149,149,0
Boulder,101,74,149,149,0
Boulder,101,75,150,150,0
Boulder,101,76,150,150,0
Boulder,101,77,149,149,0
Boulder,101,78,150,150,0
Boulder,101,79,149,149,0
Boulder,101,8,150,150,0
Boulder,101,80,150,150,0
Boulder,101,81,149,149,0
Boulder,101,82,150,150,0
Boulder,101,83,148,148,0
Boulder,101,84,150,150,0
Boulder,101,85,149,149,0
Boulder,101,86,150,150,0
Boulder,101,87,148,148,0
Boulder,101,88,147,147,0
Boulder,101,89,150,150,0
Boulder,101,9,150,150,0
Boulder,101,90,149,149,0
Boulder,101,91,150,150,0
Boulder,101,92,149,149,0
Boulder,101,93,150,150,0
Boulder,101,94,149,149,0
Boulder,101,95,150,150,0
Boulder,101,96,149,149,0
Boulder,101,97,150,150,0
Boulder,101,98,150,150,0
Boulder,101,99,149,149,0
Boulder,102,1,149,149,0
Boulder,102,10,146,146,0
Boulder,102,100,149,149,0
Boulder,102,101,147,147,0
Boulder,102,102,148,148,0
Boulder,102,103,150,150,0
Boulder,102,104,150,150,0
Boulder,102,105,149,149,0
Boulder,102,106,148,148,0
Boulder,102,107,148,148,0
Boulder,102,108,149,149,0
Boulder,102,109,149,149,0
Boulder,102,11,149,149,0
Boulder,102,110,150,150,0
Boulder,102,111,150,150,0
Boulder,102,112,149,149,0
Boulder,102,113,150,150,0
Boulder,102,114,150,150,0
Boulder,102,115,148,148,0
Boulder,102,116,148,148,0
Boulder,102,117,150,150,0
Boulder,102,118,148,148,0
Boulder,102,119,150,150,0
Boulder,102,12,150,150,0
Boulder,102,120,150,150,0
Boulder,102,121,150,150,0
Boulder,102,122,147,147,0
Boulder,102,123,149,149,0
Boulder,102,124,150,150,0
Boulder,102,125,148,148,0
Boulder,102,126,150,150,0
Boulder,102,127,150,150,0
Boulder,102,128,149,149,0
Boulder,102,129,149,149,0
Boulder,102,13,149,149,0
Boulder,102,130,150,150,0
Boulder,102,131,150,150,0
Boulder,102,132,149,149,0
Boulder,102,133,148,148,0
Boulder,102,134,150,150,0
Boulder,102,135,149,149,0
Boulder,102,136,149,149,0
Boulder,102,137,150,150,0
Boulder,102,138,146,146,0
Boulder,102,139,148,148,0
Boulder,102,14,150,150,0
Boulder,102,15,149,149,0
Boulder,102,16,150,150,0
Boulder,102,17,149,149,0
Boulder,102,18,149,149,0
Boulder,102,19,149,149,0
Boulder,102,2,149,149,0
Boulder,102,20,150,150,0
Boulder,102,21,150,150,0
Boulder,102,22,149,149,0
Boulder,102,23,149,149,0
Boulder,102,24,149,149,0
Boulder,102,25,149,149,0
Boulder,102,26,148,148,0
Boulder,102,27,150,150,0
Boulder,102,28,150,150,0
Boulder,102,29,150,150,0
Boulder,102,3,150,150,0
Boulder,102,30,149,149,0
Boulder,102,31,150,150,0
Boulder,102,32,149,149,0
Boulder,102,33,150,150,0
Boulder,102,34,150,150,0
Boulder,102,35,150,150,0
Boulder,102,36,150,150,0
Boulder,102,37,150,150,0
Boulder,102,38,150,150,0
Boulder,102,39,148,148,0
Boulder,102,4,149,149,0
Boulder,102,40,150,150,0
Boulder,102,41,150,150,0
Boulder,102,42,149,149,0
Boulder,102,43,149,149,0
Boulder,102,44,149,149,0
Boulder,102,45,149,149,0
Boulder,102,46,148,148,0
Boulder,102,47,150,150,0
Boulder,102,48,149,149,0
Boulder,102,49,150,150,0
Boulder,102,5,150,150,0
Boulder,102,50,150,150,0
Boulder,102,51,149,149,0
Boulder,102,52,149,149,0
Boulder,102,53,149,149,0
Boulder,102,54,150,150,0
Boulder,102,55,150,150,0
Boulder,102,56,149,149,0
Boulder,102,57,150,150,0
Boulder,102,58,147,147,0
Boulder,102,59,149,149,0
Boulder,102,6,150,150,0
Boulder,102,60,145,145,0
Boulder,102,61,149,149,0
Boulder,102,62,150,150,0
Boulder,102,63,150,150,0
Boulder,102,64,149,149,0
Boulder,102,65,148,148,0
Boulder,102,66,150,150,0
Boulder,102,67,150,150,0
Boulder,102,68,148,148,0
Boulder,102,69,150,150,0
Boulder,102,7,149,149,0
Boulder,102,70,149,149,0
Boulder,102,71,150,150,0
Boulder,102,72,149,149,0
Boulder,102,73,150,150,0
Boulder,102,74,149,149,0
Boulder,102,75,150,150,0
Boulder,102,76,149,149,0
Boulder,102,77,150,150,0
Boulder,102,78,149,149,0
Boulder,102,79,150,150,0
Boulder,102,8,149,149,0
Boulder,102,80,146,146,0
Boulder,102,81,150,150,0
Boulder,102,82,150,150,0
Boulder,102,83,150,150,0
Boulder,102,84,147,147,0
Boulder,102,85,148,148,0
Boulder,102,86,148,148,0
Boulder,102,87,149,149,0
Boulder,102,88,150,150,0
Boulder,102,89,150,150,0
Boulder,102,9,150,150,0
Boulder,102,90,149,149,0
Boulder,102,91,148,148,0
Boulder,102,92,150,150,0
Boulder,102,93,148,148,0
Boulder,102,94,150,150,0
Boulder,102,95,148,148,0
Boulder,102,96,147,147,0
Boulder,102,97,147,147,0
Boulder,102,98,150,150,0
Boulder,102,99,148,148,0
Boulder,103,1,149,149,0
Boulder,103,10,150,150,0
Boulder,103,11,149,149,0
Boulder,103,12,150,150,0
Boulder,103,13,147,147,0
Boulder,103,14,150,150,0
Boulder,103,15,148,148,0
Boulder,103,16,149,149,0
Boulder,103,17,146,146,0
Boulder,103,18,150,150,0
Boulder,103,19,150,150,0
Boulder,103,2,150,150,0
Boulder,103,20,150,150,0
Boulder,103,21,145,145,0
Boulder,103,22,147,147,0
Boulder,103,23,149,149,0
Boulder,103,24,150,150,0
Boulder,103,25,148,148,0
Boulder,103,26,150,150,0
Boulder,103,27,149,149,0
Boulder,103,28,150,150,0
Boulder,103,29,149,149,0
Boulder,103,3,149,149,0
Boulder,103,30,147,147,0
Boulder,103,31,149,149,0
Boulder,103,32,150,150,0
Boulder,103,33,150,150,0
Boulder,103,34,148,148,0
Boulder,103,35,150,150,0
Boulder,103,36,149,149,0
Boulder,103,37,149,149,0
Boulder,103,38,150,150,0
Boulder,103,39,148,148,0
Boulder,103,4,150,150,0
Boulder,103,40,134,134,0
Boulder,103,41,150,150,0
Boulder,103,42,150,150,0
Boulder,103,43,149,149,0
Boulder,103,44,150,150,0
Boulder,103,45,150,150,0
Boulder,103,46,150,150,0
Boulder,103,47,150,150,0
Boulder,103,48,149,149,0
Boulder,103,49,149,149,0
Boulder,103,5,150,150,0
Boulder,103,50,150,150,0
Boulder,103,51,148,148,0
Boulder,103,52,150,150,0
Boulder,103,53,149,149,0
Boulder,103,54,149,149,0
Boulder,103,55,150,150,0
Boulder,103,56,149,149,0
Boulder,103,57,150,150,0
Boulder,103,58,150,150,0
Boulder,103,59,149,149,0
Boulder,103,6,148,148,0
Boulder,103,60,150,150,0
Boulder,103,61,150,150,0
Boulder,103,62,149,149,0
Boulder,103,63,149,149,0
Boulder,103,64,149,149,0
Boulder,103,65,148,148,0
Boulder,103,66,150,150,0
Boulder,103,67,148,148,0
Boulder,103,68,150,150,0
Boulder,103,69,149,149,0
Boulder,103,7,150,150,0
Boulder,103,70,148,148,0
Boulder,103,71,149,149,0
Boulder,103,72,149,149,0
Boulder,103,73,149,149,0
Boulder,103,74,150,150,0
Boulder,103,75,150,150,0
Boulder,103,76,149,149,0
Boulder,103,77,150,150,0
Boulder,103,78,150,150,0
Boulder,103,79,150,150,0
Boulder,103,8,150,150,0
Boulder,103,9,148,148,0
Boulder,104,1,150,150,0
Boulder,105,1,150,150,0
Boulder,105,10,150,150,0
Boulder,105,12,150,150,0
Boulder,105,13,150,150,0
Boulder,105,14,150,150,0
Boulder,105,15,150,150,0
Boulder,105,16,148,148,0
Boulder,105,17,150,150,0
Boulder,105,18,150,150,0
Boulder,105,19,148,148,0
Boulder,105,2,148,148,0
Boulder,105,20,149,149,0
Boulder,105,21,148,148,0
Boulder,105,22,149,149,0
Boulder,105,23,149,149,0
Boulder,105,24,150,150,0
Boulder,105,26,150,150,0
Boulder,105,27,150,150,0
Boulder,105,28,150,150,0
Boulder,105,29,150,150,0
Boulder,105,3,150,150,0
Boulder,105,30,148,148,0
Boulder,105,31,149,149,0
Boulder,105,32,147,147,0
Boulder,105,33,149,149,0
Boulder,105,34,150,150,0
Boulder,105,35,150,150,0
Boulder,105,36,150,150,0
Boulder,105,37,150,150,0
Boulder,105,38,150,150,0
Boulder,105,39,150,150,0
Boulder,105,4,148,148,0
Boulder,105,40,150,150,0
Boulder,105,41,150,150,0
Boulder,105,42,149,149,0
Boulder,105,43,148,148,0
Boulder,105,44,148,148,0
Boulder,105,45,149,149,0
Boulder,105,46,150,150,0
Boulder,105,47,150,150,0
Boulder,105,48,150,150,0
Boulder,105,49,150,150,0
Boulder,105,5,150,150,0
Boulder,105,50,149,149,0
Boulder,105,51,150,150,0
Boulder,105,52,126,126,0
Boulder,105,53,150,150,0
Boulder,105,54,134,134,0
Boulder,105,55,150,150,0
Boulder,105,56,150,150,0
Boulder,105,57,150,150,0
Boulder,105,58,150,150,0
Boulder,105,59,149,149,0
Boulder,105,6,150,150,0
Boulder,105,60,150,150,0
Boulder,105,61,150,150,0
Boulder,105,62,145,145,0
Boulder,105,63,150,150,0
Boulder,105,64,149,149,0
Boulder,105,65,148,148,0
Boulder,105,66,149,149,0
Boulder,105,67,149,149,0
Boulder,105,68,148,148,0
Boulder,105,69,150,150,0
Boulder,105,7,146,146,0
Boulder,105,70,150,150,0
Boulder,105,71,148,148,0
Boulder,105,72,148,148,0
Boulder,105,73,147,147,0
Boulder,105,74,148,148,0
Boulder,105,75,150,150,0
Boulder,105,76,150,150,0
Boulder,105,77,150,150,0
Boulder,105,78,149,149,0
Boulder,105,79,147,147,0
Boulder,105,8,150,150,0
Boulder,105,80,148,148,0
Boulder,105,81,148,148,0
Boulder,105,82,149,149,0
Boulder,105,83,149,149,0
Boulder,105,84,150,150,0
Boulder,105,85,150,150,0
Boulder,105,86,148,148,0
Boulder,105,87,144,144,0
Boulder,105,88,221,221,0
Boulder,105,9,149,149,0
Boulder,106,1,146,146,0
Boulder,106,10,149,149,0
Boulder,106,11,149,149,0
Boulder,106,12,150,150,0
Boulder,106,13,149,149,0
Boulder,106,14,148,148,0
Boulder,106,15,150,150,0
Boulder,106,16,149,149,0
Boulder,106,17,150,150,0
Boulder,106,18,149,149,0
Boulder,106,19,150,150,0
Boulder,106,2,150,150,0
Boulder,106,20,149,149,0
Boulder,106,21,149,149,0
Boulder,106,22,150,150,0
Boulder,106,23,149,149,0
Boulder,106,24,150,150,0
Boulder,106,25,150,150,0
Boulder,106,26,150,150,0
Boulder,106,27,150,150,0
Boulder,106,28,150,150,0
Boulder,106,29,150,150,0
Boulder,106,3,150,150,0
Boulder,106,30,148,148,0
Boulder,106,31,149,149,0
Boulder,106,32,148,148,0
Boulder,106,33,148,148,0
Boulder,106,34,148,148,0
Boulder,106,35,149,149,0
Boulder,106,36,149,149,0
Boulder,106,37,149,149,0
Boulder,106,38,150,150,0
Boulder,106,39,148,148,0
Boulder,106,4,148,148,0
Boulder,106,40,150,150,0
Boulder,106,41,150,150,0
Boulder,106,42,149,149,0
Boulder,106,43,150,150,0
Boulder,106,44,133,133,0
Boulder,106,45,149,149,0
Boulder,106,46,149,149,0
Boulder,106,47,150,150,0
Boulder,106,48,150,150,0
Boulder,106,49,149,149,0
Boulder,106,5,150,150,0
Boulder,106,50,149,149,0
Boulder,106,51,150,150,0
Boulder,106,52,148,148,0
Boulder,106,53,150,150,0
Boulder,106,54,148,148,0
Boulder,106,55,148,148,0
Boulder,106,56,150,150,0
Boulder,106,57,150,150,0
Boulder,106,58,149,149,0
Boulder,106,59,149,149,0
Boulder,106,6,149,149,0
Boulder,106,60,150,150,0
Boulder,106,61,150,150,0
Boulder,106,62,150,150,0
Boulder,106,63,149,149,0
Boulder,106,64,149,149,0
Boulder,106,65,149,149,0
Boulder,106,66,150,150,0
Boulder,106,67,149,149,0
Boulder,106,68,150,150,0
Boulder,106,69,149,149,0
Boulder,106,7,150,150,0
Boulder,106,70,150,150,0
Boulder,106,71,150,150,0
Boulder,106,72,147,147,0
Boulder,106,73,147,147,0
Boulder,106,8,150,150,0
Boulder,106,9,148,148,0
Boulder,107,1,150,150,0
Boulder,107,10,146,146,0
Boulder,107,11,149,149,0
Boulder,107,12,150,150,0
Boulder,107,13,150,150,0
Boulder,107,14,150,150,0
Boulder,107,15,150,150,0
Boulder,107,16,150,150,0
Boulder,107,17,150,150,0
Boulder,107,18,150,150,0
Boulder,107,19,150,150,0
Boulder,107,2,150,150,0
Boulder,107,20,148,148,0
Boulder,107,21,150,150,0
Boulder,107,22,149,149,0
Boulder,107,23,149,149,0
Boulder,107,24,149,149,0
Boulder,107,25,150,150,0
Boulder,107,26,150,150,0
Boulder,107,27,148,148,0
Boulder,107,28,149,149,0
Boulder,107,29,150,150,0
Boulder,107,3,150,150,0
Boulder,107,30,150,150,0
Boulder,107,31,150,150,0
Boulder,107,32,148,148,0
Boulder,107,33,150,150,0
Boulder,107,34,149,149,0
Boulder,107,35,150,150,0
Boulder,107,36,150,150,0
Boulder,107,37,149,149,0
Boulder,107,38,149,149,0
Boulder,107,39,149,149,0
Boulder,107,4,150,150,0
Boulder,107,40,150,150,0
Boulder,107,41,150,150,0
Boulder,107,42,150,150,0
Boulder,107,43,149,149,0
Boulder,107,44,149,149,0
Boulder,107,45,150,150,0
Boulder,107,46,148,148,0
Boulder,107,47,148,148,0
Boulder,107,5,150,150,0
Boulder,107,6,150,150,0
Boulder,107,7,150,150,0
Boulder,107,8,148,148,0
Boulder,107,9,150,150,0
Boulder,108,1,150,150,0
Boulder,108,10,66,66,0
Boulder,108,11,150,150,0
Boulder,108,12,149,149,0
Boulder,108,13,150,150,0
Boulder,108,14,30,30,0
Boulder,108,15,149,149,0
Boulder,108,16,149,149,0
Boulder,108,17,136,136,0
Boulder,108,18,149,149,0
Boulder,108,19,150,150,0
Boulder,108,2,150,150,0
Boulder,108,20,113,113,0
Boulder,108,21,150,150,0
Boulder,108,22,152,152,0
Boulder,108,23,149,149,0
Boulder,108,24,150,150,0
Boulder,108,25,127,127,0
Boulder,108,26,156,156,0
Boulder,108,27,150,150,0
Boulder,108,28,150,150,0
Boulder,108,29,114,114,0
Boulder,108,3,150,150,0
Boulder,108,30,99,99,0
Boulder,108,31,497,497,0
Boulder,108,32,78,78,0
Boulder,108,33,68,68,0
Boulder,108,34,64,64,0
Boulder,108,35,342,342,0
Boulder,108,36,53,53,0
Boulder,108,37,130,130,0
Boulder,108,38,74,74,0
Boulder,108,39,304,304,0
Boulder,108,4,149,149,0
Boulder,108,40,150,150,0
Boulder,108,41,150,150,0
Boulder,108,42,58,58,0
Boulder,108,43,144,144,0
Boulder,108,44,8,8,0
Boulder,108,45,76,76,0
Boulder,108,46,84,84,0
Boulder,108,5,150,150,0
Boulder,108,6,149,149,0
Boulder,108,7,150,150,0
Boulder,108,8,20,20,0
Boulder,108,9,67,67,0
Boulder,110,1,150,150,0
Broomfield,101,1,49,49,0
Broomfield,101,10,50,50,0
Broomfield,101,100,50,50,0
Broomfield,101,101,50,50,0
Broomfield,101,102,50,50,0
Broomfield,101,103,50,50,0
Broomfield,101,104,42,42,0
Broomfield,101,105,50,50,0
Broomfield,101,106,50,50,0
Broomfield,101,107,50,50,0
Broomfield,101,108,50,50,0
Broomfield,101,109,50,50,0
Broomfield,101,11,48,48,0
Broomfield,101,110,50,50,0
Broomfield,101,111,50,50,0
Broomfield,101,112,50,50,0
Broomfield,101,113,48,48,0
Broomfield,101,114,50,50,0
Broomfield,101,115,50,50,0
Broomfield,101,116,50,50,0
Broomfield,101,117,55,55,0
Broomfield,101,118,39,39,0
Broomfield,101,119,50,50,0
Broomfield,101,12,50,50,0
Broomfield,101,120,50,50,0
Broomfield,101,121,50,50,0
Broomfield,101,122,50,50,0
Broomfield,101,123,49,49,0
Broomfield,101,124,50,50,0
Broomfield,101,125,50,50,0
Broomfield,101,126,50,50,0
Broomfield,101,127,50,50,0
Broomfield,101,128,50,50,0
Broomfield,101,129,49,49,0
Broomfield,101,13,50,50,0
Broomfield,101,130,50,50,0
Broomfield,101,131,50,50,0
Broomfield,101,132,50,50,0
Broomfield,101,133,50,50,0
Broomfield,101,134,44,44,0
Broomfield,101,135,50,50,0
Broomfield,101,136,53,53,0
Broomfield,101,137,47,47,0
Broomfield,101,138,50,50,0
Broomfield,101,139,50,50,0
Broomfield,101,14,50,50,0
Broomfield,101,140,50,50,0
Broomfield,101,141,49,49,0
Broomfield,101,142,50,50,0
Broomfield,101,143,50,50,0
Broomfield,101,144,50,50,0
Broomfield,101,145,50,50,0
Broomfield,101,146,50,50,0
Broomfield,101,147,49,49,0
Broomfield,101,148,50,50,0
Broomfield,101,149,50,50,0
Broomfield,101,15,50,50,0
Broomfield,101,150,50,50,0
Broomfield,101,151,45,45,0
Broomfield,101,152,49,49,0
Broomfield,101,153,50,50,0
Broomfield,101,154,49,49,0
Broomfield,101,155,50,50,0
Broomfield,101,156,50,50,0
Broomfield,101,157,46,46,0
Broomfield,101,158,50,50,0
Broomfield,101,159,50,50,0
Broomfield,101,16,49,49,0
Broomfield,101,160,50,50,0
Broomfield,101,161,49,49,0
Broomfield,101,162,50,50,0
Broomfield,101,163,50,50,0
Broomfield,101,164,55,55,0
Broomfield,101,165,50,50,0
Broomfield,101,166,50,50,0
Broomfield,101,167,59,59,0
Broomfield,101,168,50,50,0
Broomfield,101,169,50,50,0
Broomfield,101,17,37,37,0
Broomfield,101,170,50,50,0
Broomfield,101,171,50,50,0
Broomfield,101,172,48,48,0
Broomfield,101,173,50,50,0
Broomfield,101,174,49,49,0
Broomfield,101,175,50,50,0
Broomfield,101,176,49,49,0
Broomfield,101,177,50,50,0
Broomfield,101,178,50,50,0
Broomfield,101,179,50,50,0
Broomfield,101,18,50,50,0
Broomfield,101,180,50,50,0
Broomfield,101,181,50,50,0
Broomfield,101,182,50,50,0
Broomfield,101,183,50,50,0
Broomfield,101,184,50,50,0
Broomfield,101,185,50,50,0
Broomfield,101,186,50,50,0
Broomfield,101,187,50,50,0
Broomfield,101,188,50,50,0
Broomfield,101,189,46,46,0
Broomfield,101,19,50,50,0
Broomfield,101,190,49,49,0
Broomfield,101,191,50,50,0
Broomfield,101,192,50,50,0
Broomfield,101,193,42,42,0
Broomfield,101,194,43,43,0
Broomfield,101,195,50,50,0
Broomfield,101,196,50,50,0
Broomfield,101,197,50,50,0
Broomfield,101,198,50,50,0
Broomfield,101,199,50,50,0
Broomfield,101,2,50,50,0
Broomfield,101,20,50,50,0
Broomfield,101,200,50,50,0
Broomfield,101,201,49,49,0
Broomfield,101,202,72,72,0
Broomfield,101,203,50,50,0
Broomfield,101,204,50,50,0
Broomfield,101,205,50,50,0
Broomfield,101,206,50,50,0
Broomfield,101,207,49,49,0
Broomfield,101,208,50,50,0
Broomfield,101,209,50,50,0
Broomfield,101,21,50,50,0
Broomfield,101,210,50,50,0
Broomfield,101,211,50,50,0
Broomfield,101,212,50,50,0
Broomfield,101,213,48,48,0
Broomfield,101,214,50,50,0
Broomfield,101,215,50,50,0
Broomfield,101,216,50,50,0
Broomfield,101,217,49,49,0
Broomfield,101,218,50,50,0
Broomfield,101,219,50,50,0
Broomfield,101,22,50,50,0
Broomfield,101,220,50,50,0
Broomfield,101,221,50,50,0
Broomfield,101,222,50,50,0
Broomfield,101,223,50,50,0
Broomfield,101,224,50,50,0
Broomfield,101,225,50,50,0
Broomfield,101,226,43,43,0
Broomfield,101,227,46,46,0
Broomfield,101,228,50,50,0
Broomfield,101,229,50,50,0
Broomfield,101,23,50,50,0
Broomfield,101,230,50,50,0
Broomfield,101,231,50,50,0
Broomfield,101,232,50,50,0
Broomfield,101,233,50,50,0
Broomfield,101,234,50,50,0
Broomfield,101,235,46,46,0
Broomfield,101,236,50,50,0
Broomfield,101,237,50,50,0
Broomfield,101,238,53,53,0
Broomfield,101,239,50,50,0
Broomfield,101,24,49,49,0
Broomfield,101,240,47,47,0
Broomfield,101,241,50,50,0
Broomfield,101,242,71,71,0
Broomfield,101,243,47,47,0
Broomfield,101,244,50,50,0
Broomfield,101,245,50,50,0
Broomfield,101,246,50,50,0
Broomfield,101,247,50,50,0
Broomfield,101,248,50,50,0
Broomfield,101,249,50,50,0
Broomfield,101,25,50,50,0
Broomfield,101,250,50,50,0
Broomfield,101,251,50,50,0
Broomfield,101,252,50,50,0
Broomfield,101,253,48,48,0
Broomfield,101,254,50,50,0
Broomfield,101,255,39,39,0
Broomfield,101,256,50,50,0
Broomfield,101,257,50,50,0
Broomfield,101,258,50,50,0
Broomfield,101,259,50,50,0
Broomfield,101,26,50,50,0
Broomfield,101,260,50,50,0
Broomfield,101,261,47,47,0
Broomfield,101,262,50,50,0
Broomfield,101,263,50,50,0
Broomfield,101,264,50,50,0
Broomfield,101,265,49,49,0
Broomfield,101,266,50,50,0
Broomfield,101,267,50,50,0
Broomfield,101,268,50,50,0
Broomfield,101,269,50,50,0
Broomfield,101,27,50,50,0
Broomfield,101,270,50,50,0
Broomfield,101,271,50,50,0
Broomfield,101,272,52,52,0
Broomfield,101,273,50,50,0
Broomfield,101,274,50,50,0
Broomfield,101,275,50,50,0
Broomfield,101,276,49,49,0
Broomfield,101,277,50,50,0
Broomfield,101,278,50,50,0
Broomfield,101,279,50,50,0
Broomfield,101,28,50,50,0
Broomfield,101,280,50,50,0
Broomfield,101,281,44,44,0
Broomfield,101,282,50,50,0
Broomfield,101,283,50,50,0
Broomfield,101,284,50,50,0
Broomfield,101,285,50,50,0
Broomfield,101,286,48,48,0
Broomfield,101,287,50,50,0
Broomfield,101,288,50,50,0
Broomfield,101,289,50,50,0
Broomfield,101,29,40,40,0
Broomfield,101,290,50,50,0
Broomfield,101,291,45,45,0
Broomfield,101,292,50,50,0
Broomfield,101,293,48,48,0
Broomfield,101,294,50,50,0
Broomfield,101,295,50,50,0
Broomfield,101,296,50,50,0
Broomfield,101,297,47,47,0
Broomfield,101,298,50,50,0
Broomfield,101,299,48,48,0
Broomfield,101,3,51,51,0
Broomfield,101,30,63,63,0
Broomfield,101,300,50,50,0
Broomfield,101,301,44,44,0
Broomfield,101,302,50,50,0
Broomfield,101,303,50,50,0
Broomfield,101,304,54,54,0
Broomfield,101,305,50,50,0
Broomfield,101,306,46,46,0
Broomfield,101,307,50,50,0
Broomfield,101,308,50,50,0
Broomfield,101,309,50,50,0
Broomfield,101,31,50,50,0
Broomfield,101,310,50,50,0
Broomfield,101,311,45,45,0
Broomfield,101,312,50,50,0
Broomfield,101,313,46,46,0
Broomfield,101,314,50,50,0
Broomfield,101,315,42,42,0
Broomfield,101,316,50,50,0
Broomfield,101,317,91,91,0
Broomfield,101,318,50,50,0
Broomfield,101,319,50,50,0
Broomfield,101,32,50,50,0
Broomfield,101,320,50,50,0
Broomfield,101,321,50,50,0
Broomfield,101,322,50,50,0
Broomfield,101,323,50,50,0
Broomfield,101,324,50,50,0
Broomfield,101,325,47,47,0
Broomfield,101,326,50,50,0
Broomfield,101,327,50,50,0
Broomfield,101,328,49,49,0
Broomfield,101,329,50,50,0
Broomfield,101,33,50,50,0
Broomfield,101,330,50,50,0
Broomfield,101,331,50,50,0
Broomfield,101,332,49,49,0
Broomfield,101,333,50,50,0
Broomfield,101,334,50,50,0
Broomfield,101,335,40,40,0
Broomfield,101,336,50,50,0
Broomfield,101,337,50,50,0
Broomfield,101,338,50,50,0
Broomfield,101,339,50,50,0
Broomfield,101,34,50,50,0
Broomfield,101,340,50,50,0
Broomfield,101,341,50,50,0
Broomfield,101,342,50,50,0
Broomfield,101,343,50,50,0
Broomfield,101,344,48,48,0
Broomfield,101,345,49,49,0
Broomfield,101,346,46,46,0
Broomfield,101,347,50,50,0
Broomfield,101,348,50,50,0
Broomfield,101,349,44,44,0
Broomfield,101,35,48,48,0
Broomfield,101,350,50,50,0
Broomfield,101,351,50,50,0
Broomfield,101,352,50,50,0
Broomfield,101,353,49,49,0
Broomfield,101,354,41,41,0
Broomfield,101,355,50,50,0
Broomfield,101,356,50,50,0
Broomfield,101,357,50,50,0
Broomfield,101,358,60,60,0
Broomfield,101,359,50,50,0
Broomfield,101,36,50,50,0
Broomfield,101,360,50,50,0
Broomfield,101,361,50,50,0
Broomfield,101,362,50,50,0
Broomfield,101,363,47,47,0
Broomfield,101,364,50,50,0
Broomfield,101,365,50,50,0
Broomfield,101,366,50,50,0
Broomfield,101,367,50,50,0
Broomfield,101,368,50,50,0
Broomfield,101,369,44,44,0
Broomfield,101,37,50,50,0
Broomfield,101,370,50,50,0
Broomfield,101,371,47,47,0
Broomfield,101,372,50,50,0
Broomfield,101,373,50,50,0
Broomfield,101,374,50,50,0
Broomfield,101,375,49,49,0
Broomfield,101,376,50,50,0
Broomfield,101,377,50,50,0
Broomfield,101,378,50,50,0
Broomfield,101,379,50,50,0
Broomfield,101,38,50,50,0
Broomfield,101,380,49,49,0
Broomfield,101,381,45,45,0
Broomfield,101,382,50,50,0
Broomfield,101,383,44,44,0
Broomfield,101,384,50,50,0
Broomfield,101,385,49,49,0
Broomfield,101,386,50,50,0
Broomfield,101,387,59,59,0
Broomfield,101,388,50,50,0
Broomfield,101,389,50,50,0
Broomfield,101,39,47,47,0
Broomfield,101,390,50,50,0
Broomfield,101,391,50,50,0
Broomfield,101,392,50,50,0
Broomfield,101,393,50,50,0
Broomfield,101,394,50,50,0
Broomfield,101,395,50,50,0
Broomfield,101,396,49,49,0
Broomfield,101,397,50,50,0
Broomfield,101,398,44,44,0
Broomfield,101,399,50,50,0
Broomfield,101,4,48,48,0
Broomfield,101,40,50,50,0
Broomfield,101,400,50,50,0
Broomfield,101,401,50,50,0
Broomfield,101,402,50,50,0
Broomfield,101,403,50,50,0
Broomfield,101,404,50,50,0
Broomfield,101,405,37,37,0
Broomfield,101,406,50,50,0
Broomfield,101,407,50,50,0
Broomfield,101,408,50,50,0
Broomfield,101,409,45,45,0
Broomfield,101,41,50,50,0
Broomfield,101,410,50,50,0
Broomfield,101,411,45,45,0
Broomfield,101,412,50,50,0
Broomfield,101,413,50,50,0
Broomfield,101,414,35,35,0
Broomfield,101,415,49,49,0
Broomfield,101,416,50,50,0
Broomfield,101,417,50,50,0
Broomfield,101,418,50,50,0
Broomfield,101,419,49,49,0
Broomfield,101,42,45,45,0
Broomfield,101,420,50,50,0
Broomfield,101,421,49,49,0
Broomfield,101,422,50,50,0
Broomfield,101,423,50,50,0
Broomfield,101,424,42,42,0
Broomfield,101,425,50,50,0
Broomfield,101,426,50,50,0
Broomfield,101,427,45,45,0
Broomfield,101,428,50,50,0
Broomfield,101,429,48,48,0
Broomfield,101,43,50,50,0
Broomfield,101,430,50,50,0
Broomfield,101,431,49,49,0
Broomfield,101,432,50,50,0
Broomfield,101,433,50,50,0
Broomfield,101,434,50,50,0
Broomfield,101,435,44,44,0
Broomfield,101,436,41,41,0
Broomfield,101,437,50,50,0
Broomfield,101,438,32,32,0
Broomfield,101,439,43,43,0
Broomfield,101,44,50,50,0
Broomfield,101,440,49,49,0
Broomfield,101,441,46,46,0
Broomfield,101,442,34,34,0
Broomfield,101,443,39,39,0
Broomfield,101,444,4,4,0
Broomfield,101,45,49,49,0
Broomfield,101,46,50,50,0
Broomfield,101,47,50,50,0
Broomfield,101,48,50,50,0
Broomfield,101,49,50,50,0
Broomfield,101,5,49,49,0
Broomfield,101,50,50,50,0
Broomfield,101,51,49,49,0
Broomfield,101,52,49,49,0
Broomfield,101,53,50,50,0
Broomfield,101,54,50,50,0
Broomfield,101,55,50,50,0
Broomfield,101,56,50,50,0
Broomfield,101,57,50,50,0
Broomfield,101,58,50,50,0
Broomfield,101,59,50,50,0
Broomfield,101,6,50,50,0
Broomfield,101,60,50,50,0
Broomfield,101,61,50,50,0
Broomfield,101,62,50,50,0
Broomfield,101,63,49,49,0
Broomfield,101,64,50,50,0
Broomfield,101,65,50,50,0
Broomfield,101,66,50,50,0
Broomfield,101,67,49,49,0
Broomfield,101,68,50,50,0
Broomfield,101,69,50,50,0
Broomfield,101,7,50,50,0
Broomfield,101,70,50,50,0
Broomfield,101,71,49,49,0
Broomfield,101,72,50,50,0
Broomfield,101,73,50,50,0
Broomfield,101,74,47,47,0
Broomfield,101,75,50,50,0
Broomfield,101,76,38,38,0
Broomfield,101,77,45,45,0
Broomfield,101,78,50,50,0
Broomfield,101,79,49,49,0
Broomfield,101,8,50,50,0
Broomfield,101,80,50,50,0
Broomfield,101,81,49,49,0
Broomfield,101,82,50,50,0
Broomfield,101,83,50,50,0
Broomfield,101,84,50,50,0
Broomfield,101,85,50,50,0
Broomfield,101,86,48,48,0
Broomfield,101,87,50,50,0
Broomfield,101,88,50,50,0
Broomfield,101,89,50,50,0
Broomfield,101,9,50,50,0
Broomfield,101,90,50,50,0
Broomfield,101,91,46,46,0
Broomfield,101,92,50,50,0
Broomfield,101,93,50,50,0
Broomfield,101,94,50,50,0
Broomfield,101,95,47,47,0
Broomfield,101,96,50,50,0
Broomfield,101,97,50,50,0
Broomfield,101,98,48,48,0
Broomfield,101,99,48,48,0
Broomfield,105,1,55,55,0
Broomfield,105,2,43,43,0
Broomfield,105,3,60,60,0
Broomfield,105,4,59,59,0
Broomfield,105,5,34,34,0
Broomfield,105,7,36,36,0
Chaffee,102,1,50,50,0
Chaffee,102,10,50,50,0
Chaffee,102,100,50,50,0
Chaffee,102,101,50,50,0
Chaffee,102,102,50,50,0
Chaffee,102,103,50,50,0
Chaffee,102,104,50,50,0
Chaffee,102,105,52,52,0
Chaffee,102,106,50,50,0
Chaffee,102,107,50,50,0
Chaffee,102,108,50,50,0
Chaffee,102,109,50,50,0
Chaffee,102,11,50,50,0
Chaffee,102,110,70,70,0
Chaffee,102,111,61,61,0
Chaffee,102,112,51,51,0
Chaffee,102,113,59,59,0
Chaffee,102,114,50,50,0
Chaffee,102,115,49,49,0
Chaffee,102,116,48,48,0
Chaffee,102,117,46,46,0
Chaffee,102,118,40,40,0
Chaffee,102,119,49,49,0
Chaffee,102,12,50,50,0
Chaffee,102,120,50,50,0
Chaffee,102,121,50,50,0
Chaffee,102,122,50,50,0
Chaffee,102,123,48,48,0
Chaffee,102,124,50,50,0
Chaffee,102,125,50,50,0
Chaffee,102,126,32,32,0
Chaffee,102,127,49,49,0
Chaffee,102,128,50,50,0
Chaffee,102,129,50,50,0
Chaffee,102,13,60,60,0
Chaffee,102,130,57,57,0
Chaffee,102,131,16,16,0
Chaffee,102,132,9,9,0
Chaffee,102,133,62,62,0
Chaffee,102,134,50,50,0
Chaffee,102,135,50,50,0
Chaffee,102,136,67,67,0
Chaffee,102,137,50,50,0
Chaffee,102,138,50,50,0
Chaffee,102,139,48,48,0
Chaffee,102,14,50,50,0
Chaffee,102,140,50,50,0
Chaffee,102,141,50,50,0
Chaffee,102,142,50,50,0
Chaffee,102,143,57,57,0
Chaffee,102,144,50,50,0
Chaffee,102,145,50,50,0
Chaffee,102,146,45,45,0
Chaffee,102,147,81,81,0
Chaffee,102,148,39,39,0
Chaffee,102,149,50,50,0
Chaffee,102,15,50,50,0
Chaffee,102,150,47,47,0
Chaffee,102,151,72,72,0
Chaffee,102,152,47,47,0
Chaffee,102,153,64,64,0
Chaffee,102,154,41,41,0
Chaffee,102,155,2,2,0
Chaffee,102,156,54,54,0
Chaffee,102,16,50,50,0
Chaffee,102,17,50,50,0
Chaffee,102,18,50,50,0
Chaffee,102,19,50,50,0
Chaffee,102,2,50,50,0
Chaffee,102,20,50,50,0
Chaffee,102,21,50,50,0
Chaffee,102,22,50,50,0
Chaffee,102,23,50,50,0
Chaffee,102,24,50,50,0
Chaffee,102,25,50,50,0
Chaffee,102,26,50,50,0
Chaffee,102,27,50,50,0
Chaffee,102,28,50,50,0
Chaffee,102,29,50,50,0
Chaffee,102,3,50,50,0
Chaffee,102,30,50,50,0
Chaffee,102,31,50,50,0
Chaffee,102,32,50,50,0
Chaffee,102,33,50,50,0
Chaffee,102,34,50,50,0
Chaffee,102,35,64,64,0
Chaffee,102,36,50,50,0
Chaffee,102,37,50,50,0
Chaffee,102,38,50,50,0
Chaffee,102,39,50,50,0
Chaffee,102,4,50,50,0
Chaffee,102,40,50,50,0
Chaffee,102,41,50,50,0
Chaffee,102,42,50,50,0
Chaffee,102,43,50,50,0
Chaffee,102,44,50,50,0
Chaffee,102,45,50,50,0
Chaffee,102,46,50,50,0
Chaffee,102,47,50,50,0
Chaffee,102,48,50,50,0
Chaffee,102,49,50,50,0
Chaffee,102,5,50,50,0
Chaffee,102,50,75,75,0
Chaffee,102,51,50,50,0
Chaffee,102,52,50,50,0
Chaffee,102,53,50,50,0
Chaffee,102,54,50,50,0
Chaffee,102,55,50,50,0
Chaffee,102,56,50,50,0
Chaffee,102,57,50,50,0
Chaffee,102,58,50,50,0
Chaffee,102,59,50,50,0
Chaffee,102,6,50,50,0
Chaffee,102,60,50,50,0
Chaffee,102,61,49,49,0
Chaffee,102,62,50,50,0
Chaffee,102,63,50,50,0
Chaffee,102,64,50,50,0
Chaffee,102,65,50,50,0
Chaffee,102,66,50,50,0
Chaffee,102,67,50,50,0
Chaffee,102,68,50,50,0
Chaffee,102,69,59,59,0
Chaffee,102,7,50,50,0
Chaffee,102,70,50,50,0
Chaffee,102,71,50,50,0
Chaffee,102,72,50,50,0
Chaffee,102,73,50,50,0
Chaffee,102,74,50,50,0
Chaffee,102,75,50,50,0
Chaffee,102,76,50,50,0
Chaffee,102,77,74,74,0
Chaffee,102,78,50,50,0
Chaffee,102,79,50,50,0
Chaffee,102,8,50,50,0
Chaffee,102,80,50,50,0
Chaffee,102,81,49,49,0
Chaffee,102,82,50,50,0
Chaffee,102,83,96,96,0
Chaffee,102,84,62,62,0
Chaffee,102,85,61,61,0
Chaffee,102,86,28,28,0
Chaffee,102,87,87,87,0
Chaffee,102,88,50,50,0
Chaffee,102,89,50,50,0
Chaffee,102,9,50,50,0
Chaffee,102,90,50,50,0
Chaffee,102,91,50,50,0
Chaffee,102,92,50,50,0
Chaffee,102,93,50,50,0
Chaffee,102,94,50,50,0
Chaffee,102,95,50,50,0
Chaffee,102,96,50,50,0
Chaffee,102,97,50,50,0
Chaffee,102,98,50,50,0
Chaffee,102,99,50,50,0
Cheyenne,102,1,25,25,0
Cheyenne,102,10,25,25,0
Cheyenne,102,11,25,25,0
Cheyenne,102,12,25,25,0
Cheyenne,102,13,25,25,0
Cheyenne,102,14,25,25,0
Cheyenne,102,15,25,25,0
Cheyenne,102,16,25,25,0
Cheyenne,102,17,25,25,0
Cheyenne,102,18,25,25,0
Cheyenne,102,19,25,25,0
Cheyenne,102,2,25,25,0
Cheyenne,102,20,25,25,0
Cheyenne,102,21,25,25,0
Cheyenne,102,22,25,25,0
Cheyenne,102,23,25,25,0
Cheyenne,102,24,25,25,0
Cheyenne,102,25,25,25,0
Cheyenne,102,26,25,25,0
Cheyenne,102,27,9,9,0
Cheyenne,102,28,27,27,0
Cheyenne,102,3,25,25,0
Cheyenne,102,4,25,25,0
Cheyenne,102,5,25,25,0
Cheyenne,102,6,25,25,0
Cheyenne,102,7,25,25,0
Cheyenne,102,8,25,25,0
Cheyenne,102,9,25,25,0
Clear Creek,101,1,50,50,0
Clear Creek,101,10,50,50,0
Clear Creek,101,11,50,50,0
Clear Creek,101,12,50,50,0
Clear Creek,101,13,50,50,0
Clear Creek,101,14,50,50,0
Clear Creek,101,15,50,50,0
Clear Creek,101,16,50,50,0
Clear Creek,101,17,50,50,0
Clear Creek,101,18,50,50,0
Clear Creek,101,19,50,50,0
Clear Creek,101,2,50,50,0
Clear Creek,101,20,50,50,0
Clear Creek,101,21,50,50,0
Clear Creek,101,22,50,50,0
Clear Creek,101,23,50,50,0
Clear Creek,101,24,50,50,0
Clear Creek,101,25,50,50,0
Clear Creek,101,26,50,50,0
Clear Creek,101,27,50,50,0
Clear Creek,101,28,50,50,0
Clear Creek,101,29,50,50,0
Clear Creek,101,3,50,50,0
Clear Creek,101,30,50,50,0
Clear Creek,101,31,50,50,0
Clear Creek,101,32,50,50,0
Clear Creek,101,33,50,50,0
Clear Creek,101,34,50,50,0
Clear Creek,101,35,50,50,0
Clear Creek,101,36,50,50,0
Clear Creek,101,37,50,50,0
Clear Creek,101,38,50,50,0
Clear Creek,101,39,50,50,0
Clear Creek,101,4,50,50,0
Clear Creek,101,40,50,50,0
Clear Creek,101,41,50,50,0
Clear Creek,101,42,50,50,0
Clear Creek,101,43,50,50,0
Clear Creek,101,44,50,50,0
Clear Creek,101,45,50,50,0
Clear Creek,101,46,50,50,0
Clear Creek,101,47,50,50,0
Clear Creek,101,48,50,50,0
Clear Creek,101,49,50,50,0
Clear Creek,101,5,50,50,0
Clear Creek,101,50,50,50,0
Clear Creek,101,51,50,50,0
Clear Creek,101,52,50,50,0
Clear Creek,101,53,50,50,0
Clear Creek,101,54,50,50,0
Clear Creek,101,55,50,50,0
Clear Creek,101,56,50,50,0
Clear Creek,101,57,50,50,0
Clear Creek,101,58,50,50,0
Clear Creek,101,59,41,41,0
Clear Creek,101,6,50,50,0
Clear Creek,101,60,1,1,0
Clear Creek,101,7,50,50,0
Clear Creek,101,8,50,50,0
Clear Creek,101,9,50,50,0
Conejos,101,1,20,20,0
Conejos,101,10,20,20,0
Conejos,101,100,20,20,0
Conejos,101,101,20,20,0
Conejos,101,102,20,20,0
Conejos,101,103,20,20,0
Conejos,101,104,20,20,0
Conejos,101,105,20,20,0
Conejos,101,106,20,20,0
Conejos,101,107,20,20,0
Conejos,101,108,20,20,0
Conejos,101,109,20,20,0
Conejos,101,11,20,20,0
Conejos,101,110,20,20,0
Conejos,101,111,20,20,0
Conejos,101,112,5,5,0
Conejos,101,113,15,15,0
Conejos,101,114,15,15,0
Conejos,101,12,20,20,0
Conejos,101,13,20,20,0
Conejos,101,14,20,20,0
Conejos,101,15,20,20,0
Conejos,101,16,20,20,0
Conejos,101,17,20,20,0
Conejos,101,18,20,20,0
Conejos,101,19,20,20,0
Conejos,101,2,20,20,0
Conejos,101,20,20,20,0
Conejos,101,21,20,20,0
Conejos,101,22,20,20,0
Conejos,101,23,20,20,0
Conejos,101,24,20,20,0
Conejos,101,25,20,20,0
Conejos,101,26,20,20,0
Conejos,101,27,20,20,0
Conejos,101,28,20,20,0
Conejos,101,29,20,20,0
Conejos,101,3,20,20,0
Conejos,101,30,20,20,0
Conejos,101,31,20,20,0
Conejos,101,32,20,20,0
Conejos,101,33,20,20,0
Conejos,101,34,20,20,0
Conejos,101,35,20,20,0
Conejos,101,36,20,20,0
Conejos,101,37,20,20,0
Conejos,101,38,20,20,0
Conejos,101,39,20,20,0
Conejos,101,4,20,20,0
Conejos,101,40,20,20,0
Conejos,101,41,20,20,0
Conejos,101,42,20,20,0
Conejos,101,43,20,20,0
Conejos,101,44,20,20,0
Conejos,101,45,20,20,0
Conejos,101,46,20,20,0
Conejos,101,47,20,20,0
Conejos,101,48,20,20,0
Conejos,101,49,20,20,0
Conejos,101,5,20,20,0
Conejos,101,50,20,20,0
Conejos,101,51,20,20,0
Conejos,101,52,20,20,0
Conejos,101,53,20,20,0
Conejos,101,54,20,20,0
Conejos,101,55,20,20,0
Conejos,101,56,20,20,0
Conejos,101,57,20,20,0
Conejos,101,58,20,20,0
Conejos,101,59,20,20,0
Conejos,101,6,20,20,0
Conejos,101,60,20,20,0
Conejos,101,61,20,20,0
Conejos,101,62,20,20,0
Conejos,101,63,20,20,0
Conejos,101,64,20,20,0
Conejos,101,65,20,20,0
Conejos,101,66,20,20,0
Conejos,101,67,20,20,0
Conejos,101,68,20,20,0
Conejos,101,69,20,20,0
Conejos,101,7,20,20,0
Conejos,101,70,20,20,0
Conejos,101,71,20,20,0
Conejos,101,72,20,20,0
Conejos,101,73,20,20,0
Conejos,101,74,20,20,0
Conejos,101,75,20,20,0
Conejos,101,76,20,20,0
Conejos,101,77,20,20,0
Conejos,101,78,20,20,0
Conejos,101,79,20,20,0
Conejos,101,8,20,20,0
Conejos,101,80,20,20,0
Conejos,101,81,20,20,0
Conejos,101,82,20,20,0
Conejos,101,83,20,20,0
Conejos,101,84,20,20,0
Conejos,101,85,20,20,0
Conejos,101,86,20,20,0
Conejos,101,87,20,20,0
Conejos,101,88,20,20,0
Conejos,101,89,20,20,0
Conejos,101,9,20,20,0
Conejos,101,90,20,20,0
Conejos,101,91,20,20,0
Conejos,101,92,20,20,0
Conejos,101,93,20,20,0
Conejos,101,94,20,20,0
Conejos,101,95,20,20,0
Conejos,101,96,20,20,0
Conejos,101,97,20,20,0
Conejos,101,98,20,20,0
Conejos,101,99,20,20,0
Costilla,101,1,50,50,0
Costilla,101,10,50,50,0
Costilla,101,11,50,50,0
Costilla,101,12,50,50,0
Costilla,101,13,50,50,0
Costilla,101,14,50,50,0
Costilla,101,15,50,50,0
Costilla,101,16,50,50,0
Costilla,101,17,50,50,0
Costilla,101,18,50,50,0
Costilla,101,19,50,50,0
Costilla,101,2,50,50,0
Costilla,101,20,50,50,0
Costilla,101,21,20,20,0
Costilla,101,22,27,27,0
Costilla,101,3,50,50,0
Costilla,101,4,50,50,0
Costilla,101,5,50,50,0
Costilla,101,6,50,50,0
Costilla,101,7,50,50,0
Costilla,101,8,50,50,0
Costilla,101,9,50,50,0
Crowley,101,1,25,25,0
Crowley,101,10,25,25,0
Crowley,101,11,25,25,0
Crowley,101,12,25,25,0
Crowley,101,13,25,25,0
Crowley,101,14,25,25,0
Crowley,101,15,25,25,0
Crowley,101,16,25,25,0
Crowley,101,17,25,25,0
Crowley,101,18,25,25,0
Crowley,101,19,25,25,0
Crowley,101,2,25,25,0
Crowley,101,20,25,25,0
Crowley,101,21,25,25,0
Crowley,101,22,25,25,0
Crowley,101,23,25,25,0
Crowley,101,24,25,25,0
Crowley,101,25,25,25,0
Crowley,101,26,25,25,0
Crowley,101,27,25,25,0
Crowley,101,28,25,25,0
Crowley,101,29,25,25,0
Crowley,101,3,25,25,0
Crowley,101,30,25,25,0
Crowley,101,31,25,25,0
Crowley,101,32,25,25,0
Crowley,101,33,25,25,0
Crowley,101,34,25,25,0
Crowley,101,35,25,25,0
Crowley,101,36,25,25,0
Crowley,101,37,25,25,0
Crowley,101,38,25,25,0
Crowley,101,39,25,25,0
Crowley,101,4,25,25,0
Crowley,101,40,25,25,0
Crowley,101,41,25,25,0
Crowley,101,42,25,25,0
Crowley,101,43,3,3,0
Crowley,101,44,14,14,0
Crowley,101,45,15,15,0
Crowley,101,5,25,25,0
Crowley,101,6,25,25,0
Crowley,101,7,25,25,0
Crowley,101,8,25,25,0
Crowley,101,9,25,25,0
Custer,101,1,25,25,0
Custer,101,10,25,25,0
Custer,101,100,20,20,0
Custer,101,11,25,25,0
Custer,101,12,25,25,0
Custer,101,13,25,25,0
Custer,101,14,25,25,0
Custer,101,15,25,25,0
Custer,101,16,25,25,0
Custer,101,17,25,25,0
Custer,101,18,25,25,0
Custer,101,19,25,25,0
Custer,101,2,25,25,0
Custer,101,20,25,25,0
Custer,101,21,25,25,0
Custer,101,22,25,25,0
Custer,101,23,25,25,0
Custer,101,24,25,25,0
Custer,101,25,25,25,0
Custer,101,26,25,25,0
Custer,101,27,25,25,0
Custer,101,28,25,25,0
Custer,101,29,25,25,0
Custer,101,3,25,25,0
Custer,101,30,25,25,0
Custer,101,31,25,25,0
Custer,101,32,25,25,0
Custer,101,33,25,25,0
Custer,101,34,25,25,0
Custer,101,35,25,25,0
Custer,101,36,25,25,0
Custer,101,37,25,25,0
Custer,101,38,25,25,0
Custer,101,39,25,25,0
Custer,101,4,25,25,0
Custer,101,40,25,25,0
Custer,101,41,25,25,0
Custer,101,42,25,25,0
Custer,101,43,25,25,0
Custer,101,44,25,25,0
Custer,101,45,25,25,0
Custer,101,46,25,25,0
Custer,101,47,25,25,0
Custer,101,48,25,25,0
Custer,101,49,25,25,0
Custer,101,5,25,25,0
Custer,101,50,25,25,0
Custer,101,51,25,25,0
Custer,101,52,25,25,0
Custer,101,53,25,25,0
Custer,101,54,25,25,0
Custer,101,55,25,25,0
Custer,101,56,25,25,0
Custer,101,57,25,25,0
Custer,101,58,25,25,0
Custer,101,59,25,25,0
Custer,101,6,25,25,0
Custer,101,60,25,25,0
Custer,101,61,25,25,0
Custer,101,62,25,25,0
Custer,101,63,25,25,0
Custer,101,64,25,25,0
Custer,101,65,25,25,0
Custer,101,66,25,25,0
Custer,101,67,25,25,0
Custer,101,68,25,25,0
Custer,101,69,25,25,0
Custer,101,7,25,25,0
Custer,101,70,25,25,0
Custer,101,71,25,25,0
Custer,101,72,25,25,0
Custer,101,73,25,25,0
Custer,101,74,25,25,0
Custer,101,75,25,25,0
Custer,101,76,25,25,0
Custer,101,77,25,25,0
Custer,101,78,25,25,0
Custer,101,79,25,25,0
Custer,101,8,25,25,0
Custer,101,80,25,25,0
Custer,101,81,25,25,0
Custer,101,82,25,25,0
Custer,101,83,25,25,0
Custer,101,84,25,25,0
Custer,101,85,25,25,0
Custer,101,86,25,25,0
Custer,101,87,25,25,0
Custer,101,88,25,25,0
Custer,101,89,25,25,0
Custer,101,9,25,25,0
Custer,101,90,25,25,0
Custer,101,91,25,25,0
Custer,101,92,25,25,0
Custer,101,93,25,25,0
Custer,101,94,25,25,0
Custer,101,95,25,25,0
Custer,101,96,25,25,0
Custer,101,97,25,25,0
Custer,101,98,25,25,0
Custer,101,99,20,20,0
Delta,102,1,50,50,0
Delta,102,10,50,50,0
Delta,102,100,50,50,0
Delta,102,101,50,50,0
Delta,102,102,50,50,0
Delta,102,103,50,50,0
Delta,102,104,50,50,0
Delta,102,105,50,50,0
Delta,102,106,50,50,0
Delta,102,107,50,50,0
Delta,102,108,50,50,0
Delta,102,109,50,50,0
Delta,102,11,50,50,0
Delta,102,110,44,44,0
Delta,102,111,53,53,0
Delta,102,112,13,13,0
Delta,102,113,50,50,0
Delta,102,114,24,24,0
Delta,102,115,46,46,0
Delta,102,116,36,36,0
Delta,102,117,47,47,0
Delta,102,118,50,50,0
Delta,102,119,51,51,0
Delta,102,12,51,51,0
Delta,102,120,49,49,0
Delta,102,121,50,50,0
Delta,102,122,50,50,0
Delta,102,123,49,49,0
Delta,102,124,28,28,0
Delta,102,125,50,50,0
Delta,102,126,58,58,0
Delta,102,127,49,49,0
Delta,102,128,50,50,0
Delta,102,129,55,55,0
Delta,102,13,53,53,0
Delta,102,130,51,51,0
Delta,102,131,48,48,0
Delta,102,132,50,50,0
Delta,102,133,50,50,0
Delta,102,134,49,49,0
Delta,102,135,50,50,0
Delta,102,136,20,20,0
Delta,102,137,50,50,0
Delta,102,138,49,49,0
Delta,102,139,52,52,0
Delta,102,14,61,61,0
Delta,102,140,50,50,0
Delta,102,141,61,61,0
Delta,102,142,50,50,0
Delta,102,143,50,50,0
Delta,102,144,49,49,0
Delta,102,145,51,51,0
Delta,102,146,49,49,0
Delta,102,147,50,50,0
Delta,102,148,50,50,0
Delta,102,149,68,68,0
Delta,102,15,49,49,0
Delta,102,150,40,40,0
Delta,102,151,48,48,0
Delta,102,152,49,49,0
Delta,102,153,50,50,0
Delta,102,154,54,54,0
Delta,102,155,52,52,0
Delta,102,156,50,50,0
Delta,102,157,50,50,0
Delta,102,158,12,12,0
Delta,102,159,27,27,0
Delta,102,16,49,49,0
Delta,102,160,47,47,0
Delta,102,161,53,53,0
Delta,102,162,50,50,0
Delta,102,163,50,50,0
Delta,102,164,30,30,0
Delta,102,165,50,50,0
Delta,102,166,39,39,0
Delta,102,167,54,54,0
Delta,102,168,50,50,0
Delta,102,169,39,39,0
Delta,102,17,51,51,0
Delta,102,170,50,50,0
Delta,102,171,41,41,0
Delta,102,172,50,50,0
Delta,102,173,39,39,0
Delta,102,174,49,49,0
Delta,102,175,48,48,0
Delta,102,176,50,50,0
Delta,102,177,50,50,0
Delta,102,178,18,18,0
Delta,102,179,50,50,0
Delta,102,18,53,53,0
Delta,102,180,50,50,0
Delta,102,181,50,50,0
Delta,102,182,56,56,0
Delta,102,183,49,49,0
Delta,102,184,50,50,0
Delta,102,185,24,24,0
Delta,102,186,54,54,0
Delta,102,187,10,10,0
Delta,102,188,50,50,0
Delta,102,189,49,49,0
Delta,102,19,50,50,0
Delta,102,190,41,41,0
Delta,102,191,46,46,0
Delta,102,192,34,34,0
Delta,102,193,49,49,0
Delta,102,194,47,47,0
Delta,102,195,51,51,0
Delta,102,196,50,50,0
Delta,102,197,50,50,0
Delta,102,198,50,50,0
Delta,102,199,50,50,0
Delta,102,2,49,49,0
Delta,102,20,50,50,0
Delta,102,200,50,50,0
Delta,102,201,66,66,0
Delta,102,202,50,50,0
Delta,102,203,50,50,0
Delta,102,204,50,50,0
Delta,102,205,50,50,0
Delta,102,206,49,49,0
Delta,102,207,49,49,0
Delta,102,208,25,25,0
Delta,102,209,33,33,0
Delta,102,21,55,55,0
Delta,102,210,67,67,0
Delta,102,211,34,34,0
Delta,102,212,50,50,0
Delta,102,213,18,18,0
Delta,102,214,49,49,0
Delta,102,215,49,49,0
Delta,102,216,54,54,0
Delta,102,217,50,50,0
Delta,102,218,50,50,0
Delta,102,219,50,50,0
Delta,102,22,49,49,0
Delta,102,220,50,50,0
Delta,102,221,60,60,0
Delta,102,222,50,50,0
Delta,102,223,59,59,0
Delta,102,224,50,50,0
Delta,102,225,18,18,0
Delta,102,226,63,63,0
Delta,102,227,50,50,0
Delta,102,228,13,13,0
Delta,102,229,50,50,0
Delta,102,23,52,52,0
Delta,102,230,17,17,0
Delta,102,231,59,59,0
Delta,102,232,95,95,0
Delta,102,233,6,6,0
Delta,102,234,48,48,0
Delta,102,235,29,29,0
Delta,102,236,22,22,0
Delta,102,237,11,11,0
Delta,102,238,21,21,0
Delta,102,239,50,50,0
Delta,102,24,49,49,0
Delta,102,240,49,49,0
Delta,102,241,40,40,0
Delta,102,242,52,52,0
Delta,102,243,36,36,0
Delta,102,244,50,50,0
Delta,102,245,50,50,0
Delta,102,246,32,32,0
Delta,102,247,1,1,0
Delta,102,25,51,51,0
Delta,102,26,50,50,0
Delta,102,27,50,50,0
Delta,102,28,50,50,0
Delta,102,29,50,50,0
Delta,102,3,50,50,0
Delta,102,30,51,51,0
Delta,102,31,50,50,0
Delta,102,32,44,44,0
Delta,102,33,49,49,0
Delta,102,34,49,49,0
Delta,102,35,49,49,0
Delta,102,36,50,50,0
Delta,102,37,50,50,0
Delta,102,38,50,50,0
Delta,102,39,50,50,0
Delta,102,4,51,51,0
Delta,102,40,49,49,0
Delta,102,41,49,49,0
Delta,102,42,40,40,0
Delta,102,43,49,49,0
Delta,102,44,49,49,0
Delta,102,45,50,50,0
Delta,102,46,49,49,0
Delta,102,47,52,52,0
Delta,102,48,50,50,0
Delta,102,49,50,50,0
Delta,102,5,50,50,0
Delta,102,50,48,48,0
Delta,102,51,50,50,0
Delta,102,52,50,50,0
Delta,102,53,51,51,0
Delta,102,54,49,49,0
Delta,102,55,19,19,0
Delta,102,56,48,48,0
Delta,102,57,49,49,0
Delta,102,58,50,50,0
Delta,102,59,50,50,0
Delta,102,6,50,50,0
Delta,102,60,49,49,0
Delta,102,61,50,50,0
Delta,102,62,50,50,0
Delta,102,63,49,49,0
Delta,102,64,50,50,0
Delta,102,65,50,50,0
Delta,102,66,50,50,0
Delta,102,67,49,49,0
Delta,102,68,49,49,0
Delta,102,69,47,47,0
Delta,102,7,50,50,0
Delta,102,70,50,50,0
Delta,102,71,49,49,0
Delta,102,72,43,43,0
Delta,102,73,48,48,0
Delta,102,74,49,49,0
Delta,102,75,50,50,0
Delta,102,76,46,46,0
Delta,102,77,50,50,0
Delta,102,78,50,50,0
Delta,102,79,50,50,0
Delta,102,8,50,50,0
Delta,102,80,48,48,0
Delta,102,81,22,22,0
Delta,102,82,56,56,0
Delta,102,83,13,13,0
Delta,102,84,20,20,0
Delta,102,85,48,48,0
Delta,102,86,30,30,0
Delta,102,87,60,60,0
Delta,102,88,50,50,0
Delta,102,89,50,50,0
Delta,102,9,50,50,0
Delta,102,90,49,49,0
Delta,102,91,50,50,0
Delta,102,92,49,49,0
Delta,102,93,21,21,0
Delta,102,94,19,19,0
Delta,102,95,48,48,0
Delta,102,96,50,50,0
Delta,102,97,21,21,0
Delta,102,98,36,36,0
Delta,102,99,24,24,0
Denver,101,1,100,100,0
Denver,101,10,100,100,0
Denver,101,100,100,100,0
Denver,101,101,100,100,0
Denver,101,102,100,100,0
Denver,101,103,100,100,0
Denver,101,104,100,100,0
Denver,101,105,100,100,0
Denver,101,106,100,100,0
Denver,101,107,100,100,0
Denver,101,108,100,100,0
Denver,101,109,100,100,0
Denver,101,11,100,100,0
Denver,101,110,100,100,0
Denver,101,111,100,100,0
Denver,101,112,100,100,0
Denver,101,113,100,100,0
Denver,101,114,100,100,0
Denver,101,115,100,100,0
Denver,101,116,100,100,0
Denver,101,117,100,100,0
Denver,101,118,100,100,0
Denver,101,119,100,100,0
Denver,101,12,100,100,0
Denver,101,120,100,100,0
Denver,101,121,100,100,0
Denver,101,122,100,100,0
Denver,101,123,100,100,0
Denver,101,124,100,100,0
Denver,101,125,100,100,0
Denver,101,126,100,100,0
Denver,101,127,100,100,0
Denver,101,128,100,100,0
Denver,101,129,100,100,0
Denver,101,13,100,100,0
Denver,101,130,100,100,0
Denver,101,131,100,100,0
Denver,101,132,100,100,0
Denver,101,133,100,100,0
Denver,101,134,100,100,0
Denver,101,135,100,100,0
Denver,101,136,100,100,0
Denver,101,137,100,100,0
Denver,101,138,100,100,0
Denver,101,139,100,100,0
Denver,101,14,100,100,0
Denver,101,140,100,100,0
Denver,101,141,100,100,0
Denver,101,142,100,100,0
Denver,101,143,100,100,0
Denver,101,144,100,100,0
Denver,101,145,100,100,0
Denver,101,146,100,100,0
Denver,101,147,100,100,0
Denver,101,148,100,100,0
Denver,101,149,100,100,0
Denver,101,15,100,100,0
Denver,101,150,100,100,0
Denver,101,151,100,100,0
Denver,101,152,100,100,0
Denver,101,153,100,100,0
Denver,101,154,100,100,0
Denver,101,155,100,100,0
Denver,101,156,100,100,0
Denver,101,157,100,100,0
Denver,101,158,100,100,0
Denver,101,159,100,100,0
Denver,101,16,100,100,0
Denver,101,160,100,100,0
Denver,101,161,100,100,0
Denver,101,162,100,100,0
Denver,101,163,100,100,0
Denver,101,164,100,100,0
Denver,101,165,100,100,0
Denver,101,166,100,100,0
Denver,101,167,100,100,0
Denver,101,168,100,100,0
Denver,101,169,100,100,0
Denver,101,17,100,100,0
Denver,101,170,100,100,0
Denver,101,171,100,100,0
Denver,101,172,100,100,0
Denver,101,173,100,100,0
Denver,101,174,100,100,0
Denver,101,175,100,100,0
Denver,101,176,100,100,0
Denver,101,177,100,100,0
Denver,101,178,100,100,0
Denver,101,179,100,100,0
Denver,101,18,100,100,0
Denver,101,180,100,100,0
Denver,101,181,100,100,0
Denver,101,182,100,100,0
Denver,101,183,100,100,0
Denver,101,184,100,100,0
Denver,101,185,100,100,0
Denver,101,186,100,100,0
Denver,101,187,100,100,0
Denver,101,188,100,100,0
Denver,101,189,100,100,0
Denver,101,19,100,100,0
Denver,101,190,100,100,0
Denver,101,191,100,100,0
Denver,101,192,100,100,0
Denver,101,193,100,100,0
Denver,101,194,100,100,0
Denver,101,195,100,100,0
Denver,101,196,100,100,0
Denver,101,197,100,100,0
Denver,101,198,100,100,0
Denver,101,199,100,100,0
Denver,101,2,100,100,0
Denver,101,20,100,100,0
Denver,101,200,100,100,0
Denver,101,21,100,100,0
Denver,101,22,100,100,0
Denver,101,23,100,100,0
Denver,101,24,100,100,0
Denver,101,25,100,100,0
Denver,101,26,100,100,0
Denver,101,27,100,100,0
Denver,101,28,100,100,0
Denver,101,29,100,100,0
Denver,101,3,100,100,0
Denver,101,30,100,100,0
Denver,101,31,100,100,0
Denver,101,32,100,100,0
Denver,101,33,100,100,0
Denver,101,34,100,100,0
Denver,101,35,100,100,0
Denver,101,36,100,100,0
Denver,101,37,100,100,0
Denver,101,38,100,100,0
Denver,101,39,100,100,0
Denver,101,4,100,100,0
Denver,101,40,100,100,0
Denver,101,41,100,100,0
Denver,101,42,100,100,0
Denver,101,43,100,100,0
Denver,101,44,100,100,0
Denver,101,45,100,100,0
Denver,101,46,100,100,0
Denver,101,47,100,100,0
Denver,101,48,100,100,0
Denver,101,49,100,100,0
Denver,101,5,100,100,0
Denver,101,50,100,100,0
Denver,101,51,100,100,0
Denver,101,52,100,100,0
Denver,101,53,100,100,0
Denver,101,54,100,100,0
Denver,101,55,100,100,0
Denver,101,56,100,100,0
Denver,101,57,100,100,0
Denver,101,58,100,100,0
Denver,101,59,100,100,0
Denver,101,6,100,100,0
Denver,101,60,100,100,0
Denver,101,61,100,100,0
Denver,101,62,100,100,0
Denver,101,63,100,100,0
Denver,101,64,100,100,0
Denver,101,65,100,100,0
Denver,101,66,100,100,0
Denver,101,67,100,100,0
Denver,101,68,100,100,0
Denver,101,69,100,100,0
Denver,101,7,100,100,0
Denver,101,70,100,100,0
Denver,101,71,100,100,0
Denver,101,72,100,100,0
Denver,101,73,100,100,0
Denver,101,74,100,100,0
Denver,101,75,100,100,0
Denver,101,76,100,100,0
Denver,101,77,100,100,0
Denver,101,78,100,100,0
Denver,101,79,100,100,0
Denver,101,8,100,100,0
Denver,101,80,100,100,0
Denver,101,81,100,100,0
Denver,101,82,100,100,0
Denver,101,83,100,100,0
Denver,101,84,100,100,0
Denver,101,85,100,100,0
Denver,101,86,100,100,0
Denver,101,87,100,100,0
Denver,101,88,100,100,0
Denver,101,89,100,100,0
Denver,101,9,100,100,0
Denver,101,90,100,100,0
Denver,101,91,100,100,0
Denver,101,92,100,100,0
Denver,101,93,100,100,0
Denver,101,94,100,100,0
Denver,101,95,100,100,0
Denver,101,96,100,100,0
Denver,101,97,100,100,0
Denver,101,98,100,100,0
Denver,101,99,100,100,0
Denver,102,1,100,100,0
Denver,102,10,100,100,0
Denver,102,100,100,100,0
Denver,102,101,100,100,0
Denver,102,102,100,100,0
Denver,102,103,100,100,0
Denver,102,104,100,100,0
Denver,102,105,100,100,0
Denver,102,106,100,100,0
Denver,102,107,100,100,0
Denver,102,108,100,100,0
Denver,102,109,100,100,0
Denver,102,11,100,100,0
Denver,102,110,100,100,0
Denver,102,111,100,100,0
Denver,102,112,100,100,0
Denver,102,113,100,100,0
Denver,102,114,100,100,0
Denver,102,115,100,100,0
Denver,102,116,100,100,0
Denver,102,117,100,100,0
Denver,102,118,100,100,0
Denver,102,119,100,100,0
Denver,102,12,100,100,0
Denver,102,120,100,100,0
Denver,102,121,100,100,0
Denver,102,122,100,100,0
Denver,102,123,100,100,0
Denver,102,124,100,100,0
Denver,102,125,100,100,0
Denver,102,126,100,100,0
Denver,102,127,100,100,0
Denver,102,128,100,100,0
Denver,102,129,100,100,0
Denver,102,13,100,100,0
Denver,102,130,100,100,0
Denver,102,131,100,100,0
Denver,102,132,100,100,0
Denver,102,133,100,100,0
Denver,102,134,100,100,0
Denver,102,135,100,100,0
Denver,102,136,100,100,0
Denver,102,137,100,100,0
Denver,102,138,100,100,0
Denver,102,139,100,100,0
Denver,102,14,100,100,0
Denver,102,140,100,100,0
Denver,102,141,100,100,0
Denver,102,142,100,100,0
Denver,102,143,100,100,0
Denver,102,144,100,100,0
Denver,102,145,100,100,0
Denver,102,146,100,100,0
Denver,102,147,100,100,0
Denver,102,148,100,100,0
Denver,102,149,100,100,0
Denver,102,15,100,100,0
Denver,102,150,100,100,0
Denver,102,151,100,100,0
Denver,102,152,100,100,0
Denver,102,153,151,151,0
Denver,102,16,100,100,0
Denver,102,17,100,100,0
Denver,102,18,100,100,0
Denver,102,19,100,100,0
Denver,102,2,100,100,0
Denver,102,20,100,100,0
Denver,102,21,100,100,0
Denver,102,22,100,100,0
Denver,102,23,100,100,0
Denver,102,24,100,100,0
Denver,102,25,100,100,0
Denver,102,26,100,100,0
Denver,102,27,100,100,0
Denver,102,28,100,100,0
Denver,102,29,100,100,0
Denver,102,3,100,100,0
Denver,102,30,100,100,0
Denver,102,31,100,100,0
Denver,102,32,100,100,0
Denver,102,33,100,100,0
Denver,102,34,100,100,0
Denver,102,35,100,100,0
Denver,102,36,100,100,0
Denver,102,37,100,100,0
Denver,102,38,100,100,0
Denver,102,39,100,100,0
Denver,102,4,100,100,0
Denver,102,40,100,100,0
Denver,102,41,100,100,0
Denver,102,42,100,100,0
Denver,102,43,100,100,0
Denver,102,44,100,100,0
Denver,102,45,100,100,0
Denver,102,46,100,100,0
Denver,102,47,100,100,0
Denver,102,48,100,100,0
Denver,102,49,100,100,0
Denver,102,5,100,100,0
Denver,102,50,100,100,0
Denver,102,51,100,100,0
Denver,102,52,100,100,0
Denver,102,53,100,100,0
Denver,102,54,100,100,0
Denver,102,55,100,100,0
Denver,102,56,100,100,0
Denver,102,57,100,100,0
Denver,102,58,100,100,0
Denver,102,59,100,100,0
Denver,102,6,100,100,0
Denver,102,60,100,100,0
Denver,102,61,100,100,0
Denver,102,62,100,100,0
Denver,102,63,100,100,0
Denver,102,64,100,100,0
Denver,102,65,100,100,0
Denver,102,66,100,100,0
Denver,102,67,100,100,0
Denver,102,68,100,100,0
Denver,102,69,100,100,0
Denver,102,7,100,100,0
Denver,102,70,100,100,0
Denver,102,71,100,100,0
Denver,102,72,100,100,0
Denver,102,73,101,101,0
Denver,102,74,100,100,0
Denver,102,75,100,100,0
Denver,102,76,100,100,0
Denver,102,77,100,100,0
Denver,102,78,100,100,0
Denver,102,79,100,100,0
Denver,102,8,100,100,0
Denver,102,80,100,100,0
Denver,102,81,100,100,0
Denver,102,82,100,100,0
Denver,102,83,100,100,0
Denver,102,84,100,100,0
Denver,102,85,100,100,0
Denver,102,86,100,100,0
Denver,102,87,100,100,0
Denver,102,88,100,100,0
Denver,102,89,100,100,0
Denver,102,9,100,100,0
Denver,102,90,100,100,0
Denver,102,91,100,100,0
Denver,102,92,100,100,0
Denver,102,93,100,100,0
Denver,102,94,100,100,0
Denver,102,95,100,100,0
Denver,102,96,100,100,0
Denver,102,97,100,100,0
Denver,102,98,100,100,0
Denver,102,99,100,100,0
Denver,103,1,100,100,0
Denver,103,10,100,100,0
Denver,103,100,100,100,0
Denver,103,101,100,100,0
Denver,103,102,100,100,0
Denver,103,103,100,100,0
Denver,103,104,100,100,0
Denver,103,105,100,100,0
Denver,103,106,100,100,0
Denver,103,107,100,100,0
Denver,103,108,100,100,0
Denver,103,109,100,100,0
Denver,103,11,100,100,0
Denver,103,110,100,100,0
Denver,103,111,100,100,0
Denver,103,112,100,100,0
Denver,103,113,100,100,0
Denver,103,114,100,100,0
Denver,103,115,100,100,0
Denver,103,116,100,100,0
Denver,103,117,100,100,0
Denver,103,118,100,100,0
Denver,103,119,100,100,0
Denver,103,12,100,100,0
Denver,103,120,100,100,0
Denver,103,121,100,100,0
Denver,103,122,100,100,0
Denver,103,123,100,100,0
Denver,103,124,100,100,0
Denver,103,125,100,100,0
Denver,103,126,100,100,0
Denver,103,127,100,100,0
Denver,103,128,100,100,0
Denver,103,129,100,100,0
Denver,103,13,100,100,0
Denver,103,130,100,100,0
Denver,103,131,100,100,0
Denver,103,132,100,100,0
Denver,103,133,100,100,0
Denver,103,134,100,100,0
Denver,103,135,100,100,0
Denver,103,136,100,100,0
Denver,103,137,100,100,0
Denver,103,138,100,100,0
Denver,103,139,100,100,0
Denver,103,14,100,100,0
Denver,103,140,100,100,0
Denver,103,141,100,100,0
Denver,103,142,100,100,0
Denver,103,143,100,100,0
Denver,103,144,100,100,0
Denver,103,145,100,100,0
Denver,103,146,100,100,0
Denver,103,147,100,100,0
Denver,103,148,100,100,0
Denver,103,149,100,100,0
Denver,103,15,100,100,0
Denver,103,150,100,100,0
Denver,103,151,100,100,0
Denver,103,152,100,100,0
Denver,103,153,100,100,0
Denver,103,154,100,100,0
Denver,103,155,100,100,0
Denver,103,156,100,100,0
Denver,103,157,100,100,0
Denver,103,158,100,100,0
Denver,103,159,100,100,0
Denver,103,16,100,100,0
Denver,103,160,100,100,0
Denver,103,161,100,100,0
Denver,103,162,100,100,0
Denver,103,163,100,100,0
Denver,103,164,100,100,0
Denver,103,165,100,100,0
Denver,103,166,100,100,0
Denver,103,167,100,100,0
Denver,103,168,100,100,0
Denver,103,169,100,100,0
Denver,103,17,100,100,0
Denver,103,170,100,100,0
Denver,103,171,100,100,0
Denver,103,172,100,100,0
Denver,103,173,100,100,0
Denver,103,174,100,100,0
Denver,103,175,100,100,0
Denver,103,176,100,100,0
Denver,103,177,100,100,0
Denver,103,178,100,100,0
Denver,103,18,100,100,0
Denver,103,19,100,100,0
Denver,103,2,100,100,0
Denver,103,20,100,100,0
Denver,103,21,100,100,0
Denver,103,22,100,100,0
Denver,103,23,100,100,0
Denver,103,24,100,100,0
Denver,103,25,100,100,0
Denver,103,26,100,100,0
Denver,103,27,100,100,0
Denver,103,28,100,100,0
Denver,103,29,100,100,0
Denver,103,3,100,100,0
Denver,103,30,100,100,0
Denver,103,31,100,100,0
Denver,103,32,100,100,0
Denver,103,33,100,100,0
Denver,103,34,100,100,0
Denver,103,35,100,100,0
Denver,103,36,100,100,0
Denver,103,37,100,100,0
Denver,103,38,100,100,0
Denver,103,39,100,100,0
Denver,103,4,100,100,0
Denver,103,40,100,100,0
Denver,103,41,100,100,0
Denver,103,42,100,100,0
Denver,103,43,100,100,0
Denver,103,44,100,100,0
Denver,103,45,100,100,0
Denver,103,46,100,100,0
Denver,103,47,100,100,0
Denver,103,48,100,100,0
Denver,103,49,100,100,0
Denver,103,5,100,100,0
Denver,103,50,100,100,0
Denver,103,51,100,100,0
Denver,103,52,100,100,0
Denver,103,53,100,100,0
Denver,103,54,100,100,0
Denver,103,55,100,100,0
Denver,103,56,100,100,0
Denver,103,57,100,100,0
Denver,103,58,100,100,0
Denver,103,59,100,100,0
Denver,103,6,100,100,0
Denver,103,60,100,100,0
Denver,103,61,100,100,0
Denver,103,62,100,100,0
Denver,103,63,100,100,0
Denver,103,64,100,100,0
Denver,103,65,100,100,0
Denver,103,66,100,100,0
Denver,103,67,100,100,0
Denver,103,68,100,100,0
Denver,103,69,100,100,0
Denver,103,7,100,100,0
Denver,103,70,100,100,0
Denver,103,71,100,100,0
Denver,103,72,100,100,0
Denver,103,73,100,100,0
Denver,103,74,100,100,0
Denver,103,75,100,100,0
Denver,103,76,100,100,0
Denver,103,77,100,100,0
Denver,103,78,100,100,0
Denver,103,79,100,100,0
Denver,103,8,100,100,0
Denver,103,80,100,100,0
Denver,103,81,100,100,0
Denver,103,82,100,100,0
Denver,103,83,100,100,0
Denver,103,84,100,100,0
Denver,103,85,100,100,0
Denver,103,86,100,100,0
Denver,103,87,101,101,0
Denver,103,88,100,100,0
Denver,103,89,100,100,0
Denver,103,9,100,100,0
Denver,103,90,100,100,0
Denver,103,91,100,100,0
Denver,103,92,100,100,0
Denver,103,93,100,100,0
Denver,103,94,100,100,0
Denver,103,95,100,100,0
Denver,103,96,100,100,0
Denver,103,97,100,100,0
Denver,103,98,100,100,0
Denver,103,99,100,100,0
Denver,104,1,100,100,0
Denver,104,10,100,100,0
Denver,104,100,100,100,0
Denver,104,101,100,100,0
Denver,104,102,100,100,0
Denver,104,103,100,100,0
Denver,104,104,100,100,0
Denver,104,105,100,100,0
Denver,104,106,100,100,0
Denver,104,107,100,100,0
Denver,104,108,100,100,0
Denver,104,109,100,100,0
Denver,104,11,100,100,0
Denver,104,110,100,100,0
Denver,104,111,100,100,0
Denver,104,112,100,100,0
Denver,104,113,100,100,0
Denver,104,114,100,100,0
Denver,104,115,100,100,0
Denver,104,116,100,100,0
Denver,104,117,100,100,0
Denver,104,118,100,100,0
Denver,104,119,100,100,0
Denver,104,12,100,100,0
Denver,104,120,100,100,0
Denver,104,121,100,100,0
Denver,104,122,100,100,0
Denver,104,123,100,100,0
Denver,104,124,100,100,0
Denver,104,125,100,100,0
Denver,104,126,100,100,0
Denver,104,127,100,100,0
Denver,104,128,100,100,0
Denver,104,129,100,100,0
Denver,104,13,100,100,0
Denver,104,130,100,100,0
Denver,104,131,100,100,0
Denver,104,132,100,100,0
Denver,104,133,100,100,0
Denver,104,134,100,100,0
Denver,104,135,100,100,0
Denver,104,136,100,100,0
Denver,104,137,100,100,0
Denver,104,138,100,100,0
Denver,104,139,100,100,0
Denver,104,14,100,100,0
Denver,104,140,100,100,0
Denver,104,141,100,100,0
Denver,104,142,100,100,0
Denver,104,143,100,100,0
Denver,104,144,100,100,0
Denver,104,145,100,100,0
Denver,104,146,65,65,0
Denver,104,147,100,100,0
Denver,104,148,100,100,0
Denver,104,149,100,100,0
Denver,104,15,100,100,0
Denver,104,150,100,100,0
Denver,104,16,100,100,0
Denver,104,18,100,100,0
Denver,104,19,100,100,0
Denver,104,2,100,100,0
Denver,104,20,100,100,0
Denver,104,21,100,100,0
Denver,104,22,100,100,0
Denver,104,23,100,100,0
Denver,104,24,100,100,0
Denver,104,25,100,100,0
Denver,104,26,100,100,0
Denver,104,27,100,100,0
Denver,104,28,100,100,0
Denver,104,29,100,100,0
Denver,104,3,100,100,0
Denver,104,30,100,100,0
Denver,104,31,100,100,0
Denver,104,32,100,100,0
Denver,104,33,100,100,0
Denver,104,34,100,100,0
Denver,104,35,100,100,0
Denver,104,36,100,100,0
Denver,104,37,100,100,0
Denver,104,38,100,100,0
Denver,104,39,100,100,0
Denver,104,4,100,100,0
Denver,104,40,100,100,0
Denver,104,41,100,100,0
Denver,104,42,100,100,0
Denver,104,43,100,100,0
Denver,104,44,100,100,0
Denver,104,45,100,100,0
Denver,104,46,100,100,0
Denver,104,47,100,100,0
Denver,104,48,100,100,0
Denver,104,49,100,100,0
Denver,104,5,100,100,0
Denver,104,50,100,100,0
Denver,104,51,100,100,0
Denver,104,52,100,100,0
Denver,104,53,100,100,0
Denver,104,54,100,100,0
Denver,104,55,100,100,0
Denver,104,56,100,100,0
Denver,104,57,100,100,0
Denver,104,58,100,100,0
Denver,104,59,100,100,0
Denver,104,6,100,100,0
Denver,104,60,100,100,0
Denver,104,61,100,100,0
Denver,104,62,100,100,0
Denver,104,63,100,100,0
Denver,104,64,100,100,0
Denver,104,65,100,100,0
Denver,104,66,100,100,0
Denver,104,67,100,100,0
Denver,104,68,100,100,0
Denver,104,69,100,100,0
Denver,104,7,100,100,0
Denver,104,70,100,100,0
Denver,104,71,100,100,0
Denver,104,72,100,100,0
Denver,104,73,100,100,0
Denver,104,74,100,100,0
Denver,104,75,100,100,0
Denver,104,76,100,100,0
Denver,104,77,100,100,0
Denver,104,78,100,100,0
Denver,104,79,100,100,0
Denver,104,8,100,100,0
Denver,104,80,100,100,0
Denver,104,81,100,100,0
Denver,104,82,100,100,0
Denver,104,83,100,100,0
Denver,104,84,100,100,0
Denver,104,85,100,100,0
Denver,104,86,100,100,0
Denver,104,87,100,100,0
Denver,104,88,100,100,0
Denver,104,89,100,100,0
Denver,104,9,100,100,0
Denver,104,90,100,100,0
Denver,104,91,100,100,0
Denver,104,92,100,100,0
Denver,104,93,100,100,0
Denver,104,94,100,100,0
Denver,104,95,100,100,0
Denver,104,96,100,100,0
Denver,104,97,100,100,0
Denver,104,98,100,100,0
Denver,104,99,100,100,0
Denver,105,1,100,100,0
Denver,105,10,100,100,0
Denver,105,100,100,100,0
Denver,105,101,100,100,0
Denver,105,102,100,100,0
Denver,105,103,100,100,0
Denver,105,104,100,100,0
Denver,105,105,100,100,0
Denver,105,106,100,100,0
Denver,105,107,100,100,0
Denver,105,108,100,100,0
Denver,105,109,100,100,0
Denver,105,11,100,100,0
Denver,105,110,100,100,0
Denver,105,111,100,100,0
Denver,105,112,100,100,0
Denver,105,113,100,100,0
Denver,105,114,100,100,0
Denver,105,115,100,100,0
Denver,105,116,100,100,0
Denver,105,117,100,100,0
Denver,105,118,100,100,0
Denver,105,119,100,100,0
Denver,105,12,100,100,0
Denver,105,120,100,100,0
Denver,105,13,100,100,0
Denver,105,14,100,100,0
Denver,105,15,100,100,0
Denver,105,16,100,100,0
Denver,105,17,100,100,0
Denver,105,18,100,100,0
Denver,105,19,100,100,0
Denver,105,2,100,100,0
Denver,105,20,100,100,0
Denver,105,21,100,100,0
Denver,105,22,100,100,0
Denver,105,23,100,100,0
Denver,105,24,100,100,0
Denver,105,25,101,101,0
Denver,105,26,100,100,0
Denver,105,27,100,100,0
Denver,105,28,100,100,0
Denver,105,29,100,100,0
Denver,105,3,100,100,0
Denver,105,30,100,100,0
Denver,105,31,100,100,0
Denver,105,32,100,100,0
Denver,105,33,100,100,0
Denver,105,34,100,100,0
Denver,105,35,100,100,0
Denver,105,36,100,100,0
Denver,105,37,100,100,0
Denver,105,38,100,100,0
Denver,105,39,100,100,0
Denver,105,4,100,100,0
Denver,105,40,100,100,0
Denver,105,41,100,100,0
Denver,105,42,100,100,0
Denver,105,43,100,100,0
Denver,105,44,100,100,0
Denver,105,45,100,100,0
Denver,105,46,100,100,0
Denver,105,47,100,100,0
Denver,105,48,100,100,0
Denver,105,49,100,100,0
Denver,105,5,100,100,0
Denver,105,50,100,100,0
Denver,105,51,100,100,0
Denver,105,52,100,100,0
Denver,105,53,100,100,0
Denver,105,54,100,100,0
Denver,105,55,100,100,0
Denver,105,56,100,100,0
Denver,105,57,100,100,0
Denver,105,58,100,100,0
Denver,105,59,100,100,0
Denver,105,6,100,100,0
Denver,105,60,100,100,0
Denver,105,61,100,100,0
Denver,105,62,100,100,0
Denver,105,63,100,100,0
Denver,105,64,100,100,0
Denver,105,65,100,100,0
Denver,105,66,100,100,0
Denver,105,67,100,100,0
Denver,105,68,100,100,0
Denver,105,69,100,100,0
Denver,105,7,100,100,0
Denver,105,70,100,100,0
Denver,105,71,100,100,0
Denver,105,72,100,100,0
Denver,105,73,100,100,0
Denver,105,74,100,100,0
Denver,105,75,100,100,0
Denver,105,76,100,100,0
Denver,105,77,100,100,0
Denver,105,78,100,100,0
Denver,105,79,100,100,0
Denver,105,8,100,100,0
Denver,105,80,100,100,0
Denver,105,81,100,100,0
Denver,105,82,100,100,0
Denver,105,83,100,100,0
Denver,105,84,100,100,0
Denver,105,85,100,100,0
Denver,105,86,100,100,0
Denver,105,87,100,100,0
Denver,105,88,100,100,0
Denver,105,89,100,100,0
Denver,105,9,100,100,0
Denver,105,90,100,100,0
Denver,105,91,100,100,0
Denver,105,92,100,100,0
Denver,105,93,100,100,0
Denver,105,94,100,100,0
Denver,105,95,100,100,0
Denver,105,96,100,100,0
Denver,105,97,100,100,0
Denver,105,98,100,100,0
Denver,105,99,100,100,0
Denver,106,1,100,100,0
Denver,106,2,100,100,0
Denver,106,3,100,100,0
Denver,106,4,100,100,0
Denver,106,5,100,100,0
Denver,106,6,100,100,0
Denver,106,7,100,100,0
Denver,106,8,100,100,0
Denver,107,1,100,100,0
Denver,107,10,100,100,0
Denver,107,11,100,100,0
Denver,107,12,100,100,0
Denver,107,13,100,100,0
Denver,107,14,100,100,0
Denver,107,15,100,100,0
Denver,107,16,100,100,0
Denver,107,17,100,100,0
Denver,107,18,100,100,0
Denver,107,19,100,100,0
Denver,107,2,100,100,0
Denver,107,20,100,100,0
Denver,107,21,100,100,0
Denver,107,22,100,100,0
Denver,107,23,100,100,0
Denver,107,24,100,100,0
Denver,107,25,100,100,0
Denver,107,26,100,100,0
Denver,107,27,100,100,0
Denver,107,28,100,100,0
Denver,107,29,100,100,0
Denver,107,3,100,100,0
Denver,107,30,100,100,0
Denver,107,31,100,100,0
Denver,107,32,100,100,0
Denver,107,4,100,100,0
Denver,107,5,100,100,0
Denver,107,6,100,100,0
Denver,107,7,100,100,0
Denver,107,8,100,100,0
Denver,107,9,100,100,0
Denver,108,1,100,100,0
Denver,108,10,100,100,0
Denver,108,100,100,100,0
Denver,108,101,100,100,0
Denver,108,102,100,100,0
Denver,108,103,100,100,0
Denver,108,104,100,100,0
Denver,108,105,100,100,0
Denver,108,106,100,100,0
Denver,108,107,100,100,0
Denver,108,108,100,100,0
Denver,108,109,100,100,0
Denver,108,11,100,100,0
Denver,108,110,100,100,0
Denver,108,111,100,100,0
Denver,108,112,100,100,0
Denver,108,113,100,100,0
Denver,108,114,100,100,0
Denver,108,115,100,100,0
Denver,108,116,100,100,0
Denver,108,117,100,100,0
Denver,108,118,100,100,0
Denver,108,119,100,100,0
Denver,108,12,100,100,0
Denver,108,120,100,100,0
Denver,108,121,100,100,0
Denver,108,122,100,100,0
Denver,108,123,100,100,0
Denver,108,124,100,100,0
Denver,108,125,100,100,0
Denver,108,126,100,100,0
Denver,108,127,100,100,0
Denver,108,128,100,100,0
Denver,108,129,100,100,0
Denver,108,13,100,100,0
Denver,108,130,100,100,0
Denver,108,131,100,100,0
Denver,108,132,100,100,0
Denver,108,133,100,100,0
Denver,108,134,100,100,0
Denver,108,135,100,100,0
Denver,108,136,100,100,0
Denver,108,137,100,100,0
Denver,108,138,100,100,0
Denver,108,139,100,100,0
Denver,108,14,100,100,0
Denver,108,140,100,100,0
Denver,108,141,100,100,0
Denver,108,142,100,100,0
Denver,108,143,100,100,0
Denver,108,144,100,100,0
Denver,108,145,100,100,0
Denver,108,146,100,100,0
Denver,108,147,100,100,0
Denver,108,148,100,100,0
Denver,108,149,100,100,0
Denver,108,15,100,100,0
Denver,108,150,100,100,0
Denver,108,151,100,100,0
Denver,108,152,100,100,0
Denver,108,153,100,100,0
Denver,108,154,100,100,0
Denver,108,155,100,100,0
Denver,108,156,100,100,0
Denver,108,157,100,100,0
Denver,108,158,100,100,0
Denver,108,159,100,100,0
Denver,108,16,100,100,0
Denver,108,160,100,100,0
Denver,108,161,100,100,0
Denver,108,162,100,100,0
Denver,108,163,100,100,0
Denver,108,164,100,100,0
Denver,108,165,100,100,0
Denver,108,166,100,100,0
Denver,108,167,100,100,0
Denver,108,168,100,100,0
Denver,108,169,100,100,0
Denver,108,17,100,100,0
Denver,108,170,100,100,0
Denver,108,171,100,100,0
Denver,108,172,100,100,0
Denver,108,173,100,100,0
Denver,108,174,100,100,0
Denver,108,175,100,100,0
Denver,108,176,100,100,0
Denver,108,177,100,100,0
Denver,108,178,100,100,0
Denver,108,179,100,100,0
Denver,108,18,100,100,0
Denver,108,180,100,100,0
Denver,108,181,100,100,0
Denver,108,182,100,100,0
Denver,108,183,100,100,0
Denver,108,184,100,100,0
Denver,108,185,100,100,0
Denver,108,186,100,100,0
Denver,108,187,100,100,0
Denver,108,188,100,100,0
Denver,108,189,100,100,0
Denver,108,19,100,100,0
Denver,108,190,100,100,0
Denver,108,191,100,100,0
Denver,108,192,100,100,0
Denver,108,193,100,100,0
Denver,108,194,100,100,0
Denver,108,195,100,100,0
Denver,108,196,100,100,0
Denver,108,197,100,100,0
Denver,108,198,100,100,0
Denver,108,199,100,100,0
Denver,108,2,100,100,0
Denver,108,20,100,100,0
Denver,108,200,100,100,0
Denver,108,201,100,100,0
Denver,108,202,100,100,0
Denver,108,203,100,100,0
Denver,108,204,100,100,0
Denver,108,205,103,103,0
Denver,108,206,100,100,0
Denver,108,207,100,100,0
Denver,108,208,100,100,0
Denver,108,209,100,100,0
Denver,108,21,100,100,0
Denver,108,210,100,100,0
Denver,108,211,100,100,0
Denver,108,212,100,100,0
Denver,108,213,100,100,0
Denver,108,214,100,100,0
Denver,108,215,100,100,0
Denver,108,216,100,100,0
Denver,108,217,100,100,0
Denver,108,218,100,100,0
Denver,108,219,100,100,0
Denver,108,22,100,100,0
Denver,108,220,100,100,0
Denver,108,221,100,100,0
Denver,108,222,100,100,0
Denver,108,223,100,100,0
Denver,108,224,100,100,0
Denver,108,225,100,100,0
Denver,108,226,100,100,0
Denver,108,227,100,100,0
Denver,108,228,100,100,0
Denver,108,229,100,100,0
Denver,108,23,100,100,0
Denver,108,230,100,100,0
Denver,108,231,100,100,0
Denver,108,232,100,100,0
Denver,108,233,100,100,0
Denver,108,234,100,100,0
Denver,108,235,100,100,0
Denver,108,236,100,100,0
Denver,108,237,100,100,0
Denver,108,238,100,100,0
Denver,108,239,100,100,0
Denver,108,24,100,100,0
Denver,108,240,100,100,0
Denver,108,241,100,100,0
Denver,108,242,100,100,0
Denver,108,243,100,100,0
Denver,108,244,100,100,0
Denver,108,245,100,100,0
Denver,108,246,100,100,0
Denver,108,247,100,100,0
Denver,108,248,100,100,0
Denver,108,25,100,100,0
Denver,108,26,100,100,0
Denver,108,27,100,100,0
Denver,108,28,100,100,0
Denver,108,29,100,100,0
Denver,108,3,100,100,0
Denver,108,30,100,100,0
Denver,108,31,100,100,0
Denver,108,32,100,100,0
Denver,108,33,100,100,0
Denver,108,34,100,100,0
Denver,108,35,100,100,0
Denver,108,36,100,100,0
Denver,108,37,100,100,0
Denver,108,38,100,100,0
Denver,108,39,100,100,0
Denver,108,4,100,100,0
Denver,108,40,100,100,0
Denver,108,41,100,100,0
Denver,108,42,100,100,0
Denver,108,43,100,100,0
Denver,108,44,100,100,0
Denver,108,45,100,100,0
Denver,108,46,100,100,0
Denver,108,47,100,100,0
Denver,108,48,100,100,0
Denver,108,49,100,100,0
Denver,108,5,100,100,0
Denver,108,50,100,100,0
Denver,108,51,100,100,0
Denver,108,52,100,100,0
Denver,108,53,100,100,0
Denver,108,54,100,100,0
Denver,108,55,100,100,0
Denver,108,56,100,100,0
Denver,108,57,100,100,0
Denver,108,58,100,100,0
Denver,108,59,100,100,0
Denver,108,6,100,100,0
Denver,108,60,100,100,0
Denver,108,61,100,100,0
Denver,108,62,100,100,0
Denver,108,63,100,100,0
Denver,108,64,100,100,0
Denver,108,65,100,100,0
Denver,108,66,100,100,0
Denver,108,67,100,100,0
Denver,108,68,100,100,0
Denver,108,69,100,100,0
Denver,108,7,100,100,0
Denver,108,70,100,100,0
Denver,108,71,100,100,0
Denver,108,72,100,100,0
Denver,108,73,100,100,0
Denver,108,74,100,100,0
Denver,108,75,100,100,0
Denver,108,76,100,100,0
Denver,108,77,100,100,0
Denver,108,78,100,100,0
Denver,108,79,100,100,0
Denver,108,8,100,100,0
Denver,108,80,100,100,0
Denver,108,81,100,100,0
Denver,108,82,100,100,0
Denver,108,83,100,100,0
Denver,108,84,100,100,0
Denver,108,85,100,100,0
Denver,108,86,100,100,0
Denver,108,87,100,100,0
Denver,108,88,103,103,0
Denver,108,89,100,100,0
Denver,108,9,100,100,0
Denver,108,90,100,100,0
Denver,108,91,100,100,0
Denver,108,92,100,100,0
Denver,108,93,100,100,0
Denver,108,94,100,100,0
Denver,108,95,100,100,0
Denver,108,96,100,100,0
Denver,108,97,100,100,0
Denver,108,98,100,100,0
Denver,108,99,100,100,0
Denver,109,1,100,100,0
Denver,109,10,100,100,0
Denver,109,100,100,100,0
Denver,109,101,100,100,0
Denver,109,102,100,100,0
Denver,109,103,100,100,0
Denver,109,104,100,100,0
Denver,109,105,100,100,0
Denver,109,106,100,100,0
Denver,109,107,100,100,0
Denver,109,108,100,100,0
Denver,109,109,100,100,0
Denver,109,11,100,100,0
Denver,109,110,100,100,0
Denver,109,111,100,100,0
Denver,109,112,100,100,0
Denver,109,113,100,100,0
Denver,109,114,100,100,0
Denver,109,115,100,100,0
Denver,109,116,100,100,0
Denver,109,117,100,100,0
Denver,109,118,100,100,0
Denver,109,119,100,100,0
Denver,109,12,100,100,0
Denver,109,120,100,100,0
Denver,109,121,100,100,0
Denver,109,122,100,100,0
Denver,109,123,100,100,0
Denver,109,124,100,100,0
Denver,109,125,134,134,0
Denver,109,126,55,55,0
Denver,109,13,100,100,0
Denver,109,14,100,100,0
Denver,109,15,100,100,0
Denver,109,16,100,100,0
Denver,109,17,100,100,0
Denver,109,18,100,100,0
Denver,109,19,100,100,0
Denver,109,2,100,100,0
Denver,109,20,100,100,0
Denver,109,21,100,100,0
Denver,109,22,100,100,0
Denver,109,23,100,100,0
Denver,109,24,100,100,0
Denver,109,25,100,100,0
Denver,109,26,100,100,0
Denver,109,27,100,100,0
Denver,109,28,100,100,0
Denver,109,29,100,100,0
Denver,109,3,100,100,0
Denver,109,30,100,100,0
Denver,109,31,100,100,0
Denver,109,32,100,100,0
Denver,109,33,100,100,0
Denver,109,34,100,100,0
Denver,109,35,100,100,0
Denver,109,36,100,100,0
Denver,109,37,100,100,0
Denver,109,38,100,100,0
Denver,109,39,100,100,0
Denver,109,4,100,100,0
Denver,109,40,100,100,0
Denver,109,41,100,100,0
Denver,109,42,100,100,0
Denver,109,43,100,100,0
Denver,109,44,100,100,0
Denver,109,45,100,100,0
Denver,109,46,100,100,0
Denver,109,47,101,101,0
Denver,109,48,100,100,0
Denver,109,49,100,100,0
Denver,109,5,100,100,0
Denver,109,50,100,100,0
Denver,109,51,100,100,0
Denver,109,52,100,100,0
Denver,109,53,100,100,0
Denver,109,54,100,100,0
Denver,109,55,100,100,0
Denver,109,56,100,100,0
Denver,109,57,100,100,0
Denver,109,58,100,100,0
Denver,109,59,100,100,0
Denver,109,6,100,100,0
Denver,109,60,100,100,0
Denver,109,61,100,100,0
Denver,109,62,100,100,0
Denver,109,63,100,100,0
Denver,109,64,100,100,0
Denver,109,65,100,100,0
Denver,109,66,100,100,0
Denver,109,67,100,100,0
Denver,109,68,100,100,0
Denver,109,69,100,100,0
Denver,109,7,100,100,0
Denver,109,70,100,100,0
Denver,109,71,100,100,0
Denver,109,72,100,100,0
Denver,109,73,100,100,0
Denver,109,74,100,100,0
Denver,109,75,100,100,0
Denver,109,76,100,100,0
Denver,109,77,100,100,0
Denver,109,78,100,100,0
Denver,109,79,100,100,0
Denver,109,8,100,100,0
Denver,109,80,100,100,0
Denver,109,81,100,100,0
Denver,109,82,100,100,0
Denver,109,83,100,100,0
Denver,109,84,100,100,0
Denver,109,85,100,100,0
Denver,109,86,100,100,0
Denver,109,87,100,100,0
Denver,109,88,100,100,0
Denver,109,89,100,100,0
Denver,109,9,100,100,0
Denver,109,90,100,100,0
Denver,109,91,100,100,0
Denver,109,92,100,100,0
Denver,109,93,100,100,0
Denver,109,94,100,100,0
Denver,109,95,100,100,0
Denver,109,97,100,100,0
Denver,109,98,100,100,0
Denver,109,99,100,100,0
Denver,110,1,100,100,0
Denver,110,10,100,100,0
Denver,110,100,100,100,0
Denver,110,101,100,100,0
Denver,110,102,100,100,0
Denver,110,103,100,100,0
Denver,110,104,100,100,0
Denver,110,105,100,100,0
Denver,110,106,100,100,0
Denver,110,107,100,100,0
Denver,110,108,100,100,0
Denver,110,109,100,100,0
Denver,110,11,100,100,0
Denver,110,110,100,100,0
Denver,110,111,100,100,0
Denver,110,112,100,100,0
Denver,110,113,100,100,0
Denver,110,114,100,100,0
Denver,110,115,100,100,0
Denver,110,116,100,100,0
Denver,110,117,100,100,0
Denver,110,118,100,100,0
Denver,110,119,100,100,0
Denver,110,12,100,100,0
Denver,110,120,100,100,0
Denver,110,121,100,100,0
Denver,110,122,100,100,0
Denver,110,123,100,100,0
Denver,110,124,100,100,0
Denver,110,125,100,100,0
Denver,110,126,100,100,0
Denver,110,127,100,100,0
Denver,110,128,100,100,0
Denver,110,129,100,100,0
Denver,110,13,100,100,0
Denver,110,130,100,100,0
Denver,110,131,100,100,0
Denver,110,132,100,100,0
Denver,110,133,100,100,0
Denver,110,134,100,100,0
Denver,110,135,100,100,0
Denver,110,136,100,100,0
Denver,110,137,100,100,0
Denver,110,138,100,100,0
Denver,110,139,99,99,0
Denver,110,14,100,100,0
Denver,110,140,100,100,0
Denver,110,141,100,100,0
Denver,110,142,67,67,0
Denver,110,143,100,100,0
Denver,110,144,100,100,0
Denver,110,145,100,100,0
Denver,110,146,100,100,0
Denver,110,147,100,100,0
Denver,110,148,100,100,0
Denver,110,149,100,100,0
Denver,110,15,100,100,0
Denver,110,150,100,100,0
Denver,110,152,166,166,0
Denver,110,16,100,100,0
Denver,110,17,100,100,0
Denver,110,18,100,100,0
Denver,110,19,100,100,0
Denver,110,2,100,100,0
Denver,110,20,100,100,0
Denver,110,21,100,100,0
Denver,110,22,100,100,0
Denver,110,23,100,100,0
Denver,110,24,100,100,0
Denver,110,25,100,100,0
Denver,110,26,100,100,0
Denver,110,27,100,100,0
Denver,110,28,100,100,0
Denver,110,29,100,100,0
Denver,110,3,100,100,0
Denver,110,30,100,100,0
Denver,110,31,100,100,0
Denver,110,32,100,100,0
Denver,110,33,100,100,0
Denver,110,34,100,100,0
Denver,110,35,100,100,0
Denver,110,36,100,100,0
Denver,110,37,100,100,0
Denver,110,38,100,100,0
Denver,110,39,100,100,0
Denver,110,4,100,100,0
Denver,110,40,100,100,0
Denver,110,41,100,100,0
Denver,110,42,100,100,0
Denver,110,43,100,100,0
Denver,110,44,100,100,0
Denver,110,45,100,100,0
Denver,110,46,100,100,0
Denver,110,47,100,100,0
Denver,110,48,100,100,0
Denver,110,49,100,100,0
Denver,110,5,100,100,0
Denver,110,50,100,100,0
Denver,110,51,100,100,0
Denver,110,52,100,100,0
Denver,110,53,100,100,0
Denver,110,54,100,100,0
Denver,110,55,100,100,0
Denver,110,56,100,100,0
Denver,110,57,100,100,0
Denver,110,58,100,100,0
Denver,110,59,100,100,0
Denver,110,6,100,100,0
Denver,110,60,100,100,0
Denver,110,61,100,100,0
Denver,110,62,100,100,0
Denver,110,63,100,100,0
Denver,110,64,100,100,0
Denver,110,65,100,100,0
Denver,110,66,100,100,0
Denver,110,67,100,100,0
Denver,110,68,100,100,0
Denver,110,69,100,100,0
Denver,110,7,100,100,0
Denver,110,70,100,100,0
Denver,110,71,100,100,0
Denver,110,72,100,100,0
Denver,110,73,100,100,0
Denver,110,74,100,100,0
Denver,110,75,100,100,0
Denver,110,76,100,100,0
Denver,110,77,100,100,0
Denver,110,78,100,100,0
Denver,110,79,100,100,0
Denver,110,8,100,100,0
Denver,110,80,100,100,0
Denver,110,81,100,100,0
Denver,110,82,100,100,0
Denver,110,83,100,100,0
Denver,110,84,100,100,0
Denver,110,85,100,100,0
Denver,110,86,100,100,0
Denver,110,87,100,100,0
Denver,110,88,100,100,0
Denver,110,89,100,100,0
Denver,110,9,100,100,0
Denver,110,90,100,100,0
Denver,110,91,100,100,0
Denver,110,92,100,100,0
Denver,110,93,100,100,0
Denver,110,94,100,100,0
Denver,110,95,100,100,0
Denver,110,96,100,100,0
Denver,110,97,100,100,0
Denver,110,98,100,100,0
Denver,110,99,100,100,0
Denver,120,1,55,55,0
Denver,120,10,100,100,0
Denver,120,11,100,100,0
Denver,120,12,100,100,0
Denver,120,13,100,100,0
Denver,120,14,100,100,0
Denver,120,15,100,100,0
Denver,120,16,100,100,0
Denver,120,17,100,100,0
Denver,120,18,121,121,0
Denver,120,19,100,100,0
Denver,120,2,100,100,0
Denver,120,20,100,100,0
Denver,120,21,100,100,0
Denver,120,22,100,100,0
Denver,120,23,100,100,0
Denver,120,24,100,100,0
Denver,120,25,128,128,0
Denver,120,3,100,100,0
Denver,120,4,100,100,0
Denver,120,5,100,100,0
Denver,120,6,100,100,0
Denver,120,7,100,100,0
Denver,120,8,100,100,0
Denver,120,9,100,100,0
Dolores,101,1,25,25,0
Dolores,101,10,25,25,0
Dolores,101,11,25,25,0
Dolores,101,12,25,25,0
Dolores,101,13,25,25,0
Dolores,101,14,25,25,0
Dolores,101,15,25,25,0
Dolores,101,16,25,25,0
Dolores,101,17,25,25,0
Dolores,101,18,25,25,0
Dolores,101,19,25,25,0
Dolores,101,2,25,25,0
Dolores,101,20,25,25,0
Dolores,101,21,24,24,0
Dolores,101,22,25,25,0
Dolores,101,23,25,25,0
Dolores,101,24,25,25,0
Dolores,101,25,25,25,0
Dolores,101,26,25,25,0
Dolores,101,27,25,25,0
Dolores,101,28,25,25,0
Dolores,101,29,24,24,0
Dolores,101,3,25,25,0
Dolores,101,30,25,25,0
Dolores,101,31,25,25,0
Dolores,101,32,21,21,0
Dolores,101,33,29,29,0
Dolores,101,4,25,25,0
Dolores,101,5,25,25,0
Dolores,101,6,25,25,0
Dolores,101,7,25,25,0
Dolores,101,8,25,25,0
Dolores,101,9,25,25,0
Douglas,1,PRES-0001,100,100,0
Douglas,1,PRES-0002,100,100,0
Douglas,1,PRES-0003,100,100,0
Douglas,1,PRES-0004,100,100,0
Douglas,1,PRES-0005,100,100,0
Douglas,1,PRES-0006,100,100,0
Douglas,1,PRES-0007,55,55,0
Douglas,1,PRES-0008,100,100,0
Douglas,1,PRES-0009,100,100,0
Douglas,1,PRES-0010,100,100,0
Douglas,1,PRES-0011,100,100,0
Douglas,1,PRES-0012,98,98,0
Douglas,1,PRES-0013,100,100,0
Douglas,1,PRES-0014,98,98,0
Douglas,1,PRES-0015,100,100,0
Douglas,1,PRES-0016,97,97,0
Douglas,1,PRES-0017,99,99,0
Douglas,1,PRES-0018,96,96,0
Douglas,1,PRES-0019,39,39,0
Douglas,1,PRES-0020,99,99,0
Douglas,1,PRES-0021,100,100,0
Douglas,1,PRES-0022,99,99,0
Douglas,1,PRES-0023,100,100,0
Douglas,1,PRES-0024,99,99,0
Douglas,1,PRES-0025,98,98,0
Douglas,1,PRES-0026,96,96,0
Douglas,1,PRES-0027,100,100,0
Douglas,1,PRES-0028,100,100,0
Douglas,1,PRES-0029,100,100,0
Douglas,1,PRES-0030,100,100,0
Douglas,1,PRES-0031,100,100,0
Douglas,1,PRES-0032,99,99,0
Douglas,1,PRES-0033,100,100,0
Douglas,1,PRES-0034,100,100,0
Douglas,1,PRES-0035,100,100,0
Douglas,1,PRES-0036,100,100,0
Douglas,1,PRES-0037,100,100,0
Douglas,1,PRES-0038,100,100,0
Douglas,1,PRES-0039,100,100,0
Douglas,1,PRES-0040,100,100,0
Douglas,1,PRES-0041,100,100,0
Douglas,1,PRES-0042,100,100,0
Douglas,1,PRES-0043,100,100,0
Douglas,1,PRES-0044,100,100,0
Douglas,1,PRES-0045,100,100,0
Douglas,1,PRES-0046,100,100,0
Douglas,1,PRES-0047,100,100,0
Douglas,1,PRES-0048,100,100,0
Douglas,1,PRES-0049,100,100,0
Douglas,1,PRES-0050,100,100,0
Douglas,1,PRES-0051,100,100,0
Douglas,1,PRES-0052,100,100,0
Douglas,1,PRES-0053,67,67,0
Douglas,1,PRES-0054,100,100,0
Douglas,1,PRES-0055,100,100,0
Douglas,1,PRES-0056,97,97,0
Douglas,1,PRES-0057,97,97,0
Douglas,1,PRES-0058,98,98,0
Douglas,1,PRES-0059,100,100,0
Douglas,1,PRES-0060,96,96,0
Douglas,1,PRES-0061,97,97,0
Douglas,1,PRES-0062,96,96,0
Douglas,1,PRES-0063,99,99,0
Douglas,1,PRES-0064,60,60,0
Douglas,1,PRES-0065,97,97,0
Douglas,1,PRES-0066,98,98,0
Douglas,1,PRES-0067,100,100,0
Douglas,1,PRES-0068,99,99,0
Douglas,1,PRES-0069,96,96,0
Douglas,1,PRES-0070,96,96,0
Douglas,1,PRES-0071,97,97,0
Douglas,1,PRES-0072,98,98,0
Douglas,1,PRES-0073,99,99,0
Douglas,1,PRES-0074,97,97,0
Douglas,1,PRES-0075,98,98,0
Douglas,1,PRES-0076,99,99,0
Douglas,1,PRES-0077,100,100,0
Douglas,1,PRES-0078,100,100,0
Douglas,1,PRES-0079,100,100,0
Douglas,1,PRES-0080,100,100,0
Douglas,1,PRES-0081,100,100,0
Douglas,1,PRES-0082,100,100,0
Douglas,1,PRES-0083,100,100,0
Douglas,1,PRES-0084,100,100,0
Douglas,1,PRES-0085,100,100,0
Douglas,1,PRES-0086,100,100,0
Douglas,1,PRES-0087,100,100,0
Douglas,1,PRES-0088,100,100,0
Douglas,1,PRES-0089,100,100,0
Douglas,1,PRES-0090,100,100,0
Douglas,1,PRES-0091,100,100,0
Douglas,1,PRES-0092,100,100,0
Douglas,1,PRES-0093,100,100,0
Douglas,1,PRES-0094,100,100,0
Douglas,1,PRES-0095,100,100,0
Douglas,1,PRES-0096,100,100,0
Douglas,1,PRES-0097,99,99,0
Douglas,1,PRES-0098,65,65,0
Douglas,1,PRES-0099,87,87,0
Douglas,1,PRES-0100,100,100,0
Douglas,1,PRES-0101,100,100,0
Douglas,1,PRES-0102,100,100,0
Douglas,1,PRES-0103,100,100,0
Douglas,1,PRES-0104,100,100,0
Douglas,1,PRES-0105,98,98,0
Douglas,1,PRES-0106,100,100,0
Douglas,1,PRES-0107,100,100,0
Douglas,1,PRES-0108,100,100,0
Douglas,1,PRES-0109,100,100,0
Douglas,1,PRES-0110,100,100,0
Douglas,1,PRES-0111,100,100,0
Douglas,1,PRES-0112,100,100,0
Douglas,1,PRES-0113,100,100,0
Douglas,1,PRES-0114,100,100,0
Douglas,1,PRES-0115,96,96,0
Douglas,1,PRES-0116,96,96,0
Douglas,1,PRES-0117,98,98,0
Douglas,1,PRES-0118,99,99,0
Douglas,1,PRES-0119,100,100,0
Douglas,1,PRES-0120,100,100,0
Douglas,1,PRES-0122,100,100,0
Douglas,1,PRES-0123,99,99,0
Douglas,1,PRES-0124,99,99,0
Douglas,1,PRES-0125,98,98,0
Douglas,1,PRES-0126,99,99,0
Douglas,1,PRES-0127,97,97,0
Douglas,1,PRES-0128,94,94,0
Douglas,1,PRES-0129,61,61,0
Douglas,1,PRES-0130,96,96,0
Douglas,1,PRES-0131,98,98,0
Douglas,1,PRES-0132,98,98,0
Douglas,1,PRES-0133,100,100,0
Douglas,1,PRES-0134,100,100,0
Douglas,1,PRES-0135,53,53,0
Douglas,1,PRES-0136,99,99,0
Douglas,1,PRES-0137,100,100,0
Douglas,1,PRES-0138,100,100,0
Douglas,1,PRES-0139,100,100,0
Douglas,1,PRES-0140,100,100,0
Douglas,1,PRES-0141,94,94,0
Douglas,1,PRES-0142,97,97,0
Douglas,1,PRES-0143,93,93,0
Douglas,1,PRES-0144,99,99,0
Douglas,1,PRES-0145,96,96,0
Douglas,1,PRES-0146,97,97,0
Douglas,1,PRES-0147,97,97,0
Douglas,1,PRES-0148,98,98,0
Douglas,1,PRES-0149,96,96,0
Douglas,1,PRES-0150,96,96,0
Douglas,1,PRES-0151,94,94,0
Douglas,1,PRES-0152,99,99,0
Douglas,1,PRES-0153,98,98,0
Douglas,1,PRES-0154,97,97,0
Douglas,1,PRES-0155,97,97,0
Douglas,1,PRES-0156,100,100,0
Douglas,1,PRES-0157,94,94,0
Douglas,1,PRES-0158,99,99,0
Douglas,1,PRES-0159,95,95,0
Douglas,1,PRES-0160,100,100,0
Douglas,1,PRES-0161,100,100,0
Douglas,1,PRES-0162,100,100,0
Douglas,1,PRES-0163,73,73,0
Douglas,1,PRES-0164,100,100,0
Douglas,1,PRES-0165,100,100,0
Douglas,1,PRES-0166,100,100,0
Douglas,1,PRES-0167,99,99,0
Douglas,1,PRES-0168,100,100,0
Douglas,1,PRES-0169,100,100,0
Douglas,1,PRES-0170,100,100,0
Douglas,1,PRES-0171,100,100,0
Douglas,1,PRES-0172,100,100,0
Douglas,1,PRES-0173,100,100,0
Douglas,1,PRES-0174,100,100,0
Douglas,1,PRES-0175,100,100,0
Douglas,1,PRES-0176,100,100,0
Douglas,1,PRES-0177,100,100,0
Douglas,1,PRES-0178,100,100,0
Douglas,1,PRES-0179,100,100,0
Douglas,1,PRES-0180,100,100,0
Douglas,1,PRES-0181,100,100,0
Douglas,1,PRES-0182,100,100,0
Douglas,1,PRES-0183,100,100,0
Douglas,1,PRES-0184,100,100,0
Douglas,1,PRES-0185,100,100,0
Douglas,1,PRES-0186,100,100,0
Douglas,1,PRES-0187,100,100,0
Douglas,1,PRES-0188,100,100,0
Douglas,1,PRES-0189,100,100,0
Douglas,1,PRES-0190,100,100,0
Douglas,1,PRES-0191,99,99,0
Douglas,1,PRES-0192,100,100,0
Douglas,1,PRES-0193,100,100,0
Douglas,1,PRES-0194,100,100,0
Douglas,1,PRES-0195,100,100,0
Douglas,1,PRES-0196,100,100,0
Douglas,1,PRES-0197,100,100,0
Douglas,1,PRES-0198,98,98,0
Douglas,1,PRES-0199,99,99,0
Douglas,1,PRES-0200,98,98,0
Douglas,1,PRES-0201,72,72,0
Douglas,1,PRES-0202,95,95,0
Douglas,1,PRES-0203,95,95,0
Douglas,1,PRES-0204,99,99,0
Douglas,1,PRES-0205,95,95,0
Douglas,1,PRES-0206,96,96,0
Douglas,1,PRES-0207,96,96,0
Douglas,1,PRES-0208,95,95,0
Douglas,1,PRES-0209,95,95,0
Douglas,1,PRES-0210,95,95,0
Douglas,1,PRES-0211,93,93,0
Douglas,1,PRES-0212,94,94,0
Douglas,1,PRES-0213,98,98,0
Douglas,1,PRES-0214,98,98,0
Douglas,1,PRES-0215,96,96,0
Douglas,1,PRES-0216,100,100,0
Douglas,1,PRES-0217,100,100,0
Douglas,1,PRES-0218,100,100,0
Douglas,1,PRES-0219,100,100,0
Douglas,1,PRES-0220,100,100,0
Douglas,1,PRES-0221,100,100,0
Douglas,1,PRES-0222,100,100,0
Douglas,1,PRES-0223,100,100,0
Douglas,1,PRES-0224,100,100,0
Douglas,1,PRES-0225,100,100,0
Douglas,1,PRES-0226,100,100,0
Douglas,1,PRES-0227,100,100,0
Douglas,1,PRES-0228,100,100,0
Douglas,1,PRES-0229,100,100,0
Douglas,1,PRES-0230,100,100,0
Douglas,1,PRES-0231,100,100,0
Douglas,1,PRES-0232,100,100,0
Douglas,1,PRES-0233,100,100,0
Douglas,1,PRES-0234,100,100,0
Douglas,1,PRES-0235,100,100,0
Douglas,1,PRES-0236,100,100,0
Douglas,1,PRES-0237,100,100,0
Douglas,1,PRES-0238,100,100,0
Douglas,1,PRES-0239,100,100,0
Douglas,1,PRES-0240,100,100,0
Douglas,1,PRES-0241,100,100,0
Douglas,1,PRES-0242,100,100,0
Douglas,1,PRES-0243,100,100,0
Douglas,1,PRES-0244,100,100,0
Douglas,1,PRES-0245,100,100,0
Douglas,1,PRES-0246,100,100,0
Douglas,1,PRES-0247,100,100,0
Douglas,1,PRES-0248,100,100,0
Douglas,1,PRES-0249,100,100,0
Douglas,1,PRES-0250,99,99,0
Douglas,1,PRES-0251,100,100,0
Douglas,1,PRES-0252,100,100,0
Douglas,1,PRES-0253,100,100,0
Douglas,1,PRES-0254,100,100,0
Douglas,1,PRES-0255,100,100,0
Douglas,1,PRES-0256,100,100,0
Douglas,1,PRES-0257,100,100,0
Douglas,1,PRES-0258,100,100,0
Douglas,1,PRES-0259,100,100,0
Douglas,1,PRES-0260,74,74,0
Douglas,1,PRES-0261,100,100,0
Douglas,1,PRES-0262,100,100,0
Douglas,1,PRES-0263,79,79,0
Douglas,1,PRES-0264,50,50,0
Douglas,1,PRES-0265,50,50,0
Douglas,1,PRES-0266,50,50,0
Douglas,1,PRES-0267,100,100,0
Douglas,1,PRES-0268,100,100,0
Douglas,1,PRES-0269,99,99,0
Douglas,1,PRES-0270,100,100,0
Douglas,1,PRES-0271,99,99,0
Douglas,1,PRES-0272,100,100,0
Douglas,1,PRES-0273,98,98,0
Douglas,1,PRES-0274,100,100,0
Douglas,1,PRES-0275,100,100,0
Douglas,1,PRES-0276,100,100,0
Douglas,1,PRES-0277,98,98,0
Douglas,1,PRES-0278,100,100,0
Douglas,1,PRES-0279,100,100,0
Douglas,1,PRES-0280,100,100,0
Douglas,1,PRES-0281,100,100,0
Douglas,1,PRES-0282,100,100,0
Douglas,1,PRES-0283,89,89,0
Douglas,1,PRES-0284,100,100,0
Douglas,1,PRES-0285,100,100,0
Douglas,1,PRES-0286,46,46,0
Douglas,1,PRES-0287,100,100,0
Douglas,1,PRES-0288,100,100,0
Douglas,1,PRES-0289,100,100,0
Douglas,1,PRES-0290,100,100,0
Douglas,1,PRES-0291,100,100,0
Douglas,1,PRES-0292,100,100,0
Douglas,1,PRES-0293,100,100,0
Douglas,1,PRES-0294,100,100,0
Douglas,1,PRES-0295,100,100,0
Douglas,1,PRES-0296,100,100,0
Douglas,1,PRES-0297,100,100,0
Douglas,1,PRES-0298,99,99,0
Douglas,1,PRES-0299,100,100,0
Douglas,1,PRES-0300,100,100,0
Douglas,1,PRES-0301,100,100,0
Douglas,1,PRES-0302,100,100,0
Douglas,1,PRES-0303,100,100,0
Douglas,1,PRES-0304,100,100,0
Douglas,1,PRES-0305,100,100,0
Douglas,1,PRES-0306,100,100,0
Douglas,1,PRES-0307,100,100,0
Douglas,1,PRES-0308,100,100,0
Douglas,1,PRES-0309,100,100,0
Douglas,1,PRES-0310,100,100,0
Douglas,1,PRES-0311,100,100,0
Douglas,1,PRES-0312,100,100,0
Douglas,1,PRES-0313,100,100,0
Douglas,1,PRES-0314,100,100,0
Douglas,1,PRES-0315,100,100,0
Douglas,1,PRES-0316,100,100,0
Douglas,1,PRES-0317,100,100,0
Douglas,1,PRES-0318,100,100,0
Douglas,1,PRES-0319,100,100,0
Douglas,1,PRES-0320,100,100,0
Douglas,1,PRES-0321,100,100,0
Douglas,1,PRES-0322,100,100,0
Douglas,1,PRES-0323,100,100,0
Douglas,1,PRES-0324,100,100,0
Douglas,1,PRES-0325,100,100,0
Douglas,1,PRES-0326,100,100,0
Douglas,1,PRES-0327,100,100,0
Douglas,1,PRES-0328,100,100,0
Douglas,1,PRES-0329,100,100,0
Douglas,1,PRES-0330,100,100,0
Douglas,1,PRES-0331,100,100,0
Douglas,1,PRES-0332,100,100,0
Douglas,1,PRES-0333,100,100,0
Douglas,1,PRES-0334,100,100,0
Douglas,1,PRES-0335,100,100,0
Douglas,1,PRES-0336,100,100,0
Douglas,1,PRES-0337,100,100,0
Douglas,1,PRES-0338,100,100,0
Douglas,1,PRES-0339,100,100,0
Douglas,1,PRES-0340,100,100,0
Douglas,1,PRES-0341,100,100,0
Douglas,1,PRES-0342,100,100,0
Douglas,1,PRES-0343,100,100,0
Douglas,1,PRES-0344,88,88,0
Douglas,1,PRES-0345,100,100,0
Douglas,1,PRES-0346,100,100,0
Douglas,1,PRES-0347,67,67,0
Douglas,1,PRES-0348,95,95,0
Douglas,1,PRES-0349,96,96,0
Douglas,1,PRES-0350,57,57,0
Douglas,1,PRES-0351,98,98,0
Douglas,1,PRES-0352,98,98,0
Douglas,1,PRES-0353,75,75,0
Douglas,1,PRES-0354,88,88,0
Douglas,1,PRES-0355,15,15,0
Douglas,1,PRES-0356,12,12,0
Douglas,1,PRES-0357,100,100,0
Douglas,1,PRES-0358,100,100,0
Douglas,1,PRES-0359,99,99,0
Douglas,1,PRES-0360,95,95,0
Douglas,1,PRES-0361,100,100,0
Douglas,1,PRES-0362,99,99,0
Douglas,1,PRES-0363,85,85,0
Douglas,1,PRES-0364,100,100,0
Douglas,1,PRES-0365,100,100,0
Douglas,1,PRES-0366,100,100,0
Douglas,1,PRES-0367,100,100,0
Douglas,1,PRES-0368,100,100,0
Douglas,1,PRES-0369,100,100,0
Douglas,1,PRES-0370,93,93,0
Douglas,1,PRES-0371,100,100,0
Douglas,1,PRES-0372,100,100,0
Douglas,1,PRES-0373,100,100,0
Douglas,1,PRES-0374,100,100,0
Douglas,1,PRES-0375,100,100,0
Douglas,1,PRES-0376,100,100,0
Douglas,1,PRES-0377,91,91,0
Douglas,1,PRES-0378,29,29,0
Douglas,1,PRES-0379,100,100,0
Douglas,1,PRES-0380,100,100,0
Douglas,1,PRES-0381,100,100,0
Douglas,1,PRES-0382,100,100,0
Douglas,1,PRES-0383,100,100,0
Douglas,1,PRES-0384,100,100,0
Douglas,1,PRES-0385,100,100,0
Douglas,1,PRES-0386,100,100,0
Douglas,1,PRES-0387,100,100,0
Douglas,1,PRES-0388,100,100,0
Douglas,1,PRES-0389,100,100,0
Douglas,1,PRES-0390,100,100,0
Douglas,1,PRES-0391,100,100,0
Douglas,1,PRES-0392,100,100,0
Douglas,1,PRES-0393,100,100,0
Douglas,1,PRES-0394,52,52,0
Douglas,1,PRES-0395,100,100,0
Douglas,1,PRES-0396,100,100,0
Douglas,1,PRES-0397,44,44,0
Douglas,1,PRES-0398,100,100,0
Douglas,1,PRES-0399,100,100,0
Douglas,1,PRES-0400,100,100,0
Douglas,1,PRES-0401,100,100,0
Douglas,1,PRES-0402,99,99,0
Douglas,1,PRES-0403,100,100,0
Douglas,1,PRES-0404,100,100,0
Douglas,1,PRES-0405,100,100,0
Douglas,1,PRES-0406,100,100,0
Douglas,1,PRES-0407,100,100,0
Douglas,1,PRES-0408,100,100,0
Douglas,1,PRES-0409,100,100,0
Douglas,1,PRES-0410,100,100,0
Douglas,1,PRES-0411,100,100,0
Douglas,1,PRES-0412,100,100,0
Douglas,1,PRES-0413,100,100,0
Douglas,1,PRES-0414,100,100,0
Douglas,1,PRES-0415,100,100,0
Douglas,1,PRES-0416,100,100,0
Douglas,1,PRES-0417,63,63,0
Douglas,1,PRES-0418,100,100,0
Douglas,1,PRES-0419,100,100,0
Douglas,1,PRES-0420,100,100,0
Douglas,1,PRES-0421,100,100,0
Douglas,1,PRES-0422,100,100,0
Douglas,1,PRES-0423,100,100,0
Douglas,1,PRES-0424,100,100,0
Douglas,1,PRES-0425,100,100,0
Douglas,1,PRES-0426,100,100,0
Douglas,1,PRES-0427,99,99,0
Douglas,1,PRES-0428,100,100,0
Douglas,1,PRES-0429,100,100,0
Douglas,1,PRES-0430,100,100,0
Douglas,1,PRES-0431,100,100,0
Douglas,1,PRES-0432,100,100,0
Douglas,1,PRES-0433,100,100,0
Douglas,1,PRES-0434,100,100,0
Douglas,1,PRES-0435,100,100,0
Douglas,1,PRES-0436,100,100,0
Douglas,1,PRES-0437,100,100,0
Douglas,1,PRES-0438,100,100,0
Douglas,1,PRES-0439,100,100,0
Douglas,1,PRES-0440,100,100,0
Douglas,1,PRES-0441,100,100,0
Douglas,1,PRES-0442,100,100,0
Douglas,1,PRES-0443,100,100,0
Douglas,1,PRES-0444,61,61,0
Douglas,1,PRES-0445,100,100,0
Douglas,1,PRES-0446,100,100,0
Douglas,1,PRES-0447,100,100,0
Douglas,1,PRES-0448,100,100,0
Douglas,1,PRES-0449,100,100,0
Douglas,1,PRES-0450,100,100,0
Douglas,1,PRES-0451,100,100,0
Douglas,1,PRES-0452,100,100,0
Douglas,1,PRES-0453,100,100,0
Douglas,1,PRES-0454,100,100,0
Douglas,1,PRES-0455,100,100,0
Douglas,1,PRES-0456,72,72,0
Douglas,1,PRES-0457,100,100,0
Douglas,1,PRES-0458,100,100,0
Douglas,1,PRES-0459,100,100,0
Douglas,1,PRES-0460,100,100,0
Douglas,1,PRES-0461,100,100,0
Douglas,1,PRES-0462,100,100,0
Douglas,1,PRES-0463,100,100,0
Douglas,1,PRES-0464,100,100,0
Douglas,1,PRES-0465,100,100,0
Douglas,1,PRES-0466,100,100,0
Douglas,1,PRES-0467,100,100,0
Douglas,1,PRES-0468,98,98,0
Douglas,1,PRES-0469,46,46,0
Douglas,1,PRES-0470,100,100,0
Douglas,1,PRES-0472,100,100,0
Douglas,1,PRES-0473,100,100,0
Douglas,1,PRES-0474,100,100,0
Douglas,1,PRES-0475,100,100,0
Douglas,1,PRES-0476,100,100,0
Douglas,1,PRES-0477,100,100,0
Douglas,1,PRES-0478,100,100,0
Douglas,1,PRES-0479,100,100,0
Douglas,1,PRES-0480,100,100,0
Douglas,1,PRES-0481,100,100,0
Douglas,1,PRES-0482,100,100,0
Douglas,1,PRES-0483,100,100,0
Douglas,1,PRES-0484,100,100,0
Douglas,1,PRES-0485,99,99,0
Douglas,1,PRES-0486,100,100,0
Douglas,1,PRES-0487,100,100,0
Douglas,1,PRES-0488,100,100,0
Douglas,1,PRES-0489,100,100,0
Douglas,1,PRES-0490,100,100,0
Douglas,1,PRES-0491,100,100,0
Douglas,1,PRES-0492,100,100,0
Douglas,1,PRES-0493,100,100,0
Douglas,1,PRES-0494,100,100,0
Douglas,1,PRES-0495,100,100,0
Douglas,1,PRES-0496,100,100,0
Douglas,1,PRES-0497,100,100,0
Douglas,1,PRES-0498,100,100,0
Douglas,1,PRES-0499,100,100,0
Douglas,1,PRES-0500,100,100,0
Douglas,1,PRES-0501,100,100,0
Douglas,1,PRES-0502,100,100,0
Douglas,1,PRES-0503,100,100,0
Douglas,1,PRES-0505,100,100,0
Douglas,1,PRES-0506,100,100,0
Douglas,1,PRES-0507,100,100,0
Douglas,1,PRES-0508,100,100,0
Douglas,1,PRES-0509,100,100,0
Douglas,1,PRES-0510,100,100,0
Douglas,1,PRES-0511,100,100,0
Douglas,1,PRES-0512,100,100,0
Douglas,1,PRES-0513,100,100,0
Douglas,1,PRES-0514,99,99,0
Douglas,1,PRES-0515,100,100,0
Douglas,1,PRES-0516,100,100,0
Douglas,1,PRES-0517,100,100,0
Douglas,1,PRES-0518,100,100,0
Douglas,1,PRES-0519,100,100,0
Douglas,1,PRES-0520,100,100,0
Douglas,1,PRES-0521,100,100,0
Douglas,1,PRES-0522,100,100,0
Douglas,1,PRES-0523,100,100,0
Douglas,1,PRES-0524,100,100,0
Douglas,1,PRES-0525,100,100,0
Douglas,1,PRES-0526,100,100,0
Douglas,1,PRES-0527,100,100,0
Douglas,1,PRES-0528,100,100,0
Douglas,1,PRES-0529,100,100,0
Douglas,1,PRES-0530,100,100,0
Douglas,1,PRES-0531,100,100,0
Douglas,1,PRES-0532,100,100,0
Douglas,1,PRES-0533,100,100,0
Douglas,1,PRES-0534,100,100,0
Douglas,1,PRES-0535,100,100,0
Douglas,1,PRES-0536,100,100,0
Douglas,1,PRES-0537,100,100,0
Douglas,1,PRES-0538,100,100,0
Douglas,1,PRES-0539,100,100,0
Douglas,1,PRES-0540,100,100,0
Douglas,1,PRES-0541,100,100,0
Douglas,1,PRES-0542,100,100,0
Douglas,1,PRES-0543,100,100,0
Douglas,1,PRES-0544,100,100,0
Douglas,1,PRES-0545,82,82,0
Douglas,1,PRES-0546,100,100,0
Douglas,1,PRES-0547,100,100,0
Douglas,1,PRES-0548,15,15,0
Douglas,1,PRES-0549,29,29,0
Douglas,1,PRES-0550,100,100,0
Douglas,1,PRES-0551,100,100,0
Douglas,1,PRES-0552,100,100,0
Douglas,1,PRES-0553,100,100,0
Douglas,1,PRES-0554,100,100,0
Douglas,1,PRES-0555,100,100,0
Douglas,1,PRES-0556,100,100,0
Douglas,1,PRES-0557,100,100,0
Douglas,1,PRES-0558,100,100,0
Douglas,1,PRES-0559,100,100,0
Douglas,1,PRES-0560,100,100,0
Douglas,1,PRES-0561,100,100,0
Douglas,1,PRES-0562,95,95,0
Douglas,1,PRES-0563,100,100,0
Douglas,1,PRES-0564,98,98,0
Douglas,1,PRES-0565,100,100,0
Douglas,1,PRES-0566,99,99,0
Douglas,1,PRES-0567,99,99,0
Douglas,1,PRES-0568,100,100,0
Douglas,1,PRES-0569,100,100,0
Douglas,1,PRES-0570,100,100,0
Douglas,1,PRES-0571,100,100,0
Douglas,1,PRES-0572,100,100,0
Douglas,1,PRES-0573,100,100,0
Douglas,1,PRES-0574,100,100,0
Douglas,1,PRES-0575,87,87,0
Douglas,1,PRES-0576,73,73,0
Douglas,1,PRES-0577,100,100,0
Douglas,1,PRES-0578,79,79,0
Douglas,1,PRES-0579,100,100,0
Douglas,1,PRES-0580,100,100,0
Douglas,1,PRES-0581,64,64,0
Douglas,1,PRES-0582,100,100,0
Douglas,1,PRES-0583,100,100,0
Douglas,1,PRES-0584,100,100,0
Douglas,1,PRES-0585,100,100,0
Douglas,1,PRES-0586,100,100,0
Douglas,1,PRES-0587,64,64,0
Douglas,1,PRES-0588,83,83,0
Douglas,1,PRES-0589,100,100,0
Douglas,1,PRES-0590,100,100,0
Douglas,1,PRES-0591,38,38,0
Douglas,1,PRES-0592,99,99,0
Douglas,1,PRES-0593,100,100,0
Douglas,1,PRES-0594,100,100,0
Douglas,1,PRES-0595,100,100,0
Douglas,1,PRES-0596,100,100,0
Douglas,1,PRES-0597,100,100,0
Douglas,1,PRES-0598,100,100,0
Douglas,1,PRES-0599,97,97,0
Douglas,1,PRES-0600,100,100,0
Douglas,1,PRES-0601,74,74,0
Douglas,1,PRES-0602,50,50,0
Douglas,1,PRES-0603,46,46,0
Douglas,1,PRES-0604,100,100,0
Douglas,1,PRES-0605,100,100,0
Douglas,1,PRES-0606,100,100,0
Douglas,1,PRES-0607,100,100,0
Douglas,1,PRES-0608,100,100,0
Douglas,1,PRES-0609,100,100,0
Douglas,1,PRES-0610,100,100,0
Douglas,1,PRES-0611,100,100,0
Douglas,1,PRES-0612,100,100,0
Douglas,1,PRES-0613,100,100,0
Douglas,1,PRES-0614,100,100,0
Douglas,1,PRES-0615,100,100,0
Douglas,1,PRES-0616,100,100,0
Douglas,1,PRES-0617,100,100,0
Douglas,1,PRES-0618,100,100,0
Douglas,1,PRES-0619,100,100,0
Douglas,1,PRES-0620,99,99,0
Douglas,1,PRES-0621,100,100,0
Douglas,1,PRES-0622,100,100,0
Douglas,1,PRES-0623,100,100,0
Douglas,1,PRES-0624,100,100,0
Douglas,1,PRES-0625,100,100,0
Douglas,1,PRES-0626,100,100,0
Douglas,1,PRES-0627,100,100,0
Douglas,1,PRES-0628,100,100,0
Douglas,1,PRES-0629,100,100,0
Douglas,1,PRES-0630,100,100,0
Douglas,1,PRES-0631,100,100,0
Douglas,1,PRES-0632,100,100,0
Douglas,1,PRES-0633,100,100,0
Douglas,1,PRES-0634,100,100,0
Douglas,1,PRES-0635,100,100,0
Douglas,1,PRES-0636,100,100,0
Douglas,1,PRES-0637,83,83,0
Douglas,1,PRES-0638,100,100,0
Douglas,1,PRES-0639,99,99,0
Douglas,1,PRES-0640,100,100,0
Douglas,1,PRES-0641,100,100,0
Douglas,1,PRES-0642,100,100,0
Douglas,1,PRES-0643,100,100,0
Douglas,1,PRES-0644,100,100,0
Douglas,1,PRES-0645,100,100,0
Douglas,1,PRES-0646,50,50,0
Douglas,1,PRES-0647,29,29,0
Douglas,1,PRES-0648,64,64,0
Douglas,1,PRES-0649,99,99,0
Douglas,1,PRES-0650,100,100,0
Douglas,1,PRES-0651,101,101,0
Douglas,1,PRES-0652,100,100,0
Douglas,1,PRES-0653,100,100,0
Douglas,1,PRES-0654,54,54,0
Douglas,1,PRES-0655,79,79,0
Douglas,1,PRES-0656,67,67,0
Douglas,1,PRES-0657,49,49,0
Douglas,1,PRES-0658,100,100,0
Douglas,1,PRES-0659,100,100,0
Douglas,1,PRES-0660,100,100,0
Douglas,1,PRES-0661,100,100,0
Douglas,1,PRES-0662,61,61,0
Douglas,1,PRES-0663,100,100,0
Douglas,1,PRES-0664,100,100,0
Douglas,1,PRES-0665,48,48,0
Douglas,1,PRES-0666,100,100,0
Douglas,1,PRES-0667,100,100,0
Douglas,1,PRES-0668,100,100,0
Douglas,1,PRES-0669,100,100,0
Douglas,1,PRES-0670,100,100,0
Douglas,1,PRES-0671,100,100,0
Douglas,1,PRES-0672,100,100,0
Douglas,1,PRES-0673,100,100,0
Douglas,1,PRES-0674,100,100,0
Douglas,1,PRES-0675,100,100,0
Douglas,1,PRES-0676,100,100,0
Douglas,1,PRES-0677,100,100,0
Douglas,1,PRES-0678,51,51,0
Douglas,1,PRES-0679,100,100,0
Douglas,1,PRES-0680,76,76,0
Douglas,1,PRES-0681,100,100,0
Douglas,1,PRES-0682,65,65,0
Douglas,1,PRES-0683,99,99,0
Douglas,1,PRES-0684,100,100,0
Douglas,1,PRES-0685,100,100,0
Douglas,1,PRES-0686,100,100,0
Douglas,1,PRES-0687,100,100,0
Douglas,1,PRES-0688,100,100,0
Douglas,1,PRES-0689,100,100,0
Douglas,1,PRES-0690,100,100,0
Douglas,1,PRES-0691,100,100,0
Douglas,1,PRES-0692,100,100,0
Douglas,1,PRES-0693,104,104,0
Douglas,1,PRES-0694,100,100,0
Douglas,1,PRES-0695,100,100,0
Douglas,1,PRES-0696,54,54,0
Douglas,1,PRES-0697,66,66,0
Douglas,1,PRES-0698,100,100,0
Douglas,1,PRES-0699,100,100,0
Douglas,1,PRES-0700,100,100,0
Douglas,1,PRES-0701,100,100,0
Douglas,1,PRES-0702,100,100,0
Douglas,1,PRES-0703,96,96,0
Douglas,1,PRES-0704,100,100,0
Douglas,1,PRES-0705,100,100,0
Douglas,1,PRES-0706,100,100,0
Douglas,1,PRES-0707,100,100,0
Douglas,1,PRES-0708,100,100,0
Douglas,1,PRES-0709,100,100,0
Douglas,1,PRES-0710,100,100,0
Douglas,1,PRES-0711,100,100,0
Douglas,1,PRES-0712,100,100,0
Douglas,1,PRES-0713,82,82,0
Douglas,1,PRES-0714,100,100,0
Douglas,1,PRES-0715,100,100,0
Douglas,1,PRES-0716,100,100,0
Douglas,1,PRES-0717,100,100,0
Douglas,1,PRES-0718,50,50,0
Douglas,1,PRES-0719,100,100,0
Douglas,1,PRES-0720,100,100,0
Douglas,1,PRES-0721,101,101,0
Douglas,1,PRES-0722,100,100,0
Douglas,1,PRES-0723,100,100,0
Douglas,1,PRES-0724,100,100,0
Douglas,1,PRES-0725,52,52,0
Douglas,1,PRES-0726,100,100,0
Douglas,1,PRES-0727,100,100,0
Douglas,1,PRES-0728,100,100,0
Douglas,1,PRES-0729,100,100,0
Douglas,1,PRES-0730,100,100,0
Douglas,1,PRES-0731,100,100,0
Douglas,1,PRES-0732,100,100,0
Douglas,1,PRES-0733,54,54,0
Douglas,1,PRES-0734,65,65,0
Douglas,1,PRES-0735,100,100,0
Douglas,1,PRES-0736,100,100,0
Douglas,1,PRES-0737,100,100,0
Douglas,1,PRES-0738,100,100,0
Douglas,1,PRES-0739,100,100,0
Douglas,1,PRES-0740,100,100,0
Douglas,1,PRES-0741,100,100,0
Douglas,1,PRES-0742,22,22,0
Douglas,1,PRES-0743,100,100,0
Douglas,1,PRES-0744,56,56,0
Douglas,1,PRES-0745,100,100,0
Douglas,1,PRES-0746,100,100,0
Douglas,1,PRES-0747,96,96,0
Douglas,1,PRES-0748,50,50,0
Douglas,1,PRES-0749,100,100,0
Douglas,1,PRES-0750,70,70,0
Douglas,1,PRES-0751,100,100,0
Douglas,1,PRES-0752,100,100,0
Douglas,1,PRES-0753,100,100,0
Douglas,1,PRES-0754,100,100,0
Douglas,1,PRES-0755,100,100,0
Douglas,1,PRES-0756,89,89,0
Douglas,1,PRES-0757,100,100,0
Douglas,1,PRES-0758,59,59,0
Douglas,1,PRES-0759,100,100,0
Douglas,1,PRES-0760,100,100,0
Douglas,1,PRES-0761,94,94,0
Douglas,1,PRES-0762,100,100,0
Douglas,1,PRES-0763,99,99,0
Douglas,1,PRES-0764,100,100,0
Douglas,1,PRES-0765,100,100,0
Douglas,1,PRES-0766,100,100,0
Douglas,1,PRES-0767,100,100,0
Douglas,1,PRES-0768,100,100,0
Douglas,1,PRES-0769,69,69,0
Douglas,1,PRES-0770,61,61,0
Douglas,1,PRES-0771,67,67,0
Douglas,1,PRES-0772,100,100,0
Douglas,1,PRES-0773,100,100,0
Douglas,1,PRES-0774,100,100,0
Douglas,1,PRES-0775,100,100,0
Douglas,1,PRES-0776,100,100,0
Douglas,1,PRES-0777,97,97,0
Douglas,1,PRES-0778,100,100,0
Douglas,1,PRES-0779,82,82,0
Douglas,1,PRES-0780,66,66,0
Douglas,1,PRES-0781,100,100,0
Douglas,1,PRES-0782,100,100,0
Douglas,1,PRES-0783,93,93,0
Douglas,1,PRES-0784,100,100,0
Douglas,1,PRES-0785,100,100,0
Douglas,1,PRES-0786,99,99,0
Douglas,1,PRES-0787,100,100,0
Douglas,1,PRES-0788,100,100,0
Douglas,1,PRES-0789,100,100,0
Douglas,1,PRES-0790,99,99,0
Douglas,1,PRES-0791,100,100,0
Douglas,1,PRES-0792,100,100,0
Douglas,1,PRES-0793,100,100,0
Douglas,1,PRES-0794,100,100,0
Douglas,1,PRES-0795,100,100,0
Douglas,1,PRES-0796,100,100,0
Douglas,1,PRES-0797,100,100,0
Douglas,1,PRES-0798,100,100,0
Douglas,1,PRES-0799,100,100,0
Douglas,1,PRES-0800,100,100,0
Douglas,1,PRES-0801,100,100,0
Douglas,1,PRES-0802,100,100,0
Douglas,1,PRES-0803,100,100,0
Douglas,1,PRES-0804,100,100,0
Douglas,1,PRES-0805,100,100,0
Douglas,1,PRES-0806,45,45,0
Douglas,1,PRES-0807,100,100,0
Douglas,1,PRES-0808,100,100,0
Douglas,1,PRES-0809,100,100,0
Douglas,1,PRES-0810,95,95,0
Douglas,1,PRES-0811,100,100,0
Douglas,1,PRES-0812,100,100,0
Douglas,1,PRES-0813,100,100,0
Douglas,1,PRES-0814,100,100,0
Douglas,1,PRES-0815,100,100,0
Douglas,1,PRES-0816,100,100,0
Douglas,1,PRES-0817,68,68,0
Douglas,1,PRES-0818,100,100,0
Douglas,1,PRES-0819,65,65,0
Douglas,1,PRES-0820,99,99,0
Douglas,1,PRES-0821,100,100,0
Douglas,1,PRES-0822,100,100,0
Douglas,1,PRES-0823,100,100,0
Douglas,1,PRES-0824,100,100,0
Douglas,1,PRES-0825,100,100,0
Douglas,1,PRES-0826,49,49,0
Douglas,1,PRES-0827,100,100,0
Douglas,1,PRES-0828,100,100,0
Douglas,1,PRES-0829,100,100,0
Douglas,1,PRES-0830,53,53,0
Douglas,1,PRES-0831,50,50,0
Douglas,1,PRES-0832,100,100,0
Douglas,1,PRES-0833,100,100,0
Douglas,1,PRES-0834,100,100,0
Douglas,1,PRES-0835,100,100,0
Douglas,1,PRES-0836,100,100,0
Douglas,1,PRES-0837,100,100,0
Douglas,1,PRES-0838,100,100,0
Douglas,1,PRES-0839,100,100,0
Douglas,1,PRES-0840,100,100,0
Douglas,1,PRES-0841,99,99,0
Douglas,1,PRES-0842,100,100,0
Douglas,1,PRES-0843,86,86,0
Douglas,1,PRES-0844,100,100,0
Douglas,1,PRES-0845,100,100,0
Douglas,1,PRES-0846,100,100,0
Douglas,1,PRES-0847,100,100,0
Douglas,1,PRES-0848,100,100,0
Douglas,1,PRES-0849,100,100,0
Douglas,1,PRES-0850,100,100,0
Douglas,1,PRES-0851,100,100,0
Douglas,1,PRES-0852,100,100,0
Douglas,1,PRES-0853,100,100,0
Douglas,1,PRES-0854,100,100,0
Douglas,1,PRES-0855,100,100,0
Douglas,1,PRES-0856,100,100,0
Douglas,1,PRES-0857,100,100,0
Douglas,1,PRES-0858,100,100,0
Douglas,1,PRES-0859,100,100,0
Douglas,1,PRES-0860,80,80,0
Douglas,1,PRES-0861,100,100,0
Douglas,1,PRES-0862,100,100,0
Douglas,1,PRES-0863,65,65,0
Douglas,1,PRES-0864,28,28,0
Douglas,1,PRES-0865,17,17,0
Douglas,1,PRES-0866,54,54,0
Douglas,1,PRES-0867,100,100,0
Douglas,1,PRES-0868,100,100,0
Douglas,1,PRES-0869,100,100,0
Douglas,1,PRES-0870,100,100,0
Douglas,1,PRES-0871,100,100,0
Douglas,1,PRES-0872,100,100,0
Douglas,1,PRES-0873,100,100,0
Douglas,1,PRES-0874,100,100,0
Douglas,1,PRES-0875,100,100,0
Douglas,1,PRES-0876,100,100,0
Douglas,1,PRES-0877,75,75,0
Douglas,1,PRES-0878,100,100,0
Douglas,1,PRES-0879,100,100,0
Douglas,1,PRES-0880,100,100,0
Douglas,1,PRES-0881,67,67,0
Douglas,1,PRES-0882,100,100,0
Douglas,1,PRES-0883,93,93,0
Douglas,1,PRES-0884,100,100,0
Douglas,1,PRES-0885,93,93,0
Douglas,1,PRES-0886,53,53,0
Douglas,1,PRES-0887,100,100,0
Douglas,1,PRES-0888,100,100,0
Douglas,1,PRES-0889,100,100,0
Douglas,1,PRES-0890,100,100,0
Douglas,1,PRES-0891,95,95,0
Douglas,1,PRES-0892,100,100,0
Douglas,1,PRES-0893,100,100,0
Douglas,1,PRES-0894,100,100,0
Douglas,1,PRES-0895,56,56,0
Douglas,1,PRES-0896,78,78,0
Douglas,1,PRES-0897,100,100,0
Douglas,1,PRES-0898,66,66,0
Douglas,1,PRES-0899,100,100,0
Douglas,1,PRES-0900,50,50,0
Douglas,1,PRES-0901,99,99,0
Douglas,1,PRES-0902,99,99,0
Douglas,1,PRES-0903,101,101,0
Douglas,1,PRES-0904,106,106,0
Douglas,1,PRES-0905,100,100,0
Douglas,1,PRES-0906,91,91,0
Douglas,1,PRES-0907,101,101,0
Douglas,1,PRES-0908,100,100,0
Douglas,1,PRES-0909,100,100,0
Douglas,1,PRES-0910,100,100,0
Douglas,1,PRES-0911,100,100,0
Douglas,1,PRES-0912,100,100,0
Douglas,1,PRES-0913,100,100,0
Douglas,1,PRES-0914,99,99,0
Douglas,1,PRES-0915,100,100,0
Douglas,1,PRES-0916,49,49,0
Douglas,1,PRES-0917,99,99,0
Douglas,1,PRES-0918,100,100,0
Douglas,1,PRES-0919,100,100,0
Douglas,1,PRES-0920,100,100,0
Douglas,1,PRES-0921,100,100,0
Douglas,1,PRES-0922,100,100,0
Douglas,1,PRES-0923,100,100,0
Douglas,1,PRES-0924,99,99,0
Douglas,1,PRES-0925,100,100,0
Douglas,1,PRES-0926,99,99,0
Douglas,1,PRES-0927,100,100,0
Douglas,1,PRES-0928,100,100,0
Douglas,1,PRES-0929,91,91,0
Douglas,1,PRES-0930,100,100,0
Douglas,1,PRES-0931,100,100,0
Douglas,1,PRES-0932,100,100,0
Douglas,1,PRES-0933,100,100,0
Douglas,1,PRES-0934,50,50,0
Douglas,1,PRES-0935,100,100,0
Douglas,1,PRES-0936,100,100,0
Douglas,1,PRES-0937,100,100,0
Douglas,1,PRES-0938,100,100,0
Douglas,1,PRES-0939,100,100,0
Douglas,1,PRES-0940,100,100,0
Douglas,1,PRES-0941,100,100,0
Douglas,1,PRES-0942,100,100,0
Douglas,1,PRES-0943,100,100,0
Douglas,1,PRES-0944,100,100,0
Douglas,1,PRES-0945,73,73,0
Douglas,1,PRES-0946,100,100,0
Douglas,1,PRES-0947,81,81,0
Douglas,1,PRES-0948,100,100,0
Douglas,1,PRES-0949,100,100,0
Douglas,1,PRES-0950,38,38,0
Douglas,1,PRES-0951,100,100,0
Douglas,1,PRES-0952,100,100,0
Douglas,1,PRES-0953,100,100,0
Douglas,1,PRES-0954,100,100,0
Douglas,1,PRES-0955,100,100,0
Douglas,1,PRES-0956,100,100,0
Douglas,1,PRES-0957,100,100,0
Douglas,1,PRES-0958,100,100,0
Douglas,1,PRES-0959,100,100,0
Douglas,1,PRES-0960,81,81,0
Douglas,1,PRES-0961,101,101,0
Douglas,1,PRES-0962,59,59,0
Douglas,1,PRES-0963,100,100,0
Douglas,1,PRES-0964,100,100,0
Douglas,1,PRES-0965,100,100,0
Douglas,1,PRES-0966,100,100,0
Douglas,1,PRES-0967,100,100,0
Douglas,1,PRES-0968,100,100,0
Douglas,1,PRES-0969,100,100,0
Douglas,1,PRES-0970,100,100,0
Douglas,1,PRES-0971,100,100,0
Douglas,1,PRES-0972,100,100,0
Douglas,1,PRES-0973,100,100,0
Douglas,1,PRES-0974,100,100,0
Douglas,1,PRES-0975,80,80,0
Douglas,1,PRES-0976,100,100,0
Douglas,1,PRES-0977,100,100,0
Douglas,1,PRES-0978,100,100,0
Douglas,1,PRES-0979,100,100,0
Douglas,1,PRES-0980,100,100,0
Douglas,1,PRES-0981,100,100,0
Douglas,1,PRES-0982,100,100,0
Douglas,1,PRES-0983,100,100,0
Douglas,1,PRES-0984,100,100,0
Douglas,1,PRES-0985,100,100,0
Douglas,1,PRES-0986,100,100,0
Douglas,1,PRES-0987,85,85,0
Douglas,1,PRES-0988,100,100,0
Douglas,1,PRES-0989,100,100,0
Douglas,1,PRES-0990,100,100,0
Douglas,1,PRES-0991,100,100,0
Douglas,1,PRES-0992,100,100,0
Douglas,1,PRES-0993,100,100,0
Douglas,1,PRES-0994,100,100,0
Douglas,1,PRES-0995,100,100,0
Douglas,1,PRES-0996,100,100,0
Douglas,1,PRES-0997,100,100,0
Douglas,1,PRES-0998,100,100,0
Douglas,1,PRES-0999,80,80,0
Douglas,1,PRES-1000,100,100,0
Douglas,1,PRES-1001,99,99,0
Douglas,1,PRES-1002,100,100,0
Douglas,1,PRES-1003,100,100,0
Douglas,1,PRES-1004,100,100,0
Douglas,1,PRES-1005,100,100,0
Douglas,1,PRES-1006,100,100,0
Douglas,1,PRES-1007,39,39,0
Douglas,1,PRES-1008,24,24,0
Douglas,1,PRES-1009,18,18,0
Douglas,1,PRES-1010,99,99,0
Douglas,1,PRES-1011,100,100,0
Douglas,1,PRES-1086,100,100,0
Douglas,1,PRES-1087,43,43,0
Douglas,1,PRES-1088,70,70,0
Douglas,1,PRES-1089,100,100,0
Douglas,1,PRES-1090,100,100,0
Douglas,1,PRES-1091,92,92,0
Douglas,1,PRES-1092,100,100,0
Douglas,1,PRES-1093,100,100,0
Douglas,1,PRES-1094,100,100,0
Douglas,1,PRES-1095,100,100,0
Douglas,1,PRES-1096,100,100,0
Douglas,1,PRES-1097,100,100,0
Douglas,1,PRES-1098,100,100,0
Douglas,1,PRES-1099,90,90,0
Douglas,1,PRES-1100,61,61,0
Douglas,1,PRES-1101,65,65,0
Douglas,1,PRES-1102,100,100,0
Douglas,1,PRES-1103,100,100,0
Douglas,1,PRES-1104,100,100,0
Douglas,1,PRES-1105,98,98,0
Douglas,1,PRES-1106,91,91,0
Douglas,1,PRES-1107,100,100,0
Douglas,1,PRES-1108,100,100,0
Douglas,1,PRES-1109,100,100,0
Douglas,1,PRES-1110,100,100,0
Douglas,1,PRES-1111,100,100,0
Douglas,1,PRES-1112,100,100,0
Douglas,1,PRES-1113,99,99,0
Douglas,1,PRES-1114,91,91,0
Douglas,1,PRES-1115,100,100,0
Douglas,1,PRES-1116,71,71,0
Douglas,1,PRES-1117,100,100,0
Douglas,1,PRES-1118,100,100,0
Douglas,1,PRES-1119,100,100,0
Douglas,1,PRES-1120,100,100,0
Douglas,1,PRES-1121,100,100,0
Douglas,1,PRES-1122,90,90,0
Douglas,1,PRES-1123,100,100,0
Douglas,1,PRES-1124,100,100,0
Douglas,1,PRES-1125,100,100,0
Douglas,1,PRES-1126,100,100,0
Douglas,1,PRES-1127,100,100,0
Douglas,1,PRES-1128,100,100,0
Douglas,1,PRES-1129,43,43,0
Douglas,1,PRES-1130,100,100,0
Douglas,1,PRES-1131,100,100,0
Douglas,1,PRES-1132,100,100,0
Douglas,1,PRES-1133,100,100,0
Douglas,1,PRES-1134,100,100,0
Douglas,1,PRES-1135,55,55,0
Douglas,1,PRES-1136,50,50,0
Douglas,1,PRES-1137,100,100,0
Douglas,1,PRES-1138,100,100,0
Douglas,1,PRES-1139,100,100,0
Douglas,1,PRES-1140,100,100,0
Douglas,1,PRES-1141,100,100,0
Douglas,1,PRES-1142,100,100,0
Douglas,1,PRES-1143,100,100,0
Douglas,1,PRES-1144,85,85,0
Douglas,1,PRES-1145,100,100,0
Douglas,1,PRES-1146,100,100,0
Douglas,1,PRES-1147,100,100,0
Douglas,1,PRES-1148,100,100,0
Douglas,1,PRES-1149,59,59,0
Douglas,1,PRES-1150,100,100,0
Douglas,1,PRES-1151,100,100,0
Douglas,1,PRES-1152,100,100,0
Douglas,1,PRES-1153,100,100,0
Douglas,1,PRES-1154,100,100,0
Douglas,1,PRES-1155,76,76,0
Douglas,1,PRES-1156,100,100,0
Douglas,1,PRES-1157,100,100,0
Douglas,1,PRES-1158,100,100,0
Douglas,1,PRES-1159,100,100,0
Douglas,1,PRES-1160,100,100,0
Douglas,1,PRES-1161,100,100,0
Douglas,1,PRES-1162,100,100,0
Douglas,1,PRES-1163,100,100,0
Douglas,1,PRES-1164,25,25,0
Douglas,1,PRES-1165,41,41,0
Douglas,1,PRES-1166,100,100,0
Douglas,1,PRES-1167,86,86,0
Douglas,1,PRES-1168,100,100,0
Douglas,1,PRES-1169,100,100,0
Douglas,1,PRES-1170,100,100,0
Douglas,1,PRES-1171,99,99,0
Douglas,1,PRES-1172,100,100,0
Douglas,1,PRES-1173,100,100,0
Douglas,1,PRES-1174,79,79,0
Douglas,1,PRES-1175,100,100,0
Douglas,1,PRES-1176,100,100,0
Douglas,1,PRES-1177,100,100,0
Douglas,1,PRES-1178,100,100,0
Douglas,1,PRES-1179,100,100,0
Douglas,1,PRES-1180,100,100,0
Douglas,1,PRES-1181,100,100,0
Douglas,1,PRES-1182,100,100,0
Douglas,1,PRES-1183,90,90,0
Douglas,1,PRES-1184,100,100,0
Douglas,1,PRES-1185,100,100,0
Douglas,1,PRES-1186,100,100,0
Douglas,1,PRES-1187,100,100,0
Douglas,1,PRES-1188,100,100,0
Douglas,1,PRES-1189,100,100,0
Douglas,1,PRES-1190,75,75,0
Douglas,1,PRES-1191,100,100,0
Douglas,1,PRES-1192,100,100,0
Douglas,1,PRES-1193,100,100,0
Douglas,1,PRES-1194,100,100,0
Douglas,1,PRES-1195,99,99,0
Douglas,1,PRES-1196,100,100,0
Douglas,1,PRES-1197,100,100,0
Douglas,1,PRES-1198,100,100,0
Douglas,1,PRES-1199,100,100,0
Douglas,1,PRES-1200,100,100,0
Douglas,1,PRES-1201,66,66,0
Douglas,1,PRES-1202,100,100,0
Douglas,1,PRES-1203,100,100,0
Douglas,1,PRES-1204,87,87,0
Douglas,1,PRES-1205,100,100,0
Douglas,1,PRES-1206,100,100,0
Douglas,1,PRES-1207,100,100,0
Douglas,1,PRES-1208,86,86,0
Douglas,1,PRES-1209,100,100,0
Douglas,1,PRES-1210,100,100,0
Douglas,1,PRES-1211,100,100,0
Douglas,1,PRES-1212,100,100,0
Douglas,1,PRES-1213,100,100,0
Douglas,1,PRES-1214,100,100,0
Douglas,1,PRES-1215,92,92,0
Douglas,1,PRES-1216,100,100,0
Douglas,1,PRES-1217,100,100,0
Douglas,1,PRES-1218,100,100,0
Douglas,1,PRES-1219,100,100,0
Douglas,1,PRES-1220,100,100,0
Douglas,1,PRES-1221,100,100,0
Douglas,1,PRES-1222,100,100,0
Douglas,1,PRES-1223,100,100,0
Douglas,1,PRES-1224,77,77,0
Douglas,1,PRES-1225,100,100,0
Douglas,1,PRES-1226,100,100,0
Douglas,1,PRES-1227,100,100,0
Douglas,1,PRES-1228,100,100,0
Douglas,1,PRES-1229,100,100,0
Douglas,1,PRES-1230,43,43,0
Douglas,1,PRES-1231,100,100,0
Douglas,1,PRES-1232,100,100,0
Douglas,1,PRES-1233,100,100,0
Douglas,1,PRES-1234,100,100,0
Douglas,1,PRES-1235,100,100,0
Douglas,1,PRES-1236,81,81,0
Douglas,1,PRES-1237,100,100,0
Douglas,1,PRES-1238,100,100,0
Douglas,1,PRES-1239,100,100,0
Douglas,1,PRES-1240,64,64,0
Douglas,1,PRES-1241,100,100,0
Douglas,1,PRES-1242,69,69,0
Douglas,1,PRES-1243,100,100,0
Douglas,1,PRES-1244,100,100,0
Douglas,1,PRES-1245,100,100,0
Douglas,1,PRES-1246,100,100,0
Douglas,1,PRES-1247,100,100,0
Douglas,1,PRES-1248,100,100,0
Douglas,1,PRES-1249,48,48,0
Douglas,1,PRES-1250,65,65,0
Douglas,1,PRES-1251,100,100,0
Douglas,1,PRES-1252,100,100,0
Douglas,1,PRES-1253,100,100,0
Douglas,1,PRES-1254,100,100,0
Douglas,1,PRES-1255,100,100,0
Douglas,1,PRES-1256,100,100,0
Douglas,1,PRES-1257,100,100,0
Douglas,1,PRES-1258,100,100,0
Douglas,1,PRES-1259,100,100,0
Douglas,1,PRES-1260,77,77,0
Douglas,1,PRES-1261,100,100,0
Douglas,1,PRES-1262,65,65,0
Douglas,1,PRES-1263,100,100,0
Douglas,1,PRES-1264,100,100,0
Douglas,1,PRES-1265,100,100,0
Douglas,1,PRES-1266,100,100,0
Douglas,1,PRES-1267,100,100,0
Douglas,1,PRES-1268,23,23,0
Douglas,1,PRES-1270,100,100,0
Douglas,1,PRES-1271,100,100,0
Douglas,1,PRES-1272,100,100,0
Douglas,1,PRES-1273,100,100,0
Douglas,1,PRES-1274,100,100,0
Douglas,1,PRES-1301,31,31,0
Douglas,1,PRES-1303,65,65,0
Douglas,1,PRES-1304,51,51,0
Douglas,1,PRES-1305,82,82,0
Douglas,1,PRES-1306,100,100,0
Douglas,1,PRES-1307,100,100,0
Douglas,1,PRES-1308,100,100,0
Douglas,1,PRES-1309,100,100,0
Douglas,1,PRES-1310,100,100,0
Douglas,1,PRES-1311,100,100,0
Douglas,1,PRES-1312,50,50,0
Douglas,1,PRES-1313,54,54,0
Douglas,1,PRES-1315,43,43,0
Douglas,1,PRES-1316,100,100,0
Douglas,1,PRES-1317,100,100,0
Douglas,1,PRES-1318,100,100,0
Eagle,101,1,25,25,0
Eagle,101,10,21,21,0
Eagle,101,100,25,25,0
Eagle,101,101,25,25,0
Eagle,101,102,25,25,0
Eagle,101,103,25,25,0
Eagle,101,104,25,25,0
Eagle,101,105,25,25,0
Eagle,101,106,25,25,0
Eagle,101,107,25,25,0
Eagle,101,108,25,25,0
Eagle,101,109,25,25,0
Eagle,101,11,25,25,0
Eagle,101,110,25,25,0
Eagle,101,111,25,25,0
Eagle,101,112,25,25,0
Eagle,101,113,25,25,0
Eagle,101,114,25,25,0
Eagle,101,115,25,25,0
Eagle,101,116,25,25,0
Eagle,101,117,25,25,0
Eagle,101,118,25,25,0
Eagle,101,119,25,25,0
Eagle,101,12,22,22,0
Eagle,101,120,25,25,0
Eagle,101,121,25,25,0
Eagle,101,122,25,25,0
Eagle,101,123,25,25,0
Eagle,101,124,25,25,0
Eagle,101,125,25,25,0
Eagle,101,126,25,25,0
Eagle,101,127,25,25,0
Eagle,101,128,25,25,0
Eagle,101,129,25,25,0
Eagle,101,13,25,25,0
Eagle,101,130,25,25,0
Eagle,101,131,25,25,0
Eagle,101,132,25,25,0
Eagle,101,133,25,25,0
Eagle,101,134,25,25,0
Eagle,101,135,25,25,0
Eagle,101,136,25,25,0
Eagle,101,137,25,25,0
Eagle,101,138,25,25,0
Eagle,101,139,25,25,0
Eagle,101,14,22,22,0
Eagle,101,140,25,25,0
Eagle,101,141,25,25,0
Eagle,101,142,25,25,0
Eagle,101,143,25,25,0
Eagle,101,144,25,25,0
Eagle,101,145,25,25,0
Eagle,101,146,25,25,0
Eagle,101,147,25,25,0
Eagle,101,148,25,25,0
Eagle,101,149,25,25,0
Eagle,101,15,25,25,0
Eagle,101,150,25,25,0
Eagle,101,151,25,25,0
Eagle,101,152,25,25,0
Eagle,101,153,25,25,0
Eagle,101,154,25,25,0
Eagle,101,155,11,11,0
Eagle,101,156,25,25,0
Eagle,101,157,9,9,0
Eagle,101,158,25,25,0
Eagle,101,159,25,25,0
Eagle,101,16,22,22,0
Eagle,101,160,25,25,0
Eagle,101,161,25,25,0
Eagle,101,162,25,25,0
Eagle,101,163,25,25,0
Eagle,101,164,25,25,0
Eagle,101,165,25,25,0
Eagle,101,166,25,25,0
Eagle,101,167,25,25,0
Eagle,101,168,25,25,0
Eagle,101,169,25,25,0
Eagle,101,17,25,25,0
Eagle,101,170,25,25,0
Eagle,101,171,25,25,0
Eagle,101,172,25,25,0
Eagle,101,173,25,25,0
Eagle,101,174,25,25,0
Eagle,101,175,25,25,0
Eagle,101,176,25,25,0
Eagle,101,177,25,25,0
Eagle,101,178,25,25,0
Eagle,101,179,25,25,0
Eagle,101,18,23,23,0
Eagle,101,180,25,25,0
Eagle,101,181,25,25,0
Eagle,101,182,25,25,0
Eagle,101,183,25,25,0
Eagle,101,184,25,25,0
Eagle,101,185,25,25,0
Eagle,101,186,25,25,0
Eagle,101,187,25,25,0
Eagle,101,188,25,25,0
Eagle,101,189,25,25,0
Eagle,101,19,23,23,0
Eagle,101,190,25,25,0
Eagle,101,191,25,25,0
Eagle,101,192,25,25,0
Eagle,101,193,25,25,0
Eagle,101,194,25,25,0
Eagle,101,195,25,25,0
Eagle,101,196,25,25,0
Eagle,101,197,25,25,0
Eagle,101,198,25,25,0
Eagle,101,199,25,25,0
Eagle,101,2,25,25,0
Eagle,101,20,25,25,0
Eagle,101,200,25,25,0
Eagle,101,201,25,25,0
Eagle,101,202,25,25,0
Eagle,101,203,25,25,0
Eagle,101,204,25,25,0
Eagle,101,205,25,25,0
Eagle,101,206,25,25,0
Eagle,101,207,25,25,0
Eagle,101,208,25,25,0
Eagle,101,209,25,25,0
Eagle,101,21,7,7,0
Eagle,101,210,25,25,0
Eagle,101,211,25,25,0
Eagle,101,212,25,25,0
Eagle,101,213,25,25,0
Eagle,101,214,25,25,0
Eagle,101,215,25,25,0
Eagle,101,216,25,25,0
Eagle,101,217,25,25,0
Eagle,101,218,25,25,0
Eagle,101,219,25,25,0
Eagle,101,22,25,25,0
Eagle,101,220,25,25,0
Eagle,101,221,25,25,0
Eagle,101,222,25,25,0
Eagle,101,223,25,25,0
Eagle,101,224,25,25,0
Eagle,101,225,25,25,0
Eagle,101,226,25,25,0
Eagle,101,227,25,25,0
Eagle,101,228,25,25,0
Eagle,101,229,25,25,0
Eagle,101,23,25,25,0
Eagle,101,230,25,25,0
Eagle,101,231,25,25,0
Eagle,101,232,25,25,0
Eagle,101,233,25,25,0
Eagle,101,234,25,25,0
Eagle,101,235,25,25,0
Eagle,101,236,25,25,0
Eagle,101,237,25,25,0
Eagle,101,238,25,25,0
Eagle,101,239,25,25,0
Eagle,101,24,25,25,0
Eagle,101,240,25,25,0
Eagle,101,241,25,25,0
Eagle,101,242,25,25,0
Eagle,101,243,25,25,0
Eagle,101,244,25,25,0
Eagle,101,245,25,25,0
Eagle,101,246,25,25,0
Eagle,101,247,25,25,0
Eagle,101,248,25,25,0
Eagle,101,249,25,25,0
Eagle,101,25,25,25,0
Eagle,101,250,25,25,0
Eagle,101,251,25,25,0
Eagle,101,252,25,25,0
Eagle,101,253,25,25,0
Eagle,101,254,25,25,0
Eagle,101,255,25,25,0
Eagle,101,256,25,25,0
Eagle,101,257,25,25,0
Eagle,101,258,25,25,0
Eagle,101,259,25,25,0
Eagle,101,26,25,25,0
Eagle,101,260,25,25,0
Eagle,101,261,25,25,0
Eagle,101,262,12,12,0
Eagle,101,263,25,25,0
Eagle,101,264,25,25,0
Eagle,101,265,25,25,0
Eagle,101,266,25,25,0
Eagle,101,267,25,25,0
Eagle,101,268,25,25,0
Eagle,101,269,25,25,0
Eagle,101,27,25,25,0
Eagle,101,270,25,25,0
Eagle,101,271,25,25,0
Eagle,101,272,25,25,0
Eagle,101,273,25,25,0
Eagle,101,274,25,25,0
Eagle,101,275,25,25,0
Eagle,101,276,25,25,0
Eagle,101,277,25,25,0
Eagle,101,278,25,25,0
Eagle,101,279,25,25,0
Eagle,101,28,25,25,0
Eagle,101,280,25,25,0
Eagle,101,281,25,25,0
Eagle,101,282,25,25,0
Eagle,101,283,25,25,0
Eagle,101,284,25,25,0
Eagle,101,285,25,25,0
Eagle,101,286,25,25,0
Eagle,101,287,25,25,0
Eagle,101,288,25,25,0
Eagle,101,289,25,25,0
Eagle,101,29,25,25,0
Eagle,101,290,25,25,0
Eagle,101,291,25,25,0
Eagle,101,292,25,25,0
Eagle,101,293,25,25,0
Eagle,101,294,25,25,0
Eagle,101,295,25,25,0
Eagle,101,296,25,25,0
Eagle,101,297,25,25,0
Eagle,101,298,25,25,0
Eagle,101,299,25,25,0
Eagle,101,3,25,25,0
Eagle,101,30,25,25,0
Eagle,101,300,25,25,0
Eagle,101,301,25,25,0
Eagle,101,302,25,25,0
Eagle,101,303,17,17,0
Eagle,101,304,18,18,0
Eagle,101,305,25,25,0
Eagle,101,306,25,25,0
Eagle,101,307,25,25,0
Eagle,101,308,25,25,0
Eagle,101,309,25,25,0
Eagle,101,31,25,25,0
Eagle,101,310,25,25,0
Eagle,101,311,25,25,0
Eagle,101,312,25,25,0
Eagle,101,313,25,25,0
Eagle,101,314,25,25,0
Eagle,101,315,25,25,0
Eagle,101,316,25,25,0
Eagle,101,317,25,25,0
Eagle,101,318,25,25,0
Eagle,101,319,25,25,0
Eagle,101,32,25,25,0
Eagle,101,320,25,25,0
Eagle,101,321,25,25,0
Eagle,101,322,25,25,0
Eagle,101,323,25,25,0
Eagle,101,324,25,25,0
Eagle,101,325,25,25,0
Eagle,101,326,25,25,0
Eagle,101,327,25,25,0
Eagle,101,328,25,25,0
Eagle,101,329,25,25,0
Eagle,101,33,25,25,0
Eagle,101,330,25,25,0
Eagle,101,331,25,25,0
Eagle,101,332,25,25,0
Eagle,101,333,25,25,0
Eagle,101,334,25,25,0
Eagle,101,335,25,25,0
Eagle,101,336,25,25,0
Eagle,101,337,25,25,0
Eagle,101,338,25,25,0
Eagle,101,339,25,25,0
Eagle,101,34,25,25,0
Eagle,101,340,25,25,0
Eagle,101,341,25,25,0
Eagle,101,342,25,25,0
Eagle,101,343,25,25,0
Eagle,101,344,25,25,0
Eagle,101,345,25,25,0
Eagle,101,346,25,25,0
Eagle,101,347,25,25,0
Eagle,101,348,25,25,0
Eagle,101,349,25,25,0
Eagle,101,35,25,25,0
Eagle,101,350,25,25,0
Eagle,101,351,25,25,0
Eagle,101,352,25,25,0
Eagle,101,353,25,25,0
Eagle,101,354,25,25,0
Eagle,101,355,25,25,0
Eagle,101,356,25,25,0
Eagle,101,357,25,25,0
Eagle,101,358,25,25,0
Eagle,101,359,25,25,0
Eagle,101,36,25,25,0
Eagle,101,360,25,25,0
Eagle,101,361,25,25,0
Eagle,101,362,25,25,0
Eagle,101,363,20,20,0
Eagle,101,364,25,25,0
Eagle,101,365,25,25,0
Eagle,101,366,25,25,0
Eagle,101,367,25,25,0
Eagle,101,368,25,25,0
Eagle,101,369,25,25,0
Eagle,101,37,25,25,0
Eagle,101,370,25,25,0
Eagle,101,371,25,25,0
Eagle,101,372,25,25,0
Eagle,101,373,25,25,0
Eagle,101,374,25,25,0
Eagle,101,375,25,25,0
Eagle,101,376,12,12,0
Eagle,101,377,20,20,0
Eagle,101,378,25,25,0
Eagle,101,379,25,25,0
Eagle,101,38,25,25,0
Eagle,101,380,25,25,0
Eagle,101,381,25,25,0
Eagle,101,382,25,25,0
Eagle,101,383,25,25,0
Eagle,101,384,25,25,0
Eagle,101,385,25,25,0
Eagle,101,386,25,25,0
Eagle,101,387,25,25,0
Eagle,101,388,25,25,0
Eagle,101,389,25,25,0
Eagle,101,39,25,25,0
Eagle,101,390,25,25,0
Eagle,101,391,25,25,0
Eagle,101,392,25,25,0
Eagle,101,393,25,25,0
Eagle,101,394,25,25,0
Eagle,101,395,25,25,0
Eagle,101,396,25,25,0
Eagle,101,397,25,25,0
Eagle,101,398,25,25,0
Eagle,101,399,25,25,0
Eagle,101,4,23,23,0
Eagle,101,40,25,25,0
Eagle,101,400,25,25,0
Eagle,101,401,25,25,0
Eagle,101,402,25,25,0
Eagle,101,403,25,25,0
Eagle,101,404,25,25,0
Eagle,101,405,25,25,0
Eagle,101,406,25,25,0
Eagle,101,407,25,25,0
Eagle,101,408,25,25,0
Eagle,101,409,25,25,0
Eagle,101,41,25,25,0
Eagle,101,410,25,25,0
Eagle,101,411,25,25,0
Eagle,101,412,25,25,0
Eagle,101,413,25,25,0
Eagle,101,414,25,25,0
Eagle,101,415,25,25,0
Eagle,101,416,25,25,0
Eagle,101,417,25,25,0
Eagle,101,418,25,25,0
Eagle,101,419,25,25,0
Eagle,101,42,25,25,0
Eagle,101,420,25,25,0
Eagle,101,421,25,25,0
Eagle,101,422,25,25,0
Eagle,101,423,25,25,0
Eagle,101,424,25,25,0
Eagle,101,425,25,25,0
Eagle,101,426,25,25,0
Eagle,101,427,25,25,0
Eagle,101,428,25,25,0
Eagle,101,429,25,25,0
Eagle,101,43,25,25,0
Eagle,101,430,25,25,0
Eagle,101,431,25,25,0
Eagle,101,432,25,25,0
Eagle,101,433,25,25,0
Eagle,101,434,25,25,0
Eagle,101,435,25,25,0
Eagle,101,436,25,25,0
Eagle,101,437,25,25,0
Eagle,101,438,25,25,0
Eagle,101,439,25,25,0
Eagle,101,44,25,25,0
Eagle,101,440,25,25,0
Eagle,101,441,25,25,0
Eagle,101,442,25,25,0
Eagle,101,443,25,25,0
Eagle,101,444,25,25,0
Eagle,101,445,25,25,0
Eagle,101,446,25,25,0
Eagle,101,447,14,14,0
Eagle,101,448,25,25,0
Eagle,101,449,25,25,0
Eagle,101,45,25,25,0
Eagle,101,450,25,25,0
Eagle,101,451,26,26,0
Eagle,101,452,25,25,0
Eagle,101,453,25,25,0
Eagle,101,454,12,12,0
Eagle,101,455,24,24,0
Eagle,101,456,5,5,0
Eagle,101,46,25,25,0
Eagle,101,47,25,25,0
Eagle,101,48,25,25,0
Eagle,101,49,25,25,0
Eagle,101,5,25,25,0
Eagle,101,50,25,25,0
Eagle,101,51,25,25,0
Eagle,101,52,25,25,0
Eagle,101,53,25,25,0
Eagle,101,54,25,25,0
Eagle,101,55,25,25,0
Eagle,101,56,25,25,0
Eagle,101,57,25,25,0
Eagle,101,58,25,25,0
Eagle,101,59,25,25,0
Eagle,101,6,24,24,0
Eagle,101,60,25,25,0
Eagle,101,61,25,25,0
Eagle,101,62,25,25,0
Eagle,101,63,25,25,0
Eagle,101,64,25,25,0
Eagle,101,65,25,25,0
Eagle,101,66,25,25,0
Eagle,101,67,25,25,0
Eagle,101,68,25,25,0
Eagle,101,69,25,25,0
Eagle,101,7,25,25,0
Eagle,101,70,25,25,0
Eagle,101,71,25,25,0
Eagle,101,72,25,25,0
Eagle,101,73,25,25,0
Eagle,101,74,25,25,0
Eagle,101,75,25,25,0
Eagle,101,76,25,25,0
Eagle,101,77,25,25,0
Eagle,101,78,25,25,0
Eagle,101,79,25,25,0
Eagle,101,8,25,25,0
Eagle,101,80,25,25,0
Eagle,101,81,25,25,0
Eagle,101,82,25,25,0
Eagle,101,83,25,25,0
Eagle,101,84,25,25,0
Eagle,101,85,25,25,0
Eagle,101,86,25,25,0
Eagle,101,87,25,25,0
Eagle,101,88,25,25,0
Eagle,101,89,25,25,0
Eagle,101,9,25,25,0
Eagle,101,90,25,25,0
Eagle,101,91,25,25,0
Eagle,101,92,25,25,0
Eagle,101,93,25,25,0
Eagle,101,94,25,25,0
Eagle,101,95,25,25,0
Eagle,101,96,25,25,0
Eagle,101,97,25,25,0
Eagle,101,98,25,25,0
Eagle,101,99,25,25,0
Elbert,101,1,50,50,0
Elbert,101,10,50,50,0
Elbert,101,100,50,50,0
Elbert,101,101,50,50,0
Elbert,101,102,50,50,0
Elbert,101,103,50,50,0
Elbert,101,104,50,50,0
Elbert,101,105,50,50,0
Elbert,101,106,50,50,0
Elbert,101,107,50,50,0
Elbert,101,108,50,50,0
Elbert,101,109,50,50,0
Elbert,101,11,50,50,0
Elbert,101,110,50,50,0
Elbert,101,111,50,50,0
Elbert,101,112,50,50,0
Elbert,101,113,50,50,0
Elbert,101,114,50,50,0
Elbert,101,115,50,50,0
Elbert,101,116,50,50,0
Elbert,101,117,50,50,0
Elbert,101,118,50,50,0
Elbert,101,119,50,50,0
Elbert,101,12,50,50,0
Elbert,101,120,50,50,0
Elbert,101,121,50,50,0
Elbert,101,122,50,50,0
Elbert,101,123,50,50,0
Elbert,101,124,50,50,0
Elbert,101,125,50,50,0
Elbert,101,126,50,50,0
Elbert,101,127,50,50,0
Elbert,101,128,50,50,0
Elbert,101,129,50,50,0
Elbert,101,13,50,50,0
Elbert,101,130,50,50,0
Elbert,101,131,50,50,0
Elbert,101,132,50,50,0
Elbert,101,133,50,50,0
Elbert,101,134,50,50,0
Elbert,101,135,50,50,0
Elbert,101,136,50,50,0
Elbert,101,137,50,50,0
Elbert,101,138,50,50,0
Elbert,101,139,50,50,0
Elbert,101,14,50,50,0
Elbert,101,140,50,50,0
Elbert,101,141,50,50,0
Elbert,101,142,50,50,0
Elbert,101,143,50,50,0
Elbert,101,144,50,50,0
Elbert,101,145,50,50,0
Elbert,101,146,50,50,0
Elbert,101,147,50,50,0
Elbert,101,148,50,50,0
Elbert,101,149,50,50,0
Elbert,101,15,50,50,0
Elbert,101,150,50,50,0
Elbert,101,151,50,50,0
Elbert,101,152,50,50,0
Elbert,101,153,50,50,0
Elbert,101,154,50,50,0
Elbert,101,155,50,50,0
Elbert,101,156,50,50,0
Elbert,101,157,50,50,0
Elbert,101,158,50,50,0
Elbert,101,159,50,50,0
Elbert,101,16,50,50,0
Elbert,101,160,50,50,0
Elbert,101,161,50,50,0
Elbert,101,162,50,50,0
Elbert,101,163,50,50,0
Elbert,101,164,50,50,0
Elbert,101,165,50,50,0
Elbert,101,166,50,50,0
Elbert,101,167,50,50,0
Elbert,101,168,50,50,0
Elbert,101,169,50,50,0
Elbert,101,17,50,50,0
Elbert,101,170,50,50,0
Elbert,101,171,50,50,0
Elbert,101,172,50,50,0
Elbert,101,173,50,50,0
Elbert,101,174,50,50,0
Elbert,101,175,50,50,0
Elbert,101,176,50,50,0
Elbert,101,177,50,50,0
Elbert,101,178,50,50,0
Elbert,101,179,50,50,0
Elbert,101,18,50,50,0
Elbert,101,180,50,50,0
Elbert,101,181,50,50,0
Elbert,101,182,50,50,0
Elbert,101,183,50,50,0
Elbert,101,184,50,50,0
Elbert,101,185,50,50,0
Elbert,101,186,50,50,0
Elbert,101,187,50,50,0
Elbert,101,188,50,50,0
Elbert,101,189,50,50,0
Elbert,101,19,50,50,0
Elbert,101,190,50,50,0
Elbert,101,191,50,50,0
Elbert,101,192,50,50,0
Elbert,101,193,50,50,0
Elbert,101,194,50,50,0
Elbert,101,195,50,50,0
Elbert,101,196,50,50,0
Elbert,101,197,50,50,0
Elbert,101,198,50,50,0
Elbert,101,199,50,50,0
Elbert,101,2,50,50,0
Elbert,101,20,50,50,0
Elbert,101,200,50,50,0
Elbert,101,201,50,50,0
Elbert,101,202,50,50,0
Elbert,101,203,50,50,0
Elbert,101,204,50,50,0
Elbert,101,205,50,50,0
Elbert,101,206,50,50,0
Elbert,101,207,50,50,0
Elbert,101,208,50,50,0
Elbert,101,209,50,50,0
Elbert,101,21,50,50,0
Elbert,101,210,50,50,0
Elbert,101,211,50,50,0
Elbert,101,212,50,50,0
Elbert,101,213,50,50,0
Elbert,101,214,50,50,0
Elbert,101,215,50,50,0
Elbert,101,216,50,50,0
Elbert,101,217,50,50,0
Elbert,101,218,50,50,0
Elbert,101,219,50,50,0
Elbert,101,22,50,50,0
Elbert,101,220,50,50,0
Elbert,101,221,50,50,0
Elbert,101,222,50,50,0
Elbert,101,223,50,50,0
Elbert,101,224,50,50,0
Elbert,101,225,47,47,0
Elbert,101,226,50,50,0
Elbert,101,227,50,50,0
Elbert,101,23,50,50,0
Elbert,101,24,50,50,0
Elbert,101,25,50,50,0
Elbert,101,26,50,50,0
Elbert,101,27,50,50,0
Elbert,101,28,50,50,0
Elbert,101,29,50,50,0
Elbert,101,3,50,50,0
Elbert,101,30,50,50,0
Elbert,101,31,50,50,0
Elbert,101,32,50,50,0
Elbert,101,33,50,50,0
Elbert,101,34,50,50,0
Elbert,101,35,50,50,0
Elbert,101,36,50,50,0
Elbert,101,37,50,50,0
Elbert,101,38,50,50,0
Elbert,101,39,50,50,0
Elbert,101,4,50,50,0
Elbert,101,40,50,50,0
Elbert,101,41,50,50,0
Elbert,101,42,50,50,0
Elbert,101,43,50,50,0
Elbert,101,44,50,50,0
Elbert,101,45,50,50,0
Elbert,101,46,50,50,0
Elbert,101,47,50,50,0
Elbert,101,48,50,50,0
Elbert,101,49,50,50,0
Elbert,101,5,50,50,0
Elbert,101,50,50,50,0
Elbert,101,51,50,50,0
Elbert,101,52,50,50,0
Elbert,101,53,50,50,0
Elbert,101,54,50,50,0
Elbert,101,55,50,50,0
Elbert,101,56,50,50,0
Elbert,101,57,50,50,0
Elbert,101,58,50,50,0
Elbert,101,59,50,50,0
Elbert,101,6,50,50,0
Elbert,101,60,50,50,0
Elbert,101,61,50,50,0
Elbert,101,62,50,50,0
Elbert,101,63,50,50,0
Elbert,101,64,50,50,0
Elbert,101,65,50,50,0
Elbert,101,66,50,50,0
Elbert,101,67,50,50,0
Elbert,101,68,50,50,0
Elbert,101,69,50,50,0
Elbert,101,7,50,50,0
Elbert,101,70,50,50,0
Elbert,101,71,50,50,0
Elbert,101,72,50,50,0
Elbert,101,73,50,50,0
Elbert,101,74,50,50,0
Elbert,101,75,50,50,0
Elbert,101,76,50,50,0
Elbert,101,77,50,50,0
Elbert,101,78,50,50,0
Elbert,101,79,50,50,0
Elbert,101,8,50,50,0
Elbert,101,80,50,50,0
Elbert,101,81,51,51,0
Elbert,101,82,49,49,0
Elbert,101,83,50,50,0
Elbert,101,84,50,50,0
Elbert,101,85,50,50,0
Elbert,101,86,50,50,0
Elbert,101,87,50,50,0
Elbert,101,88,50,50,0
Elbert,101,89,50,50,0
Elbert,101,9,50,50,0
Elbert,101,90,50,50,0
Elbert,101,91,50,50,0
Elbert,101,92,50,50,0
Elbert,101,93,50,50,0
Elbert,101,94,50,50,0
Elbert,101,95,50,50,0
Elbert,101,96,50,50,0
Elbert,101,97,50,50,0
Elbert,101,98,50,50,0
Elbert,101,99,50,50,0
El Paso,101,1,95,95,0
El Paso,101,10,93,93,0
El Paso,101,100,73,73,0
El Paso,101,101,25,25,0
El Paso,101,102,99,99,0
El Paso,101,103,96,96,0
El Paso,101,104,93,93,0
El Paso,101,105,95,95,0
El Paso,101,106,99,99,0
El Paso,101,107,99,99,0
El Paso,101,108,99,99,0
El Paso,101,109,90,90,0
El Paso,101,11,99,99,0
El Paso,101,110,98,98,0
El Paso,101,111,97,97,0
El Paso,101,112,95,95,0
El Paso,101,113,95,95,0
El Paso,101,114,95,95,0
El Paso,101,115,98,98,0
El Paso,101,116,97,97,0
El Paso,101,117,96,96,0
El Paso,101,118,97,97,0
El Paso,101,119,100,100,0
El Paso,101,12,95,95,0
El Paso,101,120,100,100,0
El Paso,101,121,100,100,0
El Paso,101,122,98,98,0
El Paso,101,123,93,93,0
El Paso,101,124,100,100,0
El Paso,101,125,97,97,0
El Paso,101,126,87,87,0
El Paso,101,127,87,87,0
El Paso,101,128,100,100,0
El Paso,101,129,92,92,0
El Paso,101,13,97,97,0
El Paso,101,130,99,99,0
El Paso,101,131,25,25,0
El Paso,101,132,100,100,0
El Paso,101,133,100,100,0
El Paso,101,134,97,97,0
El Paso,101,135,100,100,0
El Paso,101,136,97,97,0
El Paso,101,137,100,100,0
El Paso,101,138,92,92,0
El Paso,101,139,100,100,0
El Paso,101,14,95,95,0
El Paso,101,140,100,100,0
El Paso,101,141,97,97,0
El Paso,101,142,99,99,0
El Paso,101,143,95,95,0
El Paso,101,144,96,96,0
El Paso,101,145,99,99,0
El Paso,101,146,96,96,0
El Paso,101,147,98,98,0
El Paso,101,148,97,97,0
El Paso,101,149,100,100,0
El Paso,101,15,98,98,0
El Paso,101,150,100,100,0
El Paso,101,151,100,100,0
El Paso,101,152,100,100,0
El Paso,101,153,100,100,0
El Paso,101,154,100,100,0
El Paso,101,155,92,92,0
El Paso,101,156,98,98,0
El Paso,101,157,100,100,0
El Paso,101,158,100,100,0
El Paso,101,159,100,100,0
El Paso,101,16,87,87,0
El Paso,101,160,98,98,0
El Paso,101,161,100,100,0
El Paso,101,162,100,100,0
El Paso,101,163,95,95,0
El Paso,101,164,100,100,0
El Paso,101,165,100,100,0
El Paso,101,166,98,98,0
El Paso,101,167,99,99,0
El Paso,101,168,98,98,0
El Paso,101,169,19,19,0
El Paso,101,17,95,95,0
El Paso,101,170,92,92,0
El Paso,101,171,100,100,0
El Paso,101,172,94,94,0
El Paso,101,173,99,99,0
El Paso,101,174,97,97,0
El Paso,101,175,5,5,0
El Paso,101,176,95,95,0
El Paso,101,177,47,47,0
El Paso,101,178,100,100,0
El Paso,101,179,96,96,0
El Paso,101,18,98,98,0
El Paso,101,180,99,99,0
El Paso,101,181,99,99,0
El Paso,101,182,89,89,0
El Paso,101,183,97,97,0
El Paso,101,184,97,97,0
El Paso,101,185,96,96,0
El Paso,101,186,98,98,0
El Paso,101,187,95,95,0
El Paso,101,188,100,100,0
El Paso,101,189,97,97,0
El Paso,101,19,99,99,0
El Paso,101,190,100,100,0
El Paso,101,191,96,96,0
El Paso,101,192,94,94,0
El Paso,101,193,95,95,0
El Paso,101,194,93,93,0
El Paso,101,196,97,97,0
El Paso,101,197,97,97,0
El Paso,101,198,33,33,0
El Paso,101,199,100,100,0
El Paso,101,2,90,90,0
El Paso,101,20,99,99,0
El Paso,101,200,96,96,0
El Paso,101,201,25,25,0
El Paso,101,202,97,97,0
El Paso,101,203,3,3,0
El Paso,101,204,98,98,0
El Paso,101,205,98,98,0
El Paso,101,206,96,96,0
El Paso,101,207,93,93,0
El Paso,101,208,100,100,0
El Paso,101,209,98,98,0
El Paso,101,21,93,93,0
El Paso,101,210,99,99,0
El Paso,101,211,100,100,0
El Paso,101,212,97,97,0
El Paso,101,213,100,100,0
El Paso,101,214,97,97,0
El Paso,101,215,96,96,0
El Paso,101,216,99,99,0
El Paso,101,217,99,99,0
El Paso,101,218,99,99,0
El Paso,101,219,93,93,0
El Paso,101,22,99,99,0
El Paso,101,220,99,99,0
El Paso,101,221,95,95,0
El Paso,101,222,99,99,0
El Paso,101,223,93,93,0
El Paso,101,224,100,100,0
El Paso,101,225,98,98,0
El Paso,101,226,97,97,0
El Paso,101,227,62,62,0
El Paso,101,228,100,100,0
El Paso,101,229,100,100,0
El Paso,101,23,95,95,0
El Paso,101,230,100,100,0
El Paso,101,231,99,99,0
El Paso,101,232,85,85,0
El Paso,101,233,100,100,0
El Paso,101,234,100,100,0
El Paso,101,235,100,100,0
El Paso,101,236,99,99,0
El Paso,101,237,99,99,0
El Paso,101,238,99,99,0
El Paso,101,239,99,99,0
El Paso,101,24,99,99,0
El Paso,101,240,100,100,0
El Paso,101,241,100,100,0
El Paso,101,242,25,25,0
El Paso,101,243,100,100,0
El Paso,101,244,99,99,0
El Paso,101,245,99,99,0
El Paso,101,246,98,98,0
El Paso,101,247,94,94,0
El Paso,101,248,100,100,0
El Paso,101,249,100,100,0
El Paso,101,25,100,100,0
El Paso,101,250,99,99,0
El Paso,101,251,94,94,0
El Paso,101,252,99,99,0
El Paso,101,253,97,97,0
El Paso,101,254,98,98,0
El Paso,101,255,97,97,0
El Paso,101,256,47,47,0
El Paso,101,257,92,92,0
El Paso,101,258,100,100,0
El Paso,101,259,99,99,0
El Paso,101,26,91,91,0
El Paso,101,260,98,98,0
El Paso,101,261,96,96,0
El Paso,101,262,100,100,0
El Paso,101,263,100,100,0
El Paso,101,264,99,99,0
El Paso,101,265,100,100,0
El Paso,101,266,100,100,0
El Paso,101,267,100,100,0
El Paso,101,268,100,100,0
El Paso,101,269,100,100,0
El Paso,101,27,96,96,0
El Paso,101,270,99,99,0
El Paso,101,271,25,25,0
El Paso,101,272,25,25,0
El Paso,101,273,21,21,0
El Paso,101,274,98,98,0
El Paso,101,275,99,99,0
El Paso,101,276,95,95,0
El Paso,101,277,99,99,0
El Paso,101,278,100,100,0
El Paso,101,279,97,97,0
El Paso,101,28,94,94,0
El Paso,101,280,98,98,0
El Paso,101,281,1,1,0
El Paso,101,282,100,100,0
El Paso,101,283,100,100,0
El Paso,101,284,100,100,0
El Paso,101,285,100,100,0
El Paso,101,286,100,100,0
El Paso,101,287,100,100,0
El Paso,101,288,100,100,0
El Paso,101,289,100,100,0
El Paso,101,29,89,89,0
El Paso,101,290,99,99,0
El Paso,101,291,25,25,0
El Paso,101,292,100,100,0
El Paso,101,293,100,100,0
El Paso,101,294,100,100,0
El Paso,101,295,100,100,0
El Paso,101,296,100,100,0
El Paso,101,297,100,100,0
El Paso,101,298,3,3,0
El Paso,101,299,100,100,0
El Paso,101,3,100,100,0
El Paso,101,30,100,100,0
El Paso,101,300,100,100,0
El Paso,101,301,99,99,0
El Paso,101,302,98,98,0
El Paso,101,303,97,97,0
El Paso,101,304,96,96,0
El Paso,101,305,14,14,0
El Paso,101,306,99,99,0
El Paso,101,307,100,100,0
El Paso,101,308,100,100,0
El Paso,101,309,4,4,0
El Paso,101,31,97,97,0
El Paso,101,310,100,100,0
El Paso,101,311,100,100,0
El Paso,101,312,97,97,0
El Paso,101,313,99,99,0
El Paso,101,314,99,99,0
El Paso,101,315,100,100,0
El Paso,101,316,99,99,0
El Paso,101,317,100,100,0
El Paso,101,318,100,100,0
El Paso,101,319,100,100,0
El Paso,101,32,53,53,0
El Paso,101,320,100,100,0
El Paso,101,321,25,25,0
El Paso,101,322,25,25,0
El Paso,101,323,100,100,0
El Paso,101,324,100,100,0
El Paso,101,325,100,100,0
El Paso,101,326,95,95,0
El Paso,101,327,100,100,0
El Paso,101,328,96,96,0
El Paso,101,329,99,99,0
El Paso,101,33,97,97,0
El Paso,101,330,100,100,0
El Paso,101,331,100,100,0
El Paso,101,332,97,97,0
El Paso,101,333,100,100,0
El Paso,101,334,100,100,0
El Paso,101,335,100,100,0
El Paso,101,336,100,100,0
El Paso,101,337,100,100,0
El Paso,101,338,13,13,0
El Paso,101,339,100,100,0
El Paso,101,34,98,98,0
El Paso,101,340,100,100,0
El Paso,101,341,100,100,0
El Paso,101,342,100,100,0
El Paso,101,343,7,7,0
El Paso,101,344,98,98,0
El Paso,101,345,100,100,0
El Paso,101,346,100,100,0
El Paso,101,347,100,100,0
El Paso,101,348,97,97,0
El Paso,101,349,100,100,0
El Paso,101,35,98,98,0
El Paso,101,350,100,100,0
El Paso,101,351,100,100,0
El Paso,101,352,96,96,0
El Paso,101,353,98,98,0
El Paso,101,354,100,100,0
El Paso,101,355,100,100,0
El Paso,101,356,98,98,0
El Paso,101,357,5,5,0
El Paso,101,358,96,96,0
El Paso,101,359,98,98,0
El Paso,101,36,96,96,0
El Paso,101,360,100,100,0
El Paso,101,361,100,100,0
El Paso,101,362,99,99,0
El Paso,101,363,100,100,0
El Paso,101,364,100,100,0
El Paso,101,365,100,100,0
El Paso,101,366,100,100,0
El Paso,101,367,100,100,0
El Paso,101,368,96,96,0
El Paso,101,369,100,100,0
El Paso,101,37,88,88,0
El Paso,101,370,100,100,0
El Paso,101,371,99,99,0
El Paso,101,372,94,94,0
El Paso,101,373,98,98,0
El Paso,101,374,100,100,0
El Paso,101,375,96,96,0
El Paso,101,376,93,93,0
El Paso,101,377,100,100,0
El Paso,101,378,100,100,0
El Paso,101,379,99,99,0
El Paso,101,38,95,95,0
El Paso,101,380,100,100,0
El Paso,101,381,100,100,0
El Paso,101,382,99,99,0
El Paso,101,383,100,100,0
El Paso,101,384,100,100,0
El Paso,101,385,100,100,0
El Paso,101,386,99,99,0
El Paso,101,387,100,100,0
El Paso,101,388,100,100,0
El Paso,101,389,100,100,0
El Paso,101,39,98,98,0
El Paso,101,390,96,96,0
El Paso,101,391,22,22,0
El Paso,101,392,14,14,0
El Paso,101,393,10,10,0
El Paso,101,394,97,97,0
El Paso,101,395,97,97,0
El Paso,101,396,100,100,0
El Paso,101,397,100,100,0
El Paso,101,398,100,100,0
El Paso,101,399,96,96,0
El Paso,101,4,93,93,0
El Paso,101,40,100,100,0
El Paso,101,400,99,99,0
El Paso,101,401,92,92,0
El Paso,101,402,97,97,0
El Paso,101,403,100,100,0
El Paso,101,404,99,99,0
El Paso,101,405,96,96,0
El Paso,101,406,100,100,0
El Paso,101,407,96,96,0
El Paso,101,408,99,99,0
El Paso,101,409,99,99,0
El Paso,101,41,43,43,0
El Paso,101,410,92,92,0
El Paso,101,411,100,100,0
El Paso,101,412,99,99,0
El Paso,101,413,100,100,0
El Paso,101,414,100,100,0
El Paso,101,415,97,97,0
El Paso,101,416,99,99,0
El Paso,101,417,99,99,0
El Paso,101,418,100,100,0
El Paso,101,419,99,99,0
El Paso,101,42,96,96,0
El Paso,101,420,100,100,0
El Paso,101,421,100,100,0
El Paso,101,422,100,100,0
El Paso,101,423,100,100,0
El Paso,101,424,100,100,0
El Paso,101,425,100,100,0
El Paso,101,426,100,100,0
El Paso,101,427,100,100,0
El Paso,101,428,98,98,0
El Paso,101,429,99,99,0
El Paso,101,43,94,94,0
El Paso,101,430,100,100,0
El Paso,101,431,25,25,0
El Paso,101,432,100,100,0
El Paso,101,433,100,100,0
El Paso,101,434,100,100,0
El Paso,101,435,100,100,0
El Paso,101,436,100,100,0
El Paso,101,437,93,93,0
El Paso,101,438,100,100,0
El Paso,101,439,97,97,0
El Paso,101,44,94,94,0
El Paso,101,440,100,100,0
El Paso,101,441,100,100,0
El Paso,101,442,100,100,0
El Paso,101,443,99,99,0
El Paso,101,444,99,99,0
El Paso,101,445,99,99,0
El Paso,101,446,100,100,0
El Paso,101,447,99,99,0
El Paso,101,448,100,100,0
El Paso,101,449,97,97,0
El Paso,101,45,97,97,0
El Paso,101,450,100,100,0
El Paso,101,451,100,100,0
El Paso,101,452,100,100,0
El Paso,101,453,100,100,0
El Paso,101,454,98,98,0
El Paso,101,455,97,97,0
El Paso,101,456,100,100,0
El Paso,101,457,100,100,0
El Paso,101,458,100,100,0
El Paso,101,459,99,99,0
El Paso,101,46,95,95,0
El Paso,101,460,94,94,0
El Paso,101,461,12,12,0
El Paso,101,462,69,69,0
El Paso,101,463,99,99,0
El Paso,101,464,100,100,0
El Paso,101,465,3,3,0
El Paso,101,466,98,98,0
El Paso,101,467,100,100,0
El Paso,101,468,100,100,0
El Paso,101,469,100,100,0
El Paso,101,47,94,94,0
El Paso,101,470,100,100,0
El Paso,101,471,17,17,0
El Paso,101,472,24,24,0
El Paso,101,473,100,100,0
El Paso,101,474,100,100,0
El Paso,101,475,94,94,0
El Paso,101,476,100,100,0
El Paso,101,477,98,98,0
El Paso,101,478,76,76,0
El Paso,101,479,99,99,0
El Paso,101,48,92,92,0
El Paso,101,480,100,100,0
El Paso,101,481,98,98,0
El Paso,101,482,100,100,0
El Paso,101,483,25,25,0
El Paso,101,484,100,100,0
El Paso,101,485,100,100,0
El Paso,101,486,100,100,0
El Paso,101,487,100,100,0
El Paso,101,488,100,100,0
El Paso,101,489,73,73,0
El Paso,101,49,99,99,0
El Paso,101,490,96,96,0
El Paso,101,491,96,96,0
El Paso,101,492,98,98,0
El Paso,101,493,99,99,0
El Paso,101,494,99,99,0
El Paso,101,495,100,100,0
El Paso,101,496,98,98,0
El Paso,101,497,100,100,0
El Paso,101,498,100,100,0
El Paso,101,499,100,100,0
El Paso,101,5,100,100,0
El Paso,101,50,95,95,0
El Paso,101,500,95,95,0
El Paso,101,501,99,99,0
El Paso,101,502,25,25,0
El Paso,101,503,99,99,0
El Paso,101,504,99,99,0
El Paso,101,505,100,100,0
El Paso,101,506,100,100,0
El Paso,101,507,47,47,0
El Paso,101,508,100,100,0
El Paso,101,509,100,100,0
El Paso,101,51,25,25,0
El Paso,101,510,100,100,0
El Paso,101,511,100,100,0
El Paso,101,512,100,100,0
El Paso,101,513,100,100,0
El Paso,101,514,97,97,0
El Paso,101,515,98,98,0
El Paso,101,516,98,98,0
El Paso,101,517,100,100,0
El Paso,101,518,100,100,0
El Paso,101,519,22,22,0
El Paso,101,52,25,25,0
El Paso,101,520,100,100,0
El Paso,101,521,99,99,0
El Paso,101,522,100,100,0
El Paso,101,523,100,100,0
El Paso,101,524,100,100,0
El Paso,101,525,98,98,0
El Paso,101,526,100,100,0
El Paso,101,527,100,100,0
El Paso,101,528,96,96,0
El Paso,101,529,100,100,0
El Paso,101,53,25,25,0
El Paso,101,530,100,100,0
El Paso,101,531,95,95,0
El Paso,101,532,100,100,0
El Paso,101,533,100,100,0
El Paso,101,534,93,93,0
El Paso,101,535,100,100,0
El Paso,101,536,100,100,0
El Paso,101,537,99,99,0
El Paso,101,538,100,100,0
El Paso,101,539,96,96,0
El Paso,101,54,94,94,0
El Paso,101,540,99,99,0
El Paso,101,541,17,17,0
El Paso,101,542,97,97,0
El Paso,101,543,97,97,0
El Paso,101,544,95,95,0
El Paso,101,545,99,99,0
El Paso,101,546,100,100,0
El Paso,101,547,86,86,0
El Paso,101,548,99,99,0
El Paso,101,549,98,98,0
El Paso,101,55,98,98,0
El Paso,101,550,98,98,0
El Paso,101,551,83,83,0
El Paso,101,552,97,97,0
El Paso,101,553,94,94,0
El Paso,101,554,87,87,0
El Paso,101,555,64,64,0
El Paso,101,556,94,94,0
El Paso,101,557,99,99,0
El Paso,101,558,98,98,0
El Paso,101,559,99,99,0
El Paso,101,56,17,17,0
El Paso,101,560,97,97,0
El Paso,101,561,98,98,0
El Paso,101,562,97,97,0
El Paso,101,563,98,98,0
El Paso,101,564,98,98,0
El Paso,101,565,93,93,0
El Paso,101,566,97,97,0
El Paso,101,567,100,100,0
El Paso,101,568,100,100,0
El Paso,101,569,99,99,0
El Paso,101,57,98,98,0
El Paso,101,570,96,96,0
El Paso,101,571,97,97,0
El Paso,101,572,92,92,0
El Paso,101,573,13,13,0
El Paso,101,574,100,100,0
El Paso,101,575,94,94,0
El Paso,101,576,97,97,0
El Paso,101,577,97,97,0
El Paso,101,578,99,99,0
El Paso,101,579,100,100,0
El Paso,101,58,100,100,0
El Paso,101,580,94,94,0
El Paso,101,581,97,97,0
El Paso,101,582,93,93,0
El Paso,101,583,96,96,0
El Paso,101,584,97,97,0
El Paso,101,585,98,98,0
El Paso,101,586,97,97,0
El Paso,101,587,100,100,0
El Paso,101,588,93,93,0
El Paso,101,589,100,100,0
El Paso,101,59,99,99,0
El Paso,101,590,96,96,0
El Paso,101,591,100,100,0
El Paso,101,592,23,23,0
El Paso,101,593,96,96,0
El Paso,101,594,87,87,0
El Paso,101,595,100,100,0
El Paso,101,597,98,98,0
El Paso,101,598,94,94,0
El Paso,101,599,93,93,0
El Paso,101,6,100,100,0
El Paso,101,60,92,92,0
El Paso,101,600,100,100,0
El Paso,101,601,99,99,0
El Paso,101,602,100,100,0
El Paso,101,603,98,98,0
El Paso,101,604,99,99,0
El Paso,101,605,100,100,0
El Paso,101,606,100,100,0
El Paso,101,607,3,3,0
El Paso,101,608,99,99,0
El Paso,101,609,100,100,0
El Paso,101,61,98,98,0
El Paso,101,610,100,100,0
El Paso,101,611,100,100,0
El Paso,101,612,100,100,0
El Paso,101,613,100,100,0
El Paso,101,614,100,100,0
El Paso,101,615,99,99,0
El Paso,101,616,11,11,0
El Paso,101,617,100,100,0
El Paso,101,618,100,100,0
El Paso,101,619,100,100,0
El Paso,101,62,94,94,0
El Paso,101,620,100,100,0
El Paso,101,621,2,2,0
El Paso,101,622,100,100,0
El Paso,101,623,100,100,0
El Paso,101,624,99,99,0
El Paso,101,625,98,98,0
El Paso,101,626,98,98,0
El Paso,101,627,98,98,0
El Paso,101,628,100,100,0
El Paso,101,629,100,100,0
El Paso,101,63,100,100,0
El Paso,101,630,99,99,0
El Paso,101,64,90,90,0
El Paso,101,65,100,100,0
El Paso,101,66,95,95,0
El Paso,101,67,92,92,0
El Paso,101,68,100,100,0
El Paso,101,69,91,91,0
El Paso,101,7,100,100,0
El Paso,101,70,99,99,0
El Paso,101,71,25,25,0
El Paso,101,72,26,26,0
El Paso,101,73,25,25,0
El Paso,101,74,25,25,0
El Paso,101,75,25,25,0
El Paso,101,76,98,98,0
El Paso,101,77,97,97,0
El Paso,101,78,99,99,0
El Paso,101,79,100,100,0
El Paso,101,8,11,11,0
El Paso,101,80,98,98,0
El Paso,101,81,79,79,0
El Paso,101,82,98,98,0
El Paso,101,83,98,98,0
El Paso,101,84,99,99,0
El Paso,101,85,94,94,0
El Paso,101,86,93,93,0
El Paso,101,87,96,96,0
El Paso,101,88,96,96,0
El Paso,101,89,97,97,0
El Paso,101,9,86,86,0
El Paso,101,90,96,96,0
El Paso,101,91,97,97,0
El Paso,101,92,91,91,0
El Paso,101,93,100,100,0
El Paso,101,94,100,100,0
El Paso,101,95,15,15,0
El Paso,101,96,84,84,0
El Paso,101,97,90,90,0
El Paso,101,98,98,98,0
El Paso,101,99,96,96,0
El Paso,201,1,12,12,0
El Paso,201,10,100,100,0
El Paso,201,100,99,99,0
El Paso,201,101,100,100,0
El Paso,201,102,99,99,0
El Paso,201,103,98,98,0
El Paso,201,104,99,99,0
El Paso,201,105,94,94,0
El Paso,201,106,98,98,0
El Paso,201,107,100,100,0
El Paso,201,108,100,100,0
El Paso,201,109,79,79,0
El Paso,201,11,4,4,0
El Paso,201,110,100,100,0
El Paso,201,111,87,87,0
El Paso,201,112,97,97,0
El Paso,201,113,92,92,0
El Paso,201,114,96,96,0
El Paso,201,115,98,98,0
El Paso,201,116,100,100,0
El Paso,201,117,100,100,0
El Paso,201,118,4,4,0
El Paso,201,119,99,99,0
El Paso,201,12,25,25,0
El Paso,201,120,99,99,0
El Paso,201,121,100,100,0
El Paso,201,122,100,100,0
El Paso,201,123,100,100,0
El Paso,201,124,100,100,0
El Paso,201,125,100,100,0
El Paso,201,126,98,98,0
El Paso,201,127,100,100,0
El Paso,201,128,100,100,0
El Paso,201,129,100,100,0
El Paso,201,13,25,25,0
El Paso,201,130,100,100,0
El Paso,201,131,100,100,0
El Paso,201,132,99,99,0
El Paso,201,133,100,100,0
El Paso,201,134,100,100,0
El Paso,201,135,100,100,0
El Paso,201,136,14,14,0
El Paso,201,137,17,17,0
El Paso,201,138,34,34,0
El Paso,201,139,31,31,0
El Paso,201,14,24,24,0
El Paso,201,140,100,100,0
El Paso,201,141,92,92,0
El Paso,201,142,98,98,0
El Paso,201,143,99,99,0
El Paso,201,144,100,100,0
El Paso,201,145,100,100,0
El Paso,201,146,100,100,0
El Paso,201,147,98,98,0
El Paso,201,148,99,99,0
El Paso,201,149,100,100,0
El Paso,201,15,25,25,0
El Paso,201,150,100,100,0
El Paso,201,151,95,95,0
El Paso,201,152,90,90,0
El Paso,201,153,98,98,0
El Paso,201,154,96,96,0
El Paso,201,155,100,100,0
El Paso,201,156,99,99,0
El Paso,201,157,100,100,0
El Paso,201,158,97,97,0
El Paso,201,159,96,96,0
El Paso,201,16,5,5,0
El Paso,201,160,95,95,0
El Paso,201,161,100,100,0
El Paso,201,162,96,96,0
El Paso,201,163,100,100,0
El Paso,201,164,100,100,0
El Paso,201,165,100,100,0
El Paso,201,166,98,98,0
El Paso,201,167,100,100,0
El Paso,201,168,100,100,0
El Paso,201,169,100,100,0
El Paso,201,17,25,25,0
El Paso,201,170,97,97,0
El Paso,201,171,100,100,0
El Paso,201,172,100,100,0
El Paso,201,173,99,99,0
El Paso,201,174,99,99,0
El Paso,201,175,90,90,0
El Paso,201,176,100,100,0
El Paso,201,177,76,76,0
El Paso,201,178,95,95,0
El Paso,201,179,78,78,0
El Paso,201,18,25,25,0
El Paso,201,180,6,6,0
El Paso,201,181,100,100,0
El Paso,201,182,99,99,0
El Paso,201,183,94,94,0
El Paso,201,184,100,100,0
El Paso,201,185,94,94,0
El Paso,201,186,98,98,0
El Paso,201,187,81,81,0
El Paso,201,188,85,85,0
El Paso,201,189,97,97,0
El Paso,201,19,2,2,0
El Paso,201,190,100,100,0
El Paso,201,191,3,3,0
El Paso,201,192,100,100,0
El Paso,201,193,96,96,0
El Paso,201,194,100,100,0
El Paso,201,195,98,98,0
El Paso,201,196,92,92,0
El Paso,201,197,97,97,0
El Paso,201,198,98,98,0
El Paso,201,199,99,99,0
El Paso,201,2,98,98,0
El Paso,201,20,33,33,0
El Paso,201,200,94,94,0
El Paso,201,201,25,25,0
El Paso,201,202,100,100,0
El Paso,201,203,100,100,0
El Paso,201,204,99,99,0
El Paso,201,205,99,99,0
El Paso,201,206,100,100,0
El Paso,201,207,99,99,0
El Paso,201,208,100,100,0
El Paso,201,209,97,97,0
El Paso,201,21,25,25,0
El Paso,201,210,100,100,0
El Paso,201,211,100,100,0
El Paso,201,212,100,100,0
El Paso,201,213,100,100,0
El Paso,201,214,99,99,0
El Paso,201,215,100,100,0
El Paso,201,216,100,100,0
El Paso,201,217,100,100,0
El Paso,201,218,100,100,0
El Paso,201,219,100,100,0
El Paso,201,22,94,94,0
El Paso,201,220,100,100,0
El Paso,201,221,100,100,0
El Paso,201,222,95,95,0
El Paso,201,223,100,100,0
El Paso,201,224,100,100,0
El Paso,201,225,100,100,0
El Paso,201,226,99,99,0
El Paso,201,227,7,7,0
El Paso,201,228,96,96,0
El Paso,201,229,100,100,0
El Paso,201,23,100,100,0
El Paso,201,230,100,100,0
El Paso,201,231,25,25,0
El Paso,201,232,100,100,0
El Paso,201,233,100,100,0
El Paso,201,234,100,100,0
El Paso,201,235,100,100,0
El Paso,201,236,100,100,0
El Paso,201,237,93,93,0
El Paso,201,238,100,100,0
El Paso,201,239,95,95,0
El Paso,201,24,96,96,0
El Paso,201,240,99,99,0
El Paso,201,241,23,23,0
El Paso,201,242,25,25,0
El Paso,201,243,100,100,0
El Paso,201,244,97,97,0
El Paso,201,245,98,98,0
El Paso,201,246,100,100,0
El Paso,201,247,91,91,0
El Paso,201,248,99,99,0
El Paso,201,249,100,100,0
El Paso,201,25,96,96,0
El Paso,201,250,100,100,0
El Paso,201,251,100,100,0
El Paso,201,252,93,93,0
El Paso,201,253,100,100,0
El Paso,201,254,99,99,0
El Paso,201,255,100,100,0
El Paso,201,256,100,100,0
El Paso,201,257,99,99,0
El Paso,201,258,100,100,0
El Paso,201,259,100,100,0
El Paso,201,26,100,100,0
El Paso,201,260,99,99,0
El Paso,201,261,100,100,0
El Paso,201,262,100,100,0
El Paso,201,263,100,100,0
El Paso,201,264,97,97,0
El Paso,201,265,99,99,0
El Paso,201,266,95,95,0
El Paso,201,267,98,98,0
El Paso,201,268,100,100,0
El Paso,201,269,99,99,0
El Paso,201,27,98,98,0
El Paso,201,270,99,99,0
El Paso,201,271,98,98,0
El Paso,201,272,100,100,0
El Paso,201,273,99,99,0
El Paso,201,274,100,100,0
El Paso,201,275,96,96,0
El Paso,201,276,100,100,0
El Paso,201,277,100,100,0
El Paso,201,278,99,99,0
El Paso,201,279,100,100,0
El Paso,201,28,100,100,0
El Paso,201,280,100,100,0
El Paso,201,281,97,97,0
El Paso,201,282,100,100,0
El Paso,201,283,100,100,0
El Paso,201,284,100,100,0
El Paso,201,285,100,100,0
El Paso,201,286,99,99,0
El Paso,201,287,99,99,0
El Paso,201,288,98,98,0
El Paso,201,289,100,100,0
El Paso,201,29,99,99,0
El Paso,201,290,100,100,0
El Paso,201,291,100,100,0
El Paso,201,292,100,100,0
El Paso,201,293,98,98,0
El Paso,201,294,94,94,0
El Paso,201,295,75,75,0
El Paso,201,296,95,95,0
El Paso,201,297,99,99,0
El Paso,201,298,100,100,0
El Paso,201,299,100,100,0
El Paso,201,3,92,92,0
El Paso,201,30,87,87,0
El Paso,201,300,97,97,0
El Paso,201,301,99,99,0
El Paso,201,302,98,98,0
El Paso,201,303,100,100,0
El Paso,201,304,100,100,0
El Paso,201,305,2,2,0
El Paso,201,306,100,100,0
El Paso,201,307,96,96,0
El Paso,201,308,16,16,0
El Paso,201,309,99,99,0
El Paso,201,31,95,95,0
El Paso,201,310,100,100,0
El Paso,201,311,99,99,0
El Paso,201,312,97,97,0
El Paso,201,313,100,100,0
El Paso,201,314,77,77,0
El Paso,201,315,98,98,0
El Paso,201,316,97,97,0
El Paso,201,317,96,96,0
El Paso,201,318,100,100,0
El Paso,201,319,100,100,0
El Paso,201,32,86,86,0
El Paso,201,320,1,1,0
El Paso,201,321,100,100,0
El Paso,201,322,96,96,0
El Paso,201,323,92,92,0
El Paso,201,324,100,100,0
El Paso,201,325,99,99,0
El Paso,201,326,100,100,0
El Paso,201,327,100,100,0
El Paso,201,328,1,1,0
El Paso,201,329,97,97,0
El Paso,201,33,97,97,0
El Paso,201,330,97,97,0
El Paso,201,331,97,97,0
El Paso,201,332,100,100,0
El Paso,201,333,100,100,0
El Paso,201,334,100,100,0
El Paso,201,335,100,100,0
El Paso,201,336,97,97,0
El Paso,201,337,100,100,0
El Paso,201,338,99,99,0
El Paso,201,339,100,100,0
El Paso,201,34,100,100,0
El Paso,201,340,100,100,0
El Paso,201,341,31,31,0
El Paso,201,342,25,25,0
El Paso,201,343,30,30,0
El Paso,201,344,100,100,0
El Paso,201,345,98,98,0
El Paso,201,346,98,98,0
El Paso,201,347,96,96,0
El Paso,201,348,64,64,0
El Paso,201,349,99,99,0
El Paso,201,35,4,4,0
El Paso,201,350,100,100,0
El Paso,201,351,96,96,0
El Paso,201,352,95,95,0
El Paso,201,353,99,99,0
El Paso,201,354,100,100,0
El Paso,201,355,100,100,0
El Paso,201,356,25,25,0
El Paso,201,357,100,100,0
El Paso,201,358,95,95,0
El Paso,201,359,100,100,0
El Paso,201,36,99,99,0
El Paso,201,360,97,97,0
El Paso,201,361,86,86,0
El Paso,201,362,99,99,0
El Paso,201,363,96,96,0
El Paso,201,364,96,96,0
El Paso,201,365,98,98,0
El Paso,201,366,95,95,0
El Paso,201,367,100,100,0
El Paso,201,368,100,100,0
El Paso,201,369,95,95,0
El Paso,201,37,97,97,0
El Paso,201,370,100,100,0
El Paso,201,371,100,100,0
El Paso,201,372,16,16,0
El Paso,201,373,100,100,0
El Paso,201,374,100,100,0
El Paso,201,375,100,100,0
El Paso,201,376,91,91,0
El Paso,201,377,100,100,0
El Paso,201,378,64,64,0
El Paso,201,379,100,100,0
El Paso,201,38,86,86,0
El Paso,201,380,18,18,0
El Paso,201,381,92,92,0
El Paso,201,382,100,100,0
El Paso,201,383,94,94,0
El Paso,201,384,1,1,0
El Paso,201,385,93,93,0
El Paso,201,386,40,40,0
El Paso,201,387,99,99,0
El Paso,201,388,100,100,0
El Paso,201,389,99,99,0
El Paso,201,39,94,94,0
El Paso,201,390,98,98,0
El Paso,201,391,100,100,0
El Paso,201,392,100,100,0
El Paso,201,393,100,100,0
El Paso,201,394,100,100,0
El Paso,201,395,97,97,0
El Paso,201,396,100,100,0
El Paso,201,397,100,100,0
El Paso,201,398,100,100,0
El Paso,201,399,100,100,0
El Paso,201,4,92,92,0
El Paso,201,40,100,100,0
El Paso,201,400,100,100,0
El Paso,201,401,19,19,0
El Paso,201,402,25,25,0
El Paso,201,403,4,4,0
El Paso,201,404,2,2,0
El Paso,201,405,95,95,0
El Paso,201,406,20,20,0
El Paso,201,407,95,95,0
El Paso,201,408,96,96,0
El Paso,201,409,100,100,0
El Paso,201,41,96,96,0
El Paso,201,410,2,2,0
El Paso,201,411,98,98,0
El Paso,201,412,9,9,0
El Paso,201,413,11,11,0
El Paso,201,414,2,2,0
El Paso,201,415,25,25,0
El Paso,201,42,93,93,0
El Paso,201,43,99,99,0
El Paso,201,44,79,79,0
El Paso,201,45,100,100,0
El Paso,201,46,100,100,0
El Paso,201,47,96,96,0
El Paso,201,48,97,97,0
El Paso,201,49,96,96,0
El Paso,201,5,81,81,0
El Paso,201,50,100,100,0
El Paso,201,51,25,25,0
El Paso,201,52,96,96,0
El Paso,201,53,100,100,0
El Paso,201,54,94,94,0
El Paso,201,55,95,95,0
El Paso,201,56,100,100,0
El Paso,201,57,99,99,0
El Paso,201,58,95,95,0
El Paso,201,59,100,100,0
El Paso,201,6,89,89,0
El Paso,201,60,95,95,0
El Paso,201,61,97,97,0
El Paso,201,62,99,99,0
El Paso,201,63,100,100,0
El Paso,201,64,93,93,0
El Paso,201,65,88,88,0
El Paso,201,66,100,100,0
El Paso,201,67,97,97,0
El Paso,201,68,99,99,0
El Paso,201,69,98,98,0
El Paso,201,7,97,97,0
El Paso,201,70,98,98,0
El Paso,201,71,98,98,0
El Paso,201,72,98,98,0
El Paso,201,73,96,96,0
El Paso,201,74,99,99,0
El Paso,201,75,96,96,0
El Paso,201,76,100,100,0
El Paso,201,77,93,93,0
El Paso,201,78,94,94,0
El Paso,201,79,99,99,0
El Paso,201,8,98,98,0
El Paso,201,80,99,99,0
El Paso,201,81,97,97,0
El Paso,201,82,99,99,0
El Paso,201,83,97,97,0
El Paso,201,84,100,100,0
El Paso,201,85,99,99,0
El Paso,201,86,95,95,0
El Paso,201,87,92,92,0
El Paso,201,88,96,96,0
El Paso,201,89,91,91,0
El Paso,201,9,99,99,0
El Paso,201,90,94,94,0
El Paso,201,91,25,25,0
El Paso,201,92,93,93,0
El Paso,201,93,89,89,0
El Paso,201,94,99,99,0
El Paso,201,95,91,91,0
El Paso,201,96,97,97,0
El Paso,201,97,100,100,0
El Paso,201,98,100,100,0
El Paso,201,99,96,96,0
El Paso,301,1,95,95,0
El Paso,301,10,99,99,0
El Paso,301,100,100,100,0
El Paso,301,101,100,100,0
El Paso,301,102,93,93,0
El Paso,301,103,96,96,0
El Paso,301,104,100,100,0
El Paso,301,105,100,100,0
El Paso,301,106,99,99,0
El Paso,301,107,98,98,0
El Paso,301,108,98,98,0
El Paso,301,109,97,97,0
El Paso,301,11,95,95,0
El Paso,301,110,100,100,0
El Paso,301,111,96,96,0
El Paso,301,112,100,100,0
El Paso,301,113,96,96,0
El Paso,301,114,98,98,0
El Paso,301,115,98,98,0
El Paso,301,116,100,100,0
El Paso,301,117,100,100,0
El Paso,301,118,98,98,0
El Paso,301,119,100,100,0
El Paso,301,12,100,100,0
El Paso,301,120,100,100,0
El Paso,301,121,100,100,0
El Paso,301,122,98,98,0
El Paso,301,123,100,100,0
El Paso,301,124,78,78,0
El Paso,301,125,100,100,0
El Paso,301,126,100,100,0
El Paso,301,127,100,100,0
El Paso,301,128,100,100,0
El Paso,301,129,98,98,0
El Paso,301,13,88,88,0
El Paso,301,130,100,100,0
El Paso,301,131,25,25,0
El Paso,301,132,100,100,0
El Paso,301,133,99,99,0
El Paso,301,134,99,99,0
El Paso,301,135,98,98,0
El Paso,301,136,98,98,0
El Paso,301,137,100,100,0
El Paso,301,138,100,100,0
El Paso,301,139,100,100,0
El Paso,301,14,99,99,0
El Paso,301,140,100,100,0
El Paso,301,141,100,100,0
El Paso,301,142,99,99,0
El Paso,301,143,100,100,0
El Paso,301,144,97,97,0
El Paso,301,145,100,100,0
El Paso,301,146,100,100,0
El Paso,301,147,100,100,0
El Paso,301,148,91,91,0
El Paso,301,149,98,98,0
El Paso,301,15,5,5,0
El Paso,301,150,99,99,0
El Paso,301,151,98,98,0
El Paso,301,152,91,91,0
El Paso,301,153,96,96,0
El Paso,301,154,96,96,0
El Paso,301,155,93,93,0
El Paso,301,156,99,99,0
El Paso,301,157,81,81,0
El Paso,301,158,96,96,0
El Paso,301,159,97,97,0
El Paso,301,16,100,100,0
El Paso,301,160,99,99,0
El Paso,301,161,94,94,0
El Paso,301,162,99,99,0
El Paso,301,163,97,97,0
El Paso,301,164,95,95,0
El Paso,301,165,100,100,0
El Paso,301,166,95,95,0
El Paso,301,167,62,62,0
El Paso,301,168,95,95,0
El Paso,301,169,77,77,0
El Paso,301,17,93,93,0
El Paso,301,170,96,96,0
El Paso,301,171,98,98,0
El Paso,301,172,100,100,0
El Paso,301,173,100,100,0
El Paso,301,174,71,71,0
El Paso,301,175,95,95,0
El Paso,301,176,98,98,0
El Paso,301,177,100,100,0
El Paso,301,178,100,100,0
El Paso,301,179,99,99,0
El Paso,301,18,95,95,0
El Paso,301,180,100,100,0
El Paso,301,181,99,99,0
El Paso,301,182,97,97,0
El Paso,301,183,99,99,0
El Paso,301,184,99,99,0
El Paso,301,185,97,97,0
El Paso,301,186,97,97,0
El Paso,301,187,100,100,0
El Paso,301,188,98,98,0
El Paso,301,189,99,99,0
El Paso,301,19,99,99,0
El Paso,301,190,100,100,0
El Paso,301,191,25,25,0
El Paso,301,192,35,35,0
El Paso,301,193,37,37,0
El Paso,301,194,25,25,0
El Paso,301,195,96,96,0
El Paso,301,196,100,100,0
El Paso,301,197,99,99,0
El Paso,301,198,100,100,0
El Paso,301,199,98,98,0
El Paso,301,2,9,9,0
El Paso,301,20,95,95,0
El Paso,301,200,96,96,0
El Paso,301,201,25,25,0
El Paso,301,202,100,100,0
El Paso,301,203,95,95,0
El Paso,301,204,98,98,0
El Paso,301,205,67,67,0
El Paso,301,206,100,100,0
El Paso,301,207,93,93,0
El Paso,301,208,100,100,0
El Paso,301,209,97,97,0
El Paso,301,21,96,96,0
El Paso,301,210,100,100,0
El Paso,301,211,25,25,0
El Paso,301,212,25,25,0
El Paso,301,213,25,25,0
El Paso,301,214,25,25,0
El Paso,301,215,95,95,0
El Paso,301,216,97,97,0
El Paso,301,217,99,99,0
El Paso,301,218,99,99,0
El Paso,301,219,100,100,0
El Paso,301,22,99,99,0
El Paso,301,220,99,99,0
El Paso,301,221,100,100,0
El Paso,301,222,100,100,0
El Paso,301,223,99,99,0
El Paso,301,224,94,94,0
El Paso,301,225,100,100,0
El Paso,301,226,100,100,0
El Paso,301,227,100,100,0
El Paso,301,228,100,100,0
El Paso,301,229,100,100,0
El Paso,301,23,94,94,0
El Paso,301,230,100,100,0
El Paso,301,231,100,100,0
El Paso,301,232,28,28,0
El Paso,301,233,100,100,0
El Paso,301,234,100,100,0
El Paso,301,235,100,100,0
El Paso,301,236,100,100,0
El Paso,301,237,100,100,0
El Paso,301,238,100,100,0
El Paso,301,239,100,100,0
El Paso,301,24,85,85,0
El Paso,301,240,100,100,0
El Paso,301,241,23,23,0
El Paso,301,242,15,15,0
El Paso,301,243,3,3,0
El Paso,301,244,2,2,0
El Paso,301,245,24,24,0
El Paso,301,246,99,99,0
El Paso,301,247,98,98,0
El Paso,301,248,97,97,0
El Paso,301,249,100,100,0
El Paso,301,25,100,100,0
El Paso,301,250,98,98,0
El Paso,301,251,25,25,0
El Paso,301,252,17,17,0
El Paso,301,253,100,100,0
El Paso,301,254,100,100,0
El Paso,301,255,99,99,0
El Paso,301,256,100,100,0
El Paso,301,257,100,100,0
El Paso,301,258,97,97,0
El Paso,301,259,100,100,0
El Paso,301,26,96,96,0
El Paso,301,260,100,100,0
El Paso,301,261,99,99,0
El Paso,301,262,100,100,0
El Paso,301,263,100,100,0
El Paso,301,264,100,100,0
El Paso,301,265,100,100,0
El Paso,301,266,100,100,0
El Paso,301,267,100,100,0
El Paso,301,268,100,100,0
El Paso,301,269,99,99,0
El Paso,301,27,95,95,0
El Paso,301,270,97,97,0
El Paso,301,271,20,20,0
El Paso,301,272,100,100,0
El Paso,301,273,99,99,0
El Paso,301,274,100,100,0
El Paso,301,275,100,100,0
El Paso,301,276,99,99,0
El Paso,301,277,93,93,0
El Paso,301,278,99,99,0
El Paso,301,279,98,98,0
El Paso,301,28,100,100,0
El Paso,301,280,100,100,0
El Paso,301,281,100,100,0
El Paso,301,282,96,96,0
El Paso,301,283,95,95,0
El Paso,301,284,100,100,0
El Paso,301,285,3,3,0
El Paso,301,286,98,98,0
El Paso,301,287,100,100,0
El Paso,301,288,100,100,0
El Paso,301,289,97,97,0
El Paso,301,29,100,100,0
El Paso,301,290,99,99,0
El Paso,301,291,95,95,0
El Paso,301,292,97,97,0
El Paso,301,293,100,100,0
El Paso,301,294,100,100,0
El Paso,301,295,100,100,0
El Paso,301,296,98,98,0
El Paso,301,297,95,95,0
El Paso,301,298,99,99,0
El Paso,301,299,97,97,0
El Paso,301,3,100,100,0
El Paso,301,30,100,100,0
El Paso,301,300,100,100,0
El Paso,301,301,100,100,0
El Paso,301,302,100,100,0
El Paso,301,303,63,63,0
El Paso,301,304,92,92,0
El Paso,301,305,100,100,0
El Paso,301,306,100,100,0
El Paso,301,307,99,99,0
El Paso,301,308,99,99,0
El Paso,301,309,99,99,0
El Paso,301,31,96,96,0
El Paso,301,310,100,100,0
El Paso,301,311,100,100,0
El Paso,301,312,100,100,0
El Paso,301,313,100,100,0
El Paso,301,314,100,100,0
El Paso,301,315,100,100,0
El Paso,301,316,98,98,0
El Paso,301,317,99,99,0
El Paso,301,318,98,98,0
El Paso,301,319,1,1,0
El Paso,301,32,96,96,0
El Paso,301,320,98,98,0
El Paso,301,321,100,100,0
El Paso,301,322,100,100,0
El Paso,301,323,100,100,0
El Paso,301,324,100,100,0
El Paso,301,325,99,99,0
El Paso,301,326,90,90,0
El Paso,301,327,96,96,0
El Paso,301,328,100,100,0
El Paso,301,329,100,100,0
El Paso,301,33,93,93,0
El Paso,301,330,100,100,0
El Paso,301,331,5,5,0
El Paso,301,332,99,99,0
El Paso,301,333,97,97,0
El Paso,301,334,97,97,0
El Paso,301,335,100,100,0
El Paso,301,336,19,19,0
El Paso,301,337,100,100,0
El Paso,301,338,99,99,0
El Paso,301,339,100,100,0
El Paso,301,34,99,99,0
El Paso,301,340,100,100,0
El Paso,301,341,97,97,0
El Paso,301,342,100,100,0
El Paso,301,343,5,5,0
El Paso,301,344,98,98,0
El Paso,301,345,100,100,0
El Paso,301,346,100,100,0
El Paso,301,347,100,100,0
El Paso,301,348,100,100,0
El Paso,301,349,100,100,0
El Paso,301,35,96,96,0
El Paso,301,350,100,100,0
El Paso,301,351,100,100,0
El Paso,301,352,100,100,0
El Paso,301,353,100,100,0
El Paso,301,354,100,100,0
El Paso,301,355,97,97,0
El Paso,301,356,100,100,0
El Paso,301,357,100,100,0
El Paso,301,358,99,99,0
El Paso,301,359,100,100,0
El Paso,301,36,100,100,0
El Paso,301,360,98,98,0
El Paso,301,361,99,99,0
El Paso,301,362,99,99,0
El Paso,301,363,100,100,0
El Paso,301,364,94,94,0
El Paso,301,365,95,95,0
El Paso,301,366,68,68,0
El Paso,301,367,98,98,0
El Paso,301,368,93,93,0
El Paso,301,37,90,90,0
El Paso,301,370,100,100,0
El Paso,301,371,98,98,0
El Paso,301,372,100,100,0
El Paso,301,373,100,100,0
El Paso,301,374,97,97,0
El Paso,301,375,100,100,0
El Paso,301,376,100,100,0
El Paso,301,377,84,84,0
El Paso,301,378,100,100,0
El Paso,301,379,100,100,0
El Paso,301,38,96,96,0
El Paso,301,380,99,99,0
El Paso,301,381,100,100,0
El Paso,301,382,96,96,0
El Paso,301,383,96,96,0
El Paso,301,384,100,100,0
El Paso,301,385,100,100,0
El Paso,301,386,100,100,0
El Paso,301,387,100,100,0
El Paso,301,388,100,100,0
El Paso,301,389,98,98,0
El Paso,301,39,97,97,0
El Paso,301,390,100,100,0
El Paso,301,391,99,99,0
El Paso,301,392,99,99,0
El Paso,301,393,100,100,0
El Paso,301,394,77,77,0
El Paso,301,395,100,100,0
El Paso,301,396,97,97,0
El Paso,301,397,100,100,0
El Paso,301,398,99,99,0
El Paso,301,399,100,100,0
El Paso,301,4,99,99,0
El Paso,301,40,100,100,0
El Paso,301,400,100,100,0
El Paso,301,401,6,6,0
El Paso,301,402,15,15,0
El Paso,301,403,5,5,0
El Paso,301,404,98,98,0
El Paso,301,405,98,98,0
El Paso,301,406,100,100,0
El Paso,301,407,99,99,0
El Paso,301,408,100,100,0
El Paso,301,409,100,100,0
El Paso,301,41,97,97,0
El Paso,301,410,88,88,0
El Paso,301,411,15,15,0
El Paso,301,412,100,100,0
El Paso,301,413,99,99,0
El Paso,301,414,99,99,0
El Paso,301,415,97,97,0
El Paso,301,416,74,74,0
El Paso,301,417,100,100,0
El Paso,301,418,95,95,0
El Paso,301,419,94,94,0
El Paso,301,42,97,97,0
El Paso,301,420,98,98,0
El Paso,301,421,100,100,0
El Paso,301,422,100,100,0
El Paso,301,423,90,90,0
El Paso,301,424,100,100,0
El Paso,301,425,100,100,0
El Paso,301,426,94,94,0
El Paso,301,427,100,100,0
El Paso,301,428,100,100,0
El Paso,301,429,100,100,0
El Paso,301,43,98,98,0
El Paso,301,430,100,100,0
El Paso,301,431,93,93,0
El Paso,301,432,98,98,0
El Paso,301,433,98,98,0
El Paso,301,434,100,100,0
El Paso,301,435,99,99,0
El Paso,301,436,94,94,0
El Paso,301,437,98,98,0
El Paso,301,438,1,1,0
El Paso,301,439,100,100,0
El Paso,301,44,100,100,0
El Paso,301,440,100,100,0
El Paso,301,441,100,100,0
El Paso,301,442,98,98,0
El Paso,301,443,95,95,0
El Paso,301,444,94,94,0
El Paso,301,445,99,99,0
El Paso,301,446,98,98,0
El Paso,301,447,61,61,0
El Paso,301,448,98,98,0
El Paso,301,449,99,99,0
El Paso,301,45,94,94,0
El Paso,301,450,97,97,0
El Paso,301,451,100,100,0
El Paso,301,452,98,98,0
El Paso,301,453,95,95,0
El Paso,301,454,96,96,0
El Paso,301,455,100,100,0
El Paso,301,456,95,95,0
El Paso,301,457,100,100,0
El Paso,301,458,93,93,0
El Paso,301,459,98,98,0
El Paso,301,46,92,92,0
El Paso,301,460,67,67,0
El Paso,301,461,66,66,0
El Paso,301,462,94,94,0
El Paso,301,463,98,98,0
El Paso,301,464,76,76,0
El Paso,301,465,100,100,0
El Paso,301,466,95,95,0
El Paso,301,467,85,85,0
El Paso,301,468,95,95,0
El Paso,301,469,98,98,0
El Paso,301,47,97,97,0
El Paso,301,470,94,94,0
El Paso,301,471,100,100,0
El Paso,301,472,98,98,0
El Paso,301,473,96,96,0
El Paso,301,474,92,92,0
El Paso,301,475,97,97,0
El Paso,301,476,40,40,0
El Paso,301,477,94,94,0
El Paso,301,478,7,7,0
El Paso,301,479,95,95,0
El Paso,301,48,100,100,0
El Paso,301,480,97,97,0
El Paso,301,481,100,100,0
El Paso,301,482,93,93,0
El Paso,301,483,99,99,0
El Paso,301,484,98,98,0
El Paso,301,485,99,99,0
El Paso,301,486,100,100,0
El Paso,301,487,100,100,0
El Paso,301,488,100,100,0
El Paso,301,489,100,100,0
El Paso,301,49,100,100,0
El Paso,301,490,99,99,0
El Paso,301,491,100,100,0
El Paso,301,492,99,99,0
El Paso,301,493,2,2,0
El Paso,301,494,100,100,0
El Paso,301,495,100,100,0
El Paso,301,496,100,100,0
El Paso,301,497,1,1,0
El Paso,301,498,100,100,0
El Paso,301,499,100,100,0
El Paso,301,5,97,97,0
El Paso,301,50,2,2,0
El Paso,301,500,100,100,0
El Paso,301,501,100,100,0
El Paso,301,502,100,100,0
El Paso,301,503,100,100,0
El Paso,301,504,100,100,0
El Paso,301,505,100,100,0
El Paso,301,506,74,74,0
El Paso,301,507,100,100,0
El Paso,301,508,100,100,0
El Paso,301,509,100,100,0
El Paso,301,51,98,98,0
El Paso,301,510,99,99,0
El Paso,301,52,98,98,0
El Paso,301,53,96,96,0
El Paso,301,54,96,96,0
El Paso,301,55,98,98,0
El Paso,301,56,100,100,0
El Paso,301,57,96,96,0
El Paso,301,58,96,96,0
El Paso,301,59,83,83,0
El Paso,301,6,97,97,0
El Paso,301,60,88,88,0
El Paso,301,61,25,25,0
El Paso,301,62,25,25,0
El Paso,301,63,25,25,0
El Paso,301,64,25,25,0
El Paso,301,65,25,25,0
El Paso,301,66,100,100,0
El Paso,301,67,97,97,0
El Paso,301,68,99,99,0
El Paso,301,69,97,97,0
El Paso,301,7,86,86,0
El Paso,301,70,1,1,0
El Paso,301,71,25,25,0
El Paso,301,72,99,99,0
El Paso,301,73,91,91,0
El Paso,301,74,97,97,0
El Paso,301,75,99,99,0
El Paso,301,76,98,98,0
El Paso,301,77,99,99,0
El Paso,301,78,96,96,0
El Paso,301,79,96,96,0
El Paso,301,8,95,95,0
El Paso,301,80,97,97,0
El Paso,301,81,99,99,0
El Paso,301,82,99,99,0
El Paso,301,83,100,100,0
El Paso,301,84,97,97,0
El Paso,301,85,31,31,0
El Paso,301,86,99,99,0
El Paso,301,87,100,100,0
El Paso,301,88,100,100,0
El Paso,301,89,89,89,0
El Paso,301,9,98,98,0
El Paso,301,90,99,99,0
El Paso,301,91,98,98,0
El Paso,301,92,100,100,0
El Paso,301,93,99,99,0
El Paso,301,94,100,100,0
El Paso,301,95,97,97,0
El Paso,301,96,95,95,0
El Paso,301,97,25,25,0
El Paso,301,98,93,93,0
El Paso,301,99,98,98,0
El Paso,401,1,93,93,0
El Paso,401,10,99,99,0
El Paso,401,100,100,100,0
El Paso,401,101,17,17,0
El Paso,401,102,100,100,0
El Paso,401,103,99,99,0
El Paso,401,104,100,100,0
El Paso,401,105,99,99,0
El Paso,401,106,100,100,0
El Paso,401,107,100,100,0
El Paso,401,108,93,93,0
El Paso,401,109,100,100,0
El Paso,401,11,89,89,0
El Paso,401,110,100,100,0
El Paso,401,111,25,25,0
El Paso,401,112,25,25,0
El Paso,401,113,92,92,0
El Paso,401,114,98,98,0
El Paso,401,115,100,100,0
El Paso,401,116,100,100,0
El Paso,401,117,98,98,0
El Paso,401,118,98,98,0
El Paso,401,119,96,96,0
El Paso,401,12,96,96,0
El Paso,401,120,100,100,0
El Paso,401,121,100,100,0
El Paso,401,122,95,95,0
El Paso,401,123,97,97,0
El Paso,401,124,100,100,0
El Paso,401,125,94,94,0
El Paso,401,126,93,93,0
El Paso,401,127,97,97,0
El Paso,401,128,97,97,0
El Paso,401,129,93,93,0
El Paso,401,13,99,99,0
El Paso,401,130,100,100,0
El Paso,401,131,25,25,0
El Paso,401,132,100,100,0
El Paso,401,133,100,100,0
El Paso,401,134,100,100,0
El Paso,401,135,100,100,0
El Paso,401,136,100,100,0
El Paso,401,137,100,100,0
El Paso,401,138,100,100,0
El Paso,401,139,100,100,0
El Paso,401,14,88,88,0
El Paso,401,140,99,99,0
El Paso,401,141,25,25,0
El Paso,401,142,94,94,0
El Paso,401,143,98,98,0
El Paso,401,144,89,89,0
El Paso,401,145,100,100,0
El Paso,401,146,99,99,0
El Paso,401,147,99,99,0
El Paso,401,148,99,99,0
El Paso,401,149,98,98,0
El Paso,401,15,100,100,0
El Paso,401,150,98,98,0
El Paso,401,151,25,25,0
El Paso,401,152,99,99,0
El Paso,401,153,99,99,0
El Paso,401,154,96,96,0
El Paso,401,155,99,99,0
El Paso,401,156,97,97,0
El Paso,401,157,100,100,0
El Paso,401,158,100,100,0
El Paso,401,159,97,97,0
El Paso,401,16,95,95,0
El Paso,401,160,93,93,0
El Paso,401,161,25,25,0
El Paso,401,162,25,25,0
El Paso,401,163,19,19,0
El Paso,401,164,96,96,0
El Paso,401,165,90,90,0
El Paso,401,166,99,99,0
El Paso,401,167,95,95,0
El Paso,401,168,97,97,0
El Paso,401,169,8,8,0
El Paso,401,17,99,99,0
El Paso,401,170,98,98,0
El Paso,401,171,99,99,0
El Paso,401,172,94,94,0
El Paso,401,173,99,99,0
El Paso,401,174,92,92,0
El Paso,401,175,99,99,0
El Paso,401,176,15,15,0
El Paso,401,177,99,99,0
El Paso,401,178,98,98,0
El Paso,401,179,100,100,0
El Paso,401,18,99,99,0
El Paso,401,180,100,100,0
El Paso,401,181,24,24,0
El Paso,401,182,25,25,0
El Paso,401,183,25,25,0
El Paso,401,184,99,99,0
El Paso,401,185,100,100,0
El Paso,401,186,92,92,0
El Paso,401,187,99,99,0
El Paso,401,188,99,99,0
El Paso,401,189,100,100,0
El Paso,401,19,100,100,0
El Paso,401,190,100,100,0
El Paso,401,191,100,100,0
El Paso,401,192,100,100,0
El Paso,401,193,25,25,0
El Paso,401,194,25,25,0
El Paso,401,195,100,100,0
El Paso,401,196,100,100,0
El Paso,401,197,99,99,0
El Paso,401,198,99,99,0
El Paso,401,199,100,100,0
El Paso,401,2,100,100,0
El Paso,401,20,100,100,0
El Paso,401,200,100,100,0
El Paso,401,201,98,98,0
El Paso,401,202,99,99,0
El Paso,401,203,100,100,0
El Paso,401,204,98,98,0
El Paso,401,205,9,9,0
El Paso,401,206,100,100,0
El Paso,401,207,93,93,0
El Paso,401,208,99,99,0
El Paso,401,209,98,98,0
El Paso,401,21,25,25,0
El Paso,401,210,97,97,0
El Paso,401,211,25,25,0
El Paso,401,212,26,26,0
El Paso,401,213,100,100,0
El Paso,401,214,100,100,0
El Paso,401,215,100,100,0
El Paso,401,216,100,100,0
El Paso,401,217,100,100,0
El Paso,401,218,100,100,0
El Paso,401,219,99,99,0
El Paso,401,22,25,25,0
El Paso,401,220,100,100,0
El Paso,401,221,95,95,0
El Paso,401,222,99,99,0
El Paso,401,223,100,100,0
El Paso,401,224,99,99,0
El Paso,401,225,98,98,0
El Paso,401,226,100,100,0
El Paso,401,227,97,97,0
El Paso,401,228,100,100,0
El Paso,401,229,100,100,0
El Paso,401,23,96,96,0
El Paso,401,230,100,100,0
El Paso,401,231,100,100,0
El Paso,401,232,99,99,0
El Paso,401,233,100,100,0
El Paso,401,234,97,97,0
El Paso,401,235,98,98,0
El Paso,401,236,97,97,0
El Paso,401,237,98,98,0
El Paso,401,238,100,100,0
El Paso,401,239,99,99,0
El Paso,401,24,97,97,0
El Paso,401,240,99,99,0
El Paso,401,241,100,100,0
El Paso,401,242,97,97,0
El Paso,401,243,100,100,0
El Paso,401,244,98,98,0
El Paso,401,245,99,99,0
El Paso,401,246,100,100,0
El Paso,401,247,100,100,0
El Paso,401,248,99,99,0
El Paso,401,249,100,100,0
El Paso,401,25,94,94,0
El Paso,401,250,100,100,0
El Paso,401,251,100,100,0
El Paso,401,252,99,99,0
El Paso,401,253,100,100,0
El Paso,401,254,97,97,0
El Paso,401,255,100,100,0
El Paso,401,256,100,100,0
El Paso,401,257,99,99,0
El Paso,401,258,100,100,0
El Paso,401,259,100,100,0
El Paso,401,26,95,95,0
El Paso,401,260,99,99,0
El Paso,401,261,100,100,0
El Paso,401,262,100,100,0
El Paso,401,263,100,100,0
El Paso,401,264,99,99,0
El Paso,401,265,100,100,0
El Paso,401,266,97,97,0
El Paso,401,267,100,100,0
El Paso,401,268,96,96,0
El Paso,401,269,100,100,0
El Paso,401,27,83,83,0
El Paso,401,270,97,97,0
El Paso,401,271,100,100,0
El Paso,401,272,100,100,0
El Paso,401,273,97,97,0
El Paso,401,274,100,100,0
El Paso,401,275,99,99,0
El Paso,401,277,97,97,0
El Paso,401,278,100,100,0
El Paso,401,279,85,85,0
El Paso,401,28,93,93,0
El Paso,401,280,100,100,0
El Paso,401,281,97,97,0
El Paso,401,282,99,99,0
El Paso,401,283,96,96,0
El Paso,401,284,99,99,0
El Paso,401,285,100,100,0
El Paso,401,286,99,99,0
El Paso,401,287,98,98,0
El Paso,401,288,96,96,0
El Paso,401,289,96,96,0
El Paso,401,29,100,100,0
El Paso,401,290,100,100,0
El Paso,401,291,100,100,0
El Paso,401,292,95,95,0
El Paso,401,293,100,100,0
El Paso,401,294,99,99,0
El Paso,401,295,99,99,0
El Paso,401,296,100,100,0
El Paso,401,297,99,99,0
El Paso,401,298,100,100,0
El Paso,401,299,96,96,0
El Paso,401,3,88,88,0
El Paso,401,30,64,64,0
El Paso,401,300,100,100,0
El Paso,401,301,100,100,0
El Paso,401,302,100,100,0
El Paso,401,303,100,100,0
El Paso,401,304,100,100,0
El Paso,401,305,100,100,0
El Paso,401,306,97,97,0
El Paso,401,307,100,100,0
El Paso,401,308,97,97,0
El Paso,401,309,99,99,0
El Paso,401,31,100,100,0
El Paso,401,310,100,100,0
El Paso,401,311,95,95,0
El Paso,401,312,100,100,0
El Paso,401,313,100,100,0
El Paso,401,314,100,100,0
El Paso,401,315,98,98,0
El Paso,401,316,100,100,0
El Paso,401,317,98,98,0
El Paso,401,318,100,100,0
El Paso,401,319,100,100,0
El Paso,401,32,100,100,0
El Paso,401,320,14,14,0
El Paso,401,321,96,96,0
El Paso,401,322,97,97,0
El Paso,401,323,99,99,0
El Paso,401,324,92,92,0
El Paso,401,325,99,99,0
El Paso,401,326,100,100,0
El Paso,401,327,95,95,0
El Paso,401,328,100,100,0
El Paso,401,329,100,100,0
El Paso,401,33,100,100,0
El Paso,401,330,100,100,0
El Paso,401,331,96,96,0
El Paso,401,332,96,96,0
El Paso,401,333,95,95,0
El Paso,401,334,100,100,0
El Paso,401,335,99,99,0
El Paso,401,336,94,94,0
El Paso,401,337,100,100,0
El Paso,401,338,100,100,0
El Paso,401,339,98,98,0
El Paso,401,34,99,99,0
El Paso,401,340,100,100,0
El Paso,401,341,100,100,0
El Paso,401,342,100,100,0
El Paso,401,343,96,96,0
El Paso,401,344,98,98,0
El Paso,401,345,100,100,0
El Paso,401,346,98,98,0
El Paso,401,347,96,96,0
El Paso,401,348,99,99,0
El Paso,401,349,91,91,0
El Paso,401,35,97,97,0
El Paso,401,350,100,100,0
El Paso,401,351,100,100,0
El Paso,401,352,99,99,0
El Paso,401,353,100,100,0
El Paso,401,354,98,98,0
El Paso,401,355,100,100,0
El Paso,401,356,100,100,0
El Paso,401,357,100,100,0
El Paso,401,358,99,99,0
El Paso,401,359,100,100,0
El Paso,401,36,98,98,0
El Paso,401,360,97,97,0
El Paso,401,361,25,25,0
El Paso,401,362,97,97,0
El Paso,401,363,100,100,0
El Paso,401,364,95,95,0
El Paso,401,365,100,100,0
El Paso,401,366,99,99,0
El Paso,401,367,95,95,0
El Paso,401,368,100,100,0
El Paso,401,369,99,99,0
El Paso,401,37,88,88,0
El Paso,401,370,96,96,0
El Paso,401,371,100,100,0
El Paso,401,372,100,100,0
El Paso,401,373,61,61,0
El Paso,401,374,95,95,0
El Paso,401,375,77,77,0
El Paso,401,376,97,97,0
El Paso,401,377,100,100,0
El Paso,401,378,100,100,0
El Paso,401,379,100,100,0
El Paso,401,38,98,98,0
El Paso,401,380,9,9,0
El Paso,401,381,99,99,0
El Paso,401,382,33,33,0
El Paso,401,383,99,99,0
El Paso,401,384,99,99,0
El Paso,401,385,100,100,0
El Paso,401,386,100,100,0
El Paso,401,387,100,100,0
El Paso,401,388,99,99,0
El Paso,401,389,99,99,0
El Paso,401,39,99,99,0
El Paso,401,390,96,96,0
El Paso,401,391,13,13,0
El Paso,401,392,100,100,0
El Paso,401,393,98,98,0
El Paso,401,394,99,99,0
El Paso,401,395,95,95,0
El Paso,401,396,99,99,0
El Paso,401,397,96,96,0
El Paso,401,398,99,99,0
El Paso,401,399,96,96,0
El Paso,401,4,87,87,0
El Paso,401,40,95,95,0
El Paso,401,400,100,100,0
El Paso,401,401,14,14,0
El Paso,401,402,100,100,0
El Paso,401,403,44,44,0
El Paso,401,404,100,100,0
El Paso,401,405,95,95,0
El Paso,401,406,97,97,0
El Paso,401,407,94,94,0
El Paso,401,408,92,92,0
El Paso,401,409,97,97,0
El Paso,401,41,97,97,0
El Paso,401,410,95,95,0
El Paso,401,411,100,100,0
El Paso,401,412,95,95,0
El Paso,401,413,100,100,0
El Paso,401,414,99,99,0
El Paso,401,415,99,99,0
El Paso,401,416,97,97,0
El Paso,401,417,99,99,0
El Paso,401,418,98,98,0
El Paso,401,419,94,94,0
El Paso,401,42,97,97,0
El Paso,401,420,99,99,0
El Paso,401,421,95,95,0
El Paso,401,422,99,99,0
El Paso,401,423,99,99,0
El Paso,401,424,1,1,0
El Paso,401,425,67,67,0
El Paso,401,426,25,25,0
El Paso,401,427,98,98,0
El Paso,401,428,100,100,0
El Paso,401,429,98,98,0
El Paso,401,43,99,99,0
El Paso,401,430,100,100,0
El Paso,401,44,89,89,0
El Paso,401,45,99,99,0
El Paso,401,46,98,98,0
El Paso,401,47,95,95,0
El Paso,401,48,98,98,0
El Paso,401,49,98,98,0
El Paso,401,5,91,91,0
El Paso,401,50,98,98,0
El Paso,401,51,94,94,0
El Paso,401,52,94,94,0
El Paso,401,53,98,98,0
El Paso,401,54,73,73,0
El Paso,401,55,100,100,0
El Paso,401,56,25,25,0
El Paso,401,57,95,95,0
El Paso,401,58,79,79,0
El Paso,401,59,100,100,0
El Paso,401,6,100,100,0
El Paso,401,60,100,100,0
El Paso,401,61,97,97,0
El Paso,401,62,98,98,0
El Paso,401,63,100,100,0
El Paso,401,64,97,97,0
El Paso,401,65,95,95,0
El Paso,401,66,100,100,0
El Paso,401,67,96,96,0
El Paso,401,68,95,95,0
El Paso,401,69,1,1,0
El Paso,401,7,99,99,0
El Paso,401,70,100,100,0
El Paso,401,71,85,85,0
El Paso,401,72,100,100,0
El Paso,401,73,99,99,0
El Paso,401,74,15,15,0
El Paso,401,75,90,90,0
El Paso,401,76,20,20,0
El Paso,401,77,100,100,0
El Paso,401,78,100,100,0
El Paso,401,79,99,99,0
El Paso,401,8,7,7,0
El Paso,401,80,97,97,0
El Paso,401,81,25,25,0
El Paso,401,82,94,94,0
El Paso,401,83,94,94,0
El Paso,401,84,100,100,0
El Paso,401,85,96,96,0
El Paso,401,86,97,97,0
El Paso,401,87,86,86,0
El Paso,401,88,99,99,0
El Paso,401,89,100,100,0
El Paso,401,9,96,96,0
El Paso,401,90,100,100,0
El Paso,401,91,25,25,0
El Paso,401,92,100,100,0
El Paso,401,93,100,100,0
El Paso,401,94,100,100,0
El Paso,401,95,99,99,0
El Paso,401,96,100,100,0
El Paso,401,97,100,100,0
El Paso,401,98,100,100,0
El Paso,401,99,100,100,0
El Paso,602,1,3,3,0
El Paso,602,10,2,2,0
El Paso,602,11,1,1,0
El Paso,602,12,13,13,0
El Paso,602,13,7,7,0
El Paso,602,14,2,2,0
El Paso,602,15,3,3,0
El Paso,602,16,28,28,0
El Paso,602,17,5,5,0
El Paso,602,18,2,2,0
El Paso,602,19,8,8,0
El Paso,602,2,1,1,0
El Paso,602,20,6,6,0
El Paso,602,21,9,9,0
El Paso,602,22,1,1,0
El Paso,602,23,15,15,0
El Paso,602,24,1,1,0
El Paso,602,25,7,7,0
El Paso,602,26,4,4,0
El Paso,602,27,1,1,0
El Paso,602,28,18,18,0
El Paso,602,29,8,8,0
El Paso,602,3,2,2,0
El Paso,602,30,9,9,0
El Paso,602,31,4,4,0
El Paso,602,32,18,18,0
El Paso,602,33,1,1,0
El Paso,602,34,5,5,0
El Paso,602,35,10,10,0
El Paso,602,36,2,2,0
El Paso,602,37,15,15,0
El Paso,602,38,5,5,0
El Paso,602,39,14,14,0
El Paso,602,4,1,1,0
El Paso,602,40,8,8,0
El Paso,602,41,8,8,0
El Paso,602,42,3,3,0
El Paso,602,43,40,40,0
El Paso,602,44,11,11,0
El Paso,602,45,47,47,0
El Paso,602,46,34,34,0
El Paso,602,47,36,36,0
El Paso,602,48,30,30,0
El Paso,602,49,34,34,0
El Paso,602,5,5,5,0
El Paso,602,50,2,2,0
El Paso,602,51,69,69,0
El Paso,602,52,15,15,0
El Paso,602,53,12,12,0
El Paso,602,54,22,22,0
El Paso,602,55,127,127,0
El Paso,602,56,136,136,0
El Paso,602,57,123,123,0
El Paso,602,58,111,111,0
El Paso,602,59,118,118,0
El Paso,602,6,5,5,0
El Paso,602,60,59,59,0
El Paso,602,61,78,78,0
El Paso,602,62,126,126,0
El Paso,602,63,125,125,0
El Paso,602,64,119,119,0
El Paso,602,65,133,133,0
El Paso,602,66,68,68,0
El Paso,602,67,109,109,0
El Paso,602,68,109,109,0
El Paso,602,69,96,96,0
El Paso,602,7,3,3,0
El Paso,602,70,140,140,0
El Paso,602,71,122,122,0
El Paso,602,72,2,2,0
El Paso,602,8,6,6,0
El Paso,602,9,29,29,0
Fremont,101,1,25,25,0
Fremont,101,10,25,25,0
Fremont,101,100,25,25,0
Fremont,101,101,25,25,0
Fremont,101,102,25,25,0
Fremont,101,103,25,25,0
Fremont,101,104,25,25,0
Fremont,101,105,25,25,0
Fremont,101,106,25,25,0
Fremont,101,107,25,25,0
Fremont,101,108,25,25,0
Fremont,101,109,25,25,0
Fremont,101,11,25,25,0
Fremont,101,110,25,25,0
Fremont,101,111,25,25,0
Fremont,101,112,25,25,0
Fremont,101,113,25,25,0
Fremont,101,114,25,25,0
Fremont,101,115,25,25,0
Fremont,101,116,25,25,0
Fremont,101,117,25,25,0
Fremont,101,118,25,25,0
Fremont,101,119,25,25,0
Fremont,101,12,25,25,0
Fremont,101,120,25,25,0
Fremont,101,121,25,25,0
Fremont,101,122,25,25,0
Fremont,101,123,25,25,0
Fremont,101,124,25,25,0
Fremont,101,125,25,25,0
Fremont,101,126,25,25,0
Fremont,101,127,25,25,0
Fremont,101,128,25,25,0
Fremont,101,129,25,25,0
Fremont,101,13,25,25,0
Fremont,101,130,25,25,0
Fremont,101,131,25,25,0
Fremont,101,132,25,25,0
Fremont,101,133,25,25,0
Fremont,101,134,25,25,0
Fremont,101,135,25,25,0
Fremont,101,136,25,25,0
Fremont,101,137,25,25,0
Fremont,101,138,25,25,0
Fremont,101,139,25,25,0
Fremont,101,14,25,25,0
Fremont,101,140,25,25,0
Fremont,101,141,25,25,0
Fremont,101,142,25,25,0
Fremont,101,143,25,25,0
Fremont,101,144,25,25,0
Fremont,101,145,25,25,0
Fremont,101,146,25,25,0
Fremont,101,147,25,25,0
Fremont,101,148,25,25,0
Fremont,101,149,25,25,0
Fremont,101,15,25,25,0
Fremont,101,150,25,25,0
Fremont,101,151,25,25,0
Fremont,101,152,25,25,0
Fremont,101,153,25,25,0
Fremont,101,154,25,25,0
Fremont,101,155,25,25,0
Fremont,101,156,25,25,0
Fremont,101,157,25,25,0
Fremont,101,158,25,25,0
Fremont,101,159,25,25,0
Fremont,101,16,25,25,0
Fremont,101,160,25,25,0
Fremont,101,161,25,25,0
Fremont,101,162,25,25,0
Fremont,101,163,25,25,0
Fremont,101,164,25,25,0
Fremont,101,165,25,25,0
Fremont,101,166,25,25,0
Fremont,101,167,25,25,0
Fremont,101,168,25,25,0
Fremont,101,169,25,25,0
Fremont,101,17,25,25,0
Fremont,101,170,25,25,0
Fremont,101,171,25,25,0
Fremont,101,172,25,25,0
Fremont,101,173,25,25,0
Fremont,101,174,25,25,0
Fremont,101,175,25,25,0
Fremont,101,176,25,25,0
Fremont,101,177,25,25,0
Fremont,101,178,25,25,0
Fremont,101,179,25,25,0
Fremont,101,18,25,25,0
Fremont,101,180,25,25,0
Fremont,101,181,25,25,0
Fremont,101,182,25,25,0
Fremont,101,183,25,25,0
Fremont,101,184,25,25,0
Fremont,101,185,25,25,0
Fremont,101,186,25,25,0
Fremont,101,187,25,25,0
Fremont,101,188,25,25,0
Fremont,101,189,25,25,0
Fremont,101,19,25,25,0
Fremont,101,190,25,25,0
Fremont,101,191,25,25,0
Fremont,101,192,25,25,0
Fremont,101,193,25,25,0
Fremont,101,194,25,25,0
Fremont,101,195,25,25,0
Fremont,101,196,25,25,0
Fremont,101,197,25,25,0
Fremont,101,198,25,25,0
Fremont,101,199,25,25,0
Fremont,101,2,25,25,0
Fremont,101,20,25,25,0
Fremont,101,200,25,25,0
Fremont,101,201,25,25,0
Fremont,101,202,25,25,0
Fremont,101,203,25,25,0
Fremont,101,204,25,25,0
Fremont,101,205,25,25,0
Fremont,101,206,25,25,0
Fremont,101,207,25,25,0
Fremont,101,208,25,25,0
Fremont,101,209,25,25,0
Fremont,101,21,25,25,0
Fremont,101,210,25,25,0
Fremont,101,211,25,25,0
Fremont,101,212,25,25,0
Fremont,101,213,25,25,0
Fremont,101,214,25,25,0
Fremont,101,215,25,25,0
Fremont,101,216,25,25,0
Fremont,101,217,25,25,0
Fremont,101,218,25,25,0
Fremont,101,219,25,25,0
Fremont,101,22,25,25,0
Fremont,101,220,25,25,0
Fremont,101,221,25,25,0
Fremont,101,222,25,25,0
Fremont,101,223,25,25,0
Fremont,101,224,25,25,0
Fremont,101,225,25,25,0
Fremont,101,226,25,25,0
Fremont,101,227,25,25,0
Fremont,101,228,25,25,0
Fremont,101,229,25,25,0
Fremont,101,23,25,25,0
Fremont,101,230,25,25,0
Fremont,101,231,25,25,0
Fremont,101,232,25,25,0
Fremont,101,233,25,25,0
Fremont,101,234,25,25,0
Fremont,101,235,25,25,0
Fremont,101,236,25,25,0
Fremont,101,237,25,25,0
Fremont,101,238,25,25,0
Fremont,101,239,25,25,0
Fremont,101,24,25,25,0
Fremont,101,240,25,25,0
Fremont,101,241,25,25,0
Fremont,101,242,25,25,0
Fremont,101,243,25,25,0
Fremont,101,244,25,25,0
Fremont,101,245,25,25,0
Fremont,101,246,25,25,0
Fremont,101,247,25,25,0
Fremont,101,248,25,25,0
Fremont,101,249,25,25,0
Fremont,101,25,25,25,0
Fremont,101,250,25,25,0
Fremont,101,251,25,25,0
Fremont,101,252,25,25,0
Fremont,101,253,25,25,0
Fremont,101,254,25,25,0
Fremont,101,255,25,25,0
Fremont,101,256,25,25,0
Fremont,101,257,25,25,0
Fremont,101,258,25,25,0
Fremont,101,259,25,25,0
Fremont,101,26,25,25,0
Fremont,101,260,25,25,0
Fremont,101,261,25,25,0
Fremont,101,262,25,25,0
Fremont,101,263,25,25,0
Fremont,101,264,25,25,0
Fremont,101,265,25,25,0
Fremont,101,266,25,25,0
Fremont,101,267,25,25,0
Fremont,101,268,25,25,0
Fremont,101,269,25,25,0
Fremont,101,27,25,25,0
Fremont,101,270,25,25,0
Fremont,101,271,25,25,0
Fremont,101,272,25,25,0
Fremont,101,273,25,25,0
Fremont,101,274,25,25,0
Fremont,101,275,25,25,0
Fremont,101,276,25,25,0
Fremont,101,277,25,25,0
Fremont,101,278,25,25,0
Fremont,101,279,25,25,0
Fremont,101,28,25,25,0
Fremont,101,280,25,25,0
Fremont,101,281,25,25,0
Fremont,101,282,25,25,0
Fremont,101,283,25,25,0
Fremont,101,284,25,25,0
Fremont,101,285,25,25,0
Fremont,101,286,25,25,0
Fremont,101,287,25,25,0
Fremont,101,288,25,25,0
Fremont,101,289,25,25,0
Fremont,101,29,25,25,0
Fremont,101,290,25,25,0
Fremont,101,291,25,25,0
Fremont,101,292,25,25,0
Fremont,101,293,25,25,0
Fremont,101,294,25,25,0
Fremont,101,295,25,25,0
Fremont,101,296,25,25,0
Fremont,101,297,25,25,0
Fremont,101,298,25,25,0
Fremont,101,299,25,25,0
Fremont,101,3,25,25,0
Fremont,101,30,25,25,0
Fremont,101,300,25,25,0
Fremont,101,301,25,25,0
Fremont,101,302,25,25,0
Fremont,101,303,25,25,0
Fremont,101,304,25,25,0
Fremont,101,305,25,25,0
Fremont,101,306,25,25,0
Fremont,101,307,25,25,0
Fremont,101,308,25,25,0
Fremont,101,309,25,25,0
Fremont,101,31,25,25,0
Fremont,101,310,25,25,0
Fremont,101,311,25,25,0
Fremont,101,312,25,25,0
Fremont,101,313,25,25,0
Fremont,101,314,25,25,0
Fremont,101,315,25,25,0
Fremont,101,316,25,25,0
Fremont,101,317,25,25,0
Fremont,101,318,25,25,0
Fremont,101,319,25,25,0
Fremont,101,32,25,25,0
Fremont,101,320,25,25,0
Fremont,101,321,25,25,0
Fremont,101,322,25,25,0
Fremont,101,323,25,25,0
Fremont,101,324,25,25,0
Fremont,101,325,25,25,0
Fremont,101,326,25,25,0
Fremont,101,327,25,25,0
Fremont,101,328,25,25,0
Fremont,101,329,25,25,0
Fremont,101,33,25,25,0
Fremont,101,330,25,25,0
Fremont,101,331,25,25,0
Fremont,101,332,25,25,0
Fremont,101,333,25,25,0
Fremont,101,334,25,25,0
Fremont,101,335,25,25,0
Fremont,101,336,25,25,0
Fremont,101,337,25,25,0
Fremont,101,338,25,25,0
Fremont,101,339,25,25,0
Fremont,101,34,25,25,0
Fremont,101,340,25,25,0
Fremont,101,341,25,25,0
Fremont,101,342,25,25,0
Fremont,101,343,25,25,0
Fremont,101,344,25,25,0
Fremont,101,345,25,25,0
Fremont,101,346,25,25,0
Fremont,101,347,25,25,0
Fremont,101,348,25,25,0
Fremont,101,349,25,25,0
Fremont,101,35,25,25,0
Fremont,101,350,25,25,0
Fremont,101,351,25,25,0
Fremont,101,352,25,25,0
Fremont,101,353,25,25,0
Fremont,101,354,25,25,0
Fremont,101,355,25,25,0
Fremont,101,356,25,25,0
Fremont,101,357,25,25,0
Fremont,101,358,25,25,0
Fremont,101,359,25,25,0
Fremont,101,36,25,25,0
Fremont,101,360,25,25,0
Fremont,101,361,25,25,0
Fremont,101,362,25,25,0
Fremont,101,363,25,25,0
Fremont,101,364,25,25,0
Fremont,101,365,25,25,0
Fremont,101,366,25,25,0
Fremont,101,367,25,25,0
Fremont,101,368,25,25,0
Fremont,101,369,25,25,0
Fremont,101,37,25,25,0
Fremont,101,370,25,25,0
Fremont,101,371,25,25,0
Fremont,101,372,25,25,0
Fremont,101,373,25,25,0
Fremont,101,374,25,25,0
Fremont,101,375,25,25,0
Fremont,101,376,25,25,0
Fremont,101,377,25,25,0
Fremont,101,378,25,25,0
Fremont,101,379,25,25,0
Fremont,101,38,25,25,0
Fremont,101,380,25,25,0
Fremont,101,381,25,25,0
Fremont,101,382,25,25,0
Fremont,101,383,25,25,0
Fremont,101,384,25,25,0
Fremont,101,385,25,25,0
Fremont,101,386,25,25,0
Fremont,101,387,25,25,0
Fremont,101,388,25,25,0
Fremont,101,389,25,25,0
Fremont,101,39,25,25,0
Fremont,101,390,25,25,0
Fremont,101,391,25,25,0
Fremont,101,392,25,25,0
Fremont,101,393,25,25,0
Fremont,101,394,25,25,0
Fremont,101,395,25,25,0
Fremont,101,396,25,25,0
Fremont,101,397,25,25,0
Fremont,101,398,25,25,0
Fremont,101,399,25,25,0
Fremont,101,4,25,25,0
Fremont,101,40,25,25,0
Fremont,101,400,25,25,0
Fremont,101,401,25,25,0
Fremont,101,402,25,25,0
Fremont,101,403,25,25,0
Fremont,101,404,25,25,0
Fremont,101,405,25,25,0
Fremont,101,406,25,25,0
Fremont,101,407,25,25,0
Fremont,101,408,25,25,0
Fremont,101,409,25,25,0
Fremont,101,41,25,25,0
Fremont,101,410,25,25,0
Fremont,101,411,25,25,0
Fremont,101,412,25,25,0
Fremont,101,413,25,25,0
Fremont,101,414,25,25,0
Fremont,101,415,25,25,0
Fremont,101,416,25,25,0
Fremont,101,417,25,25,0
Fremont,101,418,25,25,0
Fremont,101,419,25,25,0
Fremont,101,42,25,25,0
Fremont,101,420,25,25,0
Fremont,101,421,25,25,0
Fremont,101,422,25,25,0
Fremont,101,423,25,25,0
Fremont,101,424,25,25,0
Fremont,101,425,25,25,0
Fremont,101,426,25,25,0
Fremont,101,427,25,25,0
Fremont,101,428,25,25,0
Fremont,101,429,25,25,0
Fremont,101,43,25,25,0
Fremont,101,430,25,25,0
Fremont,101,431,25,25,0
Fremont,101,432,25,25,0
Fremont,101,433,25,25,0
Fremont,101,434,25,25,0
Fremont,101,435,25,25,0
Fremont,101,436,25,25,0
Fremont,101,437,25,25,0
Fremont,101,438,25,25,0
Fremont,101,439,25,25,0
Fremont,101,44,25,25,0
Fremont,101,440,25,25,0
Fremont,101,441,25,25,0
Fremont,101,442,25,25,0
Fremont,101,443,25,25,0
Fremont,101,444,25,25,0
Fremont,101,445,25,25,0
Fremont,101,446,25,25,0
Fremont,101,447,25,25,0
Fremont,101,448,25,25,0
Fremont,101,449,25,25,0
Fremont,101,45,25,25,0
Fremont,101,450,25,25,0
Fremont,101,451,25,25,0
Fremont,101,452,25,25,0
Fremont,101,453,25,25,0
Fremont,101,454,25,25,0
Fremont,101,455,25,25,0
Fremont,101,456,25,25,0
Fremont,101,457,25,25,0
Fremont,101,458,25,25,0
Fremont,101,459,25,25,0
Fremont,101,46,25,25,0
Fremont,101,460,25,25,0
Fremont,101,461,25,25,0
Fremont,101,462,25,25,0
Fremont,101,463,25,25,0
Fremont,101,464,25,25,0
Fremont,101,465,25,25,0
Fremont,101,466,25,25,0
Fremont,101,467,25,25,0
Fremont,101,468,25,25,0
Fremont,101,469,25,25,0
Fremont,101,47,25,25,0
Fremont,101,470,25,25,0
Fremont,101,471,25,25,0
Fremont,101,472,25,25,0
Fremont,101,473,25,25,0
Fremont,101,474,25,25,0
Fremont,101,475,25,25,0
Fremont,101,476,25,25,0
Fremont,101,477,25,25,0
Fremont,101,478,25,25,0
Fremont,101,479,25,25,0
Fremont,101,48,25,25,0
Fremont,101,480,25,25,0
Fremont,101,481,25,25,0
Fremont,101,482,25,25,0
Fremont,101,483,25,25,0
Fremont,101,484,25,25,0
Fremont,101,485,25,25,0
Fremont,101,486,25,25,0
Fremont,101,487,25,25,0
Fremont,101,488,25,25,0
Fremont,101,489,25,25,0
Fremont,101,49,25,25,0
Fremont,101,490,25,25,0
Fremont,101,491,25,25,0
Fremont,101,492,25,25,0
Fremont,101,493,25,25,0
Fremont,101,494,25,25,0
Fremont,101,495,25,25,0
Fremont,101,496,25,25,0
Fremont,101,497,25,25,0
Fremont,101,498,25,25,0
Fremont,101,499,25,25,0
Fremont,101,5,25,25,0
Fremont,101,50,25,25,0
Fremont,101,500,25,25,0
Fremont,101,501,25,25,0
Fremont,101,502,25,25,0
Fremont,101,503,25,25,0
Fremont,101,504,25,25,0
Fremont,101,505,25,25,0
Fremont,101,506,25,25,0
Fremont,101,507,25,25,0
Fremont,101,508,25,25,0
Fremont,101,509,25,25,0
Fremont,101,51,25,25,0
Fremont,101,510,25,25,0
Fremont,101,511,25,25,0
Fremont,101,512,25,25,0
Fremont,101,513,25,25,0
Fremont,101,514,25,25,0
Fremont,101,515,25,25,0
Fremont,101,516,25,25,0
Fremont,101,517,25,25,0
Fremont,101,518,25,25,0
Fremont,101,519,25,25,0
Fremont,101,52,25,25,0
Fremont,101,520,25,25,0
Fremont,101,521,25,25,0
Fremont,101,522,25,25,0
Fremont,101,523,25,25,0
Fremont,101,524,25,25,0
Fremont,101,525,25,25,0
Fremont,101,526,25,25,0
Fremont,101,527,25,25,0
Fremont,101,528,25,25,0
Fremont,101,529,25,25,0
Fremont,101,53,25,25,0
Fremont,101,530,25,25,0
Fremont,101,531,25,25,0
Fremont,101,532,25,25,0
Fremont,101,533,25,25,0
Fremont,101,534,25,25,0
Fremont,101,535,25,25,0
Fremont,101,536,25,25,0
Fremont,101,537,25,25,0
Fremont,101,538,25,25,0
Fremont,101,539,25,25,0
Fremont,101,54,25,25,0
Fremont,101,540,25,25,0
Fremont,101,541,25,25,0
Fremont,101,542,25,25,0
Fremont,101,543,25,25,0
Fremont,101,544,25,25,0
Fremont,101,545,25,25,0
Fremont,101,546,25,25,0
Fremont,101,547,25,25,0
Fremont,101,548,25,25,0
Fremont,101,549,25,25,0
Fremont,101,55,25,25,0
Fremont,101,550,25,25,0
Fremont,101,551,25,25,0
Fremont,101,552,25,25,0
Fremont,101,553,25,25,0
Fremont,101,554,25,25,0
Fremont,101,555,25,25,0
Fremont,101,556,25,25,0
Fremont,101,557,25,25,0
Fremont,101,558,25,25,0
Fremont,101,559,25,25,0
Fremont,101,56,25,25,0
Fremont,101,560,25,25,0
Fremont,101,561,25,25,0
Fremont,101,562,25,25,0
Fremont,101,563,25,25,0
Fremont,101,564,15,15,0
Fremont,101,565,25,25,0
Fremont,101,566,25,25,0
Fremont,101,567,25,25,0
Fremont,101,568,25,25,0
Fremont,101,569,25,25,0
Fremont,101,57,25,25,0
Fremont,101,570,25,25,0
Fremont,101,571,25,25,0
Fremont,101,572,25,25,0
Fremont,101,573,23,23,0
Fremont,101,574,25,25,0
Fremont,101,575,25,25,0
Fremont,101,576,25,25,0
Fremont,101,577,19,19,0
Fremont,101,578,7,7,0
Fremont,101,58,25,25,0
Fremont,101,59,25,25,0
Fremont,101,6,25,25,0
Fremont,101,60,25,25,0
Fremont,101,61,25,25,0
Fremont,101,62,25,25,0
Fremont,101,63,25,25,0
Fremont,101,64,25,25,0
Fremont,101,65,25,25,0
Fremont,101,66,25,25,0
Fremont,101,67,25,25,0
Fremont,101,68,25,25,0
Fremont,101,69,25,25,0
Fremont,101,7,25,25,0
Fremont,101,70,25,25,0
Fremont,101,71,25,25,0
Fremont,101,72,25,25,0
Fremont,101,73,25,25,0
Fremont,101,74,25,25,0
Fremont,101,75,25,25,0
Fremont,101,76,25,25,0
Fremont,101,77,25,25,0
Fremont,101,78,25,25,0
Fremont,101,79,25,25,0
Fremont,101,8,25,25,0
Fremont,101,80,25,25,0
Fremont,101,81,25,25,0
Fremont,101,82,25,25,0
Fremont,101,83,25,25,0
Fremont,101,84,25,25,0
Fremont,101,85,25,25,0
Fremont,101,86,25,25,0
Fremont,101,87,25,25,0
Fremont,101,88,25,25,0
Fremont,101,89,25,25,0
Fremont,101,9,25,25,0
Fremont,101,90,25,25,0
Fremont,101,91,25,25,0
Fremont,101,92,25,25,0
Fremont,101,93,25,25,0
Fremont,101,94,25,25,0
Fremont,101,95,25,25,0
Fremont,101,96,25,25,0
Fremont,101,97,25,25,0
Fremont,101,98,25,25,0
Fremont,101,99,25,25,0
Garfield,1,VBM-0001,50,50,0
Garfield,1,VBM-0002,50,50,0
Garfield,1,VBM-0003,50,50,0
Garfield,1,VBM-0004,50,50,0
Garfield,1,VBM-0005,50,50,0
Garfield,1,VBM-0006,50,50,0
Garfield,1,VBM-0007,50,50,0
Garfield,1,VBM-0008,50,50,0
Garfield,1,VBM-0009,50,50,0
Garfield,1,VBM-0010,50,50,0
Garfield,1,VBM-0011,50,50,0
Garfield,1,VBM-0012,50,50,0
Garfield,1,VBM-0013,50,50,0
Garfield,1,VBM-0014,50,50,0
Garfield,1,VBM-0015,50,50,0
Garfield,1,VBM-0016,50,50,0
Garfield,1,VBM-0017,50,50,0
Garfield,1,VBM-0018,50,50,0
Garfield,1,VBM-0019,50,50,0
Garfield,1,VBM-0020,50,50,0
Garfield,1,VBM-0021,50,50,0
Garfield,1,VBM-0022,50,50,0
Garfield,1,VBM-0023,50,50,0
Garfield,1,VBM-0024,50,50,0
Garfield,1,VBM-0025,50,50,0
Garfield,1,VBM-0026,50,50,0
Garfield,1,VBM-0027,50,50,0
Garfield,1,VBM-0028,50,50,0
Garfield,1,VBM-0029,50,50,0
Garfield,1,VBM-0030,50,50,0
Garfield,1,VBM-0031,50,50,0
Garfield,1,VBM-0032,50,50,0
Garfield,1,VBM-0033,50,50,0
Garfield,1,VBM-0034,50,50,0
Garfield,1,VBM-0035,50,50,0
Garfield,1,VBM-0036,50,50,0
Garfield,1,VBM-0037,50,50,0
Garfield,1,VBM-0038,50,50,0
Garfield,1,VBM-0039,50,50,0
Garfield,1,VBM-0040,50,50,0
Garfield,1,VBM-0041,50,50,0
Garfield,1,VBM-0042,50,50,0
Garfield,1,VBM-0043,50,50,0
Garfield,1,VBM-0044,50,50,0
Garfield,1,VBM-0045,50,50,0
Garfield,1,VBM-0046,50,50,0
Garfield,1,VBM-0047,50,50,0
Garfield,1,VBM-0048,50,50,0
Garfield,1,VBM-0049,50,50,0
Garfield,1,VBM-0050,50,50,0
Garfield,1,VBM-0051,50,50,0
Garfield,1,VBM-0052,50,50,0
Garfield,1,VBM-0053,50,50,0
Garfield,1,VBM-0054,50,50,0
Garfield,1,VBM-0055,50,50,0
Garfield,1,VBM-0056,50,50,0
Garfield,1,VBM-0057,50,50,0
Garfield,1,VBM-0058,50,50,0
Garfield,1,VBM-0059,50,50,0
Garfield,1,VBM-0060,50,50,0
Garfield,1,VBM-0061,50,50,0
Garfield,1,VBM-0062,50,50,0
Garfield,1,VBM-0063,50,50,0
Garfield,1,VBM-0064,50,50,0
Garfield,1,VBM-0065,50,50,0
Garfield,1,VBM-0066,50,50,0
Garfield,1,VBM-0067,50,50,0
Garfield,1,VBM-0068,50,50,0
Garfield,1,VBM-0069,50,50,0
Garfield,1,VBM-0070,50,50,0
Garfield,1,VBM-0071,50,50,0
Garfield,1,VBM-0072,50,50,0
Garfield,1,VBM-0073,50,50,0
Garfield,1,VBM-0074,50,50,0
Garfield,1,VBM-0075,50,50,0
Garfield,1,VBM-0076,50,50,0
Garfield,1,VBM-0077,50,50,0
Garfield,1,VBM-0078,50,50,0
Garfield,1,VBM-0079,50,50,0
Garfield,1,VBM-0080,50,50,0
Garfield,1,VBM-0081,50,50,0
Garfield,1,VBM-0082,50,50,0
Garfield,1,VBM-0083,50,50,0
Garfield,1,VBM-0084,50,50,0
Garfield,1,VBM-0085,50,50,0
Garfield,1,VBM-0086,50,50,0
Garfield,1,VBM-0087,50,50,0
Garfield,1,VBM-0088,50,50,0
Garfield,1,VBM-0089,50,50,0
Garfield,1,VBM-0090,50,50,0
Garfield,1,VBM-0091,50,50,0
Garfield,1,VBM-0092,50,50,0
Garfield,1,VBM-0093,50,50,0
Garfield,1,VBM-0094,50,50,0
Garfield,1,VBM-0095,50,50,0
Garfield,1,VBM-0096,50,50,0
Garfield,1,VBM-0097,50,50,0
Garfield,1,VBM-0098,50,50,0
Garfield,1,VBM-0099,50,50,0
Garfield,1,VBM-0100,50,50,0
Garfield,1,VBM-0101,50,50,0
Garfield,1,VBM-0102,50,50,0
Garfield,1,VBM-0103,50,50,0
Garfield,1,VBM-0104,50,50,0
Garfield,1,VBM-0105,50,50,0
Garfield,1,VBM-0106,50,50,0
Garfield,1,VBM-0107,50,50,0
Garfield,1,VBM-0108,50,50,0
Garfield,1,VBM-0109,50,50,0
Garfield,1,VBM-0110,50,50,0
Garfield,1,VBM-0111,50,50,0
Garfield,1,VBM-0112,50,50,0
Garfield,1,VBM-0113,50,50,0
Garfield,1,VBM-0114,50,50,0
Garfield,1,VBM-0115,50,50,0
Garfield,1,VBM-0116,50,50,0
Garfield,1,VBM-0117,50,50,0
Garfield,1,VBM-0118,50,50,0
Garfield,1,VBM-0119,50,50,0
Garfield,1,VBM-0120,50,50,0
Garfield,1,VBM-0121,50,50,0
Garfield,1,VBM-0122,50,50,0
Garfield,1,VBM-0123,50,50,0
Garfield,1,VBM-0124,50,50,0
Garfield,1,VBM-0125,50,50,0
Garfield,1,VBM-0126,50,50,0
Garfield,1,VBM-0127,50,50,0
Garfield,1,VBM-0128,50,50,0
Garfield,1,VBM-0129,50,50,0
Garfield,1,VBM-0130,50,50,0
Garfield,1,VBM-0131,50,50,0
Garfield,1,VBM-0132,50,50,0
Garfield,1,VBM-0133,50,50,0
Garfield,1,VBM-0134,50,50,0
Garfield,1,VBM-0135,50,50,0
Garfield,1,VBM-0136,50,50,0
Garfield,1,VBM-0137,50,50,0
Garfield,1,VBM-0138,50,50,0
Garfield,1,VBM-0139,50,50,0
Garfield,1,VBM-0140,50,50,0
Garfield,1,VBM-0141,50,50,0
Garfield,1,VBM-0142,50,50,0
Garfield,1,VBM-0143,50,50,0
Garfield,1,VBM-0144,50,50,0
Garfield,1,VBM-0145,50,50,0
Garfield,1,VBM-0146,50,50,0
Garfield,1,VBM-0147,50,50,0
Garfield,1,VBM-0148,50,50,0
Garfield,1,VBM-0149,50,50,0
Garfield,1,VBM-0150,50,50,0
Garfield,1,VBM-0151,50,50,0
Garfield,1,VBM-0152,50,50,0
Garfield,1,VBM-0153,50,50,0
Garfield,1,VBM-0154,50,50,0
Garfield,1,VBM-0155,50,50,0
Garfield,1,VBM-0156,50,50,0
Garfield,1,VBM-0157,50,50,0
Garfield,1,VBM-0158,50,50,0
Garfield,1,VBM-0159,50,50,0
Garfield,1,VBM-0160,50,50,0
Garfield,1,VBM-0161,50,50,0
Garfield,1,VBM-0162,50,50,0
Garfield,1,VBM-0163,50,50,0
Garfield,1,VBM-0164,50,50,0
Garfield,1,VBM-0165,50,50,0
Garfield,1,VBM-0166,50,50,0
Garfield,1,VBM-0167,50,50,0
Garfield,1,VBM-0168,50,50,0
Garfield,1,VBM-0169,50,50,0
Garfield,1,VBM-0170,50,50,0
Garfield,1,VBM-0171,50,50,0
Garfield,1,VBM-0172,50,50,0
Garfield,1,VBM-0173,50,50,0
Garfield,1,VBM-0174,50,50,0
Garfield,1,VBM-0175,50,50,0
Garfield,1,VBM-0176,50,50,0
Garfield,1,VBM-0177,50,50,0
Garfield,1,VBM-0178,50,50,0
Garfield,1,VBM-0179,50,50,0
Garfield,1,VBM-0180,50,50,0
Garfield,1,VBM-0181,50,50,0
Garfield,1,VBM-0182,50,50,0
Garfield,1,VBM-0183,50,50,0
Garfield,1,VBM-0184,50,50,0
Garfield,1,VBM-0185,50,50,0
Garfield,1,VBM-0186,50,50,0
Garfield,1,VBM-0187,50,50,0
Garfield,1,VBM-0188,50,50,0
Garfield,1,VBM-0189,50,50,0
Garfield,1,VBM-0190,50,50,0
Garfield,1,VBM-0191,50,50,0
Garfield,1,VBM-0192,50,50,0
Garfield,1,VBM-0193,50,50,0
Garfield,1,VBM-0194,50,50,0
Garfield,1,VBM-0195,50,50,0
Garfield,1,VBM-0196,50,50,0
Garfield,1,VBM-0197,50,50,0
Garfield,1,VBM-0198,50,50,0
Garfield,1,VBM-0199,50,50,0
Garfield,1,VBM-0200,50,50,0
Garfield,1,VBM-0201,50,50,0
Garfield,1,VBM-0202,50,50,0
Garfield,1,VBM-0203,50,50,0
Garfield,1,VBM-0204,50,50,0
Garfield,1,VBM-0205,50,50,0
Garfield,1,VBM-0206,50,50,0
Garfield,1,VBM-0207,50,50,0
Garfield,1,VBM-0208,50,50,0
Garfield,1,VBM-0209,50,50,0
Garfield,1,VBM-0210,50,50,0
Garfield,1,VBM-0211,50,50,0
Garfield,1,VBM-0212,50,50,0
Garfield,1,VBM-0213,50,50,0
Garfield,1,VBM-0214,50,50,0
Garfield,1,VBM-0215,50,50,0
Garfield,1,VBM-0216,50,50,0
Garfield,1,VBM-0217,50,50,0
Garfield,1,VBM-0218,50,50,0
Garfield,1,VBM-0219,50,50,0
Garfield,1,VBM-0220,50,50,0
Garfield,1,VBM-0221,50,50,0
Garfield,1,VBM-0222,50,50,0
Garfield,1,VBM-0223,50,50,0
Garfield,1,VBM-0224,50,50,0
Garfield,1,VBM-0225,50,50,0
Garfield,1,VBM-0226,50,50,0
Garfield,1,VBM-0227,50,50,0
Garfield,1,VBM-0228,50,50,0
Garfield,1,VBM-0229,50,50,0
Garfield,1,VBM-0230,50,50,0
Garfield,1,VBM-0231,50,50,0
Garfield,1,VBM-0232,50,50,0
Garfield,1,VBM-0233,50,50,0
Garfield,1,VBM-0234,50,50,0
Garfield,1,VBM-0235,50,50,0
Garfield,1,VBM-0236,50,50,0
Garfield,1,VBM-0237,50,50,0
Garfield,1,VBM-0238,50,50,0
Garfield,1,VBM-0239,50,50,0
Garfield,1,VBM-0240,50,50,0
Garfield,1,VBM-0241,50,50,0
Garfield,1,VBM-0242,50,50,0
Garfield,1,VBM-0243,50,50,0
Garfield,1,VBM-0244,50,50,0
Garfield,1,VBM-0245,50,50,0
Garfield,1,VBM-0246,50,50,0
Garfield,1,VBM-0247,50,50,0
Garfield,1,VBM-0248,50,50,0
Garfield,1,VBM-0249,50,50,0
Garfield,1,VBM-0250,50,50,0
Garfield,1,VBM-0251,50,50,0
Garfield,1,VBM-0252,50,50,0
Garfield,1,VBM-0253,50,50,0
Garfield,1,VBM-0254,50,50,0
Garfield,1,VBM-0255,50,50,0
Garfield,1,VBM-0256,50,50,0
Garfield,1,VBM-0257,50,50,0
Garfield,1,VBM-0258,50,50,0
Garfield,1,VBM-0259,50,50,0
Garfield,1,VBM-0260,50,50,0
Garfield,1,VBM-0261,50,50,0
Garfield,1,VBM-0262,50,50,0
Garfield,1,VBM-0263,50,50,0
Garfield,1,VBM-0264,50,50,0
Garfield,1,VBM-0265,50,50,0
Garfield,1,VBM-0266,50,50,0
Garfield,1,VBM-0267,50,50,0
Garfield,1,VBM-0268,50,50,0
Garfield,1,VBM-0269,50,50,0
Garfield,1,VBM-0270,50,50,0
Garfield,1,VBM-0271,50,50,0
Garfield,1,VBM-0272,50,50,0
Garfield,1,VBM-0273,50,50,0
Garfield,1,VBM-0274,50,50,0
Garfield,1,VBM-0275,50,50,0
Garfield,1,VBM-0276,50,50,0
Garfield,1,VBM-0277,50,50,0
Garfield,1,VBM-0278,50,50,0
Garfield,1,VBM-0279,50,50,0
Garfield,1,VBM-0280,50,50,0
Garfield,1,VBM-0281,50,50,0
Garfield,1,VBM-0282,50,50,0
Garfield,1,VBM-0283,50,50,0
Garfield,1,VBM-0284,50,50,0
Garfield,1,VBM-0285,50,50,0
Garfield,1,VBM-0286,27,27,0
Gilpin,103,1,25,25,0
Gilpin,103,10,25,25,0
Gilpin,103,11,25,25,0
Gilpin,103,12,25,25,0
Gilpin,103,13,25,25,0
Gilpin,103,14,25,25,0
Gilpin,103,15,25,25,0
Gilpin,103,16,25,25,0
Gilpin,103,17,24,24,0
Gilpin,103,18,25,25,0
Gilpin,103,19,25,25,0
Gilpin,103,2,25,25,0
Gilpin,103,20,25,25,0
Gilpin,103,21,25,25,0
Gilpin,103,22,25,25,0
Gilpin,103,23,25,25,0
Gilpin,103,24,25,25,0
Gilpin,103,25,25,25,0
Gilpin,103,26,26,26,0
Gilpin,103,27,25,25,0
Gilpin,103,28,25,25,0
Gilpin,103,29,25,25,0
Gilpin,103,3,25,25,0
Gilpin,103,30,25,25,0
Gilpin,103,31,25,25,0
Gilpin,103,32,25,25,0
Gilpin,103,33,25,25,0
Gilpin,103,34,25,25,0
Gilpin,103,35,25,25,0
Gilpin,103,36,25,25,0
Gilpin,103,37,25,25,0
Gilpin,103,38,25,25,0
Gilpin,103,39,25,25,0
Gilpin,103,4,25,25,0
Gilpin,103,40,25,25,0
Gilpin,103,41,25,25,0
Gilpin,103,42,25,25,0
Gilpin,103,43,25,25,0
Gilpin,103,44,25,25,0
Gilpin,103,45,25,25,0
Gilpin,103,46,25,25,0
Gilpin,103,47,25,25,0
Gilpin,103,48,25,25,0
Gilpin,103,49,25,25,0
Gilpin,103,5,25,25,0
Gilpin,103,50,25,25,0
Gilpin,103,51,25,25,0
Gilpin,103,52,25,25,0
Gilpin,103,53,25,25,0
Gilpin,103,54,25,25,0
Gilpin,103,55,25,25,0
Gilpin,103,56,25,25,0
Gilpin,103,57,25,25,0
Gilpin,103,58,25,25,0
Gilpin,103,59,25,25,0
Gilpin,103,6,25,25,0
Gilpin,103,60,21,21,0
Gilpin,103,61,25,25,0
Gilpin,103,62,25,25,0
Gilpin,103,63,25,25,0
Gilpin,103,64,25,25,0
Gilpin,103,65,25,25,0
Gilpin,103,66,25,25,0
Gilpin,103,67,25,25,0
Gilpin,103,68,25,25,0
Gilpin,103,69,25,25,0
Gilpin,103,7,25,25,0
Gilpin,103,70,25,25,0
Gilpin,103,71,25,25,0
Gilpin,103,72,25,25,0
Gilpin,103,73,25,25,0
Gilpin,103,74,25,25,0
Gilpin,103,75,25,25,0
Gilpin,103,76,25,25,0
Gilpin,103,77,25,25,0
Gilpin,103,78,25,25,0
Gilpin,103,79,25,25,0
Gilpin,103,8,25,25,0
Gilpin,103,80,25,25,0
Gilpin,103,81,31,31,0
Gilpin,103,9,25,25,0
Grand,101,1,100,100,0
Grand,101,10,100,100,0
Grand,101,11,100,100,0
Grand,101,12,100,100,0
Grand,101,13,100,100,0
Grand,101,14,100,100,0
Grand,101,15,100,100,0
Grand,101,16,100,100,0
Grand,101,17,100,100,0
Grand,101,18,100,100,0
Grand,101,19,100,100,0
Grand,101,2,100,100,0
Grand,101,20,94,94,0
Grand,101,21,100,100,0
Grand,101,22,100,100,0
Grand,101,23,100,100,0
Grand,101,24,100,100,0
Grand,101,25,100,100,0
Grand,101,26,100,100,0
Grand,101,27,100,100,0
Grand,101,28,100,100,0
Grand,101,29,100,100,0
Grand,101,3,100,100,0
Grand,101,30,106,106,0
Grand,101,31,100,100,0
Grand,101,32,100,100,0
Grand,101,33,100,100,0
Grand,101,34,100,100,0
Grand,101,35,100,100,0
Grand,101,36,100,100,0
Grand,101,37,100,100,0
Grand,101,38,100,100,0
Grand,101,39,100,100,0
Grand,101,4,100,100,0
Grand,101,40,100,100,0
Grand,101,41,100,100,0
Grand,101,42,100,100,0
Grand,101,43,90,90,0
Grand,101,44,110,110,0
Grand,101,45,100,100,0
Grand,101,46,100,100,0
Grand,101,47,100,100,0
Grand,101,48,90,90,0
Grand,101,49,55,55,0
Grand,101,5,100,100,0
Grand,101,6,100,100,0
Grand,101,7,100,100,0
Grand,101,8,100,100,0
Grand,101,9,100,100,0
Gunnison,103,1,49,49,0
Gunnison,103,10,25,25,0
Gunnison,103,100,27,27,0
Gunnison,103,101,10,10,0
Gunnison,103,102,28,28,0
Gunnison,103,11,48,48,0
Gunnison,103,12,49,49,0
Gunnison,103,13,48,48,0
Gunnison,103,14,47,47,0
Gunnison,103,15,48,48,0
Gunnison,103,16,50,50,0
Gunnison,103,17,50,50,0
Gunnison,103,18,50,50,0
Gunnison,103,19,50,50,0
Gunnison,103,2,50,50,0
Gunnison,103,20,50,50,0
Gunnison,103,21,50,50,0
Gunnison,103,22,50,50,0
Gunnison,103,23,50,50,0
Gunnison,103,24,49,49,0
Gunnison,103,25,49,49,0
Gunnison,103,26,48,48,0
Gunnison,103,27,48,48,0
Gunnison,103,28,49,49,0
Gunnison,103,29,47,47,0
Gunnison,103,3,49,49,0
Gunnison,103,30,49,49,0
Gunnison,103,31,43,43,0
Gunnison,103,32,49,49,0
Gunnison,103,33,50,50,0
Gunnison,103,34,50,50,0
Gunnison,103,35,50,50,0
Gunnison,103,36,51,51,0
Gunnison,103,37,50,50,0
Gunnison,103,38,50,50,0
Gunnison,103,39,45,45,0
Gunnison,103,4,50,50,0
Gunnison,103,40,50,50,0
Gunnison,103,41,49,49,0
Gunnison,103,42,50,50,0
Gunnison,103,43,50,50,0
Gunnison,103,44,50,50,0
Gunnison,103,45,50,50,0
Gunnison,103,46,50,50,0
Gunnison,103,47,50,50,0
Gunnison,103,48,50,50,0
Gunnison,103,49,50,50,0
Gunnison,103,5,49,49,0
Gunnison,103,50,50,50,0
Gunnison,103,51,50,50,0
Gunnison,103,52,50,50,0
Gunnison,103,53,48,48,0
Gunnison,103,54,49,49,0
Gunnison,103,55,50,50,0
Gunnison,103,56,45,45,0
Gunnison,103,57,49,49,0
Gunnison,103,58,50,50,0
Gunnison,103,59,50,50,0
Gunnison,103,6,50,50,0
Gunnison,103,60,49,49,0
Gunnison,103,61,48,48,0
Gunnison,103,62,47,47,0
Gunnison,103,63,47,47,0
Gunnison,103,64,50,50,0
Gunnison,103,65,50,50,0
Gunnison,103,66,49,49,0
Gunnison,103,67,46,46,0
Gunnison,103,68,47,47,0
Gunnison,103,69,14,14,0
Gunnison,103,7,50,50,0
Gunnison,103,70,49,49,0
Gunnison,103,71,50,50,0
Gunnison,103,72,50,50,0
Gunnison,103,73,50,50,0
Gunnison,103,74,49,49,0
Gunnison,103,75,49,49,0
Gunnison,103,76,48,48,0
Gunnison,103,77,48,48,0
Gunnison,103,78,50,50,0
Gunnison,103,79,50,50,0
Gunnison,103,8,45,45,0
Gunnison,103,80,47,47,0
Gunnison,103,81,50,50,0
Gunnison,103,82,50,50,0
Gunnison,103,83,50,50,0
Gunnison,103,84,47,47,0
Gunnison,103,85,49,49,0
Gunnison,103,86,47,47,0
Gunnison,103,87,50,50,0
Gunnison,103,88,50,50,0
Gunnison,103,89,45,45,0
Gunnison,103,9,50,50,0
Gunnison,103,90,47,47,0
Gunnison,103,91,46,46,0
Gunnison,103,92,49,49,0
Gunnison,103,93,48,48,0
Gunnison,103,94,50,50,0
Gunnison,103,95,50,50,0
Gunnison,103,96,47,47,0
Gunnison,103,97,49,49,0
Gunnison,103,98,50,50,0
Gunnison,103,99,48,48,0
Hinsdale,101,1,25,25,0
Hinsdale,101,10,25,25,0
Hinsdale,101,11,25,25,0
Hinsdale,101,12,25,25,0
Hinsdale,101,13,25,25,0
Hinsdale,101,14,15,15,0
Hinsdale,101,15,1,1,0
Hinsdale,101,2,25,25,0
Hinsdale,101,3,25,25,0
Hinsdale,101,4,25,25,0
Hinsdale,101,5,25,25,0
Hinsdale,101,6,25,25,0
Hinsdale,101,7,25,25,0
Hinsdale,101,8,25,25,0
Hinsdale,101,9,25,25,0
Huerfano,101,1,1,1,0
Huerfano,101,10,36,36,0
Huerfano,101,100,11,11,0
Huerfano,101,101,49,49,0
Huerfano,101,102,30,30,0
Huerfano,101,103,5,5,0
Huerfano,101,104,2,2,0
Huerfano,101,105,1,1,0
Huerfano,101,106,24,24,0
Huerfano,101,107,29,29,0
Huerfano,101,108,43,43,0
Huerfano,101,109,6,6,0
Huerfano,101,11,45,45,0
Huerfano,101,110,1,1,0
Huerfano,101,111,21,21,0
Huerfano,101,112,38,38,0
Huerfano,101,113,14,14,0
Huerfano,101,114,28,28,0
Huerfano,101,115,34,34,0
Huerfano,101,116,25,25,0
Huerfano,101,117,1,1,0
Huerfano,101,118,10,10,0
Huerfano,101,119,15,15,0
Huerfano,101,12,3,3,0
Huerfano,101,120,19,19,0
Huerfano,101,121,47,47,0
Huerfano,101,122,16,16,0
Huerfano,101,123,3,3,0
Huerfano,101,124,32,32,0
Huerfano,101,125,28,28,0
Huerfano,101,126,19,19,0
Huerfano,101,127,29,29,0
Huerfano,101,128,15,15,0
Huerfano,101,129,8,8,0
Huerfano,101,13,4,4,0
Huerfano,101,130,9,9,0
Huerfano,101,131,8,8,0
Huerfano,101,132,1,1,0
Huerfano,101,133,3,3,0
Huerfano,101,134,3,3,0
Huerfano,101,14,10,10,0
Huerfano,101,15,13,13,0
Huerfano,101,16,3,3,0
Huerfano,101,17,8,8,0
Huerfano,101,18,18,18,0
Huerfano,101,19,50,50,0
Huerfano,101,2,1,1,0
Huerfano,101,20,17,17,0
Huerfano,101,21,8,8,0
Huerfano,101,22,16,16,0
Huerfano,101,23,24,24,0
Huerfano,101,24,17,17,0
Huerfano,101,25,13,13,0
Huerfano,101,26,30,30,0
Huerfano,101,27,32,32,0
Huerfano,101,28,50,50,0
Huerfano,101,29,4,4,0
Huerfano,101,3,1,1,0
Huerfano,101,30,12,12,0
Huerfano,101,31,11,11,0
Huerfano,101,32,40,40,0
Huerfano,101,33,20,20,0
Huerfano,101,34,1,1,0
Huerfano,101,35,10,10,0
Huerfano,101,36,30,30,0
Huerfano,101,37,50,50,0
Huerfano,101,38,19,19,0
Huerfano,101,39,49,49,0
Huerfano,101,4,2,2,0
Huerfano,101,40,38,38,0
Huerfano,101,41,22,22,0
Huerfano,101,42,50,50,0
Huerfano,101,43,26,26,0
Huerfano,101,44,1,1,0
Huerfano,101,45,8,8,0
Huerfano,101,46,16,16,0
Huerfano,101,47,37,37,0
Huerfano,101,48,47,47,0
Huerfano,101,49,17,17,0
Huerfano,101,5,34,34,0
Huerfano,101,50,17,17,0
Huerfano,101,51,6,6,0
Huerfano,101,52,22,22,0
Huerfano,101,53,3,3,0
Huerfano,101,54,14,14,0
Huerfano,101,55,10,10,0
Huerfano,101,56,36,36,0
Huerfano,101,57,2,2,0
Huerfano,101,58,50,50,0
Huerfano,101,59,14,14,0
Huerfano,101,6,30,30,0
Huerfano,101,60,21,21,0
Huerfano,101,61,36,36,0
Huerfano,101,62,3,3,0
Huerfano,101,63,4,4,0
Huerfano,101,64,25,25,0
Huerfano,101,65,50,50,0
Huerfano,101,66,27,27,0
Huerfano,101,67,29,29,0
Huerfano,101,68,7,7,0
Huerfano,101,69,6,6,0
Huerfano,101,7,1,1,0
Huerfano,101,70,11,11,0
Huerfano,101,71,29,29,0
Huerfano,101,72,4,4,0
Huerfano,101,73,5,5,0
Huerfano,101,74,35,35,0
Huerfano,101,75,28,28,0
Huerfano,101,76,16,16,0
Huerfano,101,77,17,17,0
Huerfano,101,78,42,42,0
Huerfano,101,79,18,18,0
Huerfano,101,8,3,3,0
Huerfano,101,80,18,18,0
Huerfano,101,81,12,12,0
Huerfano,101,82,1,1,0
Huerfano,101,83,19,19,0
Huerfano,101,84,40,40,0
Huerfano,101,85,8,8,0
Huerfano,101,86,7,7,0
Huerfano,101,87,8,8,0
Huerfano,101,88,2,2,0
Huerfano,101,89,8,8,0
Huerfano,101,9,5,5,0
Huerfano,101,90,12,12,0
Huerfano,101,91,50,50,0
Huerfano,101,92,49,49,0
Huerfano,101,93,24,24,0
Huerfano,101,94,4,4,0
Huerfano,101,95,10,10,0
Huerfano,101,96,33,33,0
Huerfano,101,97,23,23,0
Huerfano,101,98,41,41,0
Huerfano,101,99,8,8,0
Jackson,101,1,25,25,0
Jackson,101,10,25,25,0
Jackson,101,11,25,25,0
Jackson,101,12,25,25,0
Jackson,101,13,25,25,0
Jackson,101,14,25,25,0
Jackson,101,15,25,25,0
Jackson,101,16,25,25,0
Jackson,101,17,25,25,0
Jackson,101,18,25,25,0
Jackson,101,19,25,25,0
Jackson,101,2,25,25,0
Jackson,101,20,25,25,0
Jackson,101,21,26,26,0
Jackson,101,3,25,25,0
Jackson,101,4,25,25,0
Jackson,101,5,25,25,0
Jackson,101,6,25,25,0
Jackson,101,7,25,25,0
Jackson,101,8,25,25,0
Jackson,101,9,25,25,0
Jefferson,101,1,199,199,0
Jefferson,101,10,200,200,0
Jefferson,101,100,200,200,0
Jefferson,101,101,191,191,0
Jefferson,101,102,200,200,0
Jefferson,101,103,200,200,0
Jefferson,101,104,200,200,0
Jefferson,101,105,200,200,0
Jefferson,101,106,200,200,0
Jefferson,101,107,195,195,0
Jefferson,101,108,200,200,0
Jefferson,101,109,199,199,0
Jefferson,101,11,200,200,0
Jefferson,101,110,199,199,0
Jefferson,101,111,199,199,0
Jefferson,101,112,200,200,0
Jefferson,101,113,200,200,0
Jefferson,101,114,200,200,0
Jefferson,101,115,200,200,0
Jefferson,101,116,200,200,0
Jefferson,101,117,169,169,0
Jefferson,101,118,200,200,0
Jefferson,101,119,162,162,0
Jefferson,101,12,200,200,0
Jefferson,101,120,200,200,0
Jefferson,101,121,199,199,0
Jefferson,101,122,200,200,0
Jefferson,101,123,196,196,0
Jefferson,101,124,200,200,0
Jefferson,101,125,199,199,0
Jefferson,101,126,196,196,0
Jefferson,101,127,197,197,0
Jefferson,101,128,170,170,0
Jefferson,101,129,200,200,0
Jefferson,101,13,200,200,0
Jefferson,101,130,197,197,0
Jefferson,101,131,198,198,0
Jefferson,101,132,200,200,0
Jefferson,101,133,200,200,0
Jefferson,101,134,200,200,0
Jefferson,101,135,200,200,0
Jefferson,101,136,181,181,0
Jefferson,101,137,200,200,0
Jefferson,101,138,199,199,0
Jefferson,101,139,200,200,0
Jefferson,101,14,200,200,0
Jefferson,101,140,191,191,0
Jefferson,101,141,200,200,0
Jefferson,101,142,199,199,0
Jefferson,101,143,200,200,0
Jefferson,101,144,200,200,0
Jefferson,101,145,200,200,0
Jefferson,101,146,200,200,0
Jefferson,101,147,200,200,0
Jefferson,101,15,200,200,0
Jefferson,101,16,200,200,0
Jefferson,101,17,200,200,0
Jefferson,101,18,200,200,0
Jefferson,101,19,200,200,0
Jefferson,101,2,188,188,0
Jefferson,101,20,196,196,0
Jefferson,101,21,182,182,0
Jefferson,101,22,200,200,0
Jefferson,101,23,200,200,0
Jefferson,101,24,200,200,0
Jefferson,101,25,186,186,0
Jefferson,101,26,200,200,0
Jefferson,101,27,200,200,0
Jefferson,101,28,200,200,0
Jefferson,101,29,200,200,0
Jefferson,101,3,200,200,0
Jefferson,101,30,200,200,0
Jefferson,101,31,200,200,0
Jefferson,101,32,200,200,0
Jefferson,101,33,199,199,0
Jefferson,101,34,200,200,0
Jefferson,101,35,200,200,0
Jefferson,101,36,200,200,0
Jefferson,101,37,200,200,0
Jefferson,101,38,200,200,0
Jefferson,101,39,200,200,0
Jefferson,101,4,200,200,0
Jefferson,101,40,199,199,0
Jefferson,101,41,200,200,0
Jefferson,101,42,192,192,0
Jefferson,101,43,200,200,0
Jefferson,101,44,200,200,0
Jefferson,101,45,192,192,0
Jefferson,101,46,200,200,0
Jefferson,101,47,198,198,0
Jefferson,101,48,198,198,0
Jefferson,101,49,200,200,0
Jefferson,101,5,200,200,0
Jefferson,101,50,200,200,0
Jefferson,101,51,300,300,0
Jefferson,101,52,197,197,0
Jefferson,101,53,200,200,0
Jefferson,101,54,200,200,0
Jefferson,101,55,193,193,0
Jefferson,101,56,200,200,0
Jefferson,101,57,198,198,0
Jefferson,101,58,200,200,0
Jefferson,101,59,196,196,0
Jefferson,101,6,200,200,0
Jefferson,101,60,200,200,0
Jefferson,101,61,300,300,0
Jefferson,101,62,200,200,0
Jefferson,101,63,200,200,0
Jefferson,101,64,199,199,0
Jefferson,101,65,200,200,0
Jefferson,101,66,182,182,0
Jefferson,101,67,200,200,0
Jefferson,101,68,200,200,0
Jefferson,101,69,200,200,0
Jefferson,101,7,184,184,0
Jefferson,101,70,200,200,0
Jefferson,101,71,300,300,0
Jefferson,101,72,200,200,0
Jefferson,101,73,198,198,0
Jefferson,101,74,200,200,0
Jefferson,101,75,176,176,0
Jefferson,101,76,199,199,0
Jefferson,101,77,200,200,0
Jefferson,101,78,200,200,0
Jefferson,101,79,200,200,0
Jefferson,101,8,200,200,0
Jefferson,101,80,189,189,0
Jefferson,101,81,200,200,0
Jefferson,101,82,200,200,0
Jefferson,101,83,200,200,0
Jefferson,101,84,199,199,0
Jefferson,101,85,197,197,0
Jefferson,101,86,199,199,0
Jefferson,101,87,200,200,0
Jefferson,101,88,175,175,0
Jefferson,101,89,189,189,0
Jefferson,101,9,200,200,0
Jefferson,101,90,200,200,0
Jefferson,101,91,200,200,0
Jefferson,101,92,200,200,0
Jefferson,101,93,200,200,0
Jefferson,101,94,189,189,0
Jefferson,101,95,200,200,0
Jefferson,101,96,206,206,0
Jefferson,101,97,200,200,0
Jefferson,101,98,198,198,0
Jefferson,101,99,200,200,0
Jefferson,102,1,210,210,0
Jefferson,102,10,200,200,0
Jefferson,102,100,198,198,0
Jefferson,102,101,200,200,0
Jefferson,102,102,200,200,0
Jefferson,102,103,223,223,0
Jefferson,102,104,195,195,0
Jefferson,102,105,200,200,0
Jefferson,102,11,200,200,0
Jefferson,102,12,200,200,0
Jefferson,102,13,200,200,0
Jefferson,102,14,200,200,0
Jefferson,102,15,196,196,0
Jefferson,102,16,200,200,0
Jefferson,102,17,200,200,0
Jefferson,102,18,200,200,0
Jefferson,102,19,200,200,0
Jefferson,102,2,200,200,0
Jefferson,102,20,200,200,0
Jefferson,102,21,200,200,0
Jefferson,102,22,200,200,0
Jefferson,102,23,200,200,0
Jefferson,102,24,200,200,0
Jefferson,102,25,200,200,0
Jefferson,102,26,200,200,0
Jefferson,102,27,200,200,0
Jefferson,102,28,200,200,0
Jefferson,102,29,200,200,0
Jefferson,102,3,199,199,0
Jefferson,102,30,200,200,0
Jefferson,102,31,200,200,0
Jefferson,102,32,200,200,0
Jefferson,102,33,200,200,0
Jefferson,102,34,200,200,0
Jefferson,102,35,200,200,0
Jefferson,102,36,200,200,0
Jefferson,102,37,200,200,0
Jefferson,102,38,213,213,0
Jefferson,102,39,200,200,0
Jefferson,102,4,200,200,0
Jefferson,102,40,200,200,0
Jefferson,102,41,200,200,0
Jefferson,102,42,200,200,0
Jefferson,102,43,200,200,0
Jefferson,102,44,196,196,0
Jefferson,102,45,200,200,0
Jefferson,102,46,200,200,0
Jefferson,102,47,200,200,0
Jefferson,102,48,200,200,0
Jefferson,102,49,197,197,0
Jefferson,102,5,200,200,0
Jefferson,102,50,199,199,0
Jefferson,102,51,200,200,0
Jefferson,102,52,200,200,0
Jefferson,102,53,200,200,0
Jefferson,102,54,200,200,0
Jefferson,102,55,200,200,0
Jefferson,102,56,199,199,0
Jefferson,102,57,200,200,0
Jefferson,102,58,200,200,0
Jefferson,102,59,200,200,0
Jefferson,102,6,199,199,0
Jefferson,102,60,200,200,0
Jefferson,102,61,200,200,0
Jefferson,102,62,200,200,0
Jefferson,102,63,160,160,0
Jefferson,102,64,200,200,0
Jefferson,102,65,192,192,0
Jefferson,102,66,198,198,0
Jefferson,102,67,277,277,0
Jefferson,102,68,200,200,0
Jefferson,102,69,200,200,0
Jefferson,102,7,200,200,0
Jefferson,102,70,200,200,0
Jefferson,102,71,200,200,0
Jefferson,102,72,200,200,0
Jefferson,102,73,200,200,0
Jefferson,102,74,200,200,0
Jefferson,102,75,200,200,0
Jefferson,102,76,200,200,0
Jefferson,102,77,200,200,0
Jefferson,102,78,225,225,0
Jefferson,102,79,200,200,0
Jefferson,102,8,228,228,0
Jefferson,102,80,199,199,0
Jefferson,102,81,254,254,0
Jefferson,102,82,206,206,0
Jefferson,102,83,234,234,0
Jefferson,102,84,199,199,0
Jefferson,102,85,200,200,0
Jefferson,102,86,200,200,0
Jefferson,102,87,200,200,0
Jefferson,102,88,200,200,0
Jefferson,102,89,199,199,0
Jefferson,102,9,200,200,0
Jefferson,102,90,200,200,0
Jefferson,102,91,200,200,0
Jefferson,102,92,200,200,0
Jefferson,102,93,200,200,0
Jefferson,102,94,200,200,0
Jefferson,102,95,200,200,0
Jefferson,102,96,200,200,0
Jefferson,102,97,200,200,0
Jefferson,102,98,200,200,0
Jefferson,102,99,200,200,0
Jefferson,103,1,198,198,0
Jefferson,103,10,200,200,0
Jefferson,103,100,200,200,0
Jefferson,103,101,189,189,0
Jefferson,103,102,200,200,0
Jefferson,103,103,200,200,0
Jefferson,103,104,224,224,0
Jefferson,103,105,200,200,0
Jefferson,103,106,200,200,0
Jefferson,103,107,200,200,0
Jefferson,103,108,199,199,0
Jefferson,103,109,200,200,0
Jefferson,103,11,182,182,0
Jefferson,103,110,197,197,0
Jefferson,103,111,200,200,0
Jefferson,103,112,200,200,0
Jefferson,103,113,234,234,0
Jefferson,103,114,200,200,0
Jefferson,103,115,199,199,0
Jefferson,103,116,200,200,0
Jefferson,103,117,229,229,0
Jefferson,103,118,200,200,0
Jefferson,103,119,251,251,0
Jefferson,103,12,200,200,0
Jefferson,103,120,200,200,0
Jefferson,103,121,200,200,0
Jefferson,103,122,199,199,0
Jefferson,103,123,200,200,0
Jefferson,103,124,200,200,0
Jefferson,103,125,200,200,0
Jefferson,103,126,200,200,0
Jefferson,103,127,200,200,0
Jefferson,103,128,200,200,0
Jefferson,103,129,200,200,0
Jefferson,103,13,200,200,0
Jefferson,103,130,200,200,0
Jefferson,103,131,200,200,0
Jefferson,103,132,200,200,0
Jefferson,103,133,198,198,0
Jefferson,103,134,216,216,0
Jefferson,103,135,181,181,0
Jefferson,103,136,200,200,0
Jefferson,103,137,200,200,0
Jefferson,103,138,200,200,0
Jefferson,103,139,196,196,0
Jefferson,103,14,200,200,0
Jefferson,103,140,200,200,0
Jefferson,103,141,200,200,0
Jefferson,103,142,197,197,0
Jefferson,103,143,200,200,0
Jefferson,103,144,184,184,0
Jefferson,103,145,198,198,0
Jefferson,103,146,200,200,0
Jefferson,103,147,200,200,0
Jefferson,103,148,199,199,0
Jefferson,103,149,200,200,0
Jefferson,103,15,200,200,0
Jefferson,103,150,200,200,0
Jefferson,103,151,199,199,0
Jefferson,103,152,200,200,0
Jefferson,103,153,200,200,0
Jefferson,103,154,200,200,0
Jefferson,103,16,200,200,0
Jefferson,103,17,200,200,0
Jefferson,103,18,200,200,0
Jefferson,103,19,200,200,0
Jefferson,103,2,197,197,0
Jefferson,103,20,199,199,0
Jefferson,103,21,200,200,0
Jefferson,103,22,200,200,0
Jefferson,103,23,200,200,0
Jefferson,103,24,200,200,0
Jefferson,103,25,200,200,0
Jefferson,103,26,199,199,0
Jefferson,103,27,200,200,0
Jefferson,103,28,200,200,0
Jefferson,103,29,198,198,0
Jefferson,103,3,200,200,0
Jefferson,103,30,230,230,0
Jefferson,103,31,200,200,0
Jefferson,103,32,185,185,0
Jefferson,103,33,200,200,0
Jefferson,103,34,200,200,0
Jefferson,103,35,200,200,0
Jefferson,103,36,197,197,0
Jefferson,103,37,197,197,0
Jefferson,103,38,199,199,0
Jefferson,103,39,200,200,0
Jefferson,103,4,198,198,0
Jefferson,103,40,200,200,0
Jefferson,103,41,200,200,0
Jefferson,103,42,200,200,0
Jefferson,103,43,200,200,0
Jefferson,103,44,200,200,0
Jefferson,103,45,203,203,0
Jefferson,103,46,200,200,0
Jefferson,103,47,200,200,0
Jefferson,103,48,195,195,0
Jefferson,103,49,196,196,0
Jefferson,103,5,190,190,0
Jefferson,103,50,200,200,0
Jefferson,103,51,200,200,0
Jefferson,103,52,200,200,0
Jefferson,103,53,200,200,0
Jefferson,103,54,200,200,0
Jefferson,103,55,199,199,0
Jefferson,103,56,205,205,0
Jefferson,103,57,200,200,0
Jefferson,103,58,200,200,0
Jefferson,103,59,200,200,0
Jefferson,103,6,195,195,0
Jefferson,103,60,200,200,0
Jefferson,103,61,246,246,0
Jefferson,103,62,197,197,0
Jefferson,103,63,204,204,0
Jefferson,103,64,200,200,0
Jefferson,103,65,200,200,0
Jefferson,103,66,200,200,0
Jefferson,103,67,200,200,0
Jefferson,103,68,196,196,0
Jefferson,103,69,174,174,0
Jefferson,103,7,200,200,0
Jefferson,103,70,200,200,0
Jefferson,103,71,200,200,0
Jefferson,103,72,199,199,0
Jefferson,103,73,199,199,0
Jefferson,103,74,200,200,0
Jefferson,103,75,263,263,0
Jefferson,103,76,200,200,0
Jefferson,103,77,200,200,0
Jefferson,103,78,200,200,0
Jefferson,103,79,200,200,0
Jefferson,103,8,231,231,0
Jefferson,103,80,193,193,0
Jefferson,103,81,200,200,0
Jefferson,103,82,200,200,0
Jefferson,103,83,200,200,0
Jefferson,103,84,200,200,0
Jefferson,103,85,200,200,0
Jefferson,103,86,200,200,0
Jefferson,103,87,208,208,0
Jefferson,103,88,200,200,0
Jefferson,103,89,199,199,0
Jefferson,103,9,200,200,0
Jefferson,103,90,200,200,0
Jefferson,103,91,200,200,0
Jefferson,103,92,192,192,0
Jefferson,103,93,201,201,0
Jefferson,103,94,199,199,0
Jefferson,103,95,200,200,0
Jefferson,103,96,200,200,0
Jefferson,103,97,198,198,0
Jefferson,103,98,200,200,0
Jefferson,103,99,200,200,0
Jefferson,104,1,211,211,0
Jefferson,104,10,196,196,0
Jefferson,104,100,261,261,0
Jefferson,104,101,261,261,0
Jefferson,104,102,299,299,0
Jefferson,104,103,185,185,0
Jefferson,104,104,225,225,0
Jefferson,104,105,200,200,0
Jefferson,104,106,199,199,0
Jefferson,104,107,265,265,0
Jefferson,104,108,199,199,0
Jefferson,104,109,200,200,0
Jefferson,104,11,200,200,0
Jefferson,104,110,200,200,0
Jefferson,104,111,199,199,0
Jefferson,104,112,200,200,0
Jefferson,104,113,259,259,0
Jefferson,104,114,258,258,0
Jefferson,104,115,232,232,0
Jefferson,104,116,271,271,0
Jefferson,104,117,199,199,0
Jefferson,104,118,200,200,0
Jefferson,104,119,200,200,0
Jefferson,104,12,199,199,0
Jefferson,104,120,225,225,0
Jefferson,104,121,222,222,0
Jefferson,104,122,200,200,0
Jefferson,104,123,200,200,0
Jefferson,104,124,200,200,0
Jefferson,104,125,210,210,0
Jefferson,104,126,241,241,0
Jefferson,104,13,200,200,0
Jefferson,104,14,209,209,0
Jefferson,104,15,199,199,0
Jefferson,104,16,193,193,0
Jefferson,104,17,200,200,0
Jefferson,104,18,226,226,0
Jefferson,104,19,199,199,0
Jefferson,104,2,200,200,0
Jefferson,104,20,200,200,0
Jefferson,104,21,193,193,0
Jefferson,104,22,185,185,0
Jefferson,104,23,199,199,0
Jefferson,104,24,166,166,0
Jefferson,104,25,199,199,0
Jefferson,104,26,182,182,0
Jefferson,104,27,200,200,0
Jefferson,104,28,200,200,0
Jefferson,104,29,184,184,0
Jefferson,104,3,200,200,0
Jefferson,104,30,200,200,0
Jefferson,104,31,189,189,0
Jefferson,104,32,187,187,0
Jefferson,104,33,200,200,0
Jefferson,104,34,200,200,0
Jefferson,104,35,200,200,0
Jefferson,104,36,200,200,0
Jefferson,104,37,200,200,0
Jefferson,104,38,200,200,0
Jefferson,104,39,188,188,0
Jefferson,104,4,199,199,0
Jefferson,104,40,187,187,0
Jefferson,104,41,200,200,0
Jefferson,104,42,296,296,0
Jefferson,104,43,251,251,0
Jefferson,104,44,200,200,0
Jefferson,104,45,200,200,0
Jefferson,104,46,200,200,0
Jefferson,104,47,199,199,0
Jefferson,104,48,181,181,0
Jefferson,104,49,181,181,0
Jefferson,104,5,199,199,0
Jefferson,104,50,200,200,0
Jefferson,104,51,200,200,0
Jefferson,104,52,200,200,0
Jefferson,104,53,200,200,0
Jefferson,104,54,200,200,0
Jefferson,104,55,258,258,0
Jefferson,104,56,199,199,0
Jefferson,104,57,198,198,0
Jefferson,104,58,154,154,0
Jefferson,104,59,200,200,0
Jefferson,104,6,225,225,0
Jefferson,104,60,200,200,0
Jefferson,104,61,200,200,0
Jefferson,104,62,184,184,0
Jefferson,104,63,200,200,0
Jefferson,104,64,248,248,0
Jefferson,104,65,200,200,0
Jefferson,104,66,277,277,0
Jefferson,104,67,147,147,0
Jefferson,104,68,200,200,0
Jefferson,104,69,250,250,0
Jefferson,104,7,192,192,0
Jefferson,104,70,185,185,0
Jefferson,104,71,300,300,0
Jefferson,104,72,200,200,0
Jefferson,104,73,234,234,0
Jefferson,104,74,199,199,0
Jefferson,104,75,200,200,0
Jefferson,104,76,200,200,0
Jefferson,104,77,257,257,0
Jefferson,104,78,200,200,0
Jefferson,104,79,207,207,0
Jefferson,104,8,195,195,0
Jefferson,104,80,199,199,0
Jefferson,104,81,197,197,0
Jefferson,104,82,200,200,0
Jefferson,104,83,218,218,0
Jefferson,104,84,203,203,0
Jefferson,104,85,200,200,0
Jefferson,104,86,200,200,0
Jefferson,104,87,203,203,0
Jefferson,104,88,200,200,0
Jefferson,104,89,200,200,0
Jefferson,104,9,177,177,0
Jefferson,104,90,239,239,0
Jefferson,104,91,209,209,0
Jefferson,104,92,187,187,0
Jefferson,104,93,200,200,0
Jefferson,104,94,248,248,0
Jefferson,104,95,200,200,0
Jefferson,104,96,199,199,0
Jefferson,104,97,200,200,0
Jefferson,104,98,234,234,0
Jefferson,104,99,251,251,0
Jefferson,105,1,199,199,0
Jefferson,105,10,200,200,0
Jefferson,105,100,200,200,0
Jefferson,105,101,200,200,0
Jefferson,105,102,200,200,0
Jefferson,105,103,192,192,0
Jefferson,105,104,200,200,0
Jefferson,105,105,200,200,0
Jefferson,105,106,200,200,0
Jefferson,105,107,196,196,0
Jefferson,105,108,196,196,0
Jefferson,105,109,200,200,0
Jefferson,105,11,200,200,0
Jefferson,105,110,200,200,0
Jefferson,105,111,199,199,0
Jefferson,105,112,200,200,0
Jefferson,105,113,195,195,0
Jefferson,105,114,200,200,0
Jefferson,105,115,200,200,0
Jefferson,105,116,200,200,0
Jefferson,105,117,200,200,0
Jefferson,105,118,200,200,0
Jefferson,105,119,177,177,0
Jefferson,105,12,200,200,0
Jefferson,105,120,200,200,0
Jefferson,105,121,200,200,0
Jefferson,105,122,200,200,0
Jefferson,105,123,200,200,0
Jefferson,105,124,199,199,0
Jefferson,105,125,199,199,0
Jefferson,105,126,200,200,0
Jefferson,105,127,200,200,0
Jefferson,105,128,201,201,0
Jefferson,105,129,200,200,0
Jefferson,105,13,200,200,0
Jefferson,105,130,200,200,0
Jefferson,105,131,200,200,0
Jefferson,105,132,200,200,0
Jefferson,105,133,200,200,0
Jefferson,105,134,200,200,0
Jefferson,105,135,200,200,0
Jefferson,105,136,200,200,0
Jefferson,105,137,200,200,0
Jefferson,105,138,200,200,0
Jefferson,105,139,200,200,0
Jefferson,105,14,200,200,0
Jefferson,105,140,200,200,0
Jefferson,105,141,200,200,0
Jefferson,105,142,200,200,0
Jefferson,105,143,200,200,0
Jefferson,105,144,200,200,0
Jefferson,105,145,200,200,0
Jefferson,105,146,200,200,0
Jefferson,105,147,200,200,0
Jefferson,105,148,200,200,0
Jefferson,105,149,200,200,0
Jefferson,105,15,200,200,0
Jefferson,105,150,200,200,0
Jefferson,105,151,200,200,0
Jefferson,105,152,200,200,0
Jefferson,105,153,200,200,0
Jefferson,105,154,200,200,0
Jefferson,105,155,200,200,0
Jefferson,105,156,200,200,0
Jefferson,105,157,200,200,0
Jefferson,105,158,200,200,0
Jefferson,105,159,200,200,0
Jefferson,105,16,200,200,0
Jefferson,105,160,200,200,0
Jefferson,105,161,200,200,0
Jefferson,105,162,200,200,0
Jefferson,105,163,194,194,0
Jefferson,105,164,200,200,0
Jefferson,105,165,200,200,0
Jefferson,105,166,200,200,0
Jefferson,105,167,200,200,0
Jefferson,105,168,206,206,0
Jefferson,105,169,200,200,0
Jefferson,105,17,200,200,0
Jefferson,105,170,200,200,0
Jefferson,105,171,219,219,0
Jefferson,105,172,200,200,0
Jefferson,105,173,200,200,0
Jefferson,105,174,200,200,0
Jefferson,105,175,200,200,0
Jefferson,105,176,200,200,0
Jefferson,105,177,200,200,0
Jefferson,105,178,200,200,0
Jefferson,105,179,200,200,0
Jefferson,105,18,200,200,0
Jefferson,105,180,200,200,0
Jefferson,105,181,200,200,0
Jefferson,105,182,200,200,0
Jefferson,105,183,200,200,0
Jefferson,105,184,200,200,0
Jefferson,105,185,200,200,0
Jefferson,105,186,193,193,0
Jefferson,105,187,185,185,0
Jefferson,105,188,158,158,0
Jefferson,105,189,166,166,0
Jefferson,105,19,200,200,0
Jefferson,105,190,196,196,0
Jefferson,105,191,196,196,0
Jefferson,105,192,148,148,0
Jefferson,105,193,160,160,0
Jefferson,105,194,172,172,0
Jefferson,105,195,258,258,0
Jefferson,105,2,200,200,0
Jefferson,105,20,200,200,0
Jefferson,105,21,200,200,0
Jefferson,105,22,200,200,0
Jefferson,105,23,200,200,0
Jefferson,105,24,200,200,0
Jefferson,105,25,200,200,0
Jefferson,105,26,200,200,0
Jefferson,105,27,200,200,0
Jefferson,105,28,200,200,0
Jefferson,105,29,200,200,0
Jefferson,105,3,200,200,0
Jefferson,105,30,200,200,0
Jefferson,105,31,200,200,0
Jefferson,105,32,200,200,0
Jefferson,105,33,200,200,0
Jefferson,105,34,200,200,0
Jefferson,105,35,200,200,0
Jefferson,105,36,200,200,0
Jefferson,105,37,200,200,0
Jefferson,105,38,200,200,0
Jefferson,105,39,200,200,0
Jefferson,105,4,200,200,0
Jefferson,105,40,200,200,0
Jefferson,105,41,200,200,0
Jefferson,105,42,200,200,0
Jefferson,105,43,200,200,0
Jefferson,105,44,200,200,0
Jefferson,105,45,200,200,0
Jefferson,105,46,200,200,0
Jefferson,105,47,200,200,0
Jefferson,105,48,200,200,0
Jefferson,105,49,200,200,0
Jefferson,105,5,200,200,0
Jefferson,105,50,200,200,0
Jefferson,105,51,200,200,0
Jefferson,105,52,200,200,0
Jefferson,105,53,201,201,0
Jefferson,105,54,200,200,0
Jefferson,105,55,200,200,0
Jefferson,105,56,181,181,0
Jefferson,105,57,200,200,0
Jefferson,105,58,200,200,0
Jefferson,105,59,200,200,0
Jefferson,105,6,200,200,0
Jefferson,105,60,200,200,0
Jefferson,105,61,200,200,0
Jefferson,105,62,200,200,0
Jefferson,105,63,200,200,0
Jefferson,105,64,200,200,0
Jefferson,105,65,200,200,0
Jefferson,105,66,200,200,0
Jefferson,105,67,200,200,0
Jefferson,105,68,200,200,0
Jefferson,105,69,200,200,0
Jefferson,105,7,200,200,0
Jefferson,105,70,200,200,0
Jefferson,105,71,200,200,0
Jefferson,105,72,200,200,0
Jefferson,105,73,200,200,0
Jefferson,105,74,200,200,0
Jefferson,105,75,192,192,0
Jefferson,105,76,200,200,0
Jefferson,105,77,200,200,0
Jefferson,105,78,200,200,0
Jefferson,105,79,200,200,0
Jefferson,105,8,200,200,0
Jefferson,105,80,200,200,0
Jefferson,105,81,200,200,0
Jefferson,105,82,200,200,0
Jefferson,105,84,200,200,0
Jefferson,105,85,200,200,0
Jefferson,105,86,200,200,0
Jefferson,105,87,169,169,0
Jefferson,105,88,200,200,0
Jefferson,105,89,200,200,0
Jefferson,105,9,200,200,0
Jefferson,105,90,200,200,0
Jefferson,105,91,200,200,0
Jefferson,105,92,200,200,0
Jefferson,105,93,200,200,0
Jefferson,105,94,200,200,0
Jefferson,105,95,200,200,0
Jefferson,105,96,200,200,0
Jefferson,105,97,199,199,0
Jefferson,105,98,200,200,0
Jefferson,105,99,195,195,0
Jefferson,106,1,214,214,0
Jefferson,106,10,196,196,0
Jefferson,106,11,200,200,0
Jefferson,106,12,200,200,0
Jefferson,106,13,200,200,0
Jefferson,106,14,199,199,0
Jefferson,106,15,200,200,0
Jefferson,106,16,200,200,0
Jefferson,106,17,200,200,0
Jefferson,106,18,200,200,0
Jefferson,106,19,180,180,0
Jefferson,106,2,199,199,0
Jefferson,106,20,200,200,0
Jefferson,106,21,200,200,0
Jefferson,106,22,194,194,0
Jefferson,106,23,200,200,0
Jefferson,106,24,200,200,0
Jefferson,106,25,186,186,0
Jefferson,106,26,200,200,0
Jefferson,106,27,200,200,0
Jefferson,106,28,198,198,0
Jefferson,106,29,200,200,0
Jefferson,106,3,200,200,0
Jefferson,106,30,197,197,0
Jefferson,106,31,200,200,0
Jefferson,106,32,200,200,0
Jefferson,106,33,200,200,0
Jefferson,106,34,200,200,0
Jefferson,106,35,108,108,0
Jefferson,106,36,200,200,0
Jefferson,106,37,200,200,0
Jefferson,106,38,200,200,0
Jefferson,106,39,185,185,0
Jefferson,106,4,200,200,0
Jefferson,106,40,200,200,0
Jefferson,106,41,199,199,0
Jefferson,106,42,200,200,0
Jefferson,106,43,100,100,0
Jefferson,106,44,200,200,0
Jefferson,106,45,200,200,0
Jefferson,106,46,196,196,0
Jefferson,106,47,197,197,0
Jefferson,106,48,200,200,0
Jefferson,106,49,200,200,0
Jefferson,106,5,200,200,0
Jefferson,106,50,200,200,0
Jefferson,106,51,200,200,0
Jefferson,106,52,200,200,0
Jefferson,106,53,205,205,0
Jefferson,106,54,200,200,0
Jefferson,106,55,200,200,0
Jefferson,106,56,200,200,0
Jefferson,106,57,200,200,0
Jefferson,106,58,200,200,0
Jefferson,106,59,200,200,0
Jefferson,106,6,199,199,0
Jefferson,106,60,200,200,0
Jefferson,106,61,200,200,0
Jefferson,106,62,200,200,0
Jefferson,106,63,200,200,0
Jefferson,106,64,200,200,0
Jefferson,106,65,200,200,0
Jefferson,106,66,200,200,0
Jefferson,106,67,200,200,0
Jefferson,106,68,200,200,0
Jefferson,106,69,200,200,0
Jefferson,106,7,200,200,0
Jefferson,106,70,200,200,0
Jefferson,106,71,200,200,0
Jefferson,106,72,200,200,0
Jefferson,106,73,200,200,0
Jefferson,106,74,200,200,0
Jefferson,106,75,200,200,0
Jefferson,106,76,200,200,0
Jefferson,106,77,200,200,0
Jefferson,106,78,200,200,0
Jefferson,106,79,191,191,0
Jefferson,106,8,200,200,0
Jefferson,106,80,200,200,0
Jefferson,106,81,200,200,0
Jefferson,106,82,200,200,0
Jefferson,106,83,200,200,0
Jefferson,106,84,200,200,0
Jefferson,106,9,199,199,0
Jefferson,107,1,200,200,0
Jefferson,107,10,200,200,0
Jefferson,107,11,200,200,0
Jefferson,107,12,215,215,0
Jefferson,107,13,200,200,0
Jefferson,107,14,200,200,0
Jefferson,107,15,200,200,0
Jefferson,107,16,177,177,0
Jefferson,107,17,200,200,0
Jefferson,107,18,200,200,0
Jefferson,107,19,199,199,0
Jefferson,107,2,185,185,0
Jefferson,107,20,199,199,0
Jefferson,107,21,229,229,0
Jefferson,107,22,200,200,0
Jefferson,107,23,200,200,0
Jefferson,107,24,200,200,0
Jefferson,107,25,200,200,0
Jefferson,107,26,194,194,0
Jefferson,107,27,200,200,0
Jefferson,107,28,218,218,0
Jefferson,107,29,189,189,0
Jefferson,107,3,200,200,0
Jefferson,107,30,202,202,0
Jefferson,107,31,200,200,0
Jefferson,107,32,220,220,0
Jefferson,107,33,200,200,0
Jefferson,107,34,200,200,0
Jefferson,107,35,173,173,0
Jefferson,107,36,200,200,0
Jefferson,107,37,199,199,0
Jefferson,107,38,200,200,0
Jefferson,107,39,254,254,0
Jefferson,107,4,200,200,0
Jefferson,107,40,200,200,0
Jefferson,107,41,200,200,0
Jefferson,107,42,200,200,0
Jefferson,107,43,200,200,0
Jefferson,107,44,184,184,0
Jefferson,107,45,200,200,0
Jefferson,107,46,199,199,0
Jefferson,107,47,197,197,0
Jefferson,107,48,191,191,0
Jefferson,107,49,181,181,0
Jefferson,107,5,200,200,0
Jefferson,107,50,200,200,0
Jefferson,107,51,200,200,0
Jefferson,107,52,203,203,0
Jefferson,107,53,198,198,0
Jefferson,107,54,192,192,0
Jefferson,107,55,251,251,0
Jefferson,107,56,56,56,0
Jefferson,107,6,200,200,0
Jefferson,107,7,200,200,0
Jefferson,107,8,200,200,0
Jefferson,107,9,200,200,0
Jefferson,110,1,241,241,0
Jefferson,110,10,277,277,0
Jefferson,110,11,127,127,0
Jefferson,110,2,378,378,0
Jefferson,110,3,279,279,0
Jefferson,110,4,165,165,0
Jefferson,110,5,153,153,0
Jefferson,110,6,151,151,0
Jefferson,110,7,118,118,0
Jefferson,110,8,203,203,0
Jefferson,110,9,147,147,0
Kiowa,101,1,25,25,0
Kiowa,101,10,25,25,0
Kiowa,101,11,25,25,0
Kiowa,101,12,25,25,0
Kiowa,101,13,25,25,0
Kiowa,101,14,25,25,0
Kiowa,101,15,25,25,0
Kiowa,101,16,25,25,0
Kiowa,101,17,25,25,0
Kiowa,101,18,25,25,0
Kiowa,101,19,25,25,0
Kiowa,101,2,25,25,0
Kiowa,101,20,25,25,0
Kiowa,101,21,25,25,0
Kiowa,101,22,12,12,0
Kiowa,101,3,25,25,0
Kiowa,101,4,25,25,0
Kiowa,101,5,25,25,0
Kiowa,101,6,25,25,0
Kiowa,101,7,25,25,0
Kiowa,101,8,25,25,0
Kiowa,101,9,25,25,0
Kit Carson,101,1,123,123,0
Kit Carson,101,10,25,25,0
Kit Carson,101,100,25,25,0
Kit Carson,101,101,25,25,0
Kit Carson,101,102,25,25,0
Kit Carson,101,103,25,25,0
Kit Carson,101,105,25,25,0
Kit Carson,101,106,4,4,0
Kit Carson,101,107,1,1,0
Kit Carson,101,108,12,12,0
Kit Carson,101,109,17,17,0
Kit Carson,101,11,1,1,0
Kit Carson,101,110,2,2,0
Kit Carson,101,12,25,25,0
Kit Carson,101,13,25,25,0
Kit Carson,101,14,25,25,0
Kit Carson,101,15,25,25,0
Kit Carson,101,16,9,9,0
Kit Carson,101,17,2,2,0
Kit Carson,101,18,25,25,0
Kit Carson,101,19,25,25,0
Kit Carson,101,2,50,50,0
Kit Carson,101,20,25,25,0
Kit Carson,101,21,25,25,0
Kit Carson,101,22,6,6,0
Kit Carson,101,23,2,2,0
Kit Carson,101,24,25,25,0
Kit Carson,101,25,25,25,0
Kit Carson,101,26,25,25,0
Kit Carson,101,27,25,25,0
Kit Carson,101,28,3,3,0
Kit Carson,101,29,1,1,0
Kit Carson,101,3,25,25,0
Kit Carson,101,30,25,25,0
Kit Carson,101,31,25,25,0
Kit Carson,101,32,25,25,0
Kit Carson,101,33,25,25,0
Kit Carson,101,34,19,19,0
Kit Carson,101,35,1,1,0
Kit Carson,101,36,25,25,0
Kit Carson,101,37,25,25,0
Kit Carson,101,38,25,25,0
Kit Carson,101,39,25,25,0
Kit Carson,101,4,25,25,0
Kit Carson,101,40,17,17,0
Kit Carson,101,41,25,25,0
Kit Carson,101,42,25,25,0
Kit Carson,101,43,25,25,0
Kit Carson,101,44,25,25,0
Kit Carson,101,45,6,6,0
Kit Carson,101,46,1,1,0
Kit Carson,101,47,25,25,0
Kit Carson,101,48,25,25,0
Kit Carson,101,49,25,25,0
Kit Carson,101,5,19,19,0
Kit Carson,101,50,14,14,0
Kit Carson,101,51,25,25,0
Kit Carson,101,52,25,25,0
Kit Carson,101,53,25,25,0
Kit Carson,101,54,25,25,0
Kit Carson,101,55,1,1,0
Kit Carson,101,56,25,25,0
Kit Carson,101,57,25,25,0
Kit Carson,101,58,26,26,0
Kit Carson,101,59,25,25,0
Kit Carson,101,6,1,1,0
Kit Carson,101,60,20,20,0
Kit Carson,101,61,25,25,0
Kit Carson,101,62,25,25,0
Kit Carson,101,63,25,25,0
Kit Carson,101,64,24,24,0
Kit Carson,101,65,25,25,0
Kit Carson,101,66,9,9,0
Kit Carson,101,67,25,25,0
Kit Carson,101,68,25,25,0
Kit Carson,101,69,25,25,0
Kit Carson,101,7,25,25,0
Kit Carson,101,70,17,17,0
Kit Carson,101,71,25,25,0
Kit Carson,101,72,25,25,0
Kit Carson,101,73,12,12,0
Kit Carson,101,74,25,25,0
Kit Carson,101,75,25,25,0
Kit Carson,101,76,25,25,0
Kit Carson,101,77,25,25,0
Kit Carson,101,78,2,2,0
Kit Carson,101,79,25,25,0
Kit Carson,101,8,25,25,0
Kit Carson,101,80,25,25,0
Kit Carson,101,81,25,25,0
Kit Carson,101,82,18,18,0
Kit Carson,101,83,25,25,0
Kit Carson,101,84,25,25,0
Kit Carson,101,85,25,25,0
Kit Carson,101,86,25,25,0
Kit Carson,101,87,6,6,0
Kit Carson,101,88,1,1,0
Kit Carson,101,89,25,25,0
Kit Carson,101,9,25,25,0
Kit Carson,101,90,25,25,0
Kit Carson,101,91,13,13,0
Kit Carson,101,92,25,25,0
Kit Carson,101,93,25,25,0
Kit Carson,101,94,25,25,0
Kit Carson,101,95,1,1,0
Kit Carson,101,96,25,25,0
Kit Carson,101,97,11,11,0
Kit Carson,101,98,25,25,0
Kit Carson,101,99,1,1,0
Lake,101,1,25,25,0
Lake,101,10,25,25,0
Lake,101,11,25,25,0
Lake,101,12,25,25,0
Lake,101,13,25,25,0
Lake,101,14,25,25,0
Lake,101,15,25,25,0
Lake,101,16,25,25,0
Lake,101,17,25,25,0
Lake,101,18,25,25,0
Lake,101,19,25,25,0
Lake,101,2,25,25,0
Lake,101,20,25,25,0
Lake,101,21,25,25,0
Lake,101,22,25,25,0
Lake,101,23,25,25,0
Lake,101,24,25,25,0
Lake,101,25,25,25,0
Lake,101,26,25,25,0
Lake,101,27,25,25,0
Lake,101,28,25,25,0
Lake,101,29,25,25,0
Lake,101,3,25,25,0
Lake,101,30,25,25,0
Lake,101,31,25,25,0
Lake,101,32,25,25,0
Lake,101,33,25,25,0
Lake,101,34,29,29,0
Lake,101,35,21,21,0
Lake,101,36,25,25,0
Lake,101,37,25,25,0
Lake,101,38,10,10,0
Lake,101,39,15,15,0
Lake,101,4,25,25,0
Lake,101,40,25,25,0
Lake,101,41,25,25,0
Lake,101,42,25,25,0
Lake,101,43,25,25,0
Lake,101,44,25,25,0
Lake,101,45,25,25,0
Lake,101,46,25,25,0
Lake,101,47,25,25,0
Lake,101,48,25,25,0
Lake,101,49,25,25,0
Lake,101,5,25,25,0
Lake,101,50,25,25,0
Lake,101,51,25,25,0
Lake,101,52,25,25,0
Lake,101,53,25,25,0
Lake,101,54,25,25,0
Lake,101,55,25,25,0
Lake,101,56,25,25,0
Lake,101,57,25,25,0
Lake,101,58,25,25,0
Lake,101,59,28,28,0
Lake,101,6,25,25,0
Lake,101,60,17,17,0
Lake,101,7,25,25,0
Lake,101,8,25,25,0
Lake,101,9,25,25,0
La Plata,201,1,50,50,0
La Plata,201,10,50,50,0
La Plata,201,100,50,50,0
La Plata,201,101,50,50,0
La Plata,201,102,50,50,0
La Plata,201,103,50,50,0
La Plata,201,104,50,50,0
La Plata,201,105,50,50,0
La Plata,201,106,50,50,0
La Plata,201,107,50,50,0
La Plata,201,108,50,50,0
La Plata,201,109,50,50,0
La Plata,201,11,50,50,0
La Plata,201,110,50,50,0
La Plata,201,111,50,50,0
La Plata,201,112,50,50,0
La Plata,201,113,50,50,0
La Plata,201,114,50,50,0
La Plata,201,115,50,50,0
La Plata,201,116,50,50,0
La Plata,201,117,50,50,0
La Plata,201,118,50,50,0
La Plata,201,119,50,50,0
La Plata,201,12,50,50,0
La Plata,201,120,50,50,0
La Plata,201,121,50,50,0
La Plata,201,122,50,50,0
La Plata,201,123,50,50,0
La Plata,201,124,50,50,0
La Plata,201,125,50,50,0
La Plata,201,126,50,50,0
La Plata,201,127,50,50,0
La Plata,201,128,50,50,0
La Plata,201,129,50,50,0
La Plata,201,13,50,50,0
La Plata,201,130,50,50,0
La Plata,201,131,50,50,0
La Plata,201,132,50,50,0
La Plata,201,133,50,50,0
La Plata,201,134,50,50,0
La Plata,201,135,50,50,0
La Plata,201,136,50,50,0
La Plata,201,137,50,50,0
La Plata,201,138,50,50,0
La Plata,201,139,50,50,0
La Plata,201,14,50,50,0
La Plata,201,140,50,50,0
La Plata,201,141,50,50,0
La Plata,201,142,50,50,0
La Plata,201,143,50,50,0
La Plata,201,144,50,50,0
La Plata,201,145,50,50,0
La Plata,201,146,50,50,0
La Plata,201,147,50,50,0
La Plata,201,148,50,50,0
La Plata,201,149,50,50,0
La Plata,201,15,50,50,0
La Plata,201,150,50,50,0
La Plata,201,151,50,50,0
La Plata,201,152,50,50,0
La Plata,201,153,50,50,0
La Plata,201,154,50,50,0
La Plata,201,155,50,50,0
La Plata,201,156,50,50,0
La Plata,201,157,50,50,0
La Plata,201,158,50,50,0
La Plata,201,159,50,50,0
La Plata,201,16,50,50,0
La Plata,201,160,50,50,0
La Plata,201,161,50,50,0
La Plata,201,162,50,50,0
La Plata,201,163,50,50,0
La Plata,201,164,50,50,0
La Plata,201,165,50,50,0
La Plata,201,166,50,50,0
La Plata,201,167,50,50,0
La Plata,201,168,50,50,0
La Plata,201,169,50,50,0
La Plata,201,17,50,50,0
La Plata,201,170,50,50,0
La Plata,201,171,50,50,0
La Plata,201,172,50,50,0
La Plata,201,173,50,50,0
La Plata,201,174,50,50,0
La Plata,201,175,50,50,0
La Plata,201,176,50,50,0
La Plata,201,177,50,50,0
La Plata,201,178,50,50,0
La Plata,201,179,50,50,0
La Plata,201,18,50,50,0
La Plata,201,180,50,50,0
La Plata,201,181,50,50,0
La Plata,201,182,50,50,0
La Plata,201,183,50,50,0
La Plata,201,184,50,50,0
La Plata,201,185,50,50,0
La Plata,201,186,50,50,0
La Plata,201,187,50,50,0
La Plata,201,188,50,50,0
La Plata,201,189,50,50,0
La Plata,201,19,50,50,0
La Plata,201,190,50,50,0
La Plata,201,191,50,50,0
La Plata,201,192,50,50,0
La Plata,201,193,50,50,0
La Plata,201,194,50,50,0
La Plata,201,195,50,50,0
La Plata,201,196,50,50,0
La Plata,201,197,50,50,0
La Plata,201,198,50,50,0
La Plata,201,199,50,50,0
La Plata,201,2,50,50,0
La Plata,201,20,50,50,0
La Plata,201,200,50,50,0
La Plata,201,201,50,50,0
La Plata,201,202,50,50,0
La Plata,201,203,50,50,0
La Plata,201,204,50,50,0
La Plata,201,205,50,50,0
La Plata,201,206,50,50,0
La Plata,201,207,50,50,0
La Plata,201,208,50,50,0
La Plata,201,209,50,50,0
La Plata,201,21,50,50,0
La Plata,201,210,50,50,0
La Plata,201,211,50,50,0
La Plata,201,212,50,50,0
La Plata,201,213,50,50,0
La Plata,201,214,50,50,0
La Plata,201,215,50,50,0
La Plata,201,216,50,50,0
La Plata,201,217,50,50,0
La Plata,201,218,50,50,0
La Plata,201,219,50,50,0
La Plata,201,22,50,50,0
La Plata,201,220,50,50,0
La Plata,201,221,50,50,0
La Plata,201,222,50,50,0
La Plata,201,223,50,50,0
La Plata,201,224,50,50,0
La Plata,201,225,50,50,0
La Plata,201,226,50,50,0
La Plata,201,227,50,50,0
La Plata,201,228,50,50,0
La Plata,201,229,50,50,0
La Plata,201,23,50,50,0
La Plata,201,230,50,50,0
La Plata,201,231,50,50,0
La Plata,201,232,50,50,0
La Plata,201,233,50,50,0
La Plata,201,234,50,50,0
La Plata,201,235,50,50,0
La Plata,201,236,50,50,0
La Plata,201,237,50,50,0
La Plata,201,238,50,50,0
La Plata,201,239,50,50,0
La Plata,201,24,50,50,0
La Plata,201,240,50,50,0
La Plata,201,241,50,50,0
La Plata,201,242,50,50,0
La Plata,201,243,50,50,0
La Plata,201,244,50,50,0
La Plata,201,245,50,50,0
La Plata,201,246,50,50,0
La Plata,201,247,50,50,0
La Plata,201,248,50,50,0
La Plata,201,249,50,50,0
La Plata,201,25,50,50,0
La Plata,201,250,50,50,0
La Plata,201,251,50,50,0
La Plata,201,252,50,50,0
La Plata,201,253,50,50,0
La Plata,201,254,50,50,0
La Plata,201,255,50,50,0
La Plata,201,256,50,50,0
La Plata,201,257,50,50,0
La Plata,201,258,50,50,0
La Plata,201,259,50,50,0
La Plata,201,26,50,50,0
La Plata,201,260,50,50,0
La Plata,201,261,50,50,0
La Plata,201,262,50,50,0
La Plata,201,263,50,50,0
La Plata,201,264,50,50,0
La Plata,201,265,50,50,0
La Plata,201,266,50,50,0
La Plata,201,267,50,50,0
La Plata,201,268,50,50,0
La Plata,201,269,50,50,0
La Plata,201,27,50,50,0
La Plata,201,270,50,50,0
La Plata,201,271,50,50,0
La Plata,201,272,50,50,0
La Plata,201,273,50,50,0
La Plata,201,274,50,50,0
La Plata,201,275,50,50,0
La Plata,201,276,50,50,0
La Plata,201,277,50,50,0
La Plata,201,278,50,50,0
La Plata,201,279,50,50,0
La Plata,201,28,50,50,0
La Plata,201,280,50,50,0
La Plata,201,281,50,50,0
La Plata,201,282,50,50,0
La Plata,201,283,50,50,0
La Plata,201,284,50,50,0
La Plata,201,285,50,50,0
La Plata,201,286,50,50,0
La Plata,201,287,50,50,0
La Plata,201,288,50,50,0
La Plata,201,289,50,50,0
La Plata,201,29,50,50,0
La Plata,201,290,50,50,0
La Plata,201,291,50,50,0
La Plata,201,292,50,50,0
La Plata,201,293,50,50,0
La Plata,201,294,50,50,0
La Plata,201,295,50,50,0
La Plata,201,296,50,50,0
La Plata,201,297,50,50,0
La Plata,201,298,50,50,0
La Plata,201,299,50,50,0
La Plata,201,3,50,50,0
La Plata,201,30,50,50,0
La Plata,201,300,50,50,0
La Plata,201,301,50,50,0
La Plata,201,302,50,50,0
La Plata,201,303,50,50,0
La Plata,201,304,50,50,0
La Plata,201,305,50,50,0
La Plata,201,306,50,50,0
La Plata,201,307,50,50,0
La Plata,201,308,50,50,0
La Plata,201,309,50,50,0
La Plata,201,31,50,50,0
La Plata,201,310,50,50,0
La Plata,201,311,50,50,0
La Plata,201,312,50,50,0
La Plata,201,313,50,50,0
La Plata,201,314,50,50,0
La Plata,201,315,50,50,0
La Plata,201,316,50,50,0
La Plata,201,317,50,50,0
La Plata,201,318,50,50,0
La Plata,201,319,50,50,0
La Plata,201,32,50,50,0
La Plata,201,320,50,50,0
La Plata,201,321,50,50,0
La Plata,201,322,50,50,0
La Plata,201,323,50,50,0
La Plata,201,324,50,50,0
La Plata,201,325,50,50,0
La Plata,201,326,50,50,0
La Plata,201,327,50,50,0
La Plata,201,328,50,50,0
La Plata,201,329,50,50,0
La Plata,201,33,50,50,0
La Plata,201,330,50,50,0
La Plata,201,331,50,50,0
La Plata,201,332,50,50,0
La Plata,201,333,50,50,0
La Plata,201,334,50,50,0
La Plata,201,335,50,50,0
La Plata,201,336,50,50,0
La Plata,201,337,50,50,0
La Plata,201,338,50,50,0
La Plata,201,339,50,50,0
La Plata,201,34,50,50,0
La Plata,201,340,50,50,0
La Plata,201,341,50,50,0
La Plata,201,342,50,50,0
La Plata,201,343,50,50,0
La Plata,201,344,50,50,0
La Plata,201,345,50,50,0
La Plata,201,346,50,50,0
La Plata,201,347,50,50,0
La Plata,201,348,50,50,0
La Plata,201,349,50,50,0
La Plata,201,35,50,50,0
La Plata,201,350,50,50,0
La Plata,201,351,50,50,0
La Plata,201,352,50,50,0
La Plata,201,353,50,50,0
La Plata,201,354,50,50,0
La Plata,201,355,50,50,0
La Plata,201,356,50,50,0
La Plata,201,357,50,50,0
La Plata,201,358,50,50,0
La Plata,201,359,1,1,0
La Plata,201,36,50,50,0
La Plata,201,37,50,50,0
La Plata,201,38,50,50,0
La Plata,201,39,50,50,0
La Plata,201,4,50,50,0
La Plata,201,40,50,50,0
La Plata,201,41,50,50,0
La Plata,201,42,50,50,0
La Plata,201,43,50,50,0
La Plata,201,44,50,50,0
La Plata,201,45,50,50,0
La Plata,201,46,50,50,0
La Plata,201,47,50,50,0
La Plata,201,48,50,50,0
La Plata,201,49,50,50,0
La Plata,201,5,50,50,0
La Plata,201,50,50,50,0
La Plata,201,51,50,50,0
La Plata,201,52,50,50,0
La Plata,201,53,50,50,0
La Plata,201,54,50,50,0
La Plata,201,55,50,50,0
La Plata,201,56,50,50,0
La Plata,201,57,50,50,0
La Plata,201,58,50,50,0
La Plata,201,59,50,50,0
La Plata,201,6,50,50,0
La Plata,201,60,50,50,0
La Plata,201,61,50,50,0
La Plata,201,62,50,50,0
La Plata,201,63,50,50,0
La Plata,201,64,50,50,0
La Plata,201,65,50,50,0
La Plata,201,66,50,50,0
La Plata,201,67,50,50,0
La Plata,201,68,50,50,0
La Plata,201,69,50,50,0
La Plata,201,7,50,50,0
La Plata,201,70,50,50,0
La Plata,201,71,50,50,0
La Plata,201,72,50,50,0
La Plata,201,73,50,50,0
La Plata,201,74,50,50,0
La Plata,201,75,50,50,0
La Plata,201,76,50,50,0
La Plata,201,77,50,50,0
La Plata,201,78,50,50,0
La Plata,201,79,50,50,0
La Plata,201,8,50,50,0
La Plata,201,80,50,50,0
La Plata,201,81,50,50,0
La Plata,201,82,50,50,0
La Plata,201,83,50,50,0
La Plata,201,84,50,50,0
La Plata,201,85,50,50,0
La Plata,201,86,50,50,0
La Plata,201,87,50,50,0
La Plata,201,88,50,50,0
La Plata,201,89,50,50,0
La Plata,201,9,50,50,0
La Plata,201,90,50,50,0
La Plata,201,91,50,50,0
La Plata,201,92,50,50,0
La Plata,201,93,50,50,0
La Plata,201,94,50,50,0
La Plata,201,95,50,50,0
La Plata,201,96,50,50,0
La Plata,201,97,50,50,0
La Plata,201,98,50,50,0
La Plata,201,99,50,50,0
Larimer,101,1,100,100,0
Larimer,101,10,76,76,0
Larimer,101,100,8,8,0
Larimer,101,101,1,1,0
Larimer,101,102,11,11,0
Larimer,101,103,28,28,0
Larimer,101,104,12,12,0
Larimer,101,105,16,16,0
Larimer,101,106,2,2,0
Larimer,101,107,99,99,0
Larimer,101,108,100,100,0
Larimer,101,109,1,1,0
Larimer,101,11,100,100,0
Larimer,101,12,100,100,0
Larimer,101,13,100,100,0
Larimer,101,14,100,100,0
Larimer,101,15,100,100,0
Larimer,101,16,100,100,0
Larimer,101,17,100,100,0
Larimer,101,18,100,100,0
Larimer,101,19,100,100,0
Larimer,101,2,97,97,0
Larimer,101,20,5,5,0
Larimer,101,21,3,3,0
Larimer,101,22,9,9,0
Larimer,101,23,10,10,0
Larimer,101,24,10,10,0
Larimer,101,25,10,10,0
Larimer,101,26,9,9,0
Larimer,101,27,8,8,0
Larimer,101,28,9,9,0
Larimer,101,29,10,10,0
Larimer,101,3,98,98,0
Larimer,101,30,10,10,0
Larimer,101,31,5,5,0
Larimer,101,32,98,98,0
Larimer,101,33,100,100,0
Larimer,101,34,100,100,0
Larimer,101,35,99,99,0
Larimer,101,36,97,97,0
Larimer,101,37,98,98,0
Larimer,101,38,100,100,0
Larimer,101,39,100,100,0
Larimer,101,4,99,99,0
Larimer,101,40,96,96,0
Larimer,101,41,6,6,0
Larimer,101,42,96,96,0
Larimer,101,43,96,96,0
Larimer,101,44,100,100,0
Larimer,101,45,100,100,0
Larimer,101,46,100,100,0
Larimer,101,47,100,100,0
Larimer,101,48,95,95,0
Larimer,101,49,99,99,0
Larimer,101,5,100,100,0
Larimer,101,50,94,94,0
Larimer,101,51,99,99,0
Larimer,101,52,99,99,0
Larimer,101,53,14,14,0
Larimer,101,54,95,95,0
Larimer,101,55,100,100,0
Larimer,101,56,99,99,0
Larimer,101,57,5,5,0
Larimer,101,58,98,98,0
Larimer,101,59,99,99,0
Larimer,101,6,100,100,0
Larimer,101,60,97,97,0
Larimer,101,61,100,100,0
Larimer,101,62,100,100,0
Larimer,101,63,44,44,0
Larimer,101,64,100,100,0
Larimer,101,65,9,9,0
Larimer,101,66,100,100,0
Larimer,101,67,97,97,0
Larimer,101,68,99,99,0
Larimer,101,69,99,99,0
Larimer,101,7,100,100,0
Larimer,101,70,54,54,0
Larimer,101,71,100,100,0
Larimer,101,72,99,99,0
Larimer,101,73,95,95,0
Larimer,101,74,100,100,0
Larimer,101,75,100,100,0
Larimer,101,76,100,100,0
Larimer,101,77,100,100,0
Larimer,101,78,100,100,0
Larimer,101,79,100,100,0
Larimer,101,8,100,100,0
Larimer,101,80,100,100,0
Larimer,101,81,99,99,0
Larimer,101,82,91,91,0
Larimer,101,83,100,100,0
Larimer,101,84,97,97,0
Larimer,101,85,100,100,0
Larimer,101,86,100,100,0
Larimer,101,87,100,100,0
Larimer,101,88,96,96,0
Larimer,101,89,3,3,0
Larimer,101,9,100,100,0
Larimer,101,90,90,90,0
Larimer,101,91,9,9,0
Larimer,101,92,10,10,0
Larimer,101,93,3,3,0
Larimer,101,94,1,1,0
Larimer,101,95,50,50,0
Larimer,101,96,7,7,0
Larimer,101,97,3,3,0
Larimer,101,98,8,8,0
Larimer,101,99,3,3,0
Larimer,102,1,96,96,0
Larimer,102,10,100,100,0
Larimer,102,100,93,93,0
Larimer,102,101,100,100,0
Larimer,102,102,20,20,0
Larimer,102,103,100,100,0
Larimer,102,104,3,3,0
Larimer,102,105,99,99,0
Larimer,102,106,100,100,0
Larimer,102,107,100,100,0
Larimer,102,108,98,98,0
Larimer,102,109,98,98,0
Larimer,102,11,100,100,0
Larimer,102,110,98,98,0
Larimer,102,111,98,98,0
Larimer,102,112,64,64,0
Larimer,102,113,94,94,0
Larimer,102,114,100,100,0
Larimer,102,115,100,100,0
Larimer,102,116,99,99,0
Larimer,102,117,100,100,0
Larimer,102,118,100,100,0
Larimer,102,119,99,99,0
Larimer,102,12,99,99,0
Larimer,102,120,100,100,0
Larimer,102,121,99,99,0
Larimer,102,122,100,100,0
Larimer,102,123,100,100,0
Larimer,102,124,100,100,0
Larimer,102,125,100,100,0
Larimer,102,126,97,97,0
Larimer,102,127,99,99,0
Larimer,102,128,100,100,0
Larimer,102,129,39,39,0
Larimer,102,13,100,100,0
Larimer,102,130,10,10,0
Larimer,102,131,9,9,0
Larimer,102,132,3,3,0
Larimer,102,133,1,1,0
Larimer,102,134,2,2,0
Larimer,102,14,100,100,0
Larimer,102,15,100,100,0
Larimer,102,16,100,100,0
Larimer,102,17,100,100,0
Larimer,102,18,100,100,0
Larimer,102,19,100,100,0
Larimer,102,2,96,96,0
Larimer,102,20,100,100,0
Larimer,102,21,100,100,0
Larimer,102,22,100,100,0
Larimer,102,23,100,100,0
Larimer,102,24,99,99,0
Larimer,102,25,99,99,0
Larimer,102,26,100,100,0
Larimer,102,27,100,100,0
Larimer,102,28,100,100,0
Larimer,102,29,1,1,0
Larimer,102,3,96,96,0
Larimer,102,30,2,2,0
Larimer,102,31,1,1,0
Larimer,102,32,1,1,0
Larimer,102,33,10,10,0
Larimer,102,34,10,10,0
Larimer,102,35,10,10,0
Larimer,102,36,10,10,0
Larimer,102,37,9,9,0
Larimer,102,38,9,9,0
Larimer,102,39,9,9,0
Larimer,102,4,99,99,0
Larimer,102,40,10,10,0
Larimer,102,41,10,10,0
Larimer,102,42,10,10,0
Larimer,102,43,10,10,0
Larimer,102,44,100,100,0
Larimer,102,45,100,100,0
Larimer,102,46,99,99,0
Larimer,102,47,100,100,0
Larimer,102,48,98,98,0
Larimer,102,49,94,94,0
Larimer,102,5,97,97,0
Larimer,102,50,96,96,0
Larimer,102,51,95,95,0
Larimer,102,52,97,97,0
Larimer,102,53,95,95,0
Larimer,102,54,90,90,0
Larimer,102,55,98,98,0
Larimer,102,56,97,97,0
Larimer,102,57,98,98,0
Larimer,102,58,99,99,0
Larimer,102,59,99,99,0
Larimer,102,6,98,98,0
Larimer,102,60,99,99,0
Larimer,102,61,100,100,0
Larimer,102,62,100,100,0
Larimer,102,63,100,100,0
Larimer,102,64,100,100,0
Larimer,102,65,99,99,0
Larimer,102,66,9,9,0
Larimer,102,67,100,100,0
Larimer,102,68,99,99,0
Larimer,102,69,99,99,0
Larimer,102,7,100,100,0
Larimer,102,70,100,100,0
Larimer,102,71,97,97,0
Larimer,102,72,99,99,0
Larimer,102,73,99,99,0
Larimer,102,74,98,98,0
Larimer,102,75,95,95,0
Larimer,102,76,99,99,0
Larimer,102,77,100,100,0
Larimer,102,78,100,100,0
Larimer,102,79,100,100,0
Larimer,102,8,100,100,0
Larimer,102,80,100,100,0
Larimer,102,81,99,99,0
Larimer,102,82,95,95,0
Larimer,102,83,8,8,0
Larimer,102,84,6,6,0
Larimer,102,85,93,93,0
Larimer,102,86,98,98,0
Larimer,102,87,97,97,0
Larimer,102,88,100,100,0
Larimer,102,89,99,99,0
Larimer,102,9,100,100,0
Larimer,102,90,100,100,0
Larimer,102,91,100,100,0
Larimer,102,92,100,100,0
Larimer,102,93,97,97,0
Larimer,102,94,100,100,0
Larimer,102,95,100,100,0
Larimer,102,96,100,100,0
Larimer,102,97,100,100,0
Larimer,102,98,100,100,0
Larimer,102,99,100,100,0
Larimer,103,1,99,99,0
Larimer,103,10,100,100,0
Larimer,103,11,98,98,0
Larimer,103,12,100,100,0
Larimer,103,13,98,98,0
Larimer,103,14,100,100,0
Larimer,103,15,100,100,0
Larimer,103,16,100,100,0
Larimer,103,17,100,100,0
Larimer,103,18,100,100,0
Larimer,103,19,100,100,0
Larimer,103,2,98,98,0
Larimer,103,20,100,100,0
Larimer,103,21,97,97,0
Larimer,103,22,98,98,0
Larimer,103,23,98,98,0
Larimer,103,24,99,99,0
Larimer,103,25,100,100,0
Larimer,103,26,100,100,0
Larimer,103,27,100,100,0
Larimer,103,28,100,100,0
Larimer,103,29,100,100,0
Larimer,103,3,99,99,0
Larimer,103,30,91,91,0
Larimer,103,31,99,99,0
Larimer,103,32,12,12,0
Larimer,103,33,100,100,0
Larimer,103,34,100,100,0
Larimer,103,35,97,97,0
Larimer,103,36,100,100,0
Larimer,103,37,100,100,0
Larimer,103,38,97,97,0
Larimer,103,39,99,99,0
Larimer,103,4,100,100,0
Larimer,103,40,95,95,0
Larimer,103,41,100,100,0
Larimer,103,42,97,97,0
Larimer,103,43,98,98,0
Larimer,103,44,100,100,0
Larimer,103,45,100,100,0
Larimer,103,46,100,100,0
Larimer,103,47,100,100,0
Larimer,103,48,100,100,0
Larimer,103,49,100,100,0
Larimer,103,5,100,100,0
Larimer,103,50,100,100,0
Larimer,103,51,97,97,0
Larimer,103,52,95,95,0
Larimer,103,53,100,100,0
Larimer,103,54,97,97,0
Larimer,103,55,100,100,0
Larimer,103,56,81,81,0
Larimer,103,57,99,99,0
Larimer,103,58,100,100,0
Larimer,103,59,97,97,0
Larimer,103,6,97,97,0
Larimer,103,60,100,100,0
Larimer,103,61,99,99,0
Larimer,103,62,100,100,0
Larimer,103,63,100,100,0
Larimer,103,64,98,98,0
Larimer,103,65,100,100,0
Larimer,103,66,100,100,0
Larimer,103,67,100,100,0
Larimer,103,68,95,95,0
Larimer,103,69,100,100,0
Larimer,103,7,96,96,0
Larimer,103,70,100,100,0
Larimer,103,71,92,92,0
Larimer,103,72,99,99,0
Larimer,103,73,100,100,0
Larimer,103,74,100,100,0
Larimer,103,75,100,100,0
Larimer,103,76,100,100,0
Larimer,103,77,99,99,0
Larimer,103,78,98,98,0
Larimer,103,79,74,74,0
Larimer,103,8,100,100,0
Larimer,103,80,100,100,0
Larimer,103,81,94,94,0
Larimer,103,82,100,100,0
Larimer,103,83,100,100,0
Larimer,103,84,43,43,0
Larimer,103,85,100,100,0
Larimer,103,86,100,100,0
Larimer,103,87,95,95,0
Larimer,103,88,96,96,0
Larimer,103,89,100,100,0
Larimer,103,9,99,99,0
Larimer,103,90,97,97,0
Larimer,103,91,100,100,0
Larimer,103,92,100,100,0
Larimer,103,93,98,98,0
Larimer,103,94,100,100,0
Larimer,103,95,97,97,0
Larimer,104,1,53,53,0
Larimer,104,10,100,100,0
Larimer,104,11,97,97,0
Larimer,104,12,98,98,0
Larimer,104,13,100,100,0
Larimer,104,14,98,98,0
Larimer,104,15,98,98,0
Larimer,104,16,53,53,0
Larimer,104,17,95,95,0
Larimer,104,18,100,100,0
Larimer,104,19,100,100,0
Larimer,104,2,97,97,0
Larimer,104,20,99,99,0
Larimer,104,21,100,100,0
Larimer,104,22,98,98,0
Larimer,104,23,100,100,0
Larimer,104,24,98,98,0
Larimer,104,25,92,92,0
Larimer,104,26,99,99,0
Larimer,104,27,100,100,0
Larimer,104,28,100,100,0
Larimer,104,29,100,100,0
Larimer,104,3,100,100,0
Larimer,104,30,100,100,0
Larimer,104,31,100,100,0
Larimer,104,32,100,100,0
Larimer,104,33,100,100,0
Larimer,104,34,97,97,0
Larimer,104,35,96,96,0
Larimer,104,36,95,95,0
Larimer,104,37,98,98,0
Larimer,104,38,11,11,0
Larimer,104,39,100,100,0
Larimer,104,4,100,100,0
Larimer,104,40,97,97,0
Larimer,104,41,100,100,0
Larimer,104,42,100,100,0
Larimer,104,43,100,100,0
Larimer,104,44,30,30,0
Larimer,104,45,100,100,0
Larimer,104,46,95,95,0
Larimer,104,47,100,100,0
Larimer,104,48,100,100,0
Larimer,104,49,100,100,0
Larimer,104,5,100,100,0
Larimer,104,50,97,97,0
Larimer,104,51,99,99,0
Larimer,104,52,99,99,0
Larimer,104,53,96,96,0
Larimer,104,54,97,97,0
Larimer,104,55,100,100,0
Larimer,104,56,97,97,0
Larimer,104,57,99,99,0
Larimer,104,58,94,94,0
Larimer,104,59,100,100,0
Larimer,104,6,100,100,0
Larimer,104,60,99,99,0
Larimer,104,61,100,100,0
Larimer,104,62,100,100,0
Larimer,104,63,98,98,0
Larimer,104,64,93,93,0
Larimer,104,65,98,98,0
Larimer,104,66,100,100,0
Larimer,104,67,7,7,0
Larimer,104,68,100,100,0
Larimer,104,69,100,100,0
Larimer,104,7,97,97,0
Larimer,104,70,95,95,0
Larimer,104,71,100,100,0
Larimer,104,72,97,97,0
Larimer,104,73,100,100,0
Larimer,104,74,98,98,0
Larimer,104,75,100,100,0
Larimer,104,76,94,94,0
Larimer,104,77,100,100,0
Larimer,104,78,100,100,0
Larimer,104,79,100,100,0
Larimer,104,8,100,100,0
Larimer,104,80,100,100,0
Larimer,104,81,100,100,0
Larimer,104,82,96,96,0
Larimer,104,83,97,97,0
Larimer,104,84,99,99,0
Larimer,104,85,69,69,0
Larimer,104,86,100,100,0
Larimer,104,87,99,99,0
Larimer,104,88,95,95,0
Larimer,104,9,100,100,0
Larimer,105,1,96,96,0
Larimer,105,10,100,100,0
Larimer,105,100,2,2,0
Larimer,105,101,5,5,0
Larimer,105,102,5,5,0
Larimer,105,103,2,2,0
Larimer,105,104,2,2,0
Larimer,105,105,6,6,0
Larimer,105,106,1,1,0
Larimer,105,107,99,99,0
Larimer,105,108,100,100,0
Larimer,105,109,10,10,0
Larimer,105,11,100,100,0
Larimer,105,110,100,100,0
Larimer,105,111,100,100,0
Larimer,105,112,100,100,0
Larimer,105,113,100,100,0
Larimer,105,114,100,100,0
Larimer,105,115,97,97,0
Larimer,105,116,95,95,0
Larimer,105,117,99,99,0
Larimer,105,118,10,10,0
Larimer,105,119,9,9,0
Larimer,105,12,100,100,0
Larimer,105,120,10,10,0
Larimer,105,121,9,9,0
Larimer,105,122,10,10,0
Larimer,105,123,2,2,0
Larimer,105,124,2,2,0
Larimer,105,125,2,2,0
Larimer,105,126,98,98,0
Larimer,105,127,96,96,0
Larimer,105,128,100,100,0
Larimer,105,129,99,99,0
Larimer,105,13,100,100,0
Larimer,105,130,94,94,0
Larimer,105,131,100,100,0
Larimer,105,132,99,99,0
Larimer,105,133,36,36,0
Larimer,105,134,100,100,0
Larimer,105,135,100,100,0
Larimer,105,136,92,92,0
Larimer,105,137,99,99,0
Larimer,105,138,93,93,0
Larimer,105,139,100,100,0
Larimer,105,14,100,100,0
Larimer,105,140,99,99,0
Larimer,105,141,100,100,0
Larimer,105,142,98,98,0
Larimer,105,143,99,99,0
Larimer,105,144,1,1,0
Larimer,105,145,1,1,0
Larimer,105,146,1,1,0
Larimer,105,147,2,2,0
Larimer,105,148,1,1,0
Larimer,105,15,100,100,0
Larimer,105,16,99,99,0
Larimer,105,17,100,100,0
Larimer,105,18,100,100,0
Larimer,105,19,100,100,0
Larimer,105,2,75,75,0
Larimer,105,20,100,100,0
Larimer,105,21,100,100,0
Larimer,105,22,100,100,0
Larimer,105,23,100,100,0
Larimer,105,24,100,100,0
Larimer,105,25,100,100,0
Larimer,105,26,100,100,0
Larimer,105,27,100,100,0
Larimer,105,28,100,100,0
Larimer,105,29,100,100,0
Larimer,105,3,99,99,0
Larimer,105,30,100,100,0
Larimer,105,31,99,99,0
Larimer,105,32,100,100,0
Larimer,105,33,100,100,0
Larimer,105,34,100,100,0
Larimer,105,35,100,100,0
Larimer,105,36,100,100,0
Larimer,105,37,100,100,0
Larimer,105,38,51,51,0
Larimer,105,39,100,100,0
Larimer,105,4,97,97,0
Larimer,105,40,100,100,0
Larimer,105,41,100,100,0
Larimer,105,42,98,98,0
Larimer,105,43,100,100,0
Larimer,105,44,1,1,0
Larimer,105,45,100,100,0
Larimer,105,46,100,100,0
Larimer,105,47,100,100,0
Larimer,105,48,35,35,0
Larimer,105,49,32,32,0
Larimer,105,5,99,99,0
Larimer,105,50,98,98,0
Larimer,105,51,100,100,0
Larimer,105,52,22,22,0
Larimer,105,53,100,100,0
Larimer,105,54,100,100,0
Larimer,105,55,99,99,0
Larimer,105,56,100,100,0
Larimer,105,57,97,97,0
Larimer,105,58,97,97,0
Larimer,105,59,100,100,0
Larimer,105,6,100,100,0
Larimer,105,60,100,100,0
Larimer,105,61,98,98,0
Larimer,105,62,96,96,0
Larimer,105,63,96,96,0
Larimer,105,64,10,10,0
Larimer,105,65,10,10,0
Larimer,105,66,9,9,0
Larimer,105,67,5,5,0
Larimer,105,68,10,10,0
Larimer,105,69,10,10,0
Larimer,105,7,100,100,0
Larimer,105,70,10,10,0
Larimer,105,71,10,10,0
Larimer,105,72,7,7,0
Larimer,105,73,100,100,0
Larimer,105,74,100,100,0
Larimer,105,75,100,100,0
Larimer,105,76,100,100,0
Larimer,105,77,100,100,0
Larimer,105,78,100,100,0
Larimer,105,79,93,93,0
Larimer,105,8,100,100,0
Larimer,105,80,100,100,0
Larimer,105,81,99,99,0
Larimer,105,82,100,100,0
Larimer,105,83,100,100,0
Larimer,105,84,100,100,0
Larimer,105,85,98,98,0
Larimer,105,86,100,100,0
Larimer,105,87,97,97,0
Larimer,105,88,98,98,0
Larimer,105,89,89,89,0
Larimer,105,9,99,99,0
Larimer,105,90,94,94,0
Larimer,105,91,100,100,0
Larimer,105,92,100,100,0
Larimer,105,93,100,100,0
Larimer,105,94,99,99,0
Larimer,105,95,10,10,0
Larimer,105,96,1,1,0
Larimer,105,97,1,1,0
Larimer,105,98,1,1,0
Larimer,105,99,7,7,0
Larimer,106,1,97,97,0
Larimer,106,10,100,100,0
Larimer,106,100,99,99,0
Larimer,106,101,94,94,0
Larimer,106,102,100,100,0
Larimer,106,103,99,99,0
Larimer,106,104,99,99,0
Larimer,106,105,100,100,0
Larimer,106,106,90,90,0
Larimer,106,107,94,94,0
Larimer,106,108,10,10,0
Larimer,106,109,10,10,0
Larimer,106,11,100,100,0
Larimer,106,110,3,3,0
Larimer,106,111,2,2,0
Larimer,106,112,96,96,0
Larimer,106,113,100,100,0
Larimer,106,114,100,100,0
Larimer,106,115,100,100,0
Larimer,106,116,100,100,0
Larimer,106,117,99,99,0
Larimer,106,118,65,65,0
Larimer,106,119,99,99,0
Larimer,106,12,100,100,0
Larimer,106,120,100,100,0
Larimer,106,121,95,95,0
Larimer,106,122,100,100,0
Larimer,106,123,100,100,0
Larimer,106,124,100,100,0
Larimer,106,125,99,99,0
Larimer,106,126,100,100,0
Larimer,106,127,100,100,0
Larimer,106,128,100,100,0
Larimer,106,129,6,6,0
Larimer,106,13,99,99,0
Larimer,106,130,1,1,0
Larimer,106,131,3,3,0
Larimer,106,132,1,1,0
Larimer,106,133,1,1,0
Larimer,106,134,2,2,0
Larimer,106,14,100,100,0
Larimer,106,15,100,100,0
Larimer,106,16,100,100,0
Larimer,106,17,100,100,0
Larimer,106,18,100,100,0
Larimer,106,19,100,100,0
Larimer,106,2,99,99,0
Larimer,106,20,100,100,0
Larimer,106,21,100,100,0
Larimer,106,22,100,100,0
Larimer,106,23,100,100,0
Larimer,106,24,100,100,0
Larimer,106,25,100,100,0
Larimer,106,26,100,100,0
Larimer,106,27,100,100,0
Larimer,106,28,100,100,0
Larimer,106,29,100,100,0
Larimer,106,3,100,100,0
Larimer,106,30,100,100,0
Larimer,106,31,100,100,0
Larimer,106,32,100,100,0
Larimer,106,33,100,100,0
Larimer,106,34,10,10,0
Larimer,106,35,100,100,0
Larimer,106,36,94,94,0
Larimer,106,37,97,97,0
Larimer,106,38,95,95,0
Larimer,106,39,96,96,0
Larimer,106,4,100,100,0
Larimer,106,40,91,91,0
Larimer,106,41,95,95,0
Larimer,106,42,97,97,0
Larimer,106,43,97,97,0
Larimer,106,44,97,97,0
Larimer,106,45,95,95,0
Larimer,106,46,94,94,0
Larimer,106,47,97,97,0
Larimer,106,48,100,100,0
Larimer,106,49,28,28,0
Larimer,106,5,100,100,0
Larimer,106,50,100,100,0
Larimer,106,51,99,99,0
Larimer,106,52,98,98,0
Larimer,106,53,100,100,0
Larimer,106,54,99,99,0
Larimer,106,55,100,100,0
Larimer,106,56,93,93,0
Larimer,106,57,97,97,0
Larimer,106,58,96,96,0
Larimer,106,59,95,95,0
Larimer,106,6,100,100,0
Larimer,106,60,92,92,0
Larimer,106,61,99,99,0
Larimer,106,62,4,4,0
Larimer,106,63,10,10,0
Larimer,106,64,10,10,0
Larimer,106,65,6,6,0
Larimer,106,66,10,10,0
Larimer,106,67,3,3,0
Larimer,106,68,10,10,0
Larimer,106,69,10,10,0
Larimer,106,7,100,100,0
Larimer,106,70,99,99,0
Larimer,106,71,100,100,0
Larimer,106,72,95,95,0
Larimer,106,73,95,95,0
Larimer,106,74,100,100,0
Larimer,106,75,100,100,0
Larimer,106,76,95,95,0
Larimer,106,77,100,100,0
Larimer,106,78,91,91,0
Larimer,106,79,100,100,0
Larimer,106,8,63,63,0
Larimer,106,80,100,100,0
Larimer,106,81,100,100,0
Larimer,106,82,100,100,0
Larimer,106,83,100,100,0
Larimer,106,84,97,97,0
Larimer,106,85,10,10,0
Larimer,106,86,9,9,0
Larimer,106,87,2,2,0
Larimer,106,88,5,5,0
Larimer,106,89,1,1,0
Larimer,106,9,100,100,0
Larimer,106,90,3,3,0
Larimer,106,91,6,6,0
Larimer,106,92,4,4,0
Larimer,106,93,10,10,0
Larimer,106,94,2,2,0
Larimer,106,95,1,1,0
Larimer,106,96,98,98,0
Larimer,106,97,100,100,0
Larimer,106,98,95,95,0
Larimer,106,99,18,18,0
Larimer,107,1,100,100,0
Larimer,107,10,100,100,0
Larimer,107,11,100,100,0
Larimer,107,12,98,98,0
Larimer,107,13,96,96,0
Larimer,107,14,97,97,0
Larimer,107,15,99,99,0
Larimer,107,16,100,100,0
Larimer,107,17,99,99,0
Larimer,107,18,100,100,0
Larimer,107,19,11,11,0
Larimer,107,2,95,95,0
Larimer,107,20,97,97,0
Larimer,107,21,92,92,0
Larimer,107,22,100,100,0
Larimer,107,23,95,95,0
Larimer,107,24,100,100,0
Larimer,107,25,100,100,0
Larimer,107,26,100,100,0
Larimer,107,27,100,100,0
Larimer,107,28,97,97,0
Larimer,107,29,100,100,0
Larimer,107,3,99,99,0
Larimer,107,30,99,99,0
Larimer,107,31,100,100,0
Larimer,107,32,100,100,0
Larimer,107,33,93,93,0
Larimer,107,34,96,96,0
Larimer,107,35,100,100,0
Larimer,107,36,100,100,0
Larimer,107,37,96,96,0
Larimer,107,38,20,20,0
Larimer,107,39,99,99,0
Larimer,107,4,100,100,0
Larimer,107,40,97,97,0
Larimer,107,41,57,57,0
Larimer,107,42,100,100,0
Larimer,107,43,100,100,0
Larimer,107,44,99,99,0
Larimer,107,45,100,100,0
Larimer,107,46,89,89,0
Larimer,107,47,90,90,0
Larimer,107,48,97,97,0
Larimer,107,49,100,100,0
Larimer,107,5,98,98,0
Larimer,107,50,100,100,0
Larimer,107,51,97,97,0
Larimer,107,52,100,100,0
Larimer,107,53,12,12,0
Larimer,107,54,98,98,0
Larimer,107,55,99,99,0
Larimer,107,56,100,100,0
Larimer,107,57,100,100,0
Larimer,107,58,97,97,0
Larimer,107,59,97,97,0
Larimer,107,6,98,98,0
Larimer,107,60,100,100,0
Larimer,107,61,97,97,0
Larimer,107,62,100,100,0
Larimer,107,63,98,98,0
Larimer,107,64,100,100,0
Larimer,107,65,94,94,0
Larimer,107,66,100,100,0
Larimer,107,67,100,100,0
Larimer,107,68,99,99,0
Larimer,107,69,100,100,0
Larimer,107,7,100,100,0
Larimer,107,70,99,99,0
Larimer,107,71,100,100,0
Larimer,107,72,99,99,0
Larimer,107,73,100,100,0
Larimer,107,74,100,100,0
Larimer,107,75,14,14,0
Larimer,107,76,96,96,0
Larimer,107,77,100,100,0
Larimer,107,78,93,93,0
Larimer,107,79,99,99,0
Larimer,107,8,100,100,0
Larimer,107,80,100,100,0
Larimer,107,81,100,100,0
Larimer,107,82,98,98,0
Larimer,107,83,94,94,0
Larimer,107,84,91,91,0
Larimer,107,85,91,91,0
Larimer,107,9,100,100,0
Larimer,108,1,97,97,0
Larimer,108,10,100,100,0
Larimer,108,11,100,100,0
Larimer,108,12,100,100,0
Larimer,108,13,100,100,0
Larimer,108,14,100,100,0
Larimer,108,15,99,99,0
Larimer,108,16,99,99,0
Larimer,108,17,100,100,0
Larimer,108,18,99,99,0
Larimer,108,19,97,97,0
Larimer,108,2,98,98,0
Larimer,108,20,98,98,0
Larimer,108,21,96,96,0
Larimer,108,22,95,95,0
Larimer,108,23,100,100,0
Larimer,108,24,99,99,0
Larimer,108,25,100,100,0
Larimer,108,26,100,100,0
Larimer,108,27,99,99,0
Larimer,108,28,98,98,0
Larimer,108,29,100,100,0
Larimer,108,3,98,98,0
Larimer,108,30,93,93,0
Larimer,108,31,95,95,0
Larimer,108,32,96,96,0
Larimer,108,33,99,99,0
Larimer,108,34,99,99,0
Larimer,108,35,95,95,0
Larimer,108,36,100,100,0
Larimer,108,37,97,97,0
Larimer,108,38,100,100,0
Larimer,108,39,100,100,0
Larimer,108,4,99,99,0
Larimer,108,40,100,100,0
Larimer,108,41,98,98,0
Larimer,108,42,98,98,0
Larimer,108,43,100,100,0
Larimer,108,44,100,100,0
Larimer,108,45,100,100,0
Larimer,108,46,99,99,0
Larimer,108,47,100,100,0
Larimer,108,48,100,100,0
Larimer,108,49,96,96,0
Larimer,108,5,97,97,0
Larimer,108,50,100,100,0
Larimer,108,51,97,97,0
Larimer,108,52,100,100,0
Larimer,108,53,100,100,0
Larimer,108,54,97,97,0
Larimer,108,55,40,40,0
Larimer,108,56,87,87,0
Larimer,108,57,100,100,0
Larimer,108,58,84,84,0
Larimer,108,6,100,100,0
Larimer,108,60,97,97,0
Larimer,108,61,100,100,0
Larimer,108,62,100,100,0
Larimer,108,63,99,99,0
Larimer,108,64,100,100,0
Larimer,108,65,100,100,0
Larimer,108,66,98,98,0
Larimer,108,67,95,95,0
Larimer,108,68,100,100,0
Larimer,108,69,100,100,0
Larimer,108,7,97,97,0
Larimer,108,70,97,97,0
Larimer,108,71,96,96,0
Larimer,108,72,69,69,0
Larimer,108,73,100,100,0
Larimer,108,74,98,98,0
Larimer,108,75,100,100,0
Larimer,108,76,99,99,0
Larimer,108,77,100,100,0
Larimer,108,78,67,67,0
Larimer,108,79,97,97,0
Larimer,108,8,99,99,0
Larimer,108,80,98,98,0
Larimer,108,9,97,97,0
Larimer,109,1,96,96,0
Larimer,109,10,100,100,0
Larimer,109,11,99,99,0
Larimer,109,12,100,100,0
Larimer,109,13,100,100,0
Larimer,109,14,100,100,0
Larimer,109,15,99,99,0
Larimer,109,16,99,99,0
Larimer,109,17,100,100,0
Larimer,109,18,100,100,0
Larimer,109,19,99,99,0
Larimer,109,2,99,99,0
Larimer,109,20,100,100,0
Larimer,109,21,100,100,0
Larimer,109,22,100,100,0
Larimer,109,23,97,97,0
Larimer,109,24,100,100,0
Larimer,109,25,100,100,0
Larimer,109,26,99,99,0
Larimer,109,27,97,97,0
Larimer,109,28,98,98,0
Larimer,109,29,97,97,0
Larimer,109,3,97,97,0
Larimer,109,30,96,96,0
Larimer,109,31,96,96,0
Larimer,109,32,99,99,0
Larimer,109,33,100,100,0
Larimer,109,34,97,97,0
Larimer,109,35,5,5,0
Larimer,109,36,7,7,0
Larimer,109,37,99,99,0
Larimer,109,38,100,100,0
Larimer,109,39,100,100,0
Larimer,109,4,98,98,0
Larimer,109,40,100,100,0
Larimer,109,41,100,100,0
Larimer,109,42,98,98,0
Larimer,109,43,100,100,0
Larimer,109,44,99,99,0
Larimer,109,45,100,100,0
Larimer,109,46,100,100,0
Larimer,109,47,100,100,0
Larimer,109,48,86,86,0
Larimer,109,49,100,100,0
Larimer,109,5,100,100,0
Larimer,109,50,100,100,0
Larimer,109,51,9,9,0
Larimer,109,52,97,97,0
Larimer,109,53,47,47,0
Larimer,109,54,98,98,0
Larimer,109,55,100,100,0
Larimer,109,56,100,100,0
Larimer,109,57,44,44,0
Larimer,109,58,99,99,0
Larimer,109,59,100,100,0
Larimer,109,6,100,100,0
Larimer,109,60,100,100,0
Larimer,109,61,100,100,0
Larimer,109,62,100,100,0
Larimer,109,63,100,100,0
Larimer,109,64,98,98,0
Larimer,109,65,100,100,0
Larimer,109,66,100,100,0
Larimer,109,67,100,100,0
Larimer,109,68,100,100,0
Larimer,109,69,98,98,0
Larimer,109,7,100,100,0
Larimer,109,70,99,99,0
Larimer,109,71,100,100,0
Larimer,109,72,99,99,0
Larimer,109,73,54,54,0
Larimer,109,74,100,100,0
Larimer,109,75,94,94,0
Larimer,109,76,60,60,0
Larimer,109,77,100,100,0
Larimer,109,78,99,99,0
Larimer,109,79,94,94,0
Larimer,109,8,100,100,0
Larimer,109,80,98,98,0
Larimer,109,81,101,101,0
Larimer,109,82,7,7,0
Larimer,109,83,100,100,0
Larimer,109,84,88,88,0
Larimer,109,85,93,93,0
Larimer,109,86,95,95,0
Larimer,109,87,97,97,0
Larimer,109,88,100,100,0
Larimer,109,89,99,99,0
Larimer,109,9,100,100,0
Larimer,109,90,98,98,0
Larimer,109,91,100,100,0
Larimer,109,92,100,100,0
Larimer,109,93,94,94,0
Larimer,109,94,13,13,0
Larimer,110,1,99,99,0
Larimer,110,10,100,100,0
Larimer,110,11,100,100,0
Larimer,110,12,100,100,0
Larimer,110,13,100,100,0
Larimer,110,14,100,100,0
Larimer,110,15,100,100,0
Larimer,110,16,100,100,0
Larimer,110,17,100,100,0
Larimer,110,18,100,100,0
Larimer,110,19,100,100,0
Larimer,110,2,99,99,0
Larimer,110,20,100,100,0
Larimer,110,21,100,100,0
Larimer,110,22,98,98,0
Larimer,110,23,93,93,0
Larimer,110,24,97,97,0
Larimer,110,25,98,98,0
Larimer,110,26,92,92,0
Larimer,110,27,95,95,0
Larimer,110,28,96,96,0
Larimer,110,29,99,99,0
Larimer,110,3,99,99,0
Larimer,110,30,98,98,0
Larimer,110,31,95,95,0
Larimer,110,32,25,25,0
Larimer,110,33,62,62,0
Larimer,110,34,100,100,0
Larimer,110,35,96,96,0
Larimer,110,36,100,100,0
Larimer,110,37,100,100,0
Larimer,110,38,99,99,0
Larimer,110,39,100,100,0
Larimer,110,4,99,99,0
Larimer,110,40,97,97,0
Larimer,110,41,95,95,0
Larimer,110,42,100,100,0
Larimer,110,43,96,96,0
Larimer,110,44,13,13,0
Larimer,110,45,97,97,0
Larimer,110,46,100,100,0
Larimer,110,47,100,100,0
Larimer,110,48,100,100,0
Larimer,110,49,5,5,0
Larimer,110,5,100,100,0
Larimer,110,50,100,100,0
Larimer,110,51,98,98,0
Larimer,110,52,97,97,0
Larimer,110,53,100,100,0
Larimer,110,54,99,99,0
Larimer,110,55,100,100,0
Larimer,110,56,100,100,0
Larimer,110,57,100,100,0
Larimer,110,58,100,100,0
Larimer,110,59,96,96,0
Larimer,110,6,99,99,0
Larimer,110,60,100,100,0
Larimer,110,61,100,100,0
Larimer,110,62,99,99,0
Larimer,110,63,50,50,0
Larimer,110,64,100,100,0
Larimer,110,65,99,99,0
Larimer,110,66,99,99,0
Larimer,110,67,58,58,0
Larimer,110,68,98,98,0
Larimer,110,69,99,99,0
Larimer,110,7,100,100,0
Larimer,110,70,98,98,0
Larimer,110,71,100,100,0
Larimer,110,72,100,100,0
Larimer,110,73,80,80,0
Larimer,110,74,95,95,0
Larimer,110,75,10,10,0
Larimer,110,76,100,100,0
Larimer,110,77,94,94,0
Larimer,110,78,100,100,0
Larimer,110,79,92,92,0
Larimer,110,8,100,100,0
Larimer,110,80,99,99,0
Larimer,110,81,100,100,0
Larimer,110,82,100,100,0
Larimer,110,83,100,100,0
Larimer,110,84,93,93,0
Larimer,110,9,100,100,0
Larimer,111,1,99,99,0
Larimer,111,10,100,100,0
Larimer,111,11,100,100,0
Larimer,111,12,98,98,0
Larimer,111,13,95,95,0
Larimer,111,14,100,100,0
Larimer,111,15,96,96,0
Larimer,111,16,100,100,0
Larimer,111,17,97,97,0
Larimer,111,18,94,94,0
Larimer,111,19,100,100,0
Larimer,111,2,98,98,0
Larimer,111,20,100,100,0
Larimer,111,21,98,98,0
Larimer,111,22,100,100,0
Larimer,111,23,100,100,0
Larimer,111,24,95,95,0
Larimer,111,25,97,97,0
Larimer,111,26,100,100,0
Larimer,111,27,100,100,0
Larimer,111,28,100,100,0
Larimer,111,29,100,100,0
Larimer,111,3,100,100,0
Larimer,111,30,99,99,0
Larimer,111,31,100,100,0
Larimer,111,32,98,98,0
Larimer,111,33,93,93,0
Larimer,111,34,97,97,0
Larimer,111,35,100,100,0
Larimer,111,36,100,100,0
Larimer,111,37,99,99,0
Larimer,111,38,97,97,0
Larimer,111,39,96,96,0
Larimer,111,4,96,96,0
Larimer,111,40,96,96,0
Larimer,111,41,100,100,0
Larimer,111,42,30,30,0
Larimer,111,43,99,99,0
Larimer,111,44,99,99,0
Larimer,111,45,99,99,0
Larimer,111,46,100,100,0
Larimer,111,47,100,100,0
Larimer,111,48,100,100,0
Larimer,111,49,10,10,0
Larimer,111,5,65,65,0
Larimer,111,50,58,58,0
Larimer,111,51,100,100,0
Larimer,111,52,97,97,0
Larimer,111,53,36,36,0
Larimer,111,54,100,100,0
Larimer,111,55,97,97,0
Larimer,111,56,99,99,0
Larimer,111,57,100,100,0
Larimer,111,58,97,97,0
Larimer,111,59,95,95,0
Larimer,111,6,96,96,0
Larimer,111,60,92,92,0
Larimer,111,61,100,100,0
Larimer,111,62,95,95,0
Larimer,111,63,99,99,0
Larimer,111,64,97,97,0
Larimer,111,65,31,31,0
Larimer,111,66,100,100,0
Larimer,111,67,97,97,0
Larimer,111,68,100,100,0
Larimer,111,69,100,100,0
Larimer,111,7,93,93,0
Larimer,111,70,100,100,0
Larimer,111,71,100,100,0
Larimer,111,72,95,95,0
Larimer,111,73,17,17,0
Larimer,111,74,98,98,0
Larimer,111,75,100,100,0
Larimer,111,76,100,100,0
Larimer,111,77,99,99,0
Larimer,111,78,100,100,0
Larimer,111,79,100,100,0
Larimer,111,8,99,99,0
Larimer,111,80,96,96,0
Larimer,111,81,93,93,0
Larimer,111,9,96,96,0
Larimer,112,1,97,97,0
Larimer,112,10,100,100,0
Larimer,112,11,84,84,0
Larimer,112,12,96,96,0
Larimer,112,13,100,100,0
Larimer,112,14,92,92,0
Larimer,112,15,100,100,0
Larimer,112,16,100,100,0
Larimer,112,17,100,100,0
Larimer,112,18,100,100,0
Larimer,112,19,98,98,0
Larimer,112,2,95,95,0
Larimer,112,20,100,100,0
Larimer,112,21,100,100,0
Larimer,112,22,100,100,0
Larimer,112,23,100,100,0
Larimer,112,24,100,100,0
Larimer,112,25,100,100,0
Larimer,112,26,100,100,0
Larimer,112,27,92,92,0
Larimer,112,28,94,94,0
Larimer,112,29,96,96,0
Larimer,112,3,100,100,0
Larimer,112,30,94,94,0
Larimer,112,31,99,99,0
Larimer,112,32,95,95,0
Larimer,112,33,99,99,0
Larimer,112,34,100,100,0
Larimer,112,35,98,98,0
Larimer,112,36,97,97,0
Larimer,112,37,98,98,0
Larimer,112,38,100,100,0
Larimer,112,39,100,100,0
Larimer,112,4,98,98,0
Larimer,112,40,3,3,0
Larimer,112,41,100,100,0
Larimer,112,42,94,94,0
Larimer,112,43,90,90,0
Larimer,112,44,98,98,0
Larimer,112,45,100,100,0
Larimer,112,46,100,100,0
Larimer,112,47,100,100,0
Larimer,112,48,100,100,0
Larimer,112,49,99,99,0
Larimer,112,5,96,96,0
Larimer,112,50,30,30,0
Larimer,112,51,93,93,0
Larimer,112,52,99,99,0
Larimer,112,53,99,99,0
Larimer,112,54,100,100,0
Larimer,112,55,100,100,0
Larimer,112,56,97,97,0
Larimer,112,57,100,100,0
Larimer,112,58,100,100,0
Larimer,112,59,100,100,0
Larimer,112,6,100,100,0
Larimer,112,60,100,100,0
Larimer,112,61,6,6,0
Larimer,112,62,100,100,0
Larimer,112,63,100,100,0
Larimer,112,64,74,74,0
Larimer,112,65,97,97,0
Larimer,112,66,100,100,0
Larimer,112,67,100,100,0
Larimer,112,68,96,96,0
Larimer,112,69,97,97,0
Larimer,112,7,100,100,0
Larimer,112,70,97,97,0
Larimer,112,71,100,100,0
Larimer,112,72,100,100,0
Larimer,112,73,96,96,0
Larimer,112,74,96,96,0
Larimer,112,75,100,100,0
Larimer,112,76,100,100,0
Larimer,112,77,100,100,0
Larimer,112,78,96,96,0
Larimer,112,79,94,94,0
Larimer,112,8,97,97,0
Larimer,112,80,99,99,0
Larimer,112,81,97,97,0
Larimer,112,82,95,95,0
Larimer,112,9,100,100,0
Las Animas,101,1,50,50,0
Las Animas,101,10,50,50,0
Las Animas,101,11,50,50,0
Las Animas,101,12,50,50,0
Las Animas,101,13,50,50,0
Las Animas,101,14,50,50,0
Las Animas,101,15,50,50,0
Las Animas,101,16,50,50,0
Las Animas,101,17,50,50,0
Las Animas,101,18,50,50,0
Las Animas,101,19,50,50,0
Las Animas,101,2,50,50,0
Las Animas,101,20,50,50,0
Las Animas,101,21,50,50,0
Las Animas,101,22,50,50,0
Las Animas,101,23,50,50,0
Las Animas,101,24,50,50,0
Las Animas,101,25,50,50,0
Las Animas,101,26,50,50,0
Las Animas,101,27,50,50,0
Las Animas,101,28,50,50,0
Las Animas,101,29,50,50,0
Las Animas,101,3,50,50,0
Las Animas,101,30,50,50,0
Las Animas,101,31,50,50,0
Las Animas,101,32,50,50,0
Las Animas,101,33,50,50,0
Las Animas,101,34,50,50,0
Las Animas,101,35,50,50,0
Las Animas,101,36,50,50,0
Las Animas,101,37,50,50,0
Las Animas,101,38,50,50,0
Las Animas,101,39,50,50,0
Las Animas,101,4,50,50,0
Las Animas,101,40,50,50,0
Las Animas,101,41,50,50,0
Las Animas,101,42,50,50,0
Las Animas,101,43,50,50,0
Las Animas,101,44,50,50,0
Las Animas,101,45,50,50,0
Las Animas,101,46,50,50,0
Las Animas,101,47,50,50,0
Las Animas,101,48,50,50,0
Las Animas,101,49,50,50,0
Las Animas,101,5,50,50,0
Las Animas,101,50,50,50,0
Las Animas,101,51,50,50,0
Las Animas,101,52,50,50,0
Las Animas,101,53,50,50,0
Las Animas,101,54,50,50,0
Las Animas,101,55,50,50,0
Las Animas,101,56,50,50,0
Las Animas,101,57,50,50,0
Las Animas,101,58,50,50,0
Las Animas,101,59,50,50,0
Las Animas,101,6,50,50,0
Las Animas,101,60,50,50,0
Las Animas,101,61,50,50,0
Las Animas,101,62,50,50,0
Las Animas,101,63,50,50,0
Las Animas,101,64,50,50,0
Las Animas,101,65,50,50,0
Las Animas,101,66,50,50,0
Las Animas,101,67,50,50,0
Las Animas,101,68,50,50,0
Las Animas,101,69,50,50,0
Las Animas,101,7,50,50,0
Las Animas,101,70,50,50,0
Las Animas,101,71,50,50,0
Las Animas,101,72,50,50,0
Las Animas,101,73,50,50,0
Las Animas,101,74,50,50,0
Las Animas,101,75,50,50,0
Las Animas,101,76,50,50,0
Las Animas,101,77,50,50,0
Las Animas,101,78,50,50,0
Las Animas,101,79,50,50,0
Las Animas,101,8,50,50,0
Las Animas,101,80,50,50,0
Las Animas,101,81,50,50,0
Las Animas,101,82,50,50,0
Las Animas,101,83,50,50,0
Las Animas,101,84,50,50,0
Las Animas,101,85,50,50,0
Las Animas,101,86,16,16,0
Las Animas,101,9,50,50,0
Las Animas,103,1,33,33,0
Lincoln,101,1,25,25,0
Lincoln,101,10,25,25,0
Lincoln,101,11,25,25,0
Lincoln,101,12,25,25,0
Lincoln,101,13,25,25,0
Lincoln,101,14,25,25,0
Lincoln,101,15,25,25,0
Lincoln,101,16,25,25,0
Lincoln,101,17,25,25,0
Lincoln,101,18,25,25,0
Lincoln,101,19,25,25,0
Lincoln,101,2,25,25,0
Lincoln,101,20,25,25,0
Lincoln,101,21,25,25,0
Lincoln,101,22,25,25,0
Lincoln,101,23,25,25,0
Lincoln,101,24,25,25,0
Lincoln,101,25,25,25,0
Lincoln,101,26,25,25,0
Lincoln,101,27,25,25,0
Lincoln,101,28,25,25,0
Lincoln,101,29,25,25,0
Lincoln,101,3,25,25,0
Lincoln,101,30,25,25,0
Lincoln,101,31,25,25,0
Lincoln,101,32,25,25,0
Lincoln,101,33,25,25,0
Lincoln,101,34,25,25,0
Lincoln,101,35,25,25,0
Lincoln,101,36,25,25,0
Lincoln,101,37,25,25,0
Lincoln,101,38,25,25,0
Lincoln,101,39,25,25,0
Lincoln,101,4,25,25,0
Lincoln,101,40,25,25,0
Lincoln,101,41,25,25,0
Lincoln,101,42,25,25,0
Lincoln,101,43,25,25,0
Lincoln,101,44,25,25,0
Lincoln,101,45,25,25,0
Lincoln,101,46,25,25,0
Lincoln,101,47,25,25,0
Lincoln,101,48,25,25,0
Lincoln,101,49,25,25,0
Lincoln,101,5,25,25,0
Lincoln,101,50,25,25,0
Lincoln,101,51,25,25,0
Lincoln,101,52,25,25,0
Lincoln,101,53,25,25,0
Lincoln,101,54,25,25,0
Lincoln,101,55,25,25,0
Lincoln,101,56,25,25,0
Lincoln,101,57,25,25,0
Lincoln,101,58,25,25,0
Lincoln,101,59,25,25,0
Lincoln,101,6,25,25,0
Lincoln,101,60,25,25,0
Lincoln,101,61,9,9,0
Lincoln,101,62,9,9,0
Lincoln,101,63,11,11,0
Lincoln,101,64,2,2,0
Lincoln,101,65,15,15,0
Lincoln,101,7,25,25,0
Lincoln,101,8,25,25,0
Lincoln,101,9,25,25,0
Logan,101,1,19,19,0
Logan,101,10,6,6,0
Logan,101,100,25,25,0
Logan,101,101,29,29,0
Logan,101,102,25,25,0
Logan,101,103,25,25,0
Logan,101,104,23,23,0
Logan,101,105,22,22,0
Logan,101,106,30,30,0
Logan,101,107,16,16,0
Logan,101,108,34,34,0
Logan,101,109,34,34,0
Logan,101,11,18,18,0
Logan,101,110,24,24,0
Logan,101,111,24,24,0
Logan,101,112,25,25,0
Logan,101,113,25,25,0
Logan,101,114,25,25,0
Logan,101,115,22,22,0
Logan,101,116,22,22,0
Logan,101,117,34,34,0
Logan,101,118,4,4,0
Logan,101,119,24,24,0
Logan,101,12,24,24,0
Logan,101,120,25,25,0
Logan,101,121,24,24,0
Logan,101,122,25,25,0
Logan,101,123,33,33,0
Logan,101,124,25,25,0
Logan,101,125,24,24,0
Logan,101,126,24,24,0
Logan,101,127,24,24,0
Logan,101,128,21,21,0
Logan,101,129,24,24,0
Logan,101,13,25,25,0
Logan,101,130,21,21,0
Logan,101,131,18,18,0
Logan,101,132,22,22,0
Logan,101,133,25,25,0
Logan,101,134,23,23,0
Logan,101,135,23,23,0
Logan,101,136,23,23,0
Logan,101,137,28,28,0
Logan,101,138,24,24,0
Logan,101,139,24,24,0
Logan,101,14,25,25,0
Logan,101,140,1,1,0
Logan,101,141,19,19,0
Logan,101,142,24,24,0
Logan,101,143,20,20,0
Logan,101,144,24,24,0
Logan,101,145,28,28,0
Logan,101,146,24,24,0
Logan,101,147,16,16,0
Logan,101,148,32,32,0
Logan,101,149,23,23,0
Logan,101,15,25,25,0
Logan,101,150,24,24,0
Logan,101,151,25,25,0
Logan,101,152,1,1,0
Logan,101,153,21,21,0
Logan,101,154,26,26,0
Logan,101,155,19,19,0
Logan,101,156,21,21,0
Logan,101,157,24,24,0
Logan,101,158,20,20,0
Logan,101,159,24,24,0
Logan,101,16,25,25,0
Logan,101,160,20,20,0
Logan,101,161,22,22,0
Logan,101,162,25,25,0
Logan,101,163,1,1,0
Logan,101,164,23,23,0
Logan,101,165,36,36,0
Logan,101,166,23,23,0
Logan,101,167,26,26,0
Logan,101,168,22,22,0
Logan,101,169,25,25,0
Logan,101,17,10,10,0
Logan,101,170,25,25,0
Logan,101,171,25,25,0
Logan,101,172,25,25,0
Logan,101,173,37,37,0
Logan,101,174,21,21,0
Logan,101,175,34,34,0
Logan,101,176,28,28,0
Logan,101,177,27,27,0
Logan,101,178,25,25,0
Logan,101,179,20,20,0
Logan,101,18,29,29,0
Logan,101,180,25,25,0
Logan,101,181,23,23,0
Logan,101,182,23,23,0
Logan,101,183,1,1,0
Logan,101,184,7,7,0
Logan,101,185,17,17,0
Logan,101,186,25,25,0
Logan,101,187,20,20,0
Logan,101,188,23,23,0
Logan,101,189,21,21,0
Logan,101,19,24,24,0
Logan,101,190,3,3,0
Logan,101,191,19,19,0
Logan,101,192,25,25,0
Logan,101,193,25,25,0
Logan,101,194,36,36,0
Logan,101,195,25,25,0
Logan,101,196,25,25,0
Logan,101,197,25,25,0
Logan,101,198,25,25,0
Logan,101,199,25,25,0
Logan,101,2,26,26,0
Logan,101,20,25,25,0
Logan,101,200,21,21,0
Logan,101,201,34,34,0
Logan,101,202,25,25,0
Logan,101,203,23,23,0
Logan,101,204,25,25,0
Logan,101,205,27,27,0
Logan,101,206,30,30,0
Logan,101,207,24,24,0
Logan,101,208,24,24,0
Logan,101,209,26,26,0
Logan,101,21,25,25,0
Logan,101,210,2,2,0
Logan,101,211,20,20,0
Logan,101,212,30,30,0
Logan,101,213,35,35,0
Logan,101,214,16,16,0
Logan,101,215,25,25,0
Logan,101,216,32,32,0
Logan,101,217,30,30,0
Logan,101,218,28,28,0
Logan,101,219,30,30,0
Logan,101,22,2,2,0
Logan,101,220,28,28,0
Logan,101,221,23,23,0
Logan,101,222,24,24,0
Logan,101,223,25,25,0
Logan,101,224,1,1,0
Logan,101,225,6,6,0
Logan,101,226,29,29,0
Logan,101,227,24,24,0
Logan,101,228,25,25,0
Logan,101,229,26,26,0
Logan,101,23,12,12,0
Logan,101,230,15,15,0
Logan,101,231,34,34,0
Logan,101,232,22,22,0
Logan,101,233,29,29,0
Logan,101,234,25,25,0
Logan,101,235,4,4,0
Logan,101,236,35,35,0
Logan,101,237,36,36,0
Logan,101,238,21,21,0
Logan,101,239,24,24,0
Logan,101,24,25,25,0
Logan,101,240,10,10,0
Logan,101,241,23,23,0
Logan,101,242,24,24,0
Logan,101,243,33,33,0
Logan,101,244,2,2,0
Logan,101,245,7,7,0
Logan,101,246,26,26,0
Logan,101,247,24,24,0
Logan,101,248,22,22,0
Logan,101,249,2,2,0
Logan,101,25,25,25,0
Logan,101,250,7,7,0
Logan,101,251,28,28,0
Logan,101,252,16,16,0
Logan,101,253,31,31,0
Logan,101,254,11,11,0
Logan,101,255,30,30,0
Logan,101,256,31,31,0
Logan,101,257,25,25,0
Logan,101,258,1,1,0
Logan,101,259,42,42,0
Logan,101,26,25,25,0
Logan,101,260,15,15,0
Logan,101,261,26,26,0
Logan,101,262,1,1,0
Logan,101,263,13,13,0
Logan,101,264,5,5,0
Logan,101,265,15,15,0
Logan,101,27,24,24,0
Logan,101,28,25,25,0
Logan,101,29,22,22,0
Logan,101,3,23,23,0
Logan,101,30,1,1,0
Logan,101,31,36,36,0
Logan,101,32,29,29,0
Logan,101,33,25,25,0
Logan,101,34,25,25,0
Logan,101,35,25,25,0
Logan,101,36,25,25,0
Logan,101,37,21,21,0
Logan,101,38,24,24,0
Logan,101,39,25,25,0
Logan,101,4,21,21,0
Logan,101,40,24,24,0
Logan,101,41,38,38,0
Logan,101,42,2,2,0
Logan,101,43,21,21,0
Logan,101,44,24,24,0
Logan,101,45,25,25,0
Logan,101,46,25,25,0
Logan,101,47,23,23,0
Logan,101,48,25,25,0
Logan,101,49,24,24,0
Logan,101,5,24,24,0
Logan,101,50,25,25,0
Logan,101,51,25,25,0
Logan,101,52,23,23,0
Logan,101,53,25,25,0
Logan,101,54,25,25,0
Logan,101,55,36,36,0
Logan,101,56,25,25,0
Logan,101,57,25,25,0
Logan,101,58,33,33,0
Logan,101,59,31,31,0
Logan,101,6,25,25,0
Logan,101,60,25,25,0
Logan,101,61,25,25,0
Logan,101,62,25,25,0
Logan,101,63,26,26,0
Logan,101,64,25,25,0
Logan,101,65,27,27,0
Logan,101,66,25,25,0
Logan,101,67,37,37,0
Logan,101,68,24,24,0
Logan,101,69,33,33,0
Logan,101,7,24,24,0
Logan,101,70,24,24,0
Logan,101,71,25,25,0
Logan,101,72,15,15,0
Logan,101,73,25,25,0
Logan,101,74,25,25,0
Logan,101,75,24,24,0
Logan,101,76,2,2,0
Logan,101,77,24,24,0
Logan,101,78,25,25,0
Logan,101,79,16,16,0
Logan,101,8,24,24,0
Logan,101,80,30,30,0
Logan,101,81,25,25,0
Logan,101,82,21,21,0
Logan,101,83,25,25,0
Logan,101,84,25,25,0
Logan,101,85,35,35,0
Logan,101,86,25,25,0
Logan,101,87,27,27,0
Logan,101,88,1,1,0
Logan,101,89,25,25,0
Logan,101,9,33,33,0
Logan,101,90,21,21,0
Logan,101,91,24,24,0
Logan,101,92,24,24,0
Logan,101,93,28,28,0
Logan,101,94,24,24,0
Logan,101,95,25,25,0
Logan,101,96,26,26,0
Logan,101,97,20,20,0
Logan,101,98,19,19,0
Logan,101,99,20,20,0
Mesa,101,1,58,58,0
Mesa,101,2,12,12,0
Mesa,101,3,178,178,0
Mesa,101,4,72,72,0
Mesa,101,5,122,122,0
Mesa,101,6,144,144,0
Mesa,101,7,171,171,0
Mesa,302,1,33,33,0
Mesa,302,10,34,34,0
Mesa,302,100,96,96,0
Mesa,302,101,94,94,0
Mesa,302,102,98,98,0
Mesa,302,103,98,98,0
Mesa,302,104,98,98,0
Mesa,302,105,98,98,0
Mesa,302,106,98,98,0
Mesa,302,107,98,98,0
Mesa,302,108,100,100,0
Mesa,302,109,100,100,0
Mesa,302,11,100,100,0
Mesa,302,110,100,100,0
Mesa,302,111,100,100,0
Mesa,302,112,100,100,0
Mesa,302,113,100,100,0
Mesa,302,114,100,100,0
Mesa,302,115,100,100,0
Mesa,302,116,100,100,0
Mesa,302,117,98,98,0
Mesa,302,118,100,100,0
Mesa,302,119,99,99,0
Mesa,302,12,98,98,0
Mesa,302,120,100,100,0
Mesa,302,121,99,99,0
Mesa,302,122,99,99,0
Mesa,302,123,99,99,0
Mesa,302,124,100,100,0
Mesa,302,125,100,100,0
Mesa,302,126,100,100,0
Mesa,302,127,100,100,0
Mesa,302,128,100,100,0
Mesa,302,129,100,100,0
Mesa,302,13,20,20,0
Mesa,302,130,100,100,0
Mesa,302,131,100,100,0
Mesa,302,132,100,100,0
Mesa,302,133,100,100,0
Mesa,302,134,99,99,0
Mesa,302,135,100,100,0
Mesa,302,136,100,100,0
Mesa,302,137,99,99,0
Mesa,302,138,100,100,0
Mesa,302,139,60,60,0
Mesa,302,14,98,98,0
Mesa,302,140,31,31,0
Mesa,302,141,61,61,0
Mesa,302,142,98,98,0
Mesa,302,143,26,26,0
Mesa,302,144,25,25,0
Mesa,302,145,98,98,0
Mesa,302,146,97,97,0
Mesa,302,147,91,91,0
Mesa,302,148,99,99,0
Mesa,302,149,100,100,0
Mesa,302,15,99,99,0
Mesa,302,150,100,100,0
Mesa,302,151,100,100,0
Mesa,302,152,100,100,0
Mesa,302,153,100,100,0
Mesa,302,154,100,100,0
Mesa,302,155,11,11,0
Mesa,302,156,97,97,0
Mesa,302,157,2,2,0
Mesa,302,158,100,100,0
Mesa,302,159,100,100,0
Mesa,302,16,99,99,0
Mesa,302,160,100,100,0
Mesa,302,161,100,100,0
Mesa,302,162,100,100,0
Mesa,302,163,99,99,0
Mesa,302,164,98,98,0
Mesa,302,165,146,146,0
Mesa,302,166,98,98,0
Mesa,302,167,100,100,0
Mesa,302,168,100,100,0
Mesa,302,169,99,99,0
Mesa,302,17,100,100,0
Mesa,302,170,100,100,0
Mesa,302,171,100,100,0
Mesa,302,172,99,99,0
Mesa,302,173,99,99,0
Mesa,302,174,98,98,0
Mesa,302,175,99,99,0
Mesa,302,176,99,99,0
Mesa,302,177,51,51,0
Mesa,302,178,46,46,0
Mesa,302,179,100,100,0
Mesa,302,18,98,98,0
Mesa,302,180,100,100,0
Mesa,302,181,98,98,0
Mesa,302,182,82,82,0
Mesa,302,183,99,99,0
Mesa,302,184,99,99,0
Mesa,302,185,98,98,0
Mesa,302,186,97,97,0
Mesa,302,187,10,10,0
Mesa,302,188,100,100,0
Mesa,302,189,100,100,0
Mesa,302,19,99,99,0
Mesa,302,190,100,100,0
Mesa,302,191,99,99,0
Mesa,302,192,61,61,0
Mesa,302,193,99,99,0
Mesa,302,194,98,98,0
Mesa,302,195,100,100,0
Mesa,302,196,99,99,0
Mesa,302,197,97,97,0
Mesa,302,198,19,19,0
Mesa,302,199,4,4,0
Mesa,302,2,98,98,0
Mesa,302,20,100,100,0
Mesa,302,200,100,100,0
Mesa,302,201,34,34,0
Mesa,302,202,99,99,0
Mesa,302,203,99,99,0
Mesa,302,204,98,98,0
Mesa,302,205,97,97,0
Mesa,302,206,36,36,0
Mesa,302,207,60,60,0
Mesa,302,208,1,1,0
Mesa,302,209,99,99,0
Mesa,302,21,100,100,0
Mesa,302,210,99,99,0
Mesa,302,211,100,100,0
Mesa,302,212,16,16,0
Mesa,302,213,100,100,0
Mesa,302,214,100,100,0
Mesa,302,215,98,98,0
Mesa,302,216,3,3,0
Mesa,302,217,99,99,0
Mesa,302,218,97,97,0
Mesa,302,219,97,97,0
Mesa,302,22,100,100,0
Mesa,302,220,79,79,0
Mesa,302,221,100,100,0
Mesa,302,222,99,99,0
Mesa,302,223,100,100,0
Mesa,302,224,99,99,0
Mesa,302,225,100,100,0
Mesa,302,226,100,100,0
Mesa,302,227,1,1,0
Mesa,302,228,1,1,0
Mesa,302,229,10,10,0
Mesa,302,23,100,100,0
Mesa,302,230,16,16,0
Mesa,302,231,100,100,0
Mesa,302,232,14,14,0
Mesa,302,233,100,100,0
Mesa,302,234,92,92,0
Mesa,302,235,9,9,0
Mesa,302,236,29,29,0
Mesa,302,237,100,100,0
Mesa,302,238,98,98,0
Mesa,302,239,97,97,0
Mesa,302,24,100,100,0
Mesa,302,240,99,99,0
Mesa,302,241,100,100,0
Mesa,302,242,26,26,0
Mesa,302,243,16,16,0
Mesa,302,244,83,83,0
Mesa,302,245,98,98,0
Mesa,302,246,99,99,0
Mesa,302,247,100,100,0
Mesa,302,248,41,41,0
Mesa,302,249,100,100,0
Mesa,302,25,99,99,0
Mesa,302,250,18,18,0
Mesa,302,251,9,9,0
Mesa,302,252,17,17,0
Mesa,302,253,91,91,0
Mesa,302,254,23,23,0
Mesa,302,255,98,98,0
Mesa,302,256,100,100,0
Mesa,302,257,98,98,0
Mesa,302,258,100,100,0
Mesa,302,259,100,100,0
Mesa,302,26,100,100,0
Mesa,302,260,47,47,0
Mesa,302,261,100,100,0
Mesa,302,262,98,98,0
Mesa,302,263,32,32,0
Mesa,302,264,99,99,0
Mesa,302,265,100,100,0
Mesa,302,266,99,99,0
Mesa,302,267,6,6,0
Mesa,302,268,7,7,0
Mesa,302,269,7,7,0
Mesa,302,27,99,99,0
Mesa,302,270,19,19,0
Mesa,302,271,100,100,0
Mesa,302,272,100,100,0
Mesa,302,273,51,51,0
Mesa,302,274,99,99,0
Mesa,302,275,99,99,0
Mesa,302,276,98,98,0
Mesa,302,277,21,21,0
Mesa,302,278,99,99,0
Mesa,302,279,99,99,0
Mesa,302,28,100,100,0
Mesa,302,280,97,97,0
Mesa,302,281,100,100,0
Mesa,302,282,100,100,0
Mesa,302,283,31,31,0
Mesa,302,284,98,98,0
Mesa,302,285,99,99,0
Mesa,302,286,100,100,0
Mesa,302,287,100,100,0
Mesa,302,288,98,98,0
Mesa,302,289,100,100,0
Mesa,302,29,100,100,0
Mesa,302,290,100,100,0
Mesa,302,291,100,100,0
Mesa,302,292,98,98,0
Mesa,302,293,97,97,0
Mesa,302,294,98,98,0
Mesa,302,295,99,99,0
Mesa,302,296,45,45,0
Mesa,302,297,100,100,0
Mesa,302,298,100,100,0
Mesa,302,299,96,96,0
Mesa,302,3,99,99,0
Mesa,302,30,100,100,0
Mesa,302,300,98,98,0
Mesa,302,301,100,100,0
Mesa,302,302,23,23,0
Mesa,302,303,19,19,0
Mesa,302,304,19,19,0
Mesa,302,305,2,2,0
Mesa,302,306,14,14,0
Mesa,302,307,98,98,0
Mesa,302,308,100,100,0
Mesa,302,309,100,100,0
Mesa,302,31,100,100,0
Mesa,302,310,5,5,0
Mesa,302,311,100,100,0
Mesa,302,312,100,100,0
Mesa,302,313,99,99,0
Mesa,302,314,22,22,0
Mesa,302,315,99,99,0
Mesa,302,316,100,100,0
Mesa,302,317,4,4,0
Mesa,302,318,92,92,0
Mesa,302,319,26,26,0
Mesa,302,32,100,100,0
Mesa,302,320,20,20,0
Mesa,302,321,1,1,0
Mesa,302,322,68,68,0
Mesa,302,323,99,99,0
Mesa,302,324,100,100,0
Mesa,302,325,10,10,0
Mesa,302,326,1,1,0
Mesa,302,327,99,99,0
Mesa,302,328,11,11,0
Mesa,302,329,97,97,0
Mesa,302,33,97,97,0
Mesa,302,330,100,100,0
Mesa,302,331,53,53,0
Mesa,302,332,98,98,0
Mesa,302,333,6,6,0
Mesa,302,334,100,100,0
Mesa,302,335,99,99,0
Mesa,302,336,99,99,0
Mesa,302,337,81,81,0
Mesa,302,338,99,99,0
Mesa,302,339,100,100,0
Mesa,302,34,100,100,0
Mesa,302,340,4,4,0
Mesa,302,341,22,22,0
Mesa,302,342,99,99,0
Mesa,302,343,100,100,0
Mesa,302,344,100,100,0
Mesa,302,345,23,23,0
Mesa,302,346,11,11,0
Mesa,302,347,14,14,0
Mesa,302,348,9,9,0
Mesa,302,349,100,100,0
Mesa,302,35,100,100,0
Mesa,302,350,98,98,0
Mesa,302,351,100,100,0
Mesa,302,352,13,13,0
Mesa,302,353,100,100,0
Mesa,302,354,36,36,0
Mesa,302,355,100,100,0
Mesa,302,356,100,100,0
Mesa,302,357,100,100,0
Mesa,302,358,30,30,0
Mesa,302,359,14,14,0
Mesa,302,36,97,97,0
Mesa,302,360,99,99,0
Mesa,302,361,96,96,0
Mesa,302,362,100,100,0
Mesa,302,363,12,12,0
Mesa,302,364,42,42,0
Mesa,302,365,89,89,0
Mesa,302,366,98,98,0
Mesa,302,367,96,96,0
Mesa,302,368,99,99,0
Mesa,302,369,10,10,0
Mesa,302,37,98,98,0
Mesa,302,370,100,100,0
Mesa,302,371,17,17,0
Mesa,302,372,100,100,0
Mesa,302,373,97,97,0
Mesa,302,374,100,100,0
Mesa,302,375,31,31,0
Mesa,302,376,3,3,0
Mesa,302,377,99,99,0
Mesa,302,378,71,71,0
Mesa,302,379,59,59,0
Mesa,302,38,97,97,0
Mesa,302,380,100,100,0
Mesa,302,381,100,100,0
Mesa,302,382,100,100,0
Mesa,302,383,99,99,0
Mesa,302,384,100,100,0
Mesa,302,385,46,46,0
Mesa,302,386,100,100,0
Mesa,302,387,100,100,0
Mesa,302,388,98,98,0
Mesa,302,389,99,99,0
Mesa,302,39,99,99,0
Mesa,302,390,96,96,0
Mesa,302,391,94,94,0
Mesa,302,392,11,11,0
Mesa,302,393,99,99,0
Mesa,302,394,100,100,0
Mesa,302,395,4,4,0
Mesa,302,396,76,76,0
Mesa,302,397,48,48,0
Mesa,302,398,99,99,0
Mesa,302,399,54,54,0
Mesa,302,4,99,99,0
Mesa,302,40,99,99,0
Mesa,302,400,9,9,0
Mesa,302,401,100,100,0
Mesa,302,402,100,100,0
Mesa,302,403,12,12,0
Mesa,302,404,97,97,0
Mesa,302,405,100,100,0
Mesa,302,406,98,98,0
Mesa,302,407,43,43,0
Mesa,302,408,95,95,0
Mesa,302,409,96,96,0
Mesa,302,41,100,100,0
Mesa,302,410,99,99,0
Mesa,302,411,100,100,0
Mesa,302,412,27,27,0
Mesa,302,413,100,100,0
Mesa,302,414,99,99,0
Mesa,302,415,50,50,0
Mesa,302,416,75,75,0
Mesa,302,417,69,69,0
Mesa,302,418,99,99,0
Mesa,302,419,16,16,0
Mesa,302,42,29,29,0
Mesa,302,420,19,19,0
Mesa,302,421,99,99,0
Mesa,302,422,96,96,0
Mesa,302,423,57,57,0
Mesa,302,424,100,100,0
Mesa,302,425,98,98,0
Mesa,302,426,99,99,0
Mesa,302,427,100,100,0
Mesa,302,428,3,3,0
Mesa,302,429,1,1,0
Mesa,302,43,23,23,0
Mesa,302,430,92,92,0
Mesa,302,431,97,97,0
Mesa,302,432,23,23,0
Mesa,302,433,99,99,0
Mesa,302,434,99,99,0
Mesa,302,435,97,97,0
Mesa,302,436,100,100,0
Mesa,302,437,99,99,0
Mesa,302,438,23,23,0
Mesa,302,439,98,98,0
Mesa,302,44,12,12,0
Mesa,302,440,100,100,0
Mesa,302,441,99,99,0
Mesa,302,442,100,100,0
Mesa,302,443,98,98,0
Mesa,302,444,100,100,0
Mesa,302,445,82,82,0
Mesa,302,446,100,100,0
Mesa,302,447,99,99,0
Mesa,302,448,99,99,0
Mesa,302,449,100,100,0
Mesa,302,45,5,5,0
Mesa,302,450,100,100,0
Mesa,302,451,100,100,0
Mesa,302,452,98,98,0
Mesa,302,453,99,99,0
Mesa,302,454,99,99,0
Mesa,302,455,98,98,0
Mesa,302,456,100,100,0
Mesa,302,457,100,100,0
Mesa,302,458,99,99,0
Mesa,302,459,99,99,0
Mesa,302,46,15,15,0
Mesa,302,460,99,99,0
Mesa,302,461,2,2,0
Mesa,302,462,100,100,0
Mesa,302,463,18,18,0
Mesa,302,464,4,4,0
Mesa,302,465,99,99,0
Mesa,302,466,88,88,0
Mesa,302,467,100,100,0
Mesa,302,468,97,97,0
Mesa,302,469,99,99,0
Mesa,302,47,6,6,0
Mesa,302,470,99,99,0
Mesa,302,471,100,100,0
Mesa,302,472,53,53,0
Mesa,302,473,97,97,0
Mesa,302,474,23,23,0
Mesa,302,475,87,87,0
Mesa,302,476,100,100,0
Mesa,302,477,99,99,0
Mesa,302,478,100,100,0
Mesa,302,479,100,100,0
Mesa,302,48,9,9,0
Mesa,302,480,42,42,0
Mesa,302,481,9,9,0
Mesa,302,482,97,97,0
Mesa,302,483,100,100,0
Mesa,302,484,38,38,0
Mesa,302,485,98,98,0
Mesa,302,486,43,43,0
Mesa,302,487,92,92,0
Mesa,302,488,77,77,0
Mesa,302,489,47,47,0
Mesa,302,49,3,3,0
Mesa,302,490,79,79,0
Mesa,302,491,99,99,0
Mesa,302,492,63,63,0
Mesa,302,493,99,99,0
Mesa,302,494,99,99,0
Mesa,302,495,98,98,0
Mesa,302,496,99,99,0
Mesa,302,497,100,100,0
Mesa,302,498,100,100,0
Mesa,302,499,99,99,0
Mesa,302,5,100,100,0
Mesa,302,50,4,4,0
Mesa,302,500,100,100,0
Mesa,302,501,100,100,0
Mesa,302,502,99,99,0
Mesa,302,503,99,99,0
Mesa,302,504,100,100,0
Mesa,302,505,99,99,0
Mesa,302,506,100,100,0
Mesa,302,507,99,99,0
Mesa,302,508,98,98,0
Mesa,302,509,98,98,0
Mesa,302,51,4,4,0
Mesa,302,510,100,100,0
Mesa,302,511,100,100,0
Mesa,302,512,100,100,0
Mesa,302,513,100,100,0
Mesa,302,514,99,99,0
Mesa,302,515,99,99,0
Mesa,302,516,49,49,0
Mesa,302,517,31,31,0
Mesa,302,518,99,99,0
Mesa,302,519,99,99,0
Mesa,302,52,100,100,0
Mesa,302,520,100,100,0
Mesa,302,521,100,100,0
Mesa,302,522,100,100,0
Mesa,302,523,100,100,0
Mesa,302,524,98,98,0
Mesa,302,525,99,99,0
Mesa,302,526,100,100,0
Mesa,302,527,99,99,0
Mesa,302,528,99,99,0
Mesa,302,529,100,100,0
Mesa,302,53,8,8,0
Mesa,302,530,99,99,0
Mesa,302,531,99,99,0
Mesa,302,532,100,100,0
Mesa,302,533,99,99,0
Mesa,302,534,100,100,0
Mesa,302,535,100,100,0
Mesa,302,536,71,71,0
Mesa,302,537,100,100,0
Mesa,302,538,47,47,0
Mesa,302,539,98,98,0
Mesa,302,54,21,21,0
Mesa,302,540,41,41,0
Mesa,302,541,5,5,0
Mesa,302,542,78,78,0
Mesa,302,543,100,100,0
Mesa,302,544,10,10,0
Mesa,302,545,28,28,0
Mesa,302,546,36,36,0
Mesa,302,547,100,100,0
Mesa,302,548,100,100,0
Mesa,302,549,15,15,0
Mesa,302,55,1,1,0
Mesa,302,550,100,100,0
Mesa,302,551,98,98,0
Mesa,302,552,98,98,0
Mesa,302,553,98,98,0
Mesa,302,554,100,100,0
Mesa,302,555,98,98,0
Mesa,302,556,100,100,0
Mesa,302,557,98,98,0
Mesa,302,558,98,98,0
Mesa,302,559,13,13,0
Mesa,302,56,6,6,0
Mesa,302,560,99,99,0
Mesa,302,561,64,64,0
Mesa,302,562,44,44,0
Mesa,302,563,98,98,0
Mesa,302,564,100,100,0
Mesa,302,565,100,100,0
Mesa,302,566,100,100,0
Mesa,302,567,100,100,0
Mesa,302,568,84,84,0
Mesa,302,569,97,97,0
Mesa,302,57,8,8,0
Mesa,302,570,100,100,0
Mesa,302,571,99,99,0
Mesa,302,572,15,15,0
Mesa,302,573,81,81,0
Mesa,302,574,100,100,0
Mesa,302,575,100,100,0
Mesa,302,576,100,100,0
Mesa,302,577,99,99,0
Mesa,302,578,100,100,0
Mesa,302,579,100,100,0
Mesa,302,58,7,7,0
Mesa,302,580,100,100,0
Mesa,302,581,99,99,0
Mesa,302,582,52,52,0
Mesa,302,583,97,97,0
Mesa,302,584,100,100,0
Mesa,302,585,100,100,0
Mesa,302,586,99,99,0
Mesa,302,587,100,100,0
Mesa,302,588,20,20,0
Mesa,302,589,97,97,0
Mesa,302,59,26,26,0
Mesa,302,590,11,11,0
Mesa,302,591,90,90,0
Mesa,302,592,97,97,0
Mesa,302,593,98,98,0
Mesa,302,594,98,98,0
Mesa,302,595,100,100,0
Mesa,302,596,100,100,0
Mesa,302,597,6,6,0
Mesa,302,598,99,99,0
Mesa,302,599,100,100,0
Mesa,302,6,17,17,0
Mesa,302,60,1,1,0
Mesa,302,600,100,100,0
Mesa,302,601,67,67,0
Mesa,302,602,99,99,0
Mesa,302,603,17,17,0
Mesa,302,604,40,40,0
Mesa,302,605,40,40,0
Mesa,302,606,100,100,0
Mesa,302,607,100,100,0
Mesa,302,608,78,78,0
Mesa,302,609,100,100,0
Mesa,302,61,100,100,0
Mesa,302,610,100,100,0
Mesa,302,611,100,100,0
Mesa,302,612,100,100,0
Mesa,302,613,66,66,0
Mesa,302,614,1,1,0
Mesa,302,615,98,98,0
Mesa,302,616,69,69,0
Mesa,302,617,41,41,0
Mesa,302,618,81,81,0
Mesa,302,619,16,16,0
Mesa,302,62,100,100,0
Mesa,302,620,19,19,0
Mesa,302,621,26,26,0
Mesa,302,622,100,100,0
Mesa,302,623,100,100,0
Mesa,302,624,99,99,0
Mesa,302,625,46,46,0
Mesa,302,626,1,1,0
Mesa,302,627,58,58,0
Mesa,302,628,43,43,0
Mesa,302,629,101,101,0
Mesa,302,63,84,84,0
Mesa,302,630,4,4,0
Mesa,302,64,99,99,0
Mesa,302,65,99,99,0
Mesa,302,66,99,99,0
Mesa,302,67,27,27,0
Mesa,302,68,6,6,0
Mesa,302,69,100,100,0
Mesa,302,7,100,100,0
Mesa,302,70,100,100,0
Mesa,302,71,100,100,0
Mesa,302,72,98,98,0
Mesa,302,73,99,99,0
Mesa,302,74,47,47,0
Mesa,302,75,98,98,0
Mesa,302,76,98,98,0
Mesa,302,77,46,46,0
Mesa,302,78,46,46,0
Mesa,302,79,11,11,0
Mesa,302,8,99,99,0
Mesa,302,80,31,31,0
Mesa,302,81,72,72,0
Mesa,302,82,4,4,0
Mesa,302,83,5,5,0
Mesa,302,84,14,14,0
Mesa,302,85,31,31,0
Mesa,302,86,11,11,0
Mesa,302,87,10,10,0
Mesa,302,88,30,30,0
Mesa,302,89,35,35,0
Mesa,302,9,87,87,0
Mesa,302,90,99,99,0
Mesa,302,91,99,99,0
Mesa,302,92,99,99,0
Mesa,302,93,98,98,0
Mesa,302,94,99,99,0
Mesa,302,95,99,99,0
Mesa,302,96,99,99,0
Mesa,302,97,99,99,0
Mesa,302,98,99,99,0
Mesa,302,99,91,91,0
Mineral,101,1,25,25,0
Mineral,101,10,25,25,0
Mineral,101,11,25,25,0
Mineral,101,12,25,25,0
Mineral,101,13,25,25,0
Mineral,101,14,25,25,0
Mineral,101,15,25,25,0
Mineral,101,16,25,25,0
Mineral,101,17,25,25,0
Mineral,101,18,25,25,0
Mineral,101,19,25,25,0
Mineral,101,2,25,25,0
Mineral,101,20,25,25,0
Mineral,101,21,2,2,0
Mineral,101,22,2,2,0
Mineral,101,3,25,25,0
Mineral,101,4,25,25,0
Mineral,101,5,25,25,0
Mineral,101,6,25,25,0
Mineral,101,7,25,25,0
Mineral,101,8,25,25,0
Mineral,101,9,25,25,0
Moffat,101,1,25,25,0
Moffat,101,10,25,25,0
Moffat,101,100,25,25,0
Moffat,101,101,25,25,0
Moffat,101,102,25,25,0
Moffat,101,103,25,25,0
Moffat,101,104,25,25,0
Moffat,101,105,25,25,0
Moffat,101,106,25,25,0
Moffat,101,107,25,25,0
Moffat,101,108,25,25,0
Moffat,101,109,25,25,0
Moffat,101,11,25,25,0
Moffat,101,110,25,25,0
Moffat,101,111,25,25,0
Moffat,101,112,25,25,0
Moffat,101,113,25,25,0
Moffat,101,114,25,25,0
Moffat,101,115,25,25,0
Moffat,101,116,25,25,0
Moffat,101,117,25,25,0
Moffat,101,118,25,25,0
Moffat,101,119,25,25,0
Moffat,101,12,25,25,0
Moffat,101,120,25,25,0
Moffat,101,121,25,25,0
Moffat,101,122,25,25,0
Moffat,101,123,25,25,0
Moffat,101,124,25,25,0
Moffat,101,125,25,25,0
Moffat,101,126,25,25,0
Moffat,101,127,25,25,0
Moffat,101,128,25,25,0
Moffat,101,129,25,25,0
Moffat,101,13,25,25,0
Moffat,101,130,25,25,0
Moffat,101,131,25,25,0
Moffat,101,132,25,25,0
Moffat,101,133,25,25,0
Moffat,101,134,25,25,0
Moffat,101,135,25,25,0
Moffat,101,136,25,25,0
Moffat,101,137,25,25,0
Moffat,101,138,25,25,0
Moffat,101,139,25,25,0
Moffat,101,14,25,25,0
Moffat,101,140,25,25,0
Moffat,101,141,25,25,0
Moffat,101,142,11,11,0
Moffat,101,143,18,18,0
Moffat,101,15,25,25,0
Moffat,101,16,25,25,0
Moffat,101,17,25,25,0
Moffat,101,18,25,25,0
Moffat,101,19,25,25,0
Moffat,101,2,25,25,0
Moffat,101,20,25,25,0
Moffat,101,21,25,25,0
Moffat,101,22,25,25,0
Moffat,101,23,25,25,0
Moffat,101,24,25,25,0
Moffat,101,25,25,25,0
Moffat,101,26,25,25,0
Moffat,101,27,25,25,0
Moffat,101,28,25,25,0
Moffat,101,29,25,25,0
Moffat,101,3,25,25,0
Moffat,101,30,25,25,0
Moffat,101,31,25,25,0
Moffat,101,32,25,25,0
Moffat,101,33,25,25,0
Moffat,101,34,25,25,0
Moffat,101,35,25,25,0
Moffat,101,36,25,25,0
Moffat,101,37,25,25,0
Moffat,101,38,25,25,0
Moffat,101,39,25,25,0
Moffat,101,4,25,25,0
Moffat,101,40,25,25,0
Moffat,101,41,25,25,0
Moffat,101,42,25,25,0
Moffat,101,43,25,25,0
Moffat,101,44,25,25,0
Moffat,101,45,25,25,0
Moffat,101,46,25,25,0
Moffat,101,47,25,25,0
Moffat,101,48,25,25,0
Moffat,101,49,25,25,0
Moffat,101,5,25,25,0
Moffat,101,50,25,25,0
Moffat,101,51,25,25,0
Moffat,101,52,25,25,0
Moffat,101,53,25,25,0
Moffat,101,54,25,25,0
Moffat,101,55,25,25,0
Moffat,101,56,25,25,0
Moffat,101,57,25,25,0
Moffat,101,58,25,25,0
Moffat,101,59,25,25,0
Moffat,101,6,25,25,0
Moffat,101,60,25,25,0
Moffat,101,61,25,25,0
Moffat,101,62,25,25,0
Moffat,101,63,25,25,0
Moffat,101,64,25,25,0
Moffat,101,65,25,25,0
Moffat,101,66,25,25,0
Moffat,101,67,25,25,0
Moffat,101,68,25,25,0
Moffat,101,69,25,25,0
Moffat,101,7,25,25,0
Moffat,101,70,25,25,0
Moffat,101,71,25,25,0
Moffat,101,72,25,25,0
Moffat,101,73,25,25,0
Moffat,101,74,25,25,0
Moffat,101,75,25,25,0
Moffat,101,76,25,25,0
Moffat,101,77,25,25,0
Moffat,101,78,25,25,0
Moffat,101,79,25,25,0
Moffat,101,8,25,25,0
Moffat,101,80,25,25,0
Moffat,101,81,25,25,0
Moffat,101,82,25,25,0
Moffat,101,83,25,25,0
Moffat,101,84,25,25,0
Moffat,101,85,25,25,0
Moffat,101,86,25,25,0
Moffat,101,87,25,25,0
Moffat,101,88,25,25,0
Moffat,101,89,25,25,0
Moffat,101,9,25,25,0
Moffat,101,90,25,25,0
Moffat,101,91,25,25,0
Moffat,101,92,25,25,0
Moffat,101,93,25,25,0
Moffat,101,94,25,25,0
Moffat,101,95,25,25,0
Moffat,101,96,25,25,0
Moffat,101,97,25,25,0
Moffat,101,98,25,25,0
Moffat,101,99,25,25,0
Montezuma,101,1,50,50,0
Montezuma,101,10,50,50,0
Montezuma,101,100,50,50,0
Montezuma,101,101,50,50,0
Montezuma,101,102,50,50,0
Montezuma,101,103,50,50,0
Montezuma,101,104,50,50,0
Montezuma,101,105,50,50,0
Montezuma,101,106,50,50,0
Montezuma,101,107,50,50,0
Montezuma,101,108,50,50,0
Montezuma,101,109,50,50,0
Montezuma,101,11,50,50,0
Montezuma,101,110,50,50,0
Montezuma,101,111,50,50,0
Montezuma,101,112,50,50,0
Montezuma,101,113,50,50,0
Montezuma,101,114,50,50,0
Montezuma,101,115,50,50,0
Montezuma,101,116,50,50,0
Montezuma,101,117,50,50,0
Montezuma,101,118,50,50,0
Montezuma,101,119,50,50,0
Montezuma,101,12,50,50,0
Montezuma,101,120,50,50,0
Montezuma,101,121,50,50,0
Montezuma,101,122,50,50,0
Montezuma,101,123,50,50,0
Montezuma,101,124,50,50,0
Montezuma,101,125,50,50,0
Montezuma,101,126,50,50,0
Montezuma,101,127,50,50,0
Montezuma,101,128,50,50,0
Montezuma,101,129,50,50,0
Montezuma,101,13,50,50,0
Montezuma,101,130,50,50,0
Montezuma,101,131,50,50,0
Montezuma,101,132,50,50,0
Montezuma,101,133,50,50,0
Montezuma,101,134,50,50,0
Montezuma,101,135,50,50,0
Montezuma,101,136,50,50,0
Montezuma,101,137,50,50,0
Montezuma,101,138,50,50,0
Montezuma,101,139,50,50,0
Montezuma,101,14,50,50,0
Montezuma,101,140,50,50,0
Montezuma,101,141,50,50,0
Montezuma,101,142,50,50,0
Montezuma,101,143,50,50,0
Montezuma,101,144,50,50,0
Montezuma,101,145,50,50,0
Montezuma,101,146,50,50,0
Montezuma,101,147,50,50,0
Montezuma,101,148,50,50,0
Montezuma,101,149,50,50,0
Montezuma,101,15,50,50,0
Montezuma,101,150,50,50,0
Montezuma,101,151,50,50,0
Montezuma,101,152,50,50,0
Montezuma,101,153,50,50,0
Montezuma,101,154,50,50,0
Montezuma,101,155,50,50,0
Montezuma,101,156,50,50,0
Montezuma,101,157,50,50,0
Montezuma,101,158,50,50,0
Montezuma,101,159,50,50,0
Montezuma,101,16,50,50,0
Montezuma,101,160,50,50,0
Montezuma,101,161,50,50,0
Montezuma,101,162,50,50,0
Montezuma,101,163,50,50,0
Montezuma,101,164,50,50,0
Montezuma,101,165,50,50,0
Montezuma,101,166,50,50,0
Montezuma,101,167,50,50,0
Montezuma,101,168,50,50,0
Montezuma,101,169,50,50,0
Montezuma,101,17,50,50,0
Montezuma,101,170,50,50,0
Montezuma,101,171,50,50,0
Montezuma,101,172,50,50,0
Montezuma,101,173,40,40,0
Montezuma,101,18,50,50,0
Montezuma,101,19,50,50,0
Montezuma,101,2,50,50,0
Montezuma,101,20,50,50,0
Montezuma,101,21,50,50,0
Montezuma,101,22,50,50,0
Montezuma,101,23,50,50,0
Montezuma,101,24,50,50,0
Montezuma,101,25,50,50,0
Montezuma,101,26,50,50,0
Montezuma,101,27,50,50,0
Montezuma,101,28,50,50,0
Montezuma,101,29,50,50,0
Montezuma,101,3,50,50,0
Montezuma,101,30,50,50,0
Montezuma,101,31,50,50,0
Montezuma,101,32,50,50,0
Montezuma,101,33,50,50,0
Montezuma,101,34,50,50,0
Montezuma,101,35,50,50,0
Montezuma,101,36,50,50,0
Montezuma,101,37,50,50,0
Montezuma,101,38,50,50,0
Montezuma,101,39,50,50,0
Montezuma,101,4,50,50,0
Montezuma,101,40,50,50,0
Montezuma,101,41,50,50,0
Montezuma,101,42,50,50,0
Montezuma,101,43,50,50,0
Montezuma,101,44,50,50,0
Montezuma,101,45,50,50,0
Montezuma,101,46,50,50,0
Montezuma,101,47,50,50,0
Montezuma,101,48,50,50,0
Montezuma,101,49,50,50,0
Montezuma,101,5,50,50,0
Montezuma,101,50,50,50,0
Montezuma,101,51,50,50,0
Montezuma,101,52,50,50,0
Montezuma,101,53,50,50,0
Montezuma,101,54,50,50,0
Montezuma,101,55,50,50,0
Montezuma,101,56,50,50,0
Montezuma,101,57,50,50,0
Montezuma,101,58,50,50,0
Montezuma,101,59,50,50,0
Montezuma,101,6,50,50,0
Montezuma,101,60,50,50,0
Montezuma,101,61,50,50,0
Montezuma,101,62,50,50,0
Montezuma,101,63,50,50,0
Montezuma,101,64,50,50,0
Montezuma,101,65,50,50,0
Montezuma,101,66,50,50,0
Montezuma,101,67,50,50,0
Montezuma,101,68,50,50,0
Montezuma,101,69,50,50,0
Montezuma,101,7,50,50,0
Montezuma,101,70,50,50,0
Montezuma,101,71,50,50,0
Montezuma,101,72,50,50,0
Montezuma,101,73,50,50,0
Montezuma,101,74,50,50,0
Montezuma,101,75,50,50,0
Montezuma,101,76,50,50,0
Montezuma,101,77,50,50,0
Montezuma,101,78,50,50,0
Montezuma,101,79,50,50,0
Montezuma,101,8,50,50,0
Montezuma,101,80,50,50,0
Montezuma,101,81,50,50,0
Montezuma,101,82,50,50,0
Montezuma,101,83,50,50,0
Montezuma,101,84,50,50,0
Montezuma,101,85,50,50,0
Montezuma,101,86,50,50,0
Montezuma,101,87,50,50,0
Montezuma,101,88,50,50,0
Montezuma,101,89,50,50,0
Montezuma,101,9,50,50,0
Montezuma,101,90,50,50,0
Montezuma,101,91,50,50,0
Montezuma,101,92,50,50,0
Montezuma,101,93,50,50,0
Montezuma,101,94,50,50,0
Montezuma,101,95,50,50,0
Montezuma,101,96,50,50,0
Montezuma,101,97,50,50,0
Montezuma,101,98,50,50,0
Montezuma,101,99,50,50,0
Montrose,101,1,50,50,0
Montrose,101,10,50,50,0
Montrose,101,100,50,50,0
Montrose,101,101,50,50,0
Montrose,101,102,50,50,0
Montrose,101,103,50,50,0
Montrose,101,104,50,50,0
Montrose,101,105,50,50,0
Montrose,101,106,50,50,0
Montrose,101,107,50,50,0
Montrose,101,108,50,50,0
Montrose,101,109,50,50,0
Montrose,101,11,50,50,0
Montrose,101,110,50,50,0
Montrose,101,111,50,50,0
Montrose,101,112,50,50,0
Montrose,101,113,50,50,0
Montrose,101,114,50,50,0
Montrose,101,115,50,50,0
Montrose,101,116,50,50,0
Montrose,101,117,50,50,0
Montrose,101,118,50,50,0
Montrose,101,119,50,50,0
Montrose,101,12,50,50,0
Montrose,101,120,50,50,0
Montrose,101,121,50,50,0
Montrose,101,122,50,50,0
Montrose,101,123,50,50,0
Montrose,101,124,50,50,0
Montrose,101,125,50,50,0
Montrose,101,126,50,50,0
Montrose,101,127,50,50,0
Montrose,101,128,50,50,0
Montrose,101,129,50,50,0
Montrose,101,13,50,50,0
Montrose,101,130,50,50,0
Montrose,101,131,50,50,0
Montrose,101,132,50,50,0
Montrose,101,133,50,50,0
Montrose,101,134,50,50,0
Montrose,101,135,50,50,0
Montrose,101,136,50,50,0
Montrose,101,137,50,50,0
Montrose,101,138,50,50,0
Montrose,101,139,50,50,0
Montrose,101,14,50,50,0
Montrose,101,140,50,50,0
Montrose,101,141,50,50,0
Montrose,101,142,50,50,0
Montrose,101,143,50,50,0
Montrose,101,144,50,50,0
Montrose,101,145,50,50,0
Montrose,101,146,50,50,0
Montrose,101,147,50,50,0
Montrose,101,148,50,50,0
Montrose,101,149,50,50,0
Montrose,101,15,50,50,0
Montrose,101,150,50,50,0
Montrose,101,151,50,50,0
Montrose,101,152,50,50,0
Montrose,101,153,50,50,0
Montrose,101,154,50,50,0
Montrose,101,155,50,50,0
Montrose,101,156,50,50,0
Montrose,101,157,50,50,0
Montrose,101,158,50,50,0
Montrose,101,159,50,50,0
Montrose,101,16,50,50,0
Montrose,101,160,50,50,0
Montrose,101,161,50,50,0
Montrose,101,162,50,50,0
Montrose,101,163,50,50,0
Montrose,101,164,50,50,0
Montrose,101,165,50,50,0
Montrose,101,166,50,50,0
Montrose,101,167,50,50,0
Montrose,101,168,50,50,0
Montrose,101,169,50,50,0
Montrose,101,17,50,50,0
Montrose,101,170,50,50,0
Montrose,101,171,50,50,0
Montrose,101,172,50,50,0
Montrose,101,173,50,50,0
Montrose,101,174,50,50,0
Montrose,101,175,50,50,0
Montrose,101,176,50,50,0
Montrose,101,177,50,50,0
Montrose,101,178,50,50,0
Montrose,101,179,50,50,0
Montrose,101,18,50,50,0
Montrose,101,180,50,50,0
Montrose,101,181,50,50,0
Montrose,101,182,50,50,0
Montrose,101,183,50,50,0
Montrose,101,184,50,50,0
Montrose,101,185,50,50,0
Montrose,101,186,50,50,0
Montrose,101,187,50,50,0
Montrose,101,188,50,50,0
Montrose,101,189,50,50,0
Montrose,101,19,50,50,0
Montrose,101,190,50,50,0
Montrose,101,191,50,50,0
Montrose,101,192,50,50,0
Montrose,101,193,50,50,0
Montrose,101,194,50,50,0
Montrose,101,195,50,50,0
Montrose,101,196,50,50,0
Montrose,101,197,50,50,0
Montrose,101,198,50,50,0
Montrose,101,199,50,50,0
Montrose,101,2,50,50,0
Montrose,101,20,50,50,0
Montrose,101,200,50,50,0
Montrose,101,201,50,50,0
Montrose,101,202,50,50,0
Montrose,101,203,50,50,0
Montrose,101,204,50,50,0
Montrose,101,205,50,50,0
Montrose,101,206,50,50,0
Montrose,101,207,50,50,0
Montrose,101,208,50,50,0
Montrose,101,209,50,50,0
Montrose,101,21,50,50,0
Montrose,101,210,50,50,0
Montrose,101,211,50,50,0
Montrose,101,212,50,50,0
Montrose,101,213,50,50,0
Montrose,101,214,50,50,0
Montrose,101,215,50,50,0
Montrose,101,216,50,50,0
Montrose,101,217,50,50,0
Montrose,101,218,50,50,0
Montrose,101,219,50,50,0
Montrose,101,22,50,50,0
Montrose,101,220,50,50,0
Montrose,101,221,50,50,0
Montrose,101,222,50,50,0
Montrose,101,223,50,50,0
Montrose,101,224,50,50,0
Montrose,101,225,50,50,0
Montrose,101,226,50,50,0
Montrose,101,227,50,50,0
Montrose,101,228,50,50,0
Montrose,101,229,50,50,0
Montrose,101,23,50,50,0
Montrose,101,230,50,50,0
Montrose,101,231,50,50,0
Montrose,101,232,50,50,0
Montrose,101,233,50,50,0
Montrose,101,234,50,50,0
Montrose,101,235,50,50,0
Montrose,101,236,50,50,0
Montrose,101,237,50,50,0
Montrose,101,238,50,50,0
Montrose,101,239,50,50,0
Montrose,101,24,50,50,0
Montrose,101,240,50,50,0
Montrose,101,241,50,50,0
Montrose,101,242,50,50,0
Montrose,101,243,50,50,0
Montrose,101,244,50,50,0
Montrose,101,245,50,50,0
Montrose,101,246,50,50,0
Montrose,101,247,50,50,0
Montrose,101,248,50,50,0
Montrose,101,249,50,50,0
Montrose,101,25,50,50,0
Montrose,101,250,50,50,0
Montrose,101,251,50,50,0
Montrose,101,252,50,50,0
Montrose,101,253,50,50,0
Montrose,101,254,50,50,0
Montrose,101,255,50,50,0
Montrose,101,256,50,50,0
Montrose,101,257,50,50,0
Montrose,101,258,50,50,0
Montrose,101,259,50,50,0
Montrose,101,26,50,50,0
Montrose,101,260,50,50,0
Montrose,101,261,50,50,0
Montrose,101,262,50,50,0
Montrose,101,263,50,50,0
Montrose,101,264,50,50,0
Montrose,101,265,50,50,0
Montrose,101,266,50,50,0
Montrose,101,267,50,50,0
Montrose,101,268,50,50,0
Montrose,101,269,50,50,0
Montrose,101,27,50,50,0
Montrose,101,270,50,50,0
Montrose,101,271,50,50,0
Montrose,101,272,50,50,0
Montrose,101,273,50,50,0
Montrose,101,274,50,50,0
Montrose,101,275,50,50,0
Montrose,101,276,50,50,0
Montrose,101,277,50,50,0
Montrose,101,278,50,50,0
Montrose,101,279,50,50,0
Montrose,101,28,50,50,0
Montrose,101,280,50,50,0
Montrose,101,281,50,50,0
Montrose,101,282,50,50,0
Montrose,101,283,50,50,0
Montrose,101,284,50,50,0
Montrose,101,285,50,50,0
Montrose,101,286,50,50,0
Montrose,101,287,50,50,0
Montrose,101,288,50,50,0
Montrose,101,289,50,50,0
Montrose,101,29,50,50,0
Montrose,101,290,50,50,0
Montrose,101,291,50,50,0
Montrose,101,292,53,53,0
Montrose,101,3,50,50,0
Montrose,101,30,50,50,0
Montrose,101,31,50,50,0
Montrose,101,32,50,50,0
Montrose,101,33,50,50,0
Montrose,101,34,50,50,0
Montrose,101,35,50,50,0
Montrose,101,36,50,50,0
Montrose,101,37,50,50,0
Montrose,101,38,50,50,0
Montrose,101,39,50,50,0
Montrose,101,4,50,50,0
Montrose,101,40,50,50,0
Montrose,101,41,50,50,0
Montrose,101,42,50,50,0
Montrose,101,43,50,50,0
Montrose,101,44,50,50,0
Montrose,101,45,50,50,0
Montrose,101,46,50,50,0
Montrose,101,47,50,50,0
Montrose,101,48,50,50,0
Montrose,101,49,50,50,0
Montrose,101,5,50,50,0
Montrose,101,50,50,50,0
Montrose,101,51,50,50,0
Montrose,101,52,50,50,0
Montrose,101,53,50,50,0
Montrose,101,54,50,50,0
Montrose,101,55,50,50,0
Montrose,101,56,50,50,0
Montrose,101,57,50,50,0
Montrose,101,58,50,50,0
Montrose,101,59,50,50,0
Montrose,101,6,50,50,0
Montrose,101,60,50,50,0
Montrose,101,61,50,50,0
Montrose,101,62,50,50,0
Montrose,101,63,50,50,0
Montrose,101,64,50,50,0
Montrose,101,65,50,50,0
Montrose,101,66,50,50,0
Montrose,101,67,50,50,0
Montrose,101,68,50,50,0
Montrose,101,69,50,50,0
Montrose,101,7,50,50,0
Montrose,101,70,50,50,0
Montrose,101,71,50,50,0
Montrose,101,72,50,50,0
Montrose,101,73,50,50,0
Montrose,101,74,50,50,0
Montrose,101,75,50,50,0
Montrose,101,76,50,50,0
Montrose,101,77,50,50,0
Montrose,101,78,50,50,0
Montrose,101,79,50,50,0
Montrose,101,8,50,50,0
Montrose,101,80,50,50,0
Montrose,101,81,50,50,0
Montrose,101,82,50,50,0
Montrose,101,83,50,50,0
Montrose,101,84,50,50,0
Montrose,101,85,50,50,0
Montrose,101,86,50,50,0
Montrose,101,87,50,50,0
Montrose,101,88,50,50,0
Montrose,101,89,50,50,0
Montrose,101,9,50,50,0
Montrose,101,90,50,50,0
Montrose,101,91,50,50,0
Montrose,101,92,50,50,0
Montrose,101,93,50,50,0
Montrose,101,94,50,50,0
Montrose,101,95,50,50,0
Montrose,101,96,50,50,0
Montrose,101,97,50,50,0
Montrose,101,98,50,50,0
Montrose,101,99,50,50,0
Morgan,201,1,20,20,0
Morgan,201,10,23,23,0
Morgan,201,100,20,20,0
Morgan,201,101,20,20,0
Morgan,201,102,20,20,0
Morgan,201,103,20,20,0
Morgan,201,104,19,19,0
Morgan,201,105,20,20,0
Morgan,201,106,20,20,0
Morgan,201,107,20,20,0
Morgan,201,108,20,20,0
Morgan,201,109,20,20,0
Morgan,201,11,20,20,0
Morgan,201,110,20,20,0
Morgan,201,111,20,20,0
Morgan,201,112,20,20,0
Morgan,201,113,20,20,0
Morgan,201,114,20,20,0
Morgan,201,115,20,20,0
Morgan,201,116,20,20,0
Morgan,201,117,20,20,0
Morgan,201,118,26,26,0
Morgan,201,119,20,20,0
Morgan,201,12,20,20,0
Morgan,201,120,20,20,0
Morgan,201,121,20,20,0
Morgan,201,122,20,20,0
Morgan,201,123,20,20,0
Morgan,201,124,20,20,0
Morgan,201,125,20,20,0
Morgan,201,126,20,20,0
Morgan,201,127,20,20,0
Morgan,201,128,20,20,0
Morgan,201,129,23,23,0
Morgan,201,13,20,20,0
Morgan,201,130,20,20,0
Morgan,201,131,20,20,0
Morgan,201,132,20,20,0
Morgan,201,133,20,20,0
Morgan,201,134,20,20,0
Morgan,201,135,20,20,0
Morgan,201,136,20,20,0
Morgan,201,137,20,20,0
Morgan,201,138,20,20,0
Morgan,201,139,20,20,0
Morgan,201,14,20,20,0
Morgan,201,140,20,20,0
Morgan,201,141,20,20,0
Morgan,201,142,20,20,0
Morgan,201,143,20,20,0
Morgan,201,144,20,20,0
Morgan,201,145,20,20,0
Morgan,201,146,20,20,0
Morgan,201,147,20,20,0
Morgan,201,148,20,20,0
Morgan,201,149,20,20,0
Morgan,201,15,20,20,0
Morgan,201,150,20,20,0
Morgan,201,151,20,20,0
Morgan,201,152,20,20,0
Morgan,201,153,23,23,0
Morgan,201,154,20,20,0
Morgan,201,155,20,20,0
Morgan,201,156,20,20,0
Morgan,201,157,20,20,0
Morgan,201,158,20,20,0
Morgan,201,159,20,20,0
Morgan,201,16,20,20,0
Morgan,201,160,20,20,0
Morgan,201,161,20,20,0
Morgan,201,162,20,20,0
Morgan,201,163,20,20,0
Morgan,201,164,20,20,0
Morgan,201,165,20,20,0
Morgan,201,166,20,20,0
Morgan,201,167,38,38,0
Morgan,201,168,20,20,0
Morgan,201,169,20,20,0
Morgan,201,17,20,20,0
Morgan,201,170,20,20,0
Morgan,201,171,20,20,0
Morgan,201,172,20,20,0
Morgan,201,173,20,20,0
Morgan,201,174,20,20,0
Morgan,201,175,20,20,0
Morgan,201,176,20,20,0
Morgan,201,177,20,20,0
Morgan,201,178,30,30,0
Morgan,201,179,20,20,0
Morgan,201,18,20,20,0
Morgan,201,180,20,20,0
Morgan,201,181,20,20,0
Morgan,201,182,20,20,0
Morgan,201,183,20,20,0
Morgan,201,184,20,20,0
Morgan,201,185,20,20,0
Morgan,201,186,20,20,0
Morgan,201,187,20,20,0
Morgan,201,188,28,28,0
Morgan,201,189,20,20,0
Morgan,201,19,20,20,0
Morgan,201,190,20,20,0
Morgan,201,191,20,20,0
Morgan,201,192,20,20,0
Morgan,201,193,20,20,0
Morgan,201,194,20,20,0
Morgan,201,195,20,20,0
Morgan,201,196,20,20,0
Morgan,201,197,20,20,0
Morgan,201,198,20,20,0
Morgan,201,199,20,20,0
Morgan,201,2,20,20,0
Morgan,201,20,20,20,0
Morgan,201,200,20,20,0
Morgan,201,201,23,23,0
Morgan,201,202,20,20,0
Morgan,201,203,20,20,0
Morgan,201,204,20,20,0
Morgan,201,205,20,20,0
Morgan,201,206,20,20,0
Morgan,201,207,20,20,0
Morgan,201,208,19,19,0
Morgan,201,209,20,20,0
Morgan,201,21,27,27,0
Morgan,201,210,20,20,0
Morgan,201,211,20,20,0
Morgan,201,212,20,20,0
Morgan,201,213,16,16,0
Morgan,201,214,20,20,0
Morgan,201,215,20,20,0
Morgan,201,216,20,20,0
Morgan,201,217,20,20,0
Morgan,201,218,20,20,0
Morgan,201,219,20,20,0
Morgan,201,22,20,20,0
Morgan,201,220,20,20,0
Morgan,201,221,26,26,0
Morgan,201,222,20,20,0
Morgan,201,223,20,20,0
Morgan,201,224,20,20,0
Morgan,201,225,20,20,0
Morgan,201,226,20,20,0
Morgan,201,227,20,20,0
Morgan,201,228,20,20,0
Morgan,201,229,37,37,0
Morgan,201,23,20,20,0
Morgan,201,230,20,20,0
Morgan,201,231,20,20,0
Morgan,201,232,20,20,0
Morgan,201,233,20,20,0
Morgan,201,234,20,20,0
Morgan,201,235,20,20,0
Morgan,201,236,20,20,0
Morgan,201,237,20,20,0
Morgan,201,238,20,20,0
Morgan,201,239,20,20,0
Morgan,201,24,20,20,0
Morgan,201,240,20,20,0
Morgan,201,241,20,20,0
Morgan,201,242,22,22,0
Morgan,201,243,20,20,0
Morgan,201,244,20,20,0
Morgan,201,245,20,20,0
Morgan,201,246,20,20,0
Morgan,201,247,20,20,0
Morgan,201,248,20,20,0
Morgan,201,249,20,20,0
Morgan,201,25,20,20,0
Morgan,201,250,20,20,0
Morgan,201,251,20,20,0
Morgan,201,252,20,20,0
Morgan,201,253,20,20,0
Morgan,201,254,20,20,0
Morgan,201,255,20,20,0
Morgan,201,256,16,16,0
Morgan,201,257,20,20,0
Morgan,201,258,20,20,0
Morgan,201,259,20,20,0
Morgan,201,26,20,20,0
Morgan,201,260,28,28,0
Morgan,201,261,20,20,0
Morgan,201,262,20,20,0
Morgan,201,263,20,20,0
Morgan,201,264,20,20,0
Morgan,201,265,20,20,0
Morgan,201,266,20,20,0
Morgan,201,267,20,20,0
Morgan,201,268,20,20,0
Morgan,201,269,20,20,0
Morgan,201,27,20,20,0
Morgan,201,270,20,20,0
Morgan,201,271,20,20,0
Morgan,201,272,20,20,0
Morgan,201,273,31,31,0
Morgan,201,274,20,20,0
Morgan,201,275,20,20,0
Morgan,201,276,20,20,0
Morgan,201,277,20,20,0
Morgan,201,278,20,20,0
Morgan,201,279,20,20,0
Morgan,201,28,20,20,0
Morgan,201,280,20,20,0
Morgan,201,281,20,20,0
Morgan,201,282,20,20,0
Morgan,201,283,20,20,0
Morgan,201,284,20,20,0
Morgan,201,285,17,17,0
Morgan,201,286,20,20,0
Morgan,201,287,20,20,0
Morgan,201,288,20,20,0
Morgan,201,289,20,20,0
Morgan,201,29,20,20,0
Morgan,201,290,20,20,0
Morgan,201,291,20,20,0
Morgan,201,292,20,20,0
Morgan,201,293,20,20,0
Morgan,201,294,20,20,0
Morgan,201,295,22,22,0
Morgan,201,296,20,20,0
Morgan,201,297,20,20,0
Morgan,201,298,20,20,0
Morgan,201,299,20,20,0
Morgan,201,3,20,20,0
Morgan,201,30,20,20,0
Morgan,201,300,20,20,0
Morgan,201,301,20,20,0
Morgan,201,302,20,20,0
Morgan,201,303,20,20,0
Morgan,201,304,20,20,0
Morgan,201,305,20,20,0
Morgan,201,306,18,18,0
Morgan,201,307,20,20,0
Morgan,201,308,20,20,0
Morgan,201,309,20,20,0
Morgan,201,31,29,29,0
Morgan,201,310,20,20,0
Morgan,201,311,20,20,0
Morgan,201,312,20,20,0
Morgan,201,313,20,20,0
Morgan,201,314,20,20,0
Morgan,201,315,27,27,0
Morgan,201,316,20,20,0
Morgan,201,317,20,20,0
Morgan,201,318,20,20,0
Morgan,201,319,20,20,0
Morgan,201,32,20,20,0
Morgan,201,320,20,20,0
Morgan,201,321,20,20,0
Morgan,201,322,20,20,0
Morgan,201,323,20,20,0
Morgan,201,324,22,22,0
Morgan,201,325,20,20,0
Morgan,201,326,20,20,0
Morgan,201,327,20,20,0
Morgan,201,328,20,20,0
Morgan,201,329,24,24,0
Morgan,201,33,20,20,0
Morgan,201,330,56,56,0
Morgan,201,331,29,29,0
Morgan,201,34,20,20,0
Morgan,201,35,20,20,0
Morgan,201,36,20,20,0
Morgan,201,37,20,20,0
Morgan,201,38,20,20,0
Morgan,201,39,20,20,0
Morgan,201,4,20,20,0
Morgan,201,40,20,20,0
Morgan,201,41,20,20,0
Morgan,201,42,20,20,0
Morgan,201,43,30,30,0
Morgan,201,44,20,20,0
Morgan,201,45,20,20,0
Morgan,201,46,20,20,0
Morgan,201,47,20,20,0
Morgan,201,48,20,20,0
Morgan,201,49,20,20,0
Morgan,201,5,20,20,0
Morgan,201,50,20,20,0
Morgan,201,51,20,20,0
Morgan,201,52,20,20,0
Morgan,201,53,20,20,0
Morgan,201,54,30,30,0
Morgan,201,55,20,20,0
Morgan,201,56,20,20,0
Morgan,201,57,20,20,0
Morgan,201,58,20,20,0
Morgan,201,59,20,20,0
Morgan,201,6,20,20,0
Morgan,201,60,20,20,0
Morgan,201,61,20,20,0
Morgan,201,62,20,20,0
Morgan,201,63,20,20,0
Morgan,201,64,20,20,0
Morgan,201,65,20,20,0
Morgan,201,66,20,20,0
Morgan,201,67,17,17,0
Morgan,201,68,20,20,0
Morgan,201,69,20,20,0
Morgan,201,7,20,20,0
Morgan,201,70,20,20,0
Morgan,201,71,20,20,0
Morgan,201,72,20,20,0
Morgan,201,73,20,20,0
Morgan,201,74,20,20,0
Morgan,201,75,20,20,0
Morgan,201,76,20,20,0
Morgan,201,77,20,20,0
Morgan,201,78,20,20,0
Morgan,201,79,20,20,0
Morgan,201,8,20,20,0
Morgan,201,80,20,20,0
Morgan,201,81,20,20,0
Morgan,201,82,20,20,0
Morgan,201,83,20,20,0
Morgan,201,84,20,20,0
Morgan,201,85,20,20,0
Morgan,201,86,20,20,0
Morgan,201,87,20,20,0
Morgan,201,88,20,20,0
Morgan,201,89,20,20,0
Morgan,201,9,20,20,0
Morgan,201,90,20,20,0
Morgan,201,91,20,20,0
Morgan,201,92,20,20,0
Morgan,201,93,29,29,0
Morgan,201,94,20,20,0
Morgan,201,95,20,20,0
Morgan,201,96,20,20,0
Morgan,201,97,20,20,0
Morgan,201,98,20,20,0
Morgan,201,99,20,20,0
Otero,101,1,16,16,0
Otero,101,10,27,27,0
Otero,101,100,24,24,0
Otero,101,101,25,25,0
Otero,101,102,25,25,0
Otero,101,103,25,25,0
Otero,101,104,25,25,0
Otero,101,105,25,25,0
Otero,101,106,8,8,0
Otero,101,107,17,17,0
Otero,101,108,25,25,0
Otero,101,109,25,25,0
Otero,101,11,25,25,0
Otero,101,110,15,15,0
Otero,101,111,6,6,0
Otero,101,112,25,25,0
Otero,101,113,25,25,0
Otero,101,114,25,25,0
Otero,101,115,25,25,0
Otero,101,116,25,25,0
Otero,101,117,25,25,0
Otero,101,118,25,25,0
Otero,101,119,25,25,0
Otero,101,12,25,25,0
Otero,101,120,25,25,0
Otero,101,121,25,25,0
Otero,101,122,25,25,0
Otero,101,123,24,24,0
Otero,101,124,24,24,0
Otero,101,125,21,21,0
Otero,101,126,25,25,0
Otero,101,127,25,25,0
Otero,101,128,25,25,0
Otero,101,129,22,22,0
Otero,101,13,25,25,0
Otero,101,130,25,25,0
Otero,101,131,25,25,0
Otero,101,132,25,25,0
Otero,101,133,24,24,0
Otero,101,134,25,25,0
Otero,101,135,25,25,0
Otero,101,136,30,30,0
Otero,101,137,25,25,0
Otero,101,138,9,9,0
Otero,101,14,25,25,0
Otero,101,15,25,25,0
Otero,101,16,25,25,0
Otero,101,17,24,24,0
Otero,101,18,25,25,0
Otero,101,19,24,24,0
Otero,101,2,25,25,0
Otero,101,20,20,20,0
Otero,101,21,16,16,0
Otero,101,22,24,24,0
Otero,101,23,24,24,0
Otero,101,24,25,25,0
Otero,101,25,6,6,0
Otero,101,26,25,25,0
Otero,101,27,25,25,0
Otero,101,28,25,25,0
Otero,101,29,25,25,0
Otero,101,3,25,25,0
Otero,101,30,25,25,0
Otero,101,31,25,25,0
Otero,101,32,25,25,0
Otero,101,33,25,25,0
Otero,101,34,25,25,0
Otero,101,35,25,25,0
Otero,101,36,17,17,0
Otero,101,37,6,6,0
Otero,101,38,12,12,0
Otero,101,39,25,25,0
Otero,101,4,25,25,0
Otero,101,40,25,25,0
Otero,101,41,24,24,0
Otero,101,42,23,23,0
Otero,101,43,23,23,0
Otero,101,44,12,12,0
Otero,101,45,12,12,0
Otero,101,46,7,7,0
Otero,101,47,25,25,0
Otero,101,48,25,25,0
Otero,101,49,8,8,0
Otero,101,5,8,8,0
Otero,101,50,21,21,0
Otero,101,51,6,6,0
Otero,101,52,25,25,0
Otero,101,53,25,25,0
Otero,101,54,25,25,0
Otero,101,55,25,25,0
Otero,101,56,24,24,0
Otero,101,57,17,17,0
Otero,101,58,25,25,0
Otero,101,59,18,18,0
Otero,101,6,25,25,0
Otero,101,60,10,10,0
Otero,101,61,8,8,0
Otero,101,62,25,25,0
Otero,101,63,24,24,0
Otero,101,64,25,25,0
Otero,101,65,24,24,0
Otero,101,66,25,25,0
Otero,101,67,24,24,0
Otero,101,68,24,24,0
Otero,101,69,25,25,0
Otero,101,7,25,25,0
Otero,101,70,24,24,0
Otero,101,71,25,25,0
Otero,101,72,25,25,0
Otero,101,73,23,23,0
Otero,101,74,25,25,0
Otero,101,75,25,25,0
Otero,101,76,2,2,0
Otero,101,77,8,8,0
Otero,101,78,3,3,0
Otero,101,79,3,3,0
Otero,101,8,25,25,0
Otero,101,80,8,8,0
Otero,101,81,21,21,0
Otero,101,82,5,5,0
Otero,101,83,9,9,0
Otero,101,84,25,25,0
Otero,101,85,25,25,0
Otero,101,86,14,14,0
Otero,101,87,24,24,0
Otero,101,88,23,23,0
Otero,101,89,7,7,0
Otero,101,9,25,25,0
Otero,101,90,21,21,0
Otero,101,91,25,25,0
Otero,101,92,21,21,0
Otero,101,93,25,25,0
Otero,101,94,25,25,0
Otero,101,95,25,25,0
Otero,101,96,25,25,0
Otero,101,97,25,25,0
Otero,101,98,10,10,0
Otero,101,99,22,22,0
Otero,103,1,25,25,0
Otero,103,10,9,9,0
Otero,103,11,24,24,0
Otero,103,12,25,25,0
Otero,103,13,25,25,0
Otero,103,14,25,25,0
Otero,103,15,25,25,0
Otero,103,16,23,23,0
Otero,103,17,25,25,0
Otero,103,18,25,25,0
Otero,103,19,24,24,0
Otero,103,2,25,25,0
Otero,103,20,25,25,0
Otero,103,21,25,25,0
Otero,103,22,21,21,0
Otero,103,23,25,25,0
Otero,103,24,6,6,0
Otero,103,25,25,25,0
Otero,103,26,24,24,0
Otero,103,27,25,25,0
Otero,103,28,24,24,0
Otero,103,29,23,23,0
Otero,103,3,20,20,0
Otero,103,30,25,25,0
Otero,103,31,25,25,0
Otero,103,32,8,8,0
Otero,103,33,24,24,0
Otero,103,34,22,22,0
Otero,103,35,26,26,0
Otero,103,36,25,25,0
Otero,103,37,25,25,0
Otero,103,38,25,25,0
Otero,103,39,25,25,0
Otero,103,4,17,17,0
Otero,103,40,5,5,0
Otero,103,41,25,25,0
Otero,103,42,24,24,0
Otero,103,43,24,24,0
Otero,103,44,8,8,0
Otero,103,45,25,25,0
Otero,103,46,25,25,0
Otero,103,47,25,25,0
Otero,103,48,25,25,0
Otero,103,49,25,25,0
Otero,103,5,24,24,0
Otero,103,50,25,25,0
Otero,103,51,25,25,0
Otero,103,52,25,25,0
Otero,103,53,25,25,0
Otero,103,54,25,25,0
Otero,103,55,25,25,0
Otero,103,56,24,24,0
Otero,103,57,24,24,0
Otero,103,58,25,25,0
Otero,103,59,25,25,0
Otero,103,6,25,25,0
Otero,103,60,25,25,0
Otero,103,61,21,21,0
Otero,103,62,25,25,0
Otero,103,63,24,24,0
Otero,103,64,24,24,0
Otero,103,65,24,24,0
Otero,103,66,25,25,0
Otero,103,67,23,23,0
Otero,103,68,25,25,0
Otero,103,69,25,25,0
Otero,103,7,25,25,0
Otero,103,70,24,24,0
Otero,103,71,24,24,0
Otero,103,73,25,25,0
Otero,103,74,29,29,0
Otero,103,75,25,25,0
Otero,103,76,25,25,0
Otero,103,77,24,24,0
Otero,103,78,22,22,0
Otero,103,79,21,21,0
Otero,103,8,25,25,0
Otero,103,80,16,16,0
Otero,103,81,25,25,0
Otero,103,82,25,25,0
Otero,103,83,24,24,0
Otero,103,84,25,25,0
Otero,103,85,25,25,0
Otero,103,9,24,24,0
Ouray,101,1,25,25,0
Ouray,101,10,25,25,0
Ouray,101,11,25,25,0
Ouray,101,12,25,25,0
Ouray,101,13,25,25,0
Ouray,101,14,25,25,0
Ouray,101,15,25,25,0
Ouray,101,16,25,25,0
Ouray,101,17,25,25,0
Ouray,101,18,25,25,0
Ouray,101,19,25,25,0
Ouray,101,2,25,25,0
Ouray,101,20,25,25,0
Ouray,101,21,25,25,0
Ouray,101,22,25,25,0
Ouray,101,23,25,25,0
Ouray,101,24,25,25,0
Ouray,101,25,25,25,0
Ouray,101,26,25,25,0
Ouray,101,27,25,25,0
Ouray,101,28,25,25,0
Ouray,101,29,25,25,0
Ouray,101,3,25,25,0
Ouray,101,30,25,25,0
Ouray,101,31,25,25,0
Ouray,101,32,25,25,0
Ouray,101,33,25,25,0
Ouray,101,34,25,25,0
Ouray,101,35,25,25,0
Ouray,101,36,25,25,0
Ouray,101,37,25,25,0
Ouray,101,38,25,25,0
Ouray,101,39,25,25,0
Ouray,101,4,25,25,0
Ouray,101,40,25,25,0
Ouray,101,41,25,25,0
Ouray,101,42,25,25,0
Ouray,101,43,25,25,0
Ouray,101,44,25,25,0
Ouray,101,45,25,25,0
Ouray,101,46,25,25,0
Ouray,101,47,25,25,0
Ouray,101,48,25,25,0
Ouray,101,49,25,25,0
Ouray,101,5,25,25,0
Ouray,101,50,25,25,0
Ouray,101,51,25,25,0
Ouray,101,52,25,25,0
Ouray,101,53,25,25,0
Ouray,101,54,25,25,0
Ouray,101,55,25,25,0
Ouray,101,56,25,25,0
Ouray,101,57,25,25,0
Ouray,101,58,25,25,0
Ouray,101,59,25,25,0
Ouray,101,6,25,25,0
Ouray,101,60,25,25,0
Ouray,101,61,25,25,0
Ouray,101,62,25,25,0
Ouray,101,63,25,25,0
Ouray,101,64,25,25,0
Ouray,101,65,25,25,0
Ouray,101,66,25,25,0
Ouray,101,67,25,25,0
Ouray,101,68,25,25,0
Ouray,101,69,25,25,0
Ouray,101,7,25,25,0
Ouray,101,70,25,25,0
Ouray,101,71,25,25,0
Ouray,101,72,25,25,0
Ouray,101,73,25,25,0
Ouray,101,74,25,25,0
Ouray,101,75,25,25,0
Ouray,101,76,25,25,0
Ouray,101,77,25,25,0
Ouray,101,78,25,25,0
Ouray,101,79,25,25,0
Ouray,101,8,25,25,0
Ouray,101,80,25,25,0
Ouray,101,81,25,25,0
Ouray,101,82,25,25,0
Ouray,101,83,25,25,0
Ouray,101,84,25,25,0
Ouray,101,85,25,25,0
Ouray,101,86,25,25,0
Ouray,101,87,25,25,0
Ouray,101,88,25,25,0
Ouray,101,89,25,25,0
Ouray,101,9,25,25,0
Ouray,101,90,25,25,0
Ouray,101,91,25,25,0
Ouray,101,92,25,25,0
Ouray,101,93,25,25,0
Ouray,101,94,14,14,0
Park,101,1,25,25,0
Park,101,10,25,25,0
Park,101,100,28,28,0
Park,101,101,25,25,0
Park,101,102,26,26,0
Park,101,103,14,14,0
Park,101,104,25,25,0
Park,101,105,25,25,0
Park,101,106,25,25,0
Park,101,107,24,24,0
Park,101,108,24,24,0
Park,101,109,25,25,0
Park,101,11,25,25,0
Park,101,110,25,25,0
Park,101,111,25,25,0
Park,101,112,16,16,0
Park,101,113,17,17,0
Park,101,114,25,25,0
Park,101,115,26,26,0
Park,101,116,25,25,0
Park,101,117,25,25,0
Park,101,118,7,7,0
Park,101,119,26,26,0
Park,101,12,25,25,0
Park,101,120,21,21,0
Park,101,121,25,25,0
Park,101,122,25,25,0
Park,101,123,25,25,0
Park,101,124,25,25,0
Park,101,125,27,27,0
Park,101,126,13,13,0
Park,101,127,8,8,0
Park,101,128,25,25,0
Park,101,129,25,25,0
Park,101,13,25,25,0
Park,101,130,25,25,0
Park,101,131,25,25,0
Park,101,132,25,25,0
Park,101,133,25,25,0
Park,101,134,25,25,0
Park,101,135,25,25,0
Park,101,136,25,25,0
Park,101,137,25,25,0
Park,101,138,25,25,0
Park,101,139,25,25,0
Park,101,14,25,25,0
Park,101,140,25,25,0
Park,101,141,26,26,0
Park,101,142,25,25,0
Park,101,143,18,18,0
Park,101,144,25,25,0
Park,101,145,25,25,0
Park,101,146,25,25,0
Park,101,147,25,25,0
Park,101,148,25,25,0
Park,101,149,26,26,0
Park,101,15,25,25,0
Park,101,150,25,25,0
Park,101,151,25,25,0
Park,101,152,25,25,0
Park,101,153,25,25,0
Park,101,154,25,25,0
Park,101,155,25,25,0
Park,101,156,25,25,0
Park,101,157,25,25,0
Park,101,158,25,25,0
Park,101,159,25,25,0
Park,101,16,25,25,0
Park,101,160,25,25,0
Park,101,161,25,25,0
Park,101,162,25,25,0
Park,101,163,26,26,0
Park,101,164,25,25,0
Park,101,165,26,26,0
Park,101,166,25,25,0
Park,101,167,25,25,0
Park,101,168,24,24,0
Park,101,169,25,25,0
Park,101,17,25,25,0
Park,101,170,25,25,0
Park,101,171,25,25,0
Park,101,172,25,25,0
Park,101,173,25,25,0
Park,101,174,25,25,0
Park,101,175,24,24,0
Park,101,176,25,25,0
Park,101,177,22,22,0
Park,101,178,25,25,0
Park,101,179,25,25,0
Park,101,18,22,22,0
Park,101,180,25,25,0
Park,101,181,25,25,0
Park,101,182,25,25,0
Park,101,183,25,25,0
Park,101,184,24,24,0
Park,101,185,25,25,0
Park,101,186,25,25,0
Park,101,187,24,24,0
Park,101,188,25,25,0
Park,101,189,25,25,0
Park,101,19,25,25,0
Park,101,190,25,25,0
Park,101,191,25,25,0
Park,101,192,25,25,0
Park,101,193,25,25,0
Park,101,194,25,25,0
Park,101,195,25,25,0
Park,101,196,24,24,0
Park,101,197,24,24,0
Park,101,198,25,25,0
Park,101,199,25,25,0
Park,101,2,25,25,0
Park,101,20,25,25,0
Park,101,200,25,25,0
Park,101,201,25,25,0
Park,101,202,25,25,0
Park,101,203,25,25,0
Park,101,204,25,25,0
Park,101,205,24,24,0
Park,101,206,24,24,0
Park,101,207,25,25,0
Park,101,208,25,25,0
Park,101,209,25,25,0
Park,101,21,25,25,0
Park,101,210,25,25,0
Park,101,211,25,25,0
Park,101,212,25,25,0
Park,101,213,25,25,0
Park,101,214,23,23,0
Park,101,215,22,22,0
Park,101,216,24,24,0
Park,101,217,24,24,0
Park,101,218,25,25,0
Park,101,219,23,23,0
Park,101,22,25,25,0
Park,101,220,25,25,0
Park,101,221,25,25,0
Park,101,222,25,25,0
Park,101,223,25,25,0
Park,101,224,25,25,0
Park,101,225,25,25,0
Park,101,226,25,25,0
Park,101,227,25,25,0
Park,101,228,25,25,0
Park,101,229,27,27,0
Park,101,23,25,25,0
Park,101,230,25,25,0
Park,101,231,25,25,0
Park,101,232,22,22,0
Park,101,233,25,25,0
Park,101,234,3,3,0
Park,101,235,25,25,0
Park,101,236,23,23,0
Park,101,237,25,25,0
Park,101,238,12,12,0
Park,101,239,6,6,0
Park,101,24,25,25,0
Park,101,240,22,22,0
Park,101,241,25,25,0
Park,101,242,25,25,0
Park,101,243,25,25,0
Park,101,244,19,19,0
Park,101,245,25,25,0
Park,101,246,26,26,0
Park,101,247,19,19,0
Park,101,248,25,25,0
Park,101,249,25,25,0
Park,101,25,25,25,0
Park,101,250,24,24,0
Park,101,251,25,25,0
Park,101,252,25,25,0
Park,101,253,25,25,0
Park,101,254,29,29,0
Park,101,255,25,25,0
Park,101,256,22,22,0
Park,101,257,25,25,0
Park,101,26,25,25,0
Park,101,27,25,25,0
Park,101,28,25,25,0
Park,101,29,25,25,0
Park,101,3,26,26,0
Park,101,30,25,25,0
Park,101,31,25,25,0
Park,101,32,25,25,0
Park,101,33,24,24,0
Park,101,34,25,25,0
Park,101,35,24,24,0
Park,101,36,25,25,0
Park,101,37,25,25,0
Park,101,38,25,25,0
Park,101,39,25,25,0
Park,101,4,25,25,0
Park,101,40,25,25,0
Park,101,41,25,25,0
Park,101,42,25,25,0
Park,101,43,25,25,0
Park,101,44,25,25,0
Park,101,45,25,25,0
Park,101,46,25,25,0
Park,101,47,25,25,0
Park,101,48,25,25,0
Park,101,49,26,26,0
Park,101,5,25,25,0
Park,101,50,22,22,0
Park,101,51,25,25,0
Park,101,52,25,25,0
Park,101,53,26,26,0
Park,101,54,35,35,0
Park,101,55,25,25,0
Park,101,56,25,25,0
Park,101,57,25,25,0
Park,101,58,25,25,0
Park,101,59,25,25,0
Park,101,6,25,25,0
Park,101,60,25,25,0
Park,101,61,25,25,0
Park,101,62,25,25,0
Park,101,63,26,26,0
Park,101,64,25,25,0
Park,101,65,25,25,0
Park,101,66,25,25,0
Park,101,67,25,25,0
Park,101,68,25,25,0
Park,101,69,25,25,0
Park,101,7,25,25,0
Park,101,70,25,25,0
Park,101,71,25,25,0
Park,101,72,25,25,0
Park,101,73,4,4,0
Park,101,74,17,17,0
Park,101,75,25,25,0
Park,101,76,25,25,0
Park,101,77,25,25,0
Park,101,78,25,25,0
Park,101,79,25,25,0
Park,101,8,25,25,0
Park,101,80,25,25,0
Park,101,81,25,25,0
Park,101,82,25,25,0
Park,101,83,25,25,0
Park,101,84,25,25,0
Park,101,85,25,25,0
Park,101,86,25,25,0
Park,101,87,25,25,0
Park,101,88,25,25,0
Park,101,89,25,25,0
Park,101,9,25,25,0
Park,101,90,26,26,0
Park,101,91,25,25,0
Park,101,92,25,25,0
Park,101,93,25,25,0
Park,101,94,25,25,0
Park,101,95,25,25,0
Park,101,96,25,25,0
Park,101,97,26,26,0
Park,101,98,25,25,0
Park,101,99,25,25,0
Phillips,101,1,25,25,0
Phillips,101,10,25,25,0
Phillips,101,11,25,25,0
Phillips,101,12,25,25,0
Phillips,101,13,25,25,0
Phillips,101,14,25,25,0
Phillips,101,15,25,25,0
Phillips,101,16,25,25,0
Phillips,101,17,25,25,0
Phillips,101,18,25,25,0
Phillips,101,19,25,25,0
Phillips,101,2,25,25,0
Phillips,101,20,25,25,0
Phillips,101,21,25,25,0
Phillips,101,22,25,25,0
Phillips,101,23,25,25,0
Phillips,101,24,25,25,0
Phillips,101,25,25,25,0
Phillips,101,26,25,25,0
Phillips,101,27,25,25,0
Phillips,101,28,25,25,0
Phillips,101,29,25,25,0
Phillips,101,3,25,25,0
Phillips,101,30,25,25,0
Phillips,101,31,25,25,0
Phillips,101,32,25,25,0
Phillips,101,33,25,25,0
Phillips,101,34,25,25,0
Phillips,101,35,25,25,0
Phillips,101,36,25,25,0
Phillips,101,37,25,25,0
Phillips,101,38,25,25,0
Phillips,101,39,25,25,0
Phillips,101,4,25,25,0
Phillips,101,40,25,25,0
Phillips,101,41,25,25,0
Phillips,101,42,25,25,0
Phillips,101,43,25,25,0
Phillips,101,44,25,25,0
Phillips,101,45,1,1,0
Phillips,101,46,25,25,0
Phillips,101,47,25,25,0
Phillips,101,48,25,25,0
Phillips,101,49,25,25,0
Phillips,101,5,25,25,0
Phillips,101,50,25,25,0
Phillips,101,51,25,25,0
Phillips,101,52,25,25,0
Phillips,101,53,25,25,0
Phillips,101,54,25,25,0
Phillips,101,55,25,25,0
Phillips,101,56,25,25,0
Phillips,101,57,25,25,0
Phillips,101,58,25,25,0
Phillips,101,59,16,16,0
Phillips,101,6,25,25,0
Phillips,101,60,18,18,0
Phillips,101,7,25,25,0
Phillips,101,8,25,25,0
Phillips,101,9,25,25,0
Pitkin,102,1,21,21,0
Pitkin,102,2,96,96,0
Pitkin,103,1,12,12,0
Pitkin,103,10,5,5,0
Pitkin,103,100,25,25,0
Pitkin,103,101,25,25,0
Pitkin,103,102,25,25,0
Pitkin,103,103,15,15,0
Pitkin,103,104,15,15,0
Pitkin,103,105,25,25,0
Pitkin,103,106,25,25,0
Pitkin,103,107,25,25,0
Pitkin,103,108,25,25,0
Pitkin,103,109,25,25,0
Pitkin,103,11,25,25,0
Pitkin,103,110,7,7,0
Pitkin,103,111,25,25,0
Pitkin,103,112,25,25,0
Pitkin,103,113,25,25,0
Pitkin,103,114,25,25,0
Pitkin,103,115,25,25,0
Pitkin,103,116,8,8,0
Pitkin,103,117,25,25,0
Pitkin,103,118,25,25,0
Pitkin,103,119,25,25,0
Pitkin,103,12,25,25,0
Pitkin,103,120,25,25,0
Pitkin,103,121,9,9,0
Pitkin,103,122,25,25,0
Pitkin,103,123,25,25,0
Pitkin,103,124,25,25,0
Pitkin,103,125,25,25,0
Pitkin,103,126,25,25,0
Pitkin,103,127,25,25,0
Pitkin,103,128,25,25,0
Pitkin,103,129,4,4,0
Pitkin,103,13,25,25,0
Pitkin,103,130,25,25,0
Pitkin,103,131,25,25,0
Pitkin,103,132,25,25,0
Pitkin,103,133,18,18,0
Pitkin,103,134,25,25,0
Pitkin,103,135,25,25,0
Pitkin,103,136,24,24,0
Pitkin,103,137,24,24,0
Pitkin,103,138,25,25,0
Pitkin,103,139,2,2,0
Pitkin,103,14,25,25,0
Pitkin,103,140,25,25,0
Pitkin,103,141,16,16,0
Pitkin,103,142,25,25,0
Pitkin,103,143,25,25,0
Pitkin,103,144,11,11,0
Pitkin,103,145,25,25,0
Pitkin,103,146,25,25,0
Pitkin,103,147,25,25,0
Pitkin,103,148,25,25,0
Pitkin,103,149,25,25,0
Pitkin,103,15,25,25,0
Pitkin,103,150,21,21,0
Pitkin,103,151,25,25,0
Pitkin,103,152,25,25,0
Pitkin,103,153,25,25,0
Pitkin,103,154,24,24,0
Pitkin,103,155,25,25,0
Pitkin,103,156,25,25,0
Pitkin,103,157,25,25,0
Pitkin,103,158,25,25,0
Pitkin,103,159,25,25,0
Pitkin,103,16,25,25,0
Pitkin,103,160,25,25,0
Pitkin,103,161,8,8,0
Pitkin,103,162,25,25,0
Pitkin,103,163,25,25,0
Pitkin,103,164,25,25,0
Pitkin,103,165,25,25,0
Pitkin,103,166,25,25,0
Pitkin,103,167,12,12,0
Pitkin,103,168,25,25,0
Pitkin,103,169,25,25,0
Pitkin,103,17,25,25,0
Pitkin,103,170,25,25,0
Pitkin,103,171,25,25,0
Pitkin,103,172,25,25,0
Pitkin,103,173,24,24,0
Pitkin,103,174,25,25,0
Pitkin,103,175,25,25,0
Pitkin,103,176,25,25,0
Pitkin,103,177,25,25,0
Pitkin,103,178,25,25,0
Pitkin,103,179,19,19,0
Pitkin,103,18,25,25,0
Pitkin,103,180,46,46,0
Pitkin,103,19,25,25,0
Pitkin,103,2,25,25,0
Pitkin,103,20,25,25,0
Pitkin,103,21,25,25,0
Pitkin,103,22,25,25,0
Pitkin,103,23,23,23,0
Pitkin,103,24,13,13,0
Pitkin,103,25,25,25,0
Pitkin,103,26,25,25,0
Pitkin,103,27,25,25,0
Pitkin,103,28,25,25,0
Pitkin,103,29,25,25,0
Pitkin,103,3,25,25,0
Pitkin,103,30,25,25,0
Pitkin,103,31,25,25,0
Pitkin,103,32,25,25,0
Pitkin,103,33,8,8,0
Pitkin,103,34,25,25,0
Pitkin,103,35,25,25,0
Pitkin,103,36,25,25,0
Pitkin,103,37,25,25,0
Pitkin,103,38,25,25,0
Pitkin,103,39,25,25,0
Pitkin,103,4,25,25,0
Pitkin,103,40,25,25,0
Pitkin,103,41,25,25,0
Pitkin,103,42,25,25,0
Pitkin,103,43,25,25,0
Pitkin,103,44,25,25,0
Pitkin,103,45,25,25,0
Pitkin,103,46,15,15,0
Pitkin,103,47,25,25,0
Pitkin,103,48,25,25,0
Pitkin,103,49,25,25,0
Pitkin,103,5,25,25,0
Pitkin,103,50,25,25,0
Pitkin,103,51,25,25,0
Pitkin,103,52,25,25,0
Pitkin,103,53,25,25,0
Pitkin,103,54,25,25,0
Pitkin,103,55,25,25,0
Pitkin,103,56,25,25,0
Pitkin,103,57,2,2,0
Pitkin,103,58,25,25,0
Pitkin,103,59,25,25,0
Pitkin,103,6,25,25,0
Pitkin,103,60,25,25,0
Pitkin,103,61,25,25,0
Pitkin,103,62,25,25,0
Pitkin,103,63,25,25,0
Pitkin,103,64,25,25,0
Pitkin,103,65,25,25,0
Pitkin,103,66,25,25,0
Pitkin,103,67,25,25,0
Pitkin,103,68,25,25,0
Pitkin,103,69,2,2,0
Pitkin,103,7,25,25,0
Pitkin,103,70,20,20,0
Pitkin,103,71,25,25,0
Pitkin,103,72,25,25,0
Pitkin,103,73,25,25,0
Pitkin,103,74,25,25,0
Pitkin,103,75,25,25,0
Pitkin,103,76,25,25,0
Pitkin,103,77,25,25,0
Pitkin,103,78,25,25,0
Pitkin,103,79,25,25,0
Pitkin,103,8,25,25,0
Pitkin,103,80,25,25,0
Pitkin,103,81,25,25,0
Pitkin,103,82,25,25,0
Pitkin,103,83,16,16,0
Pitkin,103,84,4,4,0
Pitkin,103,85,25,25,0
Pitkin,103,86,25,25,0
Pitkin,103,87,25,25,0
Pitkin,103,88,25,25,0
Pitkin,103,89,25,25,0
Pitkin,103,9,25,25,0
Pitkin,103,90,25,25,0
Pitkin,103,91,25,25,0
Pitkin,103,92,25,25,0
Pitkin,103,93,25,25,0
Pitkin,103,94,25,25,0
Pitkin,103,95,46,46,0
Pitkin,103,96,5,5,0
Pitkin,103,97,25,25,0
Pitkin,103,98,25,25,0
Pitkin,103,99,25,25,0
Prowers,101,1,25,25,0
Prowers,101,10,25,25,0
Prowers,101,100,25,25,0
Prowers,101,101,25,25,0
Prowers,101,102,25,25,0
Prowers,101,103,25,25,0
Prowers,101,104,25,25,0
Prowers,101,105,25,25,0
Prowers,101,106,25,25,0
Prowers,101,107,25,25,0
Prowers,101,108,25,25,0
Prowers,101,109,25,25,0
Prowers,101,11,25,25,0
Prowers,101,110,25,25,0
Prowers,101,111,25,25,0
Prowers,101,112,25,25,0
Prowers,101,113,25,25,0
Prowers,101,114,25,25,0
Prowers,101,115,24,24,0
Prowers,101,116,25,25,0
Prowers,101,117,16,16,0
Prowers,101,118,25,25,0
Prowers,101,119,4,4,0
Prowers,101,12,25,25,0
Prowers,101,120,12,12,0
Prowers,101,121,10,10,0
Prowers,101,122,14,14,0
Prowers,101,13,25,25,0
Prowers,101,14,25,25,0
Prowers,101,15,25,25,0
Prowers,101,16,25,25,0
Prowers,101,17,25,25,0
Prowers,101,18,25,25,0
Prowers,101,19,25,25,0
Prowers,101,2,25,25,0
Prowers,101,20,25,25,0
Prowers,101,21,25,25,0
Prowers,101,22,25,25,0
Prowers,101,23,25,25,0
Prowers,101,24,25,25,0
Prowers,101,25,25,25,0
Prowers,101,26,25,25,0
Prowers,101,27,25,25,0
Prowers,101,28,25,25,0
Prowers,101,29,25,25,0
Prowers,101,3,25,25,0
Prowers,101,30,25,25,0
Prowers,101,31,25,25,0
Prowers,101,32,25,25,0
Prowers,101,33,25,25,0
Prowers,101,34,25,25,0
Prowers,101,35,25,25,0
Prowers,101,36,25,25,0
Prowers,101,37,25,25,0
Prowers,101,38,25,25,0
Prowers,101,39,25,25,0
Prowers,101,4,25,25,0
Prowers,101,40,25,25,0
Prowers,101,41,25,25,0
Prowers,101,42,25,25,0
Prowers,101,43,25,25,0
Prowers,101,44,25,25,0
Prowers,101,45,25,25,0
Prowers,101,46,25,25,0
Prowers,101,47,25,25,0
Prowers,101,48,25,25,0
Prowers,101,49,25,25,0
Prowers,101,5,25,25,0
Prowers,101,50,25,25,0
Prowers,101,51,25,25,0
Prowers,101,52,25,25,0
Prowers,101,53,25,25,0
Prowers,101,54,25,25,0
Prowers,101,55,25,25,0
Prowers,101,56,25,25,0
Prowers,101,57,25,25,0
Prowers,101,58,25,25,0
Prowers,101,59,25,25,0
Prowers,101,6,25,25,0
Prowers,101,60,25,25,0
Prowers,101,61,25,25,0
Prowers,101,62,25,25,0
Prowers,101,63,25,25,0
Prowers,101,64,25,25,0
Prowers,101,65,25,25,0
Prowers,101,66,25,25,0
Prowers,101,67,25,25,0
Prowers,101,68,25,25,0
Prowers,101,69,25,25,0
Prowers,101,7,25,25,0
Prowers,101,70,25,25,0
Prowers,101,71,25,25,0
Prowers,101,72,25,25,0
Prowers,101,73,25,25,0
Prowers,101,74,25,25,0
Prowers,101,75,25,25,0
Prowers,101,76,25,25,0
Prowers,101,77,25,25,0
Prowers,101,78,25,25,0
Prowers,101,79,25,25,0
Prowers,101,8,25,25,0
Prowers,101,80,25,25,0
Prowers,101,81,25,25,0
Prowers,101,82,25,25,0
Prowers,101,83,25,25,0
Prowers,101,84,25,25,0
Prowers,101,85,25,25,0
Prowers,101,86,25,25,0
Prowers,101,87,25,25,0
Prowers,101,88,25,25,0
Prowers,101,89,25,25,0
Prowers,101,9,25,25,0
Prowers,101,90,25,25,0
Prowers,101,91,25,25,0
Prowers,101,92,25,25,0
Prowers,101,93,25,25,0
Prowers,101,94,25,25,0
Prowers,101,95,25,25,0
Prowers,101,96,25,25,0
Prowers,101,97,25,25,0
Prowers,101,98,25,25,0
Prowers,101,99,25,25,0
Pueblo,101,1,50,50,0
Pueblo,101,10,50,50,0
Pueblo,101,100,50,50,0
Pueblo,101,101,47,47,0
Pueblo,101,102,50,50,0
Pueblo,101,103,49,49,0
Pueblo,101,104,49,49,0
Pueblo,101,105,49,49,0
Pueblo,101,106,50,50,0
Pueblo,101,107,50,50,0
Pueblo,101,108,31,31,0
Pueblo,101,109,48,48,0
Pueblo,101,11,50,50,0
Pueblo,101,110,48,48,0
Pueblo,101,111,50,50,0
Pueblo,101,112,50,50,0
Pueblo,101,113,50,50,0
Pueblo,101,114,50,50,0
Pueblo,101,115,49,49,0
Pueblo,101,116,50,50,0
Pueblo,101,117,50,50,0
Pueblo,101,118,50,50,0
Pueblo,101,119,48,48,0
Pueblo,101,12,50,50,0
Pueblo,101,120,50,50,0
Pueblo,101,121,44,44,0
Pueblo,101,122,50,50,0
Pueblo,101,123,50,50,0
Pueblo,101,124,49,49,0
Pueblo,101,125,50,50,0
Pueblo,101,126,48,48,0
Pueblo,101,127,53,53,0
Pueblo,101,128,50,50,0
Pueblo,101,129,49,49,0
Pueblo,101,13,50,50,0
Pueblo,101,130,50,50,0
Pueblo,101,131,46,46,0
Pueblo,101,132,49,49,0
Pueblo,101,133,48,48,0
Pueblo,101,134,49,49,0
Pueblo,101,135,50,50,0
Pueblo,101,136,51,51,0
Pueblo,101,137,48,48,0
Pueblo,101,138,50,50,0
Pueblo,101,139,50,50,0
Pueblo,101,14,50,50,0
Pueblo,101,140,50,50,0
Pueblo,101,141,50,50,0
Pueblo,101,142,50,50,0
Pueblo,101,143,50,50,0
Pueblo,101,144,50,50,0
Pueblo,101,145,50,50,0
Pueblo,101,146,49,49,0
Pueblo,101,147,50,50,0
Pueblo,101,148,50,50,0
Pueblo,101,149,50,50,0
Pueblo,101,15,50,50,0
Pueblo,101,150,50,50,0
Pueblo,101,151,49,49,0
Pueblo,101,152,50,50,0
Pueblo,101,153,48,48,0
Pueblo,101,154,48,48,0
Pueblo,101,155,30,30,0
Pueblo,101,156,50,50,0
Pueblo,101,157,50,50,0
Pueblo,101,158,16,16,0
Pueblo,101,159,48,48,0
Pueblo,101,16,49,49,0
Pueblo,101,160,42,42,0
Pueblo,101,161,48,48,0
Pueblo,101,162,6,6,0
Pueblo,101,163,51,51,0
Pueblo,101,164,50,50,0
Pueblo,101,165,50,50,0
Pueblo,101,166,50,50,0
Pueblo,101,167,50,50,0
Pueblo,101,168,50,50,0
Pueblo,101,169,50,50,0
Pueblo,101,17,50,50,0
Pueblo,101,170,49,49,0
Pueblo,101,171,49,49,0
Pueblo,101,172,50,50,0
Pueblo,101,173,50,50,0
Pueblo,101,174,49,49,0
Pueblo,101,175,49,49,0
Pueblo,101,176,32,32,0
Pueblo,101,177,35,35,0
Pueblo,101,178,51,51,0
Pueblo,101,179,46,46,0
Pueblo,101,18,50,50,0
Pueblo,101,180,50,50,0
Pueblo,101,181,49,49,0
Pueblo,101,182,50,50,0
Pueblo,101,183,50,50,0
Pueblo,101,184,50,50,0
Pueblo,101,185,49,49,0
Pueblo,101,186,50,50,0
Pueblo,101,187,50,50,0
Pueblo,101,188,49,49,0
Pueblo,101,189,50,50,0
Pueblo,101,19,48,48,0
Pueblo,101,190,43,43,0
Pueblo,101,191,50,50,0
Pueblo,101,192,48,48,0
Pueblo,101,193,40,40,0
Pueblo,101,194,49,49,0
Pueblo,101,195,41,41,0
Pueblo,101,196,45,45,0
Pueblo,101,197,44,44,0
Pueblo,101,198,21,21,0
Pueblo,101,199,49,49,0
Pueblo,101,2,50,50,0
Pueblo,101,20,50,50,0
Pueblo,101,200,50,50,0
Pueblo,101,201,1,1,0
Pueblo,101,202,5,5,0
Pueblo,101,203,1,1,0
Pueblo,101,204,51,51,0
Pueblo,101,205,50,50,0
Pueblo,101,206,50,50,0
Pueblo,101,207,50,50,0
Pueblo,101,208,50,50,0
Pueblo,101,209,50,50,0
Pueblo,101,21,50,50,0
Pueblo,101,210,24,24,0
Pueblo,101,211,47,47,0
Pueblo,101,212,48,48,0
Pueblo,101,213,49,49,0
Pueblo,101,214,49,49,0
Pueblo,101,215,48,48,0
Pueblo,101,216,9,9,0
Pueblo,101,217,49,49,0
Pueblo,101,218,49,49,0
Pueblo,101,219,46,46,0
Pueblo,101,22,50,50,0
Pueblo,101,220,49,49,0
Pueblo,101,221,47,47,0
Pueblo,101,222,26,26,0
Pueblo,101,223,49,49,0
Pueblo,101,224,48,48,0
Pueblo,101,225,42,42,0
Pueblo,101,226,50,50,0
Pueblo,101,227,50,50,0
Pueblo,101,228,49,49,0
Pueblo,101,229,50,50,0
Pueblo,101,23,50,50,0
Pueblo,101,230,50,50,0
Pueblo,101,231,50,50,0
Pueblo,101,232,49,49,0
Pueblo,101,233,24,24,0
Pueblo,101,234,48,48,0
Pueblo,101,235,50,50,0
Pueblo,101,236,48,48,0
Pueblo,101,237,47,47,0
Pueblo,101,238,24,24,0
Pueblo,101,239,50,50,0
Pueblo,101,24,50,50,0
Pueblo,101,240,50,50,0
Pueblo,101,241,49,49,0
Pueblo,101,242,49,49,0
Pueblo,101,243,50,50,0
Pueblo,101,244,50,50,0
Pueblo,101,245,49,49,0
Pueblo,101,246,49,49,0
Pueblo,101,247,48,48,0
Pueblo,101,248,52,52,0
Pueblo,101,249,48,48,0
Pueblo,101,25,49,49,0
Pueblo,101,250,50,50,0
Pueblo,101,251,50,50,0
Pueblo,101,252,50,50,0
Pueblo,101,253,8,8,0
Pueblo,101,254,13,13,0
Pueblo,101,255,49,49,0
Pueblo,101,256,50,50,0
Pueblo,101,257,49,49,0
Pueblo,101,258,50,50,0
Pueblo,101,259,5,5,0
Pueblo,101,26,50,50,0
Pueblo,101,260,47,47,0
Pueblo,101,261,47,47,0
Pueblo,101,262,46,46,0
Pueblo,101,263,49,49,0
Pueblo,101,264,16,16,0
Pueblo,101,265,50,50,0
Pueblo,101,266,50,50,0
Pueblo,101,267,3,3,0
Pueblo,101,268,50,50,0
Pueblo,101,269,50,50,0
Pueblo,101,27,50,50,0
Pueblo,101,270,50,50,0
Pueblo,101,271,50,50,0
Pueblo,101,272,50,50,0
Pueblo,101,273,50,50,0
Pueblo,101,274,48,48,0
Pueblo,101,275,49,49,0
Pueblo,101,276,34,34,0
Pueblo,101,277,52,52,0
Pueblo,101,278,57,57,0
Pueblo,101,279,19,19,0
Pueblo,101,28,50,50,0
Pueblo,101,280,47,47,0
Pueblo,101,281,49,49,0
Pueblo,101,282,40,40,0
Pueblo,101,283,23,23,0
Pueblo,101,284,48,48,0
Pueblo,101,285,49,49,0
Pueblo,101,286,50,50,0
Pueblo,101,287,50,50,0
Pueblo,101,288,50,50,0
Pueblo,101,289,50,50,0
Pueblo,101,29,50,50,0
Pueblo,101,290,47,47,0
Pueblo,101,291,48,48,0
Pueblo,101,292,50,50,0
Pueblo,101,293,50,50,0
Pueblo,101,294,42,42,0
Pueblo,101,295,47,47,0
Pueblo,101,296,16,16,0
Pueblo,101,297,49,49,0
Pueblo,101,298,50,50,0
Pueblo,101,299,50,50,0
Pueblo,101,3,50,50,0
Pueblo,101,30,50,50,0
Pueblo,101,300,33,33,0
Pueblo,101,301,49,49,0
Pueblo,101,302,50,50,0
Pueblo,101,303,50,50,0
Pueblo,101,304,1,1,0
Pueblo,101,305,1,1,0
Pueblo,101,306,3,3,0
Pueblo,101,307,45,45,0
Pueblo,101,308,49,49,0
Pueblo,101,309,49,49,0
Pueblo,101,31,50,50,0
Pueblo,101,310,49,49,0
Pueblo,101,311,48,48,0
Pueblo,101,312,27,27,0
Pueblo,101,313,45,45,0
Pueblo,101,314,42,42,0
Pueblo,101,315,50,50,0
Pueblo,101,316,50,50,0
Pueblo,101,317,46,46,0
Pueblo,101,318,49,49,0
Pueblo,101,319,50,50,0
Pueblo,101,32,50,50,0
Pueblo,101,320,49,49,0
Pueblo,101,321,50,50,0
Pueblo,101,322,50,50,0
Pueblo,101,323,50,50,0
Pueblo,101,324,49,49,0
Pueblo,101,325,50,50,0
Pueblo,101,326,45,45,0
Pueblo,101,327,47,47,0
Pueblo,101,328,47,47,0
Pueblo,101,329,26,26,0
Pueblo,101,33,50,50,0
Pueblo,101,330,49,49,0
Pueblo,101,331,49,49,0
Pueblo,101,332,49,49,0
Pueblo,101,333,13,13,0
Pueblo,101,334,4,4,0
Pueblo,101,335,12,12,0
Pueblo,101,336,17,17,0
Pueblo,101,337,36,36,0
Pueblo,101,338,50,50,0
Pueblo,101,339,25,25,0
Pueblo,101,34,49,49,0
Pueblo,101,340,49,49,0
Pueblo,101,341,35,35,0
Pueblo,101,342,47,47,0
Pueblo,101,343,49,49,0
Pueblo,101,344,49,49,0
Pueblo,101,345,49,49,0
Pueblo,101,346,45,45,0
Pueblo,101,347,49,49,0
Pueblo,101,348,23,23,0
Pueblo,101,349,50,50,0
Pueblo,101,35,50,50,0
Pueblo,101,350,49,49,0
Pueblo,101,351,50,50,0
Pueblo,101,352,50,50,0
Pueblo,101,353,50,50,0
Pueblo,101,354,24,24,0
Pueblo,101,355,50,50,0
Pueblo,101,356,50,50,0
Pueblo,101,357,50,50,0
Pueblo,101,358,8,8,0
Pueblo,101,359,50,50,0
Pueblo,101,36,50,50,0
Pueblo,101,360,49,49,0
Pueblo,101,361,50,50,0
Pueblo,101,362,2,2,0
Pueblo,101,363,50,50,0
Pueblo,101,364,50,50,0
Pueblo,101,365,50,50,0
Pueblo,101,366,39,39,0
Pueblo,101,367,49,49,0
Pueblo,101,368,48,48,0
Pueblo,101,369,49,49,0
Pueblo,101,37,50,50,0
Pueblo,101,370,49,49,0
Pueblo,101,371,16,16,0
Pueblo,101,372,47,47,0
Pueblo,101,373,50,50,0
Pueblo,101,374,50,50,0
Pueblo,101,375,50,50,0
Pueblo,101,376,19,19,0
Pueblo,101,377,50,50,0
Pueblo,101,378,50,50,0
Pueblo,101,379,50,50,0
Pueblo,101,38,50,50,0
Pueblo,101,380,50,50,0
Pueblo,101,381,6,6,0
Pueblo,101,382,44,44,0
Pueblo,101,383,47,47,0
Pueblo,101,384,48,48,0
Pueblo,101,385,50,50,0
Pueblo,101,386,48,48,0
Pueblo,101,387,50,50,0
Pueblo,101,388,50,50,0
Pueblo,101,389,51,51,0
Pueblo,101,39,50,50,0
Pueblo,101,390,50,50,0
Pueblo,101,391,50,50,0
Pueblo,101,392,39,39,0
Pueblo,101,393,48,48,0
Pueblo,101,394,48,48,0
Pueblo,101,395,49,49,0
Pueblo,101,396,51,51,0
Pueblo,101,397,50,50,0
Pueblo,101,398,50,50,0
Pueblo,101,399,49,49,0
Pueblo,101,4,46,46,0
Pueblo,101,40,50,50,0
Pueblo,101,400,54,54,0
Pueblo,101,401,50,50,0
Pueblo,101,402,50,50,0
Pueblo,101,403,50,50,0
Pueblo,101,404,49,49,0
Pueblo,101,405,49,49,0
Pueblo,101,406,50,50,0
Pueblo,101,407,49,49,0
Pueblo,101,408,50,50,0
Pueblo,101,409,5,5,0
Pueblo,101,41,50,50,0
Pueblo,101,410,1,1,0
Pueblo,101,411,8,8,0
Pueblo,101,412,3,3,0
Pueblo,101,413,49,49,0
Pueblo,101,414,23,23,0
Pueblo,101,415,50,50,0
Pueblo,101,416,50,50,0
Pueblo,101,417,38,38,0
Pueblo,101,418,49,49,0
Pueblo,101,419,31,31,0
Pueblo,101,42,50,50,0
Pueblo,101,420,47,47,0
Pueblo,101,421,46,46,0
Pueblo,101,422,50,50,0
Pueblo,101,423,50,50,0
Pueblo,101,424,49,49,0
Pueblo,101,425,49,49,0
Pueblo,101,426,49,49,0
Pueblo,101,427,50,50,0
Pueblo,101,428,50,50,0
Pueblo,101,429,48,48,0
Pueblo,101,43,50,50,0
Pueblo,101,430,17,17,0
Pueblo,101,431,3,3,0
Pueblo,101,432,1,1,0
Pueblo,101,433,10,10,0
Pueblo,101,434,33,33,0
Pueblo,101,435,11,11,0
Pueblo,101,436,6,6,0
Pueblo,101,437,17,17,0
Pueblo,101,438,34,34,0
Pueblo,101,439,2,2,0
Pueblo,101,44,50,50,0
Pueblo,101,45,50,50,0
Pueblo,101,46,49,49,0
Pueblo,101,47,50,50,0
Pueblo,101,48,50,50,0
Pueblo,101,49,50,50,0
Pueblo,101,5,50,50,0
Pueblo,101,50,50,50,0
Pueblo,101,51,45,45,0
Pueblo,101,52,45,45,0
Pueblo,101,53,48,48,0
Pueblo,101,54,49,49,0
Pueblo,101,55,49,49,0
Pueblo,101,56,50,50,0
Pueblo,101,57,47,47,0
Pueblo,101,58,2,2,0
Pueblo,101,59,50,50,0
Pueblo,101,6,48,48,0
Pueblo,101,60,50,50,0
Pueblo,101,61,50,50,0
Pueblo,101,62,50,50,0
Pueblo,101,63,50,50,0
Pueblo,101,64,50,50,0
Pueblo,101,65,50,50,0
Pueblo,101,66,50,50,0
Pueblo,101,67,34,34,0
Pueblo,101,68,50,50,0
Pueblo,101,69,49,49,0
Pueblo,101,7,49,49,0
Pueblo,101,70,49,49,0
Pueblo,101,71,49,49,0
Pueblo,101,72,50,50,0
Pueblo,101,73,35,35,0
Pueblo,101,74,50,50,0
Pueblo,101,75,50,50,0
Pueblo,101,76,50,50,0
Pueblo,101,77,50,50,0
Pueblo,101,78,50,50,0
Pueblo,101,79,50,50,0
Pueblo,101,8,49,49,0
Pueblo,101,80,21,21,0
Pueblo,101,81,48,48,0
Pueblo,101,82,46,46,0
Pueblo,101,83,47,47,0
Pueblo,101,84,48,48,0
Pueblo,101,85,29,29,0
Pueblo,101,86,50,50,0
Pueblo,101,87,49,49,0
Pueblo,101,88,48,48,0
Pueblo,101,89,50,50,0
Pueblo,101,9,50,50,0
Pueblo,101,90,50,50,0
Pueblo,101,91,50,50,0
Pueblo,101,92,50,50,0
Pueblo,101,93,50,50,0
Pueblo,101,94,50,50,0
Pueblo,101,95,50,50,0
Pueblo,101,96,47,47,0
Pueblo,101,97,49,49,0
Pueblo,101,98,50,50,0
Pueblo,101,99,49,49,0
Pueblo,102,1,7,7,0
Pueblo,102,10,50,50,0
Pueblo,102,100,50,50,0
Pueblo,102,101,49,49,0
Pueblo,102,102,49,49,0
Pueblo,102,103,47,47,0
Pueblo,102,104,42,42,0
Pueblo,102,105,50,50,0
Pueblo,102,106,50,50,0
Pueblo,102,107,49,49,0
Pueblo,102,108,50,50,0
Pueblo,102,109,50,50,0
Pueblo,102,11,50,50,0
Pueblo,102,110,50,50,0
Pueblo,102,111,43,43,0
Pueblo,102,112,49,49,0
Pueblo,102,113,50,50,0
Pueblo,102,114,50,50,0
Pueblo,102,115,49,49,0
Pueblo,102,116,50,50,0
Pueblo,102,117,50,50,0
Pueblo,102,118,50,50,0
Pueblo,102,119,50,50,0
Pueblo,102,12,50,50,0
Pueblo,102,120,8,8,0
Pueblo,102,121,48,48,0
Pueblo,102,122,49,49,0
Pueblo,102,123,48,48,0
Pueblo,102,124,50,50,0
Pueblo,102,125,50,50,0
Pueblo,102,126,50,50,0
Pueblo,102,127,48,48,0
Pueblo,102,128,21,21,0
Pueblo,102,129,50,50,0
Pueblo,102,13,50,50,0
Pueblo,102,130,50,50,0
Pueblo,102,131,50,50,0
Pueblo,102,132,50,50,0
Pueblo,102,133,50,50,0
Pueblo,102,134,19,19,0
Pueblo,102,135,49,49,0
Pueblo,102,136,50,50,0
Pueblo,102,137,50,50,0
Pueblo,102,138,49,49,0
Pueblo,102,139,47,47,0
Pueblo,102,14,49,49,0
Pueblo,102,140,47,47,0
Pueblo,102,141,49,49,0
Pueblo,102,142,48,48,0
Pueblo,102,143,44,44,0
Pueblo,102,144,45,45,0
Pueblo,102,145,43,43,0
Pueblo,102,146,45,45,0
Pueblo,102,147,50,50,0
Pueblo,102,148,49,49,0
Pueblo,102,149,50,50,0
Pueblo,102,15,50,50,0
Pueblo,102,150,27,27,0
Pueblo,102,151,50,50,0
Pueblo,102,152,50,50,0
Pueblo,102,153,50,50,0
Pueblo,102,154,50,50,0
Pueblo,102,155,50,50,0
Pueblo,102,156,50,50,0
Pueblo,102,157,50,50,0
Pueblo,102,158,50,50,0
Pueblo,102,159,50,50,0
Pueblo,102,16,50,50,0
Pueblo,102,160,50,50,0
Pueblo,102,161,2,2,0
Pueblo,102,162,49,49,0
Pueblo,102,163,49,49,0
Pueblo,102,164,47,47,0
Pueblo,102,165,50,50,0
Pueblo,102,166,46,46,0
Pueblo,102,167,49,49,0
Pueblo,102,168,45,45,0
Pueblo,102,169,33,33,0
Pueblo,102,17,50,50,0
Pueblo,102,170,49,49,0
Pueblo,102,171,50,50,0
Pueblo,102,172,48,48,0
Pueblo,102,173,49,49,0
Pueblo,102,174,32,32,0
Pueblo,102,175,50,50,0
Pueblo,102,176,50,50,0
Pueblo,102,177,50,50,0
Pueblo,102,178,50,50,0
Pueblo,102,179,15,15,0
Pueblo,102,18,50,50,0
Pueblo,102,180,50,50,0
Pueblo,102,181,50,50,0
Pueblo,102,182,50,50,0
Pueblo,102,183,50,50,0
Pueblo,102,184,49,49,0
Pueblo,102,185,50,50,0
Pueblo,102,186,50,50,0
Pueblo,102,187,50,50,0
Pueblo,102,188,50,50,0
Pueblo,102,189,50,50,0
Pueblo,102,19,50,50,0
Pueblo,102,190,50,50,0
Pueblo,102,191,50,50,0
Pueblo,102,192,50,50,0
Pueblo,102,193,48,48,0
Pueblo,102,194,50,50,0
Pueblo,102,195,49,49,0
Pueblo,102,196,50,50,0
Pueblo,102,197,9,9,0
Pueblo,102,198,46,46,0
Pueblo,102,199,50,50,0
Pueblo,102,2,50,50,0
Pueblo,102,20,50,50,0
Pueblo,102,200,48,48,0
Pueblo,102,201,8,8,0
Pueblo,102,202,50,50,0
Pueblo,102,203,50,50,0
Pueblo,102,204,1,1,0
Pueblo,102,205,50,50,0
Pueblo,102,206,49,49,0
Pueblo,102,207,50,50,0
Pueblo,102,208,48,48,0
Pueblo,102,209,50,50,0
Pueblo,102,21,50,50,0
Pueblo,102,210,48,48,0
Pueblo,102,211,48,48,0
Pueblo,102,212,19,19,0
Pueblo,102,213,50,50,0
Pueblo,102,214,50,50,0
Pueblo,102,215,50,50,0
Pueblo,102,216,50,50,0
Pueblo,102,217,50,50,0
Pueblo,102,218,50,50,0
Pueblo,102,219,49,49,0
Pueblo,102,22,50,50,0
Pueblo,102,220,50,50,0
Pueblo,102,221,50,50,0
Pueblo,102,222,10,10,0
Pueblo,102,223,49,49,0
Pueblo,102,224,50,50,0
Pueblo,102,225,19,19,0
Pueblo,102,226,50,50,0
Pueblo,102,227,50,50,0
Pueblo,102,228,43,43,0
Pueblo,102,229,45,45,0
Pueblo,102,23,3,3,0
Pueblo,102,230,49,49,0
Pueblo,102,231,47,47,0
Pueblo,102,232,48,48,0
Pueblo,102,233,49,49,0
Pueblo,102,234,17,17,0
Pueblo,102,235,50,50,0
Pueblo,102,236,49,49,0
Pueblo,102,237,50,50,0
Pueblo,102,238,49,49,0
Pueblo,102,239,49,49,0
Pueblo,102,24,49,49,0
Pueblo,102,240,50,50,0
Pueblo,102,241,50,50,0
Pueblo,102,242,48,48,0
Pueblo,102,243,48,48,0
Pueblo,102,244,50,50,0
Pueblo,102,245,50,50,0
Pueblo,102,246,50,50,0
Pueblo,102,247,50,50,0
Pueblo,102,248,50,50,0
Pueblo,102,249,50,50,0
Pueblo,102,25,50,50,0
Pueblo,102,250,50,50,0
Pueblo,102,251,48,48,0
Pueblo,102,252,46,46,0
Pueblo,102,253,49,49,0
Pueblo,102,254,50,50,0
Pueblo,102,255,47,47,0
Pueblo,102,256,50,50,0
Pueblo,102,257,44,44,0
Pueblo,102,258,50,50,0
Pueblo,102,259,50,50,0
Pueblo,102,26,49,49,0
Pueblo,102,260,50,50,0
Pueblo,102,261,50,50,0
Pueblo,102,262,50,50,0
Pueblo,102,263,50,50,0
Pueblo,102,264,50,50,0
Pueblo,102,265,50,50,0
Pueblo,102,266,50,50,0
Pueblo,102,267,50,50,0
Pueblo,102,268,28,28,0
Pueblo,102,269,16,16,0
Pueblo,102,27,44,44,0
Pueblo,102,270,50,50,0
Pueblo,102,271,6,6,0
Pueblo,102,272,2,2,0
Pueblo,102,273,50,50,0
Pueblo,102,274,47,47,0
Pueblo,102,275,44,44,0
Pueblo,102,276,47,47,0
Pueblo,102,277,50,50,0
Pueblo,102,278,39,39,0
Pueblo,102,279,49,49,0
Pueblo,102,28,50,50,0
Pueblo,102,280,19,19,0
Pueblo,102,281,43,43,0
Pueblo,102,282,48,48,0
Pueblo,102,283,49,49,0
Pueblo,102,284,50,50,0
Pueblo,102,285,50,50,0
Pueblo,102,286,50,50,0
Pueblo,102,287,48,48,0
Pueblo,102,288,50,50,0
Pueblo,102,289,50,50,0
Pueblo,102,29,47,47,0
Pueblo,102,290,50,50,0
Pueblo,102,291,49,49,0
Pueblo,102,292,50,50,0
Pueblo,102,293,49,49,0
Pueblo,102,294,50,50,0
Pueblo,102,295,50,50,0
Pueblo,102,296,47,47,0
Pueblo,102,297,49,49,0
Pueblo,102,298,50,50,0
Pueblo,102,299,59,59,0
Pueblo,102,3,50,50,0
Pueblo,102,30,50,50,0
Pueblo,102,300,49,49,0
Pueblo,102,301,50,50,0
Pueblo,102,302,50,50,0
Pueblo,102,303,48,48,0
Pueblo,102,304,48,48,0
Pueblo,102,305,49,49,0
Pueblo,102,306,47,47,0
Pueblo,102,307,50,50,0
Pueblo,102,308,50,50,0
Pueblo,102,309,50,50,0
Pueblo,102,31,49,49,0
Pueblo,102,310,50,50,0
Pueblo,102,311,50,50,0
Pueblo,102,312,50,50,0
Pueblo,102,313,49,49,0
Pueblo,102,314,49,49,0
Pueblo,102,315,48,48,0
Pueblo,102,316,49,49,0
Pueblo,102,317,46,46,0
Pueblo,102,318,49,49,0
Pueblo,102,319,13,13,0
Pueblo,102,32,50,50,0
Pueblo,102,320,49,49,0
Pueblo,102,321,49,49,0
Pueblo,102,322,50,50,0
Pueblo,102,323,19,19,0
Pueblo,102,324,45,45,0
Pueblo,102,325,50,50,0
Pueblo,102,326,49,49,0
Pueblo,102,327,50,50,0
Pueblo,102,328,50,50,0
Pueblo,102,329,26,26,0
Pueblo,102,33,49,49,0
Pueblo,102,330,50,50,0
Pueblo,102,331,50,50,0
Pueblo,102,332,50,50,0
Pueblo,102,333,50,50,0
Pueblo,102,334,47,47,0
Pueblo,102,335,50,50,0
Pueblo,102,336,46,46,0
Pueblo,102,337,50,50,0
Pueblo,102,338,50,50,0
Pueblo,102,339,48,48,0
Pueblo,102,34,47,47,0
Pueblo,102,340,10,10,0
Pueblo,102,341,48,48,0
Pueblo,102,342,42,42,0
Pueblo,102,343,47,47,0
Pueblo,102,344,49,49,0
Pueblo,102,345,29,29,0
Pueblo,102,346,48,48,0
Pueblo,102,347,49,49,0
Pueblo,102,348,49,49,0
Pueblo,102,349,49,49,0
Pueblo,102,35,48,48,0
Pueblo,102,350,50,50,0
Pueblo,102,351,50,50,0
Pueblo,102,352,30,30,0
Pueblo,102,353,50,50,0
Pueblo,102,354,13,13,0
Pueblo,102,355,50,50,0
Pueblo,102,356,48,48,0
Pueblo,102,357,47,47,0
Pueblo,102,358,49,49,0
Pueblo,102,359,29,29,0
Pueblo,102,36,49,49,0
Pueblo,102,360,50,50,0
Pueblo,102,361,49,49,0
Pueblo,102,362,50,50,0
Pueblo,102,363,50,50,0
Pueblo,102,364,11,11,0
Pueblo,102,365,48,48,0
Pueblo,102,366,49,49,0
Pueblo,102,367,46,46,0
Pueblo,102,368,49,49,0
Pueblo,102,369,39,39,0
Pueblo,102,37,49,49,0
Pueblo,102,370,50,50,0
Pueblo,102,371,49,49,0
Pueblo,102,372,50,50,0
Pueblo,102,373,50,50,0
Pueblo,102,374,36,36,0
Pueblo,102,375,50,50,0
Pueblo,102,376,50,50,0
Pueblo,102,377,47,47,0
Pueblo,102,378,50,50,0
Pueblo,102,379,41,41,0
Pueblo,102,38,47,47,0
Pueblo,102,380,48,48,0
Pueblo,102,381,45,45,0
Pueblo,102,382,48,48,0
Pueblo,102,383,44,44,0
Pueblo,102,384,48,48,0
Pueblo,102,385,45,45,0
Pueblo,102,386,48,48,0
Pueblo,102,387,41,41,0
Pueblo,102,388,49,49,0
Pueblo,102,389,49,49,0
Pueblo,102,39,47,47,0
Pueblo,102,390,49,49,0
Pueblo,102,391,27,27,0
Pueblo,102,392,49,49,0
Pueblo,102,393,50,50,0
Pueblo,102,394,49,49,0
Pueblo,102,395,49,49,0
Pueblo,102,396,50,50,0
Pueblo,102,397,50,50,0
Pueblo,102,398,49,49,0
Pueblo,102,399,49,49,0
Pueblo,102,4,50,50,0
Pueblo,102,40,48,48,0
Pueblo,102,400,49,49,0
Pueblo,102,401,48,48,0
Pueblo,102,402,49,49,0
Pueblo,102,403,33,33,0
Pueblo,102,404,50,50,0
Pueblo,102,405,50,50,0
Pueblo,102,406,50,50,0
Pueblo,102,407,1,1,0
Pueblo,102,408,49,49,0
Pueblo,102,409,46,46,0
Pueblo,102,41,50,50,0
Pueblo,102,410,47,47,0
Pueblo,102,411,45,45,0
Pueblo,102,412,34,34,0
Pueblo,102,413,50,50,0
Pueblo,102,414,50,50,0
Pueblo,102,415,3,3,0
Pueblo,102,416,6,6,0
Pueblo,102,417,4,4,0
Pueblo,102,418,50,50,0
Pueblo,102,419,47,47,0
Pueblo,102,42,47,47,0
Pueblo,102,420,41,41,0
Pueblo,102,421,50,50,0
Pueblo,102,422,7,7,0
Pueblo,102,423,46,46,0
Pueblo,102,424,15,15,0
Pueblo,102,425,41,41,0
Pueblo,102,426,25,25,0
Pueblo,102,427,48,48,0
Pueblo,102,428,49,49,0
Pueblo,102,429,49,49,0
Pueblo,102,43,48,48,0
Pueblo,102,430,53,53,0
Pueblo,102,431,46,46,0
Pueblo,102,432,48,48,0
Pueblo,102,433,30,30,0
Pueblo,102,434,50,50,0
Pueblo,102,435,48,48,0
Pueblo,102,436,50,50,0
Pueblo,102,437,48,48,0
Pueblo,102,438,50,50,0
Pueblo,102,439,48,48,0
Pueblo,102,44,47,47,0
Pueblo,102,440,48,48,0
Pueblo,102,441,49,49,0
Pueblo,102,442,50,50,0
Pueblo,102,443,50,50,0
Pueblo,102,444,24,24,0
Pueblo,102,445,47,47,0
Pueblo,102,446,14,14,0
Pueblo,102,447,48,48,0
Pueblo,102,448,50,50,0
Pueblo,102,449,50,50,0
Pueblo,102,45,48,48,0
Pueblo,102,450,26,26,0
Pueblo,102,451,46,46,0
Pueblo,102,452,48,48,0
Pueblo,102,453,48,48,0
Pueblo,102,46,48,48,0
Pueblo,102,47,47,47,0
Pueblo,102,48,50,50,0
Pueblo,102,49,50,50,0
Pueblo,102,5,41,41,0
Pueblo,102,50,48,48,0
Pueblo,102,51,49,49,0
Pueblo,102,52,50,50,0
Pueblo,102,53,49,49,0
Pueblo,102,54,50,50,0
Pueblo,102,55,50,50,0
Pueblo,102,56,50,50,0
Pueblo,102,57,50,50,0
Pueblo,102,58,50,50,0
Pueblo,102,59,50,50,0
Pueblo,102,6,49,49,0
Pueblo,102,60,50,50,0
Pueblo,102,61,50,50,0
Pueblo,102,62,50,50,0
Pueblo,102,63,50,50,0
Pueblo,102,64,50,50,0
Pueblo,102,65,50,50,0
Pueblo,102,66,50,50,0
Pueblo,102,67,49,49,0
Pueblo,102,68,51,51,0
Pueblo,102,69,49,49,0
Pueblo,102,7,50,50,0
Pueblo,102,70,44,44,0
Pueblo,102,71,48,48,0
Pueblo,102,72,48,48,0
Pueblo,102,73,48,48,0
Pueblo,102,74,49,49,0
Pueblo,102,75,46,46,0
Pueblo,102,76,48,48,0
Pueblo,102,77,47,47,0
Pueblo,102,78,47,47,0
Pueblo,102,79,49,49,0
Pueblo,102,8,50,50,0
Pueblo,102,80,48,48,0
Pueblo,102,81,35,35,0
Pueblo,102,82,49,49,0
Pueblo,102,83,49,49,0
Pueblo,102,84,59,59,0
Pueblo,102,85,50,50,0
Pueblo,102,86,49,49,0
Pueblo,102,87,50,50,0
Pueblo,102,88,50,50,0
Pueblo,102,89,50,50,0
Pueblo,102,9,50,50,0
Pueblo,102,90,50,50,0
Pueblo,102,91,49,49,0
Pueblo,102,92,50,50,0
Pueblo,102,93,49,49,0
Pueblo,102,94,50,50,0
Pueblo,102,95,50,50,0
Pueblo,102,96,50,50,0
Pueblo,102,97,50,50,0
Pueblo,102,98,50,50,0
Pueblo,102,99,49,49,0
Pueblo,106,1,53,53,0
Pueblo,106,10,37,37,0
Pueblo,106,11,42,42,0
Pueblo,106,2,21,21,0
Pueblo,106,3,32,32,0
Pueblo,106,4,99,99,0
Pueblo,106,5,8,8,0
Pueblo,106,6,33,33,0
Pueblo,106,7,43,43,0
Pueblo,106,8,68,68,0
Pueblo,106,9,54,54,0
Rio Blanco,101,1,25,25,0
Rio Blanco,101,10,10,10,0
Rio Blanco,101,11,19,19,0
Rio Blanco,101,12,22,22,0
Rio Blanco,101,13,23,23,0
Rio Blanco,101,14,14,14,0
Rio Blanco,101,15,23,23,0
Rio Blanco,101,16,14,14,0
Rio Blanco,101,17,25,25,0
Rio Blanco,101,18,25,25,0
Rio Blanco,101,19,25,25,0
Rio Blanco,101,2,25,25,0
Rio Blanco,101,20,25,25,0
Rio Blanco,101,21,23,23,0
Rio Blanco,101,22,25,25,0
Rio Blanco,101,23,25,25,0
Rio Blanco,101,24,18,18,0
Rio Blanco,101,25,17,17,0
Rio Blanco,101,26,24,24,0
Rio Blanco,101,27,20,20,0
Rio Blanco,101,28,20,20,0
Rio Blanco,101,29,25,25,0
Rio Blanco,101,3,24,24,0
Rio Blanco,101,30,25,25,0
Rio Blanco,101,31,25,25,0
Rio Blanco,101,32,25,25,0
Rio Blanco,101,33,25,25,0
Rio Blanco,101,34,25,25,0
Rio Blanco,101,35,25,25,0
Rio Blanco,101,36,25,25,0
Rio Blanco,101,37,25,25,0
Rio Blanco,101,38,25,25,0
Rio Blanco,101,39,25,25,0
Rio Blanco,101,4,25,25,0
Rio Blanco,101,40,25,25,0
Rio Blanco,101,41,25,25,0
Rio Blanco,101,42,25,25,0
Rio Blanco,101,43,25,25,0
Rio Blanco,101,44,21,21,0
Rio Blanco,101,45,23,23,0
Rio Blanco,101,46,25,25,0
Rio Blanco,101,47,25,25,0
Rio Blanco,101,48,23,23,0
Rio Blanco,101,49,24,24,0
Rio Blanco,101,5,17,17,0
Rio Blanco,101,50,9,9,0
Rio Blanco,101,51,25,25,0
Rio Blanco,101,52,25,25,0
Rio Blanco,101,53,25,25,0
Rio Blanco,101,54,25,25,0
Rio Blanco,101,55,25,25,0
Rio Blanco,101,56,25,25,0
Rio Blanco,101,57,10,10,0
Rio Blanco,101,58,25,25,0
Rio Blanco,101,59,5,5,0
Rio Blanco,101,6,25,25,0
Rio Blanco,101,60,25,25,0
Rio Blanco,101,61,25,25,0
Rio Blanco,101,62,25,25,0
Rio Blanco,101,63,25,25,0
Rio Blanco,101,64,22,22,0
Rio Blanco,101,65,25,25,0
Rio Blanco,101,66,15,15,0
Rio Blanco,101,67,25,25,0
Rio Blanco,101,68,25,25,0
Rio Blanco,101,69,25,25,0
Rio Blanco,101,7,25,25,0
Rio Blanco,101,70,25,25,0
Rio Blanco,101,71,25,25,0
Rio Blanco,101,72,25,25,0
Rio Blanco,101,73,25,25,0
Rio Blanco,101,74,25,25,0
Rio Blanco,101,75,25,25,0
Rio Blanco,101,76,25,25,0
Rio Blanco,101,77,18,18,0
Rio Blanco,101,78,25,25,0
Rio Blanco,101,79,25,25,0
Rio Blanco,101,8,25,25,0
Rio Blanco,101,80,25,25,0
Rio Blanco,101,81,2,2,0
Rio Blanco,101,82,25,25,0
Rio Blanco,101,83,25,25,0
Rio Blanco,101,84,25,25,0
Rio Blanco,101,85,1,1,0
Rio Blanco,101,86,25,25,0
Rio Blanco,101,87,4,4,0
Rio Blanco,101,88,21,21,0
Rio Blanco,101,89,25,25,0
Rio Blanco,101,9,22,22,0
Rio Blanco,101,90,25,25,0
Rio Blanco,101,91,25,25,0
Rio Blanco,101,92,22,22,0
Rio Blanco,101,93,10,10,0
Rio Blanco,101,94,27,27,0
Rio Blanco,101,95,6,6,0
Rio Blanco,101,96,25,25,0
Rio Blanco,101,97,25,25,0
Rio Blanco,101,98,19,19,0
Rio Blanco,101,99,14,14,0
Rio Grande,101,1,25,25,0
Rio Grande,101,10,25,25,0
Rio Grande,101,100,25,25,0
Rio Grande,101,101,25,25,0
Rio Grande,101,102,25,25,0
Rio Grande,101,103,25,25,0
Rio Grande,101,104,25,25,0
Rio Grande,101,105,25,25,0
Rio Grande,101,106,25,25,0
Rio Grande,101,107,25,25,0
Rio Grande,101,108,25,25,0
Rio Grande,101,109,25,25,0
Rio Grande,101,11,25,25,0
Rio Grande,101,110,25,25,0
Rio Grande,101,111,25,25,0
Rio Grande,101,112,25,25,0
Rio Grande,101,113,25,25,0
Rio Grande,101,114,25,25,0
Rio Grande,101,115,25,25,0
Rio Grande,101,116,25,25,0
Rio Grande,101,117,25,25,0
Rio Grande,101,118,25,25,0
Rio Grande,101,119,25,25,0
Rio Grande,101,12,25,25,0
Rio Grande,101,120,25,25,0
Rio Grande,101,121,25,25,0
Rio Grande,101,122,25,25,0
Rio Grande,101,123,25,25,0
Rio Grande,101,124,25,25,0
Rio Grande,101,125,25,25,0
Rio Grande,101,126,25,25,0
Rio Grande,101,127,25,25,0
Rio Grande,101,128,25,25,0
Rio Grande,101,129,25,25,0
Rio Grande,101,13,25,25,0
Rio Grande,101,130,25,25,0
Rio Grande,101,131,25,25,0
Rio Grande,101,132,24,24,0
Rio Grande,101,133,4,4,0
Rio Grande,101,14,25,25,0
Rio Grande,101,15,25,25,0
Rio Grande,101,16,25,25,0
Rio Grande,101,17,25,25,0
Rio Grande,101,18,25,25,0
Rio Grande,101,19,25,25,0
Rio Grande,101,2,25,25,0
Rio Grande,101,20,25,25,0
Rio Grande,101,21,25,25,0
Rio Grande,101,22,25,25,0
Rio Grande,101,23,25,25,0
Rio Grande,101,24,25,25,0
Rio Grande,101,25,25,25,0
Rio Grande,101,26,25,25,0
Rio Grande,101,27,25,25,0
Rio Grande,101,28,25,25,0
Rio Grande,101,29,25,25,0
Rio Grande,101,3,25,25,0
Rio Grande,101,30,25,25,0
Rio Grande,101,31,25,25,0
Rio Grande,101,32,25,25,0
Rio Grande,101,33,25,25,0
Rio Grande,101,34,25,25,0
Rio Grande,101,35,25,25,0
Rio Grande,101,36,25,25,0
Rio Grande,101,37,25,25,0
Rio Grande,101,38,25,25,0
Rio Grande,101,39,25,25,0
Rio Grande,101,4,25,25,0
Rio Grande,101,40,25,25,0
Rio Grande,101,41,25,25,0
Rio Grande,101,42,25,25,0
Rio Grande,101,43,25,25,0
Rio Grande,101,44,25,25,0
Rio Grande,101,45,25,25,0
Rio Grande,101,46,25,25,0
Rio Grande,101,47,25,25,0
Rio Grande,101,48,25,25,0
Rio Grande,101,49,25,25,0
Rio Grande,101,5,25,25,0
Rio Grande,101,50,25,25,0
Rio Grande,101,51,25,25,0
Rio Grande,101,52,25,25,0
Rio Grande,101,53,25,25,0
Rio Grande,101,54,25,25,0
Rio Grande,101,55,25,25,0
Rio Grande,101,56,25,25,0
Rio Grande,101,57,25,25,0
Rio Grande,101,58,25,25,0
Rio Grande,101,59,25,25,0
Rio Grande,101,6,25,25,0
Rio Grande,101,60,25,25,0
Rio Grande,101,61,25,25,0
Rio Grande,101,62,25,25,0
Rio Grande,101,63,25,25,0
Rio Grande,101,64,25,25,0
Rio Grande,101,65,25,25,0
Rio Grande,101,66,25,25,0
Rio Grande,101,67,25,25,0
Rio Grande,101,68,25,25,0
Rio Grande,101,69,25,25,0
Rio Grande,101,7,25,25,0
Rio Grande,101,70,25,25,0
Rio Grande,101,71,25,25,0
Rio Grande,101,72,25,25,0
Rio Grande,101,73,25,25,0
Rio Grande,101,74,25,25,0
Rio Grande,101,75,25,25,0
Rio Grande,101,76,25,25,0
Rio Grande,101,77,25,25,0
Rio Grande,101,78,25,25,0
Rio Grande,101,79,25,25,0
Rio Grande,101,8,25,25,0
Rio Grande,101,80,25,25,0
Rio Grande,101,81,25,25,0
Rio Grande,101,82,25,25,0
Rio Grande,101,83,25,25,0
Rio Grande,101,84,25,25,0
Rio Grande,101,85,25,25,0
Rio Grande,101,86,25,25,0
Rio Grande,101,87,25,25,0
Rio Grande,101,88,25,25,0
Rio Grande,101,89,25,25,0
Rio Grande,101,9,25,25,0
Rio Grande,101,90,25,25,0
Rio Grande,101,91,25,25,0
Rio Grande,101,92,25,25,0
Rio Grande,101,93,25,25,0
Rio Grande,101,94,25,25,0
Rio Grande,101,95,25,25,0
Rio Grande,101,96,25,25,0
Rio Grande,101,97,25,25,0
Rio Grande,101,98,25,25,0
Rio Grande,101,99,25,25,0
Routt,101,1,25,25,0
Routt,101,10,25,25,0
Routt,101,100,25,25,0
Routt,101,101,25,25,0
Routt,101,102,25,25,0
Routt,101,103,25,25,0
Routt,101,104,25,25,0
Routt,101,105,25,25,0
Routt,101,106,25,25,0
Routt,101,107,25,25,0
Routt,101,108,24,24,0
Routt,101,109,23,23,0
Routt,101,11,25,25,0
Routt,101,110,24,24,0
Routt,101,111,24,24,0
Routt,101,112,25,25,0
Routt,101,113,24,24,0
Routt,101,114,24,24,0
Routt,101,115,13,13,0
Routt,101,116,24,24,0
Routt,101,117,24,24,0
Routt,101,118,24,24,0
Routt,101,119,24,24,0
Routt,101,12,25,25,0
Routt,101,120,24,24,0
Routt,101,121,24,24,0
Routt,101,122,24,24,0
Routt,101,123,24,24,0
Routt,101,124,24,24,0
Routt,101,125,24,24,0
Routt,101,126,24,24,0
Routt,101,127,24,24,0
Routt,101,128,24,24,0
Routt,101,129,24,24,0
Routt,101,13,25,25,0
Routt,101,130,23,23,0
Routt,101,131,23,23,0
Routt,101,132,23,23,0
Routt,101,133,22,22,0
Routt,101,134,22,22,0
Routt,101,135,16,16,0
Routt,101,136,5,5,0
Routt,101,137,22,22,0
Routt,101,138,32,32,0
Routt,101,139,19,19,0
Routt,101,14,25,25,0
Routt,101,140,25,25,0
Routt,101,141,25,25,0
Routt,101,142,25,25,0
Routt,101,143,25,25,0
Routt,101,144,25,25,0
Routt,101,145,25,25,0
Routt,101,146,25,25,0
Routt,101,147,25,25,0
Routt,101,148,25,25,0
Routt,101,149,25,25,0
Routt,101,15,25,25,0
Routt,101,150,25,25,0
Routt,101,151,25,25,0
Routt,101,152,25,25,0
Routt,101,153,25,25,0
Routt,101,154,25,25,0
Routt,101,155,25,25,0
Routt,101,156,25,25,0
Routt,101,157,25,25,0
Routt,101,158,25,25,0
Routt,101,159,25,25,0
Routt,101,16,25,25,0
Routt,101,160,25,25,0
Routt,101,161,25,25,0
Routt,101,162,25,25,0
Routt,101,163,25,25,0
Routt,101,164,25,25,0
Routt,101,165,24,24,0
Routt,101,166,24,24,0
Routt,101,167,24,24,0
Routt,101,168,24,24,0
Routt,101,169,24,24,0
Routt,101,17,25,25,0
Routt,101,170,24,24,0
Routt,101,171,24,24,0
Routt,101,172,29,29,0
Routt,101,173,27,27,0
Routt,101,174,19,19,0
Routt,101,175,15,15,0
Routt,101,176,11,11,0
Routt,101,177,4,4,0
Routt,101,178,23,23,0
Routt,101,179,25,25,0
Routt,101,18,25,25,0
Routt,101,180,25,25,0
Routt,101,181,25,25,0
Routt,101,182,25,25,0
Routt,101,183,25,25,0
Routt,101,184,25,25,0
Routt,101,185,25,25,0
Routt,101,186,25,25,0
Routt,101,187,25,25,0
Routt,101,188,25,25,0
Routt,101,189,25,25,0
Routt,101,19,25,25,0
Routt,101,190,25,25,0
Routt,101,191,24,24,0
Routt,101,192,24,24,0
Routt,101,193,24,24,0
Routt,101,194,24,24,0
Routt,101,195,24,24,0
Routt,101,196,23,23,0
Routt,101,197,23,23,0
Routt,101,198,23,23,0
Routt,101,199,23,23,0
Routt,101,2,25,25,0
Routt,101,20,25,25,0
Routt,101,200,23,23,0
Routt,101,201,23,23,0
Routt,101,202,22,22,0
Routt,101,203,22,22,0
Routt,101,204,21,21,0
Routt,101,205,21,21,0
Routt,101,206,20,20,0
Routt,101,207,14,14,0
Routt,101,208,17,17,0
Routt,101,209,14,14,0
Routt,101,21,25,25,0
Routt,101,210,4,4,0
Routt,101,211,25,25,0
Routt,101,212,25,25,0
Routt,101,213,25,25,0
Routt,101,214,25,25,0
Routt,101,215,25,25,0
Routt,101,216,25,25,0
Routt,101,217,25,25,0
Routt,101,218,25,25,0
Routt,101,219,25,25,0
Routt,101,22,25,25,0
Routt,101,220,25,25,0
Routt,101,221,25,25,0
Routt,101,222,25,25,0
Routt,101,223,25,25,0
Routt,101,224,25,25,0
Routt,101,225,24,24,0
Routt,101,226,24,24,0
Routt,101,227,24,24,0
Routt,101,228,24,24,0
Routt,101,229,24,24,0
Routt,101,23,25,25,0
Routt,101,230,24,24,0
Routt,101,231,24,24,0
Routt,101,232,24,24,0
Routt,101,233,24,24,0
Routt,101,234,24,24,0
Routt,101,235,24,24,0
Routt,101,236,24,24,0
Routt,101,237,23,23,0
Routt,101,238,23,23,0
Routt,101,239,22,22,0
Routt,101,24,25,25,0
Routt,101,240,22,22,0
Routt,101,241,22,22,0
Routt,101,242,21,21,0
Routt,101,243,21,21,0
Routt,101,244,20,20,0
Routt,101,245,20,20,0
Routt,101,246,17,17,0
Routt,101,247,17,17,0
Routt,101,248,16,16,0
Routt,101,249,10,10,0
Routt,101,25,25,25,0
Routt,101,250,9,9,0
Routt,101,251,29,29,0
Routt,101,252,13,13,0
Routt,101,253,25,25,0
Routt,101,254,25,25,0
Routt,101,255,25,25,0
Routt,101,256,24,24,0
Routt,101,257,25,25,0
Routt,101,258,25,25,0
Routt,101,259,25,25,0
Routt,101,26,25,25,0
Routt,101,260,24,24,0
Routt,101,261,24,24,0
Routt,101,262,24,24,0
Routt,101,263,24,24,0
Routt,101,264,24,24,0
Routt,101,265,24,24,0
Routt,101,266,21,21,0
Routt,101,267,24,24,0
Routt,101,268,23,23,0
Routt,101,269,23,23,0
Routt,101,27,25,25,0
Routt,101,270,23,23,0
Routt,101,271,17,17,0
Routt,101,272,15,15,0
Routt,101,273,9,9,0
Routt,101,274,23,23,0
Routt,101,275,27,27,0
Routt,101,276,53,53,0
Routt,101,277,25,25,0
Routt,101,278,25,25,0
Routt,101,279,24,24,0
Routt,101,28,25,25,0
Routt,101,280,22,22,0
Routt,101,281,24,24,0
Routt,101,282,24,24,0
Routt,101,283,24,24,0
Routt,101,284,22,22,0
Routt,101,285,16,16,0
Routt,101,286,15,15,0
Routt,101,287,14,14,0
Routt,101,288,25,25,0
Routt,101,289,25,25,0
Routt,101,29,25,25,0
Routt,101,290,25,25,0
Routt,101,291,24,24,0
Routt,101,292,23,23,0
Routt,101,293,24,24,0
Routt,101,294,26,26,0
Routt,101,295,29,29,0
Routt,101,296,26,26,0
Routt,101,297,25,25,0
Routt,101,298,23,23,0
Routt,101,299,18,18,0
Routt,101,3,25,25,0
Routt,101,30,25,25,0
Routt,101,300,15,15,0
Routt,101,301,15,15,0
Routt,101,302,10,10,0
Routt,101,303,10,10,0
Routt,101,304,6,6,0
Routt,101,305,7,7,0
Routt,101,306,37,37,0
Routt,101,31,25,25,0
Routt,101,32,25,25,0
Routt,101,33,25,25,0
Routt,101,34,25,25,0
Routt,101,35,25,25,0
Routt,101,36,25,25,0
Routt,101,37,25,25,0
Routt,101,38,25,25,0
Routt,101,39,25,25,0
Routt,101,4,25,25,0
Routt,101,40,25,25,0
Routt,101,41,25,25,0
Routt,101,42,25,25,0
Routt,101,43,25,25,0
Routt,101,44,24,24,0
Routt,101,45,24,24,0
Routt,101,46,24,24,0
Routt,101,47,24,24,0
Routt,101,48,24,24,0
Routt,101,49,24,24,0
Routt,101,5,25,25,0
Routt,101,50,24,24,0
Routt,101,51,24,24,0
Routt,101,52,24,24,0
Routt,101,53,24,24,0
Routt,101,54,24,24,0
Routt,101,55,24,24,0
Routt,101,56,23,23,0
Routt,101,57,23,23,0
Routt,101,58,23,23,0
Routt,101,59,23,23,0
Routt,101,6,25,25,0
Routt,101,60,23,23,0
Routt,101,61,23,23,0
Routt,101,62,23,23,0
Routt,101,63,23,23,0
Routt,101,64,19,19,0
Routt,101,65,24,24,0
Routt,101,66,22,22,0
Routt,101,67,26,26,0
Routt,101,68,27,27,0
Routt,101,69,30,30,0
Routt,101,7,25,25,0
Routt,101,70,30,30,0
Routt,101,71,14,14,0
Routt,101,72,14,14,0
Routt,101,73,6,6,0
Routt,101,74,8,8,0
Routt,101,75,16,16,0
Routt,101,76,18,18,0
Routt,101,77,24,24,0
Routt,101,78,25,25,0
Routt,101,79,25,25,0
Routt,101,8,25,25,0
Routt,101,80,24,24,0
Routt,101,81,25,25,0
Routt,101,82,25,25,0
Routt,101,83,25,25,0
Routt,101,84,25,25,0
Routt,101,85,26,26,0
Routt,101,86,25,25,0
Routt,101,87,25,25,0
Routt,101,88,23,23,0
Routt,101,89,25,25,0
Routt,101,9,25,25,0
Routt,101,90,25,25,0
Routt,101,91,25,25,0
Routt,101,92,25,25,0
Routt,101,93,25,25,0
Routt,101,94,25,25,0
Routt,101,95,25,25,0
Routt,101,96,25,25,0
Routt,101,97,25,25,0
Routt,101,98,25,25,0
Routt,101,99,25,25,0
Saguache,101,1,25,25,0
Saguache,101,10,25,25,0
Saguache,101,11,25,25,0
Saguache,101,12,25,25,0
Saguache,101,13,25,25,0
Saguache,101,14,25,25,0
Saguache,101,15,25,25,0
Saguache,101,16,25,25,0
Saguache,101,17,25,25,0
Saguache,101,18,25,25,0
Saguache,101,19,25,25,0
Saguache,101,2,25,25,0
Saguache,101,20,25,25,0
Saguache,101,21,25,25,0
Saguache,101,22,25,25,0
Saguache,101,23,25,25,0
Saguache,101,24,25,25,0
Saguache,101,25,25,25,0
Saguache,101,26,25,25,0
Saguache,101,27,25,25,0
Saguache,101,28,25,25,0
Saguache,101,29,25,25,0
Saguache,101,3,25,25,0
Saguache,101,30,25,25,0
Saguache,101,31,25,25,0
Saguache,101,32,25,25,0
Saguache,101,33,25,25,0
Saguache,101,34,25,25,0
Saguache,101,35,25,25,0
Saguache,101,36,25,25,0
Saguache,101,37,25,25,0
Saguache,101,38,25,25,0
Saguache,101,39,25,25,0
Saguache,101,4,25,25,0
Saguache,101,40,25,25,0
Saguache,101,41,25,25,0
Saguache,101,42,25,25,0
Saguache,101,43,25,25,0
Saguache,101,44,25,25,0
Saguache,101,45,25,25,0
Saguache,101,46,25,25,0
Saguache,101,47,25,25,0
Saguache,101,48,25,25,0
Saguache,101,49,25,25,0
Saguache,101,5,25,25,0
Saguache,101,50,25,25,0
Saguache,101,51,25,25,0
Saguache,101,52,25,25,0
Saguache,101,53,25,25,0
Saguache,101,54,25,25,0
Saguache,101,55,25,25,0
Saguache,101,56,25,25,0
Saguache,101,57,25,25,0
Saguache,101,58,25,25,0
Saguache,101,59,25,25,0
Saguache,101,6,25,25,0
Saguache,101,60,25,25,0
Saguache,101,61,25,25,0
Saguache,101,62,25,25,0
Saguache,101,63,25,25,0
Saguache,101,64,25,25,0
Saguache,101,65,25,25,0
Saguache,101,66,25,25,0
Saguache,101,67,25,25,0
Saguache,101,68,25,25,0
Saguache,101,69,25,25,0
Saguache,101,7,25,25,0
Saguache,101,70,11,11,0
Saguache,101,71,23,23,0
Saguache,101,8,25,25,0
Saguache,101,9,25,25,0
San Miguel,101,1,50,50,0
San Miguel,101,10,50,50,0
San Miguel,101,11,50,50,0
San Miguel,101,12,50,50,0
San Miguel,101,13,50,50,0
San Miguel,101,14,50,50,0
San Miguel,101,15,50,50,0
San Miguel,101,16,50,50,0
San Miguel,101,17,50,50,0
San Miguel,101,18,50,50,0
San Miguel,101,19,50,50,0
San Miguel,101,2,50,50,0
San Miguel,101,20,50,50,0
San Miguel,101,21,50,50,0
San Miguel,101,22,50,50,0
San Miguel,101,23,50,50,0
San Miguel,101,24,50,50,0
San Miguel,101,25,50,50,0
San Miguel,101,26,50,50,0
San Miguel,101,27,50,50,0
San Miguel,101,28,50,50,0
San Miguel,101,29,50,50,0
San Miguel,101,3,50,50,0
San Miguel,101,30,50,50,0
San Miguel,101,31,50,50,0
San Miguel,101,32,50,50,0
San Miguel,101,33,50,50,0
San Miguel,101,34,50,50,0
San Miguel,101,35,50,50,0
San Miguel,101,36,50,50,0
San Miguel,101,37,50,50,0
San Miguel,101,38,50,50,0
San Miguel,101,39,50,50,0
San Miguel,101,4,50,50,0
San Miguel,101,40,50,50,0
San Miguel,101,41,29,29,0
San Miguel,101,5,50,50,0
San Miguel,101,6,50,50,0
San Miguel,101,7,50,50,0
San Miguel,101,8,50,50,0
San Miguel,101,9,50,50,0
Sedgwick,101,1,50,50,0
Sedgwick,101,10,50,50,0
Sedgwick,101,11,50,50,0
Sedgwick,101,12,50,50,0
Sedgwick,101,13,50,50,0
Sedgwick,101,14,50,50,0
Sedgwick,101,15,50,50,0
Sedgwick,101,16,50,50,0
Sedgwick,101,17,24,24,0
Sedgwick,101,18,1,1,0
Sedgwick,101,2,50,50,0
Sedgwick,101,3,50,50,0
Sedgwick,101,4,50,50,0
Sedgwick,101,5,50,50,0
Sedgwick,101,6,50,50,0
Sedgwick,101,7,50,50,0
Sedgwick,101,8,50,50,0
Sedgwick,101,9,50,50,0
Summit,101,1,25,25,0
Summit,101,10,25,25,0
Summit,101,100,25,25,0
Summit,101,101,25,25,0
Summit,101,102,25,25,0
Summit,101,103,25,25,0
Summit,101,104,25,25,0
Summit,101,105,25,25,0
Summit,101,106,25,25,0
Summit,101,107,25,25,0
Summit,101,108,25,25,0
Summit,101,109,24,24,0
Summit,101,11,25,25,0
Summit,101,110,25,25,0
Summit,101,111,25,25,0
Summit,101,112,25,25,0
Summit,101,113,25,25,0
Summit,101,114,25,25,0
Summit,101,115,25,25,0
Summit,101,116,25,25,0
Summit,101,117,25,25,0
Summit,101,118,25,25,0
Summit,101,119,25,25,0
Summit,101,12,25,25,0
Summit,101,120,25,25,0
Summit,101,121,25,25,0
Summit,101,122,25,25,0
Summit,101,123,25,25,0
Summit,101,124,25,25,0
Summit,101,125,25,25,0
Summit,101,126,25,25,0
Summit,101,127,25,25,0
Summit,101,128,25,25,0
Summit,101,129,13,13,0
Summit,101,13,25,25,0
Summit,101,130,25,25,0
Summit,101,131,25,25,0
Summit,101,132,25,25,0
Summit,101,133,25,25,0
Summit,101,134,25,25,0
Summit,101,135,25,25,0
Summit,101,136,26,26,0
Summit,101,137,25,25,0
Summit,101,138,25,25,0
Summit,101,139,25,25,0
Summit,101,14,25,25,0
Summit,101,140,25,25,0
Summit,101,141,25,25,0
Summit,101,142,25,25,0
Summit,101,143,25,25,0
Summit,101,144,25,25,0
Summit,101,145,26,26,0
Summit,101,146,25,25,0
Summit,101,147,25,25,0
Summit,101,148,25,25,0
Summit,101,149,25,25,0
Summit,101,15,25,25,0
Summit,101,150,25,25,0
Summit,101,151,25,25,0
Summit,101,152,12,12,0
Summit,101,153,8,8,0
Summit,101,16,25,25,0
Summit,101,17,25,25,0
Summit,101,18,25,25,0
Summit,101,19,25,25,0
Summit,101,2,25,25,0
Summit,101,20,25,25,0
Summit,101,21,25,25,0
Summit,101,22,25,25,0
Summit,101,23,25,25,0
Summit,101,24,25,25,0
Summit,101,25,25,25,0
Summit,101,26,25,25,0
Summit,101,27,25,25,0
Summit,101,28,25,25,0
Summit,101,29,24,24,0
Summit,101,3,25,25,0
Summit,101,30,22,22,0
Summit,101,31,25,25,0
Summit,101,32,25,25,0
Summit,101,33,25,25,0
Summit,101,34,25,25,0
Summit,101,35,25,25,0
Summit,101,36,25,25,0
Summit,101,37,25,25,0
Summit,101,38,25,25,0
Summit,101,39,25,25,0
Summit,101,4,25,25,0
Summit,101,40,25,25,0
Summit,101,41,25,25,0
Summit,101,42,25,25,0
Summit,101,43,25,25,0
Summit,101,44,25,25,0
Summit,101,45,25,25,0
Summit,101,46,25,25,0
Summit,101,47,25,25,0
Summit,101,48,25,25,0
Summit,101,49,25,25,0
Summit,101,5,25,25,0
Summit,101,50,25,25,0
Summit,101,51,25,25,0
Summit,101,52,25,25,0
Summit,101,53,25,25,0
Summit,101,54,25,25,0
Summit,101,55,25,25,0
Summit,101,56,25,25,0
Summit,101,57,25,25,0
Summit,101,58,25,25,0
Summit,101,59,24,24,0
Summit,101,6,25,25,0
Summit,101,60,25,25,0
Summit,101,61,25,25,0
Summit,101,62,25,25,0
Summit,101,63,25,25,0
Summit,101,64,25,25,0
Summit,101,65,25,25,0
Summit,101,66,25,25,0
Summit,101,67,25,25,0
Summit,101,68,25,25,0
Summit,101,69,4,4,0
Summit,101,7,25,25,0
Summit,101,70,25,25,0
Summit,101,71,25,25,0
Summit,101,72,25,25,0
Summit,101,73,25,25,0
Summit,101,74,25,25,0
Summit,101,75,25,25,0
Summit,101,76,25,25,0
Summit,101,77,25,25,0
Summit,101,78,25,25,0
Summit,101,79,25,25,0
Summit,101,8,25,25,0
Summit,101,80,25,25,0
Summit,101,81,25,25,0
Summit,101,82,25,25,0
Summit,101,83,25,25,0
Summit,101,84,26,26,0
Summit,101,85,25,25,0
Summit,101,86,25,25,0
Summit,101,87,25,25,0
Summit,101,88,25,25,0
Summit,101,89,25,25,0
Summit,101,9,25,25,0
Summit,101,90,25,25,0
Summit,101,91,25,25,0
Summit,101,92,25,25,0
Summit,101,93,13,13,0
Summit,101,94,25,25,0
Summit,101,95,25,25,0
Summit,101,96,25,25,0
Summit,101,97,25,25,0
Summit,101,98,25,25,0
Summit,101,99,25,25,0
Summit,102,1,25,25,0
Summit,102,10,25,25,0
Summit,102,100,25,25,0
Summit,102,101,23,23,0
Summit,102,102,25,25,0
Summit,102,103,25,25,0
Summit,102,104,25,25,0
Summit,102,105,25,25,0
Summit,102,106,17,17,0
Summit,102,107,7,7,0
Summit,102,108,25,25,0
Summit,102,109,25,25,0
Summit,102,11,25,25,0
Summit,102,110,25,25,0
Summit,102,111,25,25,0
Summit,102,112,25,25,0
Summit,102,113,25,25,0
Summit,102,114,25,25,0
Summit,102,115,25,25,0
Summit,102,116,25,25,0
Summit,102,117,25,25,0
Summit,102,118,25,25,0
Summit,102,119,25,25,0
Summit,102,12,25,25,0
Summit,102,120,25,25,0
Summit,102,121,25,25,0
Summit,102,122,25,25,0
Summit,102,123,25,25,0
Summit,102,124,25,25,0
Summit,102,125,25,25,0
Summit,102,126,14,14,0
Summit,102,13,25,25,0
Summit,102,14,25,25,0
Summit,102,15,25,25,0
Summit,102,16,25,25,0
Summit,102,17,17,17,0
Summit,102,18,4,4,0
Summit,102,19,25,25,0
Summit,102,2,25,25,0
Summit,102,20,25,25,0
Summit,102,21,25,25,0
Summit,102,22,25,25,0
Summit,102,23,25,25,0
Summit,102,24,25,25,0
Summit,102,25,25,25,0
Summit,102,26,25,25,0
Summit,102,27,25,25,0
Summit,102,28,25,25,0
Summit,102,29,25,25,0
Summit,102,3,25,25,0
Summit,102,30,25,25,0
Summit,102,31,25,25,0
Summit,102,32,25,25,0
Summit,102,33,25,25,0
Summit,102,34,25,25,0
Summit,102,35,25,25,0
Summit,102,36,25,25,0
Summit,102,37,25,25,0
Summit,102,38,25,25,0
Summit,102,39,25,25,0
Summit,102,4,25,25,0
Summit,102,40,25,25,0
Summit,102,41,25,25,0
Summit,102,42,25,25,0
Summit,102,43,25,25,0
Summit,102,44,27,27,0
Summit,102,45,24,24,0
Summit,102,46,25,25,0
Summit,102,47,25,25,0
Summit,102,48,25,25,0
Summit,102,49,25,25,0
Summit,102,5,25,25,0
Summit,102,50,25,25,0
Summit,102,51,25,25,0
Summit,102,52,25,25,0
Summit,102,53,26,26,0
Summit,102,54,25,25,0
Summit,102,55,25,25,0
Summit,102,56,25,25,0
Summit,102,57,25,25,0
Summit,102,58,25,25,0
Summit,102,59,25,25,0
Summit,102,6,25,25,0
Summit,102,60,25,25,0
Summit,102,61,25,25,0
Summit,102,62,25,25,0
Summit,102,63,25,25,0
Summit,102,64,14,14,0
Summit,102,65,25,25,0
Summit,102,66,25,25,0
Summit,102,67,23,23,0
Summit,102,68,25,25,0
Summit,102,69,25,25,0
Summit,102,7,25,25,0
Summit,102,70,25,25,0
Summit,102,71,25,25,0
Summit,102,72,25,25,0
Summit,102,73,25,25,0
Summit,102,74,25,25,0
Summit,102,75,25,25,0
Summit,102,76,25,25,0
Summit,102,77,25,25,0
Summit,102,78,25,25,0
Summit,102,79,25,25,0
Summit,102,8,25,25,0
Summit,102,80,25,25,0
Summit,102,81,26,26,0
Summit,102,82,25,25,0
Summit,102,83,25,25,0
Summit,102,84,25,25,0
Summit,102,85,20,20,0
Summit,102,86,25,25,0
Summit,102,87,25,25,0
Summit,102,88,23,23,0
Summit,102,89,25,25,0
Summit,102,9,25,25,0
Summit,102,90,25,25,0
Summit,102,91,25,25,0
Summit,102,92,25,25,0
Summit,102,93,25,25,0
Summit,102,94,25,25,0
Summit,102,95,25,25,0
Summit,102,96,25,25,0
Summit,102,97,25,25,0
Summit,102,98,25,25,0
Summit,102,99,25,25,0
Summit,105,1,25,25,0
Summit,105,2,25,25,0
Summit,105,3,25,25,0
Summit,105,4,25,25,0
Summit,105,5,25,25,0
Summit,105,6,23,23,0
Summit,105,7,25,25,0
Summit,105,8,28,28,0
Teller,101,1,25,25,0
Teller,101,10,25,25,0
Teller,101,100,25,25,0
Teller,101,101,25,25,0
Teller,101,102,25,25,0
Teller,101,103,25,25,0
Teller,101,104,25,25,0
Teller,101,105,25,25,0
Teller,101,106,25,25,0
Teller,101,107,25,25,0
Teller,101,108,25,25,0
Teller,101,109,25,25,0
Teller,101,11,25,25,0
Teller,101,110,25,25,0
Teller,101,111,25,25,0
Teller,101,112,25,25,0
Teller,101,113,25,25,0
Teller,101,114,25,25,0
Teller,101,115,25,25,0
Teller,101,116,25,25,0
Teller,101,117,25,25,0
Teller,101,118,25,25,0
Teller,101,119,25,25,0
Teller,101,12,25,25,0
Teller,101,120,25,25,0
Teller,101,121,25,25,0
Teller,101,122,25,25,0
Teller,101,123,25,25,0
Teller,101,124,25,25,0
Teller,101,125,25,25,0
Teller,101,126,25,25,0
Teller,101,127,25,25,0
Teller,101,128,25,25,0
Teller,101,129,25,25,0
Teller,101,13,25,25,0
Teller,101,130,25,25,0
Teller,101,131,25,25,0
Teller,101,132,25,25,0
Teller,101,133,25,25,0
Teller,101,134,25,25,0
Teller,101,135,25,25,0
Teller,101,136,25,25,0
Teller,101,137,25,25,0
Teller,101,138,25,25,0
Teller,101,139,25,25,0
Teller,101,14,25,25,0
Teller,101,140,25,25,0
Teller,101,141,25,25,0
Teller,101,142,25,25,0
Teller,101,143,25,25,0
Teller,101,144,25,25,0
Teller,101,145,25,25,0
Teller,101,146,25,25,0
Teller,101,147,25,25,0
Teller,101,148,25,25,0
Teller,101,149,25,25,0
Teller,101,15,25,25,0
Teller,101,150,25,25,0
Teller,101,151,25,25,0
Teller,101,152,25,25,0
Teller,101,153,25,25,0
Teller,101,154,25,25,0
Teller,101,155,25,25,0
Teller,101,156,25,25,0
Teller,101,157,25,25,0
Teller,101,158,25,25,0
Teller,101,159,25,25,0
Teller,101,16,25,25,0
Teller,101,160,25,25,0
Teller,101,161,25,25,0
Teller,101,162,25,25,0
Teller,101,163,25,25,0
Teller,101,164,25,25,0
Teller,101,165,25,25,0
Teller,101,166,25,25,0
Teller,101,167,25,25,0
Teller,101,168,25,25,0
Teller,101,169,25,25,0
Teller,101,17,25,25,0
Teller,101,170,25,25,0
Teller,101,171,25,25,0
Teller,101,172,25,25,0
Teller,101,173,25,25,0
Teller,101,174,25,25,0
Teller,101,175,25,25,0
Teller,101,176,25,25,0
Teller,101,177,25,25,0
Teller,101,178,25,25,0
Teller,101,179,25,25,0
Teller,101,18,25,25,0
Teller,101,180,25,25,0
Teller,101,181,25,25,0
Teller,101,182,25,25,0
Teller,101,183,25,25,0
Teller,101,184,25,25,0
Teller,101,185,25,25,0
Teller,101,186,25,25,0
Teller,101,187,25,25,0
Teller,101,188,25,25,0
Teller,101,189,25,25,0
Teller,101,19,25,25,0
Teller,101,190,25,25,0
Teller,101,191,25,25,0
Teller,101,192,25,25,0
Teller,101,193,25,25,0
Teller,101,194,25,25,0
Teller,101,195,25,25,0
Teller,101,196,25,25,0
Teller,101,197,25,25,0
Teller,101,198,25,25,0
Teller,101,199,25,25,0
Teller,101,2,25,25,0
Teller,101,20,25,25,0
Teller,101,200,25,25,0
Teller,101,201,25,25,0
Teller,101,202,25,25,0
Teller,101,203,25,25,0
Teller,101,204,25,25,0
Teller,101,205,25,25,0
Teller,101,206,25,25,0
Teller,101,207,25,25,0
Teller,101,208,25,25,0
Teller,101,209,25,25,0
Teller,101,21,25,25,0
Teller,101,210,25,25,0
Teller,101,211,25,25,0
Teller,101,212,25,25,0
Teller,101,213,25,25,0
Teller,101,214,25,25,0
Teller,101,215,25,25,0
Teller,101,216,25,25,0
Teller,101,217,25,25,0
Teller,101,218,25,25,0
Teller,101,219,25,25,0
Teller,101,22,25,25,0
Teller,101,220,25,25,0
Teller,101,221,25,25,0
Teller,101,222,25,25,0
Teller,101,223,25,25,0
Teller,101,224,25,25,0
Teller,101,225,25,25,0
Teller,101,226,25,25,0
Teller,101,227,25,25,0
Teller,101,228,25,25,0
Teller,101,229,25,25,0
Teller,101,23,25,25,0
Teller,101,230,25,25,0
Teller,101,231,25,25,0
Teller,101,232,25,25,0
Teller,101,233,25,25,0
Teller,101,234,25,25,0
Teller,101,235,25,25,0
Teller,101,236,25,25,0
Teller,101,237,25,25,0
Teller,101,238,25,25,0
Teller,101,239,25,25,0
Teller,101,24,25,25,0
Teller,101,240,25,25,0
Teller,101,241,25,25,0
Teller,101,242,25,25,0
Teller,101,243,25,25,0
Teller,101,244,25,25,0
Teller,101,245,25,25,0
Teller,101,246,25,25,0
Teller,101,247,25,25,0
Teller,101,248,25,25,0
Teller,101,249,25,25,0
Teller,101,25,25,25,0
Teller,101,250,25,25,0
Teller,101,251,25,25,0
Teller,101,252,25,25,0
Teller,101,253,25,25,0
Teller,101,254,25,25,0
Teller,101,255,25,25,0
Teller,101,256,25,25,0
Teller,101,257,25,25,0
Teller,101,258,25,25,0
Teller,101,259,25,25,0
Teller,101,26,25,25,0
Teller,101,260,25,25,0
Teller,101,261,25,25,0
Teller,101,262,25,25,0
Teller,101,263,25,25,0
Teller,101,264,25,25,0
Teller,101,265,25,25,0
Teller,101,266,25,25,0
Teller,101,267,25,25,0
Teller,101,268,25,25,0
Teller,101,269,25,25,0
Teller,101,27,25,25,0
Teller,101,270,25,25,0
Teller,101,271,25,25,0
Teller,101,272,25,25,0
Teller,101,273,25,25,0
Teller,101,274,25,25,0
Teller,101,275,25,25,0
Teller,101,276,25,25,0
Teller,101,277,25,25,0
Teller,101,278,25,25,0
Teller,101,279,25,25,0
Teller,101,28,25,25,0
Teller,101,280,25,25,0
Teller,101,281,25,25,0
Teller,101,282,25,25,0
Teller,101,283,25,25,0
Teller,101,284,25,25,0
Teller,101,285,25,25,0
Teller,101,286,25,25,0
Teller,101,287,25,25,0
Teller,101,288,25,25,0
Teller,101,289,25,25,0
Teller,101,29,25,25,0
Teller,101,290,25,25,0
Teller,101,291,25,25,0
Teller,101,292,25,25,0
Teller,101,293,25,25,0
Teller,101,294,25,25,0
Teller,101,295,25,25,0
Teller,101,296,25,25,0
Teller,101,297,25,25,0
Teller,101,298,25,25,0
Teller,101,299,25,25,0
Teller,101,3,25,25,0
Teller,101,30,25,25,0
Teller,101,300,25,25,0
Teller,101,301,25,25,0
Teller,101,302,25,25,0
Teller,101,303,25,25,0
Teller,101,304,25,25,0
Teller,101,305,25,25,0
Teller,101,306,25,25,0
Teller,101,307,25,25,0
Teller,101,308,25,25,0
Teller,101,309,25,25,0
Teller,101,31,25,25,0
Teller,101,310,25,25,0
Teller,101,311,25,25,0
Teller,101,312,25,25,0
Teller,101,313,25,25,0
Teller,101,314,25,25,0
Teller,101,315,25,25,0
Teller,101,316,25,25,0
Teller,101,317,25,25,0
Teller,101,318,25,25,0
Teller,101,319,25,25,0
Teller,101,32,25,25,0
Teller,101,320,25,25,0
Teller,101,321,25,25,0
Teller,101,322,25,25,0
Teller,101,323,25,25,0
Teller,101,324,25,25,0
Teller,101,325,25,25,0
Teller,101,326,25,25,0
Teller,101,327,25,25,0
Teller,101,328,25,25,0
Teller,101,329,25,25,0
Teller,101,33,25,25,0
Teller,101,330,25,25,0
Teller,101,331,25,25,0
Teller,101,332,25,25,0
Teller,101,333,25,25,0
Teller,101,334,25,25,0
Teller,101,335,25,25,0
Teller,101,336,25,25,0
Teller,101,337,25,25,0
Teller,101,338,25,25,0
Teller,101,339,25,25,0
Teller,101,34,25,25,0
Teller,101,340,25,25,0
Teller,101,341,25,25,0
Teller,101,342,25,25,0
Teller,101,343,25,25,0
Teller,101,344,25,25,0
Teller,101,345,25,25,0
Teller,101,346,25,25,0
Teller,101,347,25,25,0
Teller,101,348,25,25,0
Teller,101,349,25,25,0
Teller,101,35,25,25,0
Teller,101,350,25,25,0
Teller,101,351,25,25,0
Teller,101,352,25,25,0
Teller,101,353,25,25,0
Teller,101,354,25,25,0
Teller,101,355,25,25,0
Teller,101,356,25,25,0
Teller,101,357,25,25,0
Teller,101,358,25,25,0
Teller,101,359,25,25,0
Teller,101,36,25,25,0
Teller,101,360,25,25,0
Teller,101,361,25,25,0
Teller,101,362,25,25,0
Teller,101,363,25,25,0
Teller,101,364,25,25,0
Teller,101,365,25,25,0
Teller,101,366,25,25,0
Teller,101,367,25,25,0
Teller,101,368,25,25,0
Teller,101,369,25,25,0
Teller,101,37,25,25,0
Teller,101,370,20,20,0
Teller,101,38,25,25,0
Teller,101,39,25,25,0
Teller,101,4,25,25,0
Teller,101,40,25,25,0
Teller,101,41,25,25,0
Teller,101,42,25,25,0
Teller,101,43,25,25,0
Teller,101,44,25,25,0
Teller,101,45,25,25,0
Teller,101,46,25,25,0
Teller,101,47,25,25,0
Teller,101,48,25,25,0
Teller,101,49,25,25,0
Teller,101,5,25,25,0
Teller,101,50,25,25,0
Teller,101,51,25,25,0
Teller,101,52,25,25,0
Teller,101,53,25,25,0
Teller,101,54,25,25,0
Teller,101,55,25,25,0
Teller,101,56,25,25,0
Teller,101,57,25,25,0
Teller,101,58,25,25,0
Teller,101,59,25,25,0
Teller,101,6,25,25,0
Teller,101,60,25,25,0
Teller,101,61,25,25,0
Teller,101,62,25,25,0
Teller,101,63,25,25,0
Teller,101,64,25,25,0
Teller,101,65,25,25,0
Teller,101,66,25,25,0
Teller,101,67,25,25,0
Teller,101,68,25,25,0
Teller,101,69,25,25,0
Teller,101,7,25,25,0
Teller,101,70,25,25,0
Teller,101,71,25,25,0
Teller,101,72,25,25,0
Teller,101,73,25,25,0
Teller,101,74,25,25,0
Teller,101,75,25,25,0
Teller,101,76,25,25,0
Teller,101,77,25,25,0
Teller,101,78,25,25,0
Teller,101,79,25,25,0
Teller,101,8,25,25,0
Teller,101,80,25,25,0
Teller,101,81,25,25,0
Teller,101,82,25,25,0
Teller,101,83,25,25,0
Teller,101,84,25,25,0
Teller,101,85,25,25,0
Teller,101,86,25,25,0
Teller,101,87,25,25,0
Teller,101,88,25,25,0
Teller,101,89,25,25,0
Teller,101,9,25,25,0
Teller,101,90,25,25,0
Teller,101,91,25,25,0
Teller,101,92,25,25,0
Teller,101,93,25,25,0
Teller,101,94,25,25,0
Teller,101,95,25,25,0
Teller,101,96,25,25,0
Teller,101,97,25,25,0
Teller,101,98,25,25,0
Teller,101,99,25,25,0
Washington,101,1,24,24,0
Washington,101,10,25,25,0
Washington,101,11,25,25,0
Washington,101,12,25,25,0
Washington,101,13,25,25,0
Washington,101,14,25,25,0
Washington,101,15,25,25,0
Washington,101,16,25,25,0
Washington,101,17,25,25,0
Washington,101,18,24,24,0
Washington,101,19,25,25,0
Washington,101,2,25,25,0
Washington,101,20,25,25,0
Washington,101,21,25,25,0
Washington,101,22,24,24,0
Washington,101,23,23,23,0
Washington,101,24,25,25,0
Washington,101,25,25,25,0
Washington,101,26,25,25,0
Washington,101,27,25,25,0
Washington,101,28,25,25,0
Washington,101,29,25,25,0
Washington,101,3,24,24,0
Washington,101,30,25,25,0
Washington,101,31,24,24,0
Washington,101,32,25,25,0
Washington,101,33,25,25,0
Washington,101,34,25,25,0
Washington,101,35,25,25,0
Washington,101,36,25,25,0
Washington,101,37,25,25,0
Washington,101,38,25,25,0
Washington,101,39,25,25,0
Washington,101,4,25,25,0
Washington,101,40,25,25,0
Washington,101,41,25,25,0
Washington,101,42,25,25,0
Washington,101,43,23,23,0
Washington,101,44,25,25,0
Washington,101,45,25,25,0
Washington,101,46,25,25,0
Washington,101,47,25,25,0
Washington,101,48,25,25,0
Washington,101,49,25,25,0
Washington,101,5,25,25,0
Washington,101,50,25,25,0
Washington,101,51,25,25,0
Washington,101,52,24,24,0
Washington,101,53,25,25,0
Washington,101,54,25,25,0
Washington,101,55,25,25,0
Washington,101,56,25,25,0
Washington,101,57,25,25,0
Washington,101,58,25,25,0
Washington,101,59,25,25,0
Washington,101,6,25,25,0
Washington,101,60,25,25,0
Washington,101,61,24,24,0
Washington,101,62,23,23,0
Washington,101,63,25,25,0
Washington,101,64,25,25,0
Washington,101,65,24,24,0
Washington,101,66,25,25,0
Washington,101,67,25,25,0
Washington,101,68,25,25,0
Washington,101,69,25,25,0
Washington,101,7,25,25,0
Washington,101,70,25,25,0
Washington,101,71,23,23,0
Washington,101,72,25,25,0
Washington,101,73,15,15,0
Washington,101,74,14,14,0
Washington,101,75,18,18,0
Washington,101,76,13,13,0
Washington,101,77,1,1,0
Washington,101,78,45,45,0
Washington,101,8,25,25,0
Washington,101,9,25,25,0
Weld,101,1,99,99,0
Weld,101,10,100,100,0
Weld,101,100,99,99,0
Weld,101,101,100,100,0
Weld,101,102,100,100,0
Weld,101,103,100,100,0
Weld,101,104,100,100,0
Weld,101,105,100,100,0
Weld,101,106,100,100,0
Weld,101,107,100,100,0
Weld,101,108,100,100,0
Weld,101,109,100,100,0
Weld,101,11,100,100,0
Weld,101,110,100,100,0
Weld,101,111,100,100,0
Weld,101,112,100,100,0
Weld,101,113,100,100,0
Weld,101,114,99,99,0
Weld,101,115,100,100,0
Weld,101,116,100,100,0
Weld,101,117,100,100,0
Weld,101,118,100,100,0
Weld,101,119,100,100,0
Weld,101,12,100,100,0
Weld,101,120,100,100,0
Weld,101,121,100,100,0
Weld,101,122,100,100,0
Weld,101,123,100,100,0
Weld,101,124,100,100,0
Weld,101,125,100,100,0
Weld,101,126,100,100,0
Weld,101,127,100,100,0
Weld,101,128,100,100,0
Weld,101,129,99,99,0
Weld,101,13,100,100,0
Weld,101,130,100,100,0
Weld,101,131,100,100,0
Weld,101,132,100,100,0
Weld,101,133,100,100,0
Weld,101,134,26,26,0
Weld,101,135,99,99,0
Weld,101,136,99,99,0
Weld,101,137,100,100,0
Weld,101,138,100,100,0
Weld,101,139,100,100,0
Weld,101,14,100,100,0
Weld,101,140,100,100,0
Weld,101,141,99,99,0
Weld,101,142,100,100,0
Weld,101,143,100,100,0
Weld,101,144,100,100,0
Weld,101,145,100,100,0
Weld,101,146,100,100,0
Weld,101,147,100,100,0
Weld,101,148,99,99,0
Weld,101,149,100,100,0
Weld,101,15,100,100,0
Weld,101,150,99,99,0
Weld,101,151,98,98,0
Weld,101,152,100,100,0
Weld,101,153,100,100,0
Weld,101,154,100,100,0
Weld,101,155,100,100,0
Weld,101,156,100,100,0
Weld,101,157,100,100,0
Weld,101,158,100,100,0
Weld,101,159,100,100,0
Weld,101,16,100,100,0
Weld,101,160,99,99,0
Weld,101,161,52,52,0
Weld,101,162,100,100,0
Weld,101,17,100,100,0
Weld,101,18,100,100,0
Weld,101,19,100,100,0
Weld,101,2,98,98,0
Weld,101,20,100,100,0
Weld,101,21,100,100,0
Weld,101,22,100,100,0
Weld,101,23,100,100,0
Weld,101,24,100,100,0
Weld,101,25,100,100,0
Weld,101,26,100,100,0
Weld,101,27,100,100,0
Weld,101,28,100,100,0
Weld,101,29,100,100,0
Weld,101,3,98,98,0
Weld,101,30,100,100,0
Weld,101,31,100,100,0
Weld,101,32,100,100,0
Weld,101,33,100,100,0
Weld,101,34,100,100,0
Weld,101,35,100,100,0
Weld,101,36,99,99,0
Weld,101,37,96,96,0
Weld,101,38,98,98,0
Weld,101,39,98,98,0
Weld,101,4,98,98,0
Weld,101,40,100,100,0
Weld,101,41,100,100,0
Weld,101,42,99,99,0
Weld,101,43,99,99,0
Weld,101,44,99,99,0
Weld,101,45,100,100,0
Weld,101,46,100,100,0
Weld,101,47,100,100,0
Weld,101,48,91,91,0
Weld,101,49,19,19,0
Weld,101,5,98,98,0
Weld,101,50,100,100,0
Weld,101,51,100,100,0
Weld,101,52,100,100,0
Weld,101,53,100,100,0
Weld,101,54,99,99,0
Weld,101,55,100,100,0
Weld,101,56,100,100,0
Weld,101,57,100,100,0
Weld,101,58,100,100,0
Weld,101,59,100,100,0
Weld,101,6,98,98,0
Weld,101,60,100,100,0
Weld,101,61,100,100,0
Weld,101,62,100,100,0
Weld,101,63,99,99,0
Weld,101,64,100,100,0
Weld,101,65,100,100,0
Weld,101,66,100,100,0
Weld,101,67,100,100,0
Weld,101,68,99,99,0
Weld,101,69,98,98,0
Weld,101,7,99,99,0
Weld,101,70,100,100,0
Weld,101,71,100,100,0
Weld,101,72,100,100,0
Weld,101,73,100,100,0
Weld,101,74,100,100,0
Weld,101,75,100,100,0
Weld,101,76,100,100,0
Weld,101,77,100,100,0
Weld,101,78,70,70,0
Weld,101,79,100,100,0
Weld,101,8,100,100,0
Weld,101,80,100,100,0
Weld,101,81,100,100,0
Weld,101,82,100,100,0
Weld,101,83,100,100,0
Weld,101,84,100,100,0
Weld,101,85,100,100,0
Weld,101,86,99,99,0
Weld,101,87,100,100,0
Weld,101,88,83,83,0
Weld,101,89,100,100,0
Weld,101,9,100,100,0
Weld,101,90,100,100,0
Weld,101,91,100,100,0
Weld,101,92,100,100,0
Weld,101,93,100,100,0
Weld,101,94,100,100,0
Weld,101,95,100,100,0
Weld,101,96,100,100,0
Weld,101,97,98,98,0
Weld,101,98,100,100,0
Weld,101,99,100,100,0
Weld,102,1,100,100,0
Weld,102,10,100,100,0
Weld,102,100,8,8,0
Weld,102,101,99,99,0
Weld,102,102,32,32,0
Weld,102,103,98,98,0
Weld,102,104,100,100,0
Weld,102,105,100,100,0
Weld,102,106,98,98,0
Weld,102,107,100,100,0
Weld,102,108,100,100,0
Weld,102,109,97,97,0
Weld,102,11,100,100,0
Weld,102,110,100,100,0
Weld,102,111,100,100,0
Weld,102,112,100,100,0
Weld,102,113,99,99,0
Weld,102,114,10,10,0
Weld,102,115,100,100,0
Weld,102,116,100,100,0
Weld,102,117,100,100,0
Weld,102,118,100,100,0
Weld,102,119,100,100,0
Weld,102,12,100,100,0
Weld,102,120,94,94,0
Weld,102,121,100,100,0
Weld,102,122,99,99,0
Weld,102,123,100,100,0
Weld,102,124,99,99,0
Weld,102,125,100,100,0
Weld,102,126,100,100,0
Weld,102,127,99,99,0
Weld,102,128,94,94,0
Weld,102,129,99,99,0
Weld,102,13,98,98,0
Weld,102,130,100,100,0
Weld,102,131,100,100,0
Weld,102,132,38,38,0
Weld,102,133,100,100,0
Weld,102,134,100,100,0
Weld,102,135,100,100,0
Weld,102,136,100,100,0
Weld,102,137,100,100,0
Weld,102,138,100,100,0
Weld,102,139,99,99,0
Weld,102,14,100,100,0
Weld,102,140,100,100,0
Weld,102,141,100,100,0
Weld,102,142,100,100,0
Weld,102,143,100,100,0
Weld,102,144,100,100,0
Weld,102,145,99,99,0
Weld,102,146,99,99,0
Weld,102,147,99,99,0
Weld,102,148,100,100,0
Weld,102,149,100,100,0
Weld,102,15,99,99,0
Weld,102,150,98,98,0
Weld,102,151,62,62,0
Weld,102,152,100,100,0
Weld,102,153,99,99,0
Weld,102,154,100,100,0
Weld,102,155,100,100,0
Weld,102,156,148,148,0
Weld,102,157,100,100,0
Weld,102,158,100,100,0
Weld,102,159,100,100,0
Weld,102,16,97,97,0
Weld,102,160,100,100,0
Weld,102,161,100,100,0
Weld,102,162,100,100,0
Weld,102,163,98,98,0
Weld,102,164,100,100,0
Weld,102,165,98,98,0
Weld,102,166,99,99,0
Weld,102,167,100,100,0
Weld,102,168,100,100,0
Weld,102,169,100,100,0
Weld,102,17,99,99,0
Weld,102,170,100,100,0
Weld,102,171,100,100,0
Weld,102,172,100,100,0
Weld,102,173,100,100,0
Weld,102,174,100,100,0
Weld,102,175,99,99,0
Weld,102,176,100,100,0
Weld,102,177,100,100,0
Weld,102,178,98,98,0
Weld,102,179,99,99,0
Weld,102,18,100,100,0
Weld,102,180,98,98,0
Weld,102,181,29,29,0
Weld,102,182,69,69,0
Weld,102,183,88,88,0
Weld,102,184,26,26,0
Weld,102,185,91,91,0
Weld,102,186,47,47,0
Weld,102,187,53,53,0
Weld,102,188,70,70,0
Weld,102,189,29,29,0
Weld,102,19,100,100,0
Weld,102,2,100,100,0
Weld,102,20,100,100,0
Weld,102,21,100,100,0
Weld,102,22,100,100,0
Weld,102,23,100,100,0
Weld,102,24,100,100,0
Weld,102,25,100,100,0
Weld,102,26,99,99,0
Weld,102,27,100,100,0
Weld,102,28,100,100,0
Weld,102,29,100,100,0
Weld,102,3,100,100,0
Weld,102,30,100,100,0
Weld,102,31,100,100,0
Weld,102,32,100,100,0
Weld,102,33,100,100,0
Weld,102,34,100,100,0
Weld,102,35,100,100,0
Weld,102,36,100,100,0
Weld,102,37,71,71,0
Weld,102,38,79,79,0
Weld,102,39,100,100,0
Weld,102,4,99,99,0
Weld,102,40,41,41,0
Weld,102,41,100,100,0
Weld,102,42,100,100,0
Weld,102,43,100,100,0
Weld,102,44,100,100,0
Weld,102,45,100,100,0
Weld,102,46,100,100,0
Weld,102,47,100,100,0
Weld,102,48,100,100,0
Weld,102,49,4,4,0
Weld,102,5,100,100,0
Weld,102,50,100,100,0
Weld,102,51,100,100,0
Weld,102,52,100,100,0
Weld,102,53,100,100,0
Weld,102,54,100,100,0
Weld,102,55,100,100,0
Weld,102,56,100,100,0
Weld,102,57,99,99,0
Weld,102,58,99,99,0
Weld,102,59,98,98,0
Weld,102,6,99,99,0
Weld,102,60,100,100,0
Weld,102,61,100,100,0
Weld,102,62,100,100,0
Weld,102,63,100,100,0
Weld,102,64,100,100,0
Weld,102,65,100,100,0
Weld,102,66,99,99,0
Weld,102,67,100,100,0
Weld,102,68,100,100,0
Weld,102,69,99,99,0
Weld,102,7,96,96,0
Weld,102,70,100,100,0
Weld,102,71,100,100,0
Weld,102,72,100,100,0
Weld,102,73,100,100,0
Weld,102,74,55,55,0
Weld,102,75,100,100,0
Weld,102,76,100,100,0
Weld,102,77,100,100,0
Weld,102,78,100,100,0
Weld,102,79,100,100,0
Weld,102,8,75,75,0
Weld,102,80,100,100,0
Weld,102,81,100,100,0
Weld,102,82,100,100,0
Weld,102,83,100,100,0
Weld,102,84,100,100,0
Weld,102,85,65,65,0
Weld,102,86,59,59,0
Weld,102,87,18,18,0
Weld,102,88,100,100,0
Weld,102,89,100,100,0
Weld,102,9,100,100,0
Weld,102,90,100,100,0
Weld,102,91,100,100,0
Weld,102,92,100,100,0
Weld,102,93,100,100,0
Weld,102,94,100,100,0
Weld,102,95,100,100,0
Weld,102,96,100,100,0
Weld,102,97,100,100,0
Weld,102,98,100,100,0
Weld,102,99,100,100,0
Weld,103,1,98,98,0
Weld,103,10,100,100,0
Weld,103,100,100,100,0
Weld,103,101,100,100,0
Weld,103,102,100,100,0
Weld,103,103,100,100,0
Weld,103,104,100,100,0
Weld,103,105,100,100,0
Weld,103,106,100,100,0
Weld,103,107,100,100,0
Weld,103,108,100,100,0
Weld,103,109,100,100,0
Weld,103,11,100,100,0
Weld,103,110,100,100,0
Weld,103,111,100,100,0
Weld,103,112,100,100,0
Weld,103,113,100,100,0
Weld,103,114,80,80,0
Weld,103,115,100,100,0
Weld,103,116,100,100,0
Weld,103,117,100,100,0
Weld,103,118,100,100,0
Weld,103,119,100,100,0
Weld,103,12,100,100,0
Weld,103,120,100,100,0
Weld,103,121,100,100,0
Weld,103,122,100,100,0
Weld,103,123,100,100,0
Weld,103,124,100,100,0
Weld,103,125,100,100,0
Weld,103,126,100,100,0
Weld,103,127,100,100,0
Weld,103,128,100,100,0
Weld,103,129,100,100,0
Weld,103,13,100,100,0
Weld,103,130,99,99,0
Weld,103,131,100,100,0
Weld,103,132,100,100,0
Weld,103,133,33,33,0
Weld,103,134,16,16,0
Weld,103,135,100,100,0
Weld,103,136,100,100,0
Weld,103,137,100,100,0
Weld,103,138,99,99,0
Weld,103,139,100,100,0
Weld,103,14,100,100,0
Weld,103,140,100,100,0
Weld,103,141,100,100,0
Weld,103,142,100,100,0
Weld,103,143,100,100,0
Weld,103,144,100,100,0
Weld,103,145,100,100,0
Weld,103,146,100,100,0
Weld,103,147,100,100,0
Weld,103,148,100,100,0
Weld,103,149,100,100,0
Weld,103,15,100,100,0
Weld,103,150,100,100,0
Weld,103,151,100,100,0
Weld,103,152,100,100,0
Weld,103,153,100,100,0
Weld,103,154,100,100,0
Weld,103,155,100,100,0
Weld,103,156,100,100,0
Weld,103,157,100,100,0
Weld,103,158,100,100,0
Weld,103,159,100,100,0
Weld,103,16,100,100,0
Weld,103,160,100,100,0
Weld,103,161,99,99,0
Weld,103,162,100,100,0
Weld,103,163,100,100,0
Weld,103,164,100,100,0
Weld,103,165,100,100,0
Weld,103,166,100,100,0
Weld,103,167,100,100,0
Weld,103,168,100,100,0
Weld,103,169,100,100,0
Weld,103,17,100,100,0
Weld,103,170,100,100,0
Weld,103,171,100,100,0
Weld,103,172,100,100,0
Weld,103,173,100,100,0
Weld,103,174,60,60,0
Weld,103,175,100,100,0
Weld,103,176,100,100,0
Weld,103,177,100,100,0
Weld,103,178,100,100,0
Weld,103,179,99,99,0
Weld,103,18,100,100,0
Weld,103,180,80,80,0
Weld,103,181,99,99,0
Weld,103,182,100,100,0
Weld,103,183,100,100,0
Weld,103,184,100,100,0
Weld,103,185,100,100,0
Weld,103,186,100,100,0
Weld,103,187,100,100,0
Weld,103,188,100,100,0
Weld,103,189,99,99,0
Weld,103,19,100,100,0
Weld,103,190,100,100,0
Weld,103,191,100,100,0
Weld,103,192,100,100,0
Weld,103,193,99,99,0
Weld,103,194,100,100,0
Weld,103,195,100,100,0
Weld,103,196,100,100,0
Weld,103,197,44,44,0
Weld,103,198,100,100,0
Weld,103,199,100,100,0
Weld,103,2,98,98,0
Weld,103,20,100,100,0
Weld,103,200,100,100,0
Weld,103,201,100,100,0
Weld,103,202,100,100,0
Weld,103,203,100,100,0
Weld,103,204,36,36,0
Weld,103,205,100,100,0
Weld,103,206,69,69,0
Weld,103,207,99,99,0
Weld,103,208,100,100,0
Weld,103,209,99,99,0
Weld,103,21,100,100,0
Weld,103,210,100,100,0
Weld,103,211,100,100,0
Weld,103,212,100,100,0
Weld,103,213,100,100,0
Weld,103,214,100,100,0
Weld,103,215,100,100,0
Weld,103,216,100,100,0
Weld,103,217,55,55,0
Weld,103,218,98,98,0
Weld,103,219,99,99,0
Weld,103,22,100,100,0
Weld,103,220,99,99,0
Weld,103,221,99,99,0
Weld,103,222,100,100,0
Weld,103,223,71,71,0
Weld,103,224,99,99,0
Weld,103,225,44,44,0
Weld,103,226,100,100,0
Weld,103,227,100,100,0
Weld,103,228,44,44,0
Weld,103,229,99,99,0
Weld,103,23,100,100,0
Weld,103,230,72,72,0
Weld,103,231,100,100,0
Weld,103,232,2,2,0
Weld,103,233,75,75,0
Weld,103,234,111,111,0
Weld,103,24,99,99,0
Weld,103,25,100,100,0
Weld,103,26,100,100,0
Weld,103,27,100,100,0
Weld,103,28,100,100,0
Weld,103,29,100,100,0
Weld,103,3,98,98,0
Weld,103,30,100,100,0
Weld,103,31,100,100,0
Weld,103,32,100,100,0
Weld,103,33,100,100,0
Weld,103,34,100,100,0
Weld,103,35,100,100,0
Weld,103,36,100,100,0
Weld,103,37,100,100,0
Weld,103,38,100,100,0
Weld,103,39,100,100,0
Weld,103,4,99,99,0
Weld,103,40,100,100,0
Weld,103,41,100,100,0
Weld,103,42,100,100,0
Weld,103,43,100,100,0
Weld,103,44,100,100,0
Weld,103,45,100,100,0
Weld,103,46,100,100,0
Weld,103,47,100,100,0
Weld,103,48,99,99,0
Weld,103,49,100,100,0
Weld,103,5,100,100,0
Weld,103,50,100,100,0
Weld,103,51,100,100,0
Weld,103,52,100,100,0
Weld,103,53,100,100,0
Weld,103,54,100,100,0
Weld,103,55,100,100,0
Weld,103,56,100,100,0
Weld,103,57,100,100,0
Weld,103,58,99,99,0
Weld,103,59,100,100,0
Weld,103,6,100,100,0
Weld,103,60,100,100,0
Weld,103,61,100,100,0
Weld,103,62,100,100,0
Weld,103,63,99,99,0
Weld,103,64,100,100,0
Weld,103,65,100,100,0
Weld,103,66,100,100,0
Weld,103,67,100,100,0
Weld,103,68,100,100,0
Weld,103,69,100,100,0
Weld,103,7,100,100,0
Weld,103,70,100,100,0
Weld,103,71,100,100,0
Weld,103,72,100,100,0
Weld,103,73,100,100,0
Weld,103,74,100,100,0
Weld,103,75,100,100,0
Weld,103,76,100,100,0
Weld,103,77,99,99,0
Weld,103,78,99,99,0
Weld,103,79,98,98,0
Weld,103,8,100,100,0
Weld,103,80,100,100,0
Weld,103,81,100,100,0
Weld,103,82,100,100,0
Weld,103,83,100,100,0
Weld,103,84,100,100,0
Weld,103,85,100,100,0
Weld,103,86,99,99,0
Weld,103,87,100,100,0
Weld,103,88,100,100,0
Weld,103,89,100,100,0
Weld,103,9,100,100,0
Weld,103,90,100,100,0
Weld,103,91,99,99,0
Weld,103,92,100,100,0
Weld,103,93,100,100,0
Weld,103,94,100,100,0
Weld,103,95,100,100,0
Weld,103,96,100,100,0
Weld,103,97,100,100,0
Weld,103,98,100,100,0
Weld,103,99,100,100,0
Weld,104,1,100,100,0
Weld,104,10,100,100,0
Weld,104,100,100,100,0
Weld,104,101,100,100,0
Weld,104,102,100,100,0
Weld,104,103,99,99,0
Weld,104,104,100,100,0
Weld,104,105,100,100,0
Weld,104,106,100,100,0
Weld,104,107,100,100,0
Weld,104,108,100,100,0
Weld,104,109,100,100,0
Weld,104,11,100,100,0
Weld,104,110,100,100,0
Weld,104,111,100,100,0
Weld,104,112,100,100,0
Weld,104,113,100,100,0
Weld,104,114,100,100,0
Weld,104,115,100,100,0
Weld,104,116,100,100,0
Weld,104,117,100,100,0
Weld,104,118,100,100,0
Weld,104,119,100,100,0
Weld,104,12,100,100,0
Weld,104,120,100,100,0
Weld,104,121,100,100,0
Weld,104,122,56,56,0
Weld,104,123,99,99,0
Weld,104,124,100,100,0
Weld,104,125,100,100,0
Weld,104,126,100,100,0
Weld,104,127,100,100,0
Weld,104,128,100,100,0
Weld,104,129,99,99,0
Weld,104,13,100,100,0
Weld,104,130,3,3,0
Weld,104,131,100,100,0
Weld,104,132,12,12,0
Weld,104,133,100,100,0
Weld,104,134,100,100,0
Weld,104,135,100,100,0
Weld,104,136,100,100,0
Weld,104,137,100,100,0
Weld,104,138,100,100,0
Weld,104,139,100,100,0
Weld,104,14,100,100,0
Weld,104,140,100,100,0
Weld,104,141,100,100,0
Weld,104,142,100,100,0
Weld,104,143,100,100,0
Weld,104,144,100,100,0
Weld,104,145,74,74,0
Weld,104,146,100,100,0
Weld,104,147,100,100,0
Weld,104,148,100,100,0
Weld,104,149,100,100,0
Weld,104,15,100,100,0
Weld,104,150,100,100,0
Weld,104,151,100,100,0
Weld,104,152,100,100,0
Weld,104,153,100,100,0
Weld,104,154,100,100,0
Weld,104,155,100,100,0
Weld,104,156,100,100,0
Weld,104,157,99,99,0
Weld,104,158,100,100,0
Weld,104,159,34,34,0
Weld,104,16,100,100,0
Weld,104,160,100,100,0
Weld,104,161,100,100,0
Weld,104,162,100,100,0
Weld,104,163,100,100,0
Weld,104,164,100,100,0
Weld,104,165,100,100,0
Weld,104,166,100,100,0
Weld,104,167,100,100,0
Weld,104,168,100,100,0
Weld,104,169,100,100,0
Weld,104,17,100,100,0
Weld,104,170,100,100,0
Weld,104,171,100,100,0
Weld,104,172,100,100,0
Weld,104,173,99,99,0
Weld,104,174,44,44,0
Weld,104,175,100,100,0
Weld,104,176,100,100,0
Weld,104,177,100,100,0
Weld,104,178,100,100,0
Weld,104,179,100,100,0
Weld,104,18,100,100,0
Weld,104,180,100,100,0
Weld,104,181,97,97,0
Weld,104,182,99,99,0
Weld,104,183,100,100,0
Weld,104,184,99,99,0
Weld,104,185,99,99,0
Weld,104,186,100,100,0
Weld,104,19,99,99,0
Weld,104,2,99,99,0
Weld,104,20,100,100,0
Weld,104,21,98,98,0
Weld,104,22,15,15,0
Weld,104,23,100,100,0
Weld,104,24,100,100,0
Weld,104,25,100,100,0
Weld,104,26,100,100,0
Weld,104,27,100,100,0
Weld,104,28,100,100,0
Weld,104,29,100,100,0
Weld,104,3,100,100,0
Weld,104,30,100,100,0
Weld,104,31,100,100,0
Weld,104,32,100,100,0
Weld,104,33,100,100,0
Weld,104,34,100,100,0
Weld,104,35,100,100,0
Weld,104,36,100,100,0
Weld,104,37,100,100,0
Weld,104,38,100,100,0
Weld,104,39,100,100,0
Weld,104,4,100,100,0
Weld,104,40,100,100,0
Weld,104,41,100,100,0
Weld,104,42,100,100,0
Weld,104,43,100,100,0
Weld,104,44,100,100,0
Weld,104,45,100,100,0
Weld,104,46,100,100,0
Weld,104,47,100,100,0
Weld,104,48,100,100,0
Weld,104,49,100,100,0
Weld,104,5,100,100,0
Weld,104,50,100,100,0
Weld,104,51,100,100,0
Weld,104,52,99,99,0
Weld,104,53,100,100,0
Weld,104,54,100,100,0
Weld,104,55,100,100,0
Weld,104,56,100,100,0
Weld,104,57,99,99,0
Weld,104,58,57,57,0
Weld,104,59,100,100,0
Weld,104,6,100,100,0
Weld,104,60,100,100,0
Weld,104,61,100,100,0
Weld,104,62,100,100,0
Weld,104,63,100,100,0
Weld,104,64,100,100,0
Weld,104,65,100,100,0
Weld,104,66,100,100,0
Weld,104,67,99,99,0
Weld,104,68,99,99,0
Weld,104,69,100,100,0
Weld,104,7,100,100,0
Weld,104,70,100,100,0
Weld,104,71,100,100,0
Weld,104,72,100,100,0
Weld,104,73,100,100,0
Weld,104,74,100,100,0
Weld,104,75,100,100,0
Weld,104,76,100,100,0
Weld,104,77,100,100,0
Weld,104,78,100,100,0
Weld,104,79,100,100,0
Weld,104,8,100,100,0
Weld,104,80,100,100,0
Weld,104,81,100,100,0
Weld,104,82,100,100,0
Weld,104,83,100,100,0
Weld,104,84,100,100,0
Weld,104,85,100,100,0
Weld,104,86,99,99,0
Weld,104,87,100,100,0
Weld,104,88,100,100,0
Weld,104,89,100,100,0
Weld,104,9,100,100,0
Weld,104,90,100,100,0
Weld,104,91,100,100,0
Weld,104,92,100,100,0
Weld,104,93,100,100,0
Weld,104,94,100,100,0
Weld,104,95,100,100,0
Weld,104,96,99,99,0
Weld,104,97,100,100,0
Weld,104,98,75,75,0
Weld,104,99,99,99,0
Weld,109,1,62,62,0
Weld,109,10,83,83,0
Weld,109,11,100,100,0
Weld,109,12,75,75,0
Weld,109,2,57,57,0
Weld,109,3,12,12,0
Weld,109,4,11,11,0
Weld,109,5,100,100,0
Weld,109,6,127,127,0
Weld,109,7,113,113,0
Weld,109,8,144,144,0
Weld,109,9,43,43,0
Yuma,101,1,25,25,0
Yuma,101,10,12,12,0
Yuma,101,100,25,25,0
Yuma,101,101,25,25,0
Yuma,101,102,25,25,0
Yuma,101,103,19,19,0
Yuma,101,104,6,6,0
Yuma,101,105,25,25,0
Yuma,101,106,25,25,0
Yuma,101,107,11,11,0
Yuma,101,108,25,25,0
Yuma,101,109,22,22,0
Yuma,101,11,24,24,0
Yuma,101,110,24,24,0
Yuma,101,111,25,25,0
Yuma,101,112,24,24,0
Yuma,101,113,25,25,0
Yuma,101,114,1,1,0
Yuma,101,115,25,25,0
Yuma,101,116,7,7,0
Yuma,101,117,25,25,0
Yuma,101,118,10,10,0
Yuma,101,119,23,23,0
Yuma,101,12,23,23,0
Yuma,101,120,25,25,0
Yuma,101,121,14,14,0
Yuma,101,122,16,16,0
Yuma,101,123,25,25,0
Yuma,101,124,25,25,0
Yuma,101,125,9,9,0
Yuma,101,126,16,16,0
Yuma,101,127,23,23,0
Yuma,101,13,25,25,0
Yuma,101,14,24,24,0
Yuma,101,15,25,25,0
Yuma,101,16,25,25,0
Yuma,101,17,14,14,0
Yuma,101,18,17,17,0
Yuma,101,19,25,25,0
Yuma,101,2,22,22,0
Yuma,101,20,24,24,0
Yuma,101,21,25,25,0
Yuma,101,22,25,25,0
Yuma,101,23,24,24,0
Yuma,101,24,25,25,0
Yuma,101,25,24,24,0
Yuma,101,26,24,24,0
Yuma,101,27,24,24,0
Yuma,101,28,25,25,0
Yuma,101,29,25,25,0
Yuma,101,3,24,24,0
Yuma,101,30,25,25,0
Yuma,101,31,25,25,0
Yuma,101,32,25,25,0
Yuma,101,33,25,25,0
Yuma,101,34,25,25,0
Yuma,101,35,25,25,0
Yuma,101,36,24,24,0
Yuma,101,37,24,24,0
Yuma,101,38,25,25,0
Yuma,101,39,25,25,0
Yuma,101,4,24,24,0
Yuma,101,40,24,24,0
Yuma,101,41,25,25,0
Yuma,101,42,23,23,0
Yuma,101,43,23,23,0
Yuma,101,44,24,24,0
Yuma,101,45,4,4,0
Yuma,101,46,25,25,0
Yuma,101,47,8,8,0
Yuma,101,48,25,25,0
Yuma,101,49,25,25,0
Yuma,101,5,25,25,0
Yuma,101,50,25,25,0
Yuma,101,51,25,25,0
Yuma,101,52,25,25,0
Yuma,101,53,25,25,0
Yuma,101,54,25,25,0
Yuma,101,55,24,24,0
Yuma,101,56,25,25,0
Yuma,101,57,25,25,0
Yuma,101,58,15,15,0
Yuma,101,59,25,25,0
Yuma,101,6,20,20,0
Yuma,101,60,25,25,0
Yuma,101,61,25,25,0
Yuma,101,62,24,24,0
Yuma,101,63,25,25,0
Yuma,101,64,25,25,0
Yuma,101,65,25,25,0
Yuma,101,66,25,25,0
Yuma,101,67,25,25,0
Yuma,101,68,24,24,0
Yuma,101,69,25,25,0
Yuma,101,7,24,24,0
Yuma,101,70,25,25,0
Yuma,101,71,25,25,0
Yuma,101,72,25,25,0
Yuma,101,73,25,25,0
Yuma,101,74,25,25,0
Yuma,101,75,25,25,0
Yuma,101,76,8,8,0
Yuma,101,77,7,7,0
Yuma,101,78,14,14,0
Yuma,101,79,16,16,0
Yuma,101,8,25,25,0
Yuma,101,80,25,25,0
Yuma,101,81,25,25,0
Yuma,101,82,25,25,0
Yuma,101,83,25,25,0
Yuma,101,84,25,25,0
Yuma,101,85,25,25,0
Yuma,101,86,25,25,0
Yuma,101,87,25,25,0
Yuma,101,88,25,25,0
Yuma,101,89,25,25,0
Yuma,101,9,23,23,0
Yuma,101,90,25,25,0
Yuma,101,91,25,25,0
Yuma,101,92,21,21,0
Yuma,101,93,18,18,0
Yuma,101,94,25,25,0
Yuma,101,95,25,25,0
Yuma,101,96,26,26,0
Yuma,101,97,23,23,0
Yuma,101,98,25,25,0
Yuma,101,99,25,25,0
