County,Tabulator,Batch,# of Ballots,Location
Denver,101,1,100,TC-001
Denver,101,2,100,TC-004
Denver,101,3,100,TC-004
Denver,101,4,100,TC-004
Denver,101,5,45,TC-004
Denver,101,6,155,TC-004
Denver,101,7,100,TC-004
Denver,101,8,100,TC-004
Denver,101,9,100,TC-004
Denver,101,10,100,TC-014
Denver,101,11,100,TC-014
Denver,101,12,100,TC-014
Denver,101,13,100,TC-014
Denver,101,14,100,TC-014
Denver,101,15,100,TC-014
Denver,101,16,100,TC-014
Denver,101,17,100,TC-014
Denver,101,18,100,TC-021
Denver,101,19,100,TC-021
Denver,101,20,100,TC-021
Denver,101,21,100,TC-021
Denver,101,22,100,TC-021
Denver,101,23,100,TC-021
Denver,101,24,100,TC-021
Denver,101,25,100,TC-021
Denver,101,26,100,TC-028
Denver,101,27,100,TC-028
Denver,101,28,100,TC-028
Denver,101,29,100,TC-028
Denver,101,30,100,TC-028
Denver,101,31,100,TC-028
Denver,101,32,100,TC-028
Denver,101,33,100,TC-028
Denver,101,34,100,TC-039
Denver,101,35,100,TC-039
Denver,101,36,100,TC-039
Denver,101,37,100,TC-039
Denver,101,38,100,TC-039
Denver,101,39,100,TC-039
Denver,101,40,100,TC-039
Denver,101,41,100,TC-039
Denver,101,42,100,TC-048
Denver,101,43,100,TC-048
Denver,101,44,100,TC-048
Denver,101,45,100,TC-048
Denver,101,46,100,TC-048
Denver,101,47,100,TC-048
Denver,101,48,100,TC-048
Denver,101,49,100,TC-048
Denver,101,50,100,TC-057
Denver,101,51,100,TC-057
Denver,101,52,100,TC-057
Denver,101,53,100,TC-057
Denver,101,54,100,TC-057
Denver,101,55,100,TC-057
Denver,101,56,100,TC-057
Denver,101,57,100,TC-057
Denver,101,58,100,TC-063
Denver,101,59,100,TC-063
Denver,101,60,100,TC-063
Denver,101,61,100,TC-063
Denver,101,62,100,TC-063
Denver,101,63,100,TC-063
Denver,101,64,100,TC-063
Denver,101,65,100,TC-063
Denver,101,66,100,TC-070
Denver,101,67,100,TC-070
Denver,101,68,100,TC-070
Denver,101,69,100,TC-070
Denver,101,70,100,TC-070
Denver,101,71,100,TC-070
Denver,101,72,100,TC-070
Denver,101,73,100,TC-070
Denver,101,74,100,TC-077
Denver,101,75,100,TC-077
Denver,101,76,100,TC-077
Denver,101,77,100,TC-077
Denver,101,78,100,TC-077
Denver,101,79,100,TC-077
Denver,101,80,100,TC-077
Denver,101,81,100,TC-077
Denver,101,82,100,TC-091
Denver,101,83,100,TC-091
Denver,101,84,100,TC-091
Denver,101,85,100,TC-091
Denver,101,86,100,TC-091
Denver,101,87,100,TC-091
Denver,101,88,100,TC-091
Denver,101,89,100,TC-091
Denver,101,90,100,TC-099
Denver,101,91,100,TC-099
Denver,101,92,100,TC-099
Denver,101,93,100,TC-099
Denver,101,94,100,TC-099
Denver,101,95,100,TC-099
Denver,101,96,101,TC-099
Denver,101,97,100,TC-099
Denver,101,98,100,TC-108
Denver,101,99,100,TC-108
Denver,101,100,100,TC-108
Denver,101,101,100,TC-108
Denver,101,102,100,TC-108
Denver,101,103,100,TC-108
Denver,101,104,100,TC-108
Denver,101,105,100,TC-108
Denver,101,106,100,TC-114
Denver,101,107,100,TC-114
Denver,101,108,100,TC-114
Denver,101,109,100,TC-114
Denver,101,110,100,TC-114
Denver,101,111,100,TC-114
Denver,101,112,100,TC-114
Denver,101,113,100,TC-114
Denver,101,114,100,TC-129
Denver,101,115,100,TC-129
Denver,101,116,100,TC-129
Denver,101,117,100,TC-129
Denver,101,118,100,TC-129
Denver,101,119,100,TC-129
Denver,101,120,100,TC-129
Denver,101,121,100,TC-129
Denver,101,122,100,TC-135
Denver,101,123,100,TC-135
Denver,101,124,100,TC-135
Denver,101,125,100,TC-135
Denver,101,126,100,TC-135
Denver,101,127,100,TC-135
Denver,101,128,100,TC-135
Denver,101,129,101,TC-135
Denver,101,130,100,TC-149
Denver,101,131,100,TC-149
Denver,101,132,100,TC-149
Denver,101,133,100,TC-149
Denver,101,134,100,TC-149
Denver,101,135,100,TC-149
Denver,101,136,100,TC-149
Denver,101,137,100,TC-149
Denver,101,138,100,TC-160
Denver,101,139,100,TC-160
Denver,101,140,100,TC-160
Denver,101,141,100,TC-160
Denver,101,142,100,TC-160
Denver,101,143,100,TC-160
Denver,101,144,100,TC-160
Denver,101,145,100,TC-160
Denver,101,146,100,TC-171
Denver,101,147,100,TC-171
Denver,101,148,100,TC-171
Denver,101,149,100,TC-171
Denver,101,150,100,TC-171
Denver,101,151,100,TC-171
Denver,101,152,100,TC-171
Denver,101,153,100,TC-171
Denver,101,154,100,TC-179
Denver,101,155,100,TC-179
Denver,101,156,100,TC-179
Denver,101,157,100,TC-179
Denver,101,158,100,TC-179
Denver,101,159,100,TC-179
Denver,101,160,100,TC-179
Denver,101,161,100,TC-179
Denver,101,162,100,TC-188
Denver,101,163,100,TC-188
Denver,101,164,100,TC-188
Denver,101,165,100,TC-188
Denver,101,166,100,TC-188
Denver,101,167,100,TC-188
Denver,101,168,100,TC-188
Denver,101,169,100,TC-188
Denver,101,170,100,TC-197
Denver,101,171,100,TC-197
Denver,101,172,100,TC-197
Denver,101,173,100,TC-197
Denver,101,174,100,TC-197
Denver,101,175,100,TC-197
Denver,101,176,100,TC-197
Denver,101,177,100,TC-197
Denver,101,178,100,TC-209
Denver,101,179,100,TC-209
Denver,101,180,100,TC-209
Denver,101,181,100,TC-209
Denver,101,182,100,TC-209
Denver,101,183,100,TC-209
Denver,101,184,100,TC-209
Denver,101,185,100,TC-209
Denver,101,186,100,TC-229
Denver,101,187,100,TC-229
Denver,101,188,100,TC-229
Denver,101,189,100,TC-229
Denver,101,190,100,TC-229
Denver,101,191,100,TC-229
Denver,101,192,100,TC-229
Denver,101,193,100,TC-229
Denver,101,194,100,TC-232
Denver,101,195,100,TC-232
Denver,101,196,100,TC-232
Denver,101,197,100,TC-232
Denver,101,198,100,TC-232
Denver,101,199,100,TC-232
Denver,101,200,100,TC-232
Denver,101,201,100,TC-232
Denver,101,202,100,TC-235
Denver,101,203,100,TC-235
Denver,101,204,100,TC-235
Denver,101,205,100,TC-235
Denver,101,206,100,TC-235
Denver,101,207,100,TC-235
Denver,101,208,100,TC-235
Denver,101,209,100,TC-235
Denver,101,210,100,TC-241
Denver,101,211,100,TC-241
Denver,101,212,100,TC-241
Denver,101,213,100,TC-241
Denver,101,214,100,TC-241
Denver,101,215,100,TC-241
Denver,101,216,100,TC-241
Denver,101,217,100,TC-241
Denver,101,218,100,TC-252
Denver,101,219,101,TC-252
Denver,101,220,100,TC-252
Denver,101,221,100,TC-252
Denver,101,222,100,TC-252
Denver,101,223,100,TC-252
Denver,101,224,100,TC-252
Denver,101,225,100,TC-252
Denver,101,226,100,TC-260
Denver,101,227,100,TC-260
Denver,101,228,100,TC-260
Denver,101,229,100,TC-260
Denver,101,230,100,TC-260
Denver,101,231,100,TC-260
Denver,101,232,100,TC-260
Denver,101,233,100,TC-260
Denver,101,234,100,TC-270
Denver,101,235,100,TC-270
Denver,101,236,100,TC-270
Denver,101,237,100,TC-270
Denver,101,238,100,TC-270
Denver,101,239,100,TC-270
Denver,101,240,100,TC-270
Denver,101,241,100,TC-270
Denver,101,242,100,TC-282
Denver,101,243,100,TC-282
Denver,101,244,100,TC-282
Denver,101,245,100,TC-282
Denver,101,246,103,TC-282
Denver,101,247,101,TC-282
Denver,101,248,100,TC-282
Denver,101,249,100,TC-282
Denver,101,250,100,TC-299
Denver,101,251,100,TC-299
Denver,101,252,100,TC-299
Denver,101,253,100,TC-299
Denver,101,254,100,TC-299
Denver,101,255,100,TC-299
Denver,101,256,100,TC-299
Denver,101,257,100,TC-299
Denver,101,258,100,TC-306
Denver,101,259,100,TC-306
Denver,101,260,100,TC-306
Denver,101,261,100,TC-306
Denver,101,262,100,TC-306
Denver,101,263,100,TC-306
Denver,101,264,100,TC-306
Denver,101,265,100,TC-306
Denver,101,266,100,TC-316
Denver,101,267,100,TC-316
Denver,101,268,100,TC-316
Denver,101,269,100,TC-316
Denver,101,270,100,TC-316
Denver,101,271,100,TC-316
Denver,101,272,100,TC-316
Denver,101,273,100,TC-316
Denver,101,274,100,TC-323
Denver,101,275,100,TC-323
Denver,101,276,100,TC-323
Denver,101,277,100,TC-323
Denver,101,278,100,TC-323
Denver,101,279,100,TC-323
Denver,101,280,100,TC-323
Denver,101,281,100,TC-323
Denver,101,282,100,TC-328
Denver,101,283,100,TC-328
Denver,101,284,100,TC-328
Denver,101,285,100,TC-328
Denver,101,286,100,TC-328
Denver,101,287,100,TC-328
Denver,101,288,100,TC-328
Denver,101,289,100,TC-328
Denver,101,290,100,TC-404
Denver,101,291,100,TC-404
Denver,101,292,100,TC-404
Denver,101,293,100,TC-404
Denver,101,294,100,TC-404
Denver,101,295,100,TC-404
Denver,101,296,100,TC-404
Denver,101,297,100,TC-404
Denver,101,298,101,TC-406
Denver,101,299,100,TC-406
Denver,101,300,100,TC-406
Denver,101,301,100,TC-406
Denver,101,302,100,TC-406
Denver,101,303,100,TC-406
Denver,101,304,100,TC-406
Denver,101,305,100,TC-406
Denver,101,306,100,TC-413
Denver,101,307,100,TC-413
Denver,101,308,100,TC-413
Denver,101,309,100,TC-413
Denver,101,310,100,TC-413
Denver,101,311,100,TC-413
Denver,101,312,100,TC-413
Denver,101,313,100,TC-413
Denver,101,314,100,TC-419
Denver,101,315,100,TC-419
Denver,101,316,100,TC-419
Denver,101,317,100,TC-419
Denver,101,318,100,TC-419
Denver,101,319,100,TC-419
Denver,101,320,100,TC-419
Denver,101,321,100,TC-419
Denver,102,1,100,TC-001
Denver,102,2,100,TC-003
Denver,102,3,100,TC-003
Denver,102,4,100,TC-003
Denver,102,5,100,TC-003
Denver,102,6,100,TC-003
Denver,102,7,100,TC-003
Denver,102,8,100,TC-003
Denver,102,9,100,TC-003
Denver,102,10,100,TC-005
Denver,102,11,100,TC-005
Denver,102,12,100,TC-005
Denver,102,13,100,TC-005
Denver,102,14,100,TC-005
Denver,102,15,100,TC-005
Denver,102,16,100,TC-005
Denver,102,17,100,TC-005
Denver,102,18,100,TC-009
Denver,102,19,100,TC-009
Denver,102,20,100,TC-009
Denver,102,21,100,TC-009
Denver,102,22,100,TC-009
Denver,102,23,100,TC-009
Denver,102,24,100,TC-009
Denver,102,25,100,TC-009
Denver,102,26,100,TC-018
Denver,102,27,100,TC-018
Denver,102,28,100,TC-018
Denver,102,29,100,TC-018
Denver,102,30,100,TC-018
Denver,102,31,100,TC-018
Denver,102,32,100,TC-018
Denver,102,33,100,TC-018
Denver,102,34,100,TC-026
Denver,102,35,100,TC-026
Denver,102,36,100,TC-026
Denver,102,37,100,TC-026
Denver,102,38,100,TC-026
Denver,102,39,100,TC-026
Denver,102,40,100,TC-026
Denver,102,41,100,TC-026
Denver,102,42,100,TC-034
Denver,102,43,100,TC-034
Denver,102,44,100,TC-034
Denver,102,45,100,TC-034
Denver,102,46,100,TC-034
Denver,102,47,100,TC-034
Denver,102,48,100,TC-034
Denver,102,49,100,TC-034
Denver,102,50,100,TC-042
Denver,102,51,100,TC-042
Denver,102,52,100,TC-042
Denver,102,53,100,TC-042
Denver,102,54,100,TC-042
Denver,102,55,100,TC-042
Denver,102,56,100,TC-042
Denver,102,57,100,TC-042
Denver,102,58,100,TC-049
Denver,102,59,100,TC-049
Denver,102,60,100,TC-049
Denver,102,61,100,TC-049
Denver,102,62,100,TC-049
Denver,102,63,100,TC-049
Denver,102,64,100,TC-049
Denver,102,65,100,TC-049
Denver,102,66,100,TC-059
Denver,102,67,100,TC-059
Denver,102,68,100,TC-059
Denver,102,69,100,TC-059
Denver,102,70,100,TC-059
Denver,102,71,100,TC-059
Denver,102,72,100,TC-059
Denver,102,73,100,TC-059
Denver,102,74,100,TC-062
Denver,102,75,100,TC-062
Denver,102,76,100,TC-062
Denver,102,77,100,TC-062
Denver,102,78,100,TC-062
Denver,102,79,100,TC-062
Denver,102,80,100,TC-062
Denver,102,81,100,TC-062
Denver,102,82,100,TC-068
Denver,102,83,100,TC-068
Denver,102,84,100,TC-068
Denver,102,85,100,TC-068
Denver,102,86,100,TC-068
Denver,102,87,100,TC-068
Denver,102,88,100,TC-068
Denver,102,89,100,TC-068
Denver,102,90,100,TC-085
Denver,102,91,100,TC-085
Denver,102,92,100,TC-085
Denver,102,93,100,TC-085
Denver,102,94,100,TC-085
Denver,102,95,100,TC-085
Denver,102,96,100,TC-085
Denver,102,97,100,TC-085
Denver,102,98,100,TC-092
Denver,102,99,100,TC-092
Denver,102,100,100,TC-092
Denver,102,101,100,TC-092
Denver,102,102,100,TC-092
Denver,102,103,100,TC-092
Denver,102,104,100,TC-092
Denver,102,105,100,TC-092
Denver,102,106,100,TC-101
Denver,102,107,100,TC-101
Denver,102,108,100,TC-101
Denver,102,109,100,TC-101
Denver,102,110,100,TC-101
Denver,102,111,100,TC-101
Denver,102,112,100,TC-101
Denver,102,113,100,TC-101
Denver,102,114,100,TC-107
Denver,102,115,100,TC-107
Denver,102,116,100,TC-107
Denver,102,117,100,TC-107
Denver,102,118,100,TC-107
Denver,102,119,100,TC-107
Denver,102,120,100,TC-107
Denver,102,121,100,TC-107
Denver,102,122,100,TC-115
Denver,102,123,100,TC-115
Denver,102,124,100,TC-115
Denver,102,125,100,TC-115
Denver,102,126,100,TC-115
Denver,102,127,100,TC-115
Denver,102,128,100,TC-115
Denver,102,129,100,TC-115
Denver,102,130,100,TC-122
Denver,102,131,100,TC-122
Denver,102,132,100,TC-122
Denver,102,133,100,TC-122
Denver,102,134,100,TC-122
Denver,102,135,100,TC-122
Denver,102,136,100,TC-122
Denver,102,137,100,TC-122
Denver,102,138,100,TC-133
Denver,102,139,100,TC-133
Denver,102,140,100,TC-133
Denver,102,141,100,TC-133
Denver,102,142,100,TC-133
Denver,102,143,100,TC-133
Denver,102,144,100,TC-133
Denver,102,145,100,TC-133
Denver,102,146,100,TC-140
Denver,102,147,100,TC-140
Denver,102,148,100,TC-140
Denver,102,149,100,TC-140
Denver,102,150,100,TC-140
Denver,102,151,100,TC-140
Denver,102,152,100,TC-140
Denver,102,153,100,TC-140
Denver,102,154,100,TC-145
Denver,102,155,100,TC-145
Denver,102,156,100,TC-145
Denver,102,157,100,TC-145
Denver,102,158,100,TC-145
Denver,102,159,100,TC-145
Denver,102,160,100,TC-145
Denver,102,161,100,TC-145
Denver,102,162,100,TC-147
Denver,102,163,100,TC-147
Denver,102,164,100,TC-147
Denver,102,165,100,TC-147
Denver,102,166,100,TC-147
Denver,102,167,100,TC-147
Denver,102,168,100,TC-147
Denver,102,169,100,TC-147
Denver,102,170,100,TC-158
Denver,102,171,100,TC-158
Denver,102,172,100,TC-158
Denver,102,173,100,TC-158
Denver,102,174,100,TC-158
Denver,102,175,100,TC-158
Denver,102,176,100,TC-158
Denver,102,177,100,TC-158
Denver,102,178,100,TC-166
Denver,102,179,100,TC-166
Denver,102,180,100,TC-166
Denver,102,181,100,TC-166
Denver,102,182,100,TC-166
Denver,102,183,100,TC-166
Denver,102,184,100,TC-166
Denver,102,185,100,TC-166
Denver,102,186,100,TC-177
Denver,102,187,100,TC-177
Denver,102,188,100,TC-177
Denver,102,189,100,TC-177
Denver,102,190,100,TC-177
Denver,102,191,100,TC-177
Denver,102,192,100,TC-177
Denver,102,193,100,TC-177
Denver,102,194,100,TC-185
Denver,102,195,100,TC-185
Denver,102,196,100,TC-185
Denver,102,197,100,TC-185
Denver,102,198,100,TC-185
Denver,102,199,100,TC-185
Denver,102,200,100,TC-185
Denver,102,201,100,TC-185
Denver,102,202,100,TC-196
Denver,102,203,100,TC-196
Denver,102,204,100,TC-196
Denver,102,205,100,TC-196
Denver,102,206,100,TC-196
Denver,102,207,100,TC-196
Denver,102,208,100,TC-196
Denver,102,209,100,TC-196
Denver,102,210,100,TC-206
Denver,102,211,100,TC-206
Denver,102,212,100,TC-206
Denver,102,213,100,TC-206
Denver,102,214,100,TC-206
Denver,102,215,100,TC-206
Denver,102,216,100,TC-206
Denver,102,217,100,TC-206
Denver,102,218,100,TC-215
Denver,102,219,100,TC-215
Denver,102,220,100,TC-215
Denver,102,221,100,TC-215
Denver,102,222,100,TC-215
Denver,102,223,100,TC-215
Denver,102,224,100,TC-215
Denver,102,225,100,TC-215
Denver,102,226,100,TC-222
Denver,102,227,100,TC-222
Denver,102,228,100,TC-222
Denver,102,229,100,TC-222
Denver,102,230,100,TC-222
Denver,102,231,100,TC-222
Denver,102,232,100,TC-222
Denver,102,233,100,TC-222
Denver,102,234,100,TC-225
Denver,102,235,100,TC-225
Denver,102,236,100,TC-225
Denver,102,237,100,TC-225
Denver,102,238,100,TC-225
Denver,102,239,100,TC-225
Denver,102,240,100,TC-225
Denver,102,241,100,TC-225
Denver,102,242,100,TC-233
Denver,102,243,100,TC-233
Denver,102,244,100,TC-233
Denver,102,245,100,TC-267
Denver,102,246,100,TC-267
Denver,102,247,100,TC-267
Denver,102,248,100,TC-267
Denver,102,249,100,TC-267
Denver,102,250,100,TC-267
Denver,102,251,100,TC-267
Denver,102,252,100,TC-267
Denver,102,253,100,TC-278
Denver,102,254,100,TC-278
Denver,102,255,100,TC-278
Denver,102,256,100,TC-278
Denver,102,257,100,TC-278
Denver,102,258,100,TC-278
Denver,102,259,100,TC-278
Denver,102,260,100,TC-278
Denver,102,261,100,TC-290
Denver,102,262,100,TC-290
Denver,102,263,100,TC-290
Denver,102,264,100,TC-290
Denver,102,265,100,TC-290
Denver,102,266,100,TC-290
Denver,102,267,100,TC-290
Denver,102,268,100,TC-290
Denver,102,269,100,TC-304
Denver,102,270,100,TC-304
Denver,102,271,100,TC-304
Denver,102,272,100,TC-304
Denver,102,273,100,TC-304
Denver,102,274,100,TC-304
Denver,102,275,100,TC-304
Denver,102,276,100,TC-304
Denver,102,277,100,TC-314
Denver,102,278,100,TC-314
Denver,102,279,100,TC-314
Denver,102,280,100,TC-314
Denver,102,281,100,TC-314
Denver,102,282,100,TC-314
Denver,102,283,100,TC-314
Denver,102,284,100,TC-314
Denver,102,285,100,TC-324
Denver,102,286,100,TC-324
Denver,102,287,100,TC-324
Denver,102,288,100,TC-324
Denver,102,289,100,TC-324
Denver,102,290,100,TC-324
Denver,102,291,100,TC-324
Denver,102,292,101,TC-324
Denver,102,293,100,TC-411
Denver,102,294,100,TC-411
Denver,102,295,100,TC-411
Denver,102,296,100,TC-411
Denver,102,297,100,TC-411
Denver,102,298,100,TC-411
Denver,102,299,100,TC-411
Denver,102,300,100,TC-411
Denver,102,301,100,TC-418
Denver,102,302,100,TC-418
Denver,102,303,100,TC-418
Denver,102,304,100,TC-418
Denver,102,305,100,TC-418
Denver,102,306,100,TC-418
Denver,102,307,100,TC-418
Denver,102,308,100,TC-418
Denver,102,309,100,TC-426
Denver,102,310,100,TC-426
Denver,102,311,100,TC-426
Denver,102,312,100,TC-426
Denver,102,313,100,TC-426
Denver,102,314,100,TC-426
Denver,102,315,100,TC-426
Denver,102,316,100,TC-426
Denver,102,317,100,TC-429
Denver,102,318,100,TC-429
Denver,102,319,100,TC-429
Denver,102,320,100,TC-429
Denver,102,321,100,TC-429
Denver,102,322,100,TC-429
Denver,102,323,100,TC-429
Denver,102,324,100,TC-429
Denver,102,325,100,TC-439
Denver,102,326,100,TC-439
Denver,102,327,100,TC-439
Denver,102,328,100,TC-439
Denver,102,329,100,TC-439
Denver,102,330,100,TC-439
Denver,102,331,100,TC-439
Denver,102,332,100,TC-439
Denver,102,333,100,TC-450
Denver,102,334,100,TC-450
Denver,102,335,100,TC-450
Denver,102,336,100,TC-450
Denver,102,337,100,TC-450
Denver,102,338,100,TC-450
Denver,102,339,100,TC-450
Denver,102,340,100,TC-450
Denver,102,341,100,TC-455
Denver,102,342,100,TC-455
Denver,102,343,100,TC-455
Denver,102,344,100,TC-455
Denver,102,345,100,TC-455
Denver,102,346,100,TC-455
Denver,102,347,100,TC-455
Denver,102,348,100,TC-455
Denver,103,1,100,TC-001
Denver,103,2,100,TC-011
Denver,103,3,100,TC-011
Denver,103,4,100,TC-011
Denver,103,5,100,TC-011
Denver,103,6,100,TC-011
Denver,103,7,100,TC-011
Denver,103,8,100,TC-011
Denver,103,9,100,TC-011
Denver,103,10,100,TC-027
Denver,103,11,100,TC-027
Denver,103,12,100,TC-027
Denver,103,13,100,TC-027
Denver,103,14,100,TC-027
Denver,103,15,100,TC-027
Denver,103,16,100,TC-027
Denver,103,17,100,TC-027
Denver,103,18,100,TC-043
Denver,103,19,100,TC-043
Denver,103,20,100,TC-043
Denver,103,21,100,TC-043
Denver,103,22,100,TC-043
Denver,103,23,100,TC-043
Denver,103,24,100,TC-043
Denver,103,25,100,TC-043
Denver,103,26,100,TC-054
Denver,103,27,100,TC-054
Denver,103,28,100,TC-054
Denver,103,29,100,TC-054
Denver,103,30,100,TC-054
Denver,103,31,100,TC-054
Denver,103,32,100,TC-054
Denver,103,33,100,TC-054
Denver,103,34,100,TC-061
Denver,103,35,100,TC-061
Denver,103,36,100,TC-061
Denver,103,37,100,TC-061
Denver,103,38,100,TC-061
Denver,103,39,100,TC-061
Denver,103,40,100,TC-061
Denver,103,41,100,TC-061
Denver,103,42,100,TC-072
Denver,103,43,100,TC-072
Denver,103,44,100,TC-072
Denver,103,45,100,TC-072
Denver,103,46,100,TC-072
Denver,103,47,100,TC-072
Denver,103,48,100,TC-072
Denver,103,49,100,TC-072
Denver,103,50,100,TC-083
Denver,103,51,100,TC-083
Denver,103,52,100,TC-083
Denver,103,53,100,TC-083
Denver,103,54,100,TC-083
Denver,103,55,100,TC-083
Denver,103,56,100,TC-083
Denver,103,57,100,TC-083
Denver,103,58,100,TC-095
Denver,103,59,100,TC-095
Denver,103,60,100,TC-095
Denver,103,61,100,TC-095
Denver,103,62,100,TC-095
Denver,103,63,100,TC-095
Denver,103,64,100,TC-095
Denver,103,65,100,TC-095
Denver,103,66,101,TC-103
Denver,103,67,100,TC-103
Denver,103,68,100,TC-103
Denver,103,69,100,TC-103
Denver,103,70,100,TC-103
Denver,103,71,100,TC-103
Denver,103,72,100,TC-103
Denver,103,73,100,TC-103
Denver,103,74,100,TC-109
Denver,103,75,100,TC-109
Denver,103,76,100,TC-109
Denver,103,77,100,TC-109
Denver,103,78,100,TC-109
Denver,103,79,100,TC-109
Denver,103,80,100,TC-109
Denver,103,81,100,TC-109
Denver,103,82,100,TC-119
Denver,103,83,100,TC-119
Denver,103,84,100,TC-119
Denver,103,85,100,TC-119
Denver,103,86,100,TC-119
Denver,103,87,100,TC-119
Denver,103,88,100,TC-119
Denver,103,89,100,TC-119
Denver,103,90,100,TC-128
Denver,103,91,100,TC-128
Denver,103,92,100,TC-128
Denver,103,93,100,TC-128
Denver,103,94,100,TC-128
Denver,103,95,100,TC-128
Denver,103,96,100,TC-128
Denver,103,97,100,TC-128
Denver,103,98,100,TC-138
Denver,103,99,100,TC-138
Denver,103,100,100,TC-138
Denver,103,101,100,TC-138
Denver,103,102,100,TC-138
Denver,103,103,100,TC-138
Denver,103,104,100,TC-138
Denver,103,105,100,TC-138
Denver,103,106,100,TC-148
Denver,103,107,100,TC-148
Denver,103,108,100,TC-148
Denver,103,109,100,TC-148
Denver,103,110,100,TC-148
Denver,103,111,100,TC-148
Denver,103,112,100,TC-148
Denver,103,113,100,TC-148
Denver,103,114,100,TC-162
Denver,103,115,100,TC-162
Denver,103,116,100,TC-162
Denver,103,117,100,TC-162
Denver,103,118,100,TC-162
Denver,103,119,100,TC-162
Denver,103,120,100,TC-162
Denver,103,121,100,TC-162
Denver,103,122,100,TC-173
Denver,103,123,100,TC-173
Denver,103,124,100,TC-173
Denver,103,125,100,TC-173
Denver,103,126,100,TC-173
Denver,103,127,100,TC-173
Denver,103,128,100,TC-173
Denver,103,129,100,TC-173
Denver,103,130,100,TC-182
Denver,103,131,100,TC-182
Denver,103,132,100,TC-182
Denver,103,133,100,TC-182
Denver,103,134,100,TC-182
Denver,103,135,100,TC-182
Denver,103,136,100,TC-182
Denver,103,137,100,TC-182
Denver,103,138,100,TC-193
Denver,103,139,100,TC-193
Denver,103,140,100,TC-193
Denver,103,141,100,TC-193
Denver,103,142,100,TC-193
Denver,103,143,100,TC-193
Denver,103,144,100,TC-193
Denver,103,145,100,TC-193
Denver,103,146,100,TC-204
Denver,103,147,100,TC-204
Denver,103,148,100,TC-204
Denver,103,149,100,TC-204
Denver,103,150,100,TC-204
Denver,103,151,100,TC-204
Denver,103,152,100,TC-204
Denver,103,153,100,TC-204
Denver,103,154,100,TC-217
Denver,103,155,100,TC-217
Denver,103,156,100,TC-217
Denver,103,157,100,TC-217
Denver,103,158,100,TC-217
Denver,103,159,100,TC-217
Denver,103,160,100,TC-217
Denver,103,161,100,TC-217
Denver,103,162,100,TC-233
Denver,103,163,100,TC-233
Denver,103,164,100,TC-233
Denver,103,165,100,TC-233
Denver,103,166,100,TC-233
Denver,103,167,100,TC-243
Denver,103,168,100,TC-243
Denver,103,169,100,TC-243
Denver,103,170,100,TC-243
Denver,103,171,100,TC-243
Denver,103,172,100,TC-243
Denver,103,173,100,TC-243
Denver,103,174,100,TC-243
Denver,103,175,100,TC-255
Denver,103,176,100,TC-255
Denver,103,177,100,TC-255
Denver,103,178,100,TC-255
Denver,103,179,100,TC-255
Denver,103,180,100,TC-255
Denver,103,181,100,TC-255
Denver,103,182,100,TC-255
Denver,103,183,100,TC-261
Denver,103,184,100,TC-261
Denver,103,185,100,TC-261
Denver,103,186,100,TC-261
Denver,103,187,100,TC-261
Denver,103,188,100,TC-261
Denver,103,189,100,TC-261
Denver,103,190,100,TC-261
Denver,103,191,100,TC-273
Denver,103,192,100,TC-273
Denver,103,193,100,TC-273
Denver,103,194,100,TC-273
Denver,103,195,100,TC-273
Denver,103,196,100,TC-273
Denver,103,197,100,TC-273
Denver,103,198,100,TC-273
Denver,103,199,100,TC-285
Denver,103,200,100,TC-285
Denver,103,201,100,TC-285
Denver,103,202,100,TC-285
Denver,103,203,100,TC-285
Denver,103,204,100,TC-285
Denver,103,205,100,TC-285
Denver,103,206,100,TC-285
Denver,103,207,100,TC-300
Denver,103,208,100,TC-300
Denver,103,209,100,TC-300
Denver,103,210,100,TC-300
Denver,103,211,101,TC-300
Denver,103,212,100,TC-300
Denver,103,213,100,TC-300
Denver,103,214,100,TC-300
Denver,103,215,100,TC-312
Denver,103,216,100,TC-312
Denver,103,217,100,TC-312
Denver,103,218,100,TC-312
Denver,103,219,100,TC-312
Denver,103,220,100,TC-312
Denver,103,221,100,TC-312
Denver,103,222,100,TC-312
Denver,103,223,100,TC-322
Denver,103,224,100,TC-322
Denver,103,225,100,TC-322
Denver,103,226,100,TC-322
Denver,103,227,100,TC-322
Denver,103,228,100,TC-322
Denver,103,229,100,TC-322
Denver,103,230,100,TC-322
Denver,103,231,100,TC-336
Denver,103,232,100,TC-336
Denver,103,233,100,TC-336
Denver,103,234,100,TC-336
Denver,103,235,100,TC-336
Denver,103,236,100,TC-336
Denver,103,237,100,TC-336
Denver,103,238,100,TC-336
Denver,103,239,100,TC-354
Denver,103,240,100,TC-354
Denver,103,241,100,TC-354
Denver,103,242,100,TC-354
Denver,103,243,100,TC-354
Denver,103,244,100,TC-354
Denver,103,245,100,TC-354
Denver,103,246,100,TC-354
Denver,103,247,100,TC-362
Denver,103,248,100,TC-362
Denver,103,249,100,TC-362
Denver,103,250,100,TC-362
Denver,103,251,100,TC-362
Denver,103,252,100,TC-362
Denver,103,253,100,TC-362
Denver,103,254,100,TC-362
Denver,103,255,100,TC-363
Denver,103,256,100,TC-363
Denver,103,257,100,TC-363
Denver,103,258,100,TC-363
Denver,103,259,100,TC-363
Denver,103,260,100,TC-363
Denver,103,261,100,TC-363
Denver,103,262,100,TC-363
Denver,103,263,100,TC-373
Denver,103,264,100,TC-373
Denver,103,265,100,TC-373
Denver,103,266,100,TC-373
Denver,103,267,100,TC-373
Denver,103,268,100,TC-373
Denver,103,269,100,TC-373
Denver,103,270,100,TC-373
Denver,103,271,100,TC-381
Denver,103,272,100,TC-381
Denver,103,273,100,TC-381
Denver,103,274,100,TC-381
Denver,103,275,100,TC-381
Denver,103,277,100,TC-381
Denver,103,278,100,TC-381
Denver,103,279,100,TC-381
Denver,103,281,100,TC-387
Denver,103,282,100,TC-387
Denver,103,283,100,TC-387
Denver,103,284,100,TC-387
Denver,103,285,100,TC-387
Denver,103,286,100,TC-387
Denver,103,287,100,TC-387
Denver,103,288,100,TC-387
Denver,103,289,100,TC-393
Denver,103,290,100,TC-393
Denver,103,291,100,TC-393
Denver,103,292,100,TC-393
Denver,103,293,100,TC-393
Denver,103,294,100,TC-393
Denver,103,295,100,TC-393
Denver,103,296,100,TC-393
Denver,103,297,100,TC-448
Denver,103,298,100,TC-448
Denver,103,299,100,TC-448
Denver,103,300,100,TC-448
Denver,103,301,100,TC-448
Denver,103,302,100,TC-448
Denver,103,303,100,TC-448
Denver,103,304,100,TC-448
Denver,103,305,100,TC-459
Denver,103,306,100,TC-459
Denver,103,307,100,TC-459
Denver,103,308,100,TC-459
Denver,103,309,100,TC-459
Denver,103,310,100,TC-459
Denver,103,311,100,TC-459
Denver,103,312,100,TC-459
Denver,104,1,100,TC-001
Denver,104,2,100,TC-006
Denver,104,3,100,TC-006
Denver,104,4,100,TC-006
Denver,104,5,100,TC-006
Denver,104,6,100,TC-006
Denver,104,7,100,TC-006
Denver,104,8,100,TC-006
Denver,104,9,100,TC-006
Denver,104,10,100,TC-012
Denver,104,11,100,TC-012
Denver,104,12,100,TC-012
Denver,104,13,100,TC-012
Denver,104,14,100,TC-012
Denver,104,15,100,TC-012
Denver,104,16,100,TC-012
Denver,104,17,100,TC-012
Denver,104,18,100,TC-024
Denver,104,19,100,TC-024
Denver,104,20,100,TC-024
Denver,104,21,100,TC-024
Denver,104,22,100,TC-024
Denver,104,23,100,TC-024
Denver,104,24,100,TC-024
Denver,104,25,100,TC-024
Denver,104,26,100,TC-035
Denver,104,27,100,TC-035
Denver,104,28,100,TC-035
Denver,104,29,100,TC-035
Denver,104,30,100,TC-035
Denver,104,31,100,TC-035
Denver,104,32,100,TC-035
Denver,104,33,100,TC-035
Denver,104,34,100,TC-044
Denver,104,35,100,TC-044
Denver,104,36,100,TC-044
Denver,104,37,100,TC-044
Denver,104,38,100,TC-044
Denver,104,39,100,TC-044
Denver,104,40,100,TC-044
Denver,104,41,100,TC-044
Denver,104,42,100,TC-056
Denver,104,43,100,TC-056
Denver,104,44,100,TC-056
Denver,104,45,100,TC-056
Denver,104,46,100,TC-056
Denver,104,47,100,TC-056
Denver,104,48,100,TC-056
Denver,104,49,100,TC-056
Denver,104,50,100,TC-065
Denver,104,51,100,TC-065
Denver,104,52,100,TC-065
Denver,104,53,100,TC-065
Denver,104,54,100,TC-065
Denver,104,55,100,TC-065
Denver,104,56,100,TC-065
Denver,104,57,100,TC-065
Denver,104,58,100,TC-081
Denver,104,59,100,TC-081
Denver,104,60,100,TC-081
Denver,104,61,100,TC-081
Denver,104,62,100,TC-081
Denver,104,63,100,TC-081
Denver,104,64,100,TC-081
Denver,104,65,100,TC-081
Denver,104,66,100,TC-098
Denver,104,67,100,TC-098
Denver,104,68,100,TC-098
Denver,104,69,100,TC-098
Denver,104,70,100,TC-098
Denver,104,71,100,TC-098
Denver,104,72,100,TC-098
Denver,104,73,100,TC-098
Denver,104,74,100,TC-127
Denver,104,75,100,TC-127
Denver,104,76,100,TC-127
Denver,104,77,100,TC-127
Denver,104,78,100,TC-127
Denver,104,79,100,TC-127
Denver,104,80,100,TC-127
Denver,104,81,100,TC-127
Denver,104,82,100,TC-142
Denver,104,83,100,TC-142
Denver,104,84,100,TC-142
Denver,104,85,100,TC-142
Denver,104,86,100,TC-142
Denver,104,87,100,TC-142
Denver,104,88,100,TC-142
Denver,104,89,100,TC-142
Denver,104,90,100,TC-153
Denver,104,91,100,TC-153
Denver,104,92,100,TC-153
Denver,104,93,100,TC-153
Denver,104,94,100,TC-153
Denver,104,95,100,TC-153
Denver,104,96,100,TC-153
Denver,104,97,100,TC-153
Denver,104,98,100,TC-178
Denver,104,99,100,TC-178
Denver,104,100,100,TC-178
Denver,104,101,100,TC-178
Denver,104,102,100,TC-178
Denver,104,103,100,TC-178
Denver,104,104,100,TC-178
Denver,104,105,100,TC-178
Denver,104,106,100,TC-189
Denver,104,107,100,TC-189
Denver,104,108,100,TC-189
Denver,104,109,100,TC-189
Denver,104,110,100,TC-189
Denver,104,111,100,TC-189
Denver,104,112,100,TC-189
Denver,104,113,100,TC-189
Denver,104,114,100,TC-203
Denver,104,115,100,TC-203
Denver,104,116,100,TC-203
Denver,104,117,100,TC-203
Denver,104,118,100,TC-203
Denver,104,119,100,TC-203
Denver,104,120,100,TC-203
Denver,104,121,100,TC-203
Denver,104,122,100,TC-226
Denver,104,123,100,TC-226
Denver,104,124,100,TC-226
Denver,104,125,100,TC-226
Denver,104,126,100,TC-226
Denver,104,127,100,TC-226
Denver,104,128,100,TC-226
Denver,104,129,100,TC-226
Denver,104,130,100,TC-236
Denver,104,131,100,TC-236
Denver,104,132,100,TC-236
Denver,104,133,100,TC-236
Denver,104,134,100,TC-236
Denver,104,135,100,TC-236
Denver,104,136,100,TC-236
Denver,104,137,100,TC-236
Denver,104,138,100,TC-251
Denver,104,139,100,TC-251
Denver,104,140,100,TC-251
Denver,104,141,100,TC-251
Denver,104,142,100,TC-251
Denver,104,143,100,TC-251
Denver,104,144,100,TC-251
Denver,104,145,100,TC-251
Denver,104,146,100,TC-258
Denver,104,147,100,TC-258
Denver,104,148,100,TC-258
Denver,104,149,100,TC-258
Denver,104,150,100,TC-258
Denver,104,151,100,TC-258
Denver,104,152,100,TC-258
Denver,104,153,100,TC-258
Denver,104,154,100,TC-284
Denver,104,155,100,TC-284
Denver,104,156,100,TC-284
Denver,104,157,100,TC-284
Denver,104,158,100,TC-284
Denver,104,159,100,TC-284
Denver,104,160,100,TC-284
Denver,104,161,100,TC-284
Denver,104,162,100,TC-303
Denver,104,163,100,TC-303
Denver,104,164,100,TC-303
Denver,104,165,100,TC-303
Denver,104,166,100,TC-303
Denver,104,167,100,TC-303
Denver,104,168,100,TC-303
Denver,104,169,100,TC-303
Denver,104,170,100,TC-320
Denver,104,171,100,TC-320
Denver,104,172,100,TC-320
Denver,104,173,100,TC-320
Denver,104,174,100,TC-320
Denver,104,175,100,TC-320
Denver,104,176,100,TC-320
Denver,104,177,100,TC-320
Denver,104,178,100,TC-346
Denver,104,179,100,TC-346
Denver,104,180,100,TC-346
Denver,104,181,100,TC-346
Denver,104,182,100,TC-346
Denver,104,183,100,TC-346
Denver,104,184,100,TC-346
Denver,104,185,100,TC-346
Denver,104,186,100,TC-355
Denver,104,187,100,TC-355
Denver,104,188,100,TC-355
Denver,104,189,100,TC-355
Denver,104,190,100,TC-355
Denver,104,191,100,TC-355
Denver,104,192,100,TC-355
Denver,104,193,100,TC-355
Denver,105,1,100,TC-001
Denver,105,2,100,TC-001
Denver,105,3,100,TC-016
Denver,105,4,100,TC-016
Denver,105,5,100,TC-016
Denver,105,6,102,TC-016
Denver,105,7,80,TC-016
Denver,105,8,100,TC-016
Denver,105,9,100,TC-016
Denver,105,10,100,TC-016
Denver,105,11,100,TC-022
Denver,105,12,100,TC-022
Denver,105,13,100,TC-022
Denver,105,14,100,TC-022
Denver,105,15,100,TC-022
Denver,105,16,100,TC-022
Denver,105,17,100,TC-022
Denver,105,18,100,TC-022
Denver,105,19,100,TC-030
Denver,105,20,100,TC-030
Denver,105,21,100,TC-030
Denver,105,22,100,TC-030
Denver,105,23,100,TC-030
Denver,105,24,100,TC-030
Denver,105,25,100,TC-030
Denver,105,26,100,TC-030
Denver,105,27,100,TC-047
Denver,105,28,100,TC-047
Denver,105,29,100,TC-047
Denver,105,30,100,TC-047
Denver,105,31,100,TC-047
Denver,105,32,100,TC-047
Denver,105,33,100,TC-047
Denver,105,34,100,TC-047
Denver,105,35,100,TC-053
Denver,105,36,100,TC-053
Denver,105,37,100,TC-053
Denver,105,38,100,TC-053
Denver,105,39,100,TC-053
Denver,105,40,100,TC-053
Denver,105,41,100,TC-053
Denver,105,42,100,TC-053
Denver,105,43,100,TC-117
Denver,105,44,100,TC-117
Denver,105,45,100,TC-117
Denver,105,46,100,TC-117
Denver,105,47,100,TC-117
Denver,105,48,100,TC-117
Denver,105,49,100,TC-117
Denver,105,50,100,TC-117
Denver,105,51,100,TC-126
Denver,105,52,100,TC-126
Denver,105,53,100,TC-126
Denver,105,54,100,TC-126
Denver,105,55,100,TC-126
Denver,105,56,100,TC-126
Denver,105,57,100,TC-126
Denver,105,58,100,TC-126
Denver,105,59,100,TC-134
Denver,105,60,100,TC-134
Denver,105,61,100,TC-134
Denver,105,62,100,TC-134
Denver,105,63,100,TC-134
Denver,105,64,100,TC-134
Denver,105,65,100,TC-134
Denver,105,66,100,TC-134
Denver,105,67,100,TC-144
Denver,105,68,100,TC-144
Denver,105,69,100,TC-144
Denver,105,70,100,TC-144
Denver,105,71,100,TC-144
Denver,105,72,100,TC-144
Denver,105,73,100,TC-144
Denver,105,74,100,TC-144
Denver,105,75,100,TC-146
Denver,105,76,100,TC-146
Denver,105,77,100,TC-146
Denver,105,78,100,TC-146
Denver,105,79,100,TC-146
Denver,105,80,100,TC-146
Denver,105,81,100,TC-146
Denver,105,82,100,TC-146
Denver,105,83,100,TC-155
Denver,105,84,100,TC-155
Denver,105,85,100,TC-155
Denver,105,86,100,TC-155
Denver,105,87,100,TC-155
Denver,105,88,100,TC-155
Denver,105,89,100,TC-155
Denver,105,90,100,TC-155
Denver,105,91,100,TC-159
Denver,105,92,100,TC-159
Denver,105,93,100,TC-159
Denver,105,94,100,TC-159
Denver,105,95,100,TC-159
Denver,105,96,100,TC-159
Denver,105,97,100,TC-159
Denver,105,98,100,TC-159
Denver,105,99,100,TC-165
Denver,105,100,100,TC-165
Denver,105,101,100,TC-165
Denver,105,102,100,TC-165
Denver,105,103,100,TC-165
Denver,105,104,100,TC-165
Denver,105,105,100,TC-165
Denver,105,106,100,TC-165
Denver,105,107,100,TC-174
Denver,105,108,100,TC-174
Denver,105,109,100,TC-174
Denver,105,110,100,TC-174
Denver,105,111,100,TC-174
Denver,105,112,100,TC-174
Denver,105,113,100,TC-174
Denver,105,114,100,TC-174
Denver,105,115,100,TC-180
Denver,105,116,100,TC-180
Denver,105,117,100,TC-180
Denver,105,118,100,TC-180
Denver,105,119,100,TC-180
Denver,105,120,100,TC-180
Denver,105,121,100,TC-180
Denver,105,122,100,TC-180
Denver,105,123,100,TC-187
Denver,105,124,100,TC-187
Denver,105,125,100,TC-187
Denver,105,126,100,TC-187
Denver,105,127,100,TC-187
Denver,105,128,100,TC-187
Denver,105,129,100,TC-187
Denver,105,130,100,TC-187
Denver,105,131,100,TC-192
Denver,105,132,100,TC-192
Denver,105,133,100,TC-192
Denver,105,134,100,TC-192
Denver,105,135,100,TC-192
Denver,105,136,100,TC-192
Denver,105,137,100,TC-192
Denver,105,138,100,TC-192
Denver,105,139,100,TC-195
Denver,105,140,100,TC-195
Denver,105,141,100,TC-195
Denver,105,142,100,TC-195
Denver,105,143,100,TC-195
Denver,105,144,100,TC-195
Denver,105,145,100,TC-195
Denver,105,146,100,TC-195
Denver,105,147,100,TC-200
Denver,105,148,100,TC-200
Denver,105,149,100,TC-200
Denver,105,150,100,TC-200
Denver,105,151,100,TC-200
Denver,105,152,100,TC-200
Denver,105,153,100,TC-200
Denver,105,154,100,TC-200
Denver,105,155,100,TC-205
Denver,105,156,100,TC-205
Denver,105,157,100,TC-205
Denver,105,158,100,TC-205
Denver,105,159,100,TC-205
Denver,105,160,100,TC-205
Denver,105,161,100,TC-205
Denver,105,162,100,TC-205
Denver,105,163,100,TC-211
Denver,105,164,100,TC-211
Denver,105,165,100,TC-211
Denver,105,166,100,TC-211
Denver,105,167,100,TC-211
Denver,105,168,100,TC-211
Denver,105,169,100,TC-211
Denver,105,170,100,TC-211
Denver,105,171,100,TC-214
Denver,105,172,100,TC-214
Denver,105,173,100,TC-214
Denver,105,174,100,TC-214
Denver,105,175,100,TC-214
Denver,105,176,100,TC-214
Denver,105,177,100,TC-214
Denver,105,178,100,TC-214
Denver,105,179,100,TC-218
Denver,105,180,100,TC-218
Denver,105,181,100,TC-218
Denver,105,182,100,TC-218
Denver,105,183,100,TC-218
Denver,105,184,100,TC-218
Denver,105,185,100,TC-218
Denver,105,186,100,TC-218
Denver,105,187,100,TC-223
Denver,105,188,100,TC-223
Denver,105,189,100,TC-223
Denver,105,190,100,TC-223
Denver,105,191,100,TC-223
Denver,105,192,100,TC-223
Denver,105,193,100,TC-223
Denver,105,194,100,TC-223
Denver,105,195,100,TC-228
Denver,105,196,100,TC-228
Denver,105,197,100,TC-228
Denver,105,198,100,TC-228
Denver,105,199,100,TC-228
Denver,105,200,100,TC-228
Denver,105,201,100,TC-228
Denver,105,202,100,TC-228
Denver,105,203,100,TC-230
Denver,105,204,100,TC-230
Denver,105,205,100,TC-230
Denver,105,206,100,TC-230
Denver,105,207,100,TC-230
Denver,105,208,100,TC-230
Denver,105,209,100,TC-230
Denver,105,210,100,TC-230
Denver,105,211,100,TC-234
Denver,105,212,100,TC-234
Denver,105,213,100,TC-234
Denver,105,214,100,TC-234
Denver,105,215,100,TC-234
Denver,105,216,100,TC-234
Denver,105,217,100,TC-234
Denver,105,218,100,TC-234
Denver,105,219,100,TC-280
Denver,105,220,100,TC-280
Denver,105,221,100,TC-280
Denver,105,222,100,TC-280
Denver,105,223,100,TC-280
Denver,105,224,100,TC-280
Denver,105,225,100,TC-280
Denver,105,226,178,TC-280
Denver,105,227,100,TC-271
Denver,105,228,100,TC-271
Denver,105,229,100,TC-271
Denver,105,230,100,TC-271
Denver,105,231,100,TC-271
Denver,105,232,100,TC-271
Denver,105,233,100,TC-271
Denver,105,234,100,TC-271
Denver,105,235,100,TC-281
Denver,105,236,100,TC-281
Denver,105,237,100,TC-281
Denver,105,238,100,TC-281
Denver,105,239,100,TC-281
Denver,105,240,100,TC-281
Denver,105,241,100,TC-281
Denver,105,242,100,TC-281
Denver,105,243,100,TC-288
Denver,105,244,100,TC-288
Denver,105,245,100,TC-288
Denver,105,246,100,TC-288
Denver,105,247,100,TC-288
Denver,105,248,100,TC-288
Denver,105,249,100,TC-288
Denver,105,250,100,TC-288
Denver,105,251,100,TC-297
Denver,105,252,101,TC-297
Denver,105,253,100,TC-297
Denver,105,254,100,TC-297
Denver,105,255,100,TC-297
Denver,105,256,110,TC-297
Denver,105,257,100,TC-297
Denver,105,258,100,TC-297
Denver,105,259,100,TC-307
Denver,105,260,100,TC-307
Denver,105,261,100,TC-307
Denver,105,262,100,TC-307
Denver,105,263,100,TC-307
Denver,105,264,100,TC-307
Denver,105,265,100,TC-307
Denver,105,266,100,TC-307
Denver,105,267,100,TC-313
Denver,105,268,100,TC-313
Denver,105,269,100,TC-313
Denver,105,270,100,TC-313
Denver,105,271,100,TC-313
Denver,105,272,100,TC-313
Denver,105,273,100,TC-313
Denver,105,274,100,TC-313
Denver,105,275,100,TC-327
Denver,105,276,100,TC-327
Denver,105,277,100,TC-327
Denver,105,278,100,TC-327
Denver,105,279,100,TC-327
Denver,105,280,100,TC-327
Denver,105,281,100,TC-327
Denver,105,282,100,TC-327
Denver,105,283,100,TC-335
Denver,105,284,100,TC-335
Denver,105,285,100,TC-335
Denver,105,286,100,TC-335
Denver,105,287,100,TC-335
Denver,105,288,100,TC-335
Denver,105,289,100,TC-335
Denver,105,290,100,TC-335
Denver,105,291,100,TC-339
Denver,105,292,100,TC-339
Denver,105,293,100,TC-339
Denver,105,294,100,TC-339
Denver,105,295,100,TC-339
Denver,105,296,100,TC-339
Denver,105,297,100,TC-339
Denver,105,298,100,TC-339
Denver,105,299,100,TC-367
Denver,105,300,100,TC-367
Denver,105,301,100,TC-367
Denver,105,302,100,TC-367
Denver,105,303,100,TC-367
Denver,105,304,100,TC-367
Denver,105,305,100,TC-367
Denver,105,306,100,TC-367
Denver,105,307,100,TC-375
Denver,105,308,100,TC-375
Denver,105,309,100,TC-375
Denver,105,310,100,TC-375
Denver,105,311,100,TC-375
Denver,105,312,100,TC-375
Denver,105,313,100,TC-375
Denver,105,314,100,TC-375
Denver,105,315,100,TC-378
Denver,105,316,100,TC-378
Denver,105,317,100,TC-378
Denver,105,318,100,TC-378
Denver,105,319,100,TC-378
Denver,105,320,100,TC-378
Denver,105,321,100,TC-378
Denver,105,322,100,TC-378
Denver,105,323,100,TC-385
Denver,105,324,100,TC-385
Denver,105,325,100,TC-385
Denver,105,326,100,TC-385
Denver,105,327,100,TC-385
Denver,105,328,100,TC-385
Denver,105,329,100,TC-385
Denver,105,330,100,TC-385
Denver,105,331,100,TC-388
Denver,105,332,100,TC-388
Denver,105,333,100,TC-388
Denver,105,334,100,TC-388
Denver,105,335,100,TC-388
Denver,105,336,100,TC-388
Denver,105,337,100,TC-388
Denver,105,338,100,TC-388
Denver,105,339,100,TC-392
Denver,105,340,100,TC-392
Denver,105,341,100,TC-392
Denver,105,342,100,TC-392
Denver,105,343,100,TC-392
Denver,105,344,100,TC-392
Denver,105,345,100,TC-392
Denver,105,346,100,TC-392
Denver,105,347,100,TC-398
Denver,105,348,100,TC-398
Denver,105,349,100,TC-398
Denver,105,350,100,TC-398
Denver,105,351,100,TC-398
Denver,105,352,101,TC-398
Denver,105,353,109,TC-398
Denver,105,354,100,TC-398
Denver,105,355,100,TC-400
Denver,105,356,100,TC-400
Denver,105,357,100,TC-400
Denver,105,358,100,TC-400
Denver,105,359,100,TC-400
Denver,105,360,100,TC-400
Denver,105,361,100,TC-400
Denver,105,362,100,TC-400
Denver,105,363,100,TC-452
Denver,105,364,100,TC-452
Denver,105,365,101,TC-452
Denver,105,366,100,TC-452
Denver,105,367,100,TC-452
Denver,105,368,100,TC-452
Denver,105,369,100,TC-452
Denver,105,370,100,TC-452
Denver,105,371,100,TC-460
Denver,105,372,100,TC-460
Denver,105,373,100,TC-460
Denver,105,374,100,TC-460
Denver,105,375,100,TC-460
Denver,105,376,100,TC-460
Denver,105,377,100,TC-460
Denver,105,378,100,TC-460
Denver,105,379,100,TC-462
Denver,105,380,100,TC-462
Denver,105,381,100,TC-462
Denver,105,382,100,TC-462
Denver,105,383,100,TC-462
Denver,105,384,100,TC-462
Denver,105,385,100,TC-462
Denver,105,386,100,TC-462
Denver,105,387,100,TC-469
Denver,105,388,100,TC-469
Denver,105,389,100,TC-469
Denver,105,390,100,TC-469
Denver,105,391,100,TC-469
Denver,105,392,101,TC-469
Denver,105,393,100,TC-469
Denver,105,394,100,TC-469
Denver,105,395,100,TC-471
Denver,105,396,100,TC-471
Denver,105,397,100,TC-471
Denver,105,398,100,TC-471
Denver,105,399,100,TC-471
Denver,105,400,100,TC-471
Denver,105,401,100,TC-471
Denver,105,402,100,TC-471
Denver,105,403,100,TC-475
Denver,105,404,100,TC-475
Denver,105,405,100,TC-475
Denver,105,406,100,TC-475
Denver,105,407,100,TC-475
Denver,105,408,100,TC-475
Denver,105,409,100,TC-475
Denver,105,410,100,TC-475
Denver,105,411,100,TC-478
Denver,105,412,100,TC-478
Denver,105,413,100,TC-478
Denver,105,414,100,TC-478
Denver,105,415,100,TC-478
Denver,105,416,100,TC-478
Denver,105,417,100,TC-478
Denver,105,418,100,TC-478
Denver,105,419,94,TC-479
Denver,105,420,100,TC-479
Denver,105,421,100,TC-479
Denver,105,422,100,TC-479
Denver,105,423,100,TC-479
Denver,105,424,100,TC-479
Denver,105,425,100,TC-479
Denver,105,426,100,TC-479
Denver,105,427,72,TC-481
Denver,105,428,100,TC-481
Denver,105,429,100,TC-481
Denver,105,430,100,TC-481
Denver,105,431,100,TC-481
Denver,106,1,100,TC-001
Denver,106,2,100,TC-001
Denver,106,3,100,TC-037
Denver,106,4,100,TC-037
Denver,106,5,100,TC-037
Denver,106,6,100,TC-037
Denver,106,7,100,TC-037
Denver,106,8,100,TC-037
Denver,106,9,100,TC-037
Denver,106,10,100,TC-037
Denver,106,11,100,TC-067
Denver,106,12,100,TC-067
Denver,106,13,100,TC-067
Denver,106,14,100,TC-067
Denver,106,15,100,TC-067
Denver,106,16,100,TC-067
Denver,106,17,100,TC-067
Denver,106,18,100,TC-067
Denver,106,19,100,TC-076
Denver,106,20,100,TC-076
Denver,106,21,100,TC-076
Denver,106,22,100,TC-076
Denver,106,23,100,TC-076
Denver,106,24,100,TC-076
Denver,106,25,100,TC-076
Denver,106,26,100,TC-076
Denver,106,27,100,TC-090
Denver,106,28,100,TC-090
Denver,106,29,100,TC-090
Denver,106,30,100,TC-090
Denver,106,31,100,TC-090
Denver,106,32,100,TC-090
Denver,106,33,100,TC-090
Denver,106,34,100,TC-090
Denver,106,35,100,TC-102
Denver,106,36,100,TC-102
Denver,106,37,100,TC-102
Denver,106,38,100,TC-102
Denver,106,39,101,TC-102
Denver,106,40,100,TC-102
Denver,106,41,100,TC-102
Denver,106,42,100,TC-102
Denver,106,43,100,TC-110
Denver,106,44,100,TC-110
Denver,106,45,100,TC-110
Denver,106,46,100,TC-110
Denver,106,47,100,TC-110
Denver,106,48,100,TC-110
Denver,106,49,100,TC-110
Denver,106,50,100,TC-110
Denver,106,51,100,TC-121
Denver,106,52,100,TC-121
Denver,106,53,100,TC-121
Denver,106,54,100,TC-121
Denver,106,55,100,TC-121
Denver,106,56,100,TC-121
Denver,106,57,100,TC-121
Denver,106,58,100,TC-121
Denver,106,59,100,TC-132
Denver,106,60,100,TC-132
Denver,106,61,100,TC-132
Denver,106,62,100,TC-132
Denver,106,63,100,TC-132
Denver,106,64,100,TC-132
Denver,106,65,100,TC-132
Denver,106,66,100,TC-132
Denver,106,67,100,TC-139
Denver,106,68,101,TC-139
Denver,106,69,100,TC-139
Denver,106,70,100,TC-139
Denver,106,71,100,TC-139
Denver,106,72,100,TC-139
Denver,106,73,100,TC-139
Denver,106,74,100,TC-139
Denver,106,75,100,TC-150
Denver,106,76,100,TC-150
Denver,106,77,100,TC-150
Denver,106,78,100,TC-150
Denver,106,79,100,TC-150
Denver,106,80,100,TC-150
Denver,106,81,100,TC-150
Denver,106,82,100,TC-150
Denver,106,83,100,TC-163
Denver,106,84,100,TC-163
Denver,106,85,100,TC-163
Denver,106,86,100,TC-163
Denver,106,87,100,TC-163
Denver,106,88,100,TC-163
Denver,106,89,100,TC-163
Denver,106,90,100,TC-163
Denver,106,91,100,TC-172
Denver,106,92,100,TC-172
Denver,106,93,100,TC-172
Denver,106,94,100,TC-172
Denver,106,95,100,TC-172
Denver,106,96,100,TC-172
Denver,106,97,100,TC-172
Denver,106,98,100,TC-172
Denver,106,99,100,TC-181
Denver,106,100,100,TC-181
Denver,106,101,100,TC-181
Denver,106,102,100,TC-181
Denver,106,103,100,TC-181
Denver,106,104,100,TC-181
Denver,106,105,100,TC-181
Denver,106,106,100,TC-181
Denver,106,107,100,TC-190
Denver,106,108,100,TC-190
Denver,106,109,100,TC-190
Denver,106,110,100,TC-190
Denver,106,111,100,TC-190
Denver,106,112,100,TC-190
Denver,106,113,100,TC-190
Denver,106,114,100,TC-190
Denver,106,115,100,TC-201
Denver,106,116,100,TC-201
Denver,106,117,100,TC-201
Denver,106,118,100,TC-201
Denver,106,119,100,TC-201
Denver,106,120,100,TC-201
Denver,106,121,100,TC-201
Denver,106,122,100,TC-201
Denver,106,123,100,TC-212
Denver,106,124,100,TC-212
Denver,106,125,100,TC-212
Denver,106,126,100,TC-212
Denver,106,127,100,TC-212
Denver,106,128,100,TC-212
Denver,106,129,100,TC-212
Denver,106,130,100,TC-212
Denver,106,131,100,TC-221
Denver,106,132,100,TC-221
Denver,106,133,100,TC-221
Denver,106,134,100,TC-221
Denver,106,135,100,TC-221
Denver,106,136,100,TC-221
Denver,106,137,100,TC-221
Denver,106,138,100,TC-221
Denver,106,139,100,TC-265
Denver,106,140,100,TC-265
Denver,106,141,100,TC-265
Denver,106,142,100,TC-265
Denver,106,143,100,TC-265
Denver,106,144,100,TC-265
Denver,106,145,100,TC-265
Denver,106,146,100,TC-265
Denver,106,147,100,TC-274
Denver,106,148,100,TC-274
Denver,106,149,100,TC-274
Denver,106,150,100,TC-274
Denver,106,151,100,TC-274
Denver,106,152,100,TC-274
Denver,106,153,100,TC-274
Denver,106,154,100,TC-274
Denver,106,155,100,TC-283
Denver,106,156,100,TC-283
Denver,106,157,100,TC-283
Denver,106,158,100,TC-283
Denver,106,159,100,TC-283
Denver,106,160,100,TC-283
Denver,106,161,100,TC-283
Denver,106,162,100,TC-283
Denver,106,163,100,TC-292
Denver,106,164,100,TC-292
Denver,106,165,100,TC-292
Denver,106,166,100,TC-292
Denver,106,167,100,TC-292
Denver,106,168,100,TC-292
Denver,106,169,100,TC-292
Denver,106,170,100,TC-292
Denver,106,171,100,TC-302
Denver,106,172,100,TC-302
Denver,106,173,100,TC-302
Denver,106,174,100,TC-302
Denver,106,175,100,TC-302
Denver,106,176,100,TC-302
Denver,106,177,100,TC-302
Denver,106,178,100,TC-302
Denver,106,179,100,TC-358
Denver,106,180,100,TC-358
Denver,106,181,100,TC-358
Denver,106,182,100,TC-358
Denver,106,183,100,TC-358
Denver,106,184,100,TC-358
Denver,106,185,100,TC-358
Denver,106,186,100,TC-358
Denver,106,187,100,TC-366
Denver,106,188,100,TC-366
Denver,106,189,100,TC-366
Denver,106,190,100,TC-366
Denver,106,191,100,TC-366
Denver,106,192,100,TC-366
Denver,106,193,100,TC-366
Denver,106,194,100,TC-366
Denver,106,195,100,TC-371
Denver,106,196,100,TC-371
Denver,106,197,100,TC-371
Denver,106,198,100,TC-371
Denver,106,199,100,TC-371
Denver,106,200,100,TC-371
Denver,106,201,100,TC-371
Denver,106,202,100,TC-371
Denver,106,203,100,TC-376
Denver,106,204,100,TC-376
Denver,106,205,100,TC-376
Denver,106,206,100,TC-376
Denver,106,207,100,TC-376
Denver,106,208,100,TC-376
Denver,106,209,100,TC-376
Denver,106,210,100,TC-376
Denver,106,211,100,TC-383
Denver,106,212,100,TC-383
Denver,106,213,100,TC-383
Denver,106,214,100,TC-383
Denver,106,215,100,TC-383
Denver,106,216,100,TC-383
Denver,106,217,100,TC-383
Denver,106,218,100,TC-383
Denver,106,219,100,TC-389
Denver,106,220,101,TC-389
Denver,106,221,100,TC-389
Denver,106,222,100,TC-389
Denver,106,223,100,TC-389
Denver,106,224,100,TC-389
Denver,106,225,100,TC-389
Denver,106,226,100,TC-389
Denver,106,227,100,TC-397
Denver,106,228,100,TC-397
Denver,106,229,100,TC-397
Denver,106,230,100,TC-397
Denver,106,231,103,TC-397
Denver,106,232,100,TC-397
Denver,106,233,100,TC-397
Denver,106,234,100,TC-397
Denver,107,1,100,TC-002
Denver,107,2,100,TC-246
Denver,107,3,100,TC-246
Denver,107,4,100,TC-246
Denver,107,5,100,TC-246
Denver,107,6,100,TC-246
Denver,107,7,100,TC-246
Denver,107,8,100,TC-246
Denver,107,9,100,TC-246
Denver,107,10,100,TC-382
Denver,107,11,100,TC-382
Denver,107,12,100,TC-382
Denver,107,13,100,TC-382
Denver,107,14,100,TC-382
Denver,107,15,100,TC-382
Denver,107,16,100,TC-382
Denver,107,17,100,TC-382
Denver,107,18,100,TC-394
Denver,107,19,100,TC-394
Denver,107,20,100,TC-394
Denver,107,21,100,TC-394
Denver,107,22,100,TC-394
Denver,107,23,100,TC-394
Denver,107,24,100,TC-394
Denver,107,25,100,TC-394
Denver,107,26,100,TC-401
Denver,107,27,100,TC-401
Denver,107,28,100,TC-401
Denver,107,29,100,TC-401
Denver,107,30,100,TC-401
Denver,107,31,100,TC-401
Denver,107,32,100,TC-401
Denver,107,33,100,TC-401
Denver,107,34,100,TC-409
Denver,107,35,100,TC-409
Denver,107,36,100,TC-409
Denver,107,37,100,TC-409
Denver,107,38,100,TC-409
Denver,107,39,100,TC-409
Denver,107,40,100,TC-409
Denver,107,41,100,TC-409
Denver,107,42,100,TC-420
Denver,107,43,100,TC-420
Denver,107,44,100,TC-420
Denver,107,45,100,TC-420
Denver,107,46,100,TC-420
Denver,107,47,100,TC-420
Denver,107,48,100,TC-420
Denver,107,49,100,TC-420
Denver,107,50,100,TC-436
Denver,107,51,100,TC-436
Denver,107,52,100,TC-436
Denver,107,53,100,TC-436
Denver,107,54,100,TC-436
Denver,107,55,100,TC-436
Denver,107,56,100,TC-436
Denver,107,57,100,TC-436
Denver,107,58,100,TC-444
Denver,107,59,100,TC-444
Denver,107,60,100,TC-444
Denver,107,61,100,TC-444
Denver,107,62,100,TC-444
Denver,107,63,100,TC-444
Denver,107,64,100,TC-444
Denver,107,65,100,TC-444
Denver,107,66,100,TC-456
Denver,107,67,100,TC-456
Denver,107,68,100,TC-456
Denver,107,69,100,TC-456
Denver,107,70,100,TC-456
Denver,107,71,100,TC-456
Denver,107,72,100,TC-456
Denver,107,73,101,TC-456
Denver,108,1,100,TC-002
Denver,108,2,100,TC-007
Denver,108,3,100,TC-007
Denver,108,4,100,TC-007
Denver,108,5,100,TC-007
Denver,108,6,100,TC-007
Denver,108,7,100,TC-007
Denver,108,8,100,TC-007
Denver,108,9,100,TC-007
Denver,108,10,100,TC-010
Denver,108,11,100,TC-010
Denver,108,12,100,TC-010
Denver,108,13,100,TC-010
Denver,108,14,100,TC-010
Denver,108,15,100,TC-010
Denver,108,16,100,TC-010
Denver,108,17,100,TC-010
Denver,108,18,100,TC-017
Denver,108,19,100,TC-017
Denver,108,20,100,TC-017
Denver,108,21,100,TC-017
Denver,108,22,100,TC-017
Denver,108,23,100,TC-017
Denver,108,24,100,TC-017
Denver,108,25,100,TC-017
Denver,108,26,100,TC-020
Denver,108,27,100,TC-020
Denver,108,28,100,TC-020
Denver,108,29,100,TC-020
Denver,108,30,120,TC-020
Denver,108,31,100,TC-020
Denver,108,32,100,TC-020
Denver,108,33,100,TC-020
Denver,108,34,100,TC-025
Denver,108,35,100,TC-025
Denver,108,36,100,TC-025
Denver,108,37,100,TC-025
Denver,108,38,100,TC-025
Denver,108,39,100,TC-025
Denver,108,40,100,TC-025
Denver,108,41,100,TC-025
Denver,108,42,100,TC-032
Denver,108,43,100,TC-032
Denver,108,44,100,TC-032
Denver,108,45,100,TC-032
Denver,108,46,100,TC-032
Denver,108,47,100,TC-032
Denver,108,48,100,TC-032
Denver,108,49,100,TC-032
Denver,108,50,100,TC-041
Denver,108,51,100,TC-041
Denver,108,52,100,TC-041
Denver,108,53,100,TC-041
Denver,108,54,100,TC-041
Denver,108,55,100,TC-041
Denver,108,56,100,TC-041
Denver,108,57,100,TC-041
Denver,108,58,100,TC-045
Denver,108,59,100,TC-045
Denver,108,60,100,TC-045
Denver,108,61,100,TC-045
Denver,108,62,100,TC-045
Denver,108,63,100,TC-045
Denver,108,64,100,TC-045
Denver,108,65,100,TC-045
Denver,108,66,100,TC-052
Denver,108,67,100,TC-052
Denver,108,68,100,TC-052
Denver,108,69,100,TC-052
Denver,108,70,100,TC-052
Denver,108,71,100,TC-052
Denver,108,72,100,TC-052
Denver,108,73,100,TC-052
Denver,108,74,100,TC-058
Denver,108,75,100,TC-058
Denver,108,76,100,TC-058
Denver,108,77,100,TC-058
Denver,108,78,100,TC-058
Denver,108,79,100,TC-058
Denver,108,80,100,TC-058
Denver,108,81,100,TC-058
Denver,108,82,100,TC-060
Denver,108,83,100,TC-060
Denver,108,84,100,TC-060
Denver,108,85,100,TC-060
Denver,108,86,100,TC-060
Denver,108,87,100,TC-060
Denver,108,88,100,TC-060
Denver,108,89,100,TC-060
Denver,108,90,100,TC-069
Denver,108,91,100,TC-069
Denver,108,92,100,TC-069
Denver,108,93,100,TC-069
Denver,108,94,100,TC-069
Denver,108,95,100,TC-069
Denver,108,96,100,TC-069
Denver,108,97,100,TC-069
Denver,108,98,100,TC-074
Denver,108,99,100,TC-074
Denver,108,100,100,TC-074
Denver,108,101,100,TC-074
Denver,108,102,100,TC-074
Denver,108,103,100,TC-074
Denver,108,104,100,TC-074
Denver,108,105,100,TC-074
Denver,108,106,100,TC-082
Denver,108,107,100,TC-082
Denver,108,108,100,TC-082
Denver,108,109,100,TC-082
Denver,108,110,100,TC-082
Denver,108,111,100,TC-082
Denver,108,112,100,TC-082
Denver,108,113,100,TC-082
Denver,108,114,100,TC-087
Denver,108,115,100,TC-087
Denver,108,116,100,TC-087
Denver,108,117,100,TC-087
Denver,108,118,100,TC-087
Denver,108,119,100,TC-087
Denver,108,120,100,TC-087
Denver,108,121,100,TC-087
Denver,108,122,100,TC-093
Denver,108,123,100,TC-093
Denver,108,124,100,TC-093
Denver,108,125,100,TC-093
Denver,108,126,100,TC-093
Denver,108,127,100,TC-093
Denver,108,128,100,TC-093
Denver,108,129,100,TC-093
Denver,108,130,100,TC-105
Denver,108,131,100,TC-105
Denver,108,132,100,TC-105
Denver,108,133,100,TC-105
Denver,108,134,100,TC-105
Denver,108,135,100,TC-105
Denver,108,136,100,TC-105
Denver,108,137,100,TC-105
Denver,108,138,100,TC-113
Denver,108,139,100,TC-113
Denver,108,140,100,TC-113
Denver,108,141,100,TC-113
Denver,108,142,100,TC-113
Denver,108,143,100,TC-113
Denver,108,144,100,TC-113
Denver,108,145,100,TC-113
Denver,108,146,100,TC-120
Denver,108,147,100,TC-120
Denver,108,148,100,TC-120
Denver,108,149,100,TC-120
Denver,108,150,100,TC-120
Denver,108,151,100,TC-120
Denver,108,152,100,TC-120
Denver,108,153,100,TC-120
Denver,108,154,100,TC-124
Denver,108,155,100,TC-124
Denver,108,156,100,TC-124
Denver,108,157,100,TC-124
Denver,108,158,100,TC-124
Denver,108,159,100,TC-124
Denver,108,160,100,TC-124
Denver,108,161,100,TC-124
Denver,108,162,100,TC-130
Denver,108,163,100,TC-130
Denver,108,164,100,TC-130
Denver,108,165,100,TC-130
Denver,108,166,100,TC-130
Denver,108,167,100,TC-130
Denver,108,168,100,TC-130
Denver,108,169,100,TC-130
Denver,108,170,100,TC-137
Denver,108,171,100,TC-137
Denver,108,172,100,TC-137
Denver,108,173,100,TC-137
Denver,108,174,100,TC-137
Denver,108,175,100,TC-137
Denver,108,176,100,TC-137
Denver,108,177,100,TC-137
Denver,108,178,100,TC-157
Denver,108,179,100,TC-157
Denver,108,180,100,TC-157
Denver,108,181,100,TC-157
Denver,108,182,100,TC-157
Denver,108,183,100,TC-157
Denver,108,184,100,TC-157
Denver,108,185,100,TC-157
Denver,108,186,100,TC-168
Denver,108,187,100,TC-168
Denver,108,188,100,TC-168
Denver,108,189,100,TC-168
Denver,108,190,100,TC-168
Denver,108,191,100,TC-168
Denver,108,192,100,TC-168
Denver,108,193,100,TC-168
Denver,108,194,100,TC-176
Denver,108,195,100,TC-176
Denver,108,196,100,TC-176
Denver,108,197,100,TC-176
Denver,108,198,100,TC-176
Denver,108,199,100,TC-176
Denver,108,200,100,TC-176
Denver,108,201,100,TC-176
Denver,108,202,100,TC-184
Denver,108,203,100,TC-184
Denver,108,204,100,TC-184
Denver,108,205,100,TC-184
Denver,108,206,100,TC-184
Denver,108,207,100,TC-184
Denver,108,208,100,TC-184
Denver,108,209,100,TC-184
Denver,108,210,100,TC-194
Denver,108,211,100,TC-194
Denver,108,212,100,TC-194
Denver,108,213,100,TC-194
Denver,108,214,100,TC-194
Denver,108,215,100,TC-194
Denver,108,216,100,TC-194
Denver,108,217,100,TC-194
Denver,108,218,100,TC-202
Denver,108,219,100,TC-202
Denver,108,220,100,TC-202
Denver,108,221,100,TC-202
Denver,108,222,100,TC-202
Denver,108,223,100,TC-202
Denver,108,224,100,TC-202
Denver,108,225,100,TC-202
Denver,108,226,100,TC-210
Denver,108,227,100,TC-210
Denver,108,228,100,TC-210
Denver,108,229,100,TC-210
Denver,108,230,100,TC-210
Denver,108,231,100,TC-210
Denver,108,232,100,TC-210
Denver,108,233,100,TC-210
Denver,108,234,100,TC-216
Denver,108,235,100,TC-216
Denver,108,236,100,TC-216
Denver,108,237,100,TC-216
Denver,108,238,100,TC-216
Denver,108,239,100,TC-216
Denver,108,240,100,TC-216
Denver,108,241,100,TC-216
Denver,108,242,100,TC-220
Denver,108,243,100,TC-220
Denver,108,244,100,TC-220
Denver,108,245,100,TC-220
Denver,108,246,100,TC-220
Denver,108,247,100,TC-220
Denver,108,248,100,TC-220
Denver,108,249,100,TC-220
Denver,108,250,100,TC-240
Denver,108,251,100,TC-240
Denver,108,252,100,TC-240
Denver,108,253,100,TC-240
Denver,108,254,100,TC-240
Denver,108,255,100,TC-240
Denver,108,256,100,TC-240
Denver,108,257,100,TC-240
Denver,108,258,100,TC-247
Denver,108,259,100,TC-247
Denver,108,260,100,TC-247
Denver,108,261,100,TC-247
Denver,108,262,100,TC-247
Denver,108,263,100,TC-247
Denver,108,264,100,TC-247
Denver,108,265,100,TC-247
Denver,108,266,100,TC-254
Denver,108,267,100,TC-254
Denver,108,268,100,TC-254
Denver,108,269,100,TC-254
Denver,108,270,100,TC-254
Denver,108,271,100,TC-254
Denver,108,272,100,TC-254
Denver,108,273,100,TC-254
Denver,108,274,100,TC-253
Denver,108,275,100,TC-253
Denver,108,276,100,TC-253
Denver,108,277,100,TC-253
Denver,108,278,100,TC-253
Denver,108,279,100,TC-253
Denver,108,280,100,TC-253
Denver,108,281,100,TC-253
Denver,108,282,100,TC-268
Denver,108,283,100,TC-268
Denver,108,284,100,TC-268
Denver,108,285,100,TC-268
Denver,108,286,100,TC-268
Denver,108,287,100,TC-268
Denver,108,288,100,TC-268
Denver,108,289,100,TC-268
Denver,108,290,100,TC-276
Denver,108,291,100,TC-276
Denver,108,292,100,TC-276
Denver,108,293,100,TC-276
Denver,108,294,100,TC-276
Denver,108,295,100,TC-276
Denver,108,296,100,TC-276
Denver,108,297,100,TC-276
Denver,108,298,100,TC-287
Denver,108,299,100,TC-287
Denver,108,300,100,TC-287
Denver,108,301,100,TC-287
Denver,108,302,100,TC-287
Denver,108,303,100,TC-287
Denver,108,304,100,TC-287
Denver,108,305,100,TC-287
Denver,108,306,100,TC-296
Denver,108,307,100,TC-296
Denver,108,308,100,TC-296
Denver,108,309,100,TC-296
Denver,108,310,100,TC-296
Denver,108,311,100,TC-296
Denver,108,312,100,TC-296
Denver,108,313,100,TC-296
Denver,108,314,100,TC-311
Denver,108,315,100,TC-311
Denver,108,316,100,TC-311
Denver,108,317,100,TC-311
Denver,108,318,100,TC-311
Denver,108,319,100,TC-311
Denver,108,320,100,TC-311
Denver,108,321,100,TC-311
Denver,108,322,100,TC-317
Denver,108,323,100,TC-317
Denver,108,324,100,TC-317
Denver,108,325,100,TC-317
Denver,108,326,100,TC-317
Denver,108,327,100,TC-317
Denver,108,328,100,TC-317
Denver,108,329,100,TC-317
Denver,108,330,100,TC-325
Denver,108,331,100,TC-325
Denver,108,332,100,TC-325
Denver,108,333,100,TC-325
Denver,108,334,100,TC-325
Denver,108,335,100,TC-325
Denver,108,336,100,TC-325
Denver,108,337,100,TC-325
Denver,108,338,100,TC-330
Denver,108,339,100,TC-330
Denver,108,340,100,TC-330
Denver,108,341,100,TC-330
Denver,108,342,100,TC-330
Denver,108,343,100,TC-330
Denver,108,344,100,TC-330
Denver,108,345,100,TC-330
Denver,108,346,100,TC-337
Denver,108,347,100,TC-337
Denver,108,348,100,TC-337
Denver,108,349,100,TC-337
Denver,108,350,100,TC-337
Denver,108,351,100,TC-337
Denver,108,352,100,TC-337
Denver,108,353,100,TC-337
Denver,108,354,100,TC-342
Denver,108,355,100,TC-342
Denver,108,356,100,TC-342
Denver,108,357,100,TC-342
Denver,108,358,100,TC-342
Denver,108,359,100,TC-342
Denver,108,360,100,TC-342
Denver,108,361,100,TC-342
Denver,108,362,100,TC-344
Denver,108,363,100,TC-344
Denver,108,364,100,TC-344
Denver,108,365,100,TC-344
Denver,108,366,100,TC-344
Denver,108,367,100,TC-344
Denver,108,368,100,TC-344
Denver,108,369,100,TC-344
Denver,108,370,100,TC-352
Denver,108,371,100,TC-352
Denver,108,372,100,TC-352
Denver,108,373,100,TC-352
Denver,108,374,100,TC-352
Denver,108,375,100,TC-352
Denver,108,376,100,TC-352
Denver,108,377,100,TC-352
Denver,108,378,100,TC-356
Denver,108,379,100,TC-356
Denver,108,380,100,TC-356
Denver,108,381,100,TC-356
Denver,108,382,100,TC-356
Denver,108,383,100,TC-356
Denver,108,384,100,TC-356
Denver,108,385,100,TC-356
Denver,108,386,100,TC-364
Denver,108,387,100,TC-364
Denver,108,388,100,TC-364
Denver,108,389,100,TC-364
Denver,108,390,100,TC-364
Denver,108,391,100,TC-364
Denver,108,392,100,TC-364
Denver,108,393,100,TC-364
Denver,108,394,100,TC-369
Denver,108,395,100,TC-369
Denver,108,396,100,TC-369
Denver,108,397,100,TC-369
Denver,108,398,100,TC-369
Denver,108,399,100,TC-369
Denver,108,400,100,TC-369
Denver,108,401,100,TC-369
Denver,108,402,100,TC-374
Denver,108,403,100,TC-374
Denver,108,404,100,TC-374
Denver,108,405,100,TC-374
Denver,108,406,100,TC-374
Denver,108,407,100,TC-374
Denver,108,408,100,TC-374
Denver,108,409,100,TC-374
Denver,108,410,100,TC-380
Denver,108,411,100,TC-380
Denver,108,412,100,TC-380
Denver,108,413,100,TC-380
Denver,108,414,100,TC-380
Denver,108,415,100,TC-380
Denver,108,416,100,TC-380
Denver,108,417,100,TC-380
Denver,108,418,100,TC-386
Denver,108,419,100,TC-386
Denver,108,420,100,TC-386
Denver,108,421,100,TC-386
Denver,108,422,100,TC-386
Denver,108,423,100,TC-386
Denver,108,424,100,TC-386
Denver,108,425,100,TC-386
Denver,108,426,100,TC-390
Denver,108,427,100,TC-390
Denver,108,428,100,TC-390
Denver,108,429,100,TC-390
Denver,108,430,100,TC-390
Denver,108,431,100,TC-390
Denver,108,432,100,TC-390
Denver,108,433,100,TC-390
Denver,108,434,100,TC-396
Denver,108,435,100,TC-396
Denver,108,436,100,TC-396
Denver,108,437,100,TC-396
Denver,108,438,100,TC-396
Denver,108,439,100,TC-396
Denver,108,440,100,TC-396
Denver,108,441,100,TC-396
Denver,108,442,100,TC-399
Denver,108,443,100,TC-399
Denver,108,444,100,TC-399
Denver,108,445,100,TC-399
Denver,108,446,100,TC-399
Denver,108,447,100,TC-399
Denver,108,448,100,TC-399
Denver,108,449,100,TC-399
Denver,108,450,100,TC-407
Denver,108,451,100,TC-407
Denver,108,452,100,TC-407
Denver,108,453,100,TC-407
Denver,108,454,100,TC-407
Denver,108,455,100,TC-407
Denver,108,456,100,TC-407
Denver,108,457,100,TC-407
Denver,108,458,100,TC-414
Denver,108,459,101,TC-414
Denver,108,460,100,TC-414
Denver,108,461,100,TC-414
Denver,108,462,100,TC-414
Denver,108,463,100,TC-414
Denver,108,464,100,TC-414
Denver,108,465,100,TC-414
Denver,108,466,100,TC-422
Denver,108,467,100,TC-422
Denver,108,468,100,TC-422
Denver,108,469,100,TC-422
Denver,108,470,100,TC-422
Denver,108,471,100,TC-422
Denver,108,472,100,TC-422
Denver,108,473,100,TC-422
Denver,108,474,100,TC-427
Denver,108,475,100,TC-427
Denver,108,476,100,TC-427
Denver,108,477,100,TC-427
Denver,108,478,100,TC-427
Denver,108,479,100,TC-427
Denver,108,480,100,TC-427
Denver,108,481,100,TC-427
Denver,108,482,100,TC-435
Denver,108,483,100,TC-435
Denver,108,484,100,TC-435
Denver,108,485,100,TC-435
Denver,108,486,100,TC-435
Denver,108,487,100,TC-435
Denver,108,488,100,TC-435
Denver,108,489,100,TC-435
Denver,108,490,100,TC-438
Denver,108,491,100,TC-438
Denver,108,492,100,TC-438
Denver,108,493,100,TC-438
Denver,108,494,100,TC-438
Denver,108,495,100,TC-438
Denver,108,496,100,TC-438
Denver,108,497,100,TC-438
Denver,108,498,100,TC-442
Denver,108,499,100,TC-442
Denver,108,500,100,TC-442
Denver,108,501,100,TC-442
Denver,108,502,100,TC-442
Denver,108,503,100,TC-442
Denver,108,504,100,TC-442
Denver,108,505,100,TC-442
Denver,108,506,100,TC-449
Denver,108,507,100,TC-449
Denver,108,508,100,TC-449
Denver,108,509,100,TC-449
Denver,108,510,100,TC-449
Denver,108,511,100,TC-449
Denver,108,512,101,TC-449
Denver,108,513,100,TC-449
Denver,108,514,100,TC-457
Denver,108,515,100,TC-457
Denver,108,516,100,TC-457
Denver,108,517,100,TC-457
Denver,108,518,100,TC-457
Denver,108,519,100,TC-457
Denver,108,520,100,TC-457
Denver,108,521,100,TC-457
Denver,108,522,100,TC-464
Denver,108,523,100,TC-464
Denver,108,524,100,TC-464
Denver,108,525,100,TC-464
Denver,108,526,100,TC-464
Denver,108,527,100,TC-464
Denver,108,528,100,TC-464
Denver,108,529,100,TC-464
Denver,108,530,100,TC-466
Denver,108,531,100,TC-466
Denver,108,532,100,TC-466
Denver,108,533,100,TC-466
Denver,108,534,100,TC-466
Denver,108,535,100,TC-466
Denver,108,536,102,TC-466
Denver,108,537,98,TC-466
Denver,108,538,100,TC-470
Denver,108,539,100,TC-470
Denver,108,540,100,TC-470
Denver,108,541,100,TC-470
Denver,108,542,100,TC-470
Denver,108,543,100,TC-470
Denver,108,544,100,TC-470
Denver,108,545,100,TC-470
Denver,108,546,100,TC-474
Denver,108,547,100,TC-474
Denver,108,548,100,TC-474
Denver,108,549,100,TC-474
Denver,108,550,100,TC-474
Denver,108,551,100,TC-474
Denver,108,552,100,TC-474
Denver,108,553,100,TC-474
Denver,109,1,100,TC-002
Denver,109,2,100,TC-008
Denver,109,3,100,TC-008
Denver,109,4,100,TC-008
Denver,109,5,100,TC-008
Denver,109,6,100,TC-008
Denver,109,7,100,TC-008
Denver,109,8,100,TC-008
Denver,109,9,100,TC-008
Denver,109,10,100,TC-019
Denver,109,11,100,TC-019
Denver,109,12,100,TC-019
Denver,109,13,100,TC-019
Denver,109,14,100,TC-019
Denver,109,15,100,TC-019
Denver,109,16,100,TC-019
Denver,109,17,100,TC-019
Denver,109,18,100,TC-031
Denver,109,19,100,TC-031
Denver,109,20,100,TC-031
Denver,109,21,100,TC-031
Denver,109,22,100,TC-031
Denver,109,23,100,TC-031
Denver,109,24,100,TC-031
Denver,109,25,100,TC-031
Denver,109,26,100,TC-038
Denver,109,27,100,TC-038
Denver,109,28,100,TC-038
Denver,109,29,100,TC-038
Denver,109,30,100,TC-038
Denver,109,31,100,TC-038
Denver,109,32,100,TC-038
Denver,109,33,100,TC-038
Denver,109,34,100,TC-050
Denver,109,35,100,TC-050
Denver,109,36,100,TC-050
Denver,109,37,100,TC-050
Denver,109,38,100,TC-050
Denver,109,39,100,TC-050
Denver,109,40,100,TC-050
Denver,109,41,100,TC-050
Denver,109,42,100,TC-066
Denver,109,43,100,TC-066
Denver,109,44,100,TC-066
Denver,109,45,100,TC-066
Denver,109,46,100,TC-066
Denver,109,47,100,TC-066
Denver,109,48,100,TC-066
Denver,109,49,100,TC-066
Denver,109,50,100,TC-089
Denver,109,51,100,TC-089
Denver,109,52,100,TC-089
Denver,109,53,100,TC-089
Denver,109,54,100,TC-089
Denver,109,55,100,TC-089
Denver,109,56,100,TC-089
Denver,109,57,100,TC-089
Denver,109,58,100,TC-104
Denver,109,59,100,TC-104
Denver,109,60,100,TC-104
Denver,109,61,100,TC-104
Denver,109,62,100,TC-104
Denver,109,63,100,TC-104
Denver,109,64,100,TC-104
Denver,109,65,100,TC-104
Denver,109,66,100,TC-151
Denver,109,67,100,TC-151
Denver,109,68,100,TC-151
Denver,109,69,100,TC-151
Denver,109,70,100,TC-151
Denver,109,71,100,TC-151
Denver,109,72,100,TC-151
Denver,109,73,100,TC-151
Denver,109,74,100,TC-167
Denver,109,75,100,TC-167
Denver,109,76,100,TC-167
Denver,109,77,100,TC-167
Denver,109,78,100,TC-167
Denver,109,79,100,TC-167
Denver,109,80,100,TC-167
Denver,109,81,100,TC-167
Denver,109,82,100,TC-191
Denver,109,83,100,TC-191
Denver,109,84,100,TC-191
Denver,109,85,100,TC-191
Denver,109,86,100,TC-191
Denver,109,87,100,TC-191
Denver,109,88,100,TC-191
Denver,109,89,100,TC-191
Denver,109,90,100,TC-207
Denver,109,91,100,TC-207
Denver,109,92,100,TC-207
Denver,109,93,100,TC-207
Denver,109,94,100,TC-207
Denver,109,95,100,TC-207
Denver,109,96,100,TC-207
Denver,109,97,100,TC-207
Denver,109,98,100,TC-239
Denver,109,99,100,TC-239
Denver,109,100,100,TC-239
Denver,109,101,100,TC-239
Denver,109,102,100,TC-239
Denver,109,103,100,TC-239
Denver,109,104,100,TC-239
Denver,109,105,100,TC-239
Denver,109,106,100,TC-249
Denver,109,107,100,TC-249
Denver,109,108,100,TC-249
Denver,109,109,100,TC-249
Denver,109,110,100,TC-249
Denver,109,111,100,TC-249
Denver,109,112,100,TC-249
Denver,109,113,100,TC-249
Denver,109,114,100,TC-256
Denver,109,115,100,TC-256
Denver,109,116,100,TC-256
Denver,109,117,100,TC-256
Denver,109,118,100,TC-256
Denver,109,119,100,TC-256
Denver,109,120,100,TC-256
Denver,109,121,100,TC-256
Denver,109,122,100,TC-259
Denver,109,123,100,TC-259
Denver,109,124,100,TC-259
Denver,109,125,100,TC-259
Denver,109,126,100,TC-259
Denver,109,127,100,TC-259
Denver,109,128,100,TC-259
Denver,109,129,100,TC-259
Denver,109,130,100,TC-269
Denver,109,131,100,TC-269
Denver,109,132,100,TC-269
Denver,109,133,100,TC-269
Denver,109,134,100,TC-269
Denver,109,135,100,TC-269
Denver,109,136,100,TC-269
Denver,109,137,100,TC-269
Denver,109,138,100,TC-279
Denver,109,139,100,TC-279
Denver,109,140,100,TC-279
Denver,109,141,100,TC-279
Denver,109,142,100,TC-279
Denver,109,143,100,TC-279
Denver,109,144,100,TC-279
Denver,109,145,100,TC-279
Denver,109,146,100,TC-289
Denver,109,147,100,TC-289
Denver,109,148,100,TC-289
Denver,109,149,100,TC-289
Denver,109,150,100,TC-289
Denver,109,151,99,TC-289
Denver,109,152,100,TC-289
Denver,109,153,100,TC-289
Denver,109,154,100,TC-298
Denver,109,155,100,TC-298
Denver,109,156,100,TC-298
Denver,109,157,100,TC-298
Denver,109,158,100,TC-298
Denver,109,159,100,TC-298
Denver,109,160,100,TC-298
Denver,109,161,100,TC-298
Denver,109,162,100,TC-305
Denver,109,163,100,TC-305
Denver,109,164,100,TC-305
Denver,109,165,100,TC-305
Denver,109,166,100,TC-305
Denver,109,167,100,TC-305
Denver,109,168,100,TC-305
Denver,109,169,100,TC-305
Denver,109,170,100,TC-315
Denver,109,171,100,TC-315
Denver,109,172,100,TC-315
Denver,109,173,100,TC-315
Denver,109,174,100,TC-315
Denver,109,175,100,TC-315
Denver,109,176,100,TC-315
Denver,109,177,100,TC-315
Denver,109,178,100,TC-326
Denver,109,179,100,TC-326
Denver,109,180,100,TC-326
Denver,109,181,100,TC-326
Denver,109,182,100,TC-326
Denver,109,183,100,TC-326
Denver,109,184,100,TC-326
Denver,109,185,100,TC-326
Denver,109,186,100,TC-332
Denver,109,187,100,TC-332
Denver,109,188,100,TC-332
Denver,109,189,100,TC-332
Denver,109,190,100,TC-332
Denver,109,191,100,TC-332
Denver,109,192,100,TC-332
Denver,109,193,100,TC-332
Denver,109,194,100,TC-338
Denver,109,195,100,TC-338
Denver,109,196,100,TC-338
Denver,109,198,100,TC-338
Denver,109,199,100,TC-338
Denver,109,200,100,TC-338
Denver,109,201,100,TC-338
Denver,109,202,100,TC-353
Denver,109,203,100,TC-353
Denver,109,204,100,TC-353
Denver,109,205,100,TC-353
Denver,109,206,100,TC-353
Denver,109,207,100,TC-353
Denver,109,208,100,TC-353
Denver,109,209,100,TC-353
Denver,109,210,100,TC-360
Denver,109,211,100,TC-360
Denver,109,212,100,TC-360
Denver,109,213,100,TC-360
Denver,109,214,100,TC-360
Denver,109,215,100,TC-360
Denver,109,216,100,TC-360
Denver,109,217,100,TC-360
Denver,109,218,100,TC-338
Denver,110,1,100,TC-002
Denver,110,2,100,TC-013
Denver,110,3,100,TC-013
Denver,110,4,100,TC-013
Denver,110,5,100,TC-013
Denver,110,6,100,TC-013
Denver,110,7,100,TC-013
Denver,110,8,100,TC-013
Denver,110,9,100,TC-013
Denver,110,10,100,TC-023
Denver,110,11,100,TC-023
Denver,110,12,100,TC-023
Denver,110,13,100,TC-023
Denver,110,14,100,TC-023
Denver,110,15,100,TC-023
Denver,110,16,100,TC-023
Denver,110,17,100,TC-023
Denver,110,18,100,TC-036
Denver,110,19,100,TC-036
Denver,110,20,100,TC-036
Denver,110,21,100,TC-036
Denver,110,22,100,TC-036
Denver,110,23,100,TC-036
Denver,110,24,100,TC-036
Denver,110,25,100,TC-036
Denver,110,26,100,TC-046
Denver,110,27,100,TC-046
Denver,110,28,100,TC-046
Denver,110,29,100,TC-046
Denver,110,30,100,TC-046
Denver,110,31,100,TC-046
Denver,110,32,100,TC-046
Denver,110,33,100,TC-046
Denver,110,34,100,TC-055
Denver,110,35,100,TC-055
Denver,110,36,100,TC-055
Denver,110,37,100,TC-055
Denver,110,38,100,TC-055
Denver,110,39,100,TC-055
Denver,110,40,100,TC-055
Denver,110,41,100,TC-055
Denver,110,42,100,TC-071
Denver,110,43,100,TC-071
Denver,110,44,100,TC-071
Denver,110,45,100,TC-071
Denver,110,46,100,TC-071
Denver,110,47,100,TC-071
Denver,110,48,100,TC-071
Denver,110,49,100,TC-071
Denver,110,50,100,TC-084
Denver,110,51,100,TC-084
Denver,110,52,100,TC-084
Denver,110,53,100,TC-084
Denver,110,54,100,TC-084
Denver,110,55,100,TC-084
Denver,110,56,100,TC-084
Denver,110,57,100,TC-084
Denver,110,58,100,TC-096
Denver,110,59,100,TC-096
Denver,110,60,100,TC-096
Denver,110,61,100,TC-096
Denver,110,62,100,TC-096
Denver,110,63,100,TC-096
Denver,110,64,100,TC-096
Denver,110,65,100,TC-096
Denver,110,66,100,TC-116
Denver,110,67,100,TC-116
Denver,110,68,100,TC-116
Denver,110,69,100,TC-116
Denver,110,70,100,TC-116
Denver,110,71,100,TC-116
Denver,110,72,100,TC-116
Denver,110,73,100,TC-116
Denver,110,74,100,TC-125
Denver,110,75,100,TC-125
Denver,110,76,100,TC-125
Denver,110,77,100,TC-125
Denver,110,78,100,TC-125
Denver,110,79,100,TC-125
Denver,110,80,100,TC-125
Denver,110,81,100,TC-125
Denver,110,82,100,TC-141
Denver,110,83,100,TC-141
Denver,110,84,100,TC-141
Denver,110,85,100,TC-141
Denver,110,86,100,TC-141
Denver,110,87,100,TC-141
Denver,110,88,100,TC-141
Denver,110,89,100,TC-141
Denver,110,90,100,TC-156
Denver,110,91,100,TC-156
Denver,110,92,100,TC-156
Denver,110,93,100,TC-156
Denver,110,94,100,TC-156
Denver,110,95,100,TC-156
Denver,110,96,100,TC-156
Denver,110,97,100,TC-156
Denver,110,98,100,TC-164
Denver,110,99,100,TC-164
Denver,110,100,100,TC-164
Denver,110,101,100,TC-164
Denver,110,102,100,TC-164
Denver,110,103,100,TC-164
Denver,110,104,100,TC-164
Denver,110,105,100,TC-164
Denver,110,106,100,TC-175
Denver,110,107,100,TC-175
Denver,110,108,100,TC-175
Denver,110,109,100,TC-175
Denver,110,110,100,TC-175
Denver,110,111,100,TC-175
Denver,110,112,100,TC-175
Denver,110,113,100,TC-175
Denver,110,114,100,TC-186
Denver,110,115,100,TC-186
Denver,110,116,100,TC-186
Denver,110,117,100,TC-186
Denver,110,118,100,TC-186
Denver,110,119,100,TC-186
Denver,110,120,100,TC-186
Denver,110,121,100,TC-186
Denver,110,122,100,TC-198
Denver,110,123,100,TC-198
Denver,110,124,100,TC-198
Denver,110,125,100,TC-198
Denver,110,126,100,TC-198
Denver,110,127,100,TC-198
Denver,110,128,100,TC-198
Denver,110,129,100,TC-198
Denver,110,130,100,TC-208
Denver,110,131,100,TC-208
Denver,110,132,100,TC-208
Denver,110,133,100,TC-208
Denver,110,134,100,TC-208
Denver,110,135,100,TC-208
Denver,110,136,100,TC-208
Denver,110,137,100,TC-208
Denver,110,138,100,TC-219
Denver,110,139,100,TC-219
Denver,110,140,100,TC-219
Denver,110,141,100,TC-219
Denver,110,142,100,TC-219
Denver,110,143,101,TC-219
Denver,110,144,100,TC-219
Denver,110,145,100,TC-219
Denver,110,146,100,TC-245
Denver,110,147,100,TC-245
Denver,110,148,100,TC-245
Denver,110,149,100,TC-245
Denver,110,150,100,TC-245
Denver,110,151,100,TC-245
Denver,110,152,100,TC-245
Denver,110,153,100,TC-245
Denver,110,154,100,TC-257
Denver,110,155,100,TC-257
Denver,110,156,100,TC-257
Denver,110,157,100,TC-257
Denver,110,158,100,TC-257
Denver,110,159,100,TC-257
Denver,110,160,100,TC-257
Denver,110,161,100,TC-257
Denver,110,162,100,TC-266
Denver,110,163,100,TC-266
Denver,110,164,100,TC-266
Denver,110,165,100,TC-266
Denver,110,166,100,TC-266
Denver,110,167,100,TC-266
Denver,110,168,100,TC-266
Denver,110,169,100,TC-266
Denver,110,170,100,TC-277
Denver,110,171,100,TC-277
Denver,110,172,100,TC-277
Denver,110,173,100,TC-277
Denver,110,174,100,TC-277
Denver,110,175,100,TC-277
Denver,110,176,100,TC-277
Denver,110,177,100,TC-277
Denver,110,178,100,TC-293
Denver,110,179,100,TC-293
Denver,110,180,100,TC-293
Denver,110,181,100,TC-293
Denver,110,182,100,TC-293
Denver,110,183,100,TC-293
Denver,110,184,100,TC-293
Denver,110,185,100,TC-293
Denver,110,186,100,TC-310
Denver,110,187,100,TC-310
Denver,110,188,100,TC-310
Denver,110,189,100,TC-310
Denver,110,190,100,TC-310
Denver,110,191,100,TC-310
Denver,110,192,100,TC-310
Denver,110,193,100,TC-310
Denver,110,194,100,TC-319
Denver,110,195,100,TC-319
Denver,110,196,100,TC-319
Denver,110,197,100,TC-319
Denver,110,198,100,TC-319
Denver,110,199,100,TC-319
Denver,110,200,100,TC-319
Denver,110,201,100,TC-319
Denver,110,202,100,TC-331
Denver,110,203,100,TC-331
Denver,110,204,100,TC-331
Denver,110,205,100,TC-331
Denver,110,206,100,TC-331
Denver,110,207,100,TC-331
Denver,110,208,100,TC-331
Denver,110,209,100,TC-331
Denver,110,210,100,TC-341
Denver,110,211,100,TC-341
Denver,110,212,100,TC-341
Denver,110,213,100,TC-341
Denver,110,214,100,TC-341
Denver,110,215,100,TC-341
Denver,110,216,100,TC-341
Denver,110,217,100,TC-341
Denver,110,218,100,TC-349
Denver,110,219,100,TC-349
Denver,110,220,100,TC-349
Denver,110,221,100,TC-349
Denver,110,222,100,TC-349
Denver,110,223,100,TC-349
Denver,110,224,100,TC-349
Denver,110,225,100,TC-349
Denver,110,226,100,TC-357
Denver,110,227,100,TC-357
Denver,110,228,100,TC-357
Denver,110,229,100,TC-357
Denver,110,230,100,TC-357
Denver,110,231,100,TC-357
Denver,110,232,100,TC-357
Denver,110,233,100,TC-357
Denver,110,234,100,TC-412
Denver,110,235,100,TC-412
Denver,110,236,100,TC-412
Denver,110,237,100,TC-412
Denver,110,238,100,TC-412
Denver,110,239,100,TC-412
Denver,110,240,100,TC-412
Denver,110,241,100,TC-412
Denver,110,242,100,TC-424
Denver,110,243,100,TC-424
Denver,110,244,100,TC-424
Denver,110,245,100,TC-424
Denver,110,246,100,TC-424
Denver,110,247,100,TC-424
Denver,110,248,100,TC-424
Denver,110,249,100,TC-424
Denver,110,250,100,TC-431
Denver,110,251,100,TC-431
Denver,110,252,100,TC-431
Denver,110,253,100,TC-431
Denver,110,254,100,TC-431
Denver,110,255,100,TC-431
Denver,110,256,100,TC-431
Denver,110,257,100,TC-431
Denver,110,258,100,TC-443
Denver,110,259,100,TC-443
Denver,110,260,100,TC-443
Denver,110,261,100,TC-443
Denver,110,262,100,TC-443
Denver,110,263,100,TC-443
Denver,110,264,100,TC-443
Denver,110,265,100,TC-443
Denver,110,266,100,TC-453
Denver,110,267,100,TC-453
Denver,110,268,100,TC-453
Denver,110,269,100,TC-453
Denver,110,270,100,TC-453
Denver,110,271,100,TC-453
Denver,110,272,100,TC-453
Denver,110,273,100,TC-453
Denver,110,274,100,TC-465
Denver,110,275,100,TC-465
Denver,110,276,100,TC-465
Denver,110,277,100,TC-465
Denver,110,278,100,TC-465
Denver,110,279,100,TC-465
Denver,110,280,100,TC-465
Denver,110,281,100,TC-465
Denver,110,282,100,TC-467
Denver,110,283,100,TC-467
Denver,110,284,100,TC-467
Denver,110,285,100,TC-467
Denver,110,286,100,TC-467
Denver,110,287,100,TC-467
Denver,110,288,100,TC-467
Denver,110,289,100,TC-467
Denver,110,290,100,TC-472
Denver,110,291,100,TC-472
Denver,110,292,100,TC-472
Denver,110,293,100,TC-472
Denver,110,294,100,TC-472
Denver,110,295,100,TC-472
Denver,110,296,100,TC-472
Denver,110,297,100,TC-472
Denver,110,298,100,TC-476
Denver,110,299,100,TC-476
Denver,110,300,100,TC-476
Denver,110,301,100,TC-476
Denver,110,302,100,TC-476
Denver,110,303,100,TC-476
Denver,110,304,100,TC-476
Denver,110,305,100,TC-476
Denver,110,306,100,TC-480
Denver,110,307,100,TC-480
Denver,110,308,100,TC-480
Denver,110,309,100,TC-480
Denver,110,310,113,TC-480
Denver,110,311,113,TC-482
Denver,111,1,100,TC-002
Denver,111,2,100,TC-015
Denver,111,3,100,TC-015
Denver,111,4,100,TC-015
Denver,111,5,100,TC-015
Denver,111,6,100,TC-015
Denver,111,7,100,TC-015
Denver,111,8,100,TC-015
Denver,111,9,100,TC-015
Denver,111,10,100,TC-033
Denver,111,11,100,TC-033
Denver,111,12,100,TC-033
Denver,111,13,100,TC-033
Denver,111,14,100,TC-033
Denver,111,15,100,TC-033
Denver,111,16,100,TC-033
Denver,111,17,100,TC-033
Denver,111,18,100,TC-075
Denver,111,19,100,TC-075
Denver,111,20,100,TC-075
Denver,111,21,100,TC-075
Denver,111,22,100,TC-075
Denver,111,23,100,TC-075
Denver,111,24,100,TC-075
Denver,111,25,100,TC-075
Denver,111,26,100,TC-086
Denver,111,27,100,TC-086
Denver,111,28,100,TC-086
Denver,111,29,100,TC-086
Denver,111,30,100,TC-086
Denver,111,31,100,TC-086
Denver,111,32,100,TC-086
Denver,111,33,100,TC-086
Denver,111,34,100,TC-097
Denver,111,35,100,TC-097
Denver,111,36,100,TC-097
Denver,111,37,100,TC-097
Denver,111,38,100,TC-097
Denver,111,39,100,TC-097
Denver,111,40,100,TC-097
Denver,111,41,100,TC-097
Denver,111,42,100,TC-227
Denver,111,43,100,TC-227
Denver,111,44,100,TC-227
Denver,111,45,100,TC-227
Denver,111,46,100,TC-227
Denver,111,47,100,TC-227
Denver,111,48,100,TC-227
Denver,111,49,100,TC-227
Denver,111,50,100,TC-238
Denver,111,51,100,TC-238
Denver,111,52,100,TC-238
Denver,111,53,100,TC-238
Denver,111,54,100,TC-238
Denver,111,55,100,TC-238
Denver,111,56,100,TC-238
Denver,111,57,100,TC-238
Denver,111,58,100,TC-250
Denver,111,59,100,TC-250
Denver,111,60,100,TC-250
Denver,111,61,100,TC-250
Denver,111,62,100,TC-250
Denver,111,63,100,TC-250
Denver,111,64,100,TC-250
Denver,111,65,100,TC-250
Denver,111,66,100,TC-264
Denver,111,67,100,TC-264
Denver,111,68,100,TC-264
Denver,111,69,100,TC-264
Denver,111,70,100,TC-264
Denver,111,71,100,TC-264
Denver,111,72,100,TC-264
Denver,111,73,100,TC-264
Denver,111,74,100,TC-295
Denver,111,75,100,TC-295
Denver,111,76,100,TC-295
Denver,111,77,100,TC-295
Denver,111,78,108,TC-295
Denver,111,79,100,TC-295
Denver,111,80,100,TC-295
Denver,111,81,100,TC-295
Denver,111,82,100,TC-301
Denver,111,83,100,TC-301
Denver,111,84,100,TC-301
Denver,111,85,100,TC-301
Denver,111,86,100,TC-301
Denver,111,87,100,TC-301
Denver,111,88,100,TC-301
Denver,111,89,100,TC-301
Denver,111,90,100,TC-333
Denver,111,91,100,TC-333
Denver,111,92,100,TC-333
Denver,111,93,100,TC-333
Denver,111,94,100,TC-333
Denver,111,95,100,TC-333
Denver,111,96,100,TC-333
Denver,111,97,100,TC-333
Denver,111,98,100,TC-348
Denver,111,99,100,TC-348
Denver,111,100,100,TC-348
Denver,111,101,100,TC-348
Denver,111,102,100,TC-348
Denver,111,103,100,TC-348
Denver,111,104,100,TC-348
Denver,111,105,100,TC-348
Denver,111,106,100,TC-368
Denver,111,107,100,TC-368
Denver,111,108,100,TC-368
Denver,111,109,100,TC-368
Denver,111,110,100,TC-368
Denver,111,111,100,TC-368
Denver,111,112,100,TC-368
Denver,111,113,100,TC-368
Denver,111,114,100,TC-379
Denver,111,115,100,TC-379
Denver,111,116,100,TC-379
Denver,111,117,100,TC-379
Denver,111,118,100,TC-379
Denver,111,119,100,TC-379
Denver,111,120,100,TC-379
Denver,111,121,100,TC-379
Denver,111,122,100,TC-395
Denver,111,123,100,TC-395
Denver,111,124,100,TC-395
Denver,111,125,100,TC-395
Denver,111,126,100,TC-395
Denver,111,127,100,TC-395
Denver,111,128,100,TC-395
Denver,111,129,100,TC-395
Denver,111,130,100,TC-402
Denver,111,131,100,TC-402
Denver,111,132,100,TC-402
Denver,111,133,100,TC-402
Denver,111,134,100,TC-402
Denver,111,135,100,TC-402
Denver,111,136,100,TC-402
Denver,111,137,100,TC-402
Denver,111,138,100,TC-410
Denver,111,139,100,TC-410
Denver,111,140,100,TC-410
Denver,111,141,100,TC-410
Denver,111,142,100,TC-410
Denver,111,143,100,TC-410
Denver,111,144,100,TC-410
Denver,111,145,100,TC-410
Denver,111,146,100,TC-423
Denver,111,147,100,TC-423
Denver,111,148,100,TC-423
Denver,111,149,100,TC-423
Denver,111,150,100,TC-423
Denver,111,151,100,TC-423
Denver,111,152,100,TC-423
Denver,111,153,100,TC-423
Denver,111,154,117,TC-483
Denver,111,155,100,TC-483
Denver,111,156,100,TC-483
Denver,111,157,100,TC-483
Denver,111,158,100,TC-483
Denver,111,159,100,TC-483
Denver,111,160,100,TC-483
Denver,111,161,100,TC-483
Denver,111,162,115,TC-484
Denver,111,163,100,TC-484
Denver,111,165,46,TC-484
Denver,112,1,100,TC-002
Denver,112,2,100,TC-064
Denver,112,3,100,TC-064
Denver,112,4,100,TC-064
Denver,112,5,100,TC-064
Denver,112,6,100,TC-064
Denver,112,7,100,TC-064
Denver,112,8,100,TC-064
Denver,112,9,100,TC-064
Denver,112,10,100,TC-073
Denver,112,11,100,TC-073
Denver,112,12,100,TC-073
Denver,112,13,100,TC-073
Denver,112,14,100,TC-073
Denver,112,15,100,TC-073
Denver,112,16,100,TC-073
Denver,112,17,100,TC-073
Denver,112,18,100,TC-078
Denver,112,19,100,TC-078
Denver,112,20,100,TC-078
Denver,112,21,100,TC-078
Denver,112,22,100,TC-078
Denver,112,23,100,TC-078
Denver,112,24,100,TC-078
Denver,112,25,100,TC-078
Denver,112,26,100,TC-088
Denver,112,27,100,TC-088
Denver,112,28,100,TC-088
Denver,112,29,100,TC-088
Denver,112,30,100,TC-088
Denver,112,31,100,TC-088
Denver,112,32,100,TC-088
Denver,112,33,100,TC-088
Denver,112,34,100,TC-094
Denver,112,35,100,TC-094
Denver,112,36,100,TC-094
Denver,112,37,100,TC-094
Denver,112,38,100,TC-094
Denver,112,39,100,TC-094
Denver,112,40,100,TC-094
Denver,112,41,100,TC-094
Denver,112,42,100,TC-100
Denver,112,43,100,TC-100
Denver,112,44,100,TC-100
Denver,112,45,100,TC-100
Denver,112,46,100,TC-100
Denver,112,47,100,TC-100
Denver,112,48,100,TC-100
Denver,112,49,100,TC-100
Denver,112,50,100,TC-106
Denver,112,51,100,TC-106
Denver,112,52,100,TC-106
Denver,112,53,100,TC-106
Denver,112,54,100,TC-106
Denver,112,55,100,TC-106
Denver,112,56,100,TC-106
Denver,112,57,100,TC-106
Denver,112,58,100,TC-112
Denver,112,59,100,TC-112
Denver,112,60,100,TC-112
Denver,112,61,100,TC-112
Denver,112,62,100,TC-112
Denver,112,63,100,TC-112
Denver,112,64,100,TC-112
Denver,112,65,100,TC-112
Denver,112,66,100,TC-118
Denver,112,67,100,TC-118
Denver,112,68,100,TC-118
Denver,112,69,100,TC-118
Denver,112,70,100,TC-118
Denver,112,71,100,TC-118
Denver,112,72,100,TC-118
Denver,112,73,100,TC-118
Denver,112,75,100,TC-123
Denver,112,76,100,TC-123
Denver,112,77,100,TC-123
Denver,112,78,100,TC-123
Denver,112,79,100,TC-123
Denver,112,80,100,TC-123
Denver,112,81,100,TC-123
Denver,112,82,100,TC-123
Denver,112,83,100,TC-131
Denver,112,84,100,TC-131
Denver,112,85,100,TC-131
Denver,112,86,100,TC-131
Denver,112,87,100,TC-131
Denver,112,88,100,TC-131
Denver,112,89,100,TC-131
Denver,112,90,100,TC-131
Denver,112,91,100,TC-136
Denver,112,92,100,TC-136
Denver,112,93,100,TC-136
Denver,112,94,100,TC-136
Denver,112,95,100,TC-136
Denver,112,96,100,TC-136
Denver,112,97,100,TC-136
Denver,112,98,100,TC-136
Denver,112,99,100,TC-143
Denver,112,100,100,TC-143
Denver,112,101,100,TC-143
Denver,112,102,100,TC-143
Denver,112,103,100,TC-143
Denver,112,104,100,TC-143
Denver,112,105,100,TC-143
Denver,112,106,100,TC-143
Denver,112,107,100,TC-152
Denver,112,108,100,TC-152
Denver,112,109,100,TC-152
Denver,112,110,100,TC-152
Denver,112,111,100,TC-152
Denver,112,112,100,TC-152
Denver,112,113,100,TC-152
Denver,112,114,100,TC-152
Denver,112,115,100,TC-161
Denver,112,116,100,TC-161
Denver,112,117,100,TC-161
Denver,112,118,100,TC-161
Denver,112,119,100,TC-161
Denver,112,120,100,TC-161
Denver,112,121,100,TC-161
Denver,112,122,100,TC-161
Denver,112,123,100,TC-170
Denver,112,124,100,TC-170
Denver,112,125,100,TC-170
Denver,112,126,100,TC-170
Denver,112,127,100,TC-170
Denver,112,128,100,TC-170
Denver,112,129,100,TC-170
Denver,112,130,100,TC-170
Denver,112,131,100,TC-248
Denver,112,132,100,TC-248
Denver,112,133,100,TC-248
Denver,112,134,100,TC-248
Denver,112,135,100,TC-248
Denver,112,136,100,TC-248
Denver,112,137,100,TC-248
Denver,112,138,100,TC-248
Denver,112,139,100,TC-262
Denver,112,140,100,TC-262
Denver,112,141,100,TC-262
Denver,112,142,100,TC-262
Denver,112,143,100,TC-262
Denver,112,144,100,TC-262
Denver,112,145,100,TC-262
Denver,112,146,100,TC-262
Denver,112,147,100,TC-272
Denver,112,148,100,TC-272
Denver,112,149,100,TC-272
Denver,112,150,100,TC-272
Denver,112,151,100,TC-272
Denver,112,152,100,TC-272
Denver,112,153,100,TC-272
Denver,112,154,100,TC-272
Denver,112,155,100,TC-286
Denver,112,156,100,TC-286
Denver,112,157,100,TC-286
Denver,112,158,100,TC-286
Denver,112,159,100,TC-286
Denver,112,160,100,TC-286
Denver,112,161,100,TC-286
Denver,112,162,100,TC-286
Denver,112,163,100,TC-294
Denver,112,164,100,TC-294
Denver,112,165,100,TC-294
Denver,112,166,100,TC-294
Denver,112,167,100,TC-294
Denver,112,168,100,TC-294
Denver,112,169,100,TC-294
Denver,112,170,100,TC-294
Denver,112,171,100,TC-308
Denver,112,172,100,TC-308
Denver,112,173,100,TC-308
Denver,112,174,100,TC-308
Denver,112,175,100,TC-308
Denver,112,176,101,TC-308
Denver,112,177,100,TC-308
Denver,112,178,101,TC-308
Denver,112,179,100,TC-318
Denver,112,180,100,TC-318
Denver,112,181,100,TC-318
Denver,112,182,100,TC-318
Denver,112,183,100,TC-318
Denver,112,184,100,TC-318
Denver,112,185,100,TC-318
Denver,112,186,100,TC-318
Denver,112,187,100,TC-329
Denver,112,188,100,TC-329
Denver,112,189,100,TC-329
Denver,112,190,100,TC-329
Denver,112,191,100,TC-329
Denver,112,192,100,TC-329
Denver,112,193,100,TC-329
Denver,112,194,100,TC-329
Denver,112,195,100,TC-340
Denver,112,196,100,TC-340
Denver,112,197,100,TC-340
Denver,112,198,100,TC-340
Denver,112,199,100,TC-340
Denver,112,200,100,TC-340
Denver,112,201,100,TC-340
Denver,112,202,100,TC-340
Denver,112,203,100,TC-347
Denver,112,204,100,TC-347
Denver,112,205,100,TC-347
Denver,112,206,100,TC-347
Denver,112,207,100,TC-347
Denver,112,208,100,TC-347
Denver,112,209,100,TC-347
Denver,112,210,100,TC-347
Denver,112,211,100,TC-351
Denver,112,212,100,TC-351
Denver,112,213,100,TC-351
Denver,112,214,100,TC-351
Denver,112,215,100,TC-351
Denver,112,216,100,TC-351
Denver,112,217,100,TC-351
Denver,112,218,100,TC-351
Denver,112,219,100,TC-359
Denver,112,220,100,TC-359
Denver,112,221,100,TC-359
Denver,112,222,100,TC-359
Denver,112,223,100,TC-359
Denver,112,224,100,TC-359
Denver,112,225,100,TC-359
Denver,112,226,100,TC-359
Denver,112,227,100,TC-365
Denver,112,228,100,TC-365
Denver,112,229,100,TC-365
Denver,112,230,100,TC-365
Denver,112,231,100,TC-365
Denver,112,232,100,TC-365
Denver,112,233,100,TC-365
Denver,112,234,100,TC-365
Denver,112,235,100,TC-370
Denver,112,236,100,TC-370
Denver,112,237,100,TC-370
Denver,112,238,100,TC-370
Denver,112,239,100,TC-370
Denver,112,240,100,TC-370
Denver,112,241,100,TC-370
Denver,112,242,100,TC-370
Denver,112,243,100,TC-377
Denver,112,244,100,TC-377
Denver,112,245,100,TC-377
Denver,112,246,100,TC-377
Denver,112,247,100,TC-377
Denver,112,248,100,TC-377
Denver,112,249,100,TC-377
Denver,112,250,100,TC-377
Denver,112,251,100,TC-384
Denver,112,252,100,TC-384
Denver,112,253,101,TC-384
Denver,112,254,100,TC-384
Denver,112,255,100,TC-384
Denver,112,256,100,TC-384
Denver,112,257,100,TC-384
Denver,112,258,100,TC-384
Denver,112,259,100,TC-391
Denver,112,260,100,TC-391
Denver,112,261,100,TC-391
Denver,112,262,100,TC-391
Denver,112,263,100,TC-391
Denver,112,264,100,TC-391
Denver,112,265,100,TC-391
Denver,112,266,100,TC-391
Denver,112,267,100,TC-403
Denver,112,268,100,TC-403
Denver,112,269,100,TC-403
Denver,112,270,100,TC-403
Denver,112,271,100,TC-403
Denver,112,272,100,TC-403
Denver,112,273,100,TC-403
Denver,112,274,100,TC-403
Denver,112,275,100,TC-405
Denver,112,276,100,TC-405
Denver,112,277,100,TC-405
Denver,112,278,100,TC-405
Denver,112,279,100,TC-405
Denver,112,280,100,TC-405
Denver,112,281,100,TC-405
Denver,112,282,100,TC-405
Denver,112,283,100,TC-415
Denver,112,284,100,TC-415
Denver,112,285,100,TC-415
Denver,112,286,100,TC-415
Denver,112,287,100,TC-415
Denver,112,288,100,TC-415
Denver,112,289,100,TC-415
Denver,112,290,100,TC-415
Denver,112,291,100,TC-425
Denver,112,292,100,TC-425
Denver,112,293,100,TC-425
Denver,112,294,100,TC-425
Denver,112,295,100,TC-425
Denver,112,296,100,TC-425
Denver,112,297,100,TC-425
Denver,112,298,100,TC-425
Denver,112,299,100,TC-434
Denver,112,300,100,TC-434
Denver,112,301,100,TC-434
Denver,112,302,100,TC-434
Denver,112,303,100,TC-434
Denver,112,304,100,TC-434
Denver,112,305,100,TC-434
Denver,112,306,100,TC-434
Denver,112,307,100,TC-440
Denver,112,308,100,TC-440
Denver,112,309,100,TC-440
Denver,112,310,100,TC-440
Denver,112,311,100,TC-440
Denver,112,312,100,TC-440
Denver,112,313,100,TC-440
Denver,112,314,100,TC-440
Denver,112,315,100,TC-451
Denver,112,316,100,TC-451
Denver,112,317,100,TC-451
Denver,112,318,100,TC-451
Denver,112,319,100,TC-451
Denver,112,320,100,TC-451
Denver,112,321,100,TC-451
Denver,112,322,100,TC-451
Denver,112,323,100,TC-461
Denver,112,324,100,TC-461
Denver,112,325,100,TC-461
Denver,112,326,100,TC-461
Denver,112,327,100,TC-461
Denver,112,328,100,TC-461
Denver,112,329,100,TC-461
Denver,112,330,100,TC-461
Denver,113,1,100,TC-002
Denver,113,2,100,TC-029
Denver,113,3,100,TC-029
Denver,113,4,100,TC-029
Denver,113,5,100,TC-029
Denver,113,6,100,TC-029
Denver,113,7,100,TC-029
Denver,113,8,100,TC-029
Denver,113,9,100,TC-029
Denver,113,10,100,TC-040
Denver,113,11,100,TC-040
Denver,113,12,100,TC-040
Denver,113,13,100,TC-040
Denver,113,14,100,TC-040
Denver,113,15,100,TC-040
Denver,113,16,100,TC-040
Denver,113,17,100,TC-040
Denver,113,18,100,TC-051
Denver,113,19,100,TC-051
Denver,113,20,100,TC-051
Denver,113,21,100,TC-051
Denver,113,22,100,TC-051
Denver,113,23,100,TC-051
Denver,113,24,100,TC-051
Denver,113,25,100,TC-051
Denver,113,26,100,TC-154
Denver,113,27,100,TC-154
Denver,113,28,100,TC-154
Denver,113,29,100,TC-154
Denver,113,30,100,TC-154
Denver,113,31,100,TC-154
Denver,113,32,100,TC-154
Denver,113,33,100,TC-154
Denver,113,34,100,TC-169
Denver,113,35,100,TC-169
Denver,113,36,100,TC-169
Denver,113,37,100,TC-169
Denver,113,38,100,TC-169
Denver,113,39,100,TC-169
Denver,113,40,100,TC-169
Denver,113,41,100,TC-169
Denver,113,42,100,TC-183
Denver,113,43,100,TC-183
Denver,113,44,100,TC-183
Denver,113,45,100,TC-183
Denver,113,46,100,TC-183
Denver,113,47,100,TC-183
Denver,113,48,100,TC-183
Denver,113,49,100,TC-183
Denver,113,50,100,TC-199
Denver,113,51,100,TC-199
Denver,113,52,100,TC-199
Denver,113,53,100,TC-199
Denver,113,54,100,TC-199
Denver,113,55,100,TC-199
Denver,113,56,100,TC-199
Denver,113,57,100,TC-199
Denver,113,58,100,TC-213
Denver,113,59,100,TC-213
Denver,113,60,100,TC-213
Denver,113,61,100,TC-213
Denver,113,62,100,TC-213
Denver,113,63,100,TC-213
Denver,113,64,100,TC-213
Denver,113,65,100,TC-213
Denver,113,66,100,TC-224
Denver,113,67,100,TC-224
Denver,113,68,100,TC-224
Denver,113,69,100,TC-224
Denver,113,70,100,TC-224
Denver,113,71,100,TC-224
Denver,113,72,100,TC-224
Denver,113,73,100,TC-224
Denver,113,74,100,TC-231
Denver,113,75,100,TC-231
Denver,113,76,100,TC-231
Denver,113,77,100,TC-231
Denver,113,78,100,TC-231
Denver,113,79,100,TC-231
Denver,113,80,100,TC-231
Denver,113,81,100,TC-231
Denver,113,82,100,TC-237
Denver,113,83,100,TC-237
Denver,113,84,100,TC-237
Denver,113,85,100,TC-237
Denver,113,86,100,TC-237
Denver,113,87,100,TC-237
Denver,113,88,100,TC-237
Denver,113,89,100,TC-237
Denver,113,90,100,TC-244
Denver,113,91,100,TC-244
Denver,113,92,100,TC-244
Denver,113,93,100,TC-244
Denver,113,94,100,TC-244
Denver,113,95,100,TC-244
Denver,113,96,100,TC-244
Denver,113,97,100,TC-244
Denver,113,98,100,TC-263
Denver,113,99,100,TC-263
Denver,113,100,100,TC-263
Denver,113,101,100,TC-263
Denver,113,102,100,TC-263
Denver,113,103,100,TC-263
Denver,113,104,100,TC-263
Denver,113,105,100,TC-263
Denver,113,106,100,TC-275
Denver,113,107,100,TC-275
Denver,113,108,100,TC-275
Denver,113,109,100,TC-275
Denver,113,110,100,TC-275
Denver,113,111,100,TC-275
Denver,113,112,100,TC-275
Denver,113,113,100,TC-275
Denver,113,114,100,TC-291
Denver,113,115,100,TC-291
Denver,113,116,100,TC-291
Denver,113,117,100,TC-291
Denver,113,118,100,TC-291
Denver,113,119,100,TC-291
Denver,113,120,100,TC-291
Denver,113,121,100,TC-291
Denver,113,122,100,TC-309
Denver,113,123,100,TC-309
Denver,113,124,100,TC-309
Denver,113,125,100,TC-309
Denver,113,126,100,TC-309
Denver,113,127,100,TC-309
Denver,113,128,100,TC-309
Denver,113,129,100,TC-309
Denver,113,130,100,TC-321
Denver,113,131,100,TC-321
Denver,113,132,100,TC-321
Denver,113,133,100,TC-321
Denver,113,134,100,TC-321
Denver,113,135,100,TC-321
Denver,113,136,100,TC-321
Denver,113,137,100,TC-321
Denver,113,138,100,TC-334
Denver,113,139,100,TC-334
Denver,113,140,100,TC-334
Denver,113,141,100,TC-334
Denver,113,142,100,TC-334
Denver,113,143,100,TC-334
Denver,113,144,100,TC-334
Denver,113,145,100,TC-334
Denver,113,146,100,TC-345
Denver,113,147,100,TC-345
Denver,113,148,100,TC-345
Denver,113,149,100,TC-345
Denver,113,150,100,TC-345
Denver,113,151,100,TC-345
Denver,113,152,100,TC-345
Denver,113,153,100,TC-345
Denver,113,154,100,TC-361
Denver,113,155,100,TC-361
Denver,113,156,100,TC-361
Denver,113,157,100,TC-361
Denver,113,158,100,TC-361
Denver,113,159,100,TC-361
Denver,113,160,100,TC-361
Denver,113,161,100,TC-361
Denver,113,162,100,TC-372
Denver,113,163,100,TC-372
Denver,113,164,100,TC-372
Denver,113,165,100,TC-372
Denver,113,166,100,TC-372
Denver,113,167,100,TC-372
Denver,113,168,100,TC-372
Denver,113,169,100,TC-372
Denver,113,170,100,TC-408
Denver,113,171,100,TC-408
Denver,113,172,100,TC-408
Denver,113,173,100,TC-408
Denver,113,174,100,TC-408
Denver,113,175,100,TC-408
Denver,113,176,100,TC-408
Denver,113,177,100,TC-408
Denver,113,178,100,TC-417
Denver,113,179,100,TC-417
Denver,113,180,100,TC-417
Denver,113,181,100,TC-417
Denver,113,182,100,TC-417
Denver,113,183,100,TC-417
Denver,113,184,100,TC-417
Denver,113,185,100,TC-417
Denver,113,186,100,TC-428
Denver,113,187,100,TC-428
Denver,113,188,100,TC-428
Denver,113,189,100,TC-428
Denver,113,190,100,TC-428
Denver,113,191,100,TC-428
Denver,113,192,100,TC-428
Denver,113,193,100,TC-428
Denver,113,194,100,TC-437
Denver,113,195,100,TC-437
Denver,113,196,100,TC-437
Denver,113,197,100,TC-437
Denver,113,198,100,TC-437
Denver,113,199,100,TC-437
Denver,113,200,100,TC-437
Denver,113,201,100,TC-437
Denver,113,202,100,TC-445
Denver,113,203,100,TC-445
Denver,113,204,100,TC-445
Denver,113,205,100,TC-445
Denver,113,206,100,TC-445
Denver,113,207,100,TC-445
Denver,113,208,100,TC-445
Denver,113,209,100,TC-445
Denver,113,210,100,TC-454
Denver,113,211,100,TC-454
Denver,113,212,100,TC-454
Denver,113,213,100,TC-454
Denver,113,214,100,TC-454
Denver,113,215,100,TC-454
Denver,113,216,100,TC-454
Denver,113,217,100,TC-454
Denver,113,218,100,TC-463
Denver,113,219,100,TC-463
Denver,113,220,100,TC-463
Denver,113,221,100,TC-463
Denver,113,222,100,TC-463
Denver,113,223,100,TC-463
Denver,113,224,100,TC-463
Denver,113,225,100,TC-463
Denver,113,226,100,TC-468
Denver,113,227,100,TC-468
Denver,113,228,100,TC-468
Denver,113,229,100,TC-468
Denver,113,230,100,TC-468
Denver,113,231,100,TC-468
Denver,113,232,100,TC-468
Denver,113,233,100,TC-468
Denver,113,234,100,TC-473
Denver,113,235,100,TC-473
Denver,113,236,100,TC-473
Denver,113,237,100,TC-473
Denver,113,238,100,TC-473
Denver,113,239,100,TC-473
Denver,113,240,100,TC-473
Denver,113,241,100,TC-473
Denver,113,242,100,TC-477
Denver,113,243,100,TC-477
Denver,113,244,100,TC-477
Denver,113,245,100,TC-477
Denver,113,246,100,TC-477
Denver,113,247,100,TC-477
Denver,113,248,100,TC-477
Denver,113,249,100,TC-477
Denver,114,1,100,TC-002
Denver,119,1,100,TC-433
Denver,119,2,100,TC-433
Denver,119,3,100,TC-433
Denver,119,4,100,TC-433
Denver,119,5,100,TC-433
Denver,119,6,100,TC-433
Denver,119,7,100,TC-433
Denver,119,8,35,TC-433
Denver,119,9,100,TC-441
Denver,119,10,100,TC-441
Denver,119,11,100,TC-441
Denver,119,12,100,TC-441
Denver,119,13,100,TC-441
Denver,119,14,100,TC-441
Denver,119,15,100,TC-441
Denver,119,16,74,TC-441
Denver,119,17,164,TC-446
Denver,119,18,200,TC-446
Denver,119,19,100,TC-446
Denver,119,20,100,TC-446
Denver,119,21,100,TC-446
Denver,119,22,100,TC-446
Denver,119,23,100,TC-446
Denver,119,24,100,TC-446
Denver,119,25,100,TC-447
Denver,119,26,100,TC-447
Denver,119,27,100,TC-447
Denver,119,28,100,TC-447
Denver,119,29,100,TC-447
Denver,119,30,100,TC-447
Denver,119,31,100,TC-447
Denver,119,32,160,TC-447
Denver,119,33,100,TC-458
Denver,119,34,100,TC-458
Denver,119,35,100,TC-458
Denver,119,36,100,TC-458
Denver,119,37,200,TC-458
Denver,119,38,200,TC-458
Denver,119,39,200,TC-458
Denver,119,40,161,TC-458
Denver,120,1,116,TC-111
Denver,120,2,100,TC-111
Denver,120,3,100,TC-111
Denver,120,4,100,TC-111
Denver,120,5,100,TC-111
Denver,120,6,100,TC-111
Denver,120,7,100,TC-111
Denver,120,8,200,TC-111
Denver,120,9,200,TC-242
Denver,120,10,100,TC-242
Denver,120,11,100,TC-242
Denver,120,12,100,TC-242
Denver,120,13,100,TC-242
Denver,120,14,100,TC-242
Denver,120,15,100,TC-242
Denver,120,16,160,TC-242
Denver,120,17,100,TC-343
Denver,120,18,100,TC-343
Denver,120,19,100,TC-343
Denver,120,20,100,TC-343
Denver,120,21,100,TC-343
Denver,120,22,100,TC-343
Denver,120,23,100,TC-343
Denver,120,24,180,TC-343
Denver,120,25,101,TC-350
Denver,120,26,100,TC-350
Denver,120,27,100,TC-350
Denver,120,28,100,TC-350
Denver,120,29,100,TC-350
Denver,120,30,100,TC-350
Denver,120,31,20,TC-350
Denver,120,32,100,TC-416
Denver,120,33,100,TC-416
Denver,120,34,100,TC-416
Denver,120,35,100,TC-416
Denver,120,36,100,TC-416
Denver,120,37,100,TC-416
Denver,120,38,100,TC-416
Denver,120,39,100,TC-416
Denver,120,40,100,TC-421
Denver,120,41,100,TC-421
Denver,120,42,100,TC-421
Denver,120,43,100,TC-421
Denver,120,44,100,TC-421
Denver,120,45,100,TC-421
Denver,120,46,200,TC-421
Denver,120,47,124,TC-421
Denver,120,48,195,TC-430
Denver,120,49,200,TC-430
Denver,120,50,100,TC-430
Denver,120,51,100,TC-430
Denver,120,52,100,TC-430
Denver,120,53,100,TC-430
Denver,120,54,100,TC-430
Denver,120,55,100,TC-430
Denver,120,56,100,TC-432
Denver,120,57,100,TC-432
Denver,120,58,100,TC-432
Denver,120,59,100,TC-432
Denver,120,60,100,TC-432
Denver,120,61,200,TC-432
Denver,120,62,200,TC-432
Denver,120,63,35,TC-432
