county_name,contest_name,imprinted_id,ballot_type,choice_per_voting_computer,audit_board_selection,consensus,record_type,audit_board_comment,timestamp,cvr_id,audit_reason
Larimer,City of Fort Collins Ballot Issue 2A,103-110-89,16,"""Yes/For""","""Yes/For""",YES,uploaded,"",2025-11-18 12:20:12.877775,102083,
Larimer,City of Fort Collins Ballot Issue 2A,103-157-3,16,"""Yes/For""","""Yes/For""",YES,uploaded,"",2025-11-18 13:49:21.420971,147156,
Larimer,City of Fort Collins Ballot Issue 2A,103-177-21,16,"""Yes/For""","""Yes/For""",YES,uploaded,"",2025-11-18 14:03:54.315005,167604,
Larimer,City of Fort Collins Ballot Issue 2A,103-194-11,16,"""Yes/For""","""Yes/For""",YES,uploaded,"",2025-11-18 13:44:35.726891,183953,
Larimer,City of Fort Collins Ballot Issue 2A,103-32-33,16,"""Yes/For""","""Yes/For""",YES,uploaded,"",2025-11-18 12:15:29.540345,30618,
Larimer,City of Fort Collins Ballot Issue 2A,103-39-61,19,"""No/Against""","""No/Against""",YES,uploaded,"",2025-11-18 13:46:35.504108,36368,
Larimer,City of Fort Collins Ballot Issue 2A,103-48-23,20,"""Yes/For""","""Yes/For""",YES,uploaded,"",2025-11-18 14:13:49.940184,44917,
Larimer,City of Fort Collins Ballot Issue 2A,103-60-71,18,"""Yes/For""","""Yes/For""",YES,uploaded,"",2025-11-18 11:56:30.910407,53406,
Larimer,City of Fort Collins Ballot Issue 2A,103-7-31,20,"""Yes/For""","""Yes/For""",YES,uploaded,"",2025-11-18 11:22:41.131493,7655,
Larimer,City of Fort Collins Ballot Issue 2A,103-86-46,16,"""Yes/For""","""Yes/For""",YES,uploaded,"",2025-11-18 12:16:15.916389,76855,
Larimer,City of Fort Collins Ballot Issue 2A,103-86-54,16,"""No/Against""","""No/Against""",YES,uploaded,"",2025-11-18 12:17:38.802623,76811,
Larimer,City of Fort Collins Ballot Issue 2A,103-88-54,16,"""Yes/For""","""Yes/For""",YES,uploaded,"",2025-11-18 13:58:44.762977,79008,
Larimer,City of Fort Collins Ballot Issue 2A,104-102-57,19,"""Yes/For""","""Yes/For""",YES,uploaded,"",2025-11-18 13:47:11.726897,80005,
Larimer,City of Fort Collins Ballot Issue 2A,104-140-31,19,"""No/Against""","""No/Against""",YES,uploaded,"",2025-11-18 12:06:12.770766,112364,
Larimer,City of Fort Collins Ballot Issue 2A,104-155-33,18,"""Yes/For""","""Yes/For""",YES,uploaded,"",2025-11-18 13:42:49.596567,126430,
Larimer,City of Fort Collins Ballot Issue 2A,104-218-15,20,"""Yes/For""","""Yes/For""",YES,uploaded,"",2025-11-18 11:59:07.897394,183814,
Larimer,City of Fort Collins Ballot Issue 2A,104-220-55,20,"""Yes/For""","""Yes/For""",YES,uploaded,"",2025-11-18 12:01:41.787102,185220,
Larimer,City of Fort Collins Ballot Issue 2A,104-70-9,16,"""Yes/For""","""Yes/For""",YES,uploaded,"",2025-11-18 11:41:58.961125,58259,
Larimer,City of Fort Collins Ballot Issue 2A,105-16-21,18,"""Yes/For""","""Yes/For""",YES,uploaded,"",2025-11-18 11:39:38.123326,11343,
Larimer,City of Fort Collins Ballot Issue 2A,105-16-24,19,"""No/Against""","""No/Against""",YES,uploaded,"",2025-11-18 11:42:50.94469,11357,
Larimer,City of Fort Collins Ballot Issue 2A,105-210-5,18,"""Yes/For""","""Yes/For""",YES,uploaded,"",2025-11-18 12:15:41.287739,143215,
Larimer,City of Fort Collins Ballot Issue 2A,105-230-1,16,"""Yes/For""","""Yes/For""",YES,uploaded,"",2025-11-18 13:35:56.104199,155300,
Larimer,City of Fort Collins Ballot Issue 2A,105-235-69,5,"""No/Against""","""No/Against""",YES,uploaded,"",2025-11-18 12:21:33.823615,157884,
Larimer,City of Fort Collins Ballot Issue 2A,105-245-7,16,"""Yes/For""","""Yes/For""",YES,uploaded,"",2025-11-18 11:39:21.65738,164567,
Larimer,City of Fort Collins Ballot Issue 2A,105-254-69,16,"""Yes/For""","""Yes/For""",YES,uploaded,"",2025-11-18 11:49:32.350908,170019,
Larimer,City of Fort Collins Ballot Issue 2A,105-284-78,19,"""No/Against""","""No/Against""",YES,uploaded,"",2025-11-18 13:46:05.935866,190426,
Larimer,City of Fort Collins Ballot Issue 2A,105-36-72,16,"""No/Against""","""No/Against""",YES,uploaded,"",2025-11-18 11:54:50.827329,23949,
Larimer,City of Fort Collins Ballot Issue 2A,105-38-31,20,"""Yes/For""","""Yes/For""",YES,uploaded,"",2025-11-18 12:04:20.482163,25491,
Larimer,City of Fort Collins Ballot Issue 2A,105-53-53,20,"""Yes/For""","""Yes/For""",YES,uploaded,"",2025-11-18 13:40:16.459057,35852,
Larimer,City of Fort Collins Ballot Issue 2A,105-55-2,19,"""Yes/For""","""Yes/For""",YES,uploaded,"",2025-11-18 14:04:25.409168,36830,
Larimer,City of Fort Collins Ballot Issue 2A,106-180-66,5,"""Yes/For""","""Yes/For""",YES,uploaded,"",2025-11-18 12:17:18.091237,111704,
Larimer,City of Fort Collins Ballot Issue 2A,106-201-96,16,"""Yes/For""","""Yes/For""",YES,uploaded,"",2025-11-18 13:46:23.403703,125833,
Larimer,City of Fort Collins Ballot Issue 2A,106-232-1,18,"""Yes/For""","""Yes/For""",YES,uploaded,"",2025-11-18 13:44:08.710745,147058,
Larimer,City of Fort Collins Ballot Issue 2A,106-272-73,18,"""No/Against""","""No/Against""",YES,uploaded,"",2025-11-18 12:19:46.911461,169386,
Larimer,City of Fort Collins Ballot Issue 2A,106-303-31,20,"""Yes/For""","""Yes/For""",YES,uploaded,"",2025-11-18 13:49:52.216595,190743,
Larimer,City of Fort Collins Ballot Issue 2A,106-51-54,19,"""Yes/For""","""Yes/For""",YES,uploaded,"",2025-11-18 13:53:34.09718,34711,
Larimer,City of Fort Collins Ballot Issue 2A,106-53-41,20,"""Yes/For""","""Yes/For""",YES,uploaded,"",2025-11-18 13:43:24.409544,35933,
Larimer,City of Fort Collins Ballot Issue 2A,106-55-16,16,"""No/Against""","""No/Against""",YES,uploaded,"",2025-11-18 13:57:34.084121,36897,
Larimer,City of Fort Collins Ballot Issue 2A,106-72-100,20,"""Yes/For""","""Yes/For""",YES,uploaded,"",2025-11-18 11:29:51.078987,45826,
Larimer,City of Fort Collins Ballot Issue 2A,109-112-33,16,"""Yes/For""","""Yes/For""",YES,uploaded,"",2025-11-18 11:34:55.310853,92345,
Larimer,City of Fort Collins Ballot Issue 2A,109-148-84,16,"""Yes/For""","""Yes/For""",YES,uploaded,"",2025-11-18 13:37:05.346931,123901,
Larimer,City of Fort Collins Ballot Issue 2A,109-181-58,20,"""Yes/For""","""Yes/For""",YES,uploaded,"",2025-11-18 11:46:41.784489,153878,
Larimer,City of Fort Collins Ballot Issue 2A,109-186-20,16,"""Yes/For""","""Yes/For""",YES,uploaded,"",2025-11-18 13:45:51.446333,158062,
Larimer,City of Fort Collins Ballot Issue 2A,109-199-73,18,"""Yes/For""","""Yes/For""",YES,uploaded,"",2025-11-18 11:55:03.660755,169954,
Larimer,City of Fort Collins Ballot Issue 2A,109-205-2,20,"""Yes/For""","""Yes/For""",YES,uploaded,"",2025-11-18 12:06:27.748101,176816,
Larimer,City of Fort Collins Ballot Issue 2A,110-107-73,16,"""Yes/For""","""Yes/For""",YES,uploaded,"",2025-11-18 11:37:56.615636,90797,
Larimer,City of Fort Collins Ballot Issue 2A,110-123-15,20,"""Yes/For""","""Yes/For""",YES,uploaded,"",2025-11-18 12:08:23.665516,104210,
Larimer,City of Fort Collins Ballot Issue 2A,110-127-72,20,"""No/Against""","""No/Against""",YES,uploaded,"",2025-11-18 12:04:06.054158,107596,
Larimer,City of Fort Collins Ballot Issue 2A,110-186-72,16,"""Yes/For""","""Yes/For""",YES,uploaded,"",2025-11-18 13:52:59.741163,160976,
Larimer,City of Fort Collins Ballot Issue 2A,110-8-77,19,"""Yes/For""","""Yes/For""",YES,uploaded,"",2025-11-18 11:31:49.541583,7271,
Larimer,City of Fort Collins Ballot Issue 2A,110-88-55,20,"""No/Against""","""No/Against""",YES,uploaded,"",2025-11-18 13:38:22.806134,73541,
Larimer,City of Fort Collins Ballot Issue 2A,110-90-72,18,"","",YES,uploaded,"",2025-11-18 13:36:30.240764,74464,
Larimer,City of Fort Collins Ballot Issue 2A,110-96-85,20,"","",YES,uploaded,"",2025-11-18 13:55:42.918077,80586,
Larimer,City of Fort Collins Ballot Issue 2A,111-115-46,20,"""Yes/For""","""Yes/For""",YES,uploaded,"",2025-11-18 11:49:33.035706,92256,
Larimer,City of Fort Collins Ballot Issue 2A,111-162-51,16,"""Yes/For""","""Yes/For""",YES,uploaded,"",2025-11-18 13:44:27.530916,124310,
Larimer,City of Fort Collins Ballot Issue 2A,111-189-31,19,"""No/Against""","""No/Against""",YES,uploaded,"",2025-11-18 11:42:58.48463,143724,
Larimer,City of Fort Collins Ballot Issue 2A,111-198-7,16,"""No/Against""","""No/Against""",YES,uploaded,"",2025-11-18 12:23:18.897755,149296,
Larimer,City of Fort Collins Ballot Issue 2A,111-213-37,16,"","",YES,uploaded,"",2025-11-18 13:35:25.968492,160581,
Larimer,City of Fort Collins Ballot Issue 2A,111-213-82,16,"""Yes/For""","""Yes/For""",YES,uploaded,"",2025-11-18 13:37:25.19583,160611,
Larimer,City of Fort Collins Ballot Issue 2A,111-215-76,16,"""Yes/For""","""Yes/For""",YES,uploaded,"",2025-11-18 13:58:31.638539,162546,
Larimer,City of Fort Collins Ballot Issue 2A,111-218-96,18,"""Yes/For""","""Yes/For""",YES,uploaded,"",2025-11-18 13:55:37.055425,164154,
Larimer,City of Fort Collins Ballot Issue 2A,111-220-14,16,"""Yes/For""","""Yes/For""",YES,uploaded,"",2025-11-18 14:00:19.698588,165411,
Larimer,City of Fort Collins Ballot Issue 2A,111-220-86,18,"""Yes/For""","""Yes/For""",YES,uploaded,"",2025-11-18 14:02:11.503787,165446,
Larimer,City of Fort Collins Ballot Issue 2A,111-231-27,18,"""Yes/For""","""Yes/For""",YES,uploaded,"",2025-11-18 12:17:37.710607,173534,
Larimer,City of Fort Collins Ballot Issue 2A,111-231-65,18,"""Yes/For""","""Yes/For""",YES,uploaded,"",2025-11-18 12:19:09.732611,173509,
Larimer,City of Fort Collins Ballot Issue 2A,111-235-33,16,"""Yes/For""","""Yes/For""",YES,uploaded,"",2025-11-18 12:10:00.387116,176216,
Larimer,City of Fort Collins Ballot Issue 2A,111-242-39,20,"""Yes/For""","""Yes/For""",YES,uploaded,"",2025-11-18 12:12:11.959536,180678,
Larimer,City of Fort Collins Ballot Issue 2A,111-257-40,16,"""No/Against""","""No/Against""",YES,uploaded,"",2025-11-18 13:37:14.410133,190854,
Larimer,City of Fort Collins Ballot Issue 2A,111-38-38,19,"""Yes/For""","""Yes/For""",YES,uploaded,"",2025-11-18 12:12:34.877283,30777,
Larimer,City of Fort Collins Ballot Issue 2A,111-98-68,19,"""Yes/For""","""Yes/For""",YES,uploaded,"",2025-11-18 14:00:42.32167,78925,
Larimer,City of Fort Collins Ballot Issue 2A,112-106-11,16,"""Yes/For""","""Yes/For""",YES,uploaded,"",2025-11-18 13:40:38.140353,74956,
Larimer,City of Fort Collins Ballot Issue 2A,112-112-14,19,"""Yes/For""","""Yes/For""",YES,uploaded,"",2025-11-18 14:02:37.389604,79359,
Larimer,City of Fort Collins Ballot Issue 2A,112-194-62,16,"""Yes/For""","""Yes/For""",YES,uploaded,"",2025-11-18 11:37:24.279948,136664,
Larimer,City of Fort Collins Ballot Issue 2A,112-200-6,18,"""Yes/For""","""Yes/For""",YES,uploaded,"",2025-11-18 11:31:18.804,140372,
Larimer,City of Fort Collins Ballot Issue 2A,112-249-10,18,"","",YES,uploaded,"",2025-11-18 12:03:29.959771,177952,
Larimer,City of Fort Collins Ballot Issue 2A,112-251-10,16,"""Yes/For""","""Yes/For""",YES,uploaded,"",2025-11-18 12:13:55.246965,180188,
Larimer,City of Fort Collins Ballot Issue 302,103-130-28,19,"""No/Against""","""No/Against""",YES,uploaded,"",2025-11-18 12:21:28.54193,121266,
Larimer,City of Fort Collins Ballot Issue 302,103-136-2,20,"""Yes/For""","""Yes/For""",YES,uploaded,"",2025-11-18 11:47:25.505794,126254,
Larimer,City of Fort Collins Ballot Issue 302,103-184-81,16,"","",YES,uploaded,"",2025-11-18 11:54:36.52164,176109,
Larimer,City of Fort Collins Ballot Issue 302,103-184-96,19,"""Yes/For""","""Yes/For""",YES,uploaded,"",2025-11-18 11:55:42.553961,176028,
Larimer,City of Fort Collins Ballot Issue 302,103-40-40,20,"""No/Against""","""No/Against""",YES,uploaded,"",2025-11-18 13:48:06.437102,37127,
Larimer,City of Fort Collins Ballot Issue 302,103-44-11,19,"""No/Against""","""No/Against""",YES,uploaded,"",2025-11-18 13:36:47.908383,41166,
Larimer,City of Fort Collins Ballot Issue 302,103-69-39,19,"""Yes/For""","""Yes/For""",YES,uploaded,"",2025-11-18 11:57:53.44501,63127,
Larimer,City of Fort Collins Ballot Issue 302,103-71-2,16,"","",YES,uploaded,"",2025-11-18 11:59:34.551641,65852,
Larimer,City of Fort Collins Ballot Issue 302,103-75-45,18,"""Yes/For""","""Yes/For""",YES,uploaded,"",2025-11-18 12:05:59.14193,69347,
Larimer,City of Fort Collins Ballot Issue 302,103-79-11,19,"""Yes/For""","""Yes/For""",YES,uploaded,"",2025-11-18 12:09:38.644628,72338,
Larimer,City of Fort Collins Ballot Issue 302,104-101-35,19,"""Yes/For""","""Yes/For""",YES,uploaded,"",2025-11-18 13:44:00.642601,79187,
Larimer,City of Fort Collins Ballot Issue 302,104-101-85,16,"","",YES,uploaded,"",2025-11-18 13:45:13.491897,79166,
Larimer,City of Fort Collins Ballot Issue 302,104-204-50,16,"""Yes/For""","""Yes/For""",YES,uploaded,"",2025-11-18 13:54:02.423356,173195,
Larimer,City of Fort Collins Ballot Issue 302,104-208-69,16,"""Yes/For""","""Yes/For""",YES,uploaded,"",2025-11-18 11:56:43.328829,176255,
Larimer,City of Fort Collins Ballot Issue 302,104-230-60,16,"","",YES,uploaded,"",2025-11-18 11:48:22.838355,194090,
Larimer,City of Fort Collins Ballot Issue 302,104-230-80,5,"""No/Against""","""No/Against""",YES,uploaded,"",2025-11-18 11:49:30.126445,194074,
Larimer,City of Fort Collins Ballot Issue 302,104-25-97,20,"""No/Against""","""No/Against""",YES,uploaded,"",2025-11-18 12:17:02.470327,25162,
Larimer,City of Fort Collins Ballot Issue 302,104-29-100,16,"""No/Against""","""No/Against""",YES,uploaded,"",2025-11-18 13:33:44.325176,27435,
Larimer,City of Fort Collins Ballot Issue 302,104-66-1,16,"""Yes/For""","""Yes/For""",YES,uploaded,"",2025-11-18 12:02:40.706997,54816,
Larimer,City of Fort Collins Ballot Issue 302,105-109-8,20,"""Yes/For""","""Yes/For""",YES,uploaded,"",2025-11-18 12:07:20.36277,68978,
Larimer,City of Fort Collins Ballot Issue 302,105-114-18,19,"""Yes/For""","""Yes/For""",YES,uploaded,"",2025-11-18 12:10:31.783346,71981,
Larimer,City of Fort Collins Ballot Issue 302,105-121-81,5,"""Yes/For""","""Yes/For""",YES,uploaded,"",2025-11-18 13:41:43.851851,77481,
Larimer,City of Fort Collins Ballot Issue 302,105-145-57,19,"""No/Against""","""No/Against""",YES,uploaded,"",2025-11-18 12:00:37.457785,94769,
Larimer,City of Fort Collins Ballot Issue 302,105-19-78,18,"""Yes/For""","""Yes/For""",YES,uploaded,"",2025-11-18 11:36:43.666842,13599,
Larimer,City of Fort Collins Ballot Issue 302,105-249-57,18,"""No/Against""","""No/Against""",YES,uploaded,"",2025-11-18 13:50:18.080463,167061,
Larimer,City of Fort Collins Ballot Issue 302,105-282-5,19,"""No/Against""","""No/Against""",YES,uploaded,"",2025-11-18 12:24:30.668382,189053,
Larimer,City of Fort Collins Ballot Issue 302,105-3-29,16,"""Yes/For""","""Yes/For""",YES,uploaded,"",2025-11-18 11:12:03.849589,4728,
Larimer,City of Fort Collins Ballot Issue 302,106-12-71,5,"""No/Against""","""No/Against""",YES,uploaded,"",2025-11-18 11:28:36.295426,9213,
Larimer,City of Fort Collins Ballot Issue 302,106-262-1,18,"""Yes/For""","""Yes/For""",YES,uploaded,"",2025-11-18 13:56:35.086316,165075,
Larimer,City of Fort Collins Ballot Issue 302,106-267-28,19,"","",YES,uploaded,"",2025-11-18 12:18:02.05893,168045,
Larimer,City of Fort Collins Ballot Issue 302,106-283-62,19,"","",YES,uploaded,"",2025-11-18 11:52:01.1683,175694,
Larimer,City of Fort Collins Ballot Issue 302,106-293-77,16,"""Yes/For""","""Yes/For""",YES,uploaded,"",2025-11-18 11:52:51.853507,182861,
Larimer,City of Fort Collins Ballot Issue 302,106-297-19,19,"""No/Against""","""No/Against""",YES,uploaded,"",2025-11-18 12:02:54.484583,186421,
Larimer,City of Fort Collins Ballot Issue 302,106-301-11,16,"""No/Against""","""No/Against""",YES,uploaded,"",2025-11-18 12:25:28.89225,188908,
Larimer,City of Fort Collins Ballot Issue 302,106-35-89,20,"""Yes/For""","""Yes/For""",YES,uploaded,"",2025-11-18 12:07:30.855256,24993,
Larimer,City of Fort Collins Ballot Issue 302,109-111-93,18,"""Yes/For""","""Yes/For""",YES,uploaded,"",2025-11-18 14:03:28.50857,91151,
Larimer,City of Fort Collins Ballot Issue 302,109-121-63,19,"""No/Against""","""No/Against""",YES,uploaded,"",2025-11-18 12:01:36.97444,98688,
Larimer,City of Fort Collins Ballot Issue 302,109-149-78,18,"""Yes/For""","""Yes/For""",YES,uploaded,"",2025-11-18 13:39:45.776643,124912,
Larimer,City of Fort Collins Ballot Issue 302,109-149-9,16,"""No/Against""","""No/Against""",YES,uploaded,"",2025-11-18 13:38:17.787734,124906,
Larimer,City of Fort Collins Ballot Issue 302,109-187-49,16,"""Yes/For""","""Yes/For""",YES,uploaded,"",2025-11-18 13:46:55.782943,158695,
Larimer,City of Fort Collins Ballot Issue 302,109-223-27,20,"""Yes/For""","""Yes/For""",YES,uploaded,"",2025-11-18 13:38:24.14736,193760,
Larimer,City of Fort Collins Ballot Issue 302,110-149-32,16,"""Yes/For""","""Yes/For""",YES,uploaded,"",2025-11-18 13:48:19.751617,129265,
Larimer,City of Fort Collins Ballot Issue 302,110-149-5,16,"""Yes/For""","""Yes/For""",YES,uploaded,"",2025-11-18 13:47:23.243008,129227,
Larimer,City of Fort Collins Ballot Issue 302,110-179-54,16,"""No/Against""","""No/Against""",YES,uploaded,"",2025-11-18 11:56:33.528094,155510,
Larimer,City of Fort Collins Ballot Issue 302,110-212-48,18,"""Yes/For""","""Yes/For""",YES,uploaded,"",2025-11-18 13:47:26.901541,187082,
Larimer,City of Fort Collins Ballot Issue 302,110-28-27,5,"""Yes/For""","""Yes/For""",YES,uploaded,"",2025-11-18 12:09:12.143091,25094,
Larimer,City of Fort Collins Ballot Issue 302,110-61-3,20,"""Yes/For""","""Yes/For""",YES,uploaded,"",2025-11-18 11:49:19.891908,53204,
Larimer,City of Fort Collins Ballot Issue 302,110-67-7,19,"""Yes/For""","""Yes/For""",YES,uploaded,"",2025-11-18 11:39:25.823442,59113,
Larimer,City of Fort Collins Ballot Issue 302,110-93-12,19,"""Yes/For""","""Yes/For""",YES,uploaded,"",2025-11-18 13:52:31.821327,77652,
Larimer,City of Fort Collins Ballot Issue 302,111-118-25,16,"""Yes/For""","""Yes/For""",YES,uploaded,"",2025-11-18 11:52:31.561093,94572,
Larimer,City of Fort Collins Ballot Issue 302,111-137-41,19,"""Yes/For""","""Yes/For""",YES,uploaded,"",2025-11-18 11:59:39.140755,109461,
Larimer,City of Fort Collins Ballot Issue 302,111-139-63,16,"""Yes/For""","""Yes/For""",YES,uploaded,"",2025-11-18 12:14:17.301122,110672,
Larimer,City of Fort Collins Ballot Issue 302,111-139-93,16,"""Yes/For""","""Yes/For""",YES,uploaded,"",2025-11-18 12:15:19.355189,110733,
Larimer,City of Fort Collins Ballot Issue 302,111-161-85,19,"""No/Against""","""No/Against""",YES,uploaded,"",2025-11-18 13:40:46.868651,123451,
Larimer,City of Fort Collins Ballot Issue 302,111-33-60,16,"""No/Against""","""No/Against""",YES,uploaded,"",2025-11-18 13:35:21.05346,27075,
Larimer,City of Fort Collins Ballot Issue 302,111-58-36,19,"""Yes/For""","""Yes/For""",YES,uploaded,"",2025-11-18 11:52:45.623527,54509,
Larimer,City of Fort Collins Ballot Issue 302,111-65-10,16,"""Yes/For""","""Yes/For""",YES,uploaded,"",2025-11-18 11:35:42.355013,59195,
Larimer,City of Fort Collins Ballot Issue 302,112-134-48,19,"""No/Against""","""No/Against""",YES,uploaded,"",2025-11-18 11:54:43.124216,96409,
Larimer,City of Fort Collins Ballot Issue 302,112-134-57,19,"""No/Against""","""No/Against""",YES,uploaded,"",2025-11-18 11:55:45.943457,96323,
Larimer,City of Fort Collins Ballot Issue 302,112-138-96,20,"""Yes/For""","""Yes/For""",YES,uploaded,"",2025-11-18 12:10:25.905343,98767,
Larimer,City of Fort Collins Ballot Issue 302,112-141-77,19,"""Yes/For""","""Yes/For""",YES,uploaded,"",2025-11-18 12:12:29.542879,102865,
Larimer,City of Fort Collins Ballot Issue 302,112-154-7,16,"""Yes/For""","""Yes/For""",YES,uploaded,"",2025-11-18 12:18:42.172799,110904,
Larimer,City of Fort Collins Ballot Issue 302,112-156-98,16,"""Yes/For""","""Yes/For""",YES,uploaded,"",2025-11-18 13:34:40.876731,111886,
Larimer,City of Fort Collins Ballot Issue 302,112-197-3,16,"""Yes/For""","""Yes/For""",YES,uploaded,"",2025-11-18 11:32:47.275205,137954,
Larimer,City of Fort Collins Ballot Issue 302,112-222-10,18,"""Yes/For""","""Yes/For""",YES,uploaded,"",2025-11-18 11:50:39.019693,158838,
Larimer,City of Fort Collins Ballot Issue 302,112-222-71,19,"""Yes/For""","""Yes/For""",YES,uploaded,"",2025-11-18 11:51:39.760402,158849,
Larimer,City of Fort Collins Ballot Issue 302,112-41-6,20,"""No/Against""","""No/Against""",YES,uploaded,"",2025-11-18 11:26:00.049766,34871,
Larimer,City of Fort Collins Ballot Issue 302,112-80-79,16,"""Yes/For""","""Yes/For""",YES,uploaded,"",2025-11-18 11:48:02.851934,54438,
Larimer,City of Fort Collins Ballot Question 2B,103-110-89,16,"""Yes/For""","""Yes/For""",YES,uploaded,"",2025-11-18 12:20:12.877775,102083,
Larimer,City of Fort Collins Ballot Question 2B,103-157-3,16,"""No/Against""","""No/Against""",YES,uploaded,"",2025-11-18 13:49:21.420971,147156,
Larimer,City of Fort Collins Ballot Question 2B,103-177-21,16,"""Yes/For""","""Yes/For""",YES,uploaded,"",2025-11-18 14:03:54.315005,167604,
Larimer,City of Fort Collins Ballot Question 2B,103-194-11,16,"""Yes/For""","""Yes/For""",YES,uploaded,"",2025-11-18 13:44:35.726891,183953,
Larimer,City of Fort Collins Ballot Question 2B,103-32-33,16,"""Yes/For""","""Yes/For""",YES,uploaded,"",2025-11-18 12:15:29.540345,30618,
Larimer,City of Fort Collins Ballot Question 2B,103-39-61,19,"","",YES,uploaded,"",2025-11-18 13:46:35.504108,36368,
Larimer,City of Fort Collins Ballot Question 2B,103-48-23,20,"""Yes/For""","""Yes/For""",YES,uploaded,"",2025-11-18 14:13:49.940184,44917,
Larimer,City of Fort Collins Ballot Question 2B,103-60-71,18,"""Yes/For""","""Yes/For""",YES,uploaded,"",2025-11-18 11:56:30.910407,53406,
Larimer,City of Fort Collins Ballot Question 2B,103-7-31,20,"""Yes/For""","""Yes/For""",YES,uploaded,"",2025-11-18 11:22:41.131493,7655,
Larimer,City of Fort Collins Ballot Question 2B,103-86-46,16,"""No/Against""","""No/Against""",YES,uploaded,"",2025-11-18 12:16:15.916389,76855,
Larimer,City of Fort Collins Ballot Question 2B,103-86-54,16,"""Yes/For""","""Yes/For""",YES,uploaded,"",2025-11-18 12:17:38.802623,76811,
Larimer,City of Fort Collins Ballot Question 2B,103-88-54,16,"""No/Against""","""No/Against""",YES,uploaded,"",2025-11-18 13:58:44.762977,79008,
Larimer,City of Fort Collins Ballot Question 2B,104-102-57,19,"""Yes/For""","""Yes/For""",YES,uploaded,"",2025-11-18 13:47:11.726897,80005,
Larimer,City of Fort Collins Ballot Question 2B,104-140-31,19,"","",YES,uploaded,"",2025-11-18 12:06:12.770766,112364,
Larimer,City of Fort Collins Ballot Question 2B,104-155-33,18,"""Yes/For""","""Yes/For""",YES,uploaded,"",2025-11-18 13:42:49.596567,126430,
Larimer,City of Fort Collins Ballot Question 2B,104-218-15,20,"""Yes/For""","""Yes/For""",YES,uploaded,"",2025-11-18 11:59:07.897394,183814,
Larimer,City of Fort Collins Ballot Question 2B,104-220-55,20,"""Yes/For""","""Yes/For""",YES,uploaded,"",2025-11-18 12:01:41.787102,185220,
Larimer,City of Fort Collins Ballot Question 2B,104-70-9,16,"""Yes/For""","""Yes/For""",YES,uploaded,"",2025-11-18 11:41:58.961125,58259,
Larimer,City of Fort Collins Ballot Question 2B,105-16-21,18,"""Yes/For""","""Yes/For""",YES,uploaded,"",2025-11-18 11:39:38.123326,11343,
Larimer,City of Fort Collins Ballot Question 2B,105-16-24,19,"","",YES,uploaded,"",2025-11-18 11:42:50.94469,11357,
Larimer,City of Fort Collins Ballot Question 2B,105-210-5,18,"""Yes/For""","""Yes/For""",YES,uploaded,"",2025-11-18 12:15:41.287739,143215,
Larimer,City of Fort Collins Ballot Question 2B,105-230-1,16,"""Yes/For""","""Yes/For""",YES,uploaded,"",2025-11-18 13:35:56.104199,155300,
Larimer,City of Fort Collins Ballot Question 2B,105-235-69,5,"""Yes/For""","""Yes/For""",YES,uploaded,"",2025-11-18 12:21:33.823615,157884,
Larimer,City of Fort Collins Ballot Question 2B,105-245-7,16,"""No/Against""","""No/Against""",YES,uploaded,"",2025-11-18 11:39:21.65738,164567,
Larimer,City of Fort Collins Ballot Question 2B,105-254-69,16,"""Yes/For""","""Yes/For""",YES,uploaded,"",2025-11-18 11:49:32.350908,170019,
Larimer,City of Fort Collins Ballot Question 2B,105-284-78,19,"""Yes/For""","""Yes/For""",YES,uploaded,"",2025-11-18 13:46:05.935866,190426,
Larimer,City of Fort Collins Ballot Question 2B,105-36-72,16,"""Yes/For""","""Yes/For""",YES,uploaded,"",2025-11-18 11:54:50.827329,23949,
Larimer,City of Fort Collins Ballot Question 2B,105-38-31,20,"""No/Against""","""No/Against""",YES,uploaded,"",2025-11-18 12:04:20.482163,25491,
Larimer,City of Fort Collins Ballot Question 2B,105-53-53,20,"""No/Against""","""No/Against""",YES,uploaded,"",2025-11-18 13:40:16.459057,35852,
Larimer,City of Fort Collins Ballot Question 2B,105-55-2,19,"""Yes/For""","""Yes/For""",YES,uploaded,"",2025-11-18 14:04:25.409168,36830,
Larimer,City of Fort Collins Ballot Question 2B,106-180-66,5,"""Yes/For""","""Yes/For""",YES,uploaded,"",2025-11-18 12:17:18.091237,111704,
Larimer,City of Fort Collins Ballot Question 2B,106-201-96,16,"""Yes/For""","""Yes/For""",YES,uploaded,"",2025-11-18 13:46:23.403703,125833,
Larimer,City of Fort Collins Ballot Question 2B,106-232-1,18,"""No/Against""","""No/Against""",YES,uploaded,"",2025-11-18 13:44:08.710745,147058,
Larimer,City of Fort Collins Ballot Question 2B,106-272-73,18,"","",YES,uploaded,"",2025-11-18 12:19:46.911461,169386,
Larimer,City of Fort Collins Ballot Question 2B,106-303-31,20,"""Yes/For""","""Yes/For""",YES,uploaded,"",2025-11-18 13:49:52.216595,190743,
Larimer,City of Fort Collins Ballot Question 2B,106-51-54,19,"""Yes/For""","""Yes/For""",YES,uploaded,"",2025-11-18 13:53:34.09718,34711,
Larimer,City of Fort Collins Ballot Question 2B,106-53-41,20,"""Yes/For""","""Yes/For""",YES,uploaded,"",2025-11-18 13:43:24.409544,35933,
Larimer,City of Fort Collins Ballot Question 2B,106-55-16,16,"""No/Against""","""No/Against""",YES,uploaded,"",2025-11-18 13:57:34.084121,36897,
Larimer,City of Fort Collins Ballot Question 2B,106-72-100,20,"""Yes/For""","""Yes/For""",YES,uploaded,"",2025-11-18 11:29:51.078987,45826,
Larimer,City of Fort Collins Ballot Question 2B,109-112-33,16,"""Yes/For""","""Yes/For""",YES,uploaded,"",2025-11-18 11:34:55.310853,92345,
Larimer,City of Fort Collins Ballot Question 2B,109-148-84,16,"""Yes/For""","""Yes/For""",YES,uploaded,"",2025-11-18 13:37:05.346931,123901,
Larimer,City of Fort Collins Ballot Question 2B,109-181-58,20,"","",YES,uploaded,"",2025-11-18 11:46:41.784489,153878,
Larimer,City of Fort Collins Ballot Question 2B,109-186-20,16,"""Yes/For""","""Yes/For""",YES,uploaded,"",2025-11-18 13:45:51.446333,158062,
Larimer,City of Fort Collins Ballot Question 2B,109-199-73,18,"""No/Against""","""No/Against""",YES,uploaded,"",2025-11-18 11:55:03.660755,169954,
Larimer,City of Fort Collins Ballot Question 2B,109-205-2,20,"""No/Against""","""No/Against""",YES,uploaded,"",2025-11-18 12:06:27.748101,176816,
Larimer,City of Fort Collins Ballot Question 2B,110-107-73,16,"""Yes/For""","""Yes/For""",YES,uploaded,"",2025-11-18 11:37:56.615636,90797,
Larimer,City of Fort Collins Ballot Question 2B,110-123-15,20,"""Yes/For""","""Yes/For""",YES,uploaded,"",2025-11-18 12:08:23.665516,104210,
Larimer,City of Fort Collins Ballot Question 2B,110-127-72,20,"""No/Against""","""No/Against""",YES,uploaded,"",2025-11-18 12:04:06.054158,107596,
Larimer,City of Fort Collins Ballot Question 2B,110-186-72,16,"""Yes/For""","""Yes/For""",YES,uploaded,"",2025-11-18 13:52:59.741163,160976,
Larimer,City of Fort Collins Ballot Question 2B,110-8-77,19,"""Yes/For""","""Yes/For""",YES,uploaded,"",2025-11-18 11:31:49.541583,7271,
Larimer,City of Fort Collins Ballot Question 2B,110-88-55,20,"""No/Against""","""No/Against""",YES,uploaded,"",2025-11-18 13:38:22.806134,73541,
Larimer,City of Fort Collins Ballot Question 2B,110-90-72,18,"","",YES,uploaded,"",2025-11-18 13:36:30.240764,74464,
Larimer,City of Fort Collins Ballot Question 2B,110-96-85,20,"","",YES,uploaded,"",2025-11-18 13:55:42.918077,80586,
Larimer,City of Fort Collins Ballot Question 2B,111-115-46,20,"""Yes/For""","""Yes/For""",YES,uploaded,"",2025-11-18 11:49:33.035706,92256,
Larimer,City of Fort Collins Ballot Question 2B,111-162-51,16,"""No/Against""","""No/Against""",YES,uploaded,"",2025-11-18 13:44:27.530916,124310,
Larimer,City of Fort Collins Ballot Question 2B,111-189-31,19,"""No/Against""","""No/Against""",YES,uploaded,"",2025-11-18 11:42:58.48463,143724,
Larimer,City of Fort Collins Ballot Question 2B,111-198-7,16,"""No/Against""","""No/Against""",YES,uploaded,"",2025-11-18 12:23:18.897755,149296,
Larimer,City of Fort Collins Ballot Question 2B,111-213-37,16,"","",YES,uploaded,"",2025-11-18 13:35:25.968492,160581,
Larimer,City of Fort Collins Ballot Question 2B,111-213-82,16,"""Yes/For""","""Yes/For""",YES,uploaded,"",2025-11-18 13:37:25.19583,160611,
Larimer,City of Fort Collins Ballot Question 2B,111-215-76,16,"""Yes/For""","""Yes/For""",YES,uploaded,"",2025-11-18 13:58:31.638539,162546,
Larimer,City of Fort Collins Ballot Question 2B,111-218-96,18,"""Yes/For""","""Yes/For""",YES,uploaded,"",2025-11-18 13:55:37.055425,164154,
Larimer,City of Fort Collins Ballot Question 2B,111-220-14,16,"","",YES,uploaded,"",2025-11-18 14:00:19.698588,165411,
Larimer,City of Fort Collins Ballot Question 2B,111-220-86,18,"""Yes/For""","""Yes/For""",YES,uploaded,"",2025-11-18 14:02:11.503787,165446,
Larimer,City of Fort Collins Ballot Question 2B,111-231-27,18,"""Yes/For""","""Yes/For""",YES,uploaded,"",2025-11-18 12:17:37.710607,173534,
Larimer,City of Fort Collins Ballot Question 2B,111-231-65,18,"""Yes/For""","""Yes/For""",YES,uploaded,"",2025-11-18 12:19:09.732611,173509,
Larimer,City of Fort Collins Ballot Question 2B,111-235-33,16,"","",YES,uploaded,"",2025-11-18 12:10:00.387116,176216,
Larimer,City of Fort Collins Ballot Question 2B,111-242-39,20,"""Yes/For""","""Yes/For""",YES,uploaded,"",2025-11-18 12:12:11.959536,180678,
Larimer,City of Fort Collins Ballot Question 2B,111-257-40,16,"""No/Against""","""No/Against""",YES,uploaded,"",2025-11-18 13:37:14.410133,190854,
Larimer,City of Fort Collins Ballot Question 2B,111-38-38,19,"""Yes/For""","""Yes/For""",YES,uploaded,"",2025-11-18 12:12:34.877283,30777,
Larimer,City of Fort Collins Ballot Question 2B,111-98-68,19,"""Yes/For""","""Yes/For""",YES,uploaded,"",2025-11-18 14:00:42.32167,78925,
Larimer,City of Fort Collins Ballot Question 2B,112-106-11,16,"""Yes/For""","""Yes/For""",YES,uploaded,"",2025-11-18 13:40:38.140353,74956,
Larimer,City of Fort Collins Ballot Question 2B,112-112-14,19,"""Yes/For""","""Yes/For""",YES,uploaded,"",2025-11-18 14:02:37.389604,79359,
Larimer,City of Fort Collins Ballot Question 2B,112-194-62,16,"""No/Against""","""No/Against""",YES,uploaded,"",2025-11-18 11:37:24.279948,136664,
Larimer,City of Fort Collins Ballot Question 2B,112-200-6,18,"""Yes/For""","""Yes/For""",YES,uploaded,"",2025-11-18 11:31:18.804,140372,
Larimer,City of Fort Collins Ballot Question 2B,112-249-10,18,"","",YES,uploaded,"",2025-11-18 12:03:29.959771,177952,
Larimer,City of Fort Collins Ballot Question 2B,112-251-10,16,"""Yes/For""","""Yes/For""",YES,uploaded,"",2025-11-18 12:13:55.246965,180188,
Larimer,City of Fort Collins Ballot Question 2C,103-130-28,19,"""Yes/For""","""Yes/For""",YES,uploaded,"",2025-11-18 12:21:28.54193,121266,
Larimer,City of Fort Collins Ballot Question 2C,103-136-2,20,"""Yes/For""","""Yes/For""",YES,uploaded,"",2025-11-18 11:47:25.505794,126254,
Larimer,City of Fort Collins Ballot Question 2C,103-184-81,16,"","",YES,uploaded,"",2025-11-18 11:54:36.52164,176109,
Larimer,City of Fort Collins Ballot Question 2C,103-184-96,19,"""Yes/For""","""Yes/For""",YES,uploaded,"",2025-11-18 11:55:42.553961,176028,
Larimer,City of Fort Collins Ballot Question 2C,103-40-40,20,"""No/Against""","""No/Against""",YES,uploaded,"",2025-11-18 13:48:06.437102,37127,
Larimer,City of Fort Collins Ballot Question 2C,103-44-11,19,"""No/Against""","""No/Against""",YES,uploaded,"",2025-11-18 13:36:47.908383,41166,
Larimer,City of Fort Collins Ballot Question 2C,103-69-39,19,"""Yes/For""","""Yes/For""",YES,uploaded,"",2025-11-18 11:57:53.44501,63127,
Larimer,City of Fort Collins Ballot Question 2C,103-71-2,16,"","",YES,uploaded,"",2025-11-18 11:59:34.551641,65852,
Larimer,City of Fort Collins Ballot Question 2C,103-75-45,18,"""Yes/For""","""Yes/For""",YES,uploaded,"",2025-11-18 12:05:59.14193,69347,
Larimer,City of Fort Collins Ballot Question 2C,103-79-11,19,"""Yes/For""","""Yes/For""",YES,uploaded,"",2025-11-18 12:09:38.644628,72338,
Larimer,City of Fort Collins Ballot Question 2C,104-101-35,19,"""No/Against""","""No/Against""",YES,uploaded,"",2025-11-18 13:44:00.642601,79187,
Larimer,City of Fort Collins Ballot Question 2C,104-101-85,16,"","",YES,uploaded,"",2025-11-18 13:45:13.491897,79166,
Larimer,City of Fort Collins Ballot Question 2C,104-204-50,16,"","",YES,uploaded,"",2025-11-18 13:54:02.423356,173195,
Larimer,City of Fort Collins Ballot Question 2C,104-208-69,16,"""Yes/For""","""Yes/For""",YES,uploaded,"",2025-11-18 11:56:43.328829,176255,
Larimer,City of Fort Collins Ballot Question 2C,104-230-60,16,"","",YES,uploaded,"",2025-11-18 11:48:22.838355,194090,
Larimer,City of Fort Collins Ballot Question 2C,104-230-80,5,"""No/Against""","""No/Against""",YES,uploaded,"",2025-11-18 11:49:30.126445,194074,
Larimer,City of Fort Collins Ballot Question 2C,104-25-97,20,"""Yes/For""","""Yes/For""",YES,uploaded,"",2025-11-18 12:17:02.470327,25162,
Larimer,City of Fort Collins Ballot Question 2C,104-29-100,16,"""Yes/For""","""Yes/For""",YES,uploaded,"",2025-11-18 13:33:44.325176,27435,
Larimer,City of Fort Collins Ballot Question 2C,104-66-1,16,"""No/Against""","""No/Against""",YES,uploaded,"",2025-11-18 12:02:40.706997,54816,
Larimer,City of Fort Collins Ballot Question 2C,105-109-8,20,"""Yes/For""","""Yes/For""",YES,uploaded,"",2025-11-18 12:07:20.36277,68978,
Larimer,City of Fort Collins Ballot Question 2C,105-114-18,19,"""Yes/For""","""Yes/For""",YES,uploaded,"",2025-11-18 12:10:31.783346,71981,
Larimer,City of Fort Collins Ballot Question 2C,105-121-81,5,"""Yes/For""","""Yes/For""",YES,uploaded,"",2025-11-18 13:41:43.851851,77481,
Larimer,City of Fort Collins Ballot Question 2C,105-145-57,19,"""Yes/For""","""Yes/For""",YES,uploaded,"",2025-11-18 12:00:37.457785,94769,
Larimer,City of Fort Collins Ballot Question 2C,105-19-78,18,"""Yes/For""","""Yes/For""",YES,uploaded,"",2025-11-18 11:36:43.666842,13599,
Larimer,City of Fort Collins Ballot Question 2C,105-249-57,18,"""Yes/For""","""Yes/For""",YES,uploaded,"",2025-11-18 13:50:18.080463,167061,
Larimer,City of Fort Collins Ballot Question 2C,105-282-5,19,"""Yes/For""","""Yes/For""",YES,uploaded,"",2025-11-18 12:24:30.668382,189053,
Larimer,City of Fort Collins Ballot Question 2C,105-3-29,16,"""Yes/For""","""Yes/For""",YES,uploaded,"",2025-11-18 11:12:03.849589,4728,
Larimer,City of Fort Collins Ballot Question 2C,106-12-71,5,"""Yes/For""","""Yes/For""",YES,uploaded,"",2025-11-18 11:28:36.295426,9213,
Larimer,City of Fort Collins Ballot Question 2C,106-262-1,18,"""Yes/For""","""Yes/For""",YES,uploaded,"",2025-11-18 13:56:35.086316,165075,
Larimer,City of Fort Collins Ballot Question 2C,106-267-28,19,"""No/Against""","""No/Against""",YES,uploaded,"",2025-11-18 12:18:02.05893,168045,
Larimer,City of Fort Collins Ballot Question 2C,106-283-62,19,"","",YES,uploaded,"",2025-11-18 11:52:01.1683,175694,
Larimer,City of Fort Collins Ballot Question 2C,106-293-77,16,"""Yes/For""","""Yes/For""",YES,uploaded,"",2025-11-18 11:52:51.853507,182861,
Larimer,City of Fort Collins Ballot Question 2C,106-297-19,19,"""No/Against""","""No/Against""",YES,uploaded,"",2025-11-18 12:02:54.484583,186421,
Larimer,City of Fort Collins Ballot Question 2C,106-301-11,16,"""Yes/For""","""Yes/For""",YES,uploaded,"",2025-11-18 12:25:28.89225,188908,
Larimer,City of Fort Collins Ballot Question 2C,106-35-89,20,"""Yes/For""","""Yes/For""",YES,uploaded,"",2025-11-18 12:07:30.855256,24993,
Larimer,City of Fort Collins Ballot Question 2C,109-111-93,18,"""Yes/For""","""Yes/For""",YES,uploaded,"",2025-11-18 14:03:28.50857,91151,
Larimer,City of Fort Collins Ballot Question 2C,109-121-63,19,"""No/Against""","""No/Against""",YES,uploaded,"",2025-11-18 12:01:36.97444,98688,
Larimer,City of Fort Collins Ballot Question 2C,109-149-78,18,"""Yes/For""","""Yes/For""",YES,uploaded,"",2025-11-18 13:39:45.776643,124912,
Larimer,City of Fort Collins Ballot Question 2C,109-149-9,16,"""Yes/For""","""Yes/For""",YES,uploaded,"",2025-11-18 13:38:17.787734,124906,
Larimer,City of Fort Collins Ballot Question 2C,109-187-49,16,"""Yes/For""","""Yes/For""",YES,uploaded,"",2025-11-18 13:46:55.782943,158695,
Larimer,City of Fort Collins Ballot Question 2C,109-223-27,20,"""Yes/For""","""Yes/For""",YES,uploaded,"",2025-11-18 13:38:24.14736,193760,
Larimer,City of Fort Collins Ballot Question 2C,110-149-32,16,"""No/Against""","""No/Against""",YES,uploaded,"",2025-11-18 13:48:19.751617,129265,
Larimer,City of Fort Collins Ballot Question 2C,110-149-5,16,"""Yes/For""","""Yes/For""",YES,uploaded,"",2025-11-18 13:47:23.243008,129227,
Larimer,City of Fort Collins Ballot Question 2C,110-179-54,16,"""No/Against""","""No/Against""",YES,uploaded,"",2025-11-18 11:56:33.528094,155510,
Larimer,City of Fort Collins Ballot Question 2C,110-212-48,18,"""Yes/For""","""Yes/For""",YES,uploaded,"",2025-11-18 13:47:26.901541,187082,
Larimer,City of Fort Collins Ballot Question 2C,110-28-27,5,"""Yes/For""","""Yes/For""",YES,uploaded,"",2025-11-18 12:09:12.143091,25094,
Larimer,City of Fort Collins Ballot Question 2C,110-61-3,20,"""Yes/For""","""Yes/For""",YES,uploaded,"",2025-11-18 11:49:19.891908,53204,
Larimer,City of Fort Collins Ballot Question 2C,110-67-7,19,"""Yes/For""","""Yes/For""",YES,uploaded,"",2025-11-18 11:39:25.823442,59113,
Larimer,City of Fort Collins Ballot Question 2C,110-93-12,19,"""Yes/For""","""Yes/For""",YES,uploaded,"",2025-11-18 13:52:31.821327,77652,
Larimer,City of Fort Collins Ballot Question 2C,111-118-25,16,"""No/Against""","""No/Against""",YES,uploaded,"",2025-11-18 11:52:31.561093,94572,
Larimer,City of Fort Collins Ballot Question 2C,111-137-41,19,"""Yes/For""","""Yes/For""",YES,uploaded,"",2025-11-18 11:59:39.140755,109461,
Larimer,City of Fort Collins Ballot Question 2C,111-139-63,16,"""Yes/For""","""Yes/For""",YES,uploaded,"",2025-11-18 12:14:17.301122,110672,
Larimer,City of Fort Collins Ballot Question 2C,111-139-93,16,"""No/Against""","""No/Against""",YES,uploaded,"",2025-11-18 12:15:19.355189,110733,
Larimer,City of Fort Collins Ballot Question 2C,111-161-85,19,"""Yes/For""","""Yes/For""",YES,uploaded,"",2025-11-18 13:40:46.868651,123451,
Larimer,City of Fort Collins Ballot Question 2C,111-33-60,16,"""Yes/For""","""Yes/For""",YES,uploaded,"",2025-11-18 13:35:21.05346,27075,
Larimer,City of Fort Collins Ballot Question 2C,111-58-36,19,"""Yes/For""","""Yes/For""",YES,uploaded,"",2025-11-18 11:52:45.623527,54509,
Larimer,City of Fort Collins Ballot Question 2C,111-65-10,16,"""Yes/For""","""Yes/For""",YES,uploaded,"",2025-11-18 11:35:42.355013,59195,
Larimer,City of Fort Collins Ballot Question 2C,112-134-48,19,"""Yes/For""","""Yes/For""",YES,uploaded,"",2025-11-18 11:54:43.124216,96409,
Larimer,City of Fort Collins Ballot Question 2C,112-134-57,19,"""No/Against""","""No/Against""",YES,uploaded,"",2025-11-18 11:55:45.943457,96323,
Larimer,City of Fort Collins Ballot Question 2C,112-138-96,20,"""Yes/For""","""Yes/For""",YES,uploaded,"",2025-11-18 12:10:25.905343,98767,
Larimer,City of Fort Collins Ballot Question 2C,112-141-77,19,"""Yes/For""","""Yes/For""",YES,uploaded,"",2025-11-18 12:12:29.542879,102865,
Larimer,City of Fort Collins Ballot Question 2C,112-154-7,16,"""Yes/For""","""Yes/For""",YES,uploaded,"",2025-11-18 12:18:42.172799,110904,
Larimer,City of Fort Collins Ballot Question 2C,112-156-98,16,"","",YES,uploaded,"",2025-11-18 13:34:40.876731,111886,
Larimer,City of Fort Collins Ballot Question 2C,112-197-3,16,"""Yes/For""","""Yes/For""",YES,uploaded,"",2025-11-18 11:32:47.275205,137954,
Larimer,City of Fort Collins Ballot Question 2C,112-222-10,18,"""Yes/For""","""Yes/For""",YES,uploaded,"",2025-11-18 11:50:39.019693,158838,
Larimer,City of Fort Collins Ballot Question 2C,112-222-71,19,"""Yes/For""","""Yes/For""",YES,uploaded,"",2025-11-18 11:51:39.760402,158849,
Larimer,City of Fort Collins Ballot Question 2C,112-41-6,20,"""Yes/For""","""Yes/For""",YES,uploaded,"",2025-11-18 11:26:00.049766,34871,
Larimer,City of Fort Collins Ballot Question 2C,112-80-79,16,"""Yes/For""","""Yes/For""",YES,uploaded,"",2025-11-18 11:48:02.851934,54438,
Larimer,City of Fort Collins Ballot Question 2D,103-130-28,19,"""Yes/For""","""Yes/For""",YES,uploaded,"",2025-11-18 12:21:28.54193,121266,
Larimer,City of Fort Collins Ballot Question 2D,103-136-2,20,"""Yes/For""","""Yes/For""",YES,uploaded,"",2025-11-18 11:47:25.505794,126254,
Larimer,City of Fort Collins Ballot Question 2D,103-184-81,16,"","",YES,uploaded,"",2025-11-18 11:54:36.52164,176109,
Larimer,City of Fort Collins Ballot Question 2D,103-184-96,19,"""Yes/For""","""Yes/For""",YES,uploaded,"",2025-11-18 11:55:42.553961,176028,
Larimer,City of Fort Collins Ballot Question 2D,103-40-40,20,"""No/Against""","""No/Against""",YES,uploaded,"",2025-11-18 13:48:06.437102,37127,
Larimer,City of Fort Collins Ballot Question 2D,103-44-11,19,"""No/Against""","""No/Against""",YES,uploaded,"",2025-11-18 13:36:47.908383,41166,
Larimer,City of Fort Collins Ballot Question 2D,103-69-39,19,"""Yes/For""","""Yes/For""",YES,uploaded,"",2025-11-18 11:57:53.44501,63127,
Larimer,City of Fort Collins Ballot Question 2D,103-71-2,16,"","",YES,uploaded,"",2025-11-18 11:59:34.551641,65852,
Larimer,City of Fort Collins Ballot Question 2D,103-75-45,18,"""Yes/For""","""Yes/For""",YES,uploaded,"",2025-11-18 12:05:59.14193,69347,
Larimer,City of Fort Collins Ballot Question 2D,103-79-11,19,"""Yes/For""","""Yes/For""",YES,uploaded,"",2025-11-18 12:09:38.644628,72338,
Larimer,City of Fort Collins Ballot Question 2D,104-101-35,19,"""Yes/For""","""Yes/For""",YES,uploaded,"",2025-11-18 13:44:00.642601,79187,
Larimer,City of Fort Collins Ballot Question 2D,104-101-85,16,"","",YES,uploaded,"",2025-11-18 13:45:13.491897,79166,
Larimer,City of Fort Collins Ballot Question 2D,104-204-50,16,"","",YES,uploaded,"",2025-11-18 13:54:02.423356,173195,
Larimer,City of Fort Collins Ballot Question 2D,104-208-69,16,"""Yes/For""","""Yes/For""",YES,uploaded,"",2025-11-18 11:56:43.328829,176255,
Larimer,City of Fort Collins Ballot Question 2D,104-230-60,16,"","",YES,uploaded,"",2025-11-18 11:48:22.838355,194090,
Larimer,City of Fort Collins Ballot Question 2D,104-230-80,5,"""Yes/For""","""Yes/For""",YES,uploaded,"",2025-11-18 11:49:30.126445,194074,
Larimer,City of Fort Collins Ballot Question 2D,104-25-97,20,"""Yes/For""","""Yes/For""",YES,uploaded,"",2025-11-18 12:17:02.470327,25162,
Larimer,City of Fort Collins Ballot Question 2D,104-29-100,16,"""Yes/For""","""Yes/For""",YES,uploaded,"",2025-11-18 13:33:44.325176,27435,
Larimer,City of Fort Collins Ballot Question 2D,104-66-1,16,"""Yes/For""","""Yes/For""",YES,uploaded,"",2025-11-18 12:02:40.706997,54816,
Larimer,City of Fort Collins Ballot Question 2D,105-109-8,20,"""Yes/For""","""Yes/For""",YES,uploaded,"",2025-11-18 12:07:20.36277,68978,
Larimer,City of Fort Collins Ballot Question 2D,105-114-18,19,"""Yes/For""","""Yes/For""",YES,uploaded,"",2025-11-18 12:10:31.783346,71981,
Larimer,City of Fort Collins Ballot Question 2D,105-121-81,5,"""Yes/For""","""Yes/For""",YES,uploaded,"",2025-11-18 13:41:43.851851,77481,
Larimer,City of Fort Collins Ballot Question 2D,105-145-57,19,"""Yes/For""","""Yes/For""",YES,uploaded,"",2025-11-18 12:00:37.457785,94769,
Larimer,City of Fort Collins Ballot Question 2D,105-19-78,18,"""Yes/For""","""Yes/For""",YES,uploaded,"",2025-11-18 11:36:43.666842,13599,
Larimer,City of Fort Collins Ballot Question 2D,105-249-57,18,"""Yes/For""","""Yes/For""",YES,uploaded,"",2025-11-18 13:50:18.080463,167061,
Larimer,City of Fort Collins Ballot Question 2D,105-282-5,19,"""No/Against""","""No/Against""",YES,uploaded,"",2025-11-18 12:24:30.668382,189053,
Larimer,City of Fort Collins Ballot Question 2D,105-3-29,16,"""Yes/For""","""Yes/For""",YES,uploaded,"",2025-11-18 11:12:03.849589,4728,
Larimer,City of Fort Collins Ballot Question 2D,106-12-71,5,"""Yes/For""","""Yes/For""",YES,uploaded,"",2025-11-18 11:28:36.295426,9213,
Larimer,City of Fort Collins Ballot Question 2D,106-262-1,18,"""Yes/For""","""Yes/For""",YES,uploaded,"",2025-11-18 13:56:35.086316,165075,
Larimer,City of Fort Collins Ballot Question 2D,106-267-28,19,"""No/Against""","""No/Against""",YES,uploaded,"",2025-11-18 12:18:02.05893,168045,
Larimer,City of Fort Collins Ballot Question 2D,106-283-62,19,"","",YES,uploaded,"",2025-11-18 11:52:01.1683,175694,
Larimer,City of Fort Collins Ballot Question 2D,106-293-77,16,"""Yes/For""","""Yes/For""",YES,uploaded,"",2025-11-18 11:52:51.853507,182861,
Larimer,City of Fort Collins Ballot Question 2D,106-297-19,19,"""No/Against""","""No/Against""",YES,uploaded,"",2025-11-18 12:02:54.484583,186421,
Larimer,City of Fort Collins Ballot Question 2D,106-301-11,16,"""Yes/For""","""Yes/For""",YES,uploaded,"",2025-11-18 12:25:28.89225,188908,
Larimer,City of Fort Collins Ballot Question 2D,106-35-89,20,"""No/Against""","""No/Against""",YES,uploaded,"",2025-11-18 12:07:30.855256,24993,
Larimer,City of Fort Collins Ballot Question 2D,109-111-93,18,"""Yes/For""","""Yes/For""",YES,uploaded,"",2025-11-18 14:03:28.50857,91151,
Larimer,City of Fort Collins Ballot Question 2D,109-121-63,19,"""No/Against""","""No/Against""",YES,uploaded,"",2025-11-18 12:01:36.97444,98688,
Larimer,City of Fort Collins Ballot Question 2D,109-149-78,18,"""No/Against""","""No/Against""",YES,uploaded,"",2025-11-18 13:39:45.776643,124912,
Larimer,City of Fort Collins Ballot Question 2D,109-149-9,16,"""Yes/For""","""Yes/For""",YES,uploaded,"",2025-11-18 13:38:17.787734,124906,
Larimer,City of Fort Collins Ballot Question 2D,109-187-49,16,"""Yes/For""","""Yes/For""",YES,uploaded,"",2025-11-18 13:46:55.782943,158695,
Larimer,City of Fort Collins Ballot Question 2D,109-223-27,20,"""Yes/For""","""Yes/For""",YES,uploaded,"",2025-11-18 13:38:24.14736,193760,
Larimer,City of Fort Collins Ballot Question 2D,110-149-32,16,"""No/Against""","""No/Against""",YES,uploaded,"",2025-11-18 13:48:19.751617,129265,
Larimer,City of Fort Collins Ballot Question 2D,110-149-5,16,"""No/Against""","""No/Against""",YES,uploaded,"",2025-11-18 13:47:23.243008,129227,
Larimer,City of Fort Collins Ballot Question 2D,110-179-54,16,"""No/Against""","""No/Against""",YES,uploaded,"",2025-11-18 11:56:33.528094,155510,
Larimer,City of Fort Collins Ballot Question 2D,110-212-48,18,"""Yes/For""","""Yes/For""",YES,uploaded,"",2025-11-18 13:47:26.901541,187082,
Larimer,City of Fort Collins Ballot Question 2D,110-28-27,5,"""Yes/For""","""Yes/For""",YES,uploaded,"",2025-11-18 12:09:12.143091,25094,
Larimer,City of Fort Collins Ballot Question 2D,110-61-3,20,"""Yes/For""","""Yes/For""",YES,uploaded,"",2025-11-18 11:49:19.891908,53204,
Larimer,City of Fort Collins Ballot Question 2D,110-67-7,19,"""Yes/For""","""Yes/For""",YES,uploaded,"",2025-11-18 11:39:25.823442,59113,
Larimer,City of Fort Collins Ballot Question 2D,110-93-12,19,"""Yes/For""","""Yes/For""",YES,uploaded,"",2025-11-18 13:52:31.821327,77652,
Larimer,City of Fort Collins Ballot Question 2D,111-118-25,16,"""No/Against""","""No/Against""",YES,uploaded,"",2025-11-18 11:52:31.561093,94572,
Larimer,City of Fort Collins Ballot Question 2D,111-137-41,19,"""Yes/For""","""Yes/For""",YES,uploaded,"",2025-11-18 11:59:39.140755,109461,
Larimer,City of Fort Collins Ballot Question 2D,111-139-63,16,"""Yes/For""","""Yes/For""",YES,uploaded,"",2025-11-18 12:14:17.301122,110672,
Larimer,City of Fort Collins Ballot Question 2D,111-139-93,16,"""Yes/For""","""Yes/For""",YES,uploaded,"",2025-11-18 12:15:19.355189,110733,
Larimer,City of Fort Collins Ballot Question 2D,111-161-85,19,"""Yes/For""","""Yes/For""",YES,uploaded,"",2025-11-18 13:40:46.868651,123451,
Larimer,City of Fort Collins Ballot Question 2D,111-33-60,16,"""Yes/For""","""Yes/For""",YES,uploaded,"",2025-11-18 13:35:21.05346,27075,
Larimer,City of Fort Collins Ballot Question 2D,111-58-36,19,"""Yes/For""","""Yes/For""",YES,uploaded,"",2025-11-18 11:52:45.623527,54509,
Larimer,City of Fort Collins Ballot Question 2D,111-65-10,16,"""Yes/For""","""Yes/For""",YES,uploaded,"",2025-11-18 11:35:42.355013,59195,
Larimer,City of Fort Collins Ballot Question 2D,112-134-48,19,"""No/Against""","""No/Against""",YES,uploaded,"",2025-11-18 11:54:43.124216,96409,
Larimer,City of Fort Collins Ballot Question 2D,112-134-57,19,"""Yes/For""","""Yes/For""",YES,uploaded,"",2025-11-18 11:55:45.943457,96323,
Larimer,City of Fort Collins Ballot Question 2D,112-138-96,20,"""Yes/For""","""Yes/For""",YES,uploaded,"",2025-11-18 12:10:25.905343,98767,
Larimer,City of Fort Collins Ballot Question 2D,112-141-77,19,"""Yes/For""","""Yes/For""",YES,uploaded,"",2025-11-18 12:12:29.542879,102865,
Larimer,City of Fort Collins Ballot Question 2D,112-154-7,16,"""Yes/For""","""Yes/For""",YES,uploaded,"",2025-11-18 12:18:42.172799,110904,
Larimer,City of Fort Collins Ballot Question 2D,112-156-98,16,"","",YES,uploaded,"",2025-11-18 13:34:40.876731,111886,
Larimer,City of Fort Collins Ballot Question 2D,112-197-3,16,"""Yes/For""","""Yes/For""",YES,uploaded,"",2025-11-18 11:32:47.275205,137954,
Larimer,City of Fort Collins Ballot Question 2D,112-222-10,18,"""Yes/For""","""Yes/For""",YES,uploaded,"",2025-11-18 11:50:39.019693,158838,
Larimer,City of Fort Collins Ballot Question 2D,112-222-71,19,"""Yes/For""","""Yes/For""",YES,uploaded,"",2025-11-18 11:51:39.760402,158849,
Larimer,City of Fort Collins Ballot Question 2D,112-41-6,20,"""Yes/For""","""Yes/For""",YES,uploaded,"",2025-11-18 11:26:00.049766,34871,
Larimer,City of Fort Collins Ballot Question 2D,112-80-79,16,"""Yes/For""","""Yes/For""",YES,uploaded,"",2025-11-18 11:48:02.851934,54438,
Larimer,City of Fort Collins Ballot Question 2E,103-130-28,19,"""Yes/For""","""Yes/For""",YES,uploaded,"",2025-11-18 12:21:28.54193,121266,
Larimer,City of Fort Collins Ballot Question 2E,103-136-2,20,"""Yes/For""","""Yes/For""",YES,uploaded,"",2025-11-18 11:47:25.505794,126254,
Larimer,City of Fort Collins Ballot Question 2E,103-184-81,16,"","",YES,uploaded,"",2025-11-18 11:54:36.52164,176109,
Larimer,City of Fort Collins Ballot Question 2E,103-184-96,19,"""Yes/For""","""Yes/For""",YES,uploaded,"",2025-11-18 11:55:42.553961,176028,
Larimer,City of Fort Collins Ballot Question 2E,103-40-40,20,"""No/Against""","""No/Against""",YES,uploaded,"",2025-11-18 13:48:06.437102,37127,
Larimer,City of Fort Collins Ballot Question 2E,103-44-11,19,"""No/Against""","""No/Against""",YES,uploaded,"",2025-11-18 13:36:47.908383,41166,
Larimer,City of Fort Collins Ballot Question 2E,103-69-39,19,"""Yes/For""","""Yes/For""",YES,uploaded,"",2025-11-18 11:57:53.44501,63127,
Larimer,City of Fort Collins Ballot Question 2E,103-71-2,16,"","",YES,uploaded,"",2025-11-18 11:59:34.551641,65852,
Larimer,City of Fort Collins Ballot Question 2E,103-75-45,18,"""Yes/For""","""Yes/For""",YES,uploaded,"",2025-11-18 12:05:59.14193,69347,
Larimer,City of Fort Collins Ballot Question 2E,103-79-11,19,"""Yes/For""","""Yes/For""",YES,uploaded,"",2025-11-18 12:09:38.644628,72338,
Larimer,City of Fort Collins Ballot Question 2E,104-101-35,19,"""Yes/For""","""Yes/For""",YES,uploaded,"",2025-11-18 13:44:00.642601,79187,
Larimer,City of Fort Collins Ballot Question 2E,104-101-85,16,"","",YES,uploaded,"",2025-11-18 13:45:13.491897,79166,
Larimer,City of Fort Collins Ballot Question 2E,104-204-50,16,"""Yes/For""","""Yes/For""",YES,uploaded,"",2025-11-18 13:54:02.423356,173195,
Larimer,City of Fort Collins Ballot Question 2E,104-208-69,16,"""Yes/For""","""Yes/For""",YES,uploaded,"",2025-11-18 11:56:43.328829,176255,
Larimer,City of Fort Collins Ballot Question 2E,104-230-60,16,"""Yes/For""","""Yes/For""",YES,uploaded,"",2025-11-18 11:48:22.838355,194090,
Larimer,City of Fort Collins Ballot Question 2E,104-230-80,5,"""Yes/For""","""Yes/For""",YES,uploaded,"",2025-11-18 11:49:30.126445,194074,
Larimer,City of Fort Collins Ballot Question 2E,104-25-97,20,"""Yes/For""","""Yes/For""",YES,uploaded,"",2025-11-18 12:17:02.470327,25162,
Larimer,City of Fort Collins Ballot Question 2E,104-29-100,16,"""No/Against""","""No/Against""",YES,uploaded,"",2025-11-18 13:33:44.325176,27435,
Larimer,City of Fort Collins Ballot Question 2E,104-66-1,16,"""Yes/For""","""Yes/For""",YES,uploaded,"",2025-11-18 12:02:40.706997,54816,
Larimer,City of Fort Collins Ballot Question 2E,105-109-8,20,"""Yes/For""","""Yes/For""",YES,uploaded,"",2025-11-18 12:07:20.36277,68978,
Larimer,City of Fort Collins Ballot Question 2E,105-114-18,19,"""Yes/For""","""Yes/For""",YES,uploaded,"",2025-11-18 12:10:31.783346,71981,
Larimer,City of Fort Collins Ballot Question 2E,105-121-81,5,"""No/Against""","""No/Against""",YES,uploaded,"",2025-11-18 13:41:43.851851,77481,
Larimer,City of Fort Collins Ballot Question 2E,105-145-57,19,"""Yes/For""","""Yes/For""",YES,uploaded,"",2025-11-18 12:00:37.457785,94769,
Larimer,City of Fort Collins Ballot Question 2E,105-19-78,18,"""Yes/For""","""Yes/For""",YES,uploaded,"",2025-11-18 11:36:43.666842,13599,
Larimer,City of Fort Collins Ballot Question 2E,105-249-57,18,"""Yes/For""","""Yes/For""",YES,uploaded,"",2025-11-18 13:50:18.080463,167061,
Larimer,City of Fort Collins Ballot Question 2E,105-282-5,19,"""No/Against""","""No/Against""",YES,uploaded,"",2025-11-18 12:24:30.668382,189053,
Larimer,City of Fort Collins Ballot Question 2E,105-3-29,16,"""Yes/For""","""Yes/For""",YES,uploaded,"",2025-11-18 11:12:03.849589,4728,
Larimer,City of Fort Collins Ballot Question 2E,106-12-71,5,"""Yes/For""","""Yes/For""",YES,uploaded,"",2025-11-18 11:28:36.295426,9213,
Larimer,City of Fort Collins Ballot Question 2E,106-262-1,18,"""Yes/For""","""Yes/For""",YES,uploaded,"",2025-11-18 13:56:35.086316,165075,
Larimer,City of Fort Collins Ballot Question 2E,106-267-28,19,"""No/Against""","""No/Against""",YES,uploaded,"",2025-11-18 12:18:02.05893,168045,
Larimer,City of Fort Collins Ballot Question 2E,106-283-62,19,"","",YES,uploaded,"",2025-11-18 11:52:01.1683,175694,
Larimer,City of Fort Collins Ballot Question 2E,106-293-77,16,"""Yes/For""","""Yes/For""",YES,uploaded,"",2025-11-18 11:52:51.853507,182861,
Larimer,City of Fort Collins Ballot Question 2E,106-297-19,19,"""No/Against""","""No/Against""",YES,uploaded,"",2025-11-18 12:02:54.484583,186421,
Larimer,City of Fort Collins Ballot Question 2E,106-301-11,16,"""No/Against""","""No/Against""",YES,uploaded,"",2025-11-18 12:25:28.89225,188908,
Larimer,City of Fort Collins Ballot Question 2E,106-35-89,20,"""Yes/For""","""Yes/For""",YES,uploaded,"",2025-11-18 12:07:30.855256,24993,
Larimer,City of Fort Collins Ballot Question 2E,109-111-93,18,"""Yes/For""","""Yes/For""",YES,uploaded,"",2025-11-18 14:03:28.50857,91151,
Larimer,City of Fort Collins Ballot Question 2E,109-121-63,19,"""No/Against""","""No/Against""",YES,uploaded,"",2025-11-18 12:01:36.97444,98688,
Larimer,City of Fort Collins Ballot Question 2E,109-149-78,18,"""Yes/For""","""Yes/For""",YES,uploaded,"",2025-11-18 13:39:45.776643,124912,
Larimer,City of Fort Collins Ballot Question 2E,109-149-9,16,"""Yes/For""","""Yes/For""",YES,uploaded,"",2025-11-18 13:38:17.787734,124906,
Larimer,City of Fort Collins Ballot Question 2E,109-187-49,16,"""No/Against""","""No/Against""",YES,uploaded,"",2025-11-18 13:46:55.782943,158695,
Larimer,City of Fort Collins Ballot Question 2E,109-223-27,20,"""Yes/For""","""Yes/For""",YES,uploaded,"",2025-11-18 13:38:24.14736,193760,
Larimer,City of Fort Collins Ballot Question 2E,110-149-32,16,"""Yes/For""","""Yes/For""",YES,uploaded,"",2025-11-18 13:48:19.751617,129265,
Larimer,City of Fort Collins Ballot Question 2E,110-149-5,16,"""Yes/For""","""Yes/For""",YES,uploaded,"",2025-11-18 13:47:23.243008,129227,
Larimer,City of Fort Collins Ballot Question 2E,110-179-54,16,"""No/Against""","""No/Against""",YES,uploaded,"",2025-11-18 11:56:33.528094,155510,
Larimer,City of Fort Collins Ballot Question 2E,110-212-48,18,"""Yes/For""","""Yes/For""",YES,uploaded,"",2025-11-18 13:47:26.901541,187082,
Larimer,City of Fort Collins Ballot Question 2E,110-28-27,5,"""Yes/For""","""Yes/For""",YES,uploaded,"",2025-11-18 12:09:12.143091,25094,
Larimer,City of Fort Collins Ballot Question 2E,110-61-3,20,"""Yes/For""","""Yes/For""",YES,uploaded,"",2025-11-18 11:49:19.891908,53204,
Larimer,City of Fort Collins Ballot Question 2E,110-67-7,19,"""Yes/For""","""Yes/For""",YES,uploaded,"",2025-11-18 11:39:25.823442,59113,
Larimer,City of Fort Collins Ballot Question 2E,110-93-12,19,"""Yes/For""","""Yes/For""",YES,uploaded,"",2025-11-18 13:52:31.821327,77652,
Larimer,City of Fort Collins Ballot Question 2E,111-118-25,16,"""No/Against""","""No/Against""",YES,uploaded,"",2025-11-18 11:52:31.561093,94572,
Larimer,City of Fort Collins Ballot Question 2E,111-137-41,19,"""Yes/For""","""Yes/For""",YES,uploaded,"",2025-11-18 11:59:39.140755,109461,
Larimer,City of Fort Collins Ballot Question 2E,111-139-63,16,"""Yes/For""","""Yes/For""",YES,uploaded,"",2025-11-18 12:14:17.301122,110672,
Larimer,City of Fort Collins Ballot Question 2E,111-139-93,16,"""Yes/For""","""Yes/For""",YES,uploaded,"",2025-11-18 12:15:19.355189,110733,
Larimer,City of Fort Collins Ballot Question 2E,111-161-85,19,"""Yes/For""","""Yes/For""",YES,uploaded,"",2025-11-18 13:40:46.868651,123451,
Larimer,City of Fort Collins Ballot Question 2E,111-33-60,16,"""Yes/For""","""Yes/For""",YES,uploaded,"",2025-11-18 13:35:21.05346,27075,
Larimer,City of Fort Collins Ballot Question 2E,111-58-36,19,"""Yes/For""","""Yes/For""",YES,uploaded,"",2025-11-18 11:52:45.623527,54509,
Larimer,City of Fort Collins Ballot Question 2E,111-65-10,16,"""Yes/For""","""Yes/For""",YES,uploaded,"",2025-11-18 11:35:42.355013,59195,
Larimer,City of Fort Collins Ballot Question 2E,112-134-48,19,"""No/Against""","""No/Against""",YES,uploaded,"",2025-11-18 11:54:43.124216,96409,
Larimer,City of Fort Collins Ballot Question 2E,112-134-57,19,"""Yes/For""","""Yes/For""",YES,uploaded,"",2025-11-18 11:55:45.943457,96323,
Larimer,City of Fort Collins Ballot Question 2E,112-138-96,20,"""Yes/For""","""Yes/For""",YES,uploaded,"",2025-11-18 12:10:25.905343,98767,
Larimer,City of Fort Collins Ballot Question 2E,112-141-77,19,"""Yes/For""","""Yes/For""",YES,uploaded,"",2025-11-18 12:12:29.542879,102865,
Larimer,City of Fort Collins Ballot Question 2E,112-154-7,16,"""Yes/For""","""Yes/For""",YES,uploaded,"",2025-11-18 12:18:42.172799,110904,
Larimer,City of Fort Collins Ballot Question 2E,112-156-98,16,"","",YES,uploaded,"",2025-11-18 13:34:40.876731,111886,
Larimer,City of Fort Collins Ballot Question 2E,112-197-3,16,"""Yes/For""","""Yes/For""",YES,uploaded,"",2025-11-18 11:32:47.275205,137954,
Larimer,City of Fort Collins Ballot Question 2E,112-222-10,18,"""Yes/For""","""Yes/For""",YES,uploaded,"",2025-11-18 11:50:39.019693,158838,
Larimer,City of Fort Collins Ballot Question 2E,112-222-71,19,"""Yes/For""","""Yes/For""",YES,uploaded,"",2025-11-18 11:51:39.760402,158849,
Larimer,City of Fort Collins Ballot Question 2E,112-41-6,20,"""Yes/For""","""Yes/For""",YES,uploaded,"",2025-11-18 11:26:00.049766,34871,
Larimer,City of Fort Collins Ballot Question 2E,112-80-79,16,"""Yes/For""","""Yes/For""",YES,uploaded,"",2025-11-18 11:48:02.851934,54438,
Larimer,City of Fort Collins Ballot Question 2F,103-130-28,19,"""Yes/For""","""Yes/For""",YES,uploaded,"",2025-11-18 12:21:28.54193,121266,
Larimer,City of Fort Collins Ballot Question 2F,103-136-2,20,"","",YES,uploaded,"",2025-11-18 11:47:25.505794,126254,
Larimer,City of Fort Collins Ballot Question 2F,103-184-81,16,"","",YES,uploaded,"",2025-11-18 11:54:36.52164,176109,
Larimer,City of Fort Collins Ballot Question 2F,103-184-96,19,"""No/Against""","""No/Against""",YES,uploaded,"",2025-11-18 11:55:42.553961,176028,
Larimer,City of Fort Collins Ballot Question 2F,103-40-40,20,"""No/Against""","""No/Against""",YES,uploaded,"",2025-11-18 13:48:06.437102,37127,
Larimer,City of Fort Collins Ballot Question 2F,103-44-11,19,"""No/Against""","""No/Against""",YES,uploaded,"",2025-11-18 13:36:47.908383,41166,
Larimer,City of Fort Collins Ballot Question 2F,103-69-39,19,"""Yes/For""","""Yes/For""",YES,uploaded,"",2025-11-18 11:57:53.44501,63127,
Larimer,City of Fort Collins Ballot Question 2F,103-71-2,16,"","",YES,uploaded,"",2025-11-18 11:59:34.551641,65852,
Larimer,City of Fort Collins Ballot Question 2F,103-75-45,18,"","",YES,uploaded,"",2025-11-18 12:05:59.14193,69347,
Larimer,City of Fort Collins Ballot Question 2F,103-79-11,19,"""No/Against""","""No/Against""",YES,uploaded,"",2025-11-18 12:09:38.644628,72338,
Larimer,City of Fort Collins Ballot Question 2F,104-101-35,19,"""No/Against""","""No/Against""",YES,uploaded,"",2025-11-18 13:44:00.642601,79187,
Larimer,City of Fort Collins Ballot Question 2F,104-101-85,16,"","",YES,uploaded,"",2025-11-18 13:45:13.491897,79166,
Larimer,City of Fort Collins Ballot Question 2F,104-204-50,16,"""No/Against""","""No/Against""",YES,uploaded,"",2025-11-18 13:54:02.423356,173195,
Larimer,City of Fort Collins Ballot Question 2F,104-208-69,16,"""No/Against""","""No/Against""",YES,uploaded,"",2025-11-18 11:56:43.328829,176255,
Larimer,City of Fort Collins Ballot Question 2F,104-230-60,16,"""No/Against""","""No/Against""",YES,uploaded,"",2025-11-18 11:48:22.838355,194090,
Larimer,City of Fort Collins Ballot Question 2F,104-230-80,5,"""No/Against""","""No/Against""",YES,uploaded,"",2025-11-18 11:49:30.126445,194074,
Larimer,City of Fort Collins Ballot Question 2F,104-25-97,20,"""No/Against""","""No/Against""",YES,uploaded,"",2025-11-18 12:17:02.470327,25162,
Larimer,City of Fort Collins Ballot Question 2F,104-29-100,16,"""No/Against""","""No/Against""",YES,uploaded,"",2025-11-18 13:33:44.325176,27435,
Larimer,City of Fort Collins Ballot Question 2F,104-66-1,16,"""No/Against""","""No/Against""",YES,uploaded,"",2025-11-18 12:02:40.706997,54816,
Larimer,City of Fort Collins Ballot Question 2F,105-109-8,20,"""No/Against""","""No/Against""",YES,uploaded,"",2025-11-18 12:07:20.36277,68978,
Larimer,City of Fort Collins Ballot Question 2F,105-114-18,19,"""No/Against""","""No/Against""",YES,uploaded,"",2025-11-18 12:10:31.783346,71981,
Larimer,City of Fort Collins Ballot Question 2F,105-121-81,5,"""No/Against""","""No/Against""",YES,uploaded,"",2025-11-18 13:41:43.851851,77481,
Larimer,City of Fort Collins Ballot Question 2F,105-145-57,19,"","",YES,uploaded,"",2025-11-18 12:00:37.457785,94769,
Larimer,City of Fort Collins Ballot Question 2F,105-19-78,18,"""No/Against""","""No/Against""",YES,uploaded,"",2025-11-18 11:36:43.666842,13599,
Larimer,City of Fort Collins Ballot Question 2F,105-249-57,18,"""Yes/For""","""Yes/For""",YES,uploaded,"",2025-11-18 13:50:18.080463,167061,
Larimer,City of Fort Collins Ballot Question 2F,105-282-5,19,"""No/Against""","""No/Against""",YES,uploaded,"",2025-11-18 12:24:30.668382,189053,
Larimer,City of Fort Collins Ballot Question 2F,105-3-29,16,"""Yes/For""","""Yes/For""",YES,uploaded,"",2025-11-18 11:12:03.849589,4728,
Larimer,City of Fort Collins Ballot Question 2F,106-12-71,5,"""No/Against""","""No/Against""",YES,uploaded,"",2025-11-18 11:28:36.295426,9213,
Larimer,City of Fort Collins Ballot Question 2F,106-262-1,18,"""Yes/For""","""Yes/For""",YES,uploaded,"",2025-11-18 13:56:35.086316,165075,
Larimer,City of Fort Collins Ballot Question 2F,106-267-28,19,"""No/Against""","""No/Against""",YES,uploaded,"",2025-11-18 12:18:02.05893,168045,
Larimer,City of Fort Collins Ballot Question 2F,106-283-62,19,"","",YES,uploaded,"",2025-11-18 11:52:01.1683,175694,
Larimer,City of Fort Collins Ballot Question 2F,106-293-77,16,"""Yes/For""","""Yes/For""",YES,uploaded,"",2025-11-18 11:52:51.853507,182861,
Larimer,City of Fort Collins Ballot Question 2F,106-297-19,19,"""No/Against""","""No/Against""",YES,uploaded,"",2025-11-18 12:02:54.484583,186421,
Larimer,City of Fort Collins Ballot Question 2F,106-301-11,16,"""No/Against""","""No/Against""",YES,uploaded,"",2025-11-18 12:25:28.89225,188908,
Larimer,City of Fort Collins Ballot Question 2F,106-35-89,20,"""No/Against""","""No/Against""",YES,uploaded,"",2025-11-18 12:07:30.855256,24993,
Larimer,City of Fort Collins Ballot Question 2F,109-111-93,18,"""Yes/For""","""Yes/For""",YES,uploaded,"",2025-11-18 14:03:28.50857,91151,
Larimer,City of Fort Collins Ballot Question 2F,109-121-63,19,"""No/Against""","""No/Against""",YES,uploaded,"",2025-11-18 12:01:36.97444,98688,
Larimer,City of Fort Collins Ballot Question 2F,109-149-78,18,"""Yes/For""","""Yes/For""",YES,uploaded,"",2025-11-18 13:39:45.776643,124912,
Larimer,City of Fort Collins Ballot Question 2F,109-149-9,16,"""Yes/For""","""Yes/For""",YES,uploaded,"",2025-11-18 13:38:17.787734,124906,
Larimer,City of Fort Collins Ballot Question 2F,109-187-49,16,"""No/Against""","""No/Against""",YES,uploaded,"",2025-11-18 13:46:55.782943,158695,
Larimer,City of Fort Collins Ballot Question 2F,109-223-27,20,"""No/Against""","""No/Against""",YES,uploaded,"",2025-11-18 13:38:24.14736,193760,
Larimer,City of Fort Collins Ballot Question 2F,110-149-32,16,"""No/Against""","""No/Against""",YES,uploaded,"",2025-11-18 13:48:19.751617,129265,
Larimer,City of Fort Collins Ballot Question 2F,110-149-5,16,"""No/Against""","""No/Against""",YES,uploaded,"",2025-11-18 13:47:23.243008,129227,
Larimer,City of Fort Collins Ballot Question 2F,110-179-54,16,"""No/Against""","""No/Against""",YES,uploaded,"",2025-11-18 11:56:33.528094,155510,
Larimer,City of Fort Collins Ballot Question 2F,110-212-48,18,"""No/Against""","""No/Against""",YES,uploaded,"",2025-11-18 13:47:26.901541,187082,
Larimer,City of Fort Collins Ballot Question 2F,110-28-27,5,"""No/Against""","""No/Against""",YES,uploaded,"",2025-11-18 12:09:12.143091,25094,
Larimer,City of Fort Collins Ballot Question 2F,110-61-3,20,"""Yes/For""","""Yes/For""",YES,uploaded,"",2025-11-18 11:49:19.891908,53204,
Larimer,City of Fort Collins Ballot Question 2F,110-67-7,19,"""No/Against""","""No/Against""",YES,uploaded,"",2025-11-18 11:39:25.823442,59113,
Larimer,City of Fort Collins Ballot Question 2F,110-93-12,19,"""No/Against""","""No/Against""",YES,uploaded,"",2025-11-18 13:52:31.821327,77652,
Larimer,City of Fort Collins Ballot Question 2F,111-118-25,16,"""No/Against""","""No/Against""",YES,uploaded,"",2025-11-18 11:52:31.561093,94572,
Larimer,City of Fort Collins Ballot Question 2F,111-137-41,19,"""Yes/For""","""Yes/For""",YES,uploaded,"",2025-11-18 11:59:39.140755,109461,
Larimer,City of Fort Collins Ballot Question 2F,111-139-63,16,"""Yes/For""","""Yes/For""",YES,uploaded,"",2025-11-18 12:14:17.301122,110672,
Larimer,City of Fort Collins Ballot Question 2F,111-139-93,16,"""No/Against""","""No/Against""",YES,uploaded,"",2025-11-18 12:15:19.355189,110733,
Larimer,City of Fort Collins Ballot Question 2F,111-161-85,19,"""No/Against""","""No/Against""",YES,uploaded,"",2025-11-18 13:40:46.868651,123451,
Larimer,City of Fort Collins Ballot Question 2F,111-33-60,16,"""Yes/For""","""Yes/For""",YES,uploaded,"",2025-11-18 13:35:21.05346,27075,
Larimer,City of Fort Collins Ballot Question 2F,111-58-36,19,"""No/Against""","""No/Against""",YES,uploaded,"",2025-11-18 11:52:45.623527,54509,
Larimer,City of Fort Collins Ballot Question 2F,111-65-10,16,"""Yes/For""","""Yes/For""",YES,uploaded,"",2025-11-18 11:35:42.355013,59195,
Larimer,City of Fort Collins Ballot Question 2F,112-134-48,19,"""Yes/For""","""Yes/For""",YES,uploaded,"",2025-11-18 11:54:43.124216,96409,
Larimer,City of Fort Collins Ballot Question 2F,112-134-57,19,"""No/Against""","""No/Against""",YES,uploaded,"",2025-11-18 11:55:45.943457,96323,
Larimer,City of Fort Collins Ballot Question 2F,112-138-96,20,"""Yes/For""","""Yes/For""",YES,uploaded,"",2025-11-18 12:10:25.905343,98767,
Larimer,City of Fort Collins Ballot Question 2F,112-141-77,19,"""Yes/For""","""Yes/For""",YES,uploaded,"",2025-11-18 12:12:29.542879,102865,
Larimer,City of Fort Collins Ballot Question 2F,112-154-7,16,"""No/Against""","""No/Against""",YES,uploaded,"",2025-11-18 12:18:42.172799,110904,
Larimer,City of Fort Collins Ballot Question 2F,112-156-98,16,"","",YES,uploaded,"",2025-11-18 13:34:40.876731,111886,
Larimer,City of Fort Collins Ballot Question 2F,112-197-3,16,"""Yes/For""","""Yes/For""",YES,uploaded,"",2025-11-18 11:32:47.275205,137954,
Larimer,City of Fort Collins Ballot Question 2F,112-222-10,18,"""No/Against""","""No/Against""",YES,uploaded,"",2025-11-18 11:50:39.019693,158838,
Larimer,City of Fort Collins Ballot Question 2F,112-222-71,19,"""Yes/For""","""Yes/For""",YES,uploaded,"",2025-11-18 11:51:39.760402,158849,
Larimer,City of Fort Collins Ballot Question 2F,112-41-6,20,"""Yes/For""","""Yes/For""",YES,uploaded,"",2025-11-18 11:26:00.049766,34871,
Larimer,City of Fort Collins Ballot Question 2F,112-80-79,16,"""Yes/For""","""Yes/For""",YES,uploaded,"",2025-11-18 11:48:02.851934,54438,
Larimer,City of Fort Collins Ballot Question 2G,103-130-28,19,"""Yes/For""","""Yes/For""",YES,uploaded,"",2025-11-18 12:21:28.54193,121266,
Larimer,City of Fort Collins Ballot Question 2G,103-136-2,20,"","",YES,uploaded,"",2025-11-18 11:47:25.505794,126254,
Larimer,City of Fort Collins Ballot Question 2G,103-184-81,16,"","",YES,uploaded,"",2025-11-18 11:54:36.52164,176109,
Larimer,City of Fort Collins Ballot Question 2G,103-184-96,19,"""Yes/For""","""Yes/For""",YES,uploaded,"",2025-11-18 11:55:42.553961,176028,
Larimer,City of Fort Collins Ballot Question 2G,103-40-40,20,"""No/Against""","""No/Against""",YES,uploaded,"",2025-11-18 13:48:06.437102,37127,
Larimer,City of Fort Collins Ballot Question 2G,103-44-11,19,"""No/Against""","""No/Against""",YES,uploaded,"",2025-11-18 13:36:47.908383,41166,
Larimer,City of Fort Collins Ballot Question 2G,103-69-39,19,"""Yes/For""","""Yes/For""",YES,uploaded,"",2025-11-18 11:57:53.44501,63127,
Larimer,City of Fort Collins Ballot Question 2G,103-71-2,16,"","",YES,uploaded,"",2025-11-18 11:59:34.551641,65852,
Larimer,City of Fort Collins Ballot Question 2G,103-75-45,18,"""Yes/For""","""Yes/For""",YES,uploaded,"",2025-11-18 12:05:59.14193,69347,
Larimer,City of Fort Collins Ballot Question 2G,103-79-11,19,"""Yes/For""","""Yes/For""",YES,uploaded,"",2025-11-18 12:09:38.644628,72338,
Larimer,City of Fort Collins Ballot Question 2G,104-101-35,19,"""No/Against""","""No/Against""",YES,uploaded,"",2025-11-18 13:44:00.642601,79187,
Larimer,City of Fort Collins Ballot Question 2G,104-101-85,16,"","",YES,uploaded,"",2025-11-18 13:45:13.491897,79166,
Larimer,City of Fort Collins Ballot Question 2G,104-204-50,16,"""Yes/For""","""Yes/For""",YES,uploaded,"",2025-11-18 13:54:02.423356,173195,
Larimer,City of Fort Collins Ballot Question 2G,104-208-69,16,"""Yes/For""","""Yes/For""",YES,uploaded,"",2025-11-18 11:56:43.328829,176255,
Larimer,City of Fort Collins Ballot Question 2G,104-230-60,16,"","",YES,uploaded,"",2025-11-18 11:48:22.838355,194090,
Larimer,City of Fort Collins Ballot Question 2G,104-230-80,5,"""No/Against""","""No/Against""",YES,uploaded,"",2025-11-18 11:49:30.126445,194074,
Larimer,City of Fort Collins Ballot Question 2G,104-25-97,20,"""No/Against""","""No/Against""",YES,uploaded,"",2025-11-18 12:17:02.470327,25162,
Larimer,City of Fort Collins Ballot Question 2G,104-29-100,16,"""Yes/For""","""Yes/For""",YES,uploaded,"",2025-11-18 13:33:44.325176,27435,
Larimer,City of Fort Collins Ballot Question 2G,104-66-1,16,"""Yes/For""","""Yes/For""",YES,uploaded,"",2025-11-18 12:02:40.706997,54816,
Larimer,City of Fort Collins Ballot Question 2G,105-109-8,20,"""Yes/For""","""Yes/For""",YES,uploaded,"",2025-11-18 12:07:20.36277,68978,
Larimer,City of Fort Collins Ballot Question 2G,105-114-18,19,"""Yes/For""","""Yes/For""",YES,uploaded,"",2025-11-18 12:10:31.783346,71981,
Larimer,City of Fort Collins Ballot Question 2G,105-121-81,5,"""No/Against""","""No/Against""",YES,uploaded,"",2025-11-18 13:41:43.851851,77481,
Larimer,City of Fort Collins Ballot Question 2G,105-145-57,19,"""Yes/For""","""Yes/For""",YES,uploaded,"",2025-11-18 12:00:37.457785,94769,
Larimer,City of Fort Collins Ballot Question 2G,105-19-78,18,"""No/Against""","""No/Against""",YES,uploaded,"",2025-11-18 11:36:43.666842,13599,
Larimer,City of Fort Collins Ballot Question 2G,105-249-57,18,"""Yes/For""","""Yes/For""",YES,uploaded,"",2025-11-18 13:50:18.080463,167061,
Larimer,City of Fort Collins Ballot Question 2G,105-282-5,19,"""No/Against""","""No/Against""",YES,uploaded,"",2025-11-18 12:24:30.668382,189053,
Larimer,City of Fort Collins Ballot Question 2G,105-3-29,16,"""Yes/For""","""Yes/For""",YES,uploaded,"",2025-11-18 11:12:03.849589,4728,
Larimer,City of Fort Collins Ballot Question 2G,106-12-71,5,"""Yes/For""","""Yes/For""",YES,uploaded,"",2025-11-18 11:28:36.295426,9213,
Larimer,City of Fort Collins Ballot Question 2G,106-262-1,18,"""Yes/For""","""Yes/For""",YES,uploaded,"",2025-11-18 13:56:35.086316,165075,
Larimer,City of Fort Collins Ballot Question 2G,106-267-28,19,"""No/Against""","""No/Against""",YES,uploaded,"",2025-11-18 12:18:02.05893,168045,
Larimer,City of Fort Collins Ballot Question 2G,106-283-62,19,"","",YES,uploaded,"",2025-11-18 11:52:01.1683,175694,
Larimer,City of Fort Collins Ballot Question 2G,106-293-77,16,"""Yes/For""","""Yes/For""",YES,uploaded,"",2025-11-18 11:52:51.853507,182861,
Larimer,City of Fort Collins Ballot Question 2G,106-297-19,19,"""No/Against""","""No/Against""",YES,uploaded,"",2025-11-18 12:02:54.484583,186421,
Larimer,City of Fort Collins Ballot Question 2G,106-301-11,16,"""Yes/For""","""Yes/For""",YES,uploaded,"",2025-11-18 12:25:28.89225,188908,
Larimer,City of Fort Collins Ballot Question 2G,106-35-89,20,"""No/Against""","""No/Against""",YES,uploaded,"",2025-11-18 12:07:30.855256,24993,
Larimer,City of Fort Collins Ballot Question 2G,109-111-93,18,"""Yes/For""","""Yes/For""",YES,uploaded,"",2025-11-18 14:03:28.50857,91151,
Larimer,City of Fort Collins Ballot Question 2G,109-121-63,19,"""No/Against""","""No/Against""",YES,uploaded,"",2025-11-18 12:01:36.97444,98688,
Larimer,City of Fort Collins Ballot Question 2G,109-149-78,18,"""No/Against""","""No/Against""",YES,uploaded,"",2025-11-18 13:39:45.776643,124912,
Larimer,City of Fort Collins Ballot Question 2G,109-149-9,16,"""Yes/For""","""Yes/For""",YES,uploaded,"",2025-11-18 13:38:17.787734,124906,
Larimer,City of Fort Collins Ballot Question 2G,109-187-49,16,"""Yes/For""","""Yes/For""",YES,uploaded,"",2025-11-18 13:46:55.782943,158695,
Larimer,City of Fort Collins Ballot Question 2G,109-223-27,20,"""Yes/For""","""Yes/For""",YES,uploaded,"",2025-11-18 13:38:24.14736,193760,
Larimer,City of Fort Collins Ballot Question 2G,110-149-32,16,"""No/Against""","""No/Against""",YES,uploaded,"",2025-11-18 13:48:19.751617,129265,
Larimer,City of Fort Collins Ballot Question 2G,110-149-5,16,"""Yes/For""","""Yes/For""",YES,uploaded,"",2025-11-18 13:47:23.243008,129227,
Larimer,City of Fort Collins Ballot Question 2G,110-179-54,16,"""No/Against""","""No/Against""",YES,uploaded,"",2025-11-18 11:56:33.528094,155510,
Larimer,City of Fort Collins Ballot Question 2G,110-212-48,18,"""Yes/For""","""Yes/For""",YES,uploaded,"",2025-11-18 13:47:26.901541,187082,
Larimer,City of Fort Collins Ballot Question 2G,110-28-27,5,"""No/Against""","""No/Against""",YES,uploaded,"",2025-11-18 12:09:12.143091,25094,
Larimer,City of Fort Collins Ballot Question 2G,110-61-3,20,"""Yes/For""","""Yes/For""",YES,uploaded,"",2025-11-18 11:49:19.891908,53204,
Larimer,City of Fort Collins Ballot Question 2G,110-67-7,19,"""Yes/For""","""Yes/For""",YES,uploaded,"",2025-11-18 11:39:25.823442,59113,
Larimer,City of Fort Collins Ballot Question 2G,110-93-12,19,"""Yes/For""","""Yes/For""",YES,uploaded,"",2025-11-18 13:52:31.821327,77652,
Larimer,City of Fort Collins Ballot Question 2G,111-118-25,16,"""Yes/For""","""Yes/For""",YES,uploaded,"",2025-11-18 11:52:31.561093,94572,
Larimer,City of Fort Collins Ballot Question 2G,111-137-41,19,"""Yes/For""","""Yes/For""",YES,uploaded,"",2025-11-18 11:59:39.140755,109461,
Larimer,City of Fort Collins Ballot Question 2G,111-139-63,16,"""Yes/For""","""Yes/For""",YES,uploaded,"",2025-11-18 12:14:17.301122,110672,
Larimer,City of Fort Collins Ballot Question 2G,111-139-93,16,"""Yes/For""","""Yes/For""",YES,uploaded,"",2025-11-18 12:15:19.355189,110733,
Larimer,City of Fort Collins Ballot Question 2G,111-161-85,19,"""Yes/For""","""Yes/For""",YES,uploaded,"",2025-11-18 13:40:46.868651,123451,
Larimer,City of Fort Collins Ballot Question 2G,111-33-60,16,"""Yes/For""","""Yes/For""",YES,uploaded,"",2025-11-18 13:35:21.05346,27075,
Larimer,City of Fort Collins Ballot Question 2G,111-58-36,19,"""Yes/For""","""Yes/For""",YES,uploaded,"",2025-11-18 11:52:45.623527,54509,
Larimer,City of Fort Collins Ballot Question 2G,111-65-10,16,"""Yes/For""","""Yes/For""",YES,uploaded,"",2025-11-18 11:35:42.355013,59195,
Larimer,City of Fort Collins Ballot Question 2G,112-134-48,19,"""Yes/For""","""Yes/For""",YES,uploaded,"",2025-11-18 11:54:43.124216,96409,
Larimer,City of Fort Collins Ballot Question 2G,112-134-57,19,"""No/Against""","""No/Against""",YES,uploaded,"",2025-11-18 11:55:45.943457,96323,
Larimer,City of Fort Collins Ballot Question 2G,112-138-96,20,"""Yes/For""","""Yes/For""",YES,uploaded,"",2025-11-18 12:10:25.905343,98767,
Larimer,City of Fort Collins Ballot Question 2G,112-141-77,19,"""Yes/For""","""Yes/For""",YES,uploaded,"",2025-11-18 12:12:29.542879,102865,
Larimer,City of Fort Collins Ballot Question 2G,112-154-7,16,"","",YES,uploaded,"",2025-11-18 12:18:42.172799,110904,
Larimer,City of Fort Collins Ballot Question 2G,112-156-98,16,"","",YES,uploaded,"",2025-11-18 13:34:40.876731,111886,
Larimer,City of Fort Collins Ballot Question 2G,112-197-3,16,"""Yes/For""","""Yes/For""",YES,uploaded,"",2025-11-18 11:32:47.275205,137954,
Larimer,City of Fort Collins Ballot Question 2G,112-222-10,18,"""Yes/For""","""Yes/For""",YES,uploaded,"",2025-11-18 11:50:39.019693,158838,
Larimer,City of Fort Collins Ballot Question 2G,112-222-71,19,"""Yes/For""","""Yes/For""",YES,uploaded,"",2025-11-18 11:51:39.760402,158849,
Larimer,City of Fort Collins Ballot Question 2G,112-41-6,20,"""Yes/For""","""Yes/For""",YES,uploaded,"",2025-11-18 11:26:00.049766,34871,
Larimer,City of Fort Collins Ballot Question 2G,112-80-79,16,"""Yes/For""","""Yes/For""",YES,uploaded,"",2025-11-18 11:48:02.851934,54438,
Larimer,City of Fort Collins Ballot Question 2H,103-130-28,19,"""Yes/For""","""Yes/For""",YES,uploaded,"",2025-11-18 12:21:28.54193,121266,
Larimer,City of Fort Collins Ballot Question 2H,103-136-2,20,"""Yes/For""","""Yes/For""",YES,uploaded,"",2025-11-18 11:47:25.505794,126254,
Larimer,City of Fort Collins Ballot Question 2H,103-184-81,16,"""Yes/For""","""Yes/For""",YES,uploaded,"",2025-11-18 11:54:36.52164,176109,
Larimer,City of Fort Collins Ballot Question 2H,103-184-96,19,"""Yes/For""","""Yes/For""",YES,uploaded,"",2025-11-18 11:55:42.553961,176028,
Larimer,City of Fort Collins Ballot Question 2H,103-40-40,20,"""No/Against""","""No/Against""",YES,uploaded,"",2025-11-18 13:48:06.437102,37127,
Larimer,City of Fort Collins Ballot Question 2H,103-44-11,19,"""No/Against""","""No/Against""",YES,uploaded,"",2025-11-18 13:36:47.908383,41166,
Larimer,City of Fort Collins Ballot Question 2H,103-69-39,19,"""Yes/For""","""Yes/For""",YES,uploaded,"",2025-11-18 11:57:53.44501,63127,
Larimer,City of Fort Collins Ballot Question 2H,103-71-2,16,"""Yes/For""","""Yes/For""",YES,uploaded,"",2025-11-18 11:59:34.551641,65852,
Larimer,City of Fort Collins Ballot Question 2H,103-75-45,18,"""Yes/For""","""Yes/For""",YES,uploaded,"",2025-11-18 12:05:59.14193,69347,
Larimer,City of Fort Collins Ballot Question 2H,103-79-11,19,"""Yes/For""","""Yes/For""",YES,uploaded,"",2025-11-18 12:09:38.644628,72338,
Larimer,City of Fort Collins Ballot Question 2H,104-101-35,19,"""No/Against""","""No/Against""",YES,uploaded,"",2025-11-18 13:44:00.642601,79187,
Larimer,City of Fort Collins Ballot Question 2H,104-101-85,16,"""Yes/For""","""Yes/For""",YES,uploaded,"",2025-11-18 13:45:13.491897,79166,
Larimer,City of Fort Collins Ballot Question 2H,104-204-50,16,"""No/Against""","""No/Against""",YES,uploaded,"",2025-11-18 13:54:02.423356,173195,
Larimer,City of Fort Collins Ballot Question 2H,104-208-69,16,"""Yes/For""","""Yes/For""",YES,uploaded,"",2025-11-18 11:56:43.328829,176255,
Larimer,City of Fort Collins Ballot Question 2H,104-230-60,16,"""No/Against""","""No/Against""",YES,uploaded,"",2025-11-18 11:48:22.838355,194090,
Larimer,City of Fort Collins Ballot Question 2H,104-230-80,5,"""Yes/For""","""Yes/For""",YES,uploaded,"",2025-11-18 11:49:30.126445,194074,
Larimer,City of Fort Collins Ballot Question 2H,104-25-97,20,"""Yes/For""","""Yes/For""",YES,uploaded,"",2025-11-18 12:17:02.470327,25162,
Larimer,City of Fort Collins Ballot Question 2H,104-29-100,16,"""Yes/For""","""Yes/For""",YES,uploaded,"",2025-11-18 13:33:44.325176,27435,
Larimer,City of Fort Collins Ballot Question 2H,104-66-1,16,"""Yes/For""","""Yes/For""",YES,uploaded,"",2025-11-18 12:02:40.706997,54816,
Larimer,City of Fort Collins Ballot Question 2H,105-109-8,20,"""Yes/For""","""Yes/For""",YES,uploaded,"",2025-11-18 12:07:20.36277,68978,
Larimer,City of Fort Collins Ballot Question 2H,105-114-18,19,"""Yes/For""","""Yes/For""",YES,uploaded,"",2025-11-18 12:10:31.783346,71981,
Larimer,City of Fort Collins Ballot Question 2H,105-121-81,5,"""Yes/For""","""Yes/For""",YES,uploaded,"",2025-11-18 13:41:43.851851,77481,
Larimer,City of Fort Collins Ballot Question 2H,105-145-57,19,"""Yes/For""","""Yes/For""",YES,uploaded,"",2025-11-18 12:00:37.457785,94769,
Larimer,City of Fort Collins Ballot Question 2H,105-19-78,18,"""Yes/For""","""Yes/For""",YES,uploaded,"",2025-11-18 11:36:43.666842,13599,
Larimer,City of Fort Collins Ballot Question 2H,105-249-57,18,"""Yes/For""","""Yes/For""",YES,uploaded,"",2025-11-18 13:50:18.080463,167061,
Larimer,City of Fort Collins Ballot Question 2H,105-282-5,19,"""Yes/For""","""Yes/For""",YES,uploaded,"",2025-11-18 12:24:30.668382,189053,
Larimer,City of Fort Collins Ballot Question 2H,105-3-29,16,"""Yes/For""","""Yes/For""",YES,uploaded,"",2025-11-18 11:12:03.849589,4728,
Larimer,City of Fort Collins Ballot Question 2H,106-12-71,5,"""Yes/For""","""Yes/For""",YES,uploaded,"",2025-11-18 11:28:36.295426,9213,
Larimer,City of Fort Collins Ballot Question 2H,106-262-1,18,"""No/Against""","""No/Against""",YES,uploaded,"",2025-11-18 13:56:35.086316,165075,
Larimer,City of Fort Collins Ballot Question 2H,106-267-28,19,"""No/Against""","""No/Against""",YES,uploaded,"",2025-11-18 12:18:02.05893,168045,
Larimer,City of Fort Collins Ballot Question 2H,106-283-62,19,"""No/Against""","""No/Against""",YES,uploaded,"",2025-11-18 11:52:01.1683,175694,
Larimer,City of Fort Collins Ballot Question 2H,106-293-77,16,"""Yes/For""","""Yes/For""",YES,uploaded,"",2025-11-18 11:52:51.853507,182861,
Larimer,City of Fort Collins Ballot Question 2H,106-297-19,19,"""No/Against""","""No/Against""",YES,uploaded,"",2025-11-18 12:02:54.484583,186421,
Larimer,City of Fort Collins Ballot Question 2H,106-301-11,16,"""Yes/For""","""Yes/For""",YES,uploaded,"",2025-11-18 12:25:28.89225,188908,
Larimer,City of Fort Collins Ballot Question 2H,106-35-89,20,"""Yes/For""","""Yes/For""",YES,uploaded,"",2025-11-18 12:07:30.855256,24993,
Larimer,City of Fort Collins Ballot Question 2H,109-111-93,18,"""Yes/For""","""Yes/For""",YES,uploaded,"",2025-11-18 14:03:28.50857,91151,
Larimer,City of Fort Collins Ballot Question 2H,109-121-63,19,"""No/Against""","""No/Against""",YES,uploaded,"",2025-11-18 12:01:36.97444,98688,
Larimer,City of Fort Collins Ballot Question 2H,109-149-78,18,"""Yes/For""","""Yes/For""",YES,uploaded,"",2025-11-18 13:39:45.776643,124912,
Larimer,City of Fort Collins Ballot Question 2H,109-149-9,16,"""No/Against""","""No/Against""",YES,uploaded,"",2025-11-18 13:38:17.787734,124906,
Larimer,City of Fort Collins Ballot Question 2H,109-187-49,16,"""Yes/For""","""Yes/For""",YES,uploaded,"",2025-11-18 13:46:55.782943,158695,
Larimer,City of Fort Collins Ballot Question 2H,109-223-27,20,"","",YES,uploaded,"",2025-11-18 13:38:24.14736,193760,
Larimer,City of Fort Collins Ballot Question 2H,110-149-32,16,"""No/Against""","""No/Against""",YES,uploaded,"",2025-11-18 13:48:19.751617,129265,
Larimer,City of Fort Collins Ballot Question 2H,110-149-5,16,"""No/Against""","""No/Against""",YES,uploaded,"",2025-11-18 13:47:23.243008,129227,
Larimer,City of Fort Collins Ballot Question 2H,110-179-54,16,"""No/Against""","""No/Against""",YES,uploaded,"",2025-11-18 11:56:33.528094,155510,
Larimer,City of Fort Collins Ballot Question 2H,110-212-48,18,"""No/Against""","""No/Against""",YES,uploaded,"",2025-11-18 13:47:26.901541,187082,
Larimer,City of Fort Collins Ballot Question 2H,110-28-27,5,"""Yes/For""","""Yes/For""",YES,uploaded,"",2025-11-18 12:09:12.143091,25094,
Larimer,City of Fort Collins Ballot Question 2H,110-61-3,20,"""Yes/For""","""Yes/For""",YES,uploaded,"",2025-11-18 11:49:19.891908,53204,
Larimer,City of Fort Collins Ballot Question 2H,110-67-7,19,"""Yes/For""","""Yes/For""",YES,uploaded,"",2025-11-18 11:39:25.823442,59113,
Larimer,City of Fort Collins Ballot Question 2H,110-93-12,19,"""No/Against""","""No/Against""",YES,uploaded,"",2025-11-18 13:52:31.821327,77652,
Larimer,City of Fort Collins Ballot Question 2H,111-118-25,16,"""No/Against""","""No/Against""",YES,uploaded,"",2025-11-18 11:52:31.561093,94572,
Larimer,City of Fort Collins Ballot Question 2H,111-137-41,19,"""Yes/For""","""Yes/For""",YES,uploaded,"",2025-11-18 11:59:39.140755,109461,
Larimer,City of Fort Collins Ballot Question 2H,111-139-63,16,"""No/Against""","""No/Against""",YES,uploaded,"",2025-11-18 12:14:17.301122,110672,
Larimer,City of Fort Collins Ballot Question 2H,111-139-93,16,"""No/Against""","""No/Against""",YES,uploaded,"",2025-11-18 12:15:19.355189,110733,
Larimer,City of Fort Collins Ballot Question 2H,111-161-85,19,"""Yes/For""","""Yes/For""",YES,uploaded,"",2025-11-18 13:40:46.868651,123451,
Larimer,City of Fort Collins Ballot Question 2H,111-33-60,16,"""No/Against""","""No/Against""",YES,uploaded,"",2025-11-18 13:35:21.05346,27075,
Larimer,City of Fort Collins Ballot Question 2H,111-58-36,19,"""Yes/For""","""Yes/For""",YES,uploaded,"",2025-11-18 11:52:45.623527,54509,
Larimer,City of Fort Collins Ballot Question 2H,111-65-10,16,"""Yes/For""","""Yes/For""",YES,uploaded,"",2025-11-18 11:35:42.355013,59195,
Larimer,City of Fort Collins Ballot Question 2H,112-134-48,19,"""No/Against""","""No/Against""",YES,uploaded,"",2025-11-18 11:54:43.124216,96409,
Larimer,City of Fort Collins Ballot Question 2H,112-134-57,19,"""Yes/For""","""Yes/For""",YES,uploaded,"",2025-11-18 11:55:45.943457,96323,
Larimer,City of Fort Collins Ballot Question 2H,112-138-96,20,"""Yes/For""","""Yes/For""",YES,uploaded,"",2025-11-18 12:10:25.905343,98767,
Larimer,City of Fort Collins Ballot Question 2H,112-141-77,19,"""Yes/For""","""Yes/For""",YES,uploaded,"",2025-11-18 12:12:29.542879,102865,
Larimer,City of Fort Collins Ballot Question 2H,112-154-7,16,"""Yes/For""","""Yes/For""",YES,uploaded,"",2025-11-18 12:18:42.172799,110904,
Larimer,City of Fort Collins Ballot Question 2H,112-156-98,16,"""Yes/For""","""Yes/For""",YES,uploaded,"",2025-11-18 13:34:40.876731,111886,
Larimer,City of Fort Collins Ballot Question 2H,112-197-3,16,"""Yes/For""","""Yes/For""",YES,uploaded,"",2025-11-18 11:32:47.275205,137954,
Larimer,City of Fort Collins Ballot Question 2H,112-222-10,18,"""Yes/For""","""Yes/For""",YES,uploaded,"",2025-11-18 11:50:39.019693,158838,
Larimer,City of Fort Collins Ballot Question 2H,112-222-71,19,"""Yes/For""","""Yes/For""",YES,uploaded,"",2025-11-18 11:51:39.760402,158849,
Larimer,City of Fort Collins Ballot Question 2H,112-41-6,20,"""Yes/For""","""Yes/For""",YES,uploaded,"",2025-11-18 11:26:00.049766,34871,
Larimer,City of Fort Collins Ballot Question 2H,112-80-79,16,"""Yes/For""","""Yes/For""",YES,uploaded,"",2025-11-18 11:48:02.851934,54438,
Larimer,City of Fort Collins Ballot Question 303,103-130-28,19,"""No/Against""","""No/Against""",YES,uploaded,"",2025-11-18 12:21:28.54193,121266,
Larimer,City of Fort Collins Ballot Question 303,103-136-2,20,"""Yes/For""","""Yes/For""",YES,uploaded,"",2025-11-18 11:47:25.505794,126254,
Larimer,City of Fort Collins Ballot Question 303,103-184-81,16,"","",YES,uploaded,"",2025-11-18 11:54:36.52164,176109,
Larimer,City of Fort Collins Ballot Question 303,103-184-96,19,"""Yes/For""","""Yes/For""",YES,uploaded,"",2025-11-18 11:55:42.553961,176028,
Larimer,City of Fort Collins Ballot Question 303,103-40-40,20,"""No/Against""","""No/Against""",YES,uploaded,"",2025-11-18 13:48:06.437102,37127,
Larimer,City of Fort Collins Ballot Question 303,103-44-11,19,"""No/Against""","""No/Against""",YES,uploaded,"",2025-11-18 13:36:47.908383,41166,
Larimer,City of Fort Collins Ballot Question 303,103-69-39,19,"""No/Against""","""No/Against""",YES,uploaded,"",2025-11-18 11:57:53.44501,63127,
Larimer,City of Fort Collins Ballot Question 303,103-71-2,16,"""No/Against""","""No/Against""",YES,uploaded,"",2025-11-18 11:59:34.551641,65852,
Larimer,City of Fort Collins Ballot Question 303,103-75-45,18,"""Yes/For""","""Yes/For""",YES,uploaded,"",2025-11-18 12:05:59.14193,69347,
Larimer,City of Fort Collins Ballot Question 303,103-79-11,19,"""Yes/For""","""Yes/For""",YES,uploaded,"",2025-11-18 12:09:38.644628,72338,
Larimer,City of Fort Collins Ballot Question 303,104-101-35,19,"""No/Against""","""No/Against""",YES,uploaded,"",2025-11-18 13:44:00.642601,79187,
Larimer,City of Fort Collins Ballot Question 303,104-101-85,16,"""No/Against""","""No/Against""",YES,uploaded,"",2025-11-18 13:45:13.491897,79166,
Larimer,City of Fort Collins Ballot Question 303,104-204-50,16,"""Yes/For""","""Yes/For""",YES,uploaded,"",2025-11-18 13:54:02.423356,173195,
Larimer,City of Fort Collins Ballot Question 303,104-208-69,16,"""No/Against""","""No/Against""",YES,uploaded,"",2025-11-18 11:56:43.328829,176255,
Larimer,City of Fort Collins Ballot Question 303,104-230-60,16,"","",YES,uploaded,"",2025-11-18 11:48:22.838355,194090,
Larimer,City of Fort Collins Ballot Question 303,104-230-80,5,"""No/Against""","""No/Against""",YES,uploaded,"",2025-11-18 11:49:30.126445,194074,
Larimer,City of Fort Collins Ballot Question 303,104-25-97,20,"""No/Against""","""No/Against""",YES,uploaded,"",2025-11-18 12:17:02.470327,25162,
Larimer,City of Fort Collins Ballot Question 303,104-29-100,16,"""No/Against""","""No/Against""",YES,uploaded,"",2025-11-18 13:33:44.325176,27435,
Larimer,City of Fort Collins Ballot Question 303,104-66-1,16,"""No/Against""","""No/Against""",YES,uploaded,"",2025-11-18 12:02:40.706997,54816,
Larimer,City of Fort Collins Ballot Question 303,105-109-8,20,"""No/Against""","""No/Against""",YES,uploaded,"",2025-11-18 12:07:20.36277,68978,
Larimer,City of Fort Collins Ballot Question 303,105-114-18,19,"""Yes/For""","""Yes/For""",YES,uploaded,"",2025-11-18 12:10:31.783346,71981,
Larimer,City of Fort Collins Ballot Question 303,105-121-81,5,"""Yes/For""","""Yes/For""",YES,uploaded,"",2025-11-18 13:41:43.851851,77481,
Larimer,City of Fort Collins Ballot Question 303,105-145-57,19,"""No/Against""","""No/Against""",YES,uploaded,"",2025-11-18 12:00:37.457785,94769,
Larimer,City of Fort Collins Ballot Question 303,105-19-78,18,"""Yes/For""","""Yes/For""",YES,uploaded,"",2025-11-18 11:36:43.666842,13599,
Larimer,City of Fort Collins Ballot Question 303,105-249-57,18,"""No/Against""","""No/Against""",YES,uploaded,"",2025-11-18 13:50:18.080463,167061,
Larimer,City of Fort Collins Ballot Question 303,105-282-5,19,"""No/Against""","""No/Against""",YES,uploaded,"",2025-11-18 12:24:30.668382,189053,
Larimer,City of Fort Collins Ballot Question 303,105-3-29,16,"""Yes/For""","""Yes/For""",YES,uploaded,"",2025-11-18 11:12:03.849589,4728,
Larimer,City of Fort Collins Ballot Question 303,106-12-71,5,"""No/Against""","""No/Against""",YES,uploaded,"",2025-11-18 11:28:36.295426,9213,
Larimer,City of Fort Collins Ballot Question 303,106-262-1,18,"""Yes/For""","""Yes/For""",YES,uploaded,"",2025-11-18 13:56:35.086316,165075,
Larimer,City of Fort Collins Ballot Question 303,106-267-28,19,"","",YES,uploaded,"",2025-11-18 12:18:02.05893,168045,
Larimer,City of Fort Collins Ballot Question 303,106-283-62,19,"""Yes/For""","""Yes/For""",YES,uploaded,"",2025-11-18 11:52:01.1683,175694,
Larimer,City of Fort Collins Ballot Question 303,106-293-77,16,"""No/Against""","""No/Against""",YES,uploaded,"",2025-11-18 11:52:51.853507,182861,
Larimer,City of Fort Collins Ballot Question 303,106-297-19,19,"""No/Against""","""No/Against""",YES,uploaded,"",2025-11-18 12:02:54.484583,186421,
Larimer,City of Fort Collins Ballot Question 303,106-301-11,16,"","",YES,uploaded,"",2025-11-18 12:25:28.89225,188908,
Larimer,City of Fort Collins Ballot Question 303,106-35-89,20,"""Yes/For""","""Yes/For""",YES,uploaded,"",2025-11-18 12:07:30.855256,24993,
Larimer,City of Fort Collins Ballot Question 303,109-111-93,18,"""No/Against""","""No/Against""",YES,uploaded,"",2025-11-18 14:03:28.50857,91151,
Larimer,City of Fort Collins Ballot Question 303,109-121-63,19,"""No/Against""","""No/Against""",YES,uploaded,"",2025-11-18 12:01:36.97444,98688,
Larimer,City of Fort Collins Ballot Question 303,109-149-78,18,"""No/Against""","""No/Against""",YES,uploaded,"",2025-11-18 13:39:45.776643,124912,
Larimer,City of Fort Collins Ballot Question 303,109-149-9,16,"""Yes/For""","""Yes/For""",YES,uploaded,"",2025-11-18 13:38:17.787734,124906,
Larimer,City of Fort Collins Ballot Question 303,109-187-49,16,"""No/Against""","""No/Against""",YES,uploaded,"",2025-11-18 13:46:55.782943,158695,
Larimer,City of Fort Collins Ballot Question 303,109-223-27,20,"","",YES,uploaded,"",2025-11-18 13:38:24.14736,193760,
Larimer,City of Fort Collins Ballot Question 303,110-149-32,16,"""Yes/For""","""Yes/For""",YES,uploaded,"",2025-11-18 13:48:19.751617,129265,
Larimer,City of Fort Collins Ballot Question 303,110-149-5,16,"""Yes/For""","""Yes/For""",YES,uploaded,"",2025-11-18 13:47:23.243008,129227,
Larimer,City of Fort Collins Ballot Question 303,110-179-54,16,"""Yes/For""","""Yes/For""",YES,uploaded,"",2025-11-18 11:56:33.528094,155510,
Larimer,City of Fort Collins Ballot Question 303,110-212-48,18,"""Yes/For""","""Yes/For""",YES,uploaded,"",2025-11-18 13:47:26.901541,187082,
Larimer,City of Fort Collins Ballot Question 303,110-28-27,5,"""Yes/For""","""Yes/For""",YES,uploaded,"",2025-11-18 12:09:12.143091,25094,
Larimer,City of Fort Collins Ballot Question 303,110-61-3,20,"""No/Against""","""No/Against""",YES,uploaded,"",2025-11-18 11:49:19.891908,53204,
Larimer,City of Fort Collins Ballot Question 303,110-67-7,19,"""No/Against""","""No/Against""",YES,uploaded,"",2025-11-18 11:39:25.823442,59113,
Larimer,City of Fort Collins Ballot Question 303,110-93-12,19,"""Yes/For""","""Yes/For""",YES,uploaded,"",2025-11-18 13:52:31.821327,77652,
Larimer,City of Fort Collins Ballot Question 303,111-118-25,16,"""Yes/For""","""Yes/For""",YES,uploaded,"",2025-11-18 11:52:31.561093,94572,
Larimer,City of Fort Collins Ballot Question 303,111-137-41,19,"""Yes/For""","""Yes/For""",YES,uploaded,"",2025-11-18 11:59:39.140755,109461,
Larimer,City of Fort Collins Ballot Question 303,111-139-63,16,"""Yes/For""","""Yes/For""",YES,uploaded,"",2025-11-18 12:14:17.301122,110672,
Larimer,City of Fort Collins Ballot Question 303,111-139-93,16,"""Yes/For""","""Yes/For""",YES,uploaded,"",2025-11-18 12:15:19.355189,110733,
Larimer,City of Fort Collins Ballot Question 303,111-161-85,19,"""No/Against""","""No/Against""",YES,uploaded,"",2025-11-18 13:40:46.868651,123451,
Larimer,City of Fort Collins Ballot Question 303,111-33-60,16,"""No/Against""","""No/Against""",YES,uploaded,"",2025-11-18 13:35:21.05346,27075,
Larimer,City of Fort Collins Ballot Question 303,111-58-36,19,"""No/Against""","""No/Against""",YES,uploaded,"",2025-11-18 11:52:45.623527,54509,
Larimer,City of Fort Collins Ballot Question 303,111-65-10,16,"""No/Against""","""No/Against""",YES,uploaded,"",2025-11-18 11:35:42.355013,59195,
Larimer,City of Fort Collins Ballot Question 303,112-134-48,19,"""Yes/For""","""Yes/For""",YES,uploaded,"",2025-11-18 11:54:43.124216,96409,
Larimer,City of Fort Collins Ballot Question 303,112-134-57,19,"""No/Against""","""No/Against""",YES,uploaded,"",2025-11-18 11:55:45.943457,96323,
Larimer,City of Fort Collins Ballot Question 303,112-138-96,20,"""No/Against""","""No/Against""",YES,uploaded,"",2025-11-18 12:10:25.905343,98767,
Larimer,City of Fort Collins Ballot Question 303,112-141-77,19,"""Yes/For""","""Yes/For""",YES,uploaded,"",2025-11-18 12:12:29.542879,102865,
Larimer,City of Fort Collins Ballot Question 303,112-154-7,16,"""No/Against""","""No/Against""",YES,uploaded,"",2025-11-18 12:18:42.172799,110904,
Larimer,City of Fort Collins Ballot Question 303,112-156-98,16,"""Yes/For""","""Yes/For""",YES,uploaded,"",2025-11-18 13:34:40.876731,111886,
Larimer,City of Fort Collins Ballot Question 303,112-197-3,16,"""Yes/For""","""Yes/For""",YES,uploaded,"",2025-11-18 11:32:47.275205,137954,
Larimer,City of Fort Collins Ballot Question 303,112-222-10,18,"""Yes/For""","""Yes/For""",YES,uploaded,"",2025-11-18 11:50:39.019693,158838,
Larimer,City of Fort Collins Ballot Question 303,112-222-71,19,"""Yes/For""","""Yes/For""",YES,uploaded,"",2025-11-18 11:51:39.760402,158849,
Larimer,City of Fort Collins Ballot Question 303,112-41-6,20,"""Yes/For""","""Yes/For""",YES,uploaded,"",2025-11-18 11:26:00.049766,34871,
Larimer,City of Fort Collins Ballot Question 303,112-80-79,16,"""No/Against""","""No/Against""",YES,uploaded,"",2025-11-18 11:48:02.851934,54438,
Larimer,City of Fort Collins Councilmember - District 1,103-48-23,20,"""Susan Gutowsky"",""Chris Conway""","""Susan Gutowsky"",""Chris Conway""",YES,uploaded,"",2025-11-18 14:13:49.940184,44917,
Larimer,City of Fort Collins Councilmember - District 1,103-7-31,20,"""Susan Gutowsky"",""Chris Conway"",""Daisy Montgomery""","""Susan Gutowsky"",""Chris Conway"",""Daisy Montgomery""",YES,uploaded,"",2025-11-18 11:22:41.131493,7655,
Larimer,City of Fort Collins Councilmember - District 1,104-218-15,20,"""Chris Conway""","""Chris Conway""",YES,uploaded,"",2025-11-18 11:59:07.897394,183814,
Larimer,City of Fort Collins Councilmember - District 1,104-220-55,20,"""Chris Conway"",""Susan Gutowsky"",""Daisy Montgomery""","""Chris Conway"",""Susan Gutowsky"",""Daisy Montgomery""",YES,uploaded,"",2025-11-18 12:01:41.787102,185220,
Larimer,City of Fort Collins Councilmember - District 1,105-38-31,20,"""Chris Conway"",""Susan Gutowsky"",""Daisy Montgomery""","""Chris Conway"",""Susan Gutowsky"",""Daisy Montgomery""",YES,uploaded,"",2025-11-18 12:04:20.482163,25491,
Larimer,City of Fort Collins Councilmember - District 1,105-53-53,20,"""Chris Conway"",""Susan Gutowsky"",""Daisy Montgomery""","""Chris Conway"",""Susan Gutowsky"",""Daisy Montgomery""",YES,uploaded,"",2025-11-18 13:40:16.459057,35852,
Larimer,City of Fort Collins Councilmember - District 1,106-303-31,20,"""Chris Conway"",""Susan Gutowsky"",""Daisy Montgomery""","""Chris Conway"",""Susan Gutowsky"",""Daisy Montgomery""",YES,uploaded,"",2025-11-18 13:49:52.216595,190743,
Larimer,City of Fort Collins Councilmember - District 1,106-53-41,20,"","",YES,uploaded,"",2025-11-18 13:43:24.409544,35933,
Larimer,City of Fort Collins Councilmember - District 1,106-72-100,20,"""Susan Gutowsky""","""Susan Gutowsky""",YES,uploaded,"",2025-11-18 11:29:51.078987,45826,
Larimer,City of Fort Collins Councilmember - District 1,109-181-58,20,"""Chris Conway""","""Chris Conway""",YES,uploaded,"",2025-11-18 11:46:41.784489,153878,
Larimer,City of Fort Collins Councilmember - District 1,109-205-2,20,"""Susan Gutowsky"",""Chris Conway""","""Susan Gutowsky"",""Chris Conway""",YES,uploaded,"",2025-11-18 12:06:27.748101,176816,
Larimer,City of Fort Collins Councilmember - District 1,110-123-15,20,"""Susan Gutowsky"",""Chris Conway""","""Susan Gutowsky"",""Chris Conway""",YES,uploaded,"",2025-11-18 12:08:23.665516,104210,
Larimer,City of Fort Collins Councilmember - District 1,110-127-72,20,"""Chris Conway"",""Daisy Montgomery"",""Susan Gutowsky""","""Chris Conway"",""Daisy Montgomery"",""Susan Gutowsky""",YES,uploaded,"",2025-11-18 12:04:06.054158,107596,
Larimer,City of Fort Collins Councilmember - District 1,110-88-55,20,"""Susan Gutowsky""","""Susan Gutowsky""",YES,uploaded,"",2025-11-18 13:38:22.806134,73541,
Larimer,City of Fort Collins Councilmember - District 1,110-96-85,20,"","",YES,uploaded,"",2025-11-18 13:55:42.918077,80586,
Larimer,City of Fort Collins Councilmember - District 1,111-115-46,20,"""Susan Gutowsky"",""Chris Conway"",""Daisy Montgomery""","""Susan Gutowsky"",""Chris Conway"",""Daisy Montgomery""",YES,uploaded,"",2025-11-18 11:49:33.035706,92256,
Larimer,City of Fort Collins Councilmember - District 1,111-242-39,20,"""Chris Conway"",""Susan Gutowsky"",""Daisy Montgomery""","""Chris Conway"",""Susan Gutowsky"",""Daisy Montgomery""",YES,uploaded,"",2025-11-18 12:12:11.959536,180678,
Larimer,City of Fort Collins Councilmember - District 3,103-39-61,19,"","",YES,uploaded,"",2025-11-18 13:46:35.504108,36368,
Larimer,City of Fort Collins Councilmember - District 3,104-102-57,19,"""Josh Fudge"",""Lance Smith""","""Josh Fudge"",""Lance Smith""",YES,uploaded,"",2025-11-18 13:47:11.726897,80005,
Larimer,City of Fort Collins Councilmember - District 3,104-140-31,19,"""Josh Fudge""","""Josh Fudge""",YES,uploaded,"",2025-11-18 12:06:12.770766,112364,
Larimer,City of Fort Collins Councilmember - District 3,105-16-24,19,"""Steve Yurash""","""Steve Yurash""",YES,uploaded,"",2025-11-18 11:42:50.94469,11357,
Larimer,City of Fort Collins Councilmember - District 3,105-284-78,19,"""Steve Yurash""","""Steve Yurash""",YES,uploaded,"",2025-11-18 13:46:05.935866,190426,
Larimer,City of Fort Collins Councilmember - District 3,105-55-2,19,"""Lance Smith"",""Steve Yurash"",""Josh Fudge""","""Lance Smith"",""Steve Yurash"",""Josh Fudge""",YES,uploaded,"",2025-11-18 14:04:25.409168,36830,
Larimer,City of Fort Collins Councilmember - District 3,106-51-54,19,"""Lance Smith"",""Josh Fudge"",""Steve Yurash""","""Lance Smith"",""Josh Fudge"",""Steve Yurash""",YES,uploaded,"",2025-11-18 13:53:34.09718,34711,
Larimer,City of Fort Collins Councilmember - District 3,110-8-77,19,"""Josh Fudge"",""Lance Smith"",""Steve Yurash""","""Josh Fudge"",""Lance Smith"",""Steve Yurash""",YES,uploaded,"",2025-11-18 11:31:49.541583,7271,
Larimer,City of Fort Collins Councilmember - District 3,111-189-31,19,"""Steve Yurash""","""Steve Yurash""",YES,uploaded,"",2025-11-18 11:42:58.48463,143724,
Larimer,City of Fort Collins Councilmember - District 3,111-38-38,19,"""Josh Fudge"",""Lance Smith"",""Steve Yurash""","""Josh Fudge"",""Lance Smith"",""Steve Yurash""",YES,uploaded,"",2025-11-18 12:12:34.877283,30777,
Larimer,City of Fort Collins Councilmember - District 3,111-98-68,19,"""Steve Yurash"",""Lance Smith"",""Josh Fudge""","""Steve Yurash"",""Lance Smith"",""Josh Fudge""",YES,uploaded,"",2025-11-18 14:00:42.32167,78925,
Larimer,City of Fort Collins Councilmember - District 3,112-112-14,19,"""Lance Smith"",""Josh Fudge""","""Lance Smith"",""Josh Fudge""",YES,uploaded,"",2025-11-18 14:02:37.389604,79359,
Larimer,City of Fort Collins Councilmember - District 5,103-60-71,18,"""Amy Hoeven""","""Amy Hoeven""",YES,uploaded,"",2025-11-18 11:56:30.910407,53406,
Larimer,City of Fort Collins Councilmember - District 5,104-155-33,18,"""Amy Hoeven""","""Amy Hoeven""",YES,uploaded,"",2025-11-18 13:42:49.596567,126430,
Larimer,City of Fort Collins Councilmember - District 5,105-16-21,18,"","",YES,uploaded,"",2025-11-18 11:39:38.123326,11343,
Larimer,City of Fort Collins Councilmember - District 5,105-210-5,18,"""Amy Hoeven""","""Amy Hoeven""",YES,uploaded,"",2025-11-18 12:15:41.287739,143215,
Larimer,City of Fort Collins Councilmember - District 5,106-232-1,18,"""Zoelle Lane""","""Zoelle Lane""",YES,uploaded,"",2025-11-18 13:44:08.710745,147058,
Larimer,City of Fort Collins Councilmember - District 5,106-272-73,18,"","",YES,uploaded,"",2025-11-18 12:19:46.911461,169386,
Larimer,City of Fort Collins Councilmember - District 5,109-199-73,18,"""Amy Hoeven""","""Amy Hoeven""",YES,uploaded,"",2025-11-18 11:55:03.660755,169954,
Larimer,City of Fort Collins Councilmember - District 5,110-90-72,18,"""Amy Hoeven""","""Amy Hoeven""",YES,uploaded,"",2025-11-18 13:36:30.240764,74464,
Larimer,City of Fort Collins Councilmember - District 5,111-218-96,18,"""Zoelle Lane""","""Zoelle Lane""",YES,uploaded,"",2025-11-18 13:55:37.055425,164154,
Larimer,City of Fort Collins Councilmember - District 5,111-220-86,18,"""Amy Hoeven""","""Amy Hoeven""",YES,uploaded,"",2025-11-18 14:02:11.503787,165446,
Larimer,City of Fort Collins Councilmember - District 5,111-231-27,18,"""Amy Hoeven""","""Amy Hoeven""",YES,uploaded,"",2025-11-18 12:17:37.710607,173534,
Larimer,City of Fort Collins Councilmember - District 5,111-231-65,18,"""Zoelle Lane""","""Zoelle Lane""",YES,uploaded,"",2025-11-18 12:19:09.732611,173509,
Larimer,City of Fort Collins Councilmember - District 5,112-200-6,18,"""Zoelle Lane""","""Zoelle Lane""",YES,uploaded,"",2025-11-18 11:31:18.804,140372,
Larimer,City of Fort Collins Councilmember - District 5,112-249-10,18,"","",YES,uploaded,"",2025-11-18 12:03:29.959771,177952,
Larimer,City of Fort Collins Mayor,103-110-89,16,"""Emily Francis""","""Emily Francis""",YES,uploaded,"",2025-11-18 12:20:12.877775,102083,COUNTY_WIDE_CONTEST
Larimer,City of Fort Collins Mayor,103-157-3,16,"""Tricia Canonico"",""Emily Francis"",""Adam Hirschhorn"",""Shirley Peel""","""Tricia Canonico"",""Emily Francis"",""Adam Hirschhorn"",""Shirley Peel""",YES,uploaded,"",2025-11-18 13:49:21.420971,147156,COUNTY_WIDE_CONTEST
Larimer,City of Fort Collins Mayor,103-177-21,16,"""Tricia Canonico"",""Emily Francis"",""Adam Eggleston"",""Shirley Peel"",""Jeffrey Shumway"",""Adam Hirschhorn"",""Scotty V VanTatenhove""","""Tricia Canonico"",""Emily Francis"",""Adam Eggleston"",""Shirley Peel"",""Jeffrey Shumway"",""Adam Hirschhorn"",""Scotty V VanTatenhove""",YES,uploaded,"",2025-11-18 14:03:54.315005,167604,COUNTY_WIDE_CONTEST
Larimer,City of Fort Collins Mayor,103-194-11,16,"""Emily Francis""","""Emily Francis""",YES,uploaded,"",2025-11-18 13:44:35.726891,183953,COUNTY_WIDE_CONTEST
Larimer,City of Fort Collins Mayor,103-32-33,16,"""Adam Hirschhorn"",""Scotty V VanTatenhove"",""Emily Francis"",""Tricia Canonico"",""Adam Eggleston"",""Jeffrey Shumway"",""Shirley Peel""","""Adam Hirschhorn"",""Scotty V VanTatenhove"",""Emily Francis"",""Tricia Canonico"",""Adam Eggleston"",""Jeffrey Shumway"",""Shirley Peel""",YES,uploaded,"",2025-11-18 12:15:29.540345,30618,COUNTY_WIDE_CONTEST
Larimer,City of Fort Collins Mayor,103-39-61,19,"","",YES,uploaded,"",2025-11-18 13:46:35.504108,36368,COUNTY_WIDE_CONTEST
Larimer,City of Fort Collins Mayor,103-48-23,20,"""Tricia Canonico"",""Emily Francis"",""Scotty V VanTatenhove""","""Tricia Canonico"",""Emily Francis"",""Scotty V VanTatenhove""",YES,uploaded,"",2025-11-18 14:13:49.940184,44917,COUNTY_WIDE_CONTEST
Larimer,City of Fort Collins Mayor,103-60-71,18,"""Emily Francis"",""Tricia Canonico"",""Adam Eggleston"",""Shirley Peel"",""Scotty V VanTatenhove"",""Adam Hirschhorn"",""Jeffrey Shumway""","""Emily Francis"",""Tricia Canonico"",""Adam Eggleston"",""Shirley Peel"",""Scotty V VanTatenhove"",""Adam Hirschhorn"",""Jeffrey Shumway""",YES,uploaded,"",2025-11-18 11:56:30.910407,53406,COUNTY_WIDE_CONTEST
Larimer,City of Fort Collins Mayor,103-7-31,20,"""Shirley Peel"",""Tricia Canonico"",""Adam Hirschhorn"",""Emily Francis"",""Adam Eggleston"",""Jeffrey Shumway"",""Scotty V VanTatenhove""","""Shirley Peel"",""Tricia Canonico"",""Adam Hirschhorn"",""Emily Francis"",""Adam Eggleston"",""Jeffrey Shumway"",""Scotty V VanTatenhove""",YES,uploaded,"",2025-11-18 11:22:41.131493,7655,COUNTY_WIDE_CONTEST
Larimer,City of Fort Collins Mayor,103-86-46,16,"""Shirley Peel"",""Scotty V VanTatenhove"",""Emily Francis"",""Tricia Canonico"",""Jeffrey Shumway""","""Shirley Peel"",""Scotty V VanTatenhove"",""Emily Francis"",""Tricia Canonico"",""Jeffrey Shumway""",YES,uploaded,"",2025-11-18 12:16:15.916389,76855,COUNTY_WIDE_CONTEST
Larimer,City of Fort Collins Mayor,103-86-54,16,"""Shirley Peel"",""Jeffrey Shumway""","""Shirley Peel"",""Jeffrey Shumway""",YES,uploaded,"",2025-11-18 12:17:38.802623,76811,COUNTY_WIDE_CONTEST
Larimer,City of Fort Collins Mayor,103-88-54,16,"""Jeffrey Shumway"",""Shirley Peel"",""Adam Eggleston"",""Adam Hirschhorn"",""Tricia Canonico"",""Scotty V VanTatenhove"",""Emily Francis""","""Jeffrey Shumway"",""Shirley Peel"",""Adam Eggleston"",""Adam Hirschhorn"",""Tricia Canonico"",""Scotty V VanTatenhove"",""Emily Francis""",YES,uploaded,"",2025-11-18 13:58:44.762977,79008,COUNTY_WIDE_CONTEST
Larimer,City of Fort Collins Mayor,104-102-57,19,"""Tricia Canonico"",""Emily Francis"",""Shirley Peel""","""Tricia Canonico"",""Emily Francis"",""Shirley Peel""",YES,uploaded,"",2025-11-18 13:47:11.726897,80005,COUNTY_WIDE_CONTEST
Larimer,City of Fort Collins Mayor,104-140-31,19,"""Jeffrey Shumway""","""Jeffrey Shumway""",YES,uploaded,"",2025-11-18 12:06:12.770766,112364,COUNTY_WIDE_CONTEST
Larimer,City of Fort Collins Mayor,104-155-33,18,"""Shirley Peel"",""Adam Eggleston"",""Tricia Canonico"",""Emily Francis"",""Jeffrey Shumway"",""Adam Hirschhorn"",""Scotty V VanTatenhove""","""Shirley Peel"",""Adam Eggleston"",""Tricia Canonico"",""Emily Francis"",""Jeffrey Shumway"",""Adam Hirschhorn"",""Scotty V VanTatenhove""",YES,uploaded,"",2025-11-18 13:42:49.596567,126430,COUNTY_WIDE_CONTEST
Larimer,City of Fort Collins Mayor,104-218-15,20,"""Emily Francis"",""Tricia Canonico""","""Emily Francis"",""Tricia Canonico""",YES,uploaded,"",2025-11-18 11:59:07.897394,183814,COUNTY_WIDE_CONTEST
Larimer,City of Fort Collins Mayor,104-220-55,20,"""Emily Francis"",""Tricia Canonico"",""Shirley Peel""","""Emily Francis"",""Tricia Canonico"",""Shirley Peel""",YES,uploaded,"",2025-11-18 12:01:41.787102,185220,COUNTY_WIDE_CONTEST
Larimer,City of Fort Collins Mayor,104-70-9,16,"""Adam Eggleston"",""Jeffrey Shumway"",""Emily Francis""","""Adam Eggleston"",""Jeffrey Shumway"",""Emily Francis""",YES,uploaded,"",2025-11-18 11:41:58.961125,58259,COUNTY_WIDE_CONTEST
Larimer,City of Fort Collins Mayor,105-16-21,18,"""Scotty V VanTatenhove"",""Jeffrey Shumway"",""Shirley Peel"",""Adam Hirschhorn"",""Emily Francis"",""Adam Eggleston"",""Tricia Canonico""","""Scotty V VanTatenhove"",""Jeffrey Shumway"",""Shirley Peel"",""Adam Hirschhorn"",""Emily Francis"",""Adam Eggleston"",""Tricia Canonico""",YES,uploaded,"",2025-11-18 11:39:38.123326,11343,COUNTY_WIDE_CONTEST
Larimer,City of Fort Collins Mayor,105-16-24,19,"""Shirley Peel""","""Shirley Peel""",YES,uploaded,"",2025-11-18 11:42:50.94469,11357,COUNTY_WIDE_CONTEST
Larimer,City of Fort Collins Mayor,105-210-5,18,"""Scotty V VanTatenhove"",""Shirley Peel"",""Adam Eggleston""","""Scotty V VanTatenhove"",""Shirley Peel"",""Adam Eggleston""",YES,uploaded,"",2025-11-18 12:15:41.287739,143215,COUNTY_WIDE_CONTEST
Larimer,City of Fort Collins Mayor,105-230-1,16,"""Emily Francis"",""Tricia Canonico"",""Shirley Peel""","""Emily Francis"",""Tricia Canonico"",""Shirley Peel""",YES,uploaded,"",2025-11-18 13:35:56.104199,155300,COUNTY_WIDE_CONTEST
Larimer,City of Fort Collins Mayor,105-235-69,5,"""Shirley Peel"",""Jeffrey Shumway"",""Adam Eggleston""","""Shirley Peel"",""Jeffrey Shumway"",""Adam Eggleston""",YES,uploaded,"",2025-11-18 12:21:33.823615,157884,COUNTY_WIDE_CONTEST
Larimer,City of Fort Collins Mayor,105-245-7,16,"""Emily Francis"",""Scotty V VanTatenhove"",""Adam Hirschhorn"",""Jeffrey Shumway"",""Adam Eggleston"",""Tricia Canonico"",""Shirley Peel""","""Emily Francis"",""Scotty V VanTatenhove"",""Adam Hirschhorn"",""Jeffrey Shumway"",""Adam Eggleston"",""Tricia Canonico"",""Shirley Peel""",YES,uploaded,"",2025-11-18 11:39:21.65738,164567,COUNTY_WIDE_CONTEST
Larimer,City of Fort Collins Mayor,105-254-69,16,"""Emily Francis"",""Scotty V VanTatenhove"",""Adam Hirschhorn"",""Adam Eggleston""","""Emily Francis"",""Scotty V VanTatenhove"",""Adam Hirschhorn"",""Adam Eggleston""",YES,uploaded,"",2025-11-18 11:49:32.350908,170019,COUNTY_WIDE_CONTEST
Larimer,City of Fort Collins Mayor,105-284-78,19,"""Jeffrey Shumway""","""Jeffrey Shumway""",YES,uploaded,"",2025-11-18 13:46:05.935866,190426,COUNTY_WIDE_CONTEST
Larimer,City of Fort Collins Mayor,105-36-72,16,"""Tricia Canonico"",""Emily Francis"",""Adam Eggleston"",""Shirley Peel"",""Scotty V VanTatenhove"",""Adam Hirschhorn"",""Jeffrey Shumway""","""Tricia Canonico"",""Emily Francis"",""Adam Eggleston"",""Shirley Peel"",""Scotty V VanTatenhove"",""Adam Hirschhorn"",""Jeffrey Shumway""",YES,uploaded,"",2025-11-18 11:54:50.827329,23949,COUNTY_WIDE_CONTEST
Larimer,City of Fort Collins Mayor,105-38-31,20,"""Emily Francis"",""Tricia Canonico"",""Adam Eggleston"",""Scotty V VanTatenhove"",""Shirley Peel"",""Jeffrey Shumway"",""Adam Hirschhorn""","""Emily Francis"",""Tricia Canonico"",""Adam Eggleston"",""Scotty V VanTatenhove"",""Shirley Peel"",""Jeffrey Shumway"",""Adam Hirschhorn""",YES,uploaded,"",2025-11-18 12:04:20.482163,25491,COUNTY_WIDE_CONTEST
Larimer,City of Fort Collins Mayor,105-53-53,20,"""Jeffrey Shumway"",""Shirley Peel"",""Adam Eggleston"",""Emily Francis"",""Tricia Canonico"",""Adam Hirschhorn"",""Scotty V VanTatenhove""","""Jeffrey Shumway"",""Shirley Peel"",""Adam Eggleston"",""Emily Francis"",""Tricia Canonico"",""Adam Hirschhorn"",""Scotty V VanTatenhove""",YES,uploaded,"",2025-11-18 13:40:16.459057,35852,COUNTY_WIDE_CONTEST
Larimer,City of Fort Collins Mayor,105-55-2,19,"""Emily Francis"",""Shirley Peel"",""Tricia Canonico"",""Adam Eggleston"",""Scotty V VanTatenhove"",""Adam Hirschhorn"",""Jeffrey Shumway""","""Emily Francis"",""Shirley Peel"",""Tricia Canonico"",""Adam Eggleston"",""Scotty V VanTatenhove"",""Adam Hirschhorn"",""Jeffrey Shumway""",YES,uploaded,"",2025-11-18 14:04:25.409168,36830,COUNTY_WIDE_CONTEST
Larimer,City of Fort Collins Mayor,106-180-66,5,"""Emily Francis"",""Tricia Canonico""","""Emily Francis"",""Tricia Canonico""",YES,uploaded,"",2025-11-18 12:17:18.091237,111704,COUNTY_WIDE_CONTEST
Larimer,City of Fort Collins Mayor,106-201-96,16,"""Emily Francis"",""Tricia Canonico"",""Shirley Peel"",""Adam Eggleston"",""Adam Hirschhorn"",""Scotty V VanTatenhove"",""Jeffrey Shumway""","""Emily Francis"",""Tricia Canonico"",""Shirley Peel"",""Adam Eggleston"",""Adam Hirschhorn"",""Scotty V VanTatenhove"",""Jeffrey Shumway""",YES,uploaded,"",2025-11-18 13:46:23.403703,125833,COUNTY_WIDE_CONTEST
Larimer,City of Fort Collins Mayor,106-232-1,18,"""Emily Francis"",""Adam Eggleston"",""Scotty V VanTatenhove"",""Tricia Canonico"",""Adam Hirschhorn""","""Emily Francis"",""Adam Eggleston"",""Scotty V VanTatenhove"",""Tricia Canonico"",""Adam Hirschhorn""",YES,uploaded,"",2025-11-18 13:44:08.710745,147058,COUNTY_WIDE_CONTEST
Larimer,City of Fort Collins Mayor,106-272-73,18,"""Jeffrey Shumway"",""Adam Eggleston"",""Shirley Peel""","""Jeffrey Shumway"",""Adam Eggleston"",""Shirley Peel""",YES,uploaded,"",2025-11-18 12:19:46.911461,169386,COUNTY_WIDE_CONTEST
Larimer,City of Fort Collins Mayor,106-303-31,20,"""Emily Francis""","""Emily Francis""",YES,uploaded,"",2025-11-18 13:49:52.216595,190743,COUNTY_WIDE_CONTEST
Larimer,City of Fort Collins Mayor,106-51-54,19,"""Emily Francis"",""Scotty V VanTatenhove"",""Tricia Canonico"",""Shirley Peel"",""Jeffrey Shumway"",""Adam Eggleston"",""Adam Hirschhorn""","""Emily Francis"",""Scotty V VanTatenhove"",""Tricia Canonico"",""Shirley Peel"",""Jeffrey Shumway"",""Adam Eggleston"",""Adam Hirschhorn""",YES,uploaded,"",2025-11-18 13:53:34.09718,34711,COUNTY_WIDE_CONTEST
Larimer,City of Fort Collins Mayor,106-53-41,20,"""Tricia Canonico"",""Emily Francis"",""Shirley Peel"",""Jeffrey Shumway"",""Scotty V VanTatenhove""","""Tricia Canonico"",""Emily Francis"",""Shirley Peel"",""Jeffrey Shumway"",""Scotty V VanTatenhove""",YES,uploaded,"",2025-11-18 13:43:24.409544,35933,COUNTY_WIDE_CONTEST
Larimer,City of Fort Collins Mayor,106-55-16,16,"""Adam Eggleston""","""Adam Eggleston""",YES,uploaded,"",2025-11-18 13:57:34.084121,36897,COUNTY_WIDE_CONTEST
Larimer,City of Fort Collins Mayor,106-72-100,20,"""Emily Francis""","""Emily Francis""",YES,uploaded,"",2025-11-18 11:29:51.078987,45826,COUNTY_WIDE_CONTEST
Larimer,City of Fort Collins Mayor,109-112-33,16,"""Emily Francis"",""Adam Hirschhorn"",""Shirley Peel"",""Adam Eggleston"",""Tricia Canonico"",""Jeffrey Shumway"",""Scotty V VanTatenhove""","""Emily Francis"",""Adam Hirschhorn"",""Shirley Peel"",""Adam Eggleston"",""Tricia Canonico"",""Jeffrey Shumway"",""Scotty V VanTatenhove""",YES,uploaded,"",2025-11-18 11:34:55.310853,92345,COUNTY_WIDE_CONTEST
Larimer,City of Fort Collins Mayor,109-148-84,16,"""Emily Francis"",""Tricia Canonico"",""Adam Eggleston"",""Scotty V VanTatenhove"",""Shirley Peel"",""Adam Hirschhorn"",""Jeffrey Shumway""","""Emily Francis"",""Tricia Canonico"",""Adam Eggleston"",""Scotty V VanTatenhove"",""Shirley Peel"",""Adam Hirschhorn"",""Jeffrey Shumway""",YES,uploaded,"",2025-11-18 13:37:05.346931,123901,COUNTY_WIDE_CONTEST
Larimer,City of Fort Collins Mayor,109-181-58,20,"""Emily Francis"",""Tricia Canonico"",""Shirley Peel"",""Scotty V VanTatenhove"",""Adam Hirschhorn"",""Jeffrey Shumway"",""Adam Eggleston""","""Emily Francis"",""Tricia Canonico"",""Shirley Peel"",""Scotty V VanTatenhove"",""Adam Hirschhorn"",""Jeffrey Shumway"",""Adam Eggleston""",YES,uploaded,"",2025-11-18 11:46:41.784489,153878,COUNTY_WIDE_CONTEST
Larimer,City of Fort Collins Mayor,109-186-20,16,"""Tricia Canonico"",""Emily Francis"",""Shirley Peel""","""Tricia Canonico"",""Emily Francis"",""Shirley Peel""",YES,uploaded,"",2025-11-18 13:45:51.446333,158062,COUNTY_WIDE_CONTEST
Larimer,City of Fort Collins Mayor,109-199-73,18,"""Jeffrey Shumway"",""Emily Francis"",""Shirley Peel""","""Jeffrey Shumway"",""Emily Francis"",""Shirley Peel""",YES,uploaded,"",2025-11-18 11:55:03.660755,169954,COUNTY_WIDE_CONTEST
Larimer,City of Fort Collins Mayor,109-205-2,20,"""Shirley Peel"",""Adam Eggleston"",""Jeffrey Shumway"",""Tricia Canonico"",""Emily Francis"",""Adam Hirschhorn"",""Scotty V VanTatenhove""","""Shirley Peel"",""Adam Eggleston"",""Jeffrey Shumway"",""Tricia Canonico"",""Emily Francis"",""Adam Hirschhorn"",""Scotty V VanTatenhove""",YES,uploaded,"",2025-11-18 12:06:27.748101,176816,COUNTY_WIDE_CONTEST
Larimer,City of Fort Collins Mayor,110-107-73,16,"""Tricia Canonico"",""Emily Francis""","""Tricia Canonico"",""Emily Francis""",YES,uploaded,"",2025-11-18 11:37:56.615636,90797,COUNTY_WIDE_CONTEST
Larimer,City of Fort Collins Mayor,110-123-15,20,"""Tricia Canonico"",""Emily Francis""","""Tricia Canonico"",""Emily Francis""",YES,uploaded,"",2025-11-18 12:08:23.665516,104210,COUNTY_WIDE_CONTEST
Larimer,City of Fort Collins Mayor,110-127-72,20,"""Adam Eggleston"",""Emily Francis"",""Shirley Peel"",""Scotty V VanTatenhove"",""Adam Hirschhorn"",""Tricia Canonico"",""Jeffrey Shumway""","""Adam Eggleston"",""Emily Francis"",""Shirley Peel"",""Scotty V VanTatenhove"",""Adam Hirschhorn"",""Tricia Canonico"",""Jeffrey Shumway""",YES,uploaded,"",2025-11-18 12:04:06.054158,107596,COUNTY_WIDE_CONTEST
Larimer,City of Fort Collins Mayor,110-186-72,16,"""Emily Francis"",""Adam Eggleston"",""Tricia Canonico"",""Scotty V VanTatenhove"",""Adam Hirschhorn"",""Jeffrey Shumway"",""Shirley Peel""","""Emily Francis"",""Adam Eggleston"",""Tricia Canonico"",""Scotty V VanTatenhove"",""Adam Hirschhorn"",""Jeffrey Shumway"",""Shirley Peel""",YES,uploaded,"",2025-11-18 13:52:59.741163,160976,COUNTY_WIDE_CONTEST
Larimer,City of Fort Collins Mayor,110-8-77,19,"""Tricia Canonico"",""Adam Eggleston"",""Emily Francis"",""Adam Hirschhorn"",""Shirley Peel"",""Jeffrey Shumway"",""Scotty V VanTatenhove""","""Tricia Canonico"",""Adam Eggleston"",""Emily Francis"",""Adam Hirschhorn"",""Shirley Peel"",""Jeffrey Shumway"",""Scotty V VanTatenhove""",YES,uploaded,"",2025-11-18 11:31:49.541583,7271,COUNTY_WIDE_CONTEST
Larimer,City of Fort Collins Mayor,110-88-55,20,"""Tricia Canonico""","""Tricia Canonico""",YES,uploaded,"",2025-11-18 13:38:22.806134,73541,COUNTY_WIDE_CONTEST
Larimer,City of Fort Collins Mayor,110-90-72,18,"""Tricia Canonico""","""Tricia Canonico""",YES,uploaded,"",2025-11-18 13:36:30.240764,74464,COUNTY_WIDE_CONTEST
Larimer,City of Fort Collins Mayor,110-96-85,20,"","",YES,uploaded,"",2025-11-18 13:55:42.918077,80586,COUNTY_WIDE_CONTEST
Larimer,City of Fort Collins Mayor,111-115-46,20,"""Emily Francis"",""Tricia Canonico"",""Shirley Peel"",""Scotty V VanTatenhove"",""Jeffrey Shumway"",""Adam Hirschhorn"",""Adam Eggleston""","""Emily Francis"",""Tricia Canonico"",""Shirley Peel"",""Scotty V VanTatenhove"",""Jeffrey Shumway"",""Adam Hirschhorn"",""Adam Eggleston""",YES,uploaded,"",2025-11-18 11:49:33.035706,92256,COUNTY_WIDE_CONTEST
Larimer,City of Fort Collins Mayor,111-162-51,16,"""Tricia Canonico"",""Adam Eggleston"",""Emily Francis""","""Tricia Canonico"",""Adam Eggleston"",""Emily Francis""",YES,uploaded,"",2025-11-18 13:44:27.530916,124310,COUNTY_WIDE_CONTEST
Larimer,City of Fort Collins Mayor,111-189-31,19,"""Jeffrey Shumway"",""Shirley Peel"",""Adam Eggleston""","""Jeffrey Shumway"",""Shirley Peel"",""Adam Eggleston""",YES,uploaded,"",2025-11-18 11:42:58.48463,143724,COUNTY_WIDE_CONTEST
Larimer,City of Fort Collins Mayor,111-198-7,16,"""Shirley Peel"",""Jeffrey Shumway"",""Adam Eggleston"",""Scotty V VanTatenhove"",""Adam Hirschhorn"",""Emily Francis"",""Tricia Canonico""","""Shirley Peel"",""Jeffrey Shumway"",""Adam Eggleston"",""Scotty V VanTatenhove"",""Adam Hirschhorn"",""Emily Francis"",""Tricia Canonico""",YES,uploaded,"",2025-11-18 12:23:18.897755,149296,COUNTY_WIDE_CONTEST
Larimer,City of Fort Collins Mayor,111-213-37,16,"""Adam Hirschhorn"",""Emily Francis"",""Shirley Peel"",""Scotty V VanTatenhove"",""Tricia Canonico"",""Jeffrey Shumway"",""Adam Eggleston""","""Adam Hirschhorn"",""Emily Francis"",""Shirley Peel"",""Scotty V VanTatenhove"",""Tricia Canonico"",""Jeffrey Shumway"",""Adam Eggleston""",YES,uploaded,"",2025-11-18 13:35:25.968492,160581,COUNTY_WIDE_CONTEST
Larimer,City of Fort Collins Mayor,111-213-82,16,"""Tricia Canonico"",""Emily Francis"",""Shirley Peel"",""Adam Hirschhorn"",""Adam Eggleston"",""Jeffrey Shumway"",""Scotty V VanTatenhove""","""Tricia Canonico"",""Emily Francis"",""Shirley Peel"",""Adam Hirschhorn"",""Adam Eggleston"",""Jeffrey Shumway"",""Scotty V VanTatenhove""",YES,uploaded,"",2025-11-18 13:37:25.19583,160611,COUNTY_WIDE_CONTEST
Larimer,City of Fort Collins Mayor,111-215-76,16,"""Tricia Canonico"",""Emily Francis"",""Adam Hirschhorn"",""Jeffrey Shumway"",""Adam Eggleston""","""Tricia Canonico"",""Emily Francis"",""Adam Hirschhorn"",""Jeffrey Shumway"",""Adam Eggleston""",YES,uploaded,"",2025-11-18 13:58:31.638539,162546,COUNTY_WIDE_CONTEST
Larimer,City of Fort Collins Mayor,111-218-96,18,"""Emily Francis""","""Emily Francis""",YES,uploaded,"",2025-11-18 13:55:37.055425,164154,COUNTY_WIDE_CONTEST
Larimer,City of Fort Collins Mayor,111-220-14,16,"""Emily Francis"",""Scotty V VanTatenhove"",""Tricia Canonico"",""Adam Hirschhorn"",""Shirley Peel"",""Adam Eggleston"",""Jeffrey Shumway""","""Emily Francis"",""Scotty V VanTatenhove"",""Tricia Canonico"",""Adam Hirschhorn"",""Shirley Peel"",""Adam Eggleston"",""Jeffrey Shumway""",YES,uploaded,"",2025-11-18 14:00:19.698588,165411,COUNTY_WIDE_CONTEST
Larimer,City of Fort Collins Mayor,111-220-86,18,"""Emily Francis"",""Tricia Canonico"",""Shirley Peel"",""Adam Eggleston"",""Adam Hirschhorn"",""Scotty V VanTatenhove"",""Jeffrey Shumway""","""Emily Francis"",""Tricia Canonico"",""Shirley Peel"",""Adam Eggleston"",""Adam Hirschhorn"",""Scotty V VanTatenhove"",""Jeffrey Shumway""",YES,uploaded,"",2025-11-18 14:02:11.503787,165446,COUNTY_WIDE_CONTEST
Larimer,City of Fort Collins Mayor,111-231-27,18,"""Emily Francis"",""Adam Eggleston"",""Tricia Canonico"",""Shirley Peel"",""Scotty V VanTatenhove"",""Jeffrey Shumway"",""Adam Hirschhorn""","""Emily Francis"",""Adam Eggleston"",""Tricia Canonico"",""Shirley Peel"",""Scotty V VanTatenhove"",""Jeffrey Shumway"",""Adam Hirschhorn""",YES,uploaded,"",2025-11-18 12:17:37.710607,173534,COUNTY_WIDE_CONTEST
Larimer,City of Fort Collins Mayor,111-231-65,18,"""Emily Francis""","""Emily Francis""",YES,uploaded,"",2025-11-18 12:19:09.732611,173509,COUNTY_WIDE_CONTEST
Larimer,City of Fort Collins Mayor,111-235-33,16,"""Emily Francis"",""Tricia Canonico"",""Adam Eggleston"",""Shirley Peel""","""Emily Francis"",""Tricia Canonico"",""Adam Eggleston"",""Shirley Peel""",YES,uploaded,"",2025-11-18 12:10:00.387116,176216,COUNTY_WIDE_CONTEST
Larimer,City of Fort Collins Mayor,111-242-39,20,"""Emily Francis"",""Tricia Canonico"",""Adam Eggleston"",""Adam Hirschhorn"",""Shirley Peel"",""Jeffrey Shumway"",""Scotty V VanTatenhove""","""Emily Francis"",""Tricia Canonico"",""Adam Eggleston"",""Adam Hirschhorn"",""Shirley Peel"",""Jeffrey Shumway"",""Scotty V VanTatenhove""",YES,uploaded,"",2025-11-18 12:12:11.959536,180678,COUNTY_WIDE_CONTEST
Larimer,City of Fort Collins Mayor,111-257-40,16,"""Shirley Peel""","""Shirley Peel""",YES,uploaded,"",2025-11-18 13:37:14.410133,190854,COUNTY_WIDE_CONTEST
Larimer,City of Fort Collins Mayor,111-38-38,19,"""Tricia Canonico"",""Emily Francis"",""Scotty V VanTatenhove"",""Adam Hirschhorn"",""Jeffrey Shumway"",""Adam Eggleston"",""Shirley Peel""","""Tricia Canonico"",""Emily Francis"",""Scotty V VanTatenhove"",""Adam Hirschhorn"",""Jeffrey Shumway"",""Adam Eggleston"",""Shirley Peel""",YES,uploaded,"",2025-11-18 12:12:34.877283,30777,COUNTY_WIDE_CONTEST
Larimer,City of Fort Collins Mayor,111-98-68,19,"""Emily Francis"",""Tricia Canonico"",""Shirley Peel"",""Adam Hirschhorn"",""Adam Eggleston"",""Jeffrey Shumway"",""Scotty V VanTatenhove""","""Emily Francis"",""Tricia Canonico"",""Shirley Peel"",""Adam Hirschhorn"",""Adam Eggleston"",""Jeffrey Shumway"",""Scotty V VanTatenhove""",YES,uploaded,"",2025-11-18 14:00:42.32167,78925,COUNTY_WIDE_CONTEST
Larimer,City of Fort Collins Mayor,112-106-11,16,"""Adam Hirschhorn"",""Emily Francis"",""Jeffrey Shumway"",""Adam Eggleston"",""Scotty V VanTatenhove"",""Tricia Canonico"",""Shirley Peel""","""Adam Hirschhorn"",""Emily Francis"",""Jeffrey Shumway"",""Adam Eggleston"",""Scotty V VanTatenhove"",""Tricia Canonico"",""Shirley Peel""",YES,uploaded,"",2025-11-18 13:40:38.140353,74956,COUNTY_WIDE_CONTEST
Larimer,City of Fort Collins Mayor,112-112-14,19,"""Emily Francis"",""Tricia Canonico""","""Emily Francis"",""Tricia Canonico""",YES,uploaded,"",2025-11-18 14:02:37.389604,79359,COUNTY_WIDE_CONTEST
Larimer,City of Fort Collins Mayor,112-194-62,16,"""Emily Francis"",""Adam Eggleston"",""Shirley Peel"",""Jeffrey Shumway"",""Tricia Canonico"",""Scotty V VanTatenhove"",""Adam Hirschhorn""","""Emily Francis"",""Adam Eggleston"",""Shirley Peel"",""Jeffrey Shumway"",""Tricia Canonico"",""Scotty V VanTatenhove"",""Adam Hirschhorn""",YES,uploaded,"",2025-11-18 11:37:24.279948,136664,COUNTY_WIDE_CONTEST
Larimer,City of Fort Collins Mayor,112-200-6,18,"""Emily Francis"",""Adam Hirschhorn"",""Tricia Canonico"",""Adam Eggleston"",""Scotty V VanTatenhove""","""Emily Francis"",""Adam Hirschhorn"",""Tricia Canonico"",""Adam Eggleston"",""Scotty V VanTatenhove""",YES,uploaded,"",2025-11-18 11:31:18.804,140372,COUNTY_WIDE_CONTEST
Larimer,City of Fort Collins Mayor,112-249-10,18,"","",YES,uploaded,"",2025-11-18 12:03:29.959771,177952,COUNTY_WIDE_CONTEST
Larimer,City of Fort Collins Mayor,112-251-10,16,"""Emily Francis"",""Tricia Canonico"",""Adam Eggleston"",""Shirley Peel""","""Emily Francis"",""Tricia Canonico"",""Adam Eggleston"",""Shirley Peel""",YES,uploaded,"",2025-11-18 12:13:55.246965,180188,COUNTY_WIDE_CONTEST
Larimer,City of Loveland City Council - Ward 1,103-190-74,9,"""Geoff Frahm""","""Geoff Frahm""",YES,uploaded,"",2025-11-18 11:53:30.785191,181896,
Larimer,City of Loveland City Council - Ward 1,103-196-90,9,"""Craig Martinbeault""","""Craig Martinbeault""",YES,uploaded,"",2025-11-18 13:53:25.737746,185707,
Larimer,City of Loveland City Council - Ward 1,104-150-60,9,"""Geoff Frahm""","""Geoff Frahm""",YES,uploaded,"",2025-11-18 13:52:49.318259,121446,
Larimer,City of Loveland City Council - Ward 1,104-163-51,9,"","",YES,uploaded,"",2025-11-18 13:50:06.969805,131663,
Larimer,City of Loveland City Council - Ward 1,105-200-86,9,"""Craig Martinbeault""","""Craig Martinbeault""",YES,uploaded,"",2025-11-18 11:40:40.451876,135831,
Larimer,City of Loveland City Council - Ward 1,106-170-39,9,"""Geoff Frahm""","""Geoff Frahm""",YES,uploaded,"",2025-11-18 11:50:57.717288,105060,
Larimer,City of Loveland City Council - Ward 1,106-220-40,9,"""Geoff Frahm""","""Geoff Frahm""",YES,uploaded,"",2025-11-18 11:27:36.743789,138419,
Larimer,City of Loveland City Council - Ward 1,109-156-38,9,"""Craig Martinbeault""","""Craig Martinbeault""",YES,uploaded,"",2025-11-18 13:59:56.14897,131487,
Larimer,City of Loveland City Council - Ward 1,110-51-100,9,"""Craig Martinbeault""","""Craig Martinbeault""",YES,uploaded,"",2025-11-18 14:10:43.345304,44471,
Larimer,City of Loveland City Council - Ward 1,111-179-86,9,"""Craig Martinbeault""","""Craig Martinbeault""",YES,uploaded,"",2025-11-18 11:34:51.267822,136348,
Larimer,City of Loveland City Council - Ward 1,111-78-91,9,"""Craig Martinbeault""","""Craig Martinbeault""",YES,uploaded,"",2025-11-18 11:54:15.734063,65723,
Larimer,City of Loveland City Council - Ward 1,112-119-8,9,"""Craig Martinbeault""","""Craig Martinbeault""",YES,uploaded,"",2025-11-18 13:49:59.542431,84832,
Larimer,City of Loveland City Council - Ward 1,112-199-27,9,"""Craig Martinbeault""","""Craig Martinbeault""",YES,uploaded,"",2025-11-18 11:39:03.746095,139457,
Larimer,City of Loveland City Council - Ward 2,103-196-79,8,"""Sarah Rothberg""","""Sarah Rothberg""",YES,uploaded,"",2025-11-18 13:52:07.725667,185678,
Larimer,City of Loveland City Council - Ward 2,103-56-18,8,"""Sarah Rothberg""","""Sarah Rothberg""",YES,uploaded,"",2025-11-18 11:34:00.532674,50849,
Larimer,City of Loveland City Council - Ward 2,105-221-86,8,"""Sarah Rothberg""","""Sarah Rothberg""",YES,uploaded,"",2025-11-18 12:11:45.771028,151268,
Larimer,City of Loveland City Council - Ward 2,105-65-86,8,"""Sarah Rothberg""","""Sarah Rothberg""",YES,uploaded,"",2025-11-18 14:06:35.73666,41782,
Larimer,City of Loveland City Council - Ward 2,106-135-57,8,"""Sarah Rothberg""","""Sarah Rothberg""",YES,uploaded,"",2025-11-18 13:48:37.267509,86107,
Larimer,City of Loveland City Council - Ward 2,109-221-81,8,"""Sarah Rothberg""","""Sarah Rothberg""",YES,uploaded,"",2025-11-18 13:41:53.556639,193250,
Larimer,City of Loveland City Council - Ward 2,109-86-26,8,"""Sarah Rothberg""","""Sarah Rothberg""",YES,uploaded,"",2025-11-18 12:08:45.471186,70237,
Larimer,City of Loveland City Council - Ward 2,112-122-59,8,"""Dana M. Foley""","""Dana M. Foley""",YES,uploaded,"",2025-11-18 11:44:32.261424,87103,
Larimer,City of Loveland City Council - Ward 2,112-273-20,8,"""Sarah Rothberg""","""Sarah Rothberg""",YES,uploaded,"",2025-11-18 13:43:04.940147,194123,
Larimer,City of Loveland City Council - Ward 3,105-178-32,7,"""Kalina Middleton"",""John Fogle""","""Kalina Middleton"",""John Fogle""",YES,uploaded,"",2025-11-18 13:58:21.312002,117197,
Larimer,City of Loveland City Council - Ward 3,106-288-75,7,"""Kalina Middleton"",""Caitlin Wyrick""","""Kalina Middleton"",""Caitlin Wyrick""",YES,uploaded,"",2025-11-18 11:58:29.082959,178928,
Larimer,City of Loveland City Council - Ward 3,110-48-88,7,"""Christopher Say"",""Caitlin Wyrick""","""Christopher Say"",""Caitlin Wyrick""",YES,uploaded,"",2025-11-18 14:08:45.082714,42061,
Larimer,City of Loveland City Council - Ward 3,111-21-36,7,"""Kalina Middleton"",""Caitlin Wyrick""","""Kalina Middleton"",""Caitlin Wyrick""",YES,uploaded,"",2025-11-18 11:50:19.859071,18275,
Larimer,City of Loveland City Council - Ward 4,103-143-9,17,"""Jon Mallo""","""Jon Mallo""",YES,uploaded,"",2025-11-18 11:44:20.01184,132751,
Larimer,City of Loveland City Council - Ward 4,103-187-83,6,"""Zeke Cortez""","""Zeke Cortez""",YES,uploaded,"",2025-11-18 13:38:51.642198,179151,
Larimer,City of Loveland City Council - Ward 4,105-62-54,6,"""Zeke Cortez""","""Zeke Cortez""",YES,uploaded,"",2025-11-18 13:50:22.105396,40553,
Larimer,City of Loveland City Council - Ward 4,110-64-77,6,"""Jon Mallo""","""Jon Mallo""",YES,uploaded,"",2025-11-18 11:50:43.704437,56788,
Larimer,City of Loveland City Council - Ward 4,110-65-93,6,"""Zeke Cortez""","""Zeke Cortez""",YES,uploaded,"",2025-11-18 11:45:33.008865,57644,
Larimer,City of Loveland City Council - Ward 4,111-239-48,6,"""Jon Mallo""","""Jon Mallo""",YES,uploaded,"",2025-11-18 13:41:22.611386,178197,
Larimer,City of Loveland City Council - Ward 4,112-122-97,6,"","",YES,uploaded,"",2025-11-18 11:46:11.575135,87042,
Larimer,City of Loveland City Council - Ward 4,112-1-88,6,"""Jon Mallo""","""Jon Mallo""",YES,uploaded,"",2025-11-18 11:09:24.009136,3375,
Larimer,City of Loveland Mayor,103-143-9,17,"""Patrick McFall""","""Patrick McFall""",YES,uploaded,"",2025-11-18 11:44:20.01184,132751,
Larimer,City of Loveland Mayor,103-187-83,6,"""Troy Daniels""","""Troy Daniels""",YES,uploaded,"",2025-11-18 13:38:51.642198,179151,
Larimer,City of Loveland Mayor,103-190-74,9,"""Patrick McFall""","""Patrick McFall""",YES,uploaded,"",2025-11-18 11:53:30.785191,181896,
Larimer,City of Loveland Mayor,103-196-79,8,"""Patrick McFall""","""Patrick McFall""",YES,uploaded,"",2025-11-18 13:52:07.725667,185678,
Larimer,City of Loveland Mayor,103-196-90,9,"""Troy Daniels""","""Troy Daniels""",YES,uploaded,"",2025-11-18 13:53:25.737746,185707,
Larimer,City of Loveland Mayor,103-56-18,8,"""Troy Daniels""","""Troy Daniels""",YES,uploaded,"",2025-11-18 11:34:00.532674,50849,
Larimer,City of Loveland Mayor,104-150-60,9,"""Patrick McFall""","""Patrick McFall""",YES,uploaded,"",2025-11-18 13:52:49.318259,121446,
Larimer,City of Loveland Mayor,104-163-51,9,"""Troy Daniels""","""Troy Daniels""",YES,uploaded,"",2025-11-18 13:50:06.969805,131663,
Larimer,City of Loveland Mayor,105-178-32,7,"""Patrick McFall""","""Patrick McFall""",YES,uploaded,"",2025-11-18 13:58:21.312002,117197,
Larimer,City of Loveland Mayor,105-200-86,9,"""Troy Daniels""","""Troy Daniels""",YES,uploaded,"",2025-11-18 11:40:40.451876,135831,
Larimer,City of Loveland Mayor,105-221-86,8,"""Troy Daniels""","""Troy Daniels""",YES,uploaded,"",2025-11-18 12:11:45.771028,151268,
Larimer,City of Loveland Mayor,105-62-54,6,"""Patrick McFall""","""Patrick McFall""",YES,uploaded,"",2025-11-18 13:50:22.105396,40553,
Larimer,City of Loveland Mayor,105-65-86,8,"""Troy Daniels""","""Troy Daniels""",YES,uploaded,"",2025-11-18 14:06:35.73666,41782,
Larimer,City of Loveland Mayor,106-135-57,8,"""Troy Daniels""","""Troy Daniels""",YES,uploaded,"",2025-11-18 13:48:37.267509,86107,
Larimer,City of Loveland Mayor,106-170-39,9,"""Patrick McFall""","""Patrick McFall""",YES,uploaded,"",2025-11-18 11:50:57.717288,105060,
Larimer,City of Loveland Mayor,106-220-40,9,"""Patrick McFall""","""Patrick McFall""",YES,uploaded,"",2025-11-18 11:27:36.743789,138419,
Larimer,City of Loveland Mayor,106-288-75,7,"""Troy Daniels""","""Troy Daniels""",YES,uploaded,"",2025-11-18 11:58:29.082959,178928,
Larimer,City of Loveland Mayor,109-156-38,9,"""Troy Daniels""","""Troy Daniels""",YES,uploaded,"",2025-11-18 13:59:56.14897,131487,
Larimer,City of Loveland Mayor,109-221-81,8,"""Troy Daniels""","""Troy Daniels""",YES,uploaded,"",2025-11-18 13:41:53.556639,193250,
Larimer,City of Loveland Mayor,109-86-26,8,"""Troy Daniels""","""Troy Daniels""",YES,uploaded,"",2025-11-18 12:08:45.471186,70237,
Larimer,City of Loveland Mayor,110-48-88,7,"""Troy Daniels""","""Troy Daniels""",YES,uploaded,"",2025-11-18 14:08:45.082714,42061,
Larimer,City of Loveland Mayor,110-51-100,9,"""Troy Daniels""","""Troy Daniels""",YES,uploaded,"",2025-11-18 14:10:43.345304,44471,
Larimer,City of Loveland Mayor,110-64-77,6,"""Troy Daniels""","""Troy Daniels""",YES,uploaded,"",2025-11-18 11:50:43.704437,56788,
Larimer,City of Loveland Mayor,110-65-93,6,"""Patrick McFall""","""Patrick McFall""",YES,uploaded,"",2025-11-18 11:45:33.008865,57644,
Larimer,City of Loveland Mayor,111-179-86,9,"""Troy Daniels""","""Troy Daniels""",YES,uploaded,"",2025-11-18 11:34:51.267822,136348,
Larimer,City of Loveland Mayor,111-21-36,7,"""Patrick McFall""","""Patrick McFall""",YES,uploaded,"",2025-11-18 11:50:19.859071,18275,
Larimer,City of Loveland Mayor,111-239-48,6,"""Troy Daniels""","""Troy Daniels""",YES,uploaded,"",2025-11-18 13:41:22.611386,178197,
Larimer,City of Loveland Mayor,111-78-91,9,"""Troy Daniels""","""Troy Daniels""",YES,uploaded,"",2025-11-18 11:54:15.734063,65723,
Larimer,City of Loveland Mayor,112-119-8,9,"""Troy Daniels""","""Troy Daniels""",YES,uploaded,"",2025-11-18 13:49:59.542431,84832,
Larimer,City of Loveland Mayor,112-122-59,8,"""Patrick McFall""","""Patrick McFall""",YES,uploaded,"",2025-11-18 11:44:32.261424,87103,
Larimer,City of Loveland Mayor,112-122-97,6,"""Troy Daniels""","""Troy Daniels""",YES,uploaded,"",2025-11-18 11:46:11.575135,87042,
Larimer,City of Loveland Mayor,112-1-88,6,"""Troy Daniels""","""Troy Daniels""",YES,uploaded,"",2025-11-18 11:09:24.009136,3375,
Larimer,City of Loveland Mayor,112-199-27,9,"""Troy Daniels""","""Troy Daniels""",YES,uploaded,"",2025-11-18 11:39:03.746095,139457,
Larimer,City of Loveland Mayor,112-273-20,8,"""Troy Daniels""","""Troy Daniels""",YES,uploaded,"",2025-11-18 13:43:04.940147,194123,
Larimer,Larimer County Ballot Issue 1A,102-2-17,15,"""No/Against""","""No/Against""",YES,uploaded,"",2025-11-18 11:00:09.159372,2987,
Larimer,Larimer County Ballot Issue 1A,102-2-48,15,"""No/Against""","""No/Against""",YES,uploaded,"",2025-11-18 11:03:15.733873,2995,
Larimer,Larimer County Ballot Issue 1A,103-110-89,16,"""Yes/For""","""Yes/For""",YES,uploaded,"",2025-11-18 12:20:12.877775,102083,
Larimer,Larimer County Ballot Issue 1A,103-122-51,12,"""No/Against""","""No/Against""",YES,uploaded,"",2025-11-18 12:13:18.373323,114185,
Larimer,Larimer County Ballot Issue 1A,103-143-9,17,"""No/Against""","""No/Against""",YES,uploaded,"",2025-11-18 11:44:20.01184,132751,
Larimer,Larimer County Ballot Issue 1A,103-157-3,16,"""Yes/For""","""Yes/For""",YES,uploaded,"",2025-11-18 13:49:21.420971,147156,
Larimer,Larimer County Ballot Issue 1A,103-168-15,12,"""Yes/For""","""Yes/For""",YES,uploaded,"",2025-11-18 12:09:06.32382,157271,
Larimer,Larimer County Ballot Issue 1A,103-169-36,4,"""Yes/For""","""Yes/For""",YES,uploaded,"",2025-11-18 12:13:27.66095,158345,
Larimer,Larimer County Ballot Issue 1A,103-177-21,16,"""Yes/For""","""Yes/For""",YES,uploaded,"",2025-11-18 14:03:54.315005,167604,
Larimer,Larimer County Ballot Issue 1A,103-187-83,6,"""Yes/For""","""Yes/For""",YES,uploaded,"",2025-11-18 13:38:51.642198,179151,
Larimer,Larimer County Ballot Issue 1A,103-190-74,9,"""No/Against""","""No/Against""",YES,uploaded,"",2025-11-18 11:53:30.785191,181896,
Larimer,Larimer County Ballot Issue 1A,103-194-11,16,"""No/Against""","""No/Against""",YES,uploaded,"",2025-11-18 13:44:35.726891,183953,
Larimer,Larimer County Ballot Issue 1A,103-196-34,4,"""Yes/For""","""Yes/For""",YES,uploaded,"",2025-11-18 13:50:49.404244,185700,
Larimer,Larimer County Ballot Issue 1A,103-196-79,8,"""No/Against""","""No/Against""",YES,uploaded,"",2025-11-18 13:52:07.725667,185678,
Larimer,Larimer County Ballot Issue 1A,103-196-90,9,"""No/Against""","""No/Against""",YES,uploaded,"",2025-11-18 13:53:25.737746,185707,
Larimer,Larimer County Ballot Issue 1A,103-203-11,4,"""Yes/For""","""Yes/For""",YES,uploaded,"",2025-11-18 13:34:01.876841,192792,
Larimer,Larimer County Ballot Issue 1A,103-32-33,16,"""No/Against""","""No/Against""",YES,uploaded,"",2025-11-18 12:15:29.540345,30618,
Larimer,Larimer County Ballot Issue 1A,103-39-61,19,"""No/Against""","""No/Against""",YES,uploaded,"",2025-11-18 13:46:35.504108,36368,
Larimer,Larimer County Ballot Issue 1A,103-48-23,20,"""No/Against""","""No/Against""",YES,uploaded,"",2025-11-18 14:13:49.940184,44917,
Larimer,Larimer County Ballot Issue 1A,103-56-18,8,"""Yes/For""","""Yes/For""",YES,uploaded,"",2025-11-18 11:34:00.532674,50849,
Larimer,Larimer County Ballot Issue 1A,103-60-71,18,"""No/Against""","""No/Against""",YES,uploaded,"",2025-11-18 11:56:30.910407,53406,
Larimer,Larimer County Ballot Issue 1A,103-72-63,4,"""No/Against""","""No/Against""",YES,uploaded,"",2025-11-18 12:00:36.587448,66501,
Larimer,Larimer County Ballot Issue 1A,103-7-31,20,"""Yes/For""","""Yes/For""",YES,uploaded,"",2025-11-18 11:22:41.131493,7655,
Larimer,Larimer County Ballot Issue 1A,103-86-46,16,"""No/Against""","""No/Against""",YES,uploaded,"",2025-11-18 12:16:15.916389,76855,
Larimer,Larimer County Ballot Issue 1A,103-86-54,16,"""No/Against""","""No/Against""",YES,uploaded,"",2025-11-18 12:17:38.802623,76811,
Larimer,Larimer County Ballot Issue 1A,103-88-54,16,"""No/Against""","""No/Against""",YES,uploaded,"",2025-11-18 13:58:44.762977,79008,
Larimer,Larimer County Ballot Issue 1A,104-102-57,19,"""Yes/For""","""Yes/For""",YES,uploaded,"",2025-11-18 13:47:11.726897,80005,
Larimer,Larimer County Ballot Issue 1A,104-105-80,12,"""Yes/For""","""Yes/For""",YES,uploaded,"",2025-11-18 13:56:39.569886,82191,
Larimer,Larimer County Ballot Issue 1A,104-140-31,19,"""No/Against""","""No/Against""",YES,uploaded,"",2025-11-18 12:06:12.770766,112364,
Larimer,Larimer County Ballot Issue 1A,104-150-60,9,"""No/Against""","""No/Against""",YES,uploaded,"",2025-11-18 13:52:49.318259,121446,
Larimer,Larimer County Ballot Issue 1A,104-155-33,18,"""No/Against""","""No/Against""",YES,uploaded,"",2025-11-18 13:42:49.596567,126430,
Larimer,Larimer County Ballot Issue 1A,104-160-67,21,"""Yes/For""","""Yes/For""",YES,uploaded,"",2025-11-18 13:53:49.656293,129391,
Larimer,Larimer County Ballot Issue 1A,104-162-51,3,"""Yes/For""","""Yes/For""",YES,uploaded,"",2025-11-18 11:41:45.211149,130980,
Larimer,Larimer County Ballot Issue 1A,104-163-51,9,"""No/Against""","""No/Against""",YES,uploaded,"",2025-11-18 13:50:06.969805,131663,
Larimer,Larimer County Ballot Issue 1A,104-218-15,20,"""Yes/For""","""Yes/For""",YES,uploaded,"",2025-11-18 11:59:07.897394,183814,
Larimer,Larimer County Ballot Issue 1A,104-220-55,20,"""Yes/For""","""Yes/For""",YES,uploaded,"",2025-11-18 12:01:41.787102,185220,
Larimer,Larimer County Ballot Issue 1A,104-49-73,4,"""Yes/For""","""Yes/For""",YES,uploaded,"",2025-11-18 11:23:03.444934,41456,
Larimer,Larimer County Ballot Issue 1A,104-70-9,16,"""No/Against""","""No/Against""",YES,uploaded,"",2025-11-18 11:41:58.961125,58259,
Larimer,Larimer County Ballot Issue 1A,105-137-29,15,"""Yes/For""","""Yes/For""",YES,uploaded,"",2025-11-18 11:39:39.870833,88794,
Larimer,Larimer County Ballot Issue 1A,105-146-62,21,"""No/Against""","""No/Against""",YES,uploaded,"",2025-11-18 11:57:00.603286,95319,
Larimer,Larimer County Ballot Issue 1A,105-16-21,18,"""Yes/For""","""Yes/For""",YES,uploaded,"",2025-11-18 11:39:38.123326,11343,
Larimer,Larimer County Ballot Issue 1A,105-16-24,19,"""No/Against""","""No/Against""",YES,uploaded,"",2025-11-18 11:42:50.94469,11357,
Larimer,Larimer County Ballot Issue 1A,105-178-32,7,"""No/Against""","""No/Against""",YES,uploaded,"",2025-11-18 13:58:21.312002,117197,
Larimer,Larimer County Ballot Issue 1A,105-200-86,9,"""Yes/For""","""Yes/For""",YES,uploaded,"",2025-11-18 11:40:40.451876,135831,
Larimer,Larimer County Ballot Issue 1A,105-210-5,18,"""Yes/For""","""Yes/For""",YES,uploaded,"",2025-11-18 12:15:41.287739,143215,
Larimer,Larimer County Ballot Issue 1A,105-221-86,8,"""Yes/For""","""Yes/For""",YES,uploaded,"",2025-11-18 12:11:45.771028,151268,
Larimer,Larimer County Ballot Issue 1A,105-230-1,16,"""Yes/For""","""Yes/For""",YES,uploaded,"",2025-11-18 13:35:56.104199,155300,
Larimer,Larimer County Ballot Issue 1A,105-23-20,15,"""Yes/For""","""Yes/For""",YES,uploaded,"",2025-11-18 11:33:44.142935,15916,
Larimer,Larimer County Ballot Issue 1A,105-234-39,3,"""No/Against""","""No/Against""",YES,uploaded,"",2025-11-18 12:14:36.392514,156892,
Larimer,Larimer County Ballot Issue 1A,105-235-69,5,"""No/Against""","""No/Against""",YES,uploaded,"",2025-11-18 12:21:33.823615,157884,
Larimer,Larimer County Ballot Issue 1A,105-237-51,4,"""No/Against""","""No/Against""",YES,uploaded,"",2025-11-18 12:15:42.256518,158618,
Larimer,Larimer County Ballot Issue 1A,105-238-51,4,"""No/Against""","""No/Against""",YES,uploaded,"",2025-11-18 12:16:49.878572,159506,
Larimer,Larimer County Ballot Issue 1A,105-239-69,4,"""Yes/For""","""Yes/For""",YES,uploaded,"",2025-11-18 12:05:53.379771,159809,
Larimer,Larimer County Ballot Issue 1A,105-245-7,16,"""Yes/For""","""Yes/For""",YES,uploaded,"",2025-11-18 11:39:21.65738,164567,
Larimer,Larimer County Ballot Issue 1A,105-254-69,16,"""Yes/For""","""Yes/For""",YES,uploaded,"",2025-11-18 11:49:32.350908,170019,
Larimer,Larimer County Ballot Issue 1A,105-267-82,4,"""Yes/For""","""Yes/For""",YES,uploaded,"",2025-11-18 13:39:57.967505,179693,
Larimer,Larimer County Ballot Issue 1A,105-275-61,12,"""Yes/For""","""Yes/For""",YES,uploaded,"",2025-11-18 13:54:23.826513,184804,
Larimer,Larimer County Ballot Issue 1A,105-284-78,19,"""No/Against""","""No/Against""",YES,uploaded,"",2025-11-18 13:46:05.935866,190426,
Larimer,Larimer County Ballot Issue 1A,105-287-8,12,"""No/Against""","""No/Against""",YES,uploaded,"",2025-11-18 13:39:35.071387,191899,
Larimer,Larimer County Ballot Issue 1A,105-291-42,12,"""Yes/For""","""Yes/For""",YES,uploaded,"",2025-11-18 13:40:35.107694,193829,
Larimer,Larimer County Ballot Issue 1A,105-34-21,4,"""No/Against""","""No/Against""",YES,uploaded,"",2025-11-18 11:52:01.1061,22374,
Larimer,Larimer County Ballot Issue 1A,105-36-72,16,"""No/Against""","""No/Against""",YES,uploaded,"",2025-11-18 11:54:50.827329,23949,
Larimer,Larimer County Ballot Issue 1A,105-38-31,20,"""Yes/For""","""Yes/For""",YES,uploaded,"",2025-11-18 12:04:20.482163,25491,
Larimer,Larimer County Ballot Issue 1A,105-46-61,3,"""No/Against""","""No/Against""",YES,uploaded,"",2025-11-18 13:32:02.623401,32169,
Larimer,Larimer County Ballot Issue 1A,105-4-82,1,"""Yes/For""","""Yes/For""",YES,uploaded,"",2025-11-18 11:23:48.469337,5612,
Larimer,Larimer County Ballot Issue 1A,105-53-53,20,"""No/Against""","""No/Against""",YES,uploaded,"",2025-11-18 13:40:16.459057,35852,
Larimer,Larimer County Ballot Issue 1A,105-55-2,19,"""Yes/For""","""Yes/For""",YES,uploaded,"",2025-11-18 14:04:25.409168,36830,
Larimer,Larimer County Ballot Issue 1A,105-61-96,4,"""No/Against""","""No/Against""",YES,uploaded,"",2025-11-18 13:59:24.797141,39970,
Larimer,Larimer County Ballot Issue 1A,105-62-54,6,"""No/Against""","""No/Against""",YES,uploaded,"",2025-11-18 13:50:22.105396,40553,
Larimer,Larimer County Ballot Issue 1A,105-65-86,8,"""No/Against""","""No/Against""",YES,uploaded,"",2025-11-18 14:06:35.73666,41782,
Larimer,Larimer County Ballot Issue 1A,106-102-50,4,"""No/Against""","""No/Against""",YES,uploaded,"",2025-11-18 12:03:46.008212,66599,
Larimer,Larimer County Ballot Issue 1A,106-135-57,8,"""Yes/For""","""Yes/For""",YES,uploaded,"",2025-11-18 13:48:37.267509,86107,
Larimer,Larimer County Ballot Issue 1A,106-136-9,12,"""No/Against""","""No/Against""",YES,uploaded,"",2025-11-18 13:42:54.788345,86641,
Larimer,Larimer County Ballot Issue 1A,106-137-13,4,"""No/Against""","""No/Against""",YES,uploaded,"",2025-11-18 11:42:56.699664,87455,
Larimer,Larimer County Ballot Issue 1A,106-156-37,4,"""No/Against""","""No/Against""",YES,uploaded,"",2025-11-18 11:58:31.616758,99462,
Larimer,Larimer County Ballot Issue 1A,106-170-39,9,"""No/Against""","""No/Against""",YES,uploaded,"",2025-11-18 11:50:57.717288,105060,
Larimer,Larimer County Ballot Issue 1A,106-180-66,5,"""Yes/For""","""Yes/For""",YES,uploaded,"",2025-11-18 12:17:18.091237,111704,
Larimer,Larimer County Ballot Issue 1A,106-201-96,16,"""Yes/For""","""Yes/For""",YES,uploaded,"",2025-11-18 13:46:23.403703,125833,
Larimer,Larimer County Ballot Issue 1A,106-220-40,9,"""No/Against""","""No/Against""",YES,uploaded,"",2025-11-18 11:27:36.743789,138419,
Larimer,Larimer County Ballot Issue 1A,106-232-1,18,"""Yes/For""","""Yes/For""",YES,uploaded,"",2025-11-18 13:44:08.710745,147058,
Larimer,Larimer County Ballot Issue 1A,106-25-57,4,"""No/Against""","""No/Against""",YES,uploaded,"",2025-11-18 11:44:38.940653,18780,
Larimer,Larimer County Ballot Issue 1A,106-272-73,18,"""No/Against""","""No/Against""",YES,uploaded,"",2025-11-18 12:19:46.911461,169386,
Larimer,Larimer County Ballot Issue 1A,106-288-75,7,"""Yes/For""","""Yes/For""",YES,uploaded,"",2025-11-18 11:58:29.082959,178928,
Larimer,Larimer County Ballot Issue 1A,106-29-79,3,"""No/Against""","""No/Against""",YES,uploaded,"",2025-11-18 11:45:50.558782,21326,
Larimer,Larimer County Ballot Issue 1A,106-298-33,12,"""No/Against""","""No/Against""",YES,uploaded,"",2025-11-18 12:07:00.267814,187402,
Larimer,Larimer County Ballot Issue 1A,106-303-31,20,"""Yes/For""","""Yes/For""",YES,uploaded,"",2025-11-18 13:49:52.216595,190743,
Larimer,Larimer County Ballot Issue 1A,106-31-36,3,"""Yes/For""","""Yes/For""",YES,uploaded,"",2025-11-18 12:05:42.007552,22253,
Larimer,Larimer County Ballot Issue 1A,106-4-55,4,"""Yes/For""","""Yes/For""",YES,uploaded,"",2025-11-18 11:14:02.600167,5029,
Larimer,Larimer County Ballot Issue 1A,106-51-54,19,"""No/Against""","""No/Against""",YES,uploaded,"",2025-11-18 13:53:34.09718,34711,
Larimer,Larimer County Ballot Issue 1A,106-53-41,20,"""Yes/For""","""Yes/For""",YES,uploaded,"",2025-11-18 13:43:24.409544,35933,
Larimer,Larimer County Ballot Issue 1A,106-5-36,4,"""No/Against""","""No/Against""",YES,uploaded,"",2025-11-18 11:16:13.230977,5359,
Larimer,Larimer County Ballot Issue 1A,106-55-16,16,"""No/Against""","""No/Against""",YES,uploaded,"",2025-11-18 13:57:34.084121,36897,
Larimer,Larimer County Ballot Issue 1A,106-65-93,4,"""No/Against""","""No/Against""",YES,uploaded,"",2025-11-18 14:01:08.102493,42684,
Larimer,Larimer County Ballot Issue 1A,106-72-100,20,"""Yes/For""","""Yes/For""",YES,uploaded,"",2025-11-18 11:29:51.078987,45826,
Larimer,Larimer County Ballot Issue 1A,106-76-42,12,"""No/Against""","""No/Against""",YES,uploaded,"",2025-11-18 11:31:52.554675,48789,
Larimer,Larimer County Ballot Issue 1A,106-8-36,1,"""Yes/For""","""Yes/For""",YES,uploaded,"",2025-11-18 11:26:43.558534,7084,
Larimer,Larimer County Ballot Issue 1A,109-103-59,12,"""Yes/For""","""Yes/For""",YES,uploaded,"",2025-11-18 13:51:36.861947,85164,
Larimer,Larimer County Ballot Issue 1A,109-112-33,16,"""No/Against""","""No/Against""",YES,uploaded,"",2025-11-18 11:34:55.310853,92345,
Larimer,Larimer County Ballot Issue 1A,109-1-21,21,"""No/Against""","""No/Against""",YES,uploaded,"",2025-11-18 11:18:04.110614,6236,
Larimer,Larimer County Ballot Issue 1A,109-14-1,3,"""No/Against""","""No/Against""",YES,uploaded,"",2025-11-18 11:35:03.94467,15449,
Larimer,Larimer County Ballot Issue 1A,109-148-84,16,"""Yes/For""","""Yes/For""",YES,uploaded,"",2025-11-18 13:37:05.346931,123901,
Larimer,Larimer County Ballot Issue 1A,109-156-38,9,"""Yes/For""","""Yes/For""",YES,uploaded,"",2025-11-18 13:59:56.14897,131487,
Larimer,Larimer County Ballot Issue 1A,109-172-61,12,"""Yes/For""","""Yes/For""",YES,uploaded,"",2025-11-18 13:55:17.298907,144758,
Larimer,Larimer County Ballot Issue 1A,109-174-50,3,"""No/Against""","""No/Against""",YES,uploaded,"",2025-11-18 13:56:10.328483,146810,
Larimer,Larimer County Ballot Issue 1A,109-181-58,20,"""No/Against""","""No/Against""",YES,uploaded,"",2025-11-18 11:46:41.784489,153878,
Larimer,Larimer County Ballot Issue 1A,109-186-20,16,"""Yes/For""","""Yes/For""",YES,uploaded,"",2025-11-18 13:45:51.446333,158062,
Larimer,Larimer County Ballot Issue 1A,109-199-73,18,"""No/Against""","""No/Against""",YES,uploaded,"",2025-11-18 11:55:03.660755,169954,
Larimer,Larimer County Ballot Issue 1A,109-205-2,20,"""No/Against""","""No/Against""",YES,uploaded,"",2025-11-18 12:06:27.748101,176816,
Larimer,Larimer County Ballot Issue 1A,109-217-55,21,"""No/Against""","""No/Against""",YES,uploaded,"",2025-11-18 12:04:30.966439,189818,
Larimer,Larimer County Ballot Issue 1A,109-221-81,8,"""Yes/For""","""Yes/For""",YES,uploaded,"",2025-11-18 13:41:53.556639,193250,
Larimer,Larimer County Ballot Issue 1A,109-86-26,8,"""Yes/For""","""Yes/For""",YES,uploaded,"",2025-11-18 12:08:45.471186,70237,
Larimer,Larimer County Ballot Issue 1A,110-107-73,16,"""Yes/For""","""Yes/For""",YES,uploaded,"",2025-11-18 11:37:56.615636,90797,
Larimer,Larimer County Ballot Issue 1A,110-123-15,20,"""Yes/For""","""Yes/For""",YES,uploaded,"",2025-11-18 12:08:23.665516,104210,
Larimer,Larimer County Ballot Issue 1A,110-127-72,20,"""No/Against""","""No/Against""",YES,uploaded,"",2025-11-18 12:04:06.054158,107596,
Larimer,Larimer County Ballot Issue 1A,110-186-72,16,"""No/Against""","""No/Against""",YES,uploaded,"",2025-11-18 13:52:59.741163,160976,
Larimer,Larimer County Ballot Issue 1A,110-199-40,21,"""No/Against""","""No/Against""",YES,uploaded,"",2025-11-18 12:00:50.131587,173907,
Larimer,Larimer County Ballot Issue 1A,110-199-56,21,"""Yes/For""","""Yes/For""",YES,uploaded,"",2025-11-18 12:02:01.132364,173951,
Larimer,Larimer County Ballot Issue 1A,110-207-19,4,"""No/Against""","""No/Against""",YES,uploaded,"",2025-11-18 11:50:50.917989,179239,
Larimer,Larimer County Ballot Issue 1A,110-2-94,4,"""Yes/For""","""Yes/For""",YES,uploaded,"",2025-11-18 11:06:35.136199,4200,
Larimer,Larimer County Ballot Issue 1A,110-48-88,7,"""No/Against""","""No/Against""",YES,uploaded,"",2025-11-18 14:08:45.082714,42061,
Larimer,Larimer County Ballot Issue 1A,110-51-100,9,"""Yes/For""","""Yes/For""",YES,uploaded,"",2025-11-18 14:10:43.345304,44471,
Larimer,Larimer County Ballot Issue 1A,110-64-77,6,"""No/Against""","""No/Against""",YES,uploaded,"",2025-11-18 11:50:43.704437,56788,
Larimer,Larimer County Ballot Issue 1A,110-65-93,6,"""No/Against""","""No/Against""",YES,uploaded,"",2025-11-18 11:45:33.008865,57644,
Larimer,Larimer County Ballot Issue 1A,110-68-43,21,"""Yes/For""","""Yes/For""",YES,uploaded,"",2025-11-18 11:51:51.646272,59974,
Larimer,Larimer County Ballot Issue 1A,110-76-73,12,"""No/Against""","""No/Against""",YES,uploaded,"",2025-11-18 12:04:49.408925,67367,
Larimer,Larimer County Ballot Issue 1A,110-8-77,19,"""Yes/For""","""Yes/For""",YES,uploaded,"",2025-11-18 11:31:49.541583,7271,
Larimer,Larimer County Ballot Issue 1A,110-88-55,20,"""Yes/For""","""Yes/For""",YES,uploaded,"",2025-11-18 13:38:22.806134,73541,
Larimer,Larimer County Ballot Issue 1A,110-90-72,18,"","",YES,uploaded,"",2025-11-18 13:36:30.240764,74464,
Larimer,Larimer County Ballot Issue 1A,110-96-85,20,"","",YES,uploaded,"",2025-11-18 13:55:42.918077,80586,
Larimer,Larimer County Ballot Issue 1A,111-115-46,20,"""No/Against""","""No/Against""",YES,uploaded,"",2025-11-18 11:49:33.035706,92256,
Larimer,Larimer County Ballot Issue 1A,111-145-20,12,"""No/Against""","""No/Against""",YES,uploaded,"",2025-11-18 12:11:30.306534,114332,
Larimer,Larimer County Ballot Issue 1A,111-162-51,16,"""Yes/For""","""Yes/For""",YES,uploaded,"",2025-11-18 13:44:27.530916,124310,
Larimer,Larimer County Ballot Issue 1A,111-169-31,15,"""Yes/For""","""Yes/For""",YES,uploaded,"",2025-11-18 13:54:50.391238,130072,
Larimer,Larimer County Ballot Issue 1A,111-170-81,12,"""No/Against""","""No/Against""",YES,uploaded,"",2025-11-18 14:00:52.561443,130697,
Larimer,Larimer County Ballot Issue 1A,111-172-64,21,"""No/Against""","""No/Against""",YES,uploaded,"",2025-11-18 11:46:11.073425,132184,
Larimer,Larimer County Ballot Issue 1A,111-179-86,9,"""Yes/For""","""Yes/For""",YES,uploaded,"",2025-11-18 11:34:51.267822,136348,
Larimer,Larimer County Ballot Issue 1A,111-181-71,12,"""Yes/For""","""Yes/For""",YES,uploaded,"",2025-11-18 11:42:56.035116,137619,
Larimer,Larimer County Ballot Issue 1A,111-189-31,19,"""No/Against""","""No/Against""",YES,uploaded,"",2025-11-18 11:42:58.48463,143724,
Larimer,Larimer County Ballot Issue 1A,111-193-12,4,"""No/Against""","""No/Against""",YES,uploaded,"",2025-11-18 12:10:17.603312,146423,
Larimer,Larimer County Ballot Issue 1A,111-198-7,16,"""No/Against""","""No/Against""",YES,uploaded,"",2025-11-18 12:23:18.897755,149296,
Larimer,Larimer County Ballot Issue 1A,111-213-37,16,"","",YES,uploaded,"",2025-11-18 13:35:25.968492,160581,
Larimer,Larimer County Ballot Issue 1A,111-21-36,7,"""No/Against""","""No/Against""",YES,uploaded,"",2025-11-18 11:50:19.859071,18275,
Larimer,Larimer County Ballot Issue 1A,111-213-82,16,"""Yes/For""","""Yes/For""",YES,uploaded,"",2025-11-18 13:37:25.19583,160611,
Larimer,Larimer County Ballot Issue 1A,111-215-76,16,"""Yes/For""","""Yes/For""",YES,uploaded,"",2025-11-18 13:58:31.638539,162546,
Larimer,Larimer County Ballot Issue 1A,111-218-96,18,"""No/Against""","""No/Against""",YES,uploaded,"",2025-11-18 13:55:37.055425,164154,
Larimer,Larimer County Ballot Issue 1A,111-220-14,16,"""Yes/For""","""Yes/For""",YES,uploaded,"",2025-11-18 14:00:19.698588,165411,
Larimer,Larimer County Ballot Issue 1A,111-220-86,18,"""Yes/For""","""Yes/For""",YES,uploaded,"",2025-11-18 14:02:11.503787,165446,
Larimer,Larimer County Ballot Issue 1A,111-231-27,18,"""Yes/For""","""Yes/For""",YES,uploaded,"",2025-11-18 12:17:37.710607,173534,
Larimer,Larimer County Ballot Issue 1A,111-231-65,18,"""Yes/For""","""Yes/For""",YES,uploaded,"",2025-11-18 12:19:09.732611,173509,
Larimer,Larimer County Ballot Issue 1A,111-235-33,16,"","",YES,uploaded,"",2025-11-18 12:10:00.387116,176216,
Larimer,Larimer County Ballot Issue 1A,111-239-48,6,"""No/Against""","""No/Against""",YES,uploaded,"",2025-11-18 13:41:22.611386,178197,
Larimer,Larimer County Ballot Issue 1A,111-242-39,20,"""Yes/For""","""Yes/For""",YES,uploaded,"",2025-11-18 12:12:11.959536,180678,
Larimer,Larimer County Ballot Issue 1A,111-251-8,15,"""No/Against""","""No/Against""",YES,uploaded,"",2025-11-18 12:08:12.90756,185533,
Larimer,Larimer County Ballot Issue 1A,111-257-40,16,"""No/Against""","""No/Against""",YES,uploaded,"",2025-11-18 13:37:14.410133,190854,
Larimer,Larimer County Ballot Issue 1A,111-38-38,19,"""Yes/For""","""Yes/For""",YES,uploaded,"",2025-11-18 12:12:34.877283,30777,
Larimer,Larimer County Ballot Issue 1A,111-61-37,12,"""Yes/For""","""Yes/For""",YES,uploaded,"",2025-11-18 11:43:27.156618,56241,
Larimer,Larimer County Ballot Issue 1A,111-78-91,9,"""Yes/For""","""Yes/For""",YES,uploaded,"",2025-11-18 11:54:15.734063,65723,
Larimer,Larimer County Ballot Issue 1A,111-98-68,19,"""No/Against""","""No/Against""",YES,uploaded,"",2025-11-18 14:00:42.32167,78925,
Larimer,Larimer County Ballot Issue 1A,112-106-11,16,"""Yes/For""","""Yes/For""",YES,uploaded,"",2025-11-18 13:40:38.140353,74956,
Larimer,Larimer County Ballot Issue 1A,112-112-14,19,"""Yes/For""","""Yes/For""",YES,uploaded,"",2025-11-18 14:02:37.389604,79359,
Larimer,Larimer County Ballot Issue 1A,112-119-8,9,"""Yes/For""","""Yes/For""",YES,uploaded,"",2025-11-18 13:49:59.542431,84832,
Larimer,Larimer County Ballot Issue 1A,112-122-59,8,"""No/Against""","""No/Against""",YES,uploaded,"",2025-11-18 11:44:32.261424,87103,
Larimer,Larimer County Ballot Issue 1A,112-122-97,6,"""No/Against""","""No/Against""",YES,uploaded,"",2025-11-18 11:46:11.575135,87042,
Larimer,Larimer County Ballot Issue 1A,112-124-59,4,"""No/Against""","""No/Against""",YES,uploaded,"",2025-11-18 11:41:29.773766,88710,
Larimer,Larimer County Ballot Issue 1A,112-187-21,4,"""Yes/For""","""Yes/For""",YES,uploaded,"",2025-11-18 13:51:25.512613,131979,
Larimer,Larimer County Ballot Issue 1A,112-1-88,6,"""No/Against""","""No/Against""",YES,uploaded,"",2025-11-18 11:09:24.009136,3375,
Larimer,Larimer County Ballot Issue 1A,112-194-62,16,"""No/Against""","""No/Against""",YES,uploaded,"",2025-11-18 11:37:24.279948,136664,
Larimer,Larimer County Ballot Issue 1A,112-199-27,9,"""Yes/For""","""Yes/For""",YES,uploaded,"",2025-11-18 11:39:03.746095,139457,
Larimer,Larimer County Ballot Issue 1A,112-200-6,18,"""Yes/For""","""Yes/For""",YES,uploaded,"",2025-11-18 11:31:18.804,140372,
Larimer,Larimer County Ballot Issue 1A,112-249-10,18,"","",YES,uploaded,"",2025-11-18 12:03:29.959771,177952,
Larimer,Larimer County Ballot Issue 1A,112-251-10,16,"""Yes/For""","""Yes/For""",YES,uploaded,"",2025-11-18 12:13:55.246965,180188,
Larimer,Larimer County Ballot Issue 1A,112-273-20,8,"""Yes/For""","""Yes/For""",YES,uploaded,"",2025-11-18 13:43:04.940147,194123,
Larimer,Larimer County Ballot Issue 1B,102-2-17,15,"""No/Against""","""No/Against""",YES,uploaded,"",2025-11-18 11:00:09.159372,2987,
Larimer,Larimer County Ballot Issue 1B,102-2-48,15,"""No/Against""","""No/Against""",YES,uploaded,"",2025-11-18 11:03:15.733873,2995,
Larimer,Larimer County Ballot Issue 1B,103-110-89,16,"""Yes/For""","""Yes/For""",YES,uploaded,"",2025-11-18 12:20:12.877775,102083,
Larimer,Larimer County Ballot Issue 1B,103-122-51,12,"""No/Against""","""No/Against""",YES,uploaded,"",2025-11-18 12:13:18.373323,114185,
Larimer,Larimer County Ballot Issue 1B,103-143-9,17,"""No/Against""","""No/Against""",YES,uploaded,"",2025-11-18 11:44:20.01184,132751,
Larimer,Larimer County Ballot Issue 1B,103-157-3,16,"""Yes/For""","""Yes/For""",YES,uploaded,"",2025-11-18 13:49:21.420971,147156,
Larimer,Larimer County Ballot Issue 1B,103-168-15,12,"""Yes/For""","""Yes/For""",YES,uploaded,"",2025-11-18 12:09:06.32382,157271,
Larimer,Larimer County Ballot Issue 1B,103-169-36,4,"""No/Against""","""No/Against""",YES,uploaded,"",2025-11-18 12:13:27.66095,158345,
Larimer,Larimer County Ballot Issue 1B,103-177-21,16,"""Yes/For""","""Yes/For""",YES,uploaded,"",2025-11-18 14:03:54.315005,167604,
Larimer,Larimer County Ballot Issue 1B,103-187-83,6,"""Yes/For""","""Yes/For""",YES,uploaded,"",2025-11-18 13:38:51.642198,179151,
Larimer,Larimer County Ballot Issue 1B,103-190-74,9,"""No/Against""","""No/Against""",YES,uploaded,"",2025-11-18 11:53:30.785191,181896,
Larimer,Larimer County Ballot Issue 1B,103-194-11,16,"""No/Against""","""No/Against""",YES,uploaded,"",2025-11-18 13:44:35.726891,183953,
Larimer,Larimer County Ballot Issue 1B,103-196-34,4,"""Yes/For""","""Yes/For""",YES,uploaded,"",2025-11-18 13:50:49.404244,185700,
Larimer,Larimer County Ballot Issue 1B,103-196-79,8,"""No/Against""","""No/Against""",YES,uploaded,"",2025-11-18 13:52:07.725667,185678,
Larimer,Larimer County Ballot Issue 1B,103-196-90,9,"""No/Against""","""No/Against""",YES,uploaded,"",2025-11-18 13:53:25.737746,185707,
Larimer,Larimer County Ballot Issue 1B,103-203-11,4,"""Yes/For""","""Yes/For""",YES,uploaded,"",2025-11-18 13:34:01.876841,192792,
Larimer,Larimer County Ballot Issue 1B,103-32-33,16,"""Yes/For""","""Yes/For""",YES,uploaded,"",2025-11-18 12:15:29.540345,30618,
Larimer,Larimer County Ballot Issue 1B,103-39-61,19,"""No/Against""","""No/Against""",YES,uploaded,"",2025-11-18 13:46:35.504108,36368,
Larimer,Larimer County Ballot Issue 1B,103-48-23,20,"""No/Against""","""No/Against""",YES,uploaded,"",2025-11-18 14:13:49.940184,44917,
Larimer,Larimer County Ballot Issue 1B,103-56-18,8,"""Yes/For""","""Yes/For""",YES,uploaded,"",2025-11-18 11:34:00.532674,50849,
Larimer,Larimer County Ballot Issue 1B,103-60-71,18,"""No/Against""","""No/Against""",YES,uploaded,"",2025-11-18 11:56:30.910407,53406,
Larimer,Larimer County Ballot Issue 1B,103-72-63,4,"""No/Against""","""No/Against""",YES,uploaded,"",2025-11-18 12:00:36.587448,66501,
Larimer,Larimer County Ballot Issue 1B,103-7-31,20,"""Yes/For""","""Yes/For""",YES,uploaded,"",2025-11-18 11:22:41.131493,7655,
Larimer,Larimer County Ballot Issue 1B,103-86-46,16,"""No/Against""","""No/Against""",YES,uploaded,"",2025-11-18 12:16:15.916389,76855,
Larimer,Larimer County Ballot Issue 1B,103-86-54,16,"""No/Against""","""No/Against""",YES,uploaded,"",2025-11-18 12:17:38.802623,76811,
Larimer,Larimer County Ballot Issue 1B,103-88-54,16,"""No/Against""","""No/Against""",YES,uploaded,"",2025-11-18 13:58:44.762977,79008,
Larimer,Larimer County Ballot Issue 1B,104-102-57,19,"""Yes/For""","""Yes/For""",YES,uploaded,"",2025-11-18 13:47:11.726897,80005,
Larimer,Larimer County Ballot Issue 1B,104-105-80,12,"""Yes/For""","""Yes/For""",YES,uploaded,"",2025-11-18 13:56:39.569886,82191,
Larimer,Larimer County Ballot Issue 1B,104-140-31,19,"""No/Against""","""No/Against""",YES,uploaded,"",2025-11-18 12:06:12.770766,112364,
Larimer,Larimer County Ballot Issue 1B,104-150-60,9,"""No/Against""","""No/Against""",YES,uploaded,"",2025-11-18 13:52:49.318259,121446,
Larimer,Larimer County Ballot Issue 1B,104-155-33,18,"""No/Against""","""No/Against""",YES,uploaded,"",2025-11-18 13:42:49.596567,126430,
Larimer,Larimer County Ballot Issue 1B,104-160-67,21,"""Yes/For""","""Yes/For""",YES,uploaded,"",2025-11-18 13:53:49.656293,129391,
Larimer,Larimer County Ballot Issue 1B,104-162-51,3,"""Yes/For""","""Yes/For""",YES,uploaded,"",2025-11-18 11:41:45.211149,130980,
Larimer,Larimer County Ballot Issue 1B,104-163-51,9,"""Yes/For""","""Yes/For""",YES,uploaded,"",2025-11-18 13:50:06.969805,131663,
Larimer,Larimer County Ballot Issue 1B,104-218-15,20,"""Yes/For""","""Yes/For""",YES,uploaded,"",2025-11-18 11:59:07.897394,183814,
Larimer,Larimer County Ballot Issue 1B,104-220-55,20,"""Yes/For""","""Yes/For""",YES,uploaded,"",2025-11-18 12:01:41.787102,185220,
Larimer,Larimer County Ballot Issue 1B,104-49-73,4,"""No/Against""","""No/Against""",YES,uploaded,"",2025-11-18 11:23:03.444934,41456,
Larimer,Larimer County Ballot Issue 1B,104-70-9,16,"""No/Against""","""No/Against""",YES,uploaded,"",2025-11-18 11:41:58.961125,58259,
Larimer,Larimer County Ballot Issue 1B,105-137-29,15,"""Yes/For""","""Yes/For""",YES,uploaded,"",2025-11-18 11:39:39.870833,88794,
Larimer,Larimer County Ballot Issue 1B,105-146-62,21,"""No/Against""","""No/Against""",YES,uploaded,"",2025-11-18 11:57:00.603286,95319,
Larimer,Larimer County Ballot Issue 1B,105-16-21,18,"""Yes/For""","""Yes/For""",YES,uploaded,"",2025-11-18 11:39:38.123326,11343,
Larimer,Larimer County Ballot Issue 1B,105-16-24,19,"""No/Against""","""No/Against""",YES,uploaded,"",2025-11-18 11:42:50.94469,11357,
Larimer,Larimer County Ballot Issue 1B,105-178-32,7,"""No/Against""","""No/Against""",YES,uploaded,"",2025-11-18 13:58:21.312002,117197,
Larimer,Larimer County Ballot Issue 1B,105-200-86,9,"""Yes/For""","""Yes/For""",YES,uploaded,"",2025-11-18 11:40:40.451876,135831,
Larimer,Larimer County Ballot Issue 1B,105-210-5,18,"""Yes/For""","""Yes/For""",YES,uploaded,"",2025-11-18 12:15:41.287739,143215,
Larimer,Larimer County Ballot Issue 1B,105-221-86,8,"""Yes/For""","""Yes/For""",YES,uploaded,"",2025-11-18 12:11:45.771028,151268,
Larimer,Larimer County Ballot Issue 1B,105-230-1,16,"""Yes/For""","""Yes/For""",YES,uploaded,"",2025-11-18 13:35:56.104199,155300,
Larimer,Larimer County Ballot Issue 1B,105-23-20,15,"""Yes/For""","""Yes/For""",YES,uploaded,"",2025-11-18 11:33:44.142935,15916,
Larimer,Larimer County Ballot Issue 1B,105-234-39,3,"""Yes/For""","""Yes/For""",YES,uploaded,"",2025-11-18 12:14:36.392514,156892,
Larimer,Larimer County Ballot Issue 1B,105-235-69,5,"""No/Against""","""No/Against""",YES,uploaded,"",2025-11-18 12:21:33.823615,157884,
Larimer,Larimer County Ballot Issue 1B,105-237-51,4,"""No/Against""","""No/Against""",YES,uploaded,"",2025-11-18 12:15:42.256518,158618,
Larimer,Larimer County Ballot Issue 1B,105-238-51,4,"""No/Against""","""No/Against""",YES,uploaded,"",2025-11-18 12:16:49.878572,159506,
Larimer,Larimer County Ballot Issue 1B,105-239-69,4,"""Yes/For""","""Yes/For""",YES,uploaded,"",2025-11-18 12:05:53.379771,159809,
Larimer,Larimer County Ballot Issue 1B,105-245-7,16,"""Yes/For""","""Yes/For""",YES,uploaded,"",2025-11-18 11:39:21.65738,164567,
Larimer,Larimer County Ballot Issue 1B,105-254-69,16,"""Yes/For""","""Yes/For""",YES,uploaded,"",2025-11-18 11:49:32.350908,170019,
Larimer,Larimer County Ballot Issue 1B,105-267-82,4,"""Yes/For""","""Yes/For""",YES,uploaded,"",2025-11-18 13:39:57.967505,179693,
Larimer,Larimer County Ballot Issue 1B,105-275-61,12,"""Yes/For""","""Yes/For""",YES,uploaded,"",2025-11-18 13:54:23.826513,184804,
Larimer,Larimer County Ballot Issue 1B,105-284-78,19,"""No/Against""","""No/Against""",YES,uploaded,"",2025-11-18 13:46:05.935866,190426,
Larimer,Larimer County Ballot Issue 1B,105-287-8,12,"""No/Against""","""No/Against""",YES,uploaded,"",2025-11-18 13:39:35.071387,191899,
Larimer,Larimer County Ballot Issue 1B,105-291-42,12,"""No/Against""","""No/Against""",YES,uploaded,"",2025-11-18 13:40:35.107694,193829,
Larimer,Larimer County Ballot Issue 1B,105-34-21,4,"""No/Against""","""No/Against""",YES,uploaded,"",2025-11-18 11:52:01.1061,22374,
Larimer,Larimer County Ballot Issue 1B,105-36-72,16,"""No/Against""","""No/Against""",YES,uploaded,"",2025-11-18 11:54:50.827329,23949,
Larimer,Larimer County Ballot Issue 1B,105-38-31,20,"""Yes/For""","""Yes/For""",YES,uploaded,"",2025-11-18 12:04:20.482163,25491,
Larimer,Larimer County Ballot Issue 1B,105-46-61,3,"""Yes/For""","""Yes/For""",YES,uploaded,"",2025-11-18 13:32:02.623401,32169,
Larimer,Larimer County Ballot Issue 1B,105-4-82,1,"","",YES,uploaded,"",2025-11-18 11:23:48.469337,5612,
Larimer,Larimer County Ballot Issue 1B,105-53-53,20,"""No/Against""","""No/Against""",YES,uploaded,"",2025-11-18 13:40:16.459057,35852,
Larimer,Larimer County Ballot Issue 1B,105-55-2,19,"""Yes/For""","""Yes/For""",YES,uploaded,"",2025-11-18 14:04:25.409168,36830,
Larimer,Larimer County Ballot Issue 1B,105-61-96,4,"""No/Against""","""No/Against""",YES,uploaded,"",2025-11-18 13:59:24.797141,39970,
Larimer,Larimer County Ballot Issue 1B,105-62-54,6,"""No/Against""","""No/Against""",YES,uploaded,"",2025-11-18 13:50:22.105396,40553,
Larimer,Larimer County Ballot Issue 1B,105-65-86,8,"""No/Against""","""No/Against""",YES,uploaded,"",2025-11-18 14:06:35.73666,41782,
Larimer,Larimer County Ballot Issue 1B,106-102-50,4,"""No/Against""","""No/Against""",YES,uploaded,"",2025-11-18 12:03:46.008212,66599,
Larimer,Larimer County Ballot Issue 1B,106-135-57,8,"""Yes/For""","""Yes/For""",YES,uploaded,"",2025-11-18 13:48:37.267509,86107,
Larimer,Larimer County Ballot Issue 1B,106-136-9,12,"""No/Against""","""No/Against""",YES,uploaded,"",2025-11-18 13:42:54.788345,86641,
Larimer,Larimer County Ballot Issue 1B,106-137-13,4,"""No/Against""","""No/Against""",YES,uploaded,"",2025-11-18 11:42:56.699664,87455,
Larimer,Larimer County Ballot Issue 1B,106-156-37,4,"""No/Against""","""No/Against""",YES,uploaded,"",2025-11-18 11:58:31.616758,99462,
Larimer,Larimer County Ballot Issue 1B,106-170-39,9,"""No/Against""","""No/Against""",YES,uploaded,"",2025-11-18 11:50:57.717288,105060,
Larimer,Larimer County Ballot Issue 1B,106-180-66,5,"""Yes/For""","""Yes/For""",YES,uploaded,"",2025-11-18 12:17:18.091237,111704,
Larimer,Larimer County Ballot Issue 1B,106-201-96,16,"""Yes/For""","""Yes/For""",YES,uploaded,"",2025-11-18 13:46:23.403703,125833,
Larimer,Larimer County Ballot Issue 1B,106-220-40,9,"""No/Against""","""No/Against""",YES,uploaded,"",2025-11-18 11:27:36.743789,138419,
Larimer,Larimer County Ballot Issue 1B,106-232-1,18,"""Yes/For""","""Yes/For""",YES,uploaded,"",2025-11-18 13:44:08.710745,147058,
Larimer,Larimer County Ballot Issue 1B,106-25-57,4,"""No/Against""","""No/Against""",YES,uploaded,"",2025-11-18 11:44:38.940653,18780,
Larimer,Larimer County Ballot Issue 1B,106-272-73,18,"""No/Against""","""No/Against""",YES,uploaded,"",2025-11-18 12:19:46.911461,169386,
Larimer,Larimer County Ballot Issue 1B,106-288-75,7,"""Yes/For""","""Yes/For""",YES,uploaded,"",2025-11-18 11:58:29.082959,178928,
Larimer,Larimer County Ballot Issue 1B,106-29-79,3,"""No/Against""","""No/Against""",YES,uploaded,"",2025-11-18 11:45:50.558782,21326,
Larimer,Larimer County Ballot Issue 1B,106-298-33,12,"""No/Against""","""No/Against""",YES,uploaded,"",2025-11-18 12:07:00.267814,187402,
Larimer,Larimer County Ballot Issue 1B,106-303-31,20,"""Yes/For""","""Yes/For""",YES,uploaded,"",2025-11-18 13:49:52.216595,190743,
Larimer,Larimer County Ballot Issue 1B,106-31-36,3,"""No/Against""","""No/Against""",YES,uploaded,"",2025-11-18 12:05:42.007552,22253,
Larimer,Larimer County Ballot Issue 1B,106-4-55,4,"""No/Against""","""No/Against""",YES,uploaded,"",2025-11-18 11:14:02.600167,5029,
Larimer,Larimer County Ballot Issue 1B,106-51-54,19,"""Yes/For""","""Yes/For""",YES,uploaded,"",2025-11-18 13:53:34.09718,34711,
Larimer,Larimer County Ballot Issue 1B,106-53-41,20,"""Yes/For""","""Yes/For""",YES,uploaded,"",2025-11-18 13:43:24.409544,35933,
Larimer,Larimer County Ballot Issue 1B,106-5-36,4,"""No/Against""","""No/Against""",YES,uploaded,"",2025-11-18 11:16:13.230977,5359,
Larimer,Larimer County Ballot Issue 1B,106-55-16,16,"""No/Against""","""No/Against""",YES,uploaded,"",2025-11-18 13:57:34.084121,36897,
Larimer,Larimer County Ballot Issue 1B,106-65-93,4,"""No/Against""","""No/Against""",YES,uploaded,"",2025-11-18 14:01:08.102493,42684,
Larimer,Larimer County Ballot Issue 1B,106-72-100,20,"""Yes/For""","""Yes/For""",YES,uploaded,"",2025-11-18 11:29:51.078987,45826,
Larimer,Larimer County Ballot Issue 1B,106-76-42,12,"""No/Against""","""No/Against""",YES,uploaded,"",2025-11-18 11:31:52.554675,48789,
Larimer,Larimer County Ballot Issue 1B,106-8-36,1,"""Yes/For""","""Yes/For""",YES,uploaded,"",2025-11-18 11:26:43.558534,7084,
Larimer,Larimer County Ballot Issue 1B,109-103-59,12,"""Yes/For""","""Yes/For""",YES,uploaded,"",2025-11-18 13:51:36.861947,85164,
Larimer,Larimer County Ballot Issue 1B,109-112-33,16,"""No/Against""","""No/Against""",YES,uploaded,"",2025-11-18 11:34:55.310853,92345,
Larimer,Larimer County Ballot Issue 1B,109-1-21,21,"""No/Against""","""No/Against""",YES,uploaded,"",2025-11-18 11:18:04.110614,6236,
Larimer,Larimer County Ballot Issue 1B,109-14-1,3,"""No/Against""","""No/Against""",YES,uploaded,"",2025-11-18 11:35:03.94467,15449,
Larimer,Larimer County Ballot Issue 1B,109-148-84,16,"""Yes/For""","""Yes/For""",YES,uploaded,"",2025-11-18 13:37:05.346931,123901,
Larimer,Larimer County Ballot Issue 1B,109-156-38,9,"""Yes/For""","""Yes/For""",YES,uploaded,"",2025-11-18 13:59:56.14897,131487,
Larimer,Larimer County Ballot Issue 1B,109-172-61,12,"""Yes/For""","""Yes/For""",YES,uploaded,"",2025-11-18 13:55:17.298907,144758,
Larimer,Larimer County Ballot Issue 1B,109-174-50,3,"""No/Against""","""No/Against""",YES,uploaded,"",2025-11-18 13:56:10.328483,146810,
Larimer,Larimer County Ballot Issue 1B,109-181-58,20,"""Yes/For""","""Yes/For""",YES,uploaded,"",2025-11-18 11:46:41.784489,153878,
Larimer,Larimer County Ballot Issue 1B,109-186-20,16,"""Yes/For""","""Yes/For""",YES,uploaded,"",2025-11-18 13:45:51.446333,158062,
Larimer,Larimer County Ballot Issue 1B,109-199-73,18,"""Yes/For""","""Yes/For""",YES,uploaded,"",2025-11-18 11:55:03.660755,169954,
Larimer,Larimer County Ballot Issue 1B,109-205-2,20,"""No/Against""","""No/Against""",YES,uploaded,"",2025-11-18 12:06:27.748101,176816,
Larimer,Larimer County Ballot Issue 1B,109-217-55,21,"""No/Against""","""No/Against""",YES,uploaded,"",2025-11-18 12:04:30.966439,189818,
Larimer,Larimer County Ballot Issue 1B,109-221-81,8,"""Yes/For""","""Yes/For""",YES,uploaded,"",2025-11-18 13:41:53.556639,193250,
Larimer,Larimer County Ballot Issue 1B,109-86-26,8,"""Yes/For""","""Yes/For""",YES,uploaded,"",2025-11-18 12:08:45.471186,70237,
Larimer,Larimer County Ballot Issue 1B,110-107-73,16,"""Yes/For""","""Yes/For""",YES,uploaded,"",2025-11-18 11:37:56.615636,90797,
Larimer,Larimer County Ballot Issue 1B,110-123-15,20,"""Yes/For""","""Yes/For""",YES,uploaded,"",2025-11-18 12:08:23.665516,104210,
Larimer,Larimer County Ballot Issue 1B,110-127-72,20,"""No/Against""","""No/Against""",YES,uploaded,"",2025-11-18 12:04:06.054158,107596,
Larimer,Larimer County Ballot Issue 1B,110-186-72,16,"""No/Against""","""No/Against""",YES,uploaded,"",2025-11-18 13:52:59.741163,160976,
Larimer,Larimer County Ballot Issue 1B,110-199-40,21,"""No/Against""","""No/Against""",YES,uploaded,"",2025-11-18 12:00:50.131587,173907,
Larimer,Larimer County Ballot Issue 1B,110-199-56,21,"""No/Against""","""No/Against""",YES,uploaded,"",2025-11-18 12:02:01.132364,173951,
Larimer,Larimer County Ballot Issue 1B,110-207-19,4,"""No/Against""","""No/Against""",YES,uploaded,"",2025-11-18 11:50:50.917989,179239,
Larimer,Larimer County Ballot Issue 1B,110-2-94,4,"""No/Against""","""No/Against""",YES,uploaded,"",2025-11-18 11:06:35.136199,4200,
Larimer,Larimer County Ballot Issue 1B,110-48-88,7,"""No/Against""","""No/Against""",YES,uploaded,"",2025-11-18 14:08:45.082714,42061,
Larimer,Larimer County Ballot Issue 1B,110-51-100,9,"""Yes/For""","""Yes/For""",YES,uploaded,"",2025-11-18 14:10:43.345304,44471,
Larimer,Larimer County Ballot Issue 1B,110-64-77,6,"""No/Against""","""No/Against""",YES,uploaded,"",2025-11-18 11:50:43.704437,56788,
Larimer,Larimer County Ballot Issue 1B,110-65-93,6,"""No/Against""","""No/Against""",YES,uploaded,"",2025-11-18 11:45:33.008865,57644,
Larimer,Larimer County Ballot Issue 1B,110-68-43,21,"""No/Against""","""No/Against""",YES,uploaded,"",2025-11-18 11:51:51.646272,59974,
Larimer,Larimer County Ballot Issue 1B,110-76-73,12,"""Yes/For""","""Yes/For""",YES,uploaded,"",2025-11-18 12:04:49.408925,67367,
Larimer,Larimer County Ballot Issue 1B,110-8-77,19,"""Yes/For""","""Yes/For""",YES,uploaded,"",2025-11-18 11:31:49.541583,7271,
Larimer,Larimer County Ballot Issue 1B,110-88-55,20,"""Yes/For""","""Yes/For""",YES,uploaded,"",2025-11-18 13:38:22.806134,73541,
Larimer,Larimer County Ballot Issue 1B,110-90-72,18,"","",YES,uploaded,"",2025-11-18 13:36:30.240764,74464,
Larimer,Larimer County Ballot Issue 1B,110-96-85,20,"","",YES,uploaded,"",2025-11-18 13:55:42.918077,80586,
Larimer,Larimer County Ballot Issue 1B,111-115-46,20,"""No/Against""","""No/Against""",YES,uploaded,"",2025-11-18 11:49:33.035706,92256,
Larimer,Larimer County Ballot Issue 1B,111-145-20,12,"""No/Against""","""No/Against""",YES,uploaded,"",2025-11-18 12:11:30.306534,114332,
Larimer,Larimer County Ballot Issue 1B,111-162-51,16,"""No/Against""","""No/Against""",YES,uploaded,"",2025-11-18 13:44:27.530916,124310,
Larimer,Larimer County Ballot Issue 1B,111-169-31,15,"""Yes/For""","""Yes/For""",YES,uploaded,"",2025-11-18 13:54:50.391238,130072,
Larimer,Larimer County Ballot Issue 1B,111-170-81,12,"""No/Against""","""No/Against""",YES,uploaded,"",2025-11-18 14:00:52.561443,130697,
Larimer,Larimer County Ballot Issue 1B,111-172-64,21,"""No/Against""","""No/Against""",YES,uploaded,"",2025-11-18 11:46:11.073425,132184,
Larimer,Larimer County Ballot Issue 1B,111-179-86,9,"""Yes/For""","""Yes/For""",YES,uploaded,"",2025-11-18 11:34:51.267822,136348,
Larimer,Larimer County Ballot Issue 1B,111-181-71,12,"""Yes/For""","""Yes/For""",YES,uploaded,"",2025-11-18 11:42:56.035116,137619,
Larimer,Larimer County Ballot Issue 1B,111-189-31,19,"""No/Against""","""No/Against""",YES,uploaded,"",2025-11-18 11:42:58.48463,143724,
Larimer,Larimer County Ballot Issue 1B,111-193-12,4,"""No/Against""","""No/Against""",YES,uploaded,"",2025-11-18 12:10:17.603312,146423,
Larimer,Larimer County Ballot Issue 1B,111-198-7,16,"""No/Against""","""No/Against""",YES,uploaded,"",2025-11-18 12:23:18.897755,149296,
Larimer,Larimer County Ballot Issue 1B,111-213-37,16,"","",YES,uploaded,"",2025-11-18 13:35:25.968492,160581,
Larimer,Larimer County Ballot Issue 1B,111-21-36,7,"""No/Against""","""No/Against""",YES,uploaded,"",2025-11-18 11:50:19.859071,18275,
Larimer,Larimer County Ballot Issue 1B,111-213-82,16,"""Yes/For""","""Yes/For""",YES,uploaded,"",2025-11-18 13:37:25.19583,160611,
Larimer,Larimer County Ballot Issue 1B,111-215-76,16,"""Yes/For""","""Yes/For""",YES,uploaded,"",2025-11-18 13:58:31.638539,162546,
Larimer,Larimer County Ballot Issue 1B,111-218-96,18,"""Yes/For""","""Yes/For""",YES,uploaded,"",2025-11-18 13:55:37.055425,164154,
Larimer,Larimer County Ballot Issue 1B,111-220-14,16,"""Yes/For""","""Yes/For""",YES,uploaded,"",2025-11-18 14:00:19.698588,165411,
Larimer,Larimer County Ballot Issue 1B,111-220-86,18,"""Yes/For""","""Yes/For""",YES,uploaded,"",2025-11-18 14:02:11.503787,165446,
Larimer,Larimer County Ballot Issue 1B,111-231-27,18,"""Yes/For""","""Yes/For""",YES,uploaded,"",2025-11-18 12:17:37.710607,173534,
Larimer,Larimer County Ballot Issue 1B,111-231-65,18,"""Yes/For""","""Yes/For""",YES,uploaded,"",2025-11-18 12:19:09.732611,173509,
Larimer,Larimer County Ballot Issue 1B,111-235-33,16,"","",YES,uploaded,"",2025-11-18 12:10:00.387116,176216,
Larimer,Larimer County Ballot Issue 1B,111-239-48,6,"""No/Against""","""No/Against""",YES,uploaded,"",2025-11-18 13:41:22.611386,178197,
Larimer,Larimer County Ballot Issue 1B,111-242-39,20,"""Yes/For""","""Yes/For""",YES,uploaded,"",2025-11-18 12:12:11.959536,180678,
Larimer,Larimer County Ballot Issue 1B,111-251-8,15,"""No/Against""","""No/Against""",YES,uploaded,"",2025-11-18 12:08:12.90756,185533,
Larimer,Larimer County Ballot Issue 1B,111-257-40,16,"""No/Against""","""No/Against""",YES,uploaded,"",2025-11-18 13:37:14.410133,190854,
Larimer,Larimer County Ballot Issue 1B,111-38-38,19,"""No/Against""","""No/Against""",YES,uploaded,"",2025-11-18 12:12:34.877283,30777,
Larimer,Larimer County Ballot Issue 1B,111-61-37,12,"""Yes/For""","""Yes/For""",YES,uploaded,"",2025-11-18 11:43:27.156618,56241,
Larimer,Larimer County Ballot Issue 1B,111-78-91,9,"""Yes/For""","""Yes/For""",YES,uploaded,"",2025-11-18 11:54:15.734063,65723,
Larimer,Larimer County Ballot Issue 1B,111-98-68,19,"""Yes/For""","""Yes/For""",YES,uploaded,"",2025-11-18 14:00:42.32167,78925,
Larimer,Larimer County Ballot Issue 1B,112-106-11,16,"""Yes/For""","""Yes/For""",YES,uploaded,"",2025-11-18 13:40:38.140353,74956,
Larimer,Larimer County Ballot Issue 1B,112-112-14,19,"""Yes/For""","""Yes/For""",YES,uploaded,"",2025-11-18 14:02:37.389604,79359,
Larimer,Larimer County Ballot Issue 1B,112-119-8,9,"""Yes/For""","""Yes/For""",YES,uploaded,"",2025-11-18 13:49:59.542431,84832,
Larimer,Larimer County Ballot Issue 1B,112-122-59,8,"""No/Against""","""No/Against""",YES,uploaded,"",2025-11-18 11:44:32.261424,87103,
Larimer,Larimer County Ballot Issue 1B,112-122-97,6,"""No/Against""","""No/Against""",YES,uploaded,"",2025-11-18 11:46:11.575135,87042,
Larimer,Larimer County Ballot Issue 1B,112-124-59,4,"""No/Against""","""No/Against""",YES,uploaded,"",2025-11-18 11:41:29.773766,88710,
Larimer,Larimer County Ballot Issue 1B,112-187-21,4,"""No/Against""","""No/Against""",YES,uploaded,"",2025-11-18 13:51:25.512613,131979,
Larimer,Larimer County Ballot Issue 1B,112-1-88,6,"""No/Against""","""No/Against""",YES,uploaded,"",2025-11-18 11:09:24.009136,3375,
Larimer,Larimer County Ballot Issue 1B,112-194-62,16,"""No/Against""","""No/Against""",YES,uploaded,"",2025-11-18 11:37:24.279948,136664,
Larimer,Larimer County Ballot Issue 1B,112-199-27,9,"""Yes/For""","""Yes/For""",YES,uploaded,"",2025-11-18 11:39:03.746095,139457,
Larimer,Larimer County Ballot Issue 1B,112-200-6,18,"""Yes/For""","""Yes/For""",YES,uploaded,"",2025-11-18 11:31:18.804,140372,
Larimer,Larimer County Ballot Issue 1B,112-249-10,18,"","",YES,uploaded,"",2025-11-18 12:03:29.959771,177952,
Larimer,Larimer County Ballot Issue 1B,112-251-10,16,"""Yes/For""","""Yes/For""",YES,uploaded,"",2025-11-18 12:13:55.246965,180188,
Larimer,Larimer County Ballot Issue 1B,112-273-20,8,"""Yes/For""","""Yes/For""",YES,uploaded,"",2025-11-18 13:43:04.940147,194123,
Larimer,Poudre School District R-1 Director District C,102-2-17,15,"","",YES,uploaded,"",2025-11-18 11:00:09.159372,2987,
Larimer,Poudre School District R-1 Director District C,102-2-48,15,"""Karla Baise""","""Karla Baise""",YES,uploaded,"",2025-11-18 11:03:15.733873,2995,
Larimer,Poudre School District R-1 Director District C,103-110-89,16,"""Karla Baise""","""Karla Baise""",YES,uploaded,"",2025-11-18 12:20:12.877775,102083,
Larimer,Poudre School District R-1 Director District C,103-122-51,12,"""Karla Baise""","""Karla Baise""",YES,uploaded,"",2025-11-18 12:13:18.373323,114185,
Larimer,Poudre School District R-1 Director District C,103-143-9,17,"""Sabrina Herrick""","""Sabrina Herrick""",YES,uploaded,"",2025-11-18 11:44:20.01184,132751,
Larimer,Poudre School District R-1 Director District C,103-157-3,16,"""Sabrina Herrick""","""Sabrina Herrick""",YES,uploaded,"",2025-11-18 13:49:21.420971,147156,
Larimer,Poudre School District R-1 Director District C,103-168-15,12,"","",YES,uploaded,"",2025-11-18 12:09:06.32382,157271,
Larimer,Poudre School District R-1 Director District C,103-177-21,16,"""Sabrina Herrick""","""Sabrina Herrick""",YES,uploaded,"",2025-11-18 14:03:54.315005,167604,
Larimer,Poudre School District R-1 Director District C,103-194-11,16,"""Karla Baise""","""Karla Baise""",YES,uploaded,"",2025-11-18 13:44:35.726891,183953,
Larimer,Poudre School District R-1 Director District C,103-32-33,16,"""Karla Baise""","""Karla Baise""",YES,uploaded,"",2025-11-18 12:15:29.540345,30618,
Larimer,Poudre School District R-1 Director District C,103-39-61,19,"","",YES,uploaded,"",2025-11-18 13:46:35.504108,36368,
Larimer,Poudre School District R-1 Director District C,103-48-23,20,"""Karla Baise""","""Karla Baise""",YES,uploaded,"",2025-11-18 14:13:49.940184,44917,
Larimer,Poudre School District R-1 Director District C,103-60-71,18,"""Karla Baise""","""Karla Baise""",YES,uploaded,"",2025-11-18 11:56:30.910407,53406,
Larimer,Poudre School District R-1 Director District C,103-7-31,20,"""Sabrina Herrick""","""Sabrina Herrick""",YES,uploaded,"",2025-11-18 11:22:41.131493,7655,
Larimer,Poudre School District R-1 Director District C,103-86-46,16,"","",YES,uploaded,"",2025-11-18 12:16:15.916389,76855,
Larimer,Poudre School District R-1 Director District C,103-86-54,16,"","",YES,uploaded,"",2025-11-18 12:17:38.802623,76811,
Larimer,Poudre School District R-1 Director District C,103-88-54,16,"""Sabrina Herrick""","""Sabrina Herrick""",YES,uploaded,"",2025-11-18 13:58:44.762977,79008,
Larimer,Poudre School District R-1 Director District C,104-102-57,19,"""Karla Baise""","""Karla Baise""",YES,uploaded,"",2025-11-18 13:47:11.726897,80005,
Larimer,Poudre School District R-1 Director District C,104-105-80,12,"""Karla Baise""","""Karla Baise""",YES,uploaded,"",2025-11-18 13:56:39.569886,82191,
Larimer,Poudre School District R-1 Director District C,104-140-31,19,"","",YES,uploaded,"",2025-11-18 12:06:12.770766,112364,
Larimer,Poudre School District R-1 Director District C,104-155-33,18,"""Karla Baise""","""Karla Baise""",YES,uploaded,"",2025-11-18 13:42:49.596567,126430,
Larimer,Poudre School District R-1 Director District C,104-160-67,21,"""Sabrina Herrick""","""Sabrina Herrick""",YES,uploaded,"",2025-11-18 13:53:49.656293,129391,
Larimer,Poudre School District R-1 Director District C,104-218-15,20,"""Karla Baise""","""Karla Baise""",YES,uploaded,"",2025-11-18 11:59:07.897394,183814,
Larimer,Poudre School District R-1 Director District C,104-220-55,20,"""Sabrina Herrick""","""Sabrina Herrick""",YES,uploaded,"",2025-11-18 12:01:41.787102,185220,
Larimer,Poudre School District R-1 Director District C,104-70-9,16,"""Sabrina Herrick""","""Sabrina Herrick""",YES,uploaded,"",2025-11-18 11:41:58.961125,58259,
Larimer,Poudre School District R-1 Director District C,105-137-29,15,"""Karla Baise""","""Karla Baise""",YES,uploaded,"",2025-11-18 11:39:39.870833,88794,
Larimer,Poudre School District R-1 Director District C,105-146-62,21,"","",YES,uploaded,"",2025-11-18 11:57:00.603286,95319,
Larimer,Poudre School District R-1 Director District C,105-16-21,18,"""Karla Baise""","""Karla Baise""",YES,uploaded,"",2025-11-18 11:39:38.123326,11343,
Larimer,Poudre School District R-1 Director District C,105-16-24,19,"","",YES,uploaded,"",2025-11-18 11:42:50.94469,11357,
Larimer,Poudre School District R-1 Director District C,105-210-5,18,"""Sabrina Herrick""","""Sabrina Herrick""",YES,uploaded,"",2025-11-18 12:15:41.287739,143215,
Larimer,Poudre School District R-1 Director District C,105-230-1,16,"""Sabrina Herrick""","""Sabrina Herrick""",YES,uploaded,"",2025-11-18 13:35:56.104199,155300,
Larimer,Poudre School District R-1 Director District C,105-23-20,15,"","",YES,uploaded,"",2025-11-18 11:33:44.142935,15916,
Larimer,Poudre School District R-1 Director District C,105-245-7,16,"","",YES,uploaded,"",2025-11-18 11:39:21.65738,164567,
Larimer,Poudre School District R-1 Director District C,105-254-69,16,"""Sabrina Herrick""","""Sabrina Herrick""",YES,uploaded,"",2025-11-18 11:49:32.350908,170019,
Larimer,Poudre School District R-1 Director District C,105-275-61,12,"""Karla Baise""","""Karla Baise""",YES,uploaded,"",2025-11-18 13:54:23.826513,184804,
Larimer,Poudre School District R-1 Director District C,105-284-78,19,"""Karla Baise""","""Karla Baise""",YES,uploaded,"",2025-11-18 13:46:05.935866,190426,
Larimer,Poudre School District R-1 Director District C,105-287-8,12,"""Karla Baise""","""Karla Baise""",YES,uploaded,"",2025-11-18 13:39:35.071387,191899,
Larimer,Poudre School District R-1 Director District C,105-291-42,12,"""Sabrina Herrick""","""Sabrina Herrick""",YES,uploaded,"",2025-11-18 13:40:35.107694,193829,
Larimer,Poudre School District R-1 Director District C,105-36-72,16,"""Karla Baise""","""Karla Baise""",YES,uploaded,"",2025-11-18 11:54:50.827329,23949,
Larimer,Poudre School District R-1 Director District C,105-38-31,20,"""Karla Baise""","""Karla Baise""",YES,uploaded,"",2025-11-18 12:04:20.482163,25491,
Larimer,Poudre School District R-1 Director District C,105-53-53,20,"""Karla Baise""","""Karla Baise""",YES,uploaded,"",2025-11-18 13:40:16.459057,35852,
Larimer,Poudre School District R-1 Director District C,105-55-2,19,"""Sabrina Herrick""","""Sabrina Herrick""",YES,uploaded,"",2025-11-18 14:04:25.409168,36830,
Larimer,Poudre School District R-1 Director District C,106-136-9,12,"""Sabrina Herrick""","""Sabrina Herrick""",YES,uploaded,"",2025-11-18 13:42:54.788345,86641,
Larimer,Poudre School District R-1 Director District C,106-201-96,16,"""Karla Baise""","""Karla Baise""",YES,uploaded,"",2025-11-18 13:46:23.403703,125833,
Larimer,Poudre School District R-1 Director District C,106-232-1,18,"""Karla Baise""","""Karla Baise""",YES,uploaded,"",2025-11-18 13:44:08.710745,147058,
Larimer,Poudre School District R-1 Director District C,106-272-73,18,"","",YES,uploaded,"",2025-11-18 12:19:46.911461,169386,
Larimer,Poudre School District R-1 Director District C,106-298-33,12,"","",YES,uploaded,"",2025-11-18 12:07:00.267814,187402,
Larimer,Poudre School District R-1 Director District C,106-303-31,20,"""Karla Baise""","""Karla Baise""",YES,uploaded,"",2025-11-18 13:49:52.216595,190743,
Larimer,Poudre School District R-1 Director District C,106-51-54,19,"""Sabrina Herrick""","""Sabrina Herrick""",YES,uploaded,"",2025-11-18 13:53:34.09718,34711,
Larimer,Poudre School District R-1 Director District C,106-53-41,20,"""Karla Baise""","""Karla Baise""",YES,uploaded,"",2025-11-18 13:43:24.409544,35933,
Larimer,Poudre School District R-1 Director District C,106-55-16,16,"","",YES,uploaded,"",2025-11-18 13:57:34.084121,36897,
Larimer,Poudre School District R-1 Director District C,106-72-100,20,"""Sabrina Herrick""","""Sabrina Herrick""",YES,uploaded,"",2025-11-18 11:29:51.078987,45826,
Larimer,Poudre School District R-1 Director District C,106-76-42,12,"","",YES,uploaded,"",2025-11-18 11:31:52.554675,48789,
Larimer,Poudre School District R-1 Director District C,109-103-59,12,"""Karla Baise""","""Karla Baise""",YES,uploaded,"",2025-11-18 13:51:36.861947,85164,
Larimer,Poudre School District R-1 Director District C,109-112-33,16,"""Sabrina Herrick""","""Sabrina Herrick""",YES,uploaded,"",2025-11-18 11:34:55.310853,92345,
Larimer,Poudre School District R-1 Director District C,109-1-21,21,"","",YES,uploaded,"",2025-11-18 11:18:04.110614,6236,
Larimer,Poudre School District R-1 Director District C,109-148-84,16,"""Karla Baise""","""Karla Baise""",YES,uploaded,"",2025-11-18 13:37:05.346931,123901,
Larimer,Poudre School District R-1 Director District C,109-172-61,12,"""Sabrina Herrick""","""Sabrina Herrick""",YES,uploaded,"",2025-11-18 13:55:17.298907,144758,
Larimer,Poudre School District R-1 Director District C,109-181-58,20,"""Sabrina Herrick""","""Sabrina Herrick""",YES,uploaded,"",2025-11-18 11:46:41.784489,153878,
Larimer,Poudre School District R-1 Director District C,109-186-20,16,"","",YES,uploaded,"",2025-11-18 13:45:51.446333,158062,
Larimer,Poudre School District R-1 Director District C,109-199-73,18,"""Karla Baise""","""Karla Baise""",YES,uploaded,"",2025-11-18 11:55:03.660755,169954,
Larimer,Poudre School District R-1 Director District C,109-205-2,20,"""Karla Baise""","""Karla Baise""",YES,uploaded,"",2025-11-18 12:06:27.748101,176816,
Larimer,Poudre School District R-1 Director District C,109-217-55,21,"""Karla Baise""","""Karla Baise""",YES,uploaded,"",2025-11-18 12:04:30.966439,189818,
Larimer,Poudre School District R-1 Director District C,110-107-73,16,"""Karla Baise""","""Karla Baise""",YES,uploaded,"",2025-11-18 11:37:56.615636,90797,
Larimer,Poudre School District R-1 Director District C,110-123-15,20,"""Karla Baise""","""Karla Baise""",YES,uploaded,"",2025-11-18 12:08:23.665516,104210,
Larimer,Poudre School District R-1 Director District C,110-127-72,20,"""Karla Baise""","""Karla Baise""",YES,uploaded,"",2025-11-18 12:04:06.054158,107596,
Larimer,Poudre School District R-1 Director District C,110-186-72,16,"""Karla Baise""","""Karla Baise""",YES,uploaded,"",2025-11-18 13:52:59.741163,160976,
Larimer,Poudre School District R-1 Director District C,110-199-40,21,"""Karla Baise""","""Karla Baise""",YES,uploaded,"",2025-11-18 12:00:50.131587,173907,
Larimer,Poudre School District R-1 Director District C,110-199-56,21,"""Sabrina Herrick""","""Sabrina Herrick""",YES,uploaded,"",2025-11-18 12:02:01.132364,173951,
Larimer,Poudre School District R-1 Director District C,110-68-43,21,"""Karla Baise""","""Karla Baise""",YES,uploaded,"",2025-11-18 11:51:51.646272,59974,
Larimer,Poudre School District R-1 Director District C,110-76-73,12,"""Karla Baise""","""Karla Baise""",YES,uploaded,"",2025-11-18 12:04:49.408925,67367,
Larimer,Poudre School District R-1 Director District C,110-8-77,19,"""Sabrina Herrick""","""Sabrina Herrick""",YES,uploaded,"",2025-11-18 11:31:49.541583,7271,
Larimer,Poudre School District R-1 Director District C,110-88-55,20,"""Sabrina Herrick""","""Sabrina Herrick""",YES,uploaded,"",2025-11-18 13:38:22.806134,73541,
Larimer,Poudre School District R-1 Director District C,110-90-72,18,"""Sabrina Herrick""","""Sabrina Herrick""",YES,uploaded,"",2025-11-18 13:36:30.240764,74464,
Larimer,Poudre School District R-1 Director District C,110-96-85,20,"","",YES,uploaded,"",2025-11-18 13:55:42.918077,80586,
Larimer,Poudre School District R-1 Director District C,111-115-46,20,"","",YES,uploaded,"",2025-11-18 11:49:33.035706,92256,
Larimer,Poudre School District R-1 Director District C,111-145-20,12,"""Sabrina Herrick""","""Sabrina Herrick""",YES,uploaded,"",2025-11-18 12:11:30.306534,114332,
Larimer,Poudre School District R-1 Director District C,111-162-51,16,"","",YES,uploaded,"",2025-11-18 13:44:27.530916,124310,
Larimer,Poudre School District R-1 Director District C,111-169-31,15,"""Karla Baise""","""Karla Baise""",YES,uploaded,"",2025-11-18 13:54:50.391238,130072,
Larimer,Poudre School District R-1 Director District C,111-170-81,12,"""Karla Baise""","""Karla Baise""",YES,uploaded,"",2025-11-18 14:00:52.561443,130697,
Larimer,Poudre School District R-1 Director District C,111-172-64,21,"","",YES,uploaded,"",2025-11-18 11:46:11.073425,132184,
Larimer,Poudre School District R-1 Director District C,111-181-71,12,"""Sabrina Herrick""","""Sabrina Herrick""",YES,uploaded,"",2025-11-18 11:42:56.035116,137619,
Larimer,Poudre School District R-1 Director District C,111-189-31,19,"""Karla Baise""","""Karla Baise""",YES,uploaded,"",2025-11-18 11:42:58.48463,143724,
Larimer,Poudre School District R-1 Director District C,111-198-7,16,"","",YES,uploaded,"",2025-11-18 12:23:18.897755,149296,
Larimer,Poudre School District R-1 Director District C,111-213-37,16,"""Karla Baise""","""Karla Baise""",YES,uploaded,"",2025-11-18 13:35:25.968492,160581,
Larimer,Poudre School District R-1 Director District C,111-213-82,16,"""Karla Baise""","""Karla Baise""",YES,uploaded,"",2025-11-18 13:37:25.19583,160611,
Larimer,Poudre School District R-1 Director District C,111-215-76,16,"""Karla Baise""","""Karla Baise""",YES,uploaded,"",2025-11-18 13:58:31.638539,162546,
Larimer,Poudre School District R-1 Director District C,111-218-96,18,"""Karla Baise""","""Karla Baise""",YES,uploaded,"",2025-11-18 13:55:37.055425,164154,
Larimer,Poudre School District R-1 Director District C,111-220-14,16,"""Karla Baise""","""Karla Baise""",YES,uploaded,"",2025-11-18 14:00:19.698588,165411,
Larimer,Poudre School District R-1 Director District C,111-220-86,18,"""Sabrina Herrick""","""Sabrina Herrick""",YES,uploaded,"",2025-11-18 14:02:11.503787,165446,
Larimer,Poudre School District R-1 Director District C,111-231-27,18,"""Karla Baise""","""Karla Baise""",YES,uploaded,"",2025-11-18 12:17:37.710607,173534,
Larimer,Poudre School District R-1 Director District C,111-231-65,18,"""Karla Baise""","""Karla Baise""",YES,uploaded,"",2025-11-18 12:19:09.732611,173509,
Larimer,Poudre School District R-1 Director District C,111-235-33,16,"","",YES,uploaded,"",2025-11-18 12:10:00.387116,176216,
Larimer,Poudre School District R-1 Director District C,111-242-39,20,"""Sabrina Herrick""","""Sabrina Herrick""",YES,uploaded,"",2025-11-18 12:12:11.959536,180678,
Larimer,Poudre School District R-1 Director District C,111-251-8,15,"","",YES,uploaded,"",2025-11-18 12:08:12.90756,185533,
Larimer,Poudre School District R-1 Director District C,111-257-40,16,"""Karla Baise""","""Karla Baise""",YES,uploaded,"",2025-11-18 13:37:14.410133,190854,
Larimer,Poudre School District R-1 Director District C,111-38-38,19,"""Karla Baise""","""Karla Baise""",YES,uploaded,"",2025-11-18 12:12:34.877283,30777,
Larimer,Poudre School District R-1 Director District C,111-61-37,12,"""Karla Baise""","""Karla Baise""",YES,uploaded,"",2025-11-18 11:43:27.156618,56241,
Larimer,Poudre School District R-1 Director District C,111-98-68,19,"""Karla Baise""","""Karla Baise""",YES,uploaded,"",2025-11-18 14:00:42.32167,78925,
Larimer,Poudre School District R-1 Director District C,112-106-11,16,"""Sabrina Herrick""","""Sabrina Herrick""",YES,uploaded,"",2025-11-18 13:40:38.140353,74956,
Larimer,Poudre School District R-1 Director District C,112-112-14,19,"""Karla Baise""","""Karla Baise""",YES,uploaded,"",2025-11-18 14:02:37.389604,79359,
Larimer,Poudre School District R-1 Director District C,112-194-62,16,"","",YES,uploaded,"",2025-11-18 11:37:24.279948,136664,
Larimer,Poudre School District R-1 Director District C,112-200-6,18,"""Karla Baise""","""Karla Baise""",YES,uploaded,"",2025-11-18 11:31:18.804,140372,
Larimer,Poudre School District R-1 Director District C,112-249-10,18,"","",YES,uploaded,"",2025-11-18 12:03:29.959771,177952,
Larimer,Poudre School District R-1 Director District C,112-251-10,16,"""Karla Baise""","""Karla Baise""",YES,uploaded,"",2025-11-18 12:13:55.246965,180188,
Larimer,Poudre School District R-1 Director District D,102-2-17,15,"","",YES,uploaded,"",2025-11-18 11:00:09.159372,2987,
Larimer,Poudre School District R-1 Director District D,102-2-48,15,"""Tom Griggs""","""Tom Griggs""",YES,uploaded,"",2025-11-18 11:03:15.733873,2995,
Larimer,Poudre School District R-1 Director District D,103-110-89,16,"""Coronda Ziegler""","""Coronda Ziegler""",YES,uploaded,"",2025-11-18 12:20:12.877775,102083,
Larimer,Poudre School District R-1 Director District D,103-122-51,12,"""Coronda Ziegler""","""Coronda Ziegler""",YES,uploaded,"",2025-11-18 12:13:18.373323,114185,
Larimer,Poudre School District R-1 Director District D,103-143-9,17,"""Tom Griggs""","""Tom Griggs""",YES,uploaded,"",2025-11-18 11:44:20.01184,132751,
Larimer,Poudre School District R-1 Director District D,103-157-3,16,"""Coronda Ziegler""","""Coronda Ziegler""",YES,uploaded,"",2025-11-18 13:49:21.420971,147156,
Larimer,Poudre School District R-1 Director District D,103-168-15,12,"""Coronda Ziegler""","""Coronda Ziegler""",YES,uploaded,"",2025-11-18 12:09:06.32382,157271,
Larimer,Poudre School District R-1 Director District D,103-177-21,16,"""Coronda Ziegler""","""Coronda Ziegler""",YES,uploaded,"",2025-11-18 14:03:54.315005,167604,
Larimer,Poudre School District R-1 Director District D,103-194-11,16,"""Coronda Ziegler""","""Coronda Ziegler""",YES,uploaded,"",2025-11-18 13:44:35.726891,183953,
Larimer,Poudre School District R-1 Director District D,103-32-33,16,"""Coronda Ziegler""","""Coronda Ziegler""",YES,uploaded,"",2025-11-18 12:15:29.540345,30618,
Larimer,Poudre School District R-1 Director District D,103-39-61,19,"","",YES,uploaded,"",2025-11-18 13:46:35.504108,36368,
Larimer,Poudre School District R-1 Director District D,103-48-23,20,"""Coronda Ziegler""","""Coronda Ziegler""",YES,uploaded,"",2025-11-18 14:13:49.940184,44917,
Larimer,Poudre School District R-1 Director District D,103-60-71,18,"""Tom Griggs""","""Tom Griggs""",YES,uploaded,"",2025-11-18 11:56:30.910407,53406,
Larimer,Poudre School District R-1 Director District D,103-7-31,20,"""Tom Griggs""","""Tom Griggs""",YES,uploaded,"",2025-11-18 11:22:41.131493,7655,
Larimer,Poudre School District R-1 Director District D,103-86-46,16,"","",YES,uploaded,"",2025-11-18 12:16:15.916389,76855,
Larimer,Poudre School District R-1 Director District D,103-86-54,16,"","",YES,uploaded,"",2025-11-18 12:17:38.802623,76811,
Larimer,Poudre School District R-1 Director District D,103-88-54,16,"""Tom Griggs""","""Tom Griggs""",YES,uploaded,"",2025-11-18 13:58:44.762977,79008,
Larimer,Poudre School District R-1 Director District D,104-102-57,19,"""Coronda Ziegler""","""Coronda Ziegler""",YES,uploaded,"",2025-11-18 13:47:11.726897,80005,
Larimer,Poudre School District R-1 Director District D,104-105-80,12,"""Coronda Ziegler""","""Coronda Ziegler""",YES,uploaded,"",2025-11-18 13:56:39.569886,82191,
Larimer,Poudre School District R-1 Director District D,104-140-31,19,"","",YES,uploaded,"",2025-11-18 12:06:12.770766,112364,
Larimer,Poudre School District R-1 Director District D,104-155-33,18,"""Coronda Ziegler""","""Coronda Ziegler""",YES,uploaded,"",2025-11-18 13:42:49.596567,126430,
Larimer,Poudre School District R-1 Director District D,104-160-67,21,"""Coronda Ziegler""","""Coronda Ziegler""",YES,uploaded,"",2025-11-18 13:53:49.656293,129391,
Larimer,Poudre School District R-1 Director District D,104-218-15,20,"""Coronda Ziegler""","""Coronda Ziegler""",YES,uploaded,"",2025-11-18 11:59:07.897394,183814,
Larimer,Poudre School District R-1 Director District D,104-220-55,20,"""Coronda Ziegler""","""Coronda Ziegler""",YES,uploaded,"",2025-11-18 12:01:41.787102,185220,
Larimer,Poudre School District R-1 Director District D,104-70-9,16,"""Tom Griggs""","""Tom Griggs""",YES,uploaded,"",2025-11-18 11:41:58.961125,58259,
Larimer,Poudre School District R-1 Director District D,105-137-29,15,"""Coronda Ziegler""","""Coronda Ziegler""",YES,uploaded,"",2025-11-18 11:39:39.870833,88794,
Larimer,Poudre School District R-1 Director District D,105-146-62,21,"","",YES,uploaded,"",2025-11-18 11:57:00.603286,95319,
Larimer,Poudre School District R-1 Director District D,105-16-21,18,"""Coronda Ziegler""","""Coronda Ziegler""",YES,uploaded,"",2025-11-18 11:39:38.123326,11343,
Larimer,Poudre School District R-1 Director District D,105-16-24,19,"","",YES,uploaded,"",2025-11-18 11:42:50.94469,11357,
Larimer,Poudre School District R-1 Director District D,105-210-5,18,"""Coronda Ziegler""","""Coronda Ziegler""",YES,uploaded,"",2025-11-18 12:15:41.287739,143215,
Larimer,Poudre School District R-1 Director District D,105-230-1,16,"""Coronda Ziegler""","""Coronda Ziegler""",YES,uploaded,"",2025-11-18 13:35:56.104199,155300,
Larimer,Poudre School District R-1 Director District D,105-23-20,15,"","",YES,uploaded,"",2025-11-18 11:33:44.142935,15916,
Larimer,Poudre School District R-1 Director District D,105-245-7,16,"","",YES,uploaded,"",2025-11-18 11:39:21.65738,164567,
Larimer,Poudre School District R-1 Director District D,105-254-69,16,"""Coronda Ziegler""","""Coronda Ziegler""",YES,uploaded,"",2025-11-18 11:49:32.350908,170019,
Larimer,Poudre School District R-1 Director District D,105-275-61,12,"""Coronda Ziegler""","""Coronda Ziegler""",YES,uploaded,"",2025-11-18 13:54:23.826513,184804,
Larimer,Poudre School District R-1 Director District D,105-284-78,19,"""Coronda Ziegler""","""Coronda Ziegler""",YES,uploaded,"",2025-11-18 13:46:05.935866,190426,
Larimer,Poudre School District R-1 Director District D,105-287-8,12,"""Coronda Ziegler""","""Coronda Ziegler""",YES,uploaded,"",2025-11-18 13:39:35.071387,191899,
Larimer,Poudre School District R-1 Director District D,105-291-42,12,"""Coronda Ziegler""","""Coronda Ziegler""",YES,uploaded,"",2025-11-18 13:40:35.107694,193829,
Larimer,Poudre School District R-1 Director District D,105-36-72,16,"""Coronda Ziegler""","""Coronda Ziegler""",YES,uploaded,"",2025-11-18 11:54:50.827329,23949,
Larimer,Poudre School District R-1 Director District D,105-38-31,20,"""Coronda Ziegler""","""Coronda Ziegler""",YES,uploaded,"",2025-11-18 12:04:20.482163,25491,
Larimer,Poudre School District R-1 Director District D,105-53-53,20,"""Tom Griggs""","""Tom Griggs""",YES,uploaded,"",2025-11-18 13:40:16.459057,35852,
Larimer,Poudre School District R-1 Director District D,105-55-2,19,"""Tom Griggs""","""Tom Griggs""",YES,uploaded,"",2025-11-18 14:04:25.409168,36830,
Larimer,Poudre School District R-1 Director District D,106-136-9,12,"""Tom Griggs""","""Tom Griggs""",YES,uploaded,"",2025-11-18 13:42:54.788345,86641,
Larimer,Poudre School District R-1 Director District D,106-201-96,16,"""Coronda Ziegler""","""Coronda Ziegler""",YES,uploaded,"",2025-11-18 13:46:23.403703,125833,
Larimer,Poudre School District R-1 Director District D,106-232-1,18,"""Coronda Ziegler""","""Coronda Ziegler""",YES,uploaded,"",2025-11-18 13:44:08.710745,147058,
Larimer,Poudre School District R-1 Director District D,106-272-73,18,"","",YES,uploaded,"",2025-11-18 12:19:46.911461,169386,
Larimer,Poudre School District R-1 Director District D,106-298-33,12,"","",YES,uploaded,"",2025-11-18 12:07:00.267814,187402,
Larimer,Poudre School District R-1 Director District D,106-303-31,20,"""Coronda Ziegler""","""Coronda Ziegler""",YES,uploaded,"",2025-11-18 13:49:52.216595,190743,
Larimer,Poudre School District R-1 Director District D,106-51-54,19,"""Coronda Ziegler""","""Coronda Ziegler""",YES,uploaded,"",2025-11-18 13:53:34.09718,34711,
Larimer,Poudre School District R-1 Director District D,106-53-41,20,"""Coronda Ziegler""","""Coronda Ziegler""",YES,uploaded,"",2025-11-18 13:43:24.409544,35933,
Larimer,Poudre School District R-1 Director District D,106-55-16,16,"""Tom Griggs""","""Tom Griggs""",YES,uploaded,"",2025-11-18 13:57:34.084121,36897,
Larimer,Poudre School District R-1 Director District D,106-72-100,20,"""Tom Griggs""","""Tom Griggs""",YES,uploaded,"",2025-11-18 11:29:51.078987,45826,
Larimer,Poudre School District R-1 Director District D,106-76-42,12,"","",YES,uploaded,"",2025-11-18 11:31:52.554675,48789,
Larimer,Poudre School District R-1 Director District D,109-103-59,12,"""Coronda Ziegler""","""Coronda Ziegler""",YES,uploaded,"",2025-11-18 13:51:36.861947,85164,
Larimer,Poudre School District R-1 Director District D,109-112-33,16,"""Tom Griggs""","""Tom Griggs""",YES,uploaded,"",2025-11-18 11:34:55.310853,92345,
Larimer,Poudre School District R-1 Director District D,109-1-21,21,"","",YES,uploaded,"",2025-11-18 11:18:04.110614,6236,
Larimer,Poudre School District R-1 Director District D,109-148-84,16,"""Coronda Ziegler""","""Coronda Ziegler""",YES,uploaded,"",2025-11-18 13:37:05.346931,123901,
Larimer,Poudre School District R-1 Director District D,109-172-61,12,"""Tom Griggs""","""Tom Griggs""",YES,uploaded,"",2025-11-18 13:55:17.298907,144758,
Larimer,Poudre School District R-1 Director District D,109-181-58,20,"""Coronda Ziegler""","""Coronda Ziegler""",YES,uploaded,"",2025-11-18 11:46:41.784489,153878,
Larimer,Poudre School District R-1 Director District D,109-186-20,16,"","",YES,uploaded,"",2025-11-18 13:45:51.446333,158062,
Larimer,Poudre School District R-1 Director District D,109-199-73,18,"""Tom Griggs""","""Tom Griggs""",YES,uploaded,"",2025-11-18 11:55:03.660755,169954,
Larimer,Poudre School District R-1 Director District D,109-205-2,20,"""Tom Griggs""","""Tom Griggs""",YES,uploaded,"",2025-11-18 12:06:27.748101,176816,
Larimer,Poudre School District R-1 Director District D,109-217-55,21,"""Tom Griggs""","""Tom Griggs""",YES,uploaded,"",2025-11-18 12:04:30.966439,189818,
Larimer,Poudre School District R-1 Director District D,110-107-73,16,"""Coronda Ziegler""","""Coronda Ziegler""",YES,uploaded,"",2025-11-18 11:37:56.615636,90797,
Larimer,Poudre School District R-1 Director District D,110-123-15,20,"""Coronda Ziegler""","""Coronda Ziegler""",YES,uploaded,"",2025-11-18 12:08:23.665516,104210,
Larimer,Poudre School District R-1 Director District D,110-127-72,20,"""Coronda Ziegler""","""Coronda Ziegler""",YES,uploaded,"",2025-11-18 12:04:06.054158,107596,
Larimer,Poudre School District R-1 Director District D,110-186-72,16,"""Coronda Ziegler""","""Coronda Ziegler""",YES,uploaded,"",2025-11-18 13:52:59.741163,160976,
Larimer,Poudre School District R-1 Director District D,110-199-40,21,"""Coronda Ziegler""","""Coronda Ziegler""",YES,uploaded,"",2025-11-18 12:00:50.131587,173907,
Larimer,Poudre School District R-1 Director District D,110-199-56,21,"""Coronda Ziegler""","""Coronda Ziegler""",YES,uploaded,"",2025-11-18 12:02:01.132364,173951,
Larimer,Poudre School District R-1 Director District D,110-68-43,21,"""Coronda Ziegler""","""Coronda Ziegler""",YES,uploaded,"",2025-11-18 11:51:51.646272,59974,
Larimer,Poudre School District R-1 Director District D,110-76-73,12,"""Coronda Ziegler""","""Coronda Ziegler""",YES,uploaded,"",2025-11-18 12:04:49.408925,67367,
Larimer,Poudre School District R-1 Director District D,110-8-77,19,"""Tom Griggs""","""Tom Griggs""",YES,uploaded,"",2025-11-18 11:31:49.541583,7271,
Larimer,Poudre School District R-1 Director District D,110-88-55,20,"""Coronda Ziegler""","""Coronda Ziegler""",YES,uploaded,"",2025-11-18 13:38:22.806134,73541,
Larimer,Poudre School District R-1 Director District D,110-90-72,18,"""Coronda Ziegler""","""Coronda Ziegler""",YES,uploaded,"",2025-11-18 13:36:30.240764,74464,
Larimer,Poudre School District R-1 Director District D,110-96-85,20,"","",YES,uploaded,"",2025-11-18 13:55:42.918077,80586,
Larimer,Poudre School District R-1 Director District D,111-115-46,20,"""Tom Griggs""","""Tom Griggs""",YES,uploaded,"",2025-11-18 11:49:33.035706,92256,
Larimer,Poudre School District R-1 Director District D,111-145-20,12,"""Tom Griggs""","""Tom Griggs""",YES,uploaded,"",2025-11-18 12:11:30.306534,114332,
Larimer,Poudre School District R-1 Director District D,111-162-51,16,"","",YES,uploaded,"",2025-11-18 13:44:27.530916,124310,
Larimer,Poudre School District R-1 Director District D,111-169-31,15,"""Tom Griggs""","""Tom Griggs""",YES,uploaded,"",2025-11-18 13:54:50.391238,130072,
Larimer,Poudre School District R-1 Director District D,111-170-81,12,"""Tom Griggs""","""Tom Griggs""",YES,uploaded,"",2025-11-18 14:00:52.561443,130697,
Larimer,Poudre School District R-1 Director District D,111-172-64,21,"","",YES,uploaded,"",2025-11-18 11:46:11.073425,132184,
Larimer,Poudre School District R-1 Director District D,111-181-71,12,"""Coronda Ziegler""","""Coronda Ziegler""",YES,uploaded,"",2025-11-18 11:42:56.035116,137619,
Larimer,Poudre School District R-1 Director District D,111-189-31,19,"""Tom Griggs""","""Tom Griggs""",YES,uploaded,"",2025-11-18 11:42:58.48463,143724,
Larimer,Poudre School District R-1 Director District D,111-198-7,16,"""Tom Griggs""","""Tom Griggs""",YES,uploaded,"",2025-11-18 12:23:18.897755,149296,
Larimer,Poudre School District R-1 Director District D,111-213-37,16,"""Tom Griggs""","""Tom Griggs""",YES,uploaded,"",2025-11-18 13:35:25.968492,160581,
Larimer,Poudre School District R-1 Director District D,111-213-82,16,"""Coronda Ziegler""","""Coronda Ziegler""",YES,uploaded,"",2025-11-18 13:37:25.19583,160611,
Larimer,Poudre School District R-1 Director District D,111-215-76,16,"""Coronda Ziegler""","""Coronda Ziegler""",YES,uploaded,"",2025-11-18 13:58:31.638539,162546,
Larimer,Poudre School District R-1 Director District D,111-218-96,18,"""Coronda Ziegler""","""Coronda Ziegler""",YES,uploaded,"",2025-11-18 13:55:37.055425,164154,
Larimer,Poudre School District R-1 Director District D,111-220-14,16,"""Coronda Ziegler""","""Coronda Ziegler""",YES,uploaded,"",2025-11-18 14:00:19.698588,165411,
Larimer,Poudre School District R-1 Director District D,111-220-86,18,"""Coronda Ziegler""","""Coronda Ziegler""",YES,uploaded,"",2025-11-18 14:02:11.503787,165446,
Larimer,Poudre School District R-1 Director District D,111-231-27,18,"""Coronda Ziegler""","""Coronda Ziegler""",YES,uploaded,"",2025-11-18 12:17:37.710607,173534,
Larimer,Poudre School District R-1 Director District D,111-231-65,18,"""Coronda Ziegler""","""Coronda Ziegler""",YES,uploaded,"",2025-11-18 12:19:09.732611,173509,
Larimer,Poudre School District R-1 Director District D,111-235-33,16,"","",YES,uploaded,"",2025-11-18 12:10:00.387116,176216,
Larimer,Poudre School District R-1 Director District D,111-242-39,20,"""Tom Griggs""","""Tom Griggs""",YES,uploaded,"",2025-11-18 12:12:11.959536,180678,
Larimer,Poudre School District R-1 Director District D,111-251-8,15,"","",YES,uploaded,"",2025-11-18 12:08:12.90756,185533,
Larimer,Poudre School District R-1 Director District D,111-257-40,16,"""Tom Griggs""","""Tom Griggs""",YES,uploaded,"",2025-11-18 13:37:14.410133,190854,
Larimer,Poudre School District R-1 Director District D,111-38-38,19,"""Coronda Ziegler""","""Coronda Ziegler""",YES,uploaded,"",2025-11-18 12:12:34.877283,30777,
Larimer,Poudre School District R-1 Director District D,111-61-37,12,"""Coronda Ziegler""","""Coronda Ziegler""",YES,uploaded,"",2025-11-18 11:43:27.156618,56241,
Larimer,Poudre School District R-1 Director District D,111-98-68,19,"""Tom Griggs""","""Tom Griggs""",YES,uploaded,"",2025-11-18 14:00:42.32167,78925,
Larimer,Poudre School District R-1 Director District D,112-106-11,16,"""Coronda Ziegler""","""Coronda Ziegler""",YES,uploaded,"",2025-11-18 13:40:38.140353,74956,
Larimer,Poudre School District R-1 Director District D,112-112-14,19,"""Coronda Ziegler""","""Coronda Ziegler""",YES,uploaded,"",2025-11-18 14:02:37.389604,79359,
Larimer,Poudre School District R-1 Director District D,112-194-62,16,"","",YES,uploaded,"",2025-11-18 11:37:24.279948,136664,
Larimer,Poudre School District R-1 Director District D,112-200-6,18,"""Coronda Ziegler""","""Coronda Ziegler""",YES,uploaded,"",2025-11-18 11:31:18.804,140372,
Larimer,Poudre School District R-1 Director District D,112-249-10,18,"","",YES,uploaded,"",2025-11-18 12:03:29.959771,177952,
Larimer,Poudre School District R-1 Director District D,112-251-10,16,"""Coronda Ziegler""","""Coronda Ziegler""",YES,uploaded,"",2025-11-18 12:13:55.246965,180188,
Larimer,Poudre School District R-1 Director District E,102-2-17,15,"","",YES,uploaded,"",2025-11-18 11:00:09.159372,2987,
Larimer,Poudre School District R-1 Director District E,102-2-48,15,"""Andrew E Spain""","""Andrew E Spain""",YES,uploaded,"",2025-11-18 11:03:15.733873,2995,
Larimer,Poudre School District R-1 Director District E,103-110-89,16,"""Andrew E Spain""","""Andrew E Spain""",YES,uploaded,"",2025-11-18 12:20:12.877775,102083,
Larimer,Poudre School District R-1 Director District E,103-122-51,12,"""Andrew E Spain""","""Andrew E Spain""",YES,uploaded,"",2025-11-18 12:13:18.373323,114185,
Larimer,Poudre School District R-1 Director District E,103-143-9,17,"""Andrew E Spain""","""Andrew E Spain""",YES,uploaded,"",2025-11-18 11:44:20.01184,132751,
Larimer,Poudre School District R-1 Director District E,103-157-3,16,"""Andrew E Spain""","""Andrew E Spain""",YES,uploaded,"",2025-11-18 13:49:21.420971,147156,
Larimer,Poudre School District R-1 Director District E,103-168-15,12,"","",YES,uploaded,"",2025-11-18 12:09:06.32382,157271,
Larimer,Poudre School District R-1 Director District E,103-177-21,16,"","",YES,uploaded,"",2025-11-18 14:03:54.315005,167604,
Larimer,Poudre School District R-1 Director District E,103-194-11,16,"""Andrew E Spain""","""Andrew E Spain""",YES,uploaded,"",2025-11-18 13:44:35.726891,183953,
Larimer,Poudre School District R-1 Director District E,103-32-33,16,"""Andrew E Spain""","""Andrew E Spain""",YES,uploaded,"",2025-11-18 12:15:29.540345,30618,
Larimer,Poudre School District R-1 Director District E,103-39-61,19,"","",YES,uploaded,"",2025-11-18 13:46:35.504108,36368,
Larimer,Poudre School District R-1 Director District E,103-48-23,20,"""Andrew E Spain""","""Andrew E Spain""",YES,uploaded,"",2025-11-18 14:13:49.940184,44917,
Larimer,Poudre School District R-1 Director District E,103-60-71,18,"""Andrew E Spain""","""Andrew E Spain""",YES,uploaded,"",2025-11-18 11:56:30.910407,53406,
Larimer,Poudre School District R-1 Director District E,103-7-31,20,"""Andrew E Spain""","""Andrew E Spain""",YES,uploaded,"",2025-11-18 11:22:41.131493,7655,
Larimer,Poudre School District R-1 Director District E,103-86-46,16,"","",YES,uploaded,"",2025-11-18 12:16:15.916389,76855,
Larimer,Poudre School District R-1 Director District E,103-86-54,16,"","",YES,uploaded,"",2025-11-18 12:17:38.802623,76811,
Larimer,Poudre School District R-1 Director District E,103-88-54,16,"""Andrew E Spain""","""Andrew E Spain""",YES,uploaded,"",2025-11-18 13:58:44.762977,79008,
Larimer,Poudre School District R-1 Director District E,104-102-57,19,"""Andrew E Spain""","""Andrew E Spain""",YES,uploaded,"",2025-11-18 13:47:11.726897,80005,
Larimer,Poudre School District R-1 Director District E,104-105-80,12,"""Andrew E Spain""","""Andrew E Spain""",YES,uploaded,"",2025-11-18 13:56:39.569886,82191,
Larimer,Poudre School District R-1 Director District E,104-140-31,19,"","",YES,uploaded,"",2025-11-18 12:06:12.770766,112364,
Larimer,Poudre School District R-1 Director District E,104-155-33,18,"""Andrew E Spain""","""Andrew E Spain""",YES,uploaded,"",2025-11-18 13:42:49.596567,126430,
Larimer,Poudre School District R-1 Director District E,104-160-67,21,"""Andrew E Spain""","""Andrew E Spain""",YES,uploaded,"",2025-11-18 13:53:49.656293,129391,
Larimer,Poudre School District R-1 Director District E,104-218-15,20,"""Andrew E Spain""","""Andrew E Spain""",YES,uploaded,"",2025-11-18 11:59:07.897394,183814,
Larimer,Poudre School District R-1 Director District E,104-220-55,20,"""Andrew E Spain""","""Andrew E Spain""",YES,uploaded,"",2025-11-18 12:01:41.787102,185220,
Larimer,Poudre School District R-1 Director District E,104-70-9,16,"""Andrew E Spain""","""Andrew E Spain""",YES,uploaded,"",2025-11-18 11:41:58.961125,58259,
Larimer,Poudre School District R-1 Director District E,105-137-29,15,"""Andrew E Spain""","""Andrew E Spain""",YES,uploaded,"",2025-11-18 11:39:39.870833,88794,
Larimer,Poudre School District R-1 Director District E,105-146-62,21,"","",YES,uploaded,"",2025-11-18 11:57:00.603286,95319,
Larimer,Poudre School District R-1 Director District E,105-16-21,18,"""Andrew E Spain""","""Andrew E Spain""",YES,uploaded,"",2025-11-18 11:39:38.123326,11343,
Larimer,Poudre School District R-1 Director District E,105-16-24,19,"","",YES,uploaded,"",2025-11-18 11:42:50.94469,11357,
Larimer,Poudre School District R-1 Director District E,105-210-5,18,"""Andrew E Spain""","""Andrew E Spain""",YES,uploaded,"",2025-11-18 12:15:41.287739,143215,
Larimer,Poudre School District R-1 Director District E,105-230-1,16,"""Andrew E Spain""","""Andrew E Spain""",YES,uploaded,"",2025-11-18 13:35:56.104199,155300,
Larimer,Poudre School District R-1 Director District E,105-23-20,15,"","",YES,uploaded,"",2025-11-18 11:33:44.142935,15916,
Larimer,Poudre School District R-1 Director District E,105-245-7,16,"","",YES,uploaded,"",2025-11-18 11:39:21.65738,164567,
Larimer,Poudre School District R-1 Director District E,105-254-69,16,"","",YES,uploaded,"",2025-11-18 11:49:32.350908,170019,
Larimer,Poudre School District R-1 Director District E,105-275-61,12,"""Andrew E Spain""","""Andrew E Spain""",YES,uploaded,"",2025-11-18 13:54:23.826513,184804,
Larimer,Poudre School District R-1 Director District E,105-284-78,19,"""Andrew E Spain""","""Andrew E Spain""",YES,uploaded,"",2025-11-18 13:46:05.935866,190426,
Larimer,Poudre School District R-1 Director District E,105-287-8,12,"""Andrew E Spain""","""Andrew E Spain""",YES,uploaded,"",2025-11-18 13:39:35.071387,191899,
Larimer,Poudre School District R-1 Director District E,105-291-42,12,"""Andrew E Spain""","""Andrew E Spain""",YES,uploaded,"",2025-11-18 13:40:35.107694,193829,
Larimer,Poudre School District R-1 Director District E,105-36-72,16,"""Andrew E Spain""","""Andrew E Spain""",YES,uploaded,"",2025-11-18 11:54:50.827329,23949,
Larimer,Poudre School District R-1 Director District E,105-38-31,20,"""Andrew E Spain""","""Andrew E Spain""",YES,uploaded,"",2025-11-18 12:04:20.482163,25491,
Larimer,Poudre School District R-1 Director District E,105-53-53,20,"""Andrew E Spain""","""Andrew E Spain""",YES,uploaded,"",2025-11-18 13:40:16.459057,35852,
Larimer,Poudre School District R-1 Director District E,105-55-2,19,"""Andrew E Spain""","""Andrew E Spain""",YES,uploaded,"",2025-11-18 14:04:25.409168,36830,
Larimer,Poudre School District R-1 Director District E,106-136-9,12,"","",YES,uploaded,"",2025-11-18 13:42:54.788345,86641,
Larimer,Poudre School District R-1 Director District E,106-201-96,16,"""Andrew E Spain""","""Andrew E Spain""",YES,uploaded,"",2025-11-18 13:46:23.403703,125833,
Larimer,Poudre School District R-1 Director District E,106-232-1,18,"""Andrew E Spain""","""Andrew E Spain""",YES,uploaded,"",2025-11-18 13:44:08.710745,147058,
Larimer,Poudre School District R-1 Director District E,106-272-73,18,"","",YES,uploaded,"",2025-11-18 12:19:46.911461,169386,
Larimer,Poudre School District R-1 Director District E,106-298-33,12,"","",YES,uploaded,"",2025-11-18 12:07:00.267814,187402,
Larimer,Poudre School District R-1 Director District E,106-303-31,20,"""Andrew E Spain""","""Andrew E Spain""",YES,uploaded,"",2025-11-18 13:49:52.216595,190743,
Larimer,Poudre School District R-1 Director District E,106-51-54,19,"""Andrew E Spain""","""Andrew E Spain""",YES,uploaded,"",2025-11-18 13:53:34.09718,34711,
Larimer,Poudre School District R-1 Director District E,106-53-41,20,"""Andrew E Spain""","""Andrew E Spain""",YES,uploaded,"",2025-11-18 13:43:24.409544,35933,
Larimer,Poudre School District R-1 Director District E,106-55-16,16,"","",YES,uploaded,"",2025-11-18 13:57:34.084121,36897,
Larimer,Poudre School District R-1 Director District E,106-72-100,20,"""Andrew E Spain""","""Andrew E Spain""",YES,uploaded,"",2025-11-18 11:29:51.078987,45826,
Larimer,Poudre School District R-1 Director District E,106-76-42,12,"","",YES,uploaded,"",2025-11-18 11:31:52.554675,48789,
Larimer,Poudre School District R-1 Director District E,109-103-59,12,"""Andrew E Spain""","""Andrew E Spain""",YES,uploaded,"",2025-11-18 13:51:36.861947,85164,
Larimer,Poudre School District R-1 Director District E,109-112-33,16,"""Andrew E Spain""","""Andrew E Spain""",YES,uploaded,"",2025-11-18 11:34:55.310853,92345,
Larimer,Poudre School District R-1 Director District E,109-1-21,21,"","",YES,uploaded,"",2025-11-18 11:18:04.110614,6236,
Larimer,Poudre School District R-1 Director District E,109-148-84,16,"","",YES,uploaded,"",2025-11-18 13:37:05.346931,123901,
Larimer,Poudre School District R-1 Director District E,109-172-61,12,"""Andrew E Spain""","""Andrew E Spain""",YES,uploaded,"",2025-11-18 13:55:17.298907,144758,
Larimer,Poudre School District R-1 Director District E,109-181-58,20,"","",YES,uploaded,"",2025-11-18 11:46:41.784489,153878,
Larimer,Poudre School District R-1 Director District E,109-186-20,16,"","",YES,uploaded,"",2025-11-18 13:45:51.446333,158062,
Larimer,Poudre School District R-1 Director District E,109-199-73,18,"","",YES,uploaded,"",2025-11-18 11:55:03.660755,169954,
Larimer,Poudre School District R-1 Director District E,109-205-2,20,"","",YES,uploaded,"",2025-11-18 12:06:27.748101,176816,
Larimer,Poudre School District R-1 Director District E,109-217-55,21,"","",YES,uploaded,"",2025-11-18 12:04:30.966439,189818,
Larimer,Poudre School District R-1 Director District E,110-107-73,16,"""Andrew E Spain""","""Andrew E Spain""",YES,uploaded,"",2025-11-18 11:37:56.615636,90797,
Larimer,Poudre School District R-1 Director District E,110-123-15,20,"""Andrew E Spain""","""Andrew E Spain""",YES,uploaded,"",2025-11-18 12:08:23.665516,104210,
Larimer,Poudre School District R-1 Director District E,110-127-72,20,"""Andrew E Spain""","""Andrew E Spain""",YES,uploaded,"",2025-11-18 12:04:06.054158,107596,
Larimer,Poudre School District R-1 Director District E,110-186-72,16,"""Andrew E Spain""","""Andrew E Spain""",YES,uploaded,"",2025-11-18 13:52:59.741163,160976,
Larimer,Poudre School District R-1 Director District E,110-199-40,21,"","",YES,uploaded,"",2025-11-18 12:00:50.131587,173907,
Larimer,Poudre School District R-1 Director District E,110-199-56,21,"""Andrew E Spain""","""Andrew E Spain""",YES,uploaded,"",2025-11-18 12:02:01.132364,173951,
Larimer,Poudre School District R-1 Director District E,110-68-43,21,"""Andrew E Spain""","""Andrew E Spain""",YES,uploaded,"",2025-11-18 11:51:51.646272,59974,
Larimer,Poudre School District R-1 Director District E,110-76-73,12,"","",YES,uploaded,"",2025-11-18 12:04:49.408925,67367,
Larimer,Poudre School District R-1 Director District E,110-8-77,19,"""Andrew E Spain""","""Andrew E Spain""",YES,uploaded,"",2025-11-18 11:31:49.541583,7271,
Larimer,Poudre School District R-1 Director District E,110-88-55,20,"","",YES,uploaded,"",2025-11-18 13:38:22.806134,73541,
Larimer,Poudre School District R-1 Director District E,110-90-72,18,"""Andrew E Spain""","""Andrew E Spain""",YES,uploaded,"",2025-11-18 13:36:30.240764,74464,
Larimer,Poudre School District R-1 Director District E,110-96-85,20,"","",YES,uploaded,"",2025-11-18 13:55:42.918077,80586,
Larimer,Poudre School District R-1 Director District E,111-115-46,20,"""Andrew E Spain""","""Andrew E Spain""",YES,uploaded,"",2025-11-18 11:49:33.035706,92256,
Larimer,Poudre School District R-1 Director District E,111-145-20,12,"""Andrew E Spain""","""Andrew E Spain""",YES,uploaded,"",2025-11-18 12:11:30.306534,114332,
Larimer,Poudre School District R-1 Director District E,111-162-51,16,"","",YES,uploaded,"",2025-11-18 13:44:27.530916,124310,
Larimer,Poudre School District R-1 Director District E,111-169-31,15,"""Andrew E Spain""","""Andrew E Spain""",YES,uploaded,"",2025-11-18 13:54:50.391238,130072,
Larimer,Poudre School District R-1 Director District E,111-170-81,12,"""Andrew E Spain""","""Andrew E Spain""",YES,uploaded,"",2025-11-18 14:00:52.561443,130697,
Larimer,Poudre School District R-1 Director District E,111-172-64,21,"","",YES,uploaded,"",2025-11-18 11:46:11.073425,132184,
Larimer,Poudre School District R-1 Director District E,111-181-71,12,"","",YES,uploaded,"",2025-11-18 11:42:56.035116,137619,
Larimer,Poudre School District R-1 Director District E,111-189-31,19,"","",YES,uploaded,"",2025-11-18 11:42:58.48463,143724,
Larimer,Poudre School District R-1 Director District E,111-198-7,16,"","",YES,uploaded,"",2025-11-18 12:23:18.897755,149296,
Larimer,Poudre School District R-1 Director District E,111-213-37,16,"""Andrew E Spain""","""Andrew E Spain""",YES,uploaded,"",2025-11-18 13:35:25.968492,160581,
Larimer,Poudre School District R-1 Director District E,111-213-82,16,"","",YES,uploaded,"",2025-11-18 13:37:25.19583,160611,
Larimer,Poudre School District R-1 Director District E,111-215-76,16,"""Andrew E Spain""","""Andrew E Spain""",YES,uploaded,"",2025-11-18 13:58:31.638539,162546,
Larimer,Poudre School District R-1 Director District E,111-218-96,18,"""Andrew E Spain""","""Andrew E Spain""",YES,uploaded,"",2025-11-18 13:55:37.055425,164154,
Larimer,Poudre School District R-1 Director District E,111-220-14,16,"""Andrew E Spain""","""Andrew E Spain""",YES,uploaded,"",2025-11-18 14:00:19.698588,165411,
Larimer,Poudre School District R-1 Director District E,111-220-86,18,"""Andrew E Spain""","""Andrew E Spain""",YES,uploaded,"",2025-11-18 14:02:11.503787,165446,
Larimer,Poudre School District R-1 Director District E,111-231-27,18,"""Andrew E Spain""","""Andrew E Spain""",YES,uploaded,"",2025-11-18 12:17:37.710607,173534,
Larimer,Poudre School District R-1 Director District E,111-231-65,18,"""Andrew E Spain""","""Andrew E Spain""",YES,uploaded,"",2025-11-18 12:19:09.732611,173509,
Larimer,Poudre School District R-1 Director District E,111-235-33,16,"","",YES,uploaded,"",2025-11-18 12:10:00.387116,176216,
Larimer,Poudre School District R-1 Director District E,111-242-39,20,"""Andrew E Spain""","""Andrew E Spain""",YES,uploaded,"",2025-11-18 12:12:11.959536,180678,
Larimer,Poudre School District R-1 Director District E,111-251-8,15,"","",YES,uploaded,"",2025-11-18 12:08:12.90756,185533,
Larimer,Poudre School District R-1 Director District E,111-257-40,16,"","",YES,uploaded,"",2025-11-18 13:37:14.410133,190854,
Larimer,Poudre School District R-1 Director District E,111-38-38,19,"""Andrew E Spain""","""Andrew E Spain""",YES,uploaded,"",2025-11-18 12:12:34.877283,30777,
Larimer,Poudre School District R-1 Director District E,111-61-37,12,"""Andrew E Spain""","""Andrew E Spain""",YES,uploaded,"",2025-11-18 11:43:27.156618,56241,
Larimer,Poudre School District R-1 Director District E,111-98-68,19,"""Andrew E Spain""","""Andrew E Spain""",YES,uploaded,"",2025-11-18 14:00:42.32167,78925,
Larimer,Poudre School District R-1 Director District E,112-106-11,16,"""Andrew E Spain""","""Andrew E Spain""",YES,uploaded,"",2025-11-18 13:40:38.140353,74956,
Larimer,Poudre School District R-1 Director District E,112-112-14,19,"","",YES,uploaded,"",2025-11-18 14:02:37.389604,79359,
Larimer,Poudre School District R-1 Director District E,112-194-62,16,"","",YES,uploaded,"",2025-11-18 11:37:24.279948,136664,
Larimer,Poudre School District R-1 Director District E,112-200-6,18,"","",YES,uploaded,"",2025-11-18 11:31:18.804,140372,
Larimer,Poudre School District R-1 Director District E,112-249-10,18,"","",YES,uploaded,"",2025-11-18 12:03:29.959771,177952,
Larimer,Poudre School District R-1 Director District E,112-251-10,16,"""Andrew E Spain""","""Andrew E Spain""",YES,uploaded,"",2025-11-18 12:13:55.246965,180188,
Larimer,Proposition LL (Statutory),102-2-17,15,"""No/Against""","""No/Against""",YES,uploaded,"",2025-11-18 11:00:09.159372,2987,
Larimer,Proposition LL (Statutory),102-2-48,15,"""Yes/For""","""Yes/For""",YES,uploaded,"",2025-11-18 11:03:15.733873,2995,
Larimer,Proposition LL (Statutory),103-110-89,16,"""Yes/For""","""Yes/For""",YES,uploaded,"",2025-11-18 12:20:12.877775,102083,
Larimer,Proposition LL (Statutory),103-122-51,12,"""Yes/For""","""Yes/For""",YES,uploaded,"",2025-11-18 12:13:18.373323,114185,
Larimer,Proposition LL (Statutory),103-143-9,17,"""No/Against""","""No/Against""",YES,uploaded,"",2025-11-18 11:44:20.01184,132751,
Larimer,Proposition LL (Statutory),103-157-3,16,"""Yes/For""","""Yes/For""",YES,uploaded,"",2025-11-18 13:49:21.420971,147156,
Larimer,Proposition LL (Statutory),103-168-15,12,"""Yes/For""","""Yes/For""",YES,uploaded,"",2025-11-18 12:09:06.32382,157271,
Larimer,Proposition LL (Statutory),103-169-36,4,"""Yes/For""","""Yes/For""",YES,uploaded,"",2025-11-18 12:13:27.66095,158345,
Larimer,Proposition LL (Statutory),103-177-21,16,"""Yes/For""","""Yes/For""",YES,uploaded,"",2025-11-18 14:03:54.315005,167604,
Larimer,Proposition LL (Statutory),103-187-83,6,"""Yes/For""","""Yes/For""",YES,uploaded,"",2025-11-18 13:38:51.642198,179151,
Larimer,Proposition LL (Statutory),103-190-74,9,"""Yes/For""","""Yes/For""",YES,uploaded,"",2025-11-18 11:53:30.785191,181896,
Larimer,Proposition LL (Statutory),103-194-11,16,"""Yes/For""","""Yes/For""",YES,uploaded,"",2025-11-18 13:44:35.726891,183953,
Larimer,Proposition LL (Statutory),103-196-34,4,"""Yes/For""","""Yes/For""",YES,uploaded,"",2025-11-18 13:50:49.404244,185700,
Larimer,Proposition LL (Statutory),103-196-79,8,"""No/Against""","""No/Against""",YES,uploaded,"",2025-11-18 13:52:07.725667,185678,
Larimer,Proposition LL (Statutory),103-196-90,9,"""Yes/For""","""Yes/For""",YES,uploaded,"",2025-11-18 13:53:25.737746,185707,
Larimer,Proposition LL (Statutory),103-203-11,4,"""Yes/For""","""Yes/For""",YES,uploaded,"",2025-11-18 13:34:01.876841,192792,
Larimer,Proposition LL (Statutory),103-32-33,16,"""Yes/For""","""Yes/For""",YES,uploaded,"",2025-11-18 12:15:29.540345,30618,
Larimer,Proposition LL (Statutory),103-39-61,19,"""No/Against""","""No/Against""",YES,uploaded,"",2025-11-18 13:46:35.504108,36368,
Larimer,Proposition LL (Statutory),103-48-23,20,"""No/Against""","""No/Against""",YES,uploaded,"",2025-11-18 14:13:49.940184,44917,
Larimer,Proposition LL (Statutory),103-56-18,8,"""Yes/For""","""Yes/For""",YES,uploaded,"",2025-11-18 11:34:00.532674,50849,
Larimer,Proposition LL (Statutory),103-60-71,18,"""Yes/For""","""Yes/For""",YES,uploaded,"",2025-11-18 11:56:30.910407,53406,
Larimer,Proposition LL (Statutory),103-72-63,4,"""No/Against""","""No/Against""",YES,uploaded,"",2025-11-18 12:00:36.587448,66501,
Larimer,Proposition LL (Statutory),103-7-31,20,"""Yes/For""","""Yes/For""",YES,uploaded,"",2025-11-18 11:22:41.131493,7655,
Larimer,Proposition LL (Statutory),103-86-46,16,"""No/Against""","""No/Against""",YES,uploaded,"",2025-11-18 12:16:15.916389,76855,
Larimer,Proposition LL (Statutory),103-86-54,16,"""Yes/For""","""Yes/For""",YES,uploaded,"",2025-11-18 12:17:38.802623,76811,
Larimer,Proposition LL (Statutory),103-88-54,16,"""No/Against""","""No/Against""",YES,uploaded,"",2025-11-18 13:58:44.762977,79008,
Larimer,Proposition LL (Statutory),104-102-57,19,"""Yes/For""","""Yes/For""",YES,uploaded,"",2025-11-18 13:47:11.726897,80005,
Larimer,Proposition LL (Statutory),104-105-80,12,"""Yes/For""","""Yes/For""",YES,uploaded,"",2025-11-18 13:56:39.569886,82191,
Larimer,Proposition LL (Statutory),104-140-31,19,"""No/Against""","""No/Against""",YES,uploaded,"",2025-11-18 12:06:12.770766,112364,
Larimer,Proposition LL (Statutory),104-150-60,9,"""No/Against""","""No/Against""",YES,uploaded,"",2025-11-18 13:52:49.318259,121446,
Larimer,Proposition LL (Statutory),104-155-33,18,"""No/Against""","""No/Against""",YES,uploaded,"",2025-11-18 13:42:49.596567,126430,
Larimer,Proposition LL (Statutory),104-160-67,21,"""Yes/For""","""Yes/For""",YES,uploaded,"",2025-11-18 13:53:49.656293,129391,
Larimer,Proposition LL (Statutory),104-162-51,3,"""Yes/For""","""Yes/For""",YES,uploaded,"",2025-11-18 11:41:45.211149,130980,
Larimer,Proposition LL (Statutory),104-163-51,9,"""Yes/For""","""Yes/For""",YES,uploaded,"",2025-11-18 13:50:06.969805,131663,
Larimer,Proposition LL (Statutory),104-218-15,20,"""Yes/For""","""Yes/For""",YES,uploaded,"",2025-11-18 11:59:07.897394,183814,
Larimer,Proposition LL (Statutory),104-220-55,20,"""Yes/For""","""Yes/For""",YES,uploaded,"",2025-11-18 12:01:41.787102,185220,
Larimer,Proposition LL (Statutory),104-49-73,4,"""No/Against""","""No/Against""",YES,uploaded,"",2025-11-18 11:23:03.444934,41456,
Larimer,Proposition LL (Statutory),104-70-9,16,"""No/Against""","""No/Against""",YES,uploaded,"",2025-11-18 11:41:58.961125,58259,
Larimer,Proposition LL (Statutory),105-137-29,15,"""Yes/For""","""Yes/For""",YES,uploaded,"",2025-11-18 11:39:39.870833,88794,
Larimer,Proposition LL (Statutory),105-146-62,21,"""Yes/For""","""Yes/For""",YES,uploaded,"",2025-11-18 11:57:00.603286,95319,
Larimer,Proposition LL (Statutory),105-16-21,18,"""Yes/For""","""Yes/For""",YES,uploaded,"",2025-11-18 11:39:38.123326,11343,
Larimer,Proposition LL (Statutory),105-16-24,19,"""Yes/For""","""Yes/For""",YES,uploaded,"",2025-11-18 11:42:50.94469,11357,
Larimer,Proposition LL (Statutory),105-178-32,7,"""No/Against""","""No/Against""",YES,uploaded,"",2025-11-18 13:58:21.312002,117197,
Larimer,Proposition LL (Statutory),105-200-86,9,"""Yes/For""","""Yes/For""",YES,uploaded,"",2025-11-18 11:40:40.451876,135831,
Larimer,Proposition LL (Statutory),105-210-5,18,"""No/Against""","""No/Against""",YES,uploaded,"",2025-11-18 12:15:41.287739,143215,
Larimer,Proposition LL (Statutory),105-221-86,8,"","",YES,uploaded,"",2025-11-18 12:11:45.771028,151268,
Larimer,Proposition LL (Statutory),105-230-1,16,"""Yes/For""","""Yes/For""",YES,uploaded,"",2025-11-18 13:35:56.104199,155300,
Larimer,Proposition LL (Statutory),105-23-20,15,"""Yes/For""","""Yes/For""",YES,uploaded,"",2025-11-18 11:33:44.142935,15916,
Larimer,Proposition LL (Statutory),105-234-39,3,"""Yes/For""","""Yes/For""",YES,uploaded,"",2025-11-18 12:14:36.392514,156892,
Larimer,Proposition LL (Statutory),105-235-69,5,"""No/Against""","""No/Against""",YES,uploaded,"",2025-11-18 12:21:33.823615,157884,
Larimer,Proposition LL (Statutory),105-237-51,4,"""Yes/For""","""Yes/For""",YES,uploaded,"",2025-11-18 12:15:42.256518,158618,
Larimer,Proposition LL (Statutory),105-238-51,4,"""No/Against""","""No/Against""",YES,uploaded,"",2025-11-18 12:16:49.878572,159506,
Larimer,Proposition LL (Statutory),105-239-69,4,"""No/Against""","""No/Against""",YES,uploaded,"",2025-11-18 12:05:53.379771,159809,
Larimer,Proposition LL (Statutory),105-245-7,16,"""Yes/For""","""Yes/For""",YES,uploaded,"",2025-11-18 11:39:21.65738,164567,
Larimer,Proposition LL (Statutory),105-254-69,16,"""Yes/For""","""Yes/For""",YES,uploaded,"",2025-11-18 11:49:32.350908,170019,
Larimer,Proposition LL (Statutory),105-267-82,4,"""Yes/For""","""Yes/For""",YES,uploaded,"",2025-11-18 13:39:57.967505,179693,
Larimer,Proposition LL (Statutory),105-275-61,12,"""Yes/For""","""Yes/For""",YES,uploaded,"",2025-11-18 13:54:23.826513,184804,
Larimer,Proposition LL (Statutory),105-284-78,19,"""No/Against""","""No/Against""",YES,uploaded,"",2025-11-18 13:46:05.935866,190426,
Larimer,Proposition LL (Statutory),105-287-8,12,"""Yes/For""","""Yes/For""",YES,uploaded,"",2025-11-18 13:39:35.071387,191899,
Larimer,Proposition LL (Statutory),105-291-42,12,"""Yes/For""","""Yes/For""",YES,uploaded,"",2025-11-18 13:40:35.107694,193829,
Larimer,Proposition LL (Statutory),105-34-21,4,"""No/Against""","""No/Against""",YES,uploaded,"",2025-11-18 11:52:01.1061,22374,
Larimer,Proposition LL (Statutory),105-36-72,16,"""Yes/For""","""Yes/For""",YES,uploaded,"",2025-11-18 11:54:50.827329,23949,
Larimer,Proposition LL (Statutory),105-38-31,20,"","""Yes/For"",""No/Against""",YES,uploaded,"",2025-11-18 12:04:20.482163,25491,
Larimer,Proposition LL (Statutory),105-46-61,3,"""Yes/For""","""Yes/For""",YES,uploaded,"",2025-11-18 13:32:02.623401,32169,
Larimer,Proposition LL (Statutory),105-4-82,1,"""Yes/For""","""Yes/For""",YES,uploaded,"",2025-11-18 11:23:48.469337,5612,
Larimer,Proposition LL (Statutory),105-53-53,20,"""Yes/For""","""Yes/For""",YES,uploaded,"",2025-11-18 13:40:16.459057,35852,
Larimer,Proposition LL (Statutory),105-55-2,19,"""Yes/For""","""Yes/For""",YES,uploaded,"",2025-11-18 14:04:25.409168,36830,
Larimer,Proposition LL (Statutory),105-61-96,4,"""No/Against""","""No/Against""",YES,uploaded,"",2025-11-18 13:59:24.797141,39970,
Larimer,Proposition LL (Statutory),105-62-54,6,"""Yes/For""","""Yes/For""",YES,uploaded,"",2025-11-18 13:50:22.105396,40553,
Larimer,Proposition LL (Statutory),105-65-86,8,"""Yes/For""","""Yes/For""",YES,uploaded,"",2025-11-18 14:06:35.73666,41782,
Larimer,Proposition LL (Statutory),106-102-50,4,"","",YES,uploaded,"",2025-11-18 12:03:46.008212,66599,
Larimer,Proposition LL (Statutory),106-135-57,8,"""Yes/For""","""Yes/For""",YES,uploaded,"",2025-11-18 13:48:37.267509,86107,
Larimer,Proposition LL (Statutory),106-136-9,12,"""No/Against""","""No/Against""",YES,uploaded,"",2025-11-18 13:42:54.788345,86641,
Larimer,Proposition LL (Statutory),106-137-13,4,"""No/Against""","""No/Against""",YES,uploaded,"",2025-11-18 11:42:56.699664,87455,
Larimer,Proposition LL (Statutory),106-156-37,4,"""No/Against""","""No/Against""",YES,uploaded,"",2025-11-18 11:58:31.616758,99462,
Larimer,Proposition LL (Statutory),106-170-39,9,"""No/Against""","""No/Against""",YES,uploaded,"",2025-11-18 11:50:57.717288,105060,
Larimer,Proposition LL (Statutory),106-180-66,5,"""Yes/For""","""Yes/For""",YES,uploaded,"",2025-11-18 12:17:18.091237,111704,
Larimer,Proposition LL (Statutory),106-201-96,16,"""Yes/For""","""Yes/For""",YES,uploaded,"",2025-11-18 13:46:23.403703,125833,
Larimer,Proposition LL (Statutory),106-220-40,9,"""No/Against""","""No/Against""",YES,uploaded,"",2025-11-18 11:27:36.743789,138419,
Larimer,Proposition LL (Statutory),106-232-1,18,"""Yes/For""","""Yes/For""",YES,uploaded,"",2025-11-18 13:44:08.710745,147058,
Larimer,Proposition LL (Statutory),106-25-57,4,"""Yes/For""","""Yes/For""",YES,uploaded,"",2025-11-18 11:44:38.940653,18780,
Larimer,Proposition LL (Statutory),106-272-73,18,"""No/Against""","""No/Against""",YES,uploaded,"",2025-11-18 12:19:46.911461,169386,
Larimer,Proposition LL (Statutory),106-288-75,7,"""Yes/For""","""Yes/For""",YES,uploaded,"",2025-11-18 11:58:29.082959,178928,
Larimer,Proposition LL (Statutory),106-29-79,3,"""No/Against""","""No/Against""",YES,uploaded,"",2025-11-18 11:45:50.558782,21326,
Larimer,Proposition LL (Statutory),106-298-33,12,"""No/Against""","""No/Against""",YES,uploaded,"",2025-11-18 12:07:00.267814,187402,
Larimer,Proposition LL (Statutory),106-303-31,20,"""Yes/For""","""Yes/For""",YES,uploaded,"",2025-11-18 13:49:52.216595,190743,
Larimer,Proposition LL (Statutory),106-31-36,3,"""Yes/For""","""Yes/For""",YES,uploaded,"",2025-11-18 12:05:42.007552,22253,
Larimer,Proposition LL (Statutory),106-4-55,4,"""Yes/For""","""Yes/For""",YES,uploaded,"",2025-11-18 11:14:02.600167,5029,
Larimer,Proposition LL (Statutory),106-51-54,19,"""Yes/For""","""Yes/For""",YES,uploaded,"",2025-11-18 13:53:34.09718,34711,
Larimer,Proposition LL (Statutory),106-53-41,20,"""Yes/For""","""Yes/For""",YES,uploaded,"",2025-11-18 13:43:24.409544,35933,
Larimer,Proposition LL (Statutory),106-5-36,4,"""No/Against""","""No/Against""",YES,uploaded,"",2025-11-18 11:16:13.230977,5359,
Larimer,Proposition LL (Statutory),106-55-16,16,"""No/Against""","""No/Against""",YES,uploaded,"",2025-11-18 13:57:34.084121,36897,
Larimer,Proposition LL (Statutory),106-65-93,4,"""No/Against""","""No/Against""",YES,uploaded,"",2025-11-18 14:01:08.102493,42684,
Larimer,Proposition LL (Statutory),106-72-100,20,"""Yes/For""","""Yes/For""",YES,uploaded,"",2025-11-18 11:29:51.078987,45826,
Larimer,Proposition LL (Statutory),106-76-42,12,"""No/Against""","""No/Against""",YES,uploaded,"",2025-11-18 11:31:52.554675,48789,
Larimer,Proposition LL (Statutory),106-8-36,1,"""Yes/For""","""Yes/For""",YES,uploaded,"",2025-11-18 11:26:43.558534,7084,
Larimer,Proposition LL (Statutory),109-103-59,12,"""Yes/For""","""Yes/For""",YES,uploaded,"",2025-11-18 13:51:36.861947,85164,
Larimer,Proposition LL (Statutory),109-112-33,16,"""Yes/For""","""Yes/For""",YES,uploaded,"",2025-11-18 11:34:55.310853,92345,
Larimer,Proposition LL (Statutory),109-1-21,21,"""No/Against""","""No/Against""",YES,uploaded,"",2025-11-18 11:18:04.110614,6236,
Larimer,Proposition LL (Statutory),109-14-1,3,"""No/Against""","""No/Against""",YES,uploaded,"",2025-11-18 11:35:03.94467,15449,
Larimer,Proposition LL (Statutory),109-148-84,16,"""Yes/For""","""Yes/For""",YES,uploaded,"",2025-11-18 13:37:05.346931,123901,
Larimer,Proposition LL (Statutory),109-156-38,9,"""Yes/For""","""Yes/For""",YES,uploaded,"",2025-11-18 13:59:56.14897,131487,
Larimer,Proposition LL (Statutory),109-172-61,12,"""Yes/For""","""Yes/For""",YES,uploaded,"",2025-11-18 13:55:17.298907,144758,
Larimer,Proposition LL (Statutory),109-174-50,3,"""No/Against""","""No/Against""",YES,uploaded,"",2025-11-18 13:56:10.328483,146810,
Larimer,Proposition LL (Statutory),109-181-58,20,"""Yes/For""","""Yes/For""",YES,uploaded,"",2025-11-18 11:46:41.784489,153878,
Larimer,Proposition LL (Statutory),109-186-20,16,"""Yes/For""","""Yes/For""",YES,uploaded,"",2025-11-18 13:45:51.446333,158062,
Larimer,Proposition LL (Statutory),109-199-73,18,"""Yes/For""","""Yes/For""",YES,uploaded,"",2025-11-18 11:55:03.660755,169954,
Larimer,Proposition LL (Statutory),109-205-2,20,"""No/Against""","""No/Against""",YES,uploaded,"",2025-11-18 12:06:27.748101,176816,
Larimer,Proposition LL (Statutory),109-217-55,21,"""No/Against""","""No/Against""",YES,uploaded,"",2025-11-18 12:04:30.966439,189818,
Larimer,Proposition LL (Statutory),109-221-81,8,"""Yes/For""","""Yes/For""",YES,uploaded,"",2025-11-18 13:41:53.556639,193250,
Larimer,Proposition LL (Statutory),109-86-26,8,"""Yes/For""","""Yes/For""",YES,uploaded,"",2025-11-18 12:08:45.471186,70237,
Larimer,Proposition LL (Statutory),110-107-73,16,"""Yes/For""","""Yes/For""",YES,uploaded,"",2025-11-18 11:37:56.615636,90797,
Larimer,Proposition LL (Statutory),110-123-15,20,"""Yes/For""","""Yes/For""",YES,uploaded,"",2025-11-18 12:08:23.665516,104210,
Larimer,Proposition LL (Statutory),110-127-72,20,"""Yes/For""","""Yes/For""",YES,uploaded,"",2025-11-18 12:04:06.054158,107596,
Larimer,Proposition LL (Statutory),110-186-72,16,"""Yes/For""","""Yes/For""",YES,uploaded,"",2025-11-18 13:52:59.741163,160976,
Larimer,Proposition LL (Statutory),110-199-40,21,"""Yes/For""","""Yes/For""",YES,uploaded,"",2025-11-18 12:00:50.131587,173907,
Larimer,Proposition LL (Statutory),110-199-56,21,"""Yes/For""","""Yes/For""",YES,uploaded,"",2025-11-18 12:02:01.132364,173951,
Larimer,Proposition LL (Statutory),110-207-19,4,"""Yes/For""","""Yes/For""",YES,uploaded,"",2025-11-18 11:50:50.917989,179239,
Larimer,Proposition LL (Statutory),110-2-94,4,"""Yes/For""","""Yes/For""",YES,uploaded,"",2025-11-18 11:06:35.136199,4200,
Larimer,Proposition LL (Statutory),110-48-88,7,"""Yes/For""","""Yes/For""",YES,uploaded,"",2025-11-18 14:08:45.082714,42061,
Larimer,Proposition LL (Statutory),110-51-100,9,"""Yes/For""","""Yes/For""",YES,uploaded,"",2025-11-18 14:10:43.345304,44471,
Larimer,Proposition LL (Statutory),110-64-77,6,"""Yes/For""","""Yes/For""",YES,uploaded,"",2025-11-18 11:50:43.704437,56788,
Larimer,Proposition LL (Statutory),110-65-93,6,"""No/Against""","""No/Against""",YES,uploaded,"",2025-11-18 11:45:33.008865,57644,
Larimer,Proposition LL (Statutory),110-68-43,21,"""Yes/For""","""Yes/For""",YES,uploaded,"",2025-11-18 11:51:51.646272,59974,
Larimer,Proposition LL (Statutory),110-76-73,12,"""Yes/For""","""Yes/For""",YES,uploaded,"",2025-11-18 12:04:49.408925,67367,
Larimer,Proposition LL (Statutory),110-8-77,19,"""Yes/For""","""Yes/For""",YES,uploaded,"",2025-11-18 11:31:49.541583,7271,
Larimer,Proposition LL (Statutory),110-88-55,20,"""No/Against""","""No/Against""",YES,uploaded,"",2025-11-18 13:38:22.806134,73541,
Larimer,Proposition LL (Statutory),110-90-72,18,"""Yes/For""","""Yes/For""",YES,uploaded,"",2025-11-18 13:36:30.240764,74464,
Larimer,Proposition LL (Statutory),110-96-85,20,"""Yes/For""","""Yes/For""",YES,uploaded,"",2025-11-18 13:55:42.918077,80586,
Larimer,Proposition LL (Statutory),111-115-46,20,"""Yes/For""","""Yes/For""",YES,uploaded,"",2025-11-18 11:49:33.035706,92256,
Larimer,Proposition LL (Statutory),111-145-20,12,"""No/Against""","""No/Against""",YES,uploaded,"",2025-11-18 12:11:30.306534,114332,
Larimer,Proposition LL (Statutory),111-162-51,16,"""Yes/For""","""Yes/For""",YES,uploaded,"",2025-11-18 13:44:27.530916,124310,
Larimer,Proposition LL (Statutory),111-169-31,15,"""Yes/For""","""Yes/For""",YES,uploaded,"",2025-11-18 13:54:50.391238,130072,
Larimer,Proposition LL (Statutory),111-170-81,12,"""No/Against""","""No/Against""",YES,uploaded,"",2025-11-18 14:00:52.561443,130697,
Larimer,Proposition LL (Statutory),111-172-64,21,"""No/Against""","""No/Against""",YES,uploaded,"",2025-11-18 11:46:11.073425,132184,
Larimer,Proposition LL (Statutory),111-179-86,9,"""Yes/For""","""Yes/For""",YES,uploaded,"",2025-11-18 11:34:51.267822,136348,
Larimer,Proposition LL (Statutory),111-181-71,12,"""Yes/For""","""Yes/For""",YES,uploaded,"",2025-11-18 11:42:56.035116,137619,
Larimer,Proposition LL (Statutory),111-189-31,19,"""No/Against""","""No/Against""",YES,uploaded,"",2025-11-18 11:42:58.48463,143724,
Larimer,Proposition LL (Statutory),111-193-12,4,"""No/Against""","""No/Against""",YES,uploaded,"",2025-11-18 12:10:17.603312,146423,
Larimer,Proposition LL (Statutory),111-198-7,16,"""No/Against""","""No/Against""",YES,uploaded,"",2025-11-18 12:23:18.897755,149296,
Larimer,Proposition LL (Statutory),111-213-37,16,"""Yes/For""","""Yes/For""",YES,uploaded,"",2025-11-18 13:35:25.968492,160581,
Larimer,Proposition LL (Statutory),111-21-36,7,"""Yes/For""","""Yes/For""",YES,uploaded,"",2025-11-18 11:50:19.859071,18275,
Larimer,Proposition LL (Statutory),111-213-82,16,"""Yes/For""","""Yes/For""",YES,uploaded,"",2025-11-18 13:37:25.19583,160611,
Larimer,Proposition LL (Statutory),111-215-76,16,"""Yes/For""","""Yes/For""",YES,uploaded,"",2025-11-18 13:58:31.638539,162546,
Larimer,Proposition LL (Statutory),111-218-96,18,"""Yes/For""","""Yes/For""",YES,uploaded,"",2025-11-18 13:55:37.055425,164154,
Larimer,Proposition LL (Statutory),111-220-14,16,"""Yes/For""","""Yes/For""",YES,uploaded,"",2025-11-18 14:00:19.698588,165411,
Larimer,Proposition LL (Statutory),111-220-86,18,"""Yes/For""","""Yes/For""",YES,uploaded,"",2025-11-18 14:02:11.503787,165446,
Larimer,Proposition LL (Statutory),111-231-27,18,"""Yes/For""","""Yes/For""",YES,uploaded,"",2025-11-18 12:17:37.710607,173534,
Larimer,Proposition LL (Statutory),111-231-65,18,"""Yes/For""","""Yes/For""",YES,uploaded,"",2025-11-18 12:19:09.732611,173509,
Larimer,Proposition LL (Statutory),111-235-33,16,"""Yes/For""","""Yes/For""",YES,uploaded,"",2025-11-18 12:10:00.387116,176216,
Larimer,Proposition LL (Statutory),111-239-48,6,"""Yes/For""","""Yes/For""",YES,uploaded,"",2025-11-18 13:41:22.611386,178197,
Larimer,Proposition LL (Statutory),111-242-39,20,"""Yes/For""","""Yes/For""",YES,uploaded,"",2025-11-18 12:12:11.959536,180678,
Larimer,Proposition LL (Statutory),111-251-8,15,"""Yes/For""","""Yes/For""",YES,uploaded,"",2025-11-18 12:08:12.90756,185533,
Larimer,Proposition LL (Statutory),111-257-40,16,"""No/Against""","""No/Against""",YES,uploaded,"",2025-11-18 13:37:14.410133,190854,
Larimer,Proposition LL (Statutory),111-38-38,19,"""Yes/For""","""Yes/For""",YES,uploaded,"",2025-11-18 12:12:34.877283,30777,
Larimer,Proposition LL (Statutory),111-61-37,12,"""Yes/For""","""Yes/For""",YES,uploaded,"",2025-11-18 11:43:27.156618,56241,
Larimer,Proposition LL (Statutory),111-78-91,9,"""Yes/For""","""Yes/For""",YES,uploaded,"",2025-11-18 11:54:15.734063,65723,
Larimer,Proposition LL (Statutory),111-98-68,19,"""Yes/For""","""Yes/For""",YES,uploaded,"",2025-11-18 14:00:42.32167,78925,
Larimer,Proposition LL (Statutory),112-106-11,16,"""Yes/For""","""Yes/For""",YES,uploaded,"",2025-11-18 13:40:38.140353,74956,
Larimer,Proposition LL (Statutory),112-112-14,19,"""Yes/For""","""Yes/For""",YES,uploaded,"",2025-11-18 14:02:37.389604,79359,
Larimer,Proposition LL (Statutory),112-119-8,9,"""Yes/For""","""Yes/For""",YES,uploaded,"",2025-11-18 13:49:59.542431,84832,
Larimer,Proposition LL (Statutory),112-122-59,8,"""No/Against""","""No/Against""",YES,uploaded,"",2025-11-18 11:44:32.261424,87103,
Larimer,Proposition LL (Statutory),112-122-97,6,"""No/Against""","""No/Against""",YES,uploaded,"",2025-11-18 11:46:11.575135,87042,
Larimer,Proposition LL (Statutory),112-124-59,4,"""No/Against""","""No/Against""",YES,uploaded,"",2025-11-18 11:41:29.773766,88710,
Larimer,Proposition LL (Statutory),112-187-21,4,"""Yes/For""","""Yes/For""",YES,uploaded,"",2025-11-18 13:51:25.512613,131979,
Larimer,Proposition LL (Statutory),112-1-88,6,"""No/Against""","""No/Against""",YES,uploaded,"",2025-11-18 11:09:24.009136,3375,
Larimer,Proposition LL (Statutory),112-194-62,16,"""No/Against""","""No/Against""",YES,uploaded,"",2025-11-18 11:37:24.279948,136664,
Larimer,Proposition LL (Statutory),112-199-27,9,"""Yes/For""","""Yes/For""",YES,uploaded,"",2025-11-18 11:39:03.746095,139457,
Larimer,Proposition LL (Statutory),112-200-6,18,"""Yes/For""","""Yes/For""",YES,uploaded,"",2025-11-18 11:31:18.804,140372,
Larimer,Proposition LL (Statutory),112-249-10,18,"","",YES,uploaded,"",2025-11-18 12:03:29.959771,177952,
Larimer,Proposition LL (Statutory),112-251-10,16,"""Yes/For""","""Yes/For""",YES,uploaded,"",2025-11-18 12:13:55.246965,180188,
Larimer,Proposition LL (Statutory),112-273-20,8,"""Yes/For""","""Yes/For""",YES,uploaded,"",2025-11-18 13:43:04.940147,194123,
Larimer,Proposition MM (Statutory),102-2-17,15,"""No/Against""","""No/Against""",YES,uploaded,"",2025-11-18 11:00:09.159372,2987,
Larimer,Proposition MM (Statutory),102-2-48,15,"""Yes/For""","""Yes/For""",YES,uploaded,"",2025-11-18 11:03:15.733873,2995,
Larimer,Proposition MM (Statutory),103-110-89,16,"""Yes/For""","""Yes/For""",YES,uploaded,"",2025-11-18 12:20:12.877775,102083,
Larimer,Proposition MM (Statutory),103-122-51,12,"""Yes/For""","""Yes/For""",YES,uploaded,"",2025-11-18 12:13:18.373323,114185,
Larimer,Proposition MM (Statutory),103-143-9,17,"""No/Against""","""No/Against""",YES,uploaded,"",2025-11-18 11:44:20.01184,132751,
Larimer,Proposition MM (Statutory),103-157-3,16,"""Yes/For""","""Yes/For""",YES,uploaded,"",2025-11-18 13:49:21.420971,147156,
Larimer,Proposition MM (Statutory),103-168-15,12,"""Yes/For""","""Yes/For""",YES,uploaded,"",2025-11-18 12:09:06.32382,157271,
Larimer,Proposition MM (Statutory),103-169-36,4,"""Yes/For""","""Yes/For""",YES,uploaded,"",2025-11-18 12:13:27.66095,158345,
Larimer,Proposition MM (Statutory),103-177-21,16,"""Yes/For""","""Yes/For""",YES,uploaded,"",2025-11-18 14:03:54.315005,167604,
Larimer,Proposition MM (Statutory),103-187-83,6,"""Yes/For""","""Yes/For""",YES,uploaded,"",2025-11-18 13:38:51.642198,179151,
Larimer,Proposition MM (Statutory),103-190-74,9,"""No/Against""","""No/Against""",YES,uploaded,"",2025-11-18 11:53:30.785191,181896,
Larimer,Proposition MM (Statutory),103-194-11,16,"""Yes/For""","""Yes/For""",YES,uploaded,"",2025-11-18 13:44:35.726891,183953,
Larimer,Proposition MM (Statutory),103-196-34,4,"""Yes/For""","""Yes/For""",YES,uploaded,"",2025-11-18 13:50:49.404244,185700,
Larimer,Proposition MM (Statutory),103-196-79,8,"""No/Against""","""No/Against""",YES,uploaded,"",2025-11-18 13:52:07.725667,185678,
Larimer,Proposition MM (Statutory),103-196-90,9,"""Yes/For""","""Yes/For""",YES,uploaded,"",2025-11-18 13:53:25.737746,185707,
Larimer,Proposition MM (Statutory),103-203-11,4,"""Yes/For""","""Yes/For""",YES,uploaded,"",2025-11-18 13:34:01.876841,192792,
Larimer,Proposition MM (Statutory),103-32-33,16,"""Yes/For""","""Yes/For""",YES,uploaded,"",2025-11-18 12:15:29.540345,30618,
Larimer,Proposition MM (Statutory),103-39-61,19,"""No/Against""","""No/Against""",YES,uploaded,"",2025-11-18 13:46:35.504108,36368,
Larimer,Proposition MM (Statutory),103-48-23,20,"""No/Against""","""No/Against""",YES,uploaded,"",2025-11-18 14:13:49.940184,44917,
Larimer,Proposition MM (Statutory),103-56-18,8,"""Yes/For""","""Yes/For""",YES,uploaded,"",2025-11-18 11:34:00.532674,50849,
Larimer,Proposition MM (Statutory),103-60-71,18,"""Yes/For""","""Yes/For""",YES,uploaded,"",2025-11-18 11:56:30.910407,53406,
Larimer,Proposition MM (Statutory),103-72-63,4,"""No/Against""","""No/Against""",YES,uploaded,"",2025-11-18 12:00:36.587448,66501,
Larimer,Proposition MM (Statutory),103-7-31,20,"""Yes/For""","""Yes/For""",YES,uploaded,"",2025-11-18 11:22:41.131493,7655,
Larimer,Proposition MM (Statutory),103-86-46,16,"""No/Against""","""No/Against""",YES,uploaded,"",2025-11-18 12:16:15.916389,76855,
Larimer,Proposition MM (Statutory),103-86-54,16,"""No/Against""","""No/Against""",YES,uploaded,"",2025-11-18 12:17:38.802623,76811,
Larimer,Proposition MM (Statutory),103-88-54,16,"""No/Against""","""No/Against""",YES,uploaded,"",2025-11-18 13:58:44.762977,79008,
Larimer,Proposition MM (Statutory),104-102-57,19,"""Yes/For""","""Yes/For""",YES,uploaded,"",2025-11-18 13:47:11.726897,80005,
Larimer,Proposition MM (Statutory),104-105-80,12,"""Yes/For""","""Yes/For""",YES,uploaded,"",2025-11-18 13:56:39.569886,82191,
Larimer,Proposition MM (Statutory),104-140-31,19,"""No/Against""","""No/Against""",YES,uploaded,"",2025-11-18 12:06:12.770766,112364,
Larimer,Proposition MM (Statutory),104-150-60,9,"""No/Against""","""No/Against""",YES,uploaded,"",2025-11-18 13:52:49.318259,121446,
Larimer,Proposition MM (Statutory),104-155-33,18,"""No/Against""","""No/Against""",YES,uploaded,"",2025-11-18 13:42:49.596567,126430,
Larimer,Proposition MM (Statutory),104-160-67,21,"""Yes/For""","""Yes/For""",YES,uploaded,"",2025-11-18 13:53:49.656293,129391,
Larimer,Proposition MM (Statutory),104-162-51,3,"""Yes/For""","""Yes/For""",YES,uploaded,"",2025-11-18 11:41:45.211149,130980,
Larimer,Proposition MM (Statutory),104-163-51,9,"""Yes/For""","""Yes/For""",YES,uploaded,"",2025-11-18 13:50:06.969805,131663,
Larimer,Proposition MM (Statutory),104-218-15,20,"""Yes/For""","""Yes/For""",YES,uploaded,"",2025-11-18 11:59:07.897394,183814,
Larimer,Proposition MM (Statutory),104-220-55,20,"""Yes/For""","""Yes/For""",YES,uploaded,"",2025-11-18 12:01:41.787102,185220,
Larimer,Proposition MM (Statutory),104-49-73,4,"""No/Against""","""No/Against""",YES,uploaded,"",2025-11-18 11:23:03.444934,41456,
Larimer,Proposition MM (Statutory),104-70-9,16,"""No/Against""","""No/Against""",YES,uploaded,"",2025-11-18 11:41:58.961125,58259,
Larimer,Proposition MM (Statutory),105-137-29,15,"""Yes/For""","""Yes/For""",YES,uploaded,"",2025-11-18 11:39:39.870833,88794,
Larimer,Proposition MM (Statutory),105-146-62,21,"""Yes/For""","""Yes/For""",YES,uploaded,"",2025-11-18 11:57:00.603286,95319,
Larimer,Proposition MM (Statutory),105-16-21,18,"""Yes/For""","""Yes/For""",YES,uploaded,"",2025-11-18 11:39:38.123326,11343,
Larimer,Proposition MM (Statutory),105-16-24,19,"""No/Against""","""No/Against""",YES,uploaded,"",2025-11-18 11:42:50.94469,11357,
Larimer,Proposition MM (Statutory),105-178-32,7,"""No/Against""","""No/Against""",YES,uploaded,"",2025-11-18 13:58:21.312002,117197,
Larimer,Proposition MM (Statutory),105-200-86,9,"""Yes/For""","""Yes/For""",YES,uploaded,"",2025-11-18 11:40:40.451876,135831,
Larimer,Proposition MM (Statutory),105-210-5,18,"""No/Against""","""No/Against""",YES,uploaded,"",2025-11-18 12:15:41.287739,143215,
Larimer,Proposition MM (Statutory),105-221-86,8,"""Yes/For""","""Yes/For""",YES,uploaded,"",2025-11-18 12:11:45.771028,151268,
Larimer,Proposition MM (Statutory),105-230-1,16,"""Yes/For""","""Yes/For""",YES,uploaded,"",2025-11-18 13:35:56.104199,155300,
Larimer,Proposition MM (Statutory),105-23-20,15,"""Yes/For""","""Yes/For""",YES,uploaded,"",2025-11-18 11:33:44.142935,15916,
Larimer,Proposition MM (Statutory),105-234-39,3,"""Yes/For""","""Yes/For""",YES,uploaded,"",2025-11-18 12:14:36.392514,156892,
Larimer,Proposition MM (Statutory),105-235-69,5,"""No/Against""","""No/Against""",YES,uploaded,"",2025-11-18 12:21:33.823615,157884,
Larimer,Proposition MM (Statutory),105-237-51,4,"""Yes/For""","""Yes/For""",YES,uploaded,"",2025-11-18 12:15:42.256518,158618,
Larimer,Proposition MM (Statutory),105-238-51,4,"""No/Against""","""No/Against""",YES,uploaded,"",2025-11-18 12:16:49.878572,159506,
Larimer,Proposition MM (Statutory),105-239-69,4,"""No/Against""","""No/Against""",YES,uploaded,"",2025-11-18 12:05:53.379771,159809,
Larimer,Proposition MM (Statutory),105-245-7,16,"""Yes/For""","""Yes/For""",YES,uploaded,"",2025-11-18 11:39:21.65738,164567,
Larimer,Proposition MM (Statutory),105-254-69,16,"""Yes/For""","""Yes/For""",YES,uploaded,"",2025-11-18 11:49:32.350908,170019,
Larimer,Proposition MM (Statutory),105-267-82,4,"""Yes/For""","""Yes/For""",YES,uploaded,"",2025-11-18 13:39:57.967505,179693,
Larimer,Proposition MM (Statutory),105-275-61,12,"""Yes/For""","""Yes/For""",YES,uploaded,"",2025-11-18 13:54:23.826513,184804,
Larimer,Proposition MM (Statutory),105-284-78,19,"""No/Against""","""No/Against""",YES,uploaded,"",2025-11-18 13:46:05.935866,190426,
Larimer,Proposition MM (Statutory),105-287-8,12,"""Yes/For""","""Yes/For""",YES,uploaded,"",2025-11-18 13:39:35.071387,191899,
Larimer,Proposition MM (Statutory),105-291-42,12,"""Yes/For""","""Yes/For""",YES,uploaded,"",2025-11-18 13:40:35.107694,193829,
Larimer,Proposition MM (Statutory),105-34-21,4,"""No/Against""","""No/Against""",YES,uploaded,"",2025-11-18 11:52:01.1061,22374,
Larimer,Proposition MM (Statutory),105-36-72,16,"""Yes/For""","""Yes/For""",YES,uploaded,"",2025-11-18 11:54:50.827329,23949,
Larimer,Proposition MM (Statutory),105-38-31,20,"""Yes/For""","""Yes/For""",YES,uploaded,"",2025-11-18 12:04:20.482163,25491,
Larimer,Proposition MM (Statutory),105-46-61,3,"""Yes/For""","""Yes/For""",YES,uploaded,"",2025-11-18 13:32:02.623401,32169,
Larimer,Proposition MM (Statutory),105-4-82,1,"""Yes/For""","""Yes/For""",YES,uploaded,"",2025-11-18 11:23:48.469337,5612,
Larimer,Proposition MM (Statutory),105-53-53,20,"""Yes/For""","""Yes/For""",YES,uploaded,"",2025-11-18 13:40:16.459057,35852,
Larimer,Proposition MM (Statutory),105-55-2,19,"""Yes/For""","""Yes/For""",YES,uploaded,"",2025-11-18 14:04:25.409168,36830,
Larimer,Proposition MM (Statutory),105-61-96,4,"""No/Against""","""No/Against""",YES,uploaded,"",2025-11-18 13:59:24.797141,39970,
Larimer,Proposition MM (Statutory),105-62-54,6,"""Yes/For""","""Yes/For""",YES,uploaded,"",2025-11-18 13:50:22.105396,40553,
Larimer,Proposition MM (Statutory),105-65-86,8,"""Yes/For""","""Yes/For""",YES,uploaded,"",2025-11-18 14:06:35.73666,41782,
Larimer,Proposition MM (Statutory),106-102-50,4,"""No/Against""","""No/Against""",YES,uploaded,"",2025-11-18 12:03:46.008212,66599,
Larimer,Proposition MM (Statutory),106-135-57,8,"""Yes/For""","""Yes/For""",YES,uploaded,"",2025-11-18 13:48:37.267509,86107,
Larimer,Proposition MM (Statutory),106-136-9,12,"""No/Against""","""No/Against""",YES,uploaded,"",2025-11-18 13:42:54.788345,86641,
Larimer,Proposition MM (Statutory),106-137-13,4,"""Yes/For""","""Yes/For""",YES,uploaded,"",2025-11-18 11:42:56.699664,87455,
Larimer,Proposition MM (Statutory),106-156-37,4,"""Yes/For""","""Yes/For""",YES,uploaded,"",2025-11-18 11:58:31.616758,99462,
Larimer,Proposition MM (Statutory),106-170-39,9,"""No/Against""","""No/Against""",YES,uploaded,"",2025-11-18 11:50:57.717288,105060,
Larimer,Proposition MM (Statutory),106-180-66,5,"""Yes/For""","""Yes/For""",YES,uploaded,"",2025-11-18 12:17:18.091237,111704,
Larimer,Proposition MM (Statutory),106-201-96,16,"""Yes/For""","""Yes/For""",YES,uploaded,"",2025-11-18 13:46:23.403703,125833,
Larimer,Proposition MM (Statutory),106-220-40,9,"""No/Against""","""No/Against""",YES,uploaded,"",2025-11-18 11:27:36.743789,138419,
Larimer,Proposition MM (Statutory),106-232-1,18,"""Yes/For""","""Yes/For""",YES,uploaded,"",2025-11-18 13:44:08.710745,147058,
Larimer,Proposition MM (Statutory),106-25-57,4,"""Yes/For""","""Yes/For""",YES,uploaded,"",2025-11-18 11:44:38.940653,18780,
Larimer,Proposition MM (Statutory),106-272-73,18,"""No/Against""","""No/Against""",YES,uploaded,"",2025-11-18 12:19:46.911461,169386,
Larimer,Proposition MM (Statutory),106-288-75,7,"""Yes/For""","""Yes/For""",YES,uploaded,"",2025-11-18 11:58:29.082959,178928,
Larimer,Proposition MM (Statutory),106-29-79,3,"""No/Against""","""No/Against""",YES,uploaded,"",2025-11-18 11:45:50.558782,21326,
Larimer,Proposition MM (Statutory),106-298-33,12,"""No/Against""","""No/Against""",YES,uploaded,"",2025-11-18 12:07:00.267814,187402,
Larimer,Proposition MM (Statutory),106-303-31,20,"""Yes/For""","""Yes/For""",YES,uploaded,"",2025-11-18 13:49:52.216595,190743,
Larimer,Proposition MM (Statutory),106-31-36,3,"""Yes/For""","""Yes/For""",YES,uploaded,"",2025-11-18 12:05:42.007552,22253,
Larimer,Proposition MM (Statutory),106-4-55,4,"""Yes/For""","""Yes/For""",YES,uploaded,"",2025-11-18 11:14:02.600167,5029,
Larimer,Proposition MM (Statutory),106-51-54,19,"""Yes/For""","""Yes/For""",YES,uploaded,"",2025-11-18 13:53:34.09718,34711,
Larimer,Proposition MM (Statutory),106-53-41,20,"""Yes/For""","""Yes/For""",YES,uploaded,"",2025-11-18 13:43:24.409544,35933,
Larimer,Proposition MM (Statutory),106-5-36,4,"""No/Against""","""No/Against""",YES,uploaded,"",2025-11-18 11:16:13.230977,5359,
Larimer,Proposition MM (Statutory),106-55-16,16,"""No/Against""","""No/Against""",YES,uploaded,"",2025-11-18 13:57:34.084121,36897,
Larimer,Proposition MM (Statutory),106-65-93,4,"""No/Against""","""No/Against""",YES,uploaded,"",2025-11-18 14:01:08.102493,42684,
Larimer,Proposition MM (Statutory),106-72-100,20,"""Yes/For""","""Yes/For""",YES,uploaded,"",2025-11-18 11:29:51.078987,45826,
Larimer,Proposition MM (Statutory),106-76-42,12,"""No/Against""","""No/Against""",YES,uploaded,"",2025-11-18 11:31:52.554675,48789,
Larimer,Proposition MM (Statutory),106-8-36,1,"""Yes/For""","""Yes/For""",YES,uploaded,"",2025-11-18 11:26:43.558534,7084,
Larimer,Proposition MM (Statutory),109-103-59,12,"""Yes/For""","""Yes/For""",YES,uploaded,"",2025-11-18 13:51:36.861947,85164,
Larimer,Proposition MM (Statutory),109-112-33,16,"""Yes/For""","""Yes/For""",YES,uploaded,"",2025-11-18 11:34:55.310853,92345,
Larimer,Proposition MM (Statutory),109-1-21,21,"""No/Against""","""No/Against""",YES,uploaded,"",2025-11-18 11:18:04.110614,6236,
Larimer,Proposition MM (Statutory),109-14-1,3,"""No/Against""","""No/Against""",YES,uploaded,"",2025-11-18 11:35:03.94467,15449,
Larimer,Proposition MM (Statutory),109-148-84,16,"""Yes/For""","""Yes/For""",YES,uploaded,"",2025-11-18 13:37:05.346931,123901,
Larimer,Proposition MM (Statutory),109-156-38,9,"""Yes/For""","""Yes/For""",YES,uploaded,"",2025-11-18 13:59:56.14897,131487,
Larimer,Proposition MM (Statutory),109-172-61,12,"""Yes/For""","""Yes/For""",YES,uploaded,"",2025-11-18 13:55:17.298907,144758,
Larimer,Proposition MM (Statutory),109-174-50,3,"""No/Against""","""No/Against""",YES,uploaded,"",2025-11-18 13:56:10.328483,146810,
Larimer,Proposition MM (Statutory),109-181-58,20,"""Yes/For""","""Yes/For""",YES,uploaded,"",2025-11-18 11:46:41.784489,153878,
Larimer,Proposition MM (Statutory),109-186-20,16,"""Yes/For""","""Yes/For""",YES,uploaded,"",2025-11-18 13:45:51.446333,158062,
Larimer,Proposition MM (Statutory),109-199-73,18,"""Yes/For""","""Yes/For""",YES,uploaded,"",2025-11-18 11:55:03.660755,169954,
Larimer,Proposition MM (Statutory),109-205-2,20,"""No/Against""","""No/Against""",YES,uploaded,"",2025-11-18 12:06:27.748101,176816,
Larimer,Proposition MM (Statutory),109-217-55,21,"""No/Against""","""No/Against""",YES,uploaded,"",2025-11-18 12:04:30.966439,189818,
Larimer,Proposition MM (Statutory),109-221-81,8,"""Yes/For""","""Yes/For""",YES,uploaded,"",2025-11-18 13:41:53.556639,193250,
Larimer,Proposition MM (Statutory),109-86-26,8,"""Yes/For""","""Yes/For""",YES,uploaded,"",2025-11-18 12:08:45.471186,70237,
Larimer,Proposition MM (Statutory),110-107-73,16,"""Yes/For""","""Yes/For""",YES,uploaded,"",2025-11-18 11:37:56.615636,90797,
Larimer,Proposition MM (Statutory),110-123-15,20,"""Yes/For""","""Yes/For""",YES,uploaded,"",2025-11-18 12:08:23.665516,104210,
Larimer,Proposition MM (Statutory),110-127-72,20,"""Yes/For""","""Yes/For""",YES,uploaded,"",2025-11-18 12:04:06.054158,107596,
Larimer,Proposition MM (Statutory),110-186-72,16,"""Yes/For""","""Yes/For""",YES,uploaded,"",2025-11-18 13:52:59.741163,160976,
Larimer,Proposition MM (Statutory),110-199-40,21,"""No/Against""","""No/Against""",YES,uploaded,"",2025-11-18 12:00:50.131587,173907,
Larimer,Proposition MM (Statutory),110-199-56,21,"""Yes/For""","""Yes/For""",YES,uploaded,"",2025-11-18 12:02:01.132364,173951,
Larimer,Proposition MM (Statutory),110-207-19,4,"""No/Against""","""No/Against""",YES,uploaded,"",2025-11-18 11:50:50.917989,179239,
Larimer,Proposition MM (Statutory),110-2-94,4,"""Yes/For""","""Yes/For""",YES,uploaded,"",2025-11-18 11:06:35.136199,4200,
Larimer,Proposition MM (Statutory),110-48-88,7,"""Yes/For""","""Yes/For""",YES,uploaded,"",2025-11-18 14:08:45.082714,42061,
Larimer,Proposition MM (Statutory),110-51-100,9,"""Yes/For""","""Yes/For""",YES,uploaded,"",2025-11-18 14:10:43.345304,44471,
Larimer,Proposition MM (Statutory),110-64-77,6,"""Yes/For""","""Yes/For""",YES,uploaded,"",2025-11-18 11:50:43.704437,56788,
Larimer,Proposition MM (Statutory),110-65-93,6,"""No/Against""","""No/Against""",YES,uploaded,"",2025-11-18 11:45:33.008865,57644,
Larimer,Proposition MM (Statutory),110-68-43,21,"""No/Against""","""No/Against""",YES,uploaded,"",2025-11-18 11:51:51.646272,59974,
Larimer,Proposition MM (Statutory),110-76-73,12,"""Yes/For""","""Yes/For""",YES,uploaded,"",2025-11-18 12:04:49.408925,67367,
Larimer,Proposition MM (Statutory),110-8-77,19,"""Yes/For""","""Yes/For""",YES,uploaded,"",2025-11-18 11:31:49.541583,7271,
Larimer,Proposition MM (Statutory),110-88-55,20,"""Yes/For""","""Yes/For""",YES,uploaded,"",2025-11-18 13:38:22.806134,73541,
Larimer,Proposition MM (Statutory),110-90-72,18,"""Yes/For""","""Yes/For""",YES,uploaded,"",2025-11-18 13:36:30.240764,74464,
Larimer,Proposition MM (Statutory),110-96-85,20,"""Yes/For""","""Yes/For""",YES,uploaded,"",2025-11-18 13:55:42.918077,80586,
Larimer,Proposition MM (Statutory),111-115-46,20,"""Yes/For""","""Yes/For""",YES,uploaded,"",2025-11-18 11:49:33.035706,92256,
Larimer,Proposition MM (Statutory),111-145-20,12,"""No/Against""","""No/Against""",YES,uploaded,"",2025-11-18 12:11:30.306534,114332,
Larimer,Proposition MM (Statutory),111-162-51,16,"""Yes/For""","""Yes/For""",YES,uploaded,"",2025-11-18 13:44:27.530916,124310,
Larimer,Proposition MM (Statutory),111-169-31,15,"""Yes/For""","""Yes/For""",YES,uploaded,"",2025-11-18 13:54:50.391238,130072,
Larimer,Proposition MM (Statutory),111-170-81,12,"""No/Against""","""No/Against""",YES,uploaded,"",2025-11-18 14:00:52.561443,130697,
Larimer,Proposition MM (Statutory),111-172-64,21,"""No/Against""","""No/Against""",YES,uploaded,"",2025-11-18 11:46:11.073425,132184,
Larimer,Proposition MM (Statutory),111-179-86,9,"""Yes/For""","""Yes/For""",YES,uploaded,"",2025-11-18 11:34:51.267822,136348,
Larimer,Proposition MM (Statutory),111-181-71,12,"""No/Against""","""No/Against""",YES,uploaded,"",2025-11-18 11:42:56.035116,137619,
Larimer,Proposition MM (Statutory),111-189-31,19,"""No/Against""","""No/Against""",YES,uploaded,"",2025-11-18 11:42:58.48463,143724,
Larimer,Proposition MM (Statutory),111-193-12,4,"""No/Against""","""No/Against""",YES,uploaded,"",2025-11-18 12:10:17.603312,146423,
Larimer,Proposition MM (Statutory),111-198-7,16,"""No/Against""","""No/Against""",YES,uploaded,"",2025-11-18 12:23:18.897755,149296,
Larimer,Proposition MM (Statutory),111-213-37,16,"""Yes/For""","""Yes/For""",YES,uploaded,"",2025-11-18 13:35:25.968492,160581,
Larimer,Proposition MM (Statutory),111-21-36,7,"""No/Against""","""No/Against""",YES,uploaded,"",2025-11-18 11:50:19.859071,18275,
Larimer,Proposition MM (Statutory),111-213-82,16,"""Yes/For""","""Yes/For""",YES,uploaded,"",2025-11-18 13:37:25.19583,160611,
Larimer,Proposition MM (Statutory),111-215-76,16,"""Yes/For""","""Yes/For""",YES,uploaded,"",2025-11-18 13:58:31.638539,162546,
Larimer,Proposition MM (Statutory),111-218-96,18,"""Yes/For""","""Yes/For""",YES,uploaded,"",2025-11-18 13:55:37.055425,164154,
Larimer,Proposition MM (Statutory),111-220-14,16,"""Yes/For""","""Yes/For""",YES,uploaded,"",2025-11-18 14:00:19.698588,165411,
Larimer,Proposition MM (Statutory),111-220-86,18,"""Yes/For""","""Yes/For""",YES,uploaded,"",2025-11-18 14:02:11.503787,165446,
Larimer,Proposition MM (Statutory),111-231-27,18,"""Yes/For""","""Yes/For""",YES,uploaded,"",2025-11-18 12:17:37.710607,173534,
Larimer,Proposition MM (Statutory),111-231-65,18,"""Yes/For""","""Yes/For""",YES,uploaded,"",2025-11-18 12:19:09.732611,173509,
Larimer,Proposition MM (Statutory),111-235-33,16,"","",YES,uploaded,"",2025-11-18 12:10:00.387116,176216,
Larimer,Proposition MM (Statutory),111-239-48,6,"""Yes/For""","""Yes/For""",YES,uploaded,"",2025-11-18 13:41:22.611386,178197,
Larimer,Proposition MM (Statutory),111-242-39,20,"""Yes/For""","""Yes/For""",YES,uploaded,"",2025-11-18 12:12:11.959536,180678,
Larimer,Proposition MM (Statutory),111-251-8,15,"""No/Against""","""No/Against""",YES,uploaded,"",2025-11-18 12:08:12.90756,185533,
Larimer,Proposition MM (Statutory),111-257-40,16,"""No/Against""","""No/Against""",YES,uploaded,"",2025-11-18 13:37:14.410133,190854,
Larimer,Proposition MM (Statutory),111-38-38,19,"""Yes/For""","""Yes/For""",YES,uploaded,"",2025-11-18 12:12:34.877283,30777,
Larimer,Proposition MM (Statutory),111-61-37,12,"""Yes/For""","""Yes/For""",YES,uploaded,"",2025-11-18 11:43:27.156618,56241,
Larimer,Proposition MM (Statutory),111-78-91,9,"""Yes/For""","""Yes/For""",YES,uploaded,"",2025-11-18 11:54:15.734063,65723,
Larimer,Proposition MM (Statutory),111-98-68,19,"""Yes/For""","""Yes/For""",YES,uploaded,"",2025-11-18 14:00:42.32167,78925,
Larimer,Proposition MM (Statutory),112-106-11,16,"""Yes/For""","""Yes/For""",YES,uploaded,"",2025-11-18 13:40:38.140353,74956,
Larimer,Proposition MM (Statutory),112-112-14,19,"""Yes/For""","""Yes/For""",YES,uploaded,"",2025-11-18 14:02:37.389604,79359,
Larimer,Proposition MM (Statutory),112-119-8,9,"""Yes/For""","""Yes/For""",YES,uploaded,"",2025-11-18 13:49:59.542431,84832,
Larimer,Proposition MM (Statutory),112-122-59,8,"""No/Against""","""No/Against""",YES,uploaded,"",2025-11-18 11:44:32.261424,87103,
Larimer,Proposition MM (Statutory),112-122-97,6,"""No/Against""","""No/Against""",YES,uploaded,"",2025-11-18 11:46:11.575135,87042,
Larimer,Proposition MM (Statutory),112-124-59,4,"""No/Against""","""No/Against""",YES,uploaded,"",2025-11-18 11:41:29.773766,88710,
Larimer,Proposition MM (Statutory),112-187-21,4,"""Yes/For""","""Yes/For""",YES,uploaded,"",2025-11-18 13:51:25.512613,131979,
Larimer,Proposition MM (Statutory),112-1-88,6,"""No/Against""","""No/Against""",YES,uploaded,"",2025-11-18 11:09:24.009136,3375,
Larimer,Proposition MM (Statutory),112-194-62,16,"""No/Against""","""No/Against""",YES,uploaded,"",2025-11-18 11:37:24.279948,136664,
Larimer,Proposition MM (Statutory),112-199-27,9,"""Yes/For""","""Yes/For""",YES,uploaded,"",2025-11-18 11:39:03.746095,139457,
Larimer,Proposition MM (Statutory),112-200-6,18,"""Yes/For""","""Yes/For""",YES,uploaded,"",2025-11-18 11:31:18.804,140372,
Larimer,Proposition MM (Statutory),112-249-10,18,"","",YES,uploaded,"",2025-11-18 12:03:29.959771,177952,
Larimer,Proposition MM (Statutory),112-251-10,16,"""Yes/For""","""Yes/For""",YES,uploaded,"",2025-11-18 12:13:55.246965,180188,
Larimer,Proposition MM (Statutory),112-273-20,8,"""Yes/For""","""Yes/For""",YES,uploaded,"",2025-11-18 13:43:04.940147,194123,
Larimer,Thompson School District R2-J Ballot Issue 5A,103-169-36,4,"""Yes/For""","""Yes/For""",YES,uploaded,"",2025-11-18 12:13:27.66095,158345,
Larimer,Thompson School District R2-J Ballot Issue 5A,103-187-83,6,"""Yes/For""","""Yes/For""",YES,uploaded,"",2025-11-18 13:38:51.642198,179151,
Larimer,Thompson School District R2-J Ballot Issue 5A,103-190-74,9,"""Yes/For""","""Yes/For""",YES,uploaded,"",2025-11-18 11:53:30.785191,181896,
Larimer,Thompson School District R2-J Ballot Issue 5A,103-196-34,4,"""Yes/For""","""Yes/For""",YES,uploaded,"",2025-11-18 13:50:49.404244,185700,
Larimer,Thompson School District R2-J Ballot Issue 5A,103-196-79,8,"""Yes/For""","""Yes/For""",YES,uploaded,"",2025-11-18 13:52:07.725667,185678,
Larimer,Thompson School District R2-J Ballot Issue 5A,103-196-90,9,"""No/Against""","""No/Against""",YES,uploaded,"",2025-11-18 13:53:25.737746,185707,
Larimer,Thompson School District R2-J Ballot Issue 5A,103-203-11,4,"""Yes/For""","""Yes/For""",YES,uploaded,"",2025-11-18 13:34:01.876841,192792,
Larimer,Thompson School District R2-J Ballot Issue 5A,103-56-18,8,"""Yes/For""","""Yes/For""",YES,uploaded,"",2025-11-18 11:34:00.532674,50849,
Larimer,Thompson School District R2-J Ballot Issue 5A,103-72-63,4,"""No/Against""","""No/Against""",YES,uploaded,"",2025-11-18 12:00:36.587448,66501,
Larimer,Thompson School District R2-J Ballot Issue 5A,104-150-60,9,"""No/Against""","""No/Against""",YES,uploaded,"",2025-11-18 13:52:49.318259,121446,
Larimer,Thompson School District R2-J Ballot Issue 5A,104-163-51,9,"""Yes/For""","""Yes/For""",YES,uploaded,"",2025-11-18 13:50:06.969805,131663,
Larimer,Thompson School District R2-J Ballot Issue 5A,104-49-73,4,"""No/Against""","""No/Against""",YES,uploaded,"",2025-11-18 11:23:03.444934,41456,
Larimer,Thompson School District R2-J Ballot Issue 5A,105-178-32,7,"""No/Against""","""No/Against""",YES,uploaded,"",2025-11-18 13:58:21.312002,117197,
Larimer,Thompson School District R2-J Ballot Issue 5A,105-200-86,9,"","",YES,uploaded,"",2025-11-18 11:40:40.451876,135831,
Larimer,Thompson School District R2-J Ballot Issue 5A,105-221-86,8,"""Yes/For""","""Yes/For""",YES,uploaded,"",2025-11-18 12:11:45.771028,151268,
Larimer,Thompson School District R2-J Ballot Issue 5A,105-235-69,5,"""No/Against""","""No/Against""",YES,uploaded,"",2025-11-18 12:21:33.823615,157884,
Larimer,Thompson School District R2-J Ballot Issue 5A,105-237-51,4,"""Yes/For""","""Yes/For""",YES,uploaded,"",2025-11-18 12:15:42.256518,158618,
Larimer,Thompson School District R2-J Ballot Issue 5A,105-238-51,4,"""Yes/For""","""Yes/For""",YES,uploaded,"",2025-11-18 12:16:49.878572,159506,
Larimer,Thompson School District R2-J Ballot Issue 5A,105-239-69,4,"""Yes/For""","""Yes/For""",YES,uploaded,"",2025-11-18 12:05:53.379771,159809,
Larimer,Thompson School District R2-J Ballot Issue 5A,105-267-82,4,"""Yes/For""","""Yes/For""",YES,uploaded,"",2025-11-18 13:39:57.967505,179693,
Larimer,Thompson School District R2-J Ballot Issue 5A,105-34-21,4,"""No/Against""","""No/Against""",YES,uploaded,"",2025-11-18 11:52:01.1061,22374,
Larimer,Thompson School District R2-J Ballot Issue 5A,105-61-96,4,"""No/Against""","""No/Against""",YES,uploaded,"",2025-11-18 13:59:24.797141,39970,
Larimer,Thompson School District R2-J Ballot Issue 5A,105-62-54,6,"""Yes/For""","""Yes/For""",YES,uploaded,"",2025-11-18 13:50:22.105396,40553,
Larimer,Thompson School District R2-J Ballot Issue 5A,105-65-86,8,"""No/Against""","""No/Against""",YES,uploaded,"",2025-11-18 14:06:35.73666,41782,
Larimer,Thompson School District R2-J Ballot Issue 5A,106-102-50,4,"""No/Against""","""No/Against""",YES,uploaded,"",2025-11-18 12:03:46.008212,66599,
Larimer,Thompson School District R2-J Ballot Issue 5A,106-135-57,8,"""Yes/For""","""Yes/For""",YES,uploaded,"",2025-11-18 13:48:37.267509,86107,
Larimer,Thompson School District R2-J Ballot Issue 5A,106-137-13,4,"""No/Against""","""No/Against""",YES,uploaded,"",2025-11-18 11:42:56.699664,87455,
Larimer,Thompson School District R2-J Ballot Issue 5A,106-156-37,4,"""No/Against""","""No/Against""",YES,uploaded,"",2025-11-18 11:58:31.616758,99462,
Larimer,Thompson School District R2-J Ballot Issue 5A,106-170-39,9,"""No/Against""","""No/Against""",YES,uploaded,"",2025-11-18 11:50:57.717288,105060,
Larimer,Thompson School District R2-J Ballot Issue 5A,106-180-66,5,"""Yes/For""","""Yes/For""",YES,uploaded,"",2025-11-18 12:17:18.091237,111704,
Larimer,Thompson School District R2-J Ballot Issue 5A,106-220-40,9,"""No/Against""","""No/Against""",YES,uploaded,"",2025-11-18 11:27:36.743789,138419,
Larimer,Thompson School District R2-J Ballot Issue 5A,106-25-57,4,"""Yes/For""","""Yes/For""",YES,uploaded,"",2025-11-18 11:44:38.940653,18780,
Larimer,Thompson School District R2-J Ballot Issue 5A,106-288-75,7,"""Yes/For""","""Yes/For""",YES,uploaded,"",2025-11-18 11:58:29.082959,178928,
Larimer,Thompson School District R2-J Ballot Issue 5A,106-4-55,4,"""No/Against""","""No/Against""",YES,uploaded,"",2025-11-18 11:14:02.600167,5029,
Larimer,Thompson School District R2-J Ballot Issue 5A,106-5-36,4,"""No/Against""","""No/Against""",YES,uploaded,"",2025-11-18 11:16:13.230977,5359,
Larimer,Thompson School District R2-J Ballot Issue 5A,106-65-93,4,"""No/Against""","""No/Against""",YES,uploaded,"",2025-11-18 14:01:08.102493,42684,
Larimer,Thompson School District R2-J Ballot Issue 5A,109-156-38,9,"""No/Against""","""No/Against""",YES,uploaded,"",2025-11-18 13:59:56.14897,131487,
Larimer,Thompson School District R2-J Ballot Issue 5A,109-221-81,8,"""Yes/For""","""Yes/For""",YES,uploaded,"",2025-11-18 13:41:53.556639,193250,
Larimer,Thompson School District R2-J Ballot Issue 5A,109-86-26,8,"""Yes/For""","""Yes/For""",YES,uploaded,"",2025-11-18 12:08:45.471186,70237,
Larimer,Thompson School District R2-J Ballot Issue 5A,110-207-19,4,"""Yes/For""","""Yes/For""",YES,uploaded,"",2025-11-18 11:50:50.917989,179239,
Larimer,Thompson School District R2-J Ballot Issue 5A,110-2-94,4,"""Yes/For""","""Yes/For""",YES,uploaded,"",2025-11-18 11:06:35.136199,4200,
Larimer,Thompson School District R2-J Ballot Issue 5A,110-48-88,7,"""Yes/For""","""Yes/For""",YES,uploaded,"",2025-11-18 14:08:45.082714,42061,
Larimer,Thompson School District R2-J Ballot Issue 5A,110-51-100,9,"","",YES,uploaded,"",2025-11-18 14:10:43.345304,44471,
Larimer,Thompson School District R2-J Ballot Issue 5A,110-64-77,6,"""Yes/For""","""Yes/For""",YES,uploaded,"",2025-11-18 11:50:43.704437,56788,
Larimer,Thompson School District R2-J Ballot Issue 5A,110-65-93,6,"""No/Against""","""No/Against""",YES,uploaded,"",2025-11-18 11:45:33.008865,57644,
Larimer,Thompson School District R2-J Ballot Issue 5A,111-179-86,9,"""Yes/For""","""Yes/For""",YES,uploaded,"",2025-11-18 11:34:51.267822,136348,
Larimer,Thompson School District R2-J Ballot Issue 5A,111-193-12,4,"""No/Against""","""No/Against""",YES,uploaded,"",2025-11-18 12:10:17.603312,146423,
Larimer,Thompson School District R2-J Ballot Issue 5A,111-21-36,7,"""Yes/For""","""Yes/For""",YES,uploaded,"",2025-11-18 11:50:19.859071,18275,
Larimer,Thompson School District R2-J Ballot Issue 5A,111-239-48,6,"""Yes/For""","""Yes/For""",YES,uploaded,"",2025-11-18 13:41:22.611386,178197,
Larimer,Thompson School District R2-J Ballot Issue 5A,111-78-91,9,"""Yes/For""","""Yes/For""",YES,uploaded,"",2025-11-18 11:54:15.734063,65723,
Larimer,Thompson School District R2-J Ballot Issue 5A,112-119-8,9,"""Yes/For""","""Yes/For""",YES,uploaded,"",2025-11-18 13:49:59.542431,84832,
Larimer,Thompson School District R2-J Ballot Issue 5A,112-122-59,8,"""Yes/For""","""Yes/For""",YES,uploaded,"",2025-11-18 11:44:32.261424,87103,
Larimer,Thompson School District R2-J Ballot Issue 5A,112-122-97,6,"""No/Against""","""No/Against""",YES,uploaded,"",2025-11-18 11:46:11.575135,87042,
Larimer,Thompson School District R2-J Ballot Issue 5A,112-124-59,4,"","",YES,uploaded,"",2025-11-18 11:41:29.773766,88710,
Larimer,Thompson School District R2-J Ballot Issue 5A,112-187-21,4,"""No/Against""","""No/Against""",YES,uploaded,"",2025-11-18 13:51:25.512613,131979,
Larimer,Thompson School District R2-J Ballot Issue 5A,112-1-88,6,"""No/Against""","""No/Against""",YES,uploaded,"",2025-11-18 11:09:24.009136,3375,
Larimer,Thompson School District R2-J Ballot Issue 5A,112-199-27,9,"""Yes/For""","""Yes/For""",YES,uploaded,"",2025-11-18 11:39:03.746095,139457,
Larimer,Thompson School District R2-J Ballot Issue 5A,112-273-20,8,"""Yes/For""","""Yes/For""",YES,uploaded,"",2025-11-18 13:43:04.940147,194123,
Larimer,Thompson School District R2-J Board of Education Director District B,103-169-36,4,"","",YES,uploaded,"",2025-11-18 12:13:27.66095,158345,
Larimer,Thompson School District R2-J Board of Education Director District B,103-187-83,6,"","",YES,uploaded,"",2025-11-18 13:38:51.642198,179151,
Larimer,Thompson School District R2-J Board of Education Director District B,103-190-74,9,"""Mike Scholl""","""Mike Scholl""",YES,uploaded,"",2025-11-18 11:53:30.785191,181896,
Larimer,Thompson School District R2-J Board of Education Director District B,103-196-34,4,"""Mike Scholl""","""Mike Scholl""",YES,uploaded,"",2025-11-18 13:50:49.404244,185700,
Larimer,Thompson School District R2-J Board of Education Director District B,103-196-79,8,"","",YES,uploaded,"",2025-11-18 13:52:07.725667,185678,
Larimer,Thompson School District R2-J Board of Education Director District B,103-196-90,9,"","",YES,uploaded,"",2025-11-18 13:53:25.737746,185707,
Larimer,Thompson School District R2-J Board of Education Director District B,103-203-11,4,"""Mike Scholl""","""Mike Scholl""",YES,uploaded,"",2025-11-18 13:34:01.876841,192792,
Larimer,Thompson School District R2-J Board of Education Director District B,103-56-18,8,"""Mike Scholl""","""Mike Scholl""",YES,uploaded,"",2025-11-18 11:34:00.532674,50849,
Larimer,Thompson School District R2-J Board of Education Director District B,103-72-63,4,"""Mike Scholl""","""Mike Scholl""",YES,uploaded,"",2025-11-18 12:00:36.587448,66501,
Larimer,Thompson School District R2-J Board of Education Director District B,104-150-60,9,"","",YES,uploaded,"",2025-11-18 13:52:49.318259,121446,
Larimer,Thompson School District R2-J Board of Education Director District B,104-163-51,9,"","",YES,uploaded,"",2025-11-18 13:50:06.969805,131663,
Larimer,Thompson School District R2-J Board of Education Director District B,104-49-73,4,"","",YES,uploaded,"",2025-11-18 11:23:03.444934,41456,
Larimer,Thompson School District R2-J Board of Education Director District B,105-178-32,7,"","",YES,uploaded,"",2025-11-18 13:58:21.312002,117197,
Larimer,Thompson School District R2-J Board of Education Director District B,105-200-86,9,"""Mike Scholl""","""Mike Scholl""",YES,uploaded,"",2025-11-18 11:40:40.451876,135831,
Larimer,Thompson School District R2-J Board of Education Director District B,105-221-86,8,"""Mike Scholl""","""Mike Scholl""",YES,uploaded,"",2025-11-18 12:11:45.771028,151268,
Larimer,Thompson School District R2-J Board of Education Director District B,105-235-69,5,"","",YES,uploaded,"",2025-11-18 12:21:33.823615,157884,
Larimer,Thompson School District R2-J Board of Education Director District B,105-237-51,4,"""Mike Scholl""","""Mike Scholl""",YES,uploaded,"",2025-11-18 12:15:42.256518,158618,
Larimer,Thompson School District R2-J Board of Education Director District B,105-238-51,4,"""Mike Scholl""","""Mike Scholl""",YES,uploaded,"",2025-11-18 12:16:49.878572,159506,
Larimer,Thompson School District R2-J Board of Education Director District B,105-239-69,4,"","",YES,uploaded,"",2025-11-18 12:05:53.379771,159809,
Larimer,Thompson School District R2-J Board of Education Director District B,105-267-82,4,"""Mike Scholl""","""Mike Scholl""",YES,uploaded,"",2025-11-18 13:39:57.967505,179693,
Larimer,Thompson School District R2-J Board of Education Director District B,105-34-21,4,"","",YES,uploaded,"",2025-11-18 11:52:01.1061,22374,
Larimer,Thompson School District R2-J Board of Education Director District B,105-61-96,4,"""Mike Scholl""","""Mike Scholl""",YES,uploaded,"",2025-11-18 13:59:24.797141,39970,
Larimer,Thompson School District R2-J Board of Education Director District B,105-62-54,6,"""Mike Scholl""","""Mike Scholl""",YES,uploaded,"",2025-11-18 13:50:22.105396,40553,
Larimer,Thompson School District R2-J Board of Education Director District B,105-65-86,8,"","",YES,uploaded,"",2025-11-18 14:06:35.73666,41782,
Larimer,Thompson School District R2-J Board of Education Director District B,106-102-50,4,"""Mike Scholl""","""Mike Scholl""",YES,uploaded,"",2025-11-18 12:03:46.008212,66599,
Larimer,Thompson School District R2-J Board of Education Director District B,106-135-57,8,"""Mike Scholl""","""Mike Scholl""",YES,uploaded,"",2025-11-18 13:48:37.267509,86107,
Larimer,Thompson School District R2-J Board of Education Director District B,106-137-13,4,"","",YES,uploaded,"",2025-11-18 11:42:56.699664,87455,
Larimer,Thompson School District R2-J Board of Education Director District B,106-156-37,4,"""Mike Scholl""","""Mike Scholl""",YES,uploaded,"",2025-11-18 11:58:31.616758,99462,
Larimer,Thompson School District R2-J Board of Education Director District B,106-170-39,9,"""Mike Scholl""","""Mike Scholl""",YES,uploaded,"",2025-11-18 11:50:57.717288,105060,
Larimer,Thompson School District R2-J Board of Education Director District B,106-180-66,5,"","",YES,uploaded,"",2025-11-18 12:17:18.091237,111704,
Larimer,Thompson School District R2-J Board of Education Director District B,106-220-40,9,"","",YES,uploaded,"",2025-11-18 11:27:36.743789,138419,
Larimer,Thompson School District R2-J Board of Education Director District B,106-25-57,4,"""Mike Scholl""","""Mike Scholl""",YES,uploaded,"",2025-11-18 11:44:38.940653,18780,
Larimer,Thompson School District R2-J Board of Education Director District B,106-288-75,7,"""Mike Scholl""","""Mike Scholl""",YES,uploaded,"",2025-11-18 11:58:29.082959,178928,
Larimer,Thompson School District R2-J Board of Education Director District B,106-4-55,4,"""Mike Scholl""","""Mike Scholl""",YES,uploaded,"",2025-11-18 11:14:02.600167,5029,
Larimer,Thompson School District R2-J Board of Education Director District B,106-5-36,4,"","",YES,uploaded,"",2025-11-18 11:16:13.230977,5359,
Larimer,Thompson School District R2-J Board of Education Director District B,106-65-93,4,"""Mike Scholl""","""Mike Scholl""",YES,uploaded,"",2025-11-18 14:01:08.102493,42684,
Larimer,Thompson School District R2-J Board of Education Director District B,109-156-38,9,"","",YES,uploaded,"",2025-11-18 13:59:56.14897,131487,
Larimer,Thompson School District R2-J Board of Education Director District B,109-221-81,8,"""Mike Scholl""","""Mike Scholl""",YES,uploaded,"",2025-11-18 13:41:53.556639,193250,
Larimer,Thompson School District R2-J Board of Education Director District B,109-86-26,8,"","",YES,uploaded,"",2025-11-18 12:08:45.471186,70237,
Larimer,Thompson School District R2-J Board of Education Director District B,110-207-19,4,"","",YES,uploaded,"",2025-11-18 11:50:50.917989,179239,
Larimer,Thompson School District R2-J Board of Education Director District B,110-2-94,4,"""Mike Scholl""","""Mike Scholl""",YES,uploaded,"",2025-11-18 11:06:35.136199,4200,
Larimer,Thompson School District R2-J Board of Education Director District B,110-48-88,7,"","",YES,uploaded,"",2025-11-18 14:08:45.082714,42061,
Larimer,Thompson School District R2-J Board of Education Director District B,110-51-100,9,"""Mike Scholl""","""Mike Scholl""",YES,uploaded,"",2025-11-18 14:10:43.345304,44471,
Larimer,Thompson School District R2-J Board of Education Director District B,110-64-77,6,"","",YES,uploaded,"",2025-11-18 11:50:43.704437,56788,
Larimer,Thompson School District R2-J Board of Education Director District B,110-65-93,6,"","",YES,uploaded,"",2025-11-18 11:45:33.008865,57644,
Larimer,Thompson School District R2-J Board of Education Director District B,111-179-86,9,"""Mike Scholl""","""Mike Scholl""",YES,uploaded,"",2025-11-18 11:34:51.267822,136348,
Larimer,Thompson School District R2-J Board of Education Director District B,111-193-12,4,"","",YES,uploaded,"",2025-11-18 12:10:17.603312,146423,
Larimer,Thompson School District R2-J Board of Education Director District B,111-21-36,7,"""Mike Scholl""","""Mike Scholl""",YES,uploaded,"",2025-11-18 11:50:19.859071,18275,
Larimer,Thompson School District R2-J Board of Education Director District B,111-239-48,6,"""Mike Scholl""","""Mike Scholl""",YES,uploaded,"",2025-11-18 13:41:22.611386,178197,
Larimer,Thompson School District R2-J Board of Education Director District B,111-78-91,9,"""Mike Scholl""","""Mike Scholl""",YES,uploaded,"",2025-11-18 11:54:15.734063,65723,
Larimer,Thompson School District R2-J Board of Education Director District B,112-119-8,9,"""Mike Scholl""","""Mike Scholl""",YES,uploaded,"",2025-11-18 13:49:59.542431,84832,
Larimer,Thompson School District R2-J Board of Education Director District B,112-122-59,8,"","",YES,uploaded,"",2025-11-18 11:44:32.261424,87103,
Larimer,Thompson School District R2-J Board of Education Director District B,112-122-97,6,"","",YES,uploaded,"",2025-11-18 11:46:11.575135,87042,
Larimer,Thompson School District R2-J Board of Education Director District B,112-124-59,4,"""Mike Scholl""","""Mike Scholl""",YES,uploaded,"",2025-11-18 11:41:29.773766,88710,
Larimer,Thompson School District R2-J Board of Education Director District B,112-187-21,4,"""Mike Scholl""","""Mike Scholl""",YES,uploaded,"",2025-11-18 13:51:25.512613,131979,
Larimer,Thompson School District R2-J Board of Education Director District B,112-1-88,6,"""Mike Scholl""","""Mike Scholl""",YES,uploaded,"",2025-11-18 11:09:24.009136,3375,
Larimer,Thompson School District R2-J Board of Education Director District B,112-199-27,9,"""Mike Scholl""","""Mike Scholl""",YES,uploaded,"",2025-11-18 11:39:03.746095,139457,
Larimer,Thompson School District R2-J Board of Education Director District B,112-273-20,8,"","",YES,uploaded,"",2025-11-18 13:43:04.940147,194123,
Larimer,Thompson School District R2-J Board of Education Director District E,103-169-36,4,"""Mary Buchanan""","""Mary Buchanan""",YES,uploaded,"",2025-11-18 12:13:27.66095,158345,
Larimer,Thompson School District R2-J Board of Education Director District E,103-187-83,6,"""Alexandra Lessem""","""Alexandra Lessem""",YES,uploaded,"",2025-11-18 13:38:51.642198,179151,
Larimer,Thompson School District R2-J Board of Education Director District E,103-190-74,9,"""Mary Buchanan""","""Mary Buchanan""",YES,uploaded,"",2025-11-18 11:53:30.785191,181896,
Larimer,Thompson School District R2-J Board of Education Director District E,103-196-34,4,"""Alexandra Lessem""","""Alexandra Lessem""",YES,uploaded,"",2025-11-18 13:50:49.404244,185700,
Larimer,Thompson School District R2-J Board of Education Director District E,103-196-79,8,"""Alexandra Lessem""","""Alexandra Lessem""",YES,uploaded,"",2025-11-18 13:52:07.725667,185678,
Larimer,Thompson School District R2-J Board of Education Director District E,103-196-90,9,"""Mary Buchanan""","""Mary Buchanan""",YES,uploaded,"",2025-11-18 13:53:25.737746,185707,
Larimer,Thompson School District R2-J Board of Education Director District E,103-203-11,4,"""Alexandra Lessem""","""Alexandra Lessem""",YES,uploaded,"",2025-11-18 13:34:01.876841,192792,
Larimer,Thompson School District R2-J Board of Education Director District E,103-56-18,8,"""Alexandra Lessem""","""Alexandra Lessem""",YES,uploaded,"",2025-11-18 11:34:00.532674,50849,
Larimer,Thompson School District R2-J Board of Education Director District E,103-72-63,4,"""Mary Buchanan""","""Mary Buchanan""",YES,uploaded,"",2025-11-18 12:00:36.587448,66501,
Larimer,Thompson School District R2-J Board of Education Director District E,104-150-60,9,"""Mary Buchanan""","""Mary Buchanan""",YES,uploaded,"",2025-11-18 13:52:49.318259,121446,
Larimer,Thompson School District R2-J Board of Education Director District E,104-163-51,9,"","",YES,uploaded,"",2025-11-18 13:50:06.969805,131663,
Larimer,Thompson School District R2-J Board of Education Director District E,104-49-73,4,"""Mary Buchanan""","""Mary Buchanan""",YES,uploaded,"",2025-11-18 11:23:03.444934,41456,
Larimer,Thompson School District R2-J Board of Education Director District E,105-178-32,7,"""Mary Buchanan""","""Mary Buchanan""",YES,uploaded,"",2025-11-18 13:58:21.312002,117197,
Larimer,Thompson School District R2-J Board of Education Director District E,105-200-86,9,"""Alexandra Lessem""","""Alexandra Lessem""",YES,uploaded,"",2025-11-18 11:40:40.451876,135831,
Larimer,Thompson School District R2-J Board of Education Director District E,105-221-86,8,"""Alexandra Lessem""","""Alexandra Lessem""",YES,uploaded,"",2025-11-18 12:11:45.771028,151268,
Larimer,Thompson School District R2-J Board of Education Director District E,105-235-69,5,"","",YES,uploaded,"",2025-11-18 12:21:33.823615,157884,
Larimer,Thompson School District R2-J Board of Education Director District E,105-237-51,4,"""Alexandra Lessem""","""Alexandra Lessem""",YES,uploaded,"",2025-11-18 12:15:42.256518,158618,
Larimer,Thompson School District R2-J Board of Education Director District E,105-238-51,4,"""Mary Buchanan""","""Mary Buchanan""",YES,uploaded,"",2025-11-18 12:16:49.878572,159506,
Larimer,Thompson School District R2-J Board of Education Director District E,105-239-69,4,"""Mary Buchanan""","""Mary Buchanan""",YES,uploaded,"",2025-11-18 12:05:53.379771,159809,
Larimer,Thompson School District R2-J Board of Education Director District E,105-267-82,4,"""Mary Buchanan""","""Mary Buchanan""",YES,uploaded,"",2025-11-18 13:39:57.967505,179693,
Larimer,Thompson School District R2-J Board of Education Director District E,105-34-21,4,"""Mary Buchanan""","""Mary Buchanan""",YES,uploaded,"",2025-11-18 11:52:01.1061,22374,
Larimer,Thompson School District R2-J Board of Education Director District E,105-61-96,4,"""Mary Buchanan""","""Mary Buchanan""",YES,uploaded,"",2025-11-18 13:59:24.797141,39970,
Larimer,Thompson School District R2-J Board of Education Director District E,105-62-54,6,"""Mary Buchanan""","""Mary Buchanan""",YES,uploaded,"",2025-11-18 13:50:22.105396,40553,
Larimer,Thompson School District R2-J Board of Education Director District E,105-65-86,8,"""Alexandra Lessem""","""Alexandra Lessem""",YES,uploaded,"",2025-11-18 14:06:35.73666,41782,
Larimer,Thompson School District R2-J Board of Education Director District E,106-102-50,4,"""Mary Buchanan""","""Mary Buchanan""",YES,uploaded,"",2025-11-18 12:03:46.008212,66599,
Larimer,Thompson School District R2-J Board of Education Director District E,106-135-57,8,"""Alexandra Lessem""","""Alexandra Lessem""",YES,uploaded,"",2025-11-18 13:48:37.267509,86107,
Larimer,Thompson School District R2-J Board of Education Director District E,106-137-13,4,"","",YES,uploaded,"",2025-11-18 11:42:56.699664,87455,
Larimer,Thompson School District R2-J Board of Education Director District E,106-156-37,4,"""Mary Buchanan""","""Mary Buchanan""",YES,uploaded,"",2025-11-18 11:58:31.616758,99462,
Larimer,Thompson School District R2-J Board of Education Director District E,106-170-39,9,"""Mary Buchanan""","""Mary Buchanan""",YES,uploaded,"",2025-11-18 11:50:57.717288,105060,
Larimer,Thompson School District R2-J Board of Education Director District E,106-180-66,5,"","",YES,uploaded,"",2025-11-18 12:17:18.091237,111704,
Larimer,Thompson School District R2-J Board of Education Director District E,106-220-40,9,"","",YES,uploaded,"",2025-11-18 11:27:36.743789,138419,
Larimer,Thompson School District R2-J Board of Education Director District E,106-25-57,4,"""Mary Buchanan""","""Mary Buchanan""",YES,uploaded,"",2025-11-18 11:44:38.940653,18780,
Larimer,Thompson School District R2-J Board of Education Director District E,106-288-75,7,"""Alexandra Lessem""","""Alexandra Lessem""",YES,uploaded,"",2025-11-18 11:58:29.082959,178928,
Larimer,Thompson School District R2-J Board of Education Director District E,106-4-55,4,"""Alexandra Lessem""","""Alexandra Lessem""",YES,uploaded,"",2025-11-18 11:14:02.600167,5029,
Larimer,Thompson School District R2-J Board of Education Director District E,106-5-36,4,"""Mary Buchanan""","""Mary Buchanan""",YES,uploaded,"",2025-11-18 11:16:13.230977,5359,
Larimer,Thompson School District R2-J Board of Education Director District E,106-65-93,4,"""Alexandra Lessem""","""Alexandra Lessem""",YES,uploaded,"",2025-11-18 14:01:08.102493,42684,
Larimer,Thompson School District R2-J Board of Education Director District E,109-156-38,9,"""Alexandra Lessem""","""Alexandra Lessem""",YES,uploaded,"",2025-11-18 13:59:56.14897,131487,
Larimer,Thompson School District R2-J Board of Education Director District E,109-221-81,8,"""Alexandra Lessem""","""Alexandra Lessem""",YES,uploaded,"",2025-11-18 13:41:53.556639,193250,
Larimer,Thompson School District R2-J Board of Education Director District E,109-86-26,8,"""Alexandra Lessem""","""Alexandra Lessem""",YES,uploaded,"",2025-11-18 12:08:45.471186,70237,
Larimer,Thompson School District R2-J Board of Education Director District E,110-207-19,4,"""Mary Buchanan""","""Mary Buchanan""",YES,uploaded,"",2025-11-18 11:50:50.917989,179239,
Larimer,Thompson School District R2-J Board of Education Director District E,110-2-94,4,"""Alexandra Lessem""","""Alexandra Lessem""",YES,uploaded,"",2025-11-18 11:06:35.136199,4200,
Larimer,Thompson School District R2-J Board of Education Director District E,110-48-88,7,"","",YES,uploaded,"",2025-11-18 14:08:45.082714,42061,
Larimer,Thompson School District R2-J Board of Education Director District E,110-51-100,9,"""Alexandra Lessem""","""Alexandra Lessem""",YES,uploaded,"",2025-11-18 14:10:43.345304,44471,
Larimer,Thompson School District R2-J Board of Education Director District E,110-64-77,6,"""Mary Buchanan""","""Mary Buchanan""",YES,uploaded,"",2025-11-18 11:50:43.704437,56788,
Larimer,Thompson School District R2-J Board of Education Director District E,110-65-93,6,"""Mary Buchanan""","""Mary Buchanan""",YES,uploaded,"",2025-11-18 11:45:33.008865,57644,
Larimer,Thompson School District R2-J Board of Education Director District E,111-179-86,9,"""Alexandra Lessem""","""Alexandra Lessem""",YES,uploaded,"",2025-11-18 11:34:51.267822,136348,
Larimer,Thompson School District R2-J Board of Education Director District E,111-193-12,4,"""Mary Buchanan""","""Mary Buchanan""",YES,uploaded,"",2025-11-18 12:10:17.603312,146423,
Larimer,Thompson School District R2-J Board of Education Director District E,111-21-36,7,"""Alexandra Lessem""","""Alexandra Lessem""",YES,uploaded,"",2025-11-18 11:50:19.859071,18275,
Larimer,Thompson School District R2-J Board of Education Director District E,111-239-48,6,"""Alexandra Lessem""","""Alexandra Lessem""",YES,uploaded,"",2025-11-18 13:41:22.611386,178197,
Larimer,Thompson School District R2-J Board of Education Director District E,111-78-91,9,"""Alexandra Lessem""","""Alexandra Lessem""",YES,uploaded,"",2025-11-18 11:54:15.734063,65723,
Larimer,Thompson School District R2-J Board of Education Director District E,112-119-8,9,"""Alexandra Lessem""","""Alexandra Lessem""",YES,uploaded,"",2025-11-18 13:49:59.542431,84832,
Larimer,Thompson School District R2-J Board of Education Director District E,112-122-59,8,"""Mary Buchanan""","""Mary Buchanan""",YES,uploaded,"",2025-11-18 11:44:32.261424,87103,
Larimer,Thompson School District R2-J Board of Education Director District E,112-122-97,6,"""Alexandra Lessem""","""Alexandra Lessem""",YES,uploaded,"",2025-11-18 11:46:11.575135,87042,
Larimer,Thompson School District R2-J Board of Education Director District E,112-124-59,4,"""Mary Buchanan""","""Mary Buchanan""",YES,uploaded,"",2025-11-18 11:41:29.773766,88710,
Larimer,Thompson School District R2-J Board of Education Director District E,112-187-21,4,"""Alexandra Lessem""","""Alexandra Lessem""",YES,uploaded,"",2025-11-18 13:51:25.512613,131979,
Larimer,Thompson School District R2-J Board of Education Director District E,112-1-88,6,"""Alexandra Lessem""","""Alexandra Lessem""",YES,uploaded,"",2025-11-18 11:09:24.009136,3375,
Larimer,Thompson School District R2-J Board of Education Director District E,112-199-27,9,"""Alexandra Lessem""","""Alexandra Lessem""",YES,uploaded,"",2025-11-18 11:39:03.746095,139457,
Larimer,Thompson School District R2-J Board of Education Director District E,112-273-20,8,"""Alexandra Lessem""","""Alexandra Lessem""",YES,uploaded,"",2025-11-18 13:43:04.940147,194123,
Larimer,Thompson School District R2-J Board of Education Director District F,103-169-36,4,"""Lori Goebel""","""Lori Goebel""",YES,uploaded,"",2025-11-18 12:13:27.66095,158345,
Larimer,Thompson School District R2-J Board of Education Director District F,103-187-83,6,"""Dmitri Atrash""","""Dmitri Atrash""",YES,uploaded,"",2025-11-18 13:38:51.642198,179151,
Larimer,Thompson School District R2-J Board of Education Director District F,103-190-74,9,"""Lori Goebel""","""Lori Goebel""",YES,uploaded,"",2025-11-18 11:53:30.785191,181896,
Larimer,Thompson School District R2-J Board of Education Director District F,103-196-34,4,"""Dmitri Atrash""","""Dmitri Atrash""",YES,uploaded,"",2025-11-18 13:50:49.404244,185700,
Larimer,Thompson School District R2-J Board of Education Director District F,103-196-79,8,"""Lori Goebel""","""Lori Goebel""",YES,uploaded,"",2025-11-18 13:52:07.725667,185678,
Larimer,Thompson School District R2-J Board of Education Director District F,103-196-90,9,"""Lori Goebel""","""Lori Goebel""",YES,uploaded,"",2025-11-18 13:53:25.737746,185707,
Larimer,Thompson School District R2-J Board of Education Director District F,103-203-11,4,"""Lori Goebel""","""Lori Goebel""",YES,uploaded,"",2025-11-18 13:34:01.876841,192792,
Larimer,Thompson School District R2-J Board of Education Director District F,103-56-18,8,"""Dmitri Atrash""","""Dmitri Atrash""",YES,uploaded,"",2025-11-18 11:34:00.532674,50849,
Larimer,Thompson School District R2-J Board of Education Director District F,103-72-63,4,"""Lori Goebel""","""Lori Goebel""",YES,uploaded,"",2025-11-18 12:00:36.587448,66501,
Larimer,Thompson School District R2-J Board of Education Director District F,104-150-60,9,"""Lori Goebel""","""Lori Goebel""",YES,uploaded,"",2025-11-18 13:52:49.318259,121446,
Larimer,Thompson School District R2-J Board of Education Director District F,104-163-51,9,"","",YES,uploaded,"",2025-11-18 13:50:06.969805,131663,
Larimer,Thompson School District R2-J Board of Education Director District F,104-49-73,4,"""Lori Goebel""","""Lori Goebel""",YES,uploaded,"",2025-11-18 11:23:03.444934,41456,
Larimer,Thompson School District R2-J Board of Education Director District F,105-178-32,7,"""Lori Goebel""","""Lori Goebel""",YES,uploaded,"",2025-11-18 13:58:21.312002,117197,
Larimer,Thompson School District R2-J Board of Education Director District F,105-200-86,9,"""Dmitri Atrash""","""Dmitri Atrash""",YES,uploaded,"",2025-11-18 11:40:40.451876,135831,
Larimer,Thompson School District R2-J Board of Education Director District F,105-221-86,8,"""Dmitri Atrash""","""Dmitri Atrash""",YES,uploaded,"",2025-11-18 12:11:45.771028,151268,
Larimer,Thompson School District R2-J Board of Education Director District F,105-235-69,5,"""Lori Goebel""","""Lori Goebel""",YES,uploaded,"",2025-11-18 12:21:33.823615,157884,
Larimer,Thompson School District R2-J Board of Education Director District F,105-237-51,4,"""Dmitri Atrash""","""Dmitri Atrash""",YES,uploaded,"",2025-11-18 12:15:42.256518,158618,
Larimer,Thompson School District R2-J Board of Education Director District F,105-238-51,4,"""Lori Goebel""","""Lori Goebel""",YES,uploaded,"",2025-11-18 12:16:49.878572,159506,
Larimer,Thompson School District R2-J Board of Education Director District F,105-239-69,4,"""Lori Goebel""","""Lori Goebel""",YES,uploaded,"",2025-11-18 12:05:53.379771,159809,
Larimer,Thompson School District R2-J Board of Education Director District F,105-267-82,4,"""Lori Goebel""","""Lori Goebel""",YES,uploaded,"",2025-11-18 13:39:57.967505,179693,
Larimer,Thompson School District R2-J Board of Education Director District F,105-34-21,4,"""Lori Goebel""","""Lori Goebel""",YES,uploaded,"",2025-11-18 11:52:01.1061,22374,
Larimer,Thompson School District R2-J Board of Education Director District F,105-61-96,4,"""Lori Goebel""","""Lori Goebel""",YES,uploaded,"",2025-11-18 13:59:24.797141,39970,
Larimer,Thompson School District R2-J Board of Education Director District F,105-62-54,6,"""Lori Goebel""","""Lori Goebel""",YES,uploaded,"",2025-11-18 13:50:22.105396,40553,
Larimer,Thompson School District R2-J Board of Education Director District F,105-65-86,8,"""Lori Goebel""","""Lori Goebel""",YES,uploaded,"",2025-11-18 14:06:35.73666,41782,
Larimer,Thompson School District R2-J Board of Education Director District F,106-102-50,4,"""Lori Goebel""","""Lori Goebel""",YES,uploaded,"",2025-11-18 12:03:46.008212,66599,
Larimer,Thompson School District R2-J Board of Education Director District F,106-135-57,8,"""Dmitri Atrash""","""Dmitri Atrash""",YES,uploaded,"",2025-11-18 13:48:37.267509,86107,
Larimer,Thompson School District R2-J Board of Education Director District F,106-137-13,4,"","",YES,uploaded,"",2025-11-18 11:42:56.699664,87455,
Larimer,Thompson School District R2-J Board of Education Director District F,106-156-37,4,"""Lori Goebel""","""Lori Goebel""",YES,uploaded,"",2025-11-18 11:58:31.616758,99462,
Larimer,Thompson School District R2-J Board of Education Director District F,106-170-39,9,"""Lori Goebel""","""Lori Goebel""",YES,uploaded,"",2025-11-18 11:50:57.717288,105060,
Larimer,Thompson School District R2-J Board of Education Director District F,106-180-66,5,"","",YES,uploaded,"",2025-11-18 12:17:18.091237,111704,
Larimer,Thompson School District R2-J Board of Education Director District F,106-220-40,9,"","",YES,uploaded,"",2025-11-18 11:27:36.743789,138419,
Larimer,Thompson School District R2-J Board of Education Director District F,106-25-57,4,"""Dmitri Atrash""","""Dmitri Atrash""",YES,uploaded,"",2025-11-18 11:44:38.940653,18780,
Larimer,Thompson School District R2-J Board of Education Director District F,106-288-75,7,"""Dmitri Atrash""","""Dmitri Atrash""",YES,uploaded,"",2025-11-18 11:58:29.082959,178928,
Larimer,Thompson School District R2-J Board of Education Director District F,106-4-55,4,"""Lori Goebel""","""Lori Goebel""",YES,uploaded,"",2025-11-18 11:14:02.600167,5029,
Larimer,Thompson School District R2-J Board of Education Director District F,106-5-36,4,"""Lori Goebel""","""Lori Goebel""",YES,uploaded,"",2025-11-18 11:16:13.230977,5359,
Larimer,Thompson School District R2-J Board of Education Director District F,106-65-93,4,"""Dmitri Atrash""","""Dmitri Atrash""",YES,uploaded,"",2025-11-18 14:01:08.102493,42684,
Larimer,Thompson School District R2-J Board of Education Director District F,109-156-38,9,"""Dmitri Atrash""","""Dmitri Atrash""",YES,uploaded,"",2025-11-18 13:59:56.14897,131487,
Larimer,Thompson School District R2-J Board of Education Director District F,109-221-81,8,"""Dmitri Atrash""","""Dmitri Atrash""",YES,uploaded,"",2025-11-18 13:41:53.556639,193250,
Larimer,Thompson School District R2-J Board of Education Director District F,109-86-26,8,"""Dmitri Atrash""","""Dmitri Atrash""",YES,uploaded,"",2025-11-18 12:08:45.471186,70237,
Larimer,Thompson School District R2-J Board of Education Director District F,110-207-19,4,"""Lori Goebel""","""Lori Goebel""",YES,uploaded,"",2025-11-18 11:50:50.917989,179239,
Larimer,Thompson School District R2-J Board of Education Director District F,110-2-94,4,"""Dmitri Atrash""","""Dmitri Atrash""",YES,uploaded,"",2025-11-18 11:06:35.136199,4200,
Larimer,Thompson School District R2-J Board of Education Director District F,110-48-88,7,"","",YES,uploaded,"",2025-11-18 14:08:45.082714,42061,
Larimer,Thompson School District R2-J Board of Education Director District F,110-51-100,9,"""Dmitri Atrash""","""Dmitri Atrash""",YES,uploaded,"",2025-11-18 14:10:43.345304,44471,
Larimer,Thompson School District R2-J Board of Education Director District F,110-64-77,6,"""Lori Goebel""","""Lori Goebel""",YES,uploaded,"",2025-11-18 11:50:43.704437,56788,
Larimer,Thompson School District R2-J Board of Education Director District F,110-65-93,6,"""Lori Goebel""","""Lori Goebel""",YES,uploaded,"",2025-11-18 11:45:33.008865,57644,
Larimer,Thompson School District R2-J Board of Education Director District F,111-179-86,9,"""Dmitri Atrash""","""Dmitri Atrash""",YES,uploaded,"",2025-11-18 11:34:51.267822,136348,
Larimer,Thompson School District R2-J Board of Education Director District F,111-193-12,4,"""Lori Goebel""","""Lori Goebel""",YES,uploaded,"",2025-11-18 12:10:17.603312,146423,
Larimer,Thompson School District R2-J Board of Education Director District F,111-21-36,7,"""Dmitri Atrash""","""Dmitri Atrash""",YES,uploaded,"",2025-11-18 11:50:19.859071,18275,
Larimer,Thompson School District R2-J Board of Education Director District F,111-239-48,6,"""Dmitri Atrash""","""Dmitri Atrash""",YES,uploaded,"",2025-11-18 13:41:22.611386,178197,
Larimer,Thompson School District R2-J Board of Education Director District F,111-78-91,9,"""Dmitri Atrash""","""Dmitri Atrash""",YES,uploaded,"",2025-11-18 11:54:15.734063,65723,
Larimer,Thompson School District R2-J Board of Education Director District F,112-119-8,9,"""Dmitri Atrash""","""Dmitri Atrash""",YES,uploaded,"",2025-11-18 13:49:59.542431,84832,
Larimer,Thompson School District R2-J Board of Education Director District F,112-122-59,8,"""Lori Goebel""","""Lori Goebel""",YES,uploaded,"",2025-11-18 11:44:32.261424,87103,
Larimer,Thompson School District R2-J Board of Education Director District F,112-122-97,6,"""Dmitri Atrash""","""Dmitri Atrash""",YES,uploaded,"",2025-11-18 11:46:11.575135,87042,
Larimer,Thompson School District R2-J Board of Education Director District F,112-124-59,4,"""Lori Goebel""","""Lori Goebel""",YES,uploaded,"",2025-11-18 11:41:29.773766,88710,
Larimer,Thompson School District R2-J Board of Education Director District F,112-187-21,4,"""Dmitri Atrash""","""Dmitri Atrash""",YES,uploaded,"",2025-11-18 13:51:25.512613,131979,
Larimer,Thompson School District R2-J Board of Education Director District F,112-1-88,6,"""Lori Goebel""","""Lori Goebel""",YES,uploaded,"",2025-11-18 11:09:24.009136,3375,
Larimer,Thompson School District R2-J Board of Education Director District F,112-199-27,9,"""Dmitri Atrash""","""Dmitri Atrash""",YES,uploaded,"",2025-11-18 11:39:03.746095,139457,
Larimer,Thompson School District R2-J Board of Education Director District F,112-273-20,8,"""Dmitri Atrash""","""Dmitri Atrash""",YES,uploaded,"",2025-11-18 13:43:04.940147,194123,
Larimer,Town of Estes Park Ballot Question 300,104-162-51,3,"""No/Against""","""No/Against""",YES,uploaded,"",2025-11-18 11:41:45.211149,130980,
Larimer,Town of Estes Park Ballot Question 300,105-234-39,3,"""Yes/For""","""Yes/For""",YES,uploaded,"",2025-11-18 12:14:36.392514,156892,
Larimer,Town of Estes Park Ballot Question 300,105-46-61,3,"""Yes/For""","""Yes/For""",YES,uploaded,"",2025-11-18 13:32:02.623401,32169,
Larimer,Town of Estes Park Ballot Question 300,106-29-79,3,"""No/Against""","""No/Against""",YES,uploaded,"",2025-11-18 11:45:50.558782,21326,
Larimer,Town of Estes Park Ballot Question 300,106-31-36,3,"""Yes/For""","""Yes/For""",YES,uploaded,"",2025-11-18 12:05:42.007552,22253,
Larimer,Town of Estes Park Ballot Question 300,109-14-1,3,"""Yes/For""","""Yes/For""",YES,uploaded,"",2025-11-18 11:35:03.94467,15449,
Larimer,Town of Estes Park Ballot Question 300,109-174-50,3,"""No/Against""","""No/Against""",YES,uploaded,"",2025-11-18 13:56:10.328483,146810,
Larimer,Town of Estes Park Ballot Question 301,104-162-51,3,"""No/Against""","""No/Against""",YES,uploaded,"",2025-11-18 11:41:45.211149,130980,
Larimer,Town of Estes Park Ballot Question 301,105-234-39,3,"""Yes/For""","""Yes/For""",YES,uploaded,"",2025-11-18 12:14:36.392514,156892,
Larimer,Town of Estes Park Ballot Question 301,105-46-61,3,"""No/Against""","""No/Against""",YES,uploaded,"",2025-11-18 13:32:02.623401,32169,
Larimer,Town of Estes Park Ballot Question 301,106-29-79,3,"""No/Against""","""No/Against""",YES,uploaded,"",2025-11-18 11:45:50.558782,21326,
Larimer,Town of Estes Park Ballot Question 301,106-31-36,3,"""No/Against""","""No/Against""",YES,uploaded,"",2025-11-18 12:05:42.007552,22253,
Larimer,Town of Estes Park Ballot Question 301,109-14-1,3,"""No/Against""","""No/Against""",YES,uploaded,"",2025-11-18 11:35:03.94467,15449,
Larimer,Town of Estes Park Ballot Question 301,109-174-50,3,"""No/Against""","""No/Against""",YES,uploaded,"",2025-11-18 13:56:10.328483,146810,
Larimer,Town of Timnath Ballot Issue 3A,102-2-17,15,"""No/Against""","""No/Against""",YES,uploaded,"",2025-11-18 11:00:09.159372,2987,
Larimer,Town of Timnath Ballot Issue 3A,102-2-48,15,"""Yes/For""","""Yes/For""",YES,uploaded,"",2025-11-18 11:03:15.733873,2995,
Larimer,Town of Timnath Ballot Issue 3A,105-137-29,15,"""Yes/For""","""Yes/For""",YES,uploaded,"",2025-11-18 11:39:39.870833,88794,
Larimer,Town of Timnath Ballot Issue 3A,105-23-20,15,"""No/Against""","""No/Against""",YES,uploaded,"",2025-11-18 11:33:44.142935,15916,
Larimer,Town of Timnath Ballot Issue 3A,111-169-31,15,"""Yes/For""","""Yes/For""",YES,uploaded,"",2025-11-18 13:54:50.391238,130072,
Larimer,Town of Timnath Ballot Issue 3A,111-251-8,15,"""No/Against""","""No/Against""",YES,uploaded,"",2025-11-18 12:08:12.90756,185533,
Larimer,Wellington Fire Protection District Ballot Issue 6D,104-160-67,21,"""No/Against""","""No/Against""",YES,uploaded,"",2025-11-18 13:53:49.656293,129391,
Larimer,Wellington Fire Protection District Ballot Issue 6D,105-146-62,21,"""Yes/For""","""Yes/For""",YES,uploaded,"",2025-11-18 11:57:00.603286,95319,
Larimer,Wellington Fire Protection District Ballot Issue 6D,109-1-21,21,"""No/Against""","""No/Against""",YES,uploaded,"",2025-11-18 11:18:04.110614,6236,
Larimer,Wellington Fire Protection District Ballot Issue 6D,109-217-55,21,"""No/Against""","""No/Against""",YES,uploaded,"",2025-11-18 12:04:30.966439,189818,
Larimer,Wellington Fire Protection District Ballot Issue 6D,110-199-40,21,"""No/Against""","""No/Against""",YES,uploaded,"",2025-11-18 12:00:50.131587,173907,
Larimer,Wellington Fire Protection District Ballot Issue 6D,110-199-56,21,"""Yes/For""","""Yes/For""",YES,uploaded,"",2025-11-18 12:02:01.132364,173951,
Larimer,Wellington Fire Protection District Ballot Issue 6D,110-68-43,21,"""Yes/For""","""Yes/For""",YES,uploaded,"",2025-11-18 11:51:51.646272,59974,
Larimer,Wellington Fire Protection District Ballot Issue 6D,111-172-64,21,"""No/Against""","""No/Against""",YES,uploaded,"",2025-11-18 11:46:11.073425,132184,
