county,contest,record_type,cvr_number,imprinted_id,raw_vote,valid_interpretation
Larimer,City of Fort Collins Mayor,UPLOADED,190,101-1-61,"""Shirley Peel(1)"",""Jeffrey Shumway(7)""","""Shirley Peel"""
Larimer,City of Fort Collins Mayor,UPLOADED,192,101-1-76,"""Shirley Peel(1)"",""Shirley Peel(2)"",""Shirley Peel(3)"",""Shirley Peel(4)"",""Shirley Peel(5)"",""Shirley Peel(6)"",""Shirley Peel(7)""","""Shirley Peel"""
Larimer,City of Fort Collins Mayor,UPLOADED,193,101-1-78,"""Shirley Peel(1)"",""Shirley Peel(2)"",""Shirley Peel(3)"",""Shirley Peel(4)"",""Shirley Peel(5)"",""Shirley Peel(6)"",""Shirley Peel(7)""","""Shirley Peel"""
Larimer,City of Fort Collins Mayor,UPLOADED,195,101-1-14,"""Emily Francis(1)"",""Shirley Peel(2)"",""Jeffrey Shumway(3)"",""Scotty V VanTatenhove(4)"",""Jeffrey Shumway(5)"",""Adam Hirschhorn(6)"",""Adam Eggleston(7)""","""Emily Francis"",""Shirley Peel"",""Jeffrey Shumway"",""Scotty V VanTatenhove"""
Larimer,City of Fort Collins Mayor,UPLOADED,197,101-1-75,"""Shirley Peel(1)"",""Shirley Peel(2)"",""Shirley Peel(3)"",""Shirley Peel(4)"",""Shirley Peel(5)"",""Shirley Peel(6)"",""Shirley Peel(7)""","""Shirley Peel"""
Larimer,City of Fort Collins Mayor,UPLOADED,198,101-1-48,"""Tricia Canonico(1)"",""Emily Francis(2)"",""Adam Hirschhorn(7)""","""Tricia Canonico"",""Emily Francis"""
Larimer,City of Fort Collins Mayor,UPLOADED,1743,106-2-4,"""Scotty V VanTatenhove(1)"",""Adam Hirschhorn(2)"",""Adam Eggleston(3)"",""Tricia Canonico(4)"",""Adam Eggleston(5)"",""Shirley Peel(6)"",""Jeffrey Shumway(7)""","""Scotty V VanTatenhove"",""Adam Hirschhorn"",""Adam Eggleston"",""Tricia Canonico"""
Larimer,City of Fort Collins Mayor,UPLOADED,1744,106-2-8,"""Emily Francis(1)"",""Scotty V VanTatenhove(2)"",""Tricia Canonico(3)"",""Shirley Peel(4)"",""Adam Eggleston(5)"",""Scotty V VanTatenhove(6)"",""Jeffrey Shumway(7)""","""Emily Francis"",""Scotty V VanTatenhove"",""Tricia Canonico"",""Shirley Peel"",""Adam Eggleston"""
Larimer,City of Fort Collins Mayor,UPLOADED,1745,106-2-39,"""Tricia Canonico(1)"",""Emily Francis(2)"",""Scotty V VanTatenhove(3)"",""Jeffrey Shumway(4)"",""Adam Hirschhorn(5)"",""Adam Eggleston(6)"",""Jeffrey Shumway(7)""","""Tricia Canonico"",""Emily Francis"",""Scotty V VanTatenhove"",""Jeffrey Shumway"",""Adam Hirschhorn"",""Adam Eggleston"""
Larimer,City of Fort Collins Mayor,UPLOADED,1746,106-2-11,"""Shirley Peel(1)"",""Emily Francis(2)"",""Tricia Canonico(3)"",""Tricia Canonico(4)"",""Adam Hirschhorn(5)"",""Shirley Peel(6)"",""Jeffrey Shumway(7)""","""Shirley Peel"",""Emily Francis"",""Tricia Canonico"""
Larimer,City of Fort Collins Mayor,UPLOADED,1747,106-2-13,"""Adam Eggleston(1)"",""Shirley Peel(2)"",""Jeffrey Shumway(3)"",""Tricia Canonico(4)"",""Emily Francis(5)"",""Jeffrey Shumway(6)"",""Scotty V VanTatenhove(7)""","""Adam Eggleston"",""Shirley Peel"",""Jeffrey Shumway"",""Tricia Canonico"",""Emily Francis"""
Larimer,City of Fort Collins Mayor,UPLOADED,2135,105-2-14,"""Tricia Canonico(7)"",""Adam Eggleston(7)"",""Emily Francis(7)"",""Adam Hirschhorn(7)"",""Shirley Peel(7)"",""Jeffrey Shumway(7)"",""Scotty V VanTatenhove(7)""",""
Larimer,City of Fort Collins Mayor,UPLOADED,2136,105-2-51,"""Adam Eggleston(1)"",""Emily Francis(2)"",""Adam Hirschhorn(3)"",""Tricia Canonico(4)"",""Jeffrey Shumway(5)"",""Scotty V VanTatenhove(6)"",""Tricia Canonico(7)""","""Adam Eggleston"",""Emily Francis"",""Adam Hirschhorn"",""Tricia Canonico"",""Jeffrey Shumway"",""Scotty V VanTatenhove"""
Larimer,City of Fort Collins Mayor,UPLOADED,2138,105-2-18,"""Tricia Canonico(1)"",""Adam Hirschhorn(1)"",""Adam Eggleston(2)"",""Scotty V VanTatenhove(4)"",""Emily Francis(6)"",""Shirley Peel(6)""",""
Larimer,City of Fort Collins Councilmember - District 1,UPLOADED,2139,105-2-39,"""Susan Gutowsky(1)"",""Susan Gutowsky(2)"",""Daisy Montgomery(3)""","""Susan Gutowsky"""
Larimer,City of Fort Collins Mayor,UPLOADED,2140,105-2-19,"""Emily Francis(1)"",""Tricia Canonico(2)"",""Adam Eggleston(3)"",""Adam Hirschhorn(4)"",""Scotty V VanTatenhove(4)"",""Shirley Peel(5)"",""Jeffrey Shumway(6)""","""Emily Francis"",""Tricia Canonico"",""Adam Eggleston"""
Larimer,City of Fort Collins Mayor,UPLOADED,2333,111-4-70,"""Tricia Canonico(7)""",""
Larimer,City of Fort Collins Mayor,UPLOADED,2336,111-4-85,"""Tricia Canonico(1)"",""Jeffrey Shumway(2)"",""Scotty V VanTatenhove(3)"",""Shirley Peel(4)"",""Adam Hirschhorn(5)"",""Emily Francis(6)"",""Tricia Canonico(7)""","""Tricia Canonico"",""Jeffrey Shumway"",""Scotty V VanTatenhove"",""Shirley Peel"",""Adam Hirschhorn"",""Emily Francis"""
Larimer,City of Fort Collins Mayor,UPLOADED,2337,111-4-62,"""Tricia Canonico(1)"",""Emily Francis(2)"",""Jeffrey Shumway(3)"",""Shirley Peel(4)"",""Adam Eggleston(5)"",""Jeffrey Shumway(6)"",""Adam Hirschhorn(7)""","""Tricia Canonico"",""Emily Francis"",""Jeffrey Shumway"",""Shirley Peel"",""Adam Eggleston"""
Larimer,City of Fort Collins Mayor,UPLOADED,2340,111-4-65,"""Emily Francis(1)"",""Adam Eggleston(2)"",""Emily Francis(3)"",""Scotty V VanTatenhove(4)"",""Adam Hirschhorn(5)"",""Shirley Peel(6)"",""Jeffrey Shumway(7)""","""Emily Francis"",""Adam Eggleston"""
Larimer,City of Fort Collins Mayor,UPLOADED,2341,111-4-97,"""Emily Francis(1)"",""Jeffrey Shumway(2)"",""Tricia Canonico(3)"",""Adam Hirschhorn(4)"",""Scotty V VanTatenhove(5)"",""Jeffrey Shumway(6)"",""Tricia Canonico(7)""","""Emily Francis"",""Jeffrey Shumway"",""Tricia Canonico"",""Adam Hirschhorn"",""Scotty V VanTatenhove"""
Larimer,City of Fort Collins Mayor,UPLOADED,2891,110-5-8,"""Emily Francis(1)"",""Tricia Canonico(2)"",""Shirley Peel(3)"",""Tricia Canonico(4)"",""Adam Eggleston(5)"",""Jeffrey Shumway(6)"",""Scotty V VanTatenhove(7)""","""Emily Francis"",""Tricia Canonico"",""Shirley Peel"""
Larimer,City of Fort Collins Mayor,UPLOADED,2892,110-5-16,"""Emily Francis(1)"",""Adam Hirschhorn(2)"",""Tricia Canonico(3)"",""Jeffrey Shumway(5)"",""Scotty V VanTatenhove(6)"",""Shirley Peel(7)""","""Emily Francis"",""Adam Hirschhorn"",""Tricia Canonico"""
Larimer,City of Fort Collins Mayor,UPLOADED,2893,110-5-37,"""Tricia Canonico(7)"",""Adam Eggleston(7)"",""Emily Francis(7)"",""Adam Hirschhorn(7)"",""Shirley Peel(7)"",""Jeffrey Shumway(7)"",""Scotty V VanTatenhove(7)""",""
Larimer,City of Fort Collins Mayor,UPLOADED,2894,110-5-73,"""Jeffrey Shumway(1)"",""Tricia Canonico(2)"",""Shirley Peel(3)"",""Emily Francis(4)"",""Jeffrey Shumway(5)"",""Adam Eggleston(6)"",""Adam Hirschhorn(7)""","""Jeffrey Shumway"",""Tricia Canonico"",""Shirley Peel"",""Emily Francis"""
Larimer,City of Fort Collins Mayor,UPLOADED,2896,110-5-81,"""Jeffrey Shumway(1)"",""Scotty V VanTatenhove(2)"",""Shirley Peel(3)"",""Emily Francis(4)"",""Adam Eggleston(5)"",""Emily Francis(5)"",""Adam Hirschhorn(5)"",""Adam Hirschhorn(6)"",""Adam Eggleston(7)""","""Jeffrey Shumway"",""Scotty V VanTatenhove"",""Shirley Peel"",""Emily Francis"""
Larimer,City of Fort Collins Mayor,UPLOADED,2897,110-5-52,"""Adam Eggleston(1)"",""Adam Eggleston(2)"",""Adam Eggleston(3)"",""Adam Eggleston(4)"",""Adam Eggleston(5)"",""Adam Eggleston(6)"",""Adam Eggleston(7)""","""Adam Eggleston"""
Larimer,City of Fort Collins Mayor,UPLOADED,3545,103-5-21,"""Tricia Canonico(1)"",""Adam Eggleston(2)"",""Jeffrey Shumway(6)"",""Emily Francis(7)""","""Tricia Canonico"",""Adam Eggleston"""
Larimer,City of Fort Collins Mayor,UPLOADED,3835,111-6-22,"""Adam Eggleston(1)"",""Shirley Peel(2)"",""Adam Hirschhorn(3)"",""Emily Francis(4)"",""Jeffrey Shumway(4)"",""Scotty V VanTatenhove(5)"",""Tricia Canonico(6)""","""Adam Eggleston"",""Shirley Peel"",""Adam Hirschhorn"""
Larimer,City of Fort Collins Mayor,UPLOADED,3836,111-6-45,"""Shirley Peel(1)"",""Jeffrey Shumway(2)"",""Scotty V VanTatenhove(3)"",""Scotty V VanTatenhove(4)"",""Adam Eggleston(5)"",""Tricia Canonico(6)"",""Adam Hirschhorn(7)""","""Shirley Peel"",""Jeffrey Shumway"",""Scotty V VanTatenhove"""
Larimer,City of Fort Collins Mayor,UPLOADED,7479,103-9-42,"""Jeffrey Shumway(1)"",""Adam Eggleston(2)"",""Emily Francis(7)""","""Jeffrey Shumway"",""Adam Eggleston"""
Larimer,City of Fort Collins Mayor,UPLOADED,3837,111-6-9,"""Adam Hirschhorn(1)"",""Adam Eggleston(2)"",""Tricia Canonico(3)"",""Emily Francis(4)"",""Tricia Canonico(5)"",""Shirley Peel(5)"",""Jeffrey Shumway(6)"",""Scotty V VanTatenhove(7)""","""Adam Hirschhorn"",""Adam Eggleston"",""Tricia Canonico"",""Emily Francis"",""Shirley Peel"",""Jeffrey Shumway"",""Scotty V VanTatenhove"""
Larimer,City of Fort Collins Mayor,UPLOADED,3838,111-6-62,"""Shirley Peel(1)"",""Emily Francis(2)"",""Tricia Canonico(3)"",""Adam Hirschhorn(4)"",""Scotty V VanTatenhove(5)"",""Jeffrey Shumway(6)"",""Adam Hirschhorn(7)""","""Shirley Peel"",""Emily Francis"",""Tricia Canonico"",""Adam Hirschhorn"",""Scotty V VanTatenhove"",""Jeffrey Shumway"""
Larimer,City of Fort Collins Mayor,UPLOADED,3839,111-6-65,"""Jeffrey Shumway(1)"",""Shirley Peel(2)"",""Adam Eggleston(3)"",""Adam Hirschhorn(4)"",""Scotty V VanTatenhove(5)"",""Adam Hirschhorn(6)"",""Emily Francis(7)""","""Jeffrey Shumway"",""Shirley Peel"",""Adam Eggleston"",""Adam Hirschhorn"",""Scotty V VanTatenhove"""
Larimer,City of Fort Collins Mayor,UPLOADED,3840,111-6-33,"""Jeffrey Shumway(1)"",""Tricia Canonico(2)"",""Jeffrey Shumway(2)"",""Jeffrey Shumway(3)"",""Scotty V VanTatenhove(4)"",""Adam Hirschhorn(5)"",""Shirley Peel(6)""","""Jeffrey Shumway"",""Tricia Canonico"""
Larimer,City of Fort Collins Mayor,UPLOADED,3841,111-6-61,"""Emily Francis(1)"",""Tricia Canonico(2)"",""Jeffrey Shumway(3)"",""Jeffrey Shumway(4)"",""Scotty V VanTatenhove(5)"",""Adam Hirschhorn(6)"",""Shirley Peel(7)""","""Emily Francis"",""Tricia Canonico"",""Jeffrey Shumway"""
Larimer,City of Fort Collins Mayor,UPLOADED,3845,111-6-37,"""Tricia Canonico(1)"",""Emily Francis(2)"",""Shirley Peel(3)"",""Adam Hirschhorn(4)"",""Shirley Peel(5)"",""Jeffrey Shumway(6)"",""Scotty V VanTatenhove(7)""","""Tricia Canonico"",""Emily Francis"",""Shirley Peel"",""Adam Hirschhorn"""
Larimer,City of Fort Collins Mayor,UPLOADED,4712,109-3-11,"""Emily Francis(1)"",""Adam Hirschhorn(3)"",""Scotty V VanTatenhove(4)"",""Shirley Peel(5)"",""Tricia Canonico(6)"",""Adam Eggleston(7)""","""Emily Francis"""
Larimer,City of Fort Collins Mayor,UPLOADED,4908,110-8-72,"""Tricia Canonico(1)"",""Adam Eggleston(2)"",""Emily Francis(2)"",""Emily Francis(3)"",""Adam Hirschhorn(4)"",""Shirley Peel(5)"",""Jeffrey Shumway(6)"",""Scotty V VanTatenhove(7)""","""Tricia Canonico"""
Larimer,City of Fort Collins Mayor,UPLOADED,4909,110-8-9,"""Emily Francis(1)"",""Shirley Peel(7)""","""Emily Francis"""
Larimer,City of Fort Collins Mayor,UPLOADED,4910,110-8-4,"""Shirley Peel(1)"",""Shirley Peel(2)"",""Shirley Peel(3)"",""Shirley Peel(4)"",""Shirley Peel(5)"",""Shirley Peel(6)"",""Shirley Peel(7)""","""Shirley Peel"""
Larimer,City of Fort Collins Mayor,UPLOADED,5005,112-7-70,"""Scotty V VanTatenhove(1)"",""Adam Hirschhorn(4)"",""Adam Eggleston(6)"",""Emily Francis(7)""","""Scotty V VanTatenhove"""
Larimer,City of Fort Collins Mayor,UPLOADED,5007,112-7-87,"""Jeffrey Shumway(1)"",""Scotty V VanTatenhove(2)"",""Adam Eggleston(3)"",""Adam Hirschhorn(4)"",""Shirley Peel(5)"",""Tricia Canonico(6)"",""Adam Eggleston(7)""","""Jeffrey Shumway"",""Scotty V VanTatenhove"",""Adam Eggleston"",""Adam Hirschhorn"",""Shirley Peel"",""Tricia Canonico"""
Larimer,City of Fort Collins Mayor,UPLOADED,5008,112-7-54,"""Emily Francis(1)"",""Tricia Canonico(2)"",""Adam Hirschhorn(3)"",""Scotty V VanTatenhove(4)"",""Adam Hirschhorn(5)"",""Shirley Peel(6)"",""Jeffrey Shumway(7)""","""Emily Francis"",""Tricia Canonico"",""Adam Hirschhorn"",""Scotty V VanTatenhove"""
Larimer,City of Fort Collins Mayor,UPLOADED,5009,112-7-2,"""Adam Eggleston(1)"",""Adam Hirschhorn(5)"",""Emily Francis(6)"",""Tricia Canonico(7)""","""Adam Eggleston"""
Larimer,City of Fort Collins Mayor,UPLOADED,5207,105-8-68,"""Emily Francis(1)"",""Shirley Peel(2)"",""Tricia Canonico(3)"",""Adam Eggleston(4)"",""Emily Francis(5)"",""Jeffrey Shumway(6)"",""Scotty V VanTatenhove(7)""","""Emily Francis"",""Shirley Peel"",""Tricia Canonico"",""Adam Eggleston"""
Larimer,City of Fort Collins Mayor,UPLOADED,5209,105-8-60,"""Shirley Peel(1)"",""Emily Francis(2)"",""Tricia Canonico(3)"",""Scotty V VanTatenhove(4)"",""Adam Eggleston(5)"",""Jeffrey Shumway(6)"",""Adam Eggleston(7)""","""Shirley Peel"",""Emily Francis"",""Tricia Canonico"",""Scotty V VanTatenhove"",""Adam Eggleston"",""Jeffrey Shumway"""
Larimer,City of Fort Collins Mayor,UPLOADED,5304,103-7-42,"""Shirley Peel(1)"",""Scotty V VanTatenhove(2)"",""Jeffrey Shumway(3)"",""Adam Hirschhorn(7)""","""Shirley Peel"",""Scotty V VanTatenhove"",""Jeffrey Shumway"""
Larimer,City of Fort Collins Mayor,UPLOADED,5305,103-7-97,"""Emily Francis(1)"",""Tricia Canonico(2)"",""Adam Eggleston(3)"",""Shirley Peel(4)"",""Scotty V VanTatenhove(5)"",""Shirley Peel(6)"",""Adam Hirschhorn(7)""","""Emily Francis"",""Tricia Canonico"",""Adam Eggleston"",""Shirley Peel"",""Scotty V VanTatenhove"""
Larimer,City of Fort Collins Mayor,UPLOADED,5306,103-7-82,"""Adam Eggleston(1)"",""Adam Hirschhorn(2)"",""Tricia Canonico(3)"",""Jeffrey Shumway(4)"",""Scotty V VanTatenhove(5)"",""Emily Francis(6)"",""Emily Francis(7)""","""Adam Eggleston"",""Adam Hirschhorn"",""Tricia Canonico"",""Jeffrey Shumway"",""Scotty V VanTatenhove"",""Emily Francis"""
Larimer,City of Fort Collins Mayor,UPLOADED,5307,103-7-99,"""Tricia Canonico(1)"",""Shirley Peel(2)"",""Jeffrey Shumway(3)"",""Adam Eggleston(4)"",""Emily Francis(7)""","""Tricia Canonico"",""Shirley Peel"",""Jeffrey Shumway"",""Adam Eggleston"""
Larimer,City of Fort Collins Mayor,UPLOADED,5308,103-7-100,"""Tricia Canonico(1)"",""Shirley Peel(2)"",""Jeffrey Shumway(3)"",""Adam Eggleston(4)"",""Emily Francis(7)""","""Tricia Canonico"",""Shirley Peel"",""Jeffrey Shumway"",""Adam Eggleston"""
Larimer,City of Fort Collins Mayor,UPLOADED,5579,111-8-94,"""Tricia Canonico(1)"",""Emily Francis(2)"",""Tricia Canonico(3)"",""Adam Hirschhorn(4)"",""Shirley Peel(5)"",""Jeffrey Shumway(6)"",""Scotty V VanTatenhove(7)""","""Tricia Canonico"",""Emily Francis"""
Larimer,City of Fort Collins Mayor,UPLOADED,5580,111-8-1,"""Jeffrey Shumway(1)"",""Scotty V VanTatenhove(1)"",""Tricia Canonico(2)""",""
Larimer,City of Fort Collins Mayor,UPLOADED,6383,106-11-49,"""Jeffrey Shumway(1)"",""Jeffrey Shumway(2)"",""Jeffrey Shumway(3)"",""Jeffrey Shumway(4)"",""Jeffrey Shumway(5)"",""Jeffrey Shumway(6)"",""Jeffrey Shumway(7)""","""Jeffrey Shumway"""
Larimer,City of Fort Collins Mayor,UPLOADED,6385,106-11-73,"""Emily Francis(1)"",""Shirley Peel(2)"",""Tricia Canonico(3)"",""Adam Eggleston(4)"",""Adam Hirschhorn(7)""","""Emily Francis"",""Shirley Peel"",""Tricia Canonico"",""Adam Eggleston"""
Larimer,City of Fort Collins Mayor,UPLOADED,6387,106-11-15,"""Jeffrey Shumway(1)"",""Adam Eggleston(2)"",""Shirley Peel(3)"",""Jeffrey Shumway(4)"",""Adam Hirschhorn(5)"",""Emily Francis(6)"",""Tricia Canonico(7)""","""Jeffrey Shumway"",""Adam Eggleston"",""Shirley Peel"""
Larimer,City of Fort Collins Mayor,UPLOADED,6388,106-11-3,"""Emily Francis(1)"",""Shirley Peel(2)"",""Tricia Canonico(3)"",""Jeffrey Shumway(4)"",""Adam Eggleston(5)"",""Adam Hirschhorn(6)"",""Adam Eggleston(7)""","""Emily Francis"",""Shirley Peel"",""Tricia Canonico"",""Jeffrey Shumway"",""Adam Eggleston"",""Adam Hirschhorn"""
Larimer,City of Fort Collins Mayor,UPLOADED,6579,105-12-26,"""Shirley Peel(1)"",""Shirley Peel(2)"",""Jeffrey Shumway(3)"",""Scotty V VanTatenhove(4)"",""Scotty V VanTatenhove(5)"",""Scotty V VanTatenhove(6)"",""Scotty V VanTatenhove(7)""","""Shirley Peel"""
Larimer,City of Fort Collins Mayor,UPLOADED,6582,105-12-65,"""Jeffrey Shumway(1)"",""Shirley Peel(2)"",""Adam Eggleston(3)"",""Emily Francis(6)"",""Tricia Canonico(7)""","""Jeffrey Shumway"",""Shirley Peel"",""Adam Eggleston"""
Larimer,City of Fort Collins Mayor,UPLOADED,6584,105-12-50,"""Jeffrey Shumway(1)"",""Adam Eggleston(2)"",""Adam Eggleston(3)"",""Emily Francis(4)"",""Tricia Canonico(5)"",""Adam Hirschhorn(6)"",""Shirley Peel(7)""","""Jeffrey Shumway"",""Adam Eggleston"""
Larimer,City of Fort Collins Mayor,UPLOADED,6585,105-12-6,"""Shirley Peel(1)"",""Tricia Canonico(2)"",""Emily Francis(3)"",""Adam Eggleston(4)"",""Scotty V VanTatenhove(5)"",""Scotty V VanTatenhove(6)"",""Adam Hirschhorn(7)""","""Shirley Peel"",""Tricia Canonico"",""Emily Francis"",""Adam Eggleston"",""Scotty V VanTatenhove"""
Larimer,City of Fort Collins Mayor,UPLOADED,6586,105-12-66,"""Jeffrey Shumway(1)"",""Shirley Peel(2)"",""Adam Eggleston(3)"",""Emily Francis(6)"",""Tricia Canonico(7)""","""Jeffrey Shumway"",""Shirley Peel"",""Adam Eggleston"""
Larimer,City of Fort Collins Mayor,UPLOADED,6678,110-10-82,"""Emily Francis(1)"",""Tricia Canonico(2)"",""Adam Eggleston(3)"",""Scotty V VanTatenhove(4)"",""Jeffrey Shumway(5)"",""Emily Francis(6)"",""Shirley Peel(7)""","""Emily Francis"",""Tricia Canonico"",""Adam Eggleston"",""Scotty V VanTatenhove"",""Jeffrey Shumway"""
Larimer,City of Fort Collins Mayor,UPLOADED,6679,110-10-61,"""Tricia Canonico(1)"",""Emily Francis(2)"",""Adam Eggleston(3)"",""Scotty V VanTatenhove(4)"",""Tricia Canonico(5)"",""Tricia Canonico(6)"",""Adam Hirschhorn(7)""","""Tricia Canonico"",""Emily Francis"",""Adam Eggleston"",""Scotty V VanTatenhove"""
Larimer,City of Fort Collins Mayor,UPLOADED,6680,110-10-18,"""Scotty V VanTatenhove(1)"",""Tricia Canonico(7)"",""Adam Eggleston(7)"",""Emily Francis(7)"",""Adam Hirschhorn(7)"",""Shirley Peel(7)"",""Jeffrey Shumway(7)""","""Scotty V VanTatenhove"""
Larimer,City of Fort Collins Mayor,UPLOADED,6681,110-10-53,"""Scotty V VanTatenhove(1)"",""Tricia Canonico(2)"",""Jeffrey Shumway(3)"",""Emily Francis(4)"",""Jeffrey Shumway(5)"",""Adam Eggleston(6)"",""Adam Hirschhorn(7)""","""Scotty V VanTatenhove"",""Tricia Canonico"",""Jeffrey Shumway"",""Emily Francis"""
Larimer,City of Fort Collins Mayor,UPLOADED,6683,110-10-98,"""Shirley Peel(1)"",""Shirley Peel(2)""","""Shirley Peel"""
Larimer,City of Fort Collins Mayor,UPLOADED,6684,110-10-45,"""Tricia Canonico(1)"",""Adam Eggleston(2)"",""Shirley Peel(3)"",""Adam Eggleston(4)"",""Scotty V VanTatenhove(5)"",""Jeffrey Shumway(6)"",""Adam Hirschhorn(7)""","""Tricia Canonico"",""Adam Eggleston"",""Shirley Peel"""
Larimer,City of Fort Collins Mayor,UPLOADED,6685,110-10-40,"""Shirley Peel(1)"",""Tricia Canonico(2)"",""Emily Francis(3)"",""Tricia Canonico(4)"",""Adam Hirschhorn(5)"",""Jeffrey Shumway(5)"",""Adam Eggleston(6)"",""Scotty V VanTatenhove(7)""","""Shirley Peel"",""Tricia Canonico"",""Emily Francis"""
Larimer,City of Fort Collins Mayor,UPLOADED,6686,110-10-65,"""Adam Eggleston(1)"",""Tricia Canonico(2)"",""Adam Eggleston(3)"",""Tricia Canonico(4)"",""Emily Francis(5)"",""Adam Hirschhorn(6)"",""Jeffrey Shumway(7)""","""Adam Eggleston"",""Tricia Canonico"""
Larimer,City of Fort Collins Mayor,UPLOADED,6779,104-5-14,"""Jeffrey Shumway(1)"",""Tricia Canonico(2)"",""Scotty V VanTatenhove(3)"",""Shirley Peel(4)"",""Jeffrey Shumway(4)"",""Adam Hirschhorn(5)"",""Adam Eggleston(6)"",""Emily Francis(7)""","""Jeffrey Shumway"",""Tricia Canonico"",""Scotty V VanTatenhove"",""Shirley Peel"",""Adam Hirschhorn"",""Adam Eggleston"",""Emily Francis"""
Larimer,City of Fort Collins Mayor,UPLOADED,6783,104-5-56,"""Tricia Canonico(1)"",""Emily Francis(2)"",""Shirley Peel(3)"",""Jeffrey Shumway(4)"",""Jeffrey Shumway(5)"",""Jeffrey Shumway(6)"",""Scotty V VanTatenhove(7)""","""Tricia Canonico"",""Emily Francis"",""Shirley Peel"",""Jeffrey Shumway"""
Larimer,City of Fort Collins Mayor,UPLOADED,6784,104-5-54,"""Scotty V VanTatenhove(1)"",""Shirley Peel(2)"",""Tricia Canonico(3)"",""Adam Hirschhorn(4)"",""Emily Francis(5)"",""Adam Eggleston(6)"",""Scotty V VanTatenhove(7)""","""Scotty V VanTatenhove"",""Shirley Peel"",""Tricia Canonico"",""Adam Hirschhorn"",""Emily Francis"",""Adam Eggleston"""
Larimer,City of Fort Collins Mayor,UPLOADED,6785,104-5-81,"""Tricia Canonico(7)"",""Adam Eggleston(7)"",""Emily Francis(7)"",""Adam Hirschhorn(7)"",""Shirley Peel(7)"",""Jeffrey Shumway(7)"",""Scotty V VanTatenhove(7)""",""
Larimer,City of Fort Collins Councilmember - District 1,UPLOADED,6785,104-5-81,"""Chris Conway(3)"",""Susan Gutowsky(3)"",""Daisy Montgomery(3)""",""
Larimer,City of Fort Collins Mayor,UPLOADED,6786,104-5-65,"""Jeffrey Shumway(1)"",""Adam Hirschhorn(2)"",""Adam Eggleston(3)"",""Scotty V VanTatenhove(7)""","""Jeffrey Shumway"",""Adam Hirschhorn"",""Adam Eggleston"""
Larimer,City of Fort Collins Mayor,UPLOADED,6980,112-9-62,"""Shirley Peel(1)"",""Emily Francis(2)"",""Shirley Peel(3)"",""Scotty V VanTatenhove(4)"",""Tricia Canonico(5)"",""Adam Hirschhorn(6)"",""Adam Eggleston(7)""","""Shirley Peel"",""Emily Francis"""
Larimer,City of Fort Collins Mayor,UPLOADED,6981,112-9-47,"""Jeffrey Shumway(1)"",""Tricia Canonico(2)"",""Adam Eggleston(3)"",""Emily Francis(4)"",""Adam Hirschhorn(5)"",""Scotty V VanTatenhove(6)"",""Adam Hirschhorn(7)""","""Jeffrey Shumway"",""Tricia Canonico"",""Adam Eggleston"",""Emily Francis"",""Adam Hirschhorn"",""Scotty V VanTatenhove"""
Larimer,City of Fort Collins Mayor,UPLOADED,6982,112-9-42,"""Emily Francis(1)"",""Tricia Canonico(2)"",""Adam Eggleston(3)"",""Jeffrey Shumway(7)""","""Emily Francis"",""Tricia Canonico"",""Adam Eggleston"""
Larimer,City of Fort Collins Mayor,UPLOADED,6985,112-9-4,"""Emily Francis(1)"",""Shirley Peel(3)""","""Emily Francis"""
Larimer,City of Fort Collins Mayor,UPLOADED,6986,112-9-72,"""Emily Francis(1)"",""Tricia Canonico(2)"",""Adam Eggleston(3)"",""Adam Hirschhorn(4)"",""Shirley Peel(5)"",""Adam Hirschhorn(6)"",""Scotty V VanTatenhove(7)""","""Emily Francis"",""Tricia Canonico"",""Adam Eggleston"",""Adam Hirschhorn"",""Shirley Peel"""
Larimer,City of Fort Collins Mayor,UPLOADED,7375,111-10-24,"""Emily Francis(1)"",""Tricia Canonico(2)"",""Adam Eggleston(2)"",""Shirley Peel(4)"",""Jeffrey Shumway(5)"",""Scotty V VanTatenhove(6)""","""Emily Francis"""
Larimer,City of Fort Collins Mayor,UPLOADED,7376,111-10-35,"""Scotty V VanTatenhove(1)"",""Jeffrey Shumway(2)"",""Emily Francis(3)"",""Adam Eggleston(4)"",""Adam Hirschhorn(5)"",""Emily Francis(6)"",""Tricia Canonico(7)""","""Scotty V VanTatenhove"",""Jeffrey Shumway"",""Emily Francis"",""Adam Eggleston"",""Adam Hirschhorn"""
Larimer,City of Fort Collins Mayor,UPLOADED,7378,111-10-22,"""Tricia Canonico(1)"",""Adam Eggleston(2)"",""Jeffrey Shumway(3)"",""Shirley Peel(4)"",""Adam Eggleston(5)"",""Adam Hirschhorn(6)"",""Scotty V VanTatenhove(7)""","""Tricia Canonico"",""Adam Eggleston"",""Jeffrey Shumway"",""Shirley Peel"""
Larimer,City of Fort Collins Mayor,UPLOADED,7380,111-10-34,"""Adam Hirschhorn(1)"",""Adam Hirschhorn(2)"",""Adam Hirschhorn(3)"",""Adam Hirschhorn(4)"",""Adam Hirschhorn(5)"",""Adam Hirschhorn(6)"",""Adam Hirschhorn(7)""","""Adam Hirschhorn"""
Larimer,City of Fort Collins Mayor,UPLOADED,7383,111-10-89,"""Tricia Canonico(1)"",""Emily Francis(2)"",""Scotty V VanTatenhove(4)"",""Jeffrey Shumway(5)"",""Adam Hirschhorn(6)"",""Adam Eggleston(7)""","""Tricia Canonico"",""Emily Francis"""
Larimer,City of Fort Collins Mayor,UPLOADED,7384,111-10-50,"""Shirley Peel(1)"",""Jeffrey Shumway(2)"",""Emily Francis(4)"",""Tricia Canonico(5)"",""Adam Eggleston(6)"",""Adam Hirschhorn(7)""","""Shirley Peel"",""Jeffrey Shumway"""
Larimer,City of Fort Collins Mayor,UPLOADED,7385,111-10-91,"""Emily Francis(1)"",""Adam Hirschhorn(2)"",""Scotty V VanTatenhove(3)"",""Tricia Canonico(4)"",""Shirley Peel(5)"",""Adam Hirschhorn(6)"",""Jeffrey Shumway(7)""","""Emily Francis"",""Adam Hirschhorn"",""Scotty V VanTatenhove"",""Tricia Canonico"",""Shirley Peel"""
Larimer,City of Fort Collins Mayor,UPLOADED,7386,111-10-96,"""Shirley Peel(1)"",""Adam Eggleston(2)"",""Jeffrey Shumway(3)"",""Scotty V VanTatenhove(4)"",""Adam Hirschhorn(5)"",""Adam Eggleston(6)"",""Tricia Canonico(7)""","""Shirley Peel"",""Adam Eggleston"",""Jeffrey Shumway"",""Scotty V VanTatenhove"",""Adam Hirschhorn"""
Larimer,City of Fort Collins Mayor,UPLOADED,7477,103-9-7,"""Tricia Canonico(1)"",""Tricia Canonico(2)"",""Adam Eggleston(2)""","""Tricia Canonico"",""Adam Eggleston"""
Larimer,City of Fort Collins Mayor,UPLOADED,7481,103-9-9,"""Adam Hirschhorn(1)"",""Emily Francis(2)"",""Tricia Canonico(3)"",""Adam Eggleston(4)"",""Emily Francis(5)"",""Shirley Peel(6)"",""Scotty V VanTatenhove(7)""","""Adam Hirschhorn"",""Emily Francis"",""Tricia Canonico"",""Adam Eggleston"""
Larimer,City of Fort Collins Mayor,UPLOADED,7484,103-9-16,"""Scotty V VanTatenhove(2)"",""Jeffrey Shumway(3)"",""Shirley Peel(4)"",""Adam Eggleston(5)"",""Emily Francis(6)"",""Tricia Canonico(7)""",""
Larimer,City of Fort Collins Mayor,UPLOADED,7485,103-9-81,"""Shirley Peel(1)"",""Adam Eggleston(2)"",""Adam Hirschhorn(3)"",""Emily Francis(4)"",""Tricia Canonico(5)"",""Shirley Peel(7)""","""Shirley Peel"",""Adam Eggleston"",""Adam Hirschhorn"",""Emily Francis"",""Tricia Canonico"""
Larimer,City of Fort Collins Mayor,UPLOADED,7486,103-9-80,"""Tricia Canonico(1)"",""Scotty V VanTatenhove(2)"",""Emily Francis(3)"",""Adam Hirschhorn(4)"",""Emily Francis(5)"",""Scotty V VanTatenhove(6)"",""Jeffrey Shumway(7)""","""Tricia Canonico"",""Scotty V VanTatenhove"",""Emily Francis"",""Adam Hirschhorn"""
Larimer,City of Fort Collins Mayor,UPLOADED,7571,106-13-24,"""Emily Francis(1)"",""Tricia Canonico(2)"",""Adam Eggleston(3)"",""Shirley Peel(4)"",""Jeffrey Shumway(5)"",""Adam Eggleston(6)"",""Scotty V VanTatenhove(7)""","""Emily Francis"",""Tricia Canonico"",""Adam Eggleston"",""Shirley Peel"",""Jeffrey Shumway"""
Larimer,City of Fort Collins Mayor,UPLOADED,7574,106-13-22,"""Emily Francis(1)"",""Adam Hirschhorn(2)"",""Jeffrey Shumway(3)"",""Shirley Peel(4)"",""Tricia Canonico(5)"",""Emily Francis(6)"",""Scotty V VanTatenhove(7)""","""Emily Francis"",""Adam Hirschhorn"",""Jeffrey Shumway"",""Shirley Peel"",""Tricia Canonico"""
Larimer,City of Fort Collins Mayor,UPLOADED,7575,106-13-57,"""Emily Francis(1)"",""Tricia Canonico(2)"",""Adam Eggleston(3)"",""Emily Francis(4)"",""Adam Hirschhorn(5)"",""Shirley Peel(6)"",""Jeffrey Shumway(7)""","""Emily Francis"",""Tricia Canonico"",""Adam Eggleston"""
Larimer,City of Fort Collins Mayor,UPLOADED,7576,106-13-35,"""Tricia Canonico(1)"",""Adam Eggleston(2)"",""Adam Eggleston(3)"",""Emily Francis(4)"",""Adam Hirschhorn(5)"",""Shirley Peel(6)"",""Jeffrey Shumway(7)"",""Scotty V VanTatenhove(7)""","""Tricia Canonico"",""Adam Eggleston"""
Larimer,City of Fort Collins Mayor,UPLOADED,7578,106-13-23,"""Shirley Peel(1)"",""Adam Eggleston(2)"",""Jeffrey Shumway(3)"",""Adam Eggleston(4)"",""Scotty V VanTatenhove(5)"",""Emily Francis(6)"",""Tricia Canonico(7)""","""Shirley Peel"",""Adam Eggleston"",""Jeffrey Shumway"""
Larimer,City of Fort Collins Mayor,UPLOADED,7579,106-13-11,"""Jeffrey Shumway(1)"",""Jeffrey Shumway(2)"",""Jeffrey Shumway(3)"",""Jeffrey Shumway(4)"",""Jeffrey Shumway(5)"",""Jeffrey Shumway(6)"",""Jeffrey Shumway(7)""","""Jeffrey Shumway"""
Larimer,City of Fort Collins Mayor,UPLOADED,7580,106-13-27,"""Tricia Canonico(1)"",""Adam Eggleston(2)"",""Shirley Peel(3)"",""Adam Hirschhorn(4)"",""Adam Eggleston(5)"",""Adam Hirschhorn(6)"",""Scotty V VanTatenhove(7)""","""Tricia Canonico"",""Adam Eggleston"",""Shirley Peel"",""Adam Hirschhorn"""
Larimer,City of Fort Collins Mayor,UPLOADED,7582,106-13-79,"""Shirley Peel(1)"",""Tricia Canonico(2)"",""Jeffrey Shumway(3)"",""Emily Francis(4)"",""Adam Hirschhorn(5)"",""Scotty V VanTatenhove(6)"",""Jeffrey Shumway(7)""","""Shirley Peel"",""Tricia Canonico"",""Jeffrey Shumway"",""Emily Francis"",""Adam Hirschhorn"",""Scotty V VanTatenhove"""
Larimer,City of Fort Collins Mayor,UPLOADED,7583,106-13-76,"""Emily Francis(1)"",""Tricia Canonico(2)"",""Shirley Peel(3)"",""Adam Eggleston(4)"",""Adam Hirschhorn(5)"",""Jeffrey Shumway(6)"",""Jeffrey Shumway(7)""","""Emily Francis"",""Tricia Canonico"",""Shirley Peel"",""Adam Eggleston"",""Adam Hirschhorn"",""Jeffrey Shumway"""
Larimer,City of Fort Collins Councilmember - District 3,UPLOADED,7584,106-13-46,"""Steve Yurash(1)"",""Josh Fudge(2)"",""Steve Yurash(3)""","""Steve Yurash"",""Josh Fudge"""
Larimer,City of Fort Collins Mayor,UPLOADED,7586,106-13-77,"""Scotty V VanTatenhove(7)""",""
Larimer,City of Fort Collins Mayor,UPLOADED,7682,109-6-46,"""Emily Francis(1)"",""Tricia Canonico(3)"",""Jeffrey Shumway(4)"",""Adam Hirschhorn(5)"",""Shirley Peel(6)"",""Adam Eggleston(7)""","""Emily Francis"""
Larimer,City of Fort Collins Mayor,UPLOADED,7683,109-6-49,"""Tricia Canonico(1)"",""Emily Francis(2)"",""Adam Eggleston(3)"",""Jeffrey Shumway(4)"",""Shirley Peel(5)"",""Adam Hirschhorn(6)"",""Shirley Peel(7)""","""Tricia Canonico"",""Emily Francis"",""Adam Eggleston"",""Jeffrey Shumway"",""Shirley Peel"",""Adam Hirschhorn"""
Larimer,City of Fort Collins Mayor,UPLOADED,7685,109-6-30,"""Emily Francis(1)"",""Tricia Canonico(2)"",""Adam Eggleston(3)"",""Scotty V VanTatenhove(4)"",""Emily Francis(5)"",""Shirley Peel(6)"",""Jeffrey Shumway(7)""","""Emily Francis"",""Tricia Canonico"",""Adam Eggleston"",""Scotty V VanTatenhove"""
Larimer,City of Fort Collins Mayor,UPLOADED,7776,105-14-10,"""Tricia Canonico(1)"",""Emily Francis(2)"",""Shirley Peel(3)"",""Scotty V VanTatenhove(7)""","""Tricia Canonico"",""Emily Francis"",""Shirley Peel"""
Larimer,City of Fort Collins Mayor,UPLOADED,7777,105-14-7,"""Tricia Canonico(7)"",""Adam Eggleston(7)"",""Emily Francis(7)"",""Adam Hirschhorn(7)"",""Shirley Peel(7)"",""Jeffrey Shumway(7)"",""Scotty V VanTatenhove(7)""",""
Larimer,City of Fort Collins Mayor,UPLOADED,7778,105-14-53,"""Jeffrey Shumway(1)"",""Shirley Peel(2)"",""Adam Hirschhorn(3)"",""Emily Francis(4)"",""Scotty V VanTatenhove(7)""","""Jeffrey Shumway"",""Shirley Peel"",""Adam Hirschhorn"",""Emily Francis"""
Larimer,City of Fort Collins Mayor,UPLOADED,7779,105-14-12,"""Tricia Canonico(1)"",""Emily Francis(2)"",""Shirley Peel(3)"",""Scotty V VanTatenhove(7)""","""Tricia Canonico"",""Emily Francis"",""Shirley Peel"""
Larimer,City of Fort Collins Mayor,UPLOADED,7780,105-14-1,"""Tricia Canonico(1)"",""Shirley Peel(2)"",""Emily Francis(3)"",""Adam Hirschhorn(4)"",""Jeffrey Shumway(7)"",""Scotty V VanTatenhove(7)""","""Tricia Canonico"",""Shirley Peel"",""Emily Francis"",""Adam Hirschhorn"""
Larimer,City of Fort Collins Mayor,UPLOADED,7781,105-14-41,"""Tricia Canonico(1)"",""Adam Eggleston(2)"",""Emily Francis(3)"",""Adam Hirschhorn(4)"",""Emily Francis(5)"",""Jeffrey Shumway(6)"",""Scotty V VanTatenhove(7)""","""Tricia Canonico"",""Adam Eggleston"",""Emily Francis"",""Adam Hirschhorn"""
Larimer,City of Fort Collins Mayor,UPLOADED,7785,105-14-58,"""Jeffrey Shumway(1)"",""Shirley Peel(2)"",""Emily Francis(3)"",""Adam Eggleston(4)"",""Adam Hirschhorn(5)"",""Emily Francis(6)"",""Scotty V VanTatenhove(7)""","""Jeffrey Shumway"",""Shirley Peel"",""Emily Francis"",""Adam Eggleston"",""Adam Hirschhorn"""
Larimer,City of Fort Collins Mayor,UPLOADED,8078,104-7-40,"""Tricia Canonico(1)"",""Emily Francis(2)"",""Jeffrey Shumway(3)"",""Adam Eggleston(4)"",""Shirley Peel(5)"",""Jeffrey Shumway(6)"",""Adam Hirschhorn(7)""","""Tricia Canonico"",""Emily Francis"",""Jeffrey Shumway"",""Adam Eggleston"",""Shirley Peel"""
Larimer,City of Fort Collins Mayor,UPLOADED,8080,104-7-76,"""Emily Francis(1)"",""Tricia Canonico(2)"",""Shirley Peel(3)"",""Adam Eggleston(4)"",""Emily Francis(5)"",""Adam Hirschhorn(6)"",""Scotty V VanTatenhove(7)""","""Emily Francis"",""Tricia Canonico"",""Shirley Peel"",""Adam Eggleston"""
Larimer,City of Fort Collins Mayor,UPLOADED,8081,104-7-87,"""Adam Eggleston(1)"",""Tricia Canonico(6)"",""Emily Francis(6)"",""Adam Hirschhorn(6)"",""Shirley Peel(6)"",""Jeffrey Shumway(6)"",""Scotty V VanTatenhove(6)""","""Adam Eggleston"""
Larimer,City of Fort Collins Mayor,UPLOADED,8082,104-7-12,"""Emily Francis(1)"",""Tricia Canonico(2)"",""Shirley Peel(3)"",""Jeffrey Shumway(4)"",""Scotty V VanTatenhove(6)"",""Adam Hirschhorn(7)""","""Emily Francis"",""Tricia Canonico"",""Shirley Peel"",""Jeffrey Shumway"""
Larimer,City of Fort Collins Mayor,UPLOADED,22065,103-25-72,"""Emily Francis(1)"",""Tricia Canonico(2)"",""Shirley Peel(5)"",""Adam Hirschhorn(6)"",""Adam Eggleston(7)""","""Emily Francis"",""Tricia Canonico"""
Larimer,City of Fort Collins Mayor,UPLOADED,8083,104-7-56,"""Adam Hirschhorn(1)"",""Tricia Canonico(2)"",""Jeffrey Shumway(3)"",""Emily Francis(4)"",""Scotty V VanTatenhove(5)"",""Shirley Peel(6)"",""Emily Francis(7)""","""Adam Hirschhorn"",""Tricia Canonico"",""Jeffrey Shumway"",""Emily Francis"",""Scotty V VanTatenhove"",""Shirley Peel"""
Larimer,City of Fort Collins Mayor,UPLOADED,8600,110-12-18,"""Scotty V VanTatenhove(1)"",""Jeffrey Shumway(2)"",""Adam Hirschhorn(3)"",""Emily Francis(4)"",""Adam Eggleston(5)"",""Adam Eggleston(6)"",""Tricia Canonico(7)""","""Scotty V VanTatenhove"",""Jeffrey Shumway"",""Adam Hirschhorn"",""Emily Francis"",""Adam Eggleston"""
Larimer,City of Fort Collins Mayor,UPLOADED,8601,110-12-10,"""Emily Francis(1)"",""Shirley Peel(2)"",""Adam Hirschhorn(3)"",""Tricia Canonico(4)"",""Adam Eggleston(5)"",""Scotty V VanTatenhove(6)"",""Shirley Peel(7)""","""Emily Francis"",""Shirley Peel"",""Adam Hirschhorn"",""Tricia Canonico"",""Adam Eggleston"",""Scotty V VanTatenhove"""
Larimer,City of Fort Collins Mayor,UPLOADED,8603,110-12-20,"""Adam Hirschhorn(1)"",""Tricia Canonico(2)"",""Shirley Peel(3)"",""Adam Hirschhorn(4)"",""Adam Eggleston(5)"",""Scotty V VanTatenhove(6)"",""Jeffrey Shumway(7)""","""Adam Hirschhorn"",""Tricia Canonico"",""Shirley Peel"""
Larimer,City of Fort Collins Mayor,UPLOADED,8699,111-12-46,"""Adam Eggleston(1)"",""Tricia Canonico(2)"",""Emily Francis(3)"",""Shirley Peel(4)"",""Adam Hirschhorn(5)"",""Jeffrey Shumway(5)"",""Scotty V VanTatenhove(6)""","""Adam Eggleston"",""Tricia Canonico"",""Emily Francis"",""Shirley Peel"""
Larimer,City of Fort Collins Mayor,UPLOADED,8701,111-12-72,"""Tricia Canonico(1)"",""Emily Francis(2)"",""Adam Hirschhorn(3)"",""Adam Eggleston(4)"",""Jeffrey Shumway(5)"",""Scotty V VanTatenhove(6)"",""Adam Hirschhorn(7)""","""Tricia Canonico"",""Emily Francis"",""Adam Hirschhorn"",""Adam Eggleston"",""Jeffrey Shumway"",""Scotty V VanTatenhove"""
Larimer,City of Fort Collins Mayor,UPLOADED,8702,111-12-23,"""Tricia Canonico(1)"",""Emily Francis(2)"",""Shirley Peel(3)"",""Adam Eggleston(4)"",""Jeffrey Shumway(5)"",""Adam Hirschhorn(6)"",""Jeffrey Shumway(7)""","""Tricia Canonico"",""Emily Francis"",""Shirley Peel"",""Adam Eggleston"",""Jeffrey Shumway"",""Adam Hirschhorn"""
Larimer,City of Fort Collins Mayor,UPLOADED,8703,111-12-87,"""Shirley Peel(1)"",""Emily Francis(7)""","""Shirley Peel"""
Larimer,City of Fort Collins Mayor,UPLOADED,8750,112-11-2,"""Emily Francis(1)"",""Emily Francis(2)"",""Emily Francis(3)"",""Emily Francis(4)"",""Emily Francis(5)"",""Emily Francis(6)"",""Emily Francis(7)""","""Emily Francis"""
Larimer,City of Fort Collins Mayor,UPLOADED,8752,112-11-35,"""Jeffrey Shumway(1)"",""Jeffrey Shumway(2)"",""Jeffrey Shumway(3)"",""Jeffrey Shumway(4)"",""Jeffrey Shumway(5)"",""Jeffrey Shumway(6)"",""Jeffrey Shumway(7)"",""Scotty V VanTatenhove(7)""","""Jeffrey Shumway"""
Larimer,City of Fort Collins Mayor,UPLOADED,8753,112-11-21,"""Emily Francis(2)"",""Jeffrey Shumway(3)"",""Tricia Canonico(4)"",""Shirley Peel(4)"",""Scotty V VanTatenhove(6)""",""
Larimer,City of Fort Collins Mayor,UPLOADED,8848,106-15-1,"""Tricia Canonico(1)"",""Emily Francis(2)"",""Shirley Peel(3)"",""Adam Eggleston(4)"",""Adam Hirschhorn(5)"",""Scotty V VanTatenhove(5)"",""Jeffrey Shumway(6)"",""Adam Hirschhorn(7)""","""Tricia Canonico"",""Emily Francis"",""Shirley Peel"",""Adam Eggleston"""
Larimer,City of Fort Collins Mayor,UPLOADED,8849,106-15-73,"""Tricia Canonico(1)"",""Shirley Peel(2)"",""Scotty V VanTatenhove(3)"",""Emily Francis(4)"",""Adam Eggleston(5)"",""Emily Francis(6)"",""Shirley Peel(7)""","""Tricia Canonico"",""Shirley Peel"",""Scotty V VanTatenhove"",""Emily Francis"",""Adam Eggleston"""
Larimer,City of Fort Collins Mayor,UPLOADED,8850,106-15-92,"""Tricia Canonico(1)"",""Adam Eggleston(2)"",""Emily Francis(3)"",""Shirley Peel(3)"",""Adam Hirschhorn(4)"",""Jeffrey Shumway(5)"",""Scotty V VanTatenhove(6)""","""Tricia Canonico"",""Adam Eggleston"""
Larimer,City of Fort Collins Mayor,UPLOADED,8851,106-15-41,"""Shirley Peel(1)"",""Emily Francis(7)""","""Shirley Peel"""
Larimer,City of Fort Collins Mayor,UPLOADED,8852,106-15-81,"""Jeffrey Shumway(1)"",""Shirley Peel(2)"",""Adam Hirschhorn(3)"",""Scotty V VanTatenhove(4)"",""Adam Hirschhorn(5)"",""Emily Francis(6)"",""Tricia Canonico(7)""","""Jeffrey Shumway"",""Shirley Peel"",""Adam Hirschhorn"",""Scotty V VanTatenhove"""
Larimer,City of Fort Collins Mayor,UPLOADED,8853,106-15-99,"""Jeffrey Shumway(1)"",""Shirley Peel(2)"",""Emily Francis(3)"",""Tricia Canonico(4)"",""Adam Eggleston(5)"",""Adam Hirschhorn(5)"",""Scotty V VanTatenhove(5)""","""Jeffrey Shumway"",""Shirley Peel"",""Emily Francis"",""Tricia Canonico"""
Larimer,City of Fort Collins Mayor,UPLOADED,8854,106-15-67,"""Jeffrey Shumway(1)"",""Tricia Canonico(2)"",""Emily Francis(3)"",""Adam Eggleston(4)"",""Shirley Peel(5)"",""Scotty V VanTatenhove(6)"",""Adam Eggleston(7)""","""Jeffrey Shumway"",""Tricia Canonico"",""Emily Francis"",""Adam Eggleston"",""Shirley Peel"",""Scotty V VanTatenhove"""
Larimer,City of Fort Collins Mayor,UPLOADED,8948,105-16-15,"""Shirley Peel(1)"",""Scotty V VanTatenhove(2)"",""Tricia Canonico(3)"",""Adam Eggleston(4)"",""Emily Francis(5)"",""Jeffrey Shumway(6)"",""Jeffrey Shumway(7)""","""Shirley Peel"",""Scotty V VanTatenhove"",""Tricia Canonico"",""Adam Eggleston"",""Emily Francis"",""Jeffrey Shumway"""
Larimer,City of Fort Collins Mayor,UPLOADED,8950,105-16-96,"""Tricia Canonico(1)"",""Emily Francis(2)"",""Adam Eggleston(3)"",""Adam Hirschhorn(6)"",""Jeffrey Shumway(6)"",""Shirley Peel(7)"",""Scotty V VanTatenhove(7)""","""Tricia Canonico"",""Emily Francis"",""Adam Eggleston"""
Larimer,City of Fort Collins Mayor,UPLOADED,8951,105-16-52,"""Tricia Canonico(1)"",""Emily Francis(2)"",""Adam Eggleston(3)"",""Adam Hirschhorn(4)"",""Jeffrey Shumway(5)"",""Scotty V VanTatenhove(6)"",""Scotty V VanTatenhove(7)""","""Tricia Canonico"",""Emily Francis"",""Adam Eggleston"",""Adam Hirschhorn"",""Jeffrey Shumway"",""Scotty V VanTatenhove"""
Larimer,City of Fort Collins Mayor,UPLOADED,9073,103-11-31,"""Emily Francis(1)"",""Tricia Canonico(2)"",""Adam Hirschhorn(3)"",""Shirley Peel(4)"",""Adam Hirschhorn(5)"",""Scotty V VanTatenhove(6)"",""Jeffrey Shumway(7)""","""Emily Francis"",""Tricia Canonico"",""Adam Hirschhorn"",""Shirley Peel"""
Larimer,City of Fort Collins Mayor,UPLOADED,9074,103-11-30,"""Adam Hirschhorn(1)"",""Tricia Canonico(3)""","""Adam Hirschhorn"""
Larimer,City of Fort Collins Mayor,UPLOADED,9075,103-11-74,"""Tricia Canonico(1)"",""Adam Eggleston(7)""","""Tricia Canonico"""
Larimer,City of Fort Collins Mayor,UPLOADED,9169,109-8-46,"""Shirley Peel(1)"",""Tricia Canonico(2)"",""Emily Francis(3)"",""Adam Eggleston(4)"",""Shirley Peel(5)"",""Scotty V VanTatenhove(6)"",""Adam Hirschhorn(7)""","""Shirley Peel"",""Tricia Canonico"",""Emily Francis"",""Adam Eggleston"""
Larimer,City of Fort Collins Mayor,UPLOADED,9170,109-8-64,"""Scotty V VanTatenhove(1)"",""Adam Eggleston(2)"",""Tricia Canonico(3)"",""Shirley Peel(4)"",""Adam Hirschhorn(5)"",""Adam Eggleston(6)"",""Jeffrey Shumway(7)""","""Scotty V VanTatenhove"",""Adam Eggleston"",""Tricia Canonico"",""Shirley Peel"",""Adam Hirschhorn"""
Larimer,City of Fort Collins Mayor,UPLOADED,9172,109-8-99,"""Shirley Peel(1)"",""Jeffrey Shumway(2)"",""Tricia Canonico(3)"",""Adam Hirschhorn(7)""","""Shirley Peel"",""Jeffrey Shumway"",""Tricia Canonico"""
Larimer,City of Fort Collins Mayor,UPLOADED,9173,109-8-44,"""Tricia Canonico(1)"",""Scotty V VanTatenhove(1)""",""
Larimer,City of Fort Collins Mayor,UPLOADED,9174,109-8-65,"""Scotty V VanTatenhove(1)"",""Adam Eggleston(2)"",""Tricia Canonico(3)"",""Shirley Peel(4)"",""Adam Hirschhorn(5)"",""Adam Eggleston(6)"",""Jeffrey Shumway(7)""","""Scotty V VanTatenhove"",""Adam Eggleston"",""Tricia Canonico"",""Shirley Peel"",""Adam Hirschhorn"""
Larimer,City of Fort Collins Councilmember - District 3,UPLOADED,9175,109-8-69,"""Steve Yurash(1)"",""Steve Yurash(2)"",""Steve Yurash(3)""","""Steve Yurash"""
Larimer,City of Fort Collins Mayor,UPLOADED,9366,104-9-13,"""Tricia Canonico(1)"",""Emily Francis(2)"",""Shirley Peel(3)"",""Scotty V VanTatenhove(4)"",""Jeffrey Shumway(5)"",""Adam Eggleston(6)"",""Jeffrey Shumway(7)""","""Tricia Canonico"",""Emily Francis"",""Shirley Peel"",""Scotty V VanTatenhove"",""Jeffrey Shumway"",""Adam Eggleston"""
Larimer,City of Fort Collins Mayor,UPLOADED,9367,104-9-39,"""Shirley Peel(1)"",""Tricia Canonico(7)"",""Adam Eggleston(7)"",""Emily Francis(7)"",""Adam Hirschhorn(7)"",""Jeffrey Shumway(7)"",""Scotty V VanTatenhove(7)""","""Shirley Peel"""
Larimer,City of Fort Collins Mayor,UPLOADED,9368,104-9-74,"""Shirley Peel(1)"",""Jeffrey Shumway(2)"",""Scotty V VanTatenhove(3)"",""Jeffrey Shumway(4)"",""Shirley Peel(5)"",""Adam Hirschhorn(6)"",""Emily Francis(7)""","""Shirley Peel"",""Jeffrey Shumway"",""Scotty V VanTatenhove"""
Larimer,City of Fort Collins Mayor,UPLOADED,9370,104-9-72,"""Tricia Canonico(1)"",""Shirley Peel(2)"",""Emily Francis(3)"",""Scotty V VanTatenhove(4)"",""Jeffrey Shumway(5)"",""Adam Hirschhorn(6)"",""Emily Francis(7)""","""Tricia Canonico"",""Shirley Peel"",""Emily Francis"",""Scotty V VanTatenhove"",""Jeffrey Shumway"",""Adam Hirschhorn"""
Larimer,City of Fort Collins Mayor,UPLOADED,9371,104-9-91,"""Adam Hirschhorn(1)"",""Emily Francis(2)"",""Shirley Peel(3)"",""Jeffrey Shumway(4)"",""Scotty V VanTatenhove(5)"",""Adam Eggleston(6)"",""Shirley Peel(7)""","""Adam Hirschhorn"",""Emily Francis"",""Shirley Peel"",""Jeffrey Shumway"",""Scotty V VanTatenhove"",""Adam Eggleston"""
Larimer,City of Fort Collins Mayor,UPLOADED,9372,104-9-30,"""Tricia Canonico(1)"",""Emily Francis(2)"",""Shirley Peel(3)"",""Shirley Peel(4)"",""Adam Hirschhorn(5)"",""Adam Eggleston(6)"",""Scotty V VanTatenhove(7)""","""Tricia Canonico"",""Emily Francis"",""Shirley Peel"""
Larimer,City of Fort Collins Mayor,UPLOADED,9373,104-9-68,"""Adam Eggleston(1)"",""Shirley Peel(2)"",""Emily Francis(3)"",""Jeffrey Shumway(4)"",""Tricia Canonico(5)"",""Jeffrey Shumway(6)"",""Scotty V VanTatenhove(7)""","""Adam Eggleston"",""Shirley Peel"",""Emily Francis"",""Jeffrey Shumway"",""Tricia Canonico"""
Larimer,City of Fort Collins Mayor,UPLOADED,9617,110-14-65,"""Emily Francis(1)"",""Adam Eggleston(2)"",""Tricia Canonico(3)"",""Tricia Canonico(4)"",""Tricia Canonico(5)"",""Adam Hirschhorn(6)"",""Scotty V VanTatenhove(7)""","""Emily Francis"",""Adam Eggleston"",""Tricia Canonico"""
Larimer,City of Fort Collins Mayor,UPLOADED,9619,110-14-77,"""Emily Francis(1)"",""Shirley Peel(2)"",""Adam Eggleston(3)"",""Scotty V VanTatenhove(4)"",""Tricia Canonico(5)"",""Jeffrey Shumway(6)"",""Adam Eggleston(7)""","""Emily Francis"",""Shirley Peel"",""Adam Eggleston"",""Scotty V VanTatenhove"",""Tricia Canonico"",""Jeffrey Shumway"""
Larimer,City of Fort Collins Mayor,UPLOADED,9620,110-14-4,"""Jeffrey Shumway(1)"",""Adam Hirschhorn(2)"",""Scotty V VanTatenhove(3)"",""Tricia Canonico(7)""","""Jeffrey Shumway"",""Adam Hirschhorn"",""Scotty V VanTatenhove"""
Larimer,City of Fort Collins Mayor,UPLOADED,9622,110-14-79,"""Shirley Peel(1)"",""Adam Hirschhorn(2)"",""Shirley Peel(3)""","""Shirley Peel"",""Adam Hirschhorn"""
Larimer,City of Fort Collins Mayor,UPLOADED,9623,110-14-3,"""Tricia Canonico(1)"",""Emily Francis(2)"",""Scotty V VanTatenhove(3)"",""Adam Eggleston(5)"",""Adam Eggleston(6)"",""Adam Hirschhorn(7)""","""Tricia Canonico"",""Emily Francis"",""Scotty V VanTatenhove"""
Larimer,City of Fort Collins Mayor,UPLOADED,9718,111-14-58,"""Emily Francis(1)"",""Tricia Canonico(2)"",""Emily Francis(6)"",""Scotty V VanTatenhove(7)""","""Emily Francis"",""Tricia Canonico"""
Larimer,City of Fort Collins Mayor,UPLOADED,9719,111-14-74,"""Tricia Canonico(1)"",""Emily Francis(2)"",""Adam Hirschhorn(3)"",""Jeffrey Shumway(4)"",""Adam Hirschhorn(5)"",""Scotty V VanTatenhove(6)"",""Shirley Peel(7)""","""Tricia Canonico"",""Emily Francis"",""Adam Hirschhorn"",""Jeffrey Shumway"""
Larimer,City of Fort Collins Mayor,UPLOADED,9720,111-14-17,"""Tricia Canonico(1)"",""Emily Francis(2)"",""Shirley Peel(3)"",""Jeffrey Shumway(4)"",""Adam Eggleston(5)"",""Scotty V VanTatenhove(6)"",""Emily Francis(7)""","""Tricia Canonico"",""Emily Francis"",""Shirley Peel"",""Jeffrey Shumway"",""Adam Eggleston"",""Scotty V VanTatenhove"""
Larimer,City of Fort Collins Mayor,UPLOADED,9721,111-14-94,"""Emily Francis(1)"",""Tricia Canonico(2)"",""Adam Hirschhorn(6)"",""Scotty V VanTatenhove(7)""","""Emily Francis"",""Tricia Canonico"""
Larimer,City of Fort Collins Mayor,UPLOADED,9722,111-14-14,"""Adam Eggleston(1)"",""Scotty V VanTatenhove(2)"",""Adam Hirschhorn(3)"",""Tricia Canonico(4)"",""Scotty V VanTatenhove(5)"",""Shirley Peel(6)"",""Scotty V VanTatenhove(6)"",""Emily Francis(7)""","""Adam Eggleston"",""Scotty V VanTatenhove"",""Adam Hirschhorn"",""Tricia Canonico"""
Larimer,City of Fort Collins Mayor,UPLOADED,9723,111-14-41,"""Tricia Canonico(1)"",""Adam Hirschhorn(7)""","""Tricia Canonico"""
Larimer,City of Fort Collins Mayor,UPLOADED,10412,112-13-17,"""Shirley Peel(1)"",""Tricia Canonico(2)"",""Adam Eggleston(3)"",""Emily Francis(4)"",""Adam Hirschhorn(5)"",""Shirley Peel(6)"",""Scotty V VanTatenhove(7)""","""Shirley Peel"",""Tricia Canonico"",""Adam Eggleston"",""Emily Francis"",""Adam Hirschhorn"""
Larimer,City of Fort Collins Mayor,UPLOADED,10413,112-13-60,"""Shirley Peel(1)"",""Adam Eggleston(2)"",""Tricia Canonico(3)"",""Adam Eggleston(4)""","""Shirley Peel"",""Adam Eggleston"",""Tricia Canonico"""
Larimer,City of Fort Collins Mayor,UPLOADED,10414,112-13-10,"""Jeffrey Shumway(1)"",""Shirley Peel(2)"",""Adam Eggleston(3)"",""Emily Francis(4)"",""Tricia Canonico(5)"",""Jeffrey Shumway(6)"",""Adam Hirschhorn(7)""","""Jeffrey Shumway"",""Shirley Peel"",""Adam Eggleston"",""Emily Francis"",""Tricia Canonico"""
Larimer,City of Fort Collins Mayor,UPLOADED,10415,112-13-73,"""Tricia Canonico(1)"",""Emily Francis(2)"",""Shirley Peel(3)"",""Jeffrey Shumway(4)"",""Emily Francis(5)"",""Adam Eggleston(6)"",""Scotty V VanTatenhove(7)""","""Tricia Canonico"",""Emily Francis"",""Shirley Peel"",""Jeffrey Shumway"""
Larimer,City of Fort Collins Mayor,UPLOADED,10417,112-13-74,"""Tricia Canonico(1)"",""Emily Francis(2)"",""Shirley Peel(3)"",""Jeffrey Shumway(4)"",""Emily Francis(5)"",""Adam Eggleston(6)"",""Scotty V VanTatenhove(7)""","""Tricia Canonico"",""Emily Francis"",""Shirley Peel"",""Jeffrey Shumway"""
Larimer,City of Fort Collins Mayor,UPLOADED,10418,112-13-38,"""Adam Hirschhorn(1)"",""Tricia Canonico(2)"",""Adam Hirschhorn(3)"",""Adam Eggleston(4)"",""Jeffrey Shumway(5)"",""Scotty V VanTatenhove(6)"",""Shirley Peel(7)""","""Adam Hirschhorn"",""Tricia Canonico"""
Larimer,City of Fort Collins Mayor,UPLOADED,10419,112-13-67,"""Tricia Canonico(1)"",""Emily Francis(2)"",""Adam Eggleston(3)"",""Shirley Peel(4)"",""Scotty V VanTatenhove(5)"",""Adam Hirschhorn(6)"",""Shirley Peel(7)""","""Tricia Canonico"",""Emily Francis"",""Adam Eggleston"",""Shirley Peel"",""Scotty V VanTatenhove"",""Adam Hirschhorn"""
Larimer,City of Fort Collins Mayor,UPLOADED,10569,109-10-18,"""Tricia Canonico(1)"",""Emily Francis(2)"",""Adam Eggleston(3)"",""Shirley Peel(4)"",""Scotty V VanTatenhove(5)"",""Adam Hirschhorn(6)"",""Shirley Peel(7)""","""Tricia Canonico"",""Emily Francis"",""Adam Eggleston"",""Shirley Peel"",""Scotty V VanTatenhove"",""Adam Hirschhorn"""
Larimer,City of Fort Collins Mayor,UPLOADED,10655,105-18-5,"""Jeffrey Shumway(1)"",""Adam Eggleston(2)"",""Shirley Peel(3)"",""Jeffrey Shumway(4)"",""Adam Hirschhorn(5)"",""Emily Francis(6)"",""Tricia Canonico(7)""","""Jeffrey Shumway"",""Adam Eggleston"",""Shirley Peel"""
Larimer,City of Fort Collins Mayor,UPLOADED,10656,105-18-19,"""Tricia Canonico(1)"",""Emily Francis(2)"",""Adam Eggleston(3)"",""Scotty V VanTatenhove(4)"",""Shirley Peel(5)"",""Adam Hirschhorn(6)"",""Scotty V VanTatenhove(7)""","""Tricia Canonico"",""Emily Francis"",""Adam Eggleston"",""Scotty V VanTatenhove"",""Shirley Peel"",""Adam Hirschhorn"""
Larimer,City of Fort Collins Mayor,UPLOADED,43048,106-72-24,"""Shirley Peel(1)"",""Jeffrey Shumway(6)"",""Adam Hirschhorn(7)""","""Shirley Peel"""
Larimer,City of Fort Collins Mayor,UPLOADED,10659,105-18-11,"""Adam Hirschhorn(1)"",""Tricia Canonico(2)"",""Jeffrey Shumway(3)"",""Emily Francis(4)"",""Shirley Peel(5)"",""Tricia Canonico(6)"",""Adam Eggleston(7)"",""Scotty V VanTatenhove(7)""","""Adam Hirschhorn"",""Tricia Canonico"",""Jeffrey Shumway"",""Emily Francis"",""Shirley Peel"""
Larimer,City of Fort Collins Mayor,UPLOADED,10660,105-18-22,"""Jeffrey Shumway(1)"",""Shirley Peel(2)"",""Jeffrey Shumway(4)"",""Jeffrey Shumway(5)"",""Jeffrey Shumway(6)"",""Jeffrey Shumway(7)""","""Jeffrey Shumway"",""Shirley Peel"""
Larimer,City of Fort Collins Mayor,UPLOADED,10661,105-18-89,"""Adam Eggleston(1)"",""Emily Francis(3)""","""Adam Eggleston"""
Larimer,City of Fort Collins Mayor,UPLOADED,10662,105-18-59,"""Shirley Peel(1)"",""Emily Francis(2)"",""Tricia Canonico(3)"",""Jeffrey Shumway(4)"",""Adam Hirschhorn(5)"",""Scotty V VanTatenhove(6)"",""Jeffrey Shumway(7)""","""Shirley Peel"",""Emily Francis"",""Tricia Canonico"",""Jeffrey Shumway"",""Adam Hirschhorn"",""Scotty V VanTatenhove"""
Larimer,City of Fort Collins Mayor,UPLOADED,10664,105-18-80,"""Adam Hirschhorn(1)"",""Shirley Peel(2)"",""Adam Hirschhorn(3)"",""Jeffrey Shumway(4)"",""Scotty V VanTatenhove(5)"",""Tricia Canonico(6)"",""Adam Eggleston(7)""","""Adam Hirschhorn"",""Shirley Peel"""
Larimer,City of Fort Collins Mayor,UPLOADED,10757,103-13-20,"""Tricia Canonico(1)"",""Jeffrey Shumway(2)"",""Adam Hirschhorn(3)"",""Shirley Peel(4)"",""Scotty V VanTatenhove(5)"",""Adam Hirschhorn(6)"",""Emily Francis(7)""","""Tricia Canonico"",""Jeffrey Shumway"",""Adam Hirschhorn"",""Shirley Peel"",""Scotty V VanTatenhove"""
Larimer,City of Fort Collins Mayor,UPLOADED,10758,103-13-47,"""Tricia Canonico(1)"",""Adam Eggleston(2)"",""Adam Eggleston(3)"",""Adam Hirschhorn(4)"",""Jeffrey Shumway(5)"",""Scotty V VanTatenhove(6)""","""Tricia Canonico"",""Adam Eggleston"""
Larimer,City of Fort Collins Mayor,UPLOADED,10760,103-13-30,"""Tricia Canonico(1)"",""Emily Francis(2)"",""Shirley Peel(3)"",""Adam Eggleston(4)"",""Adam Hirschhorn(5)"",""Shirley Peel(6)"",""Scotty V VanTatenhove(7)""","""Tricia Canonico"",""Emily Francis"",""Shirley Peel"",""Adam Eggleston"",""Adam Hirschhorn"""
Larimer,City of Fort Collins Mayor,UPLOADED,10761,103-13-28,"""Jeffrey Shumway(1)"",""Shirley Peel(2)"",""Adam Hirschhorn(3)"",""Emily Francis(4)"",""Adam Eggleston(5)"",""Tricia Canonico(6)"",""Tricia Canonico(7)""","""Jeffrey Shumway"",""Shirley Peel"",""Adam Hirschhorn"",""Emily Francis"",""Adam Eggleston"",""Tricia Canonico"""
Larimer,City of Fort Collins Mayor,UPLOADED,10763,103-13-71,"""Shirley Peel(1)"",""Adam Eggleston(2)"",""Adam Hirschhorn(2)"",""Jeffrey Shumway(2)"",""Tricia Canonico(3)"",""Scotty V VanTatenhove(3)"",""Emily Francis(4)""","""Shirley Peel"""
Larimer,City of Fort Collins Mayor,UPLOADED,10765,103-13-54,"""Adam Eggleston(1)"",""Shirley Peel(2)"",""Tricia Canonico(3)"",""Emily Francis(4)"",""Emily Francis(5)"",""Jeffrey Shumway(6)"",""Scotty V VanTatenhove(7)""","""Adam Eggleston"",""Shirley Peel"",""Tricia Canonico"",""Emily Francis"""
Larimer,City of Fort Collins Mayor,UPLOADED,10767,103-13-77,"""Tricia Canonico(1)"",""Emily Francis(2)"",""Adam Eggleston(3)"",""Shirley Peel(4)"",""Scotty V VanTatenhove(5)"",""Adam Hirschhorn(6)"",""Shirley Peel(7)""","""Tricia Canonico"",""Emily Francis"",""Adam Eggleston"",""Shirley Peel"",""Scotty V VanTatenhove"",""Adam Hirschhorn"""
Larimer,City of Fort Collins Mayor,UPLOADED,10860,104-11-77,"""Emily Francis(1)"",""Shirley Peel(2)"",""Adam Eggleston(3)"",""Shirley Peel(4)"",""Adam Hirschhorn(5)"",""Scotty V VanTatenhove(6)"",""Jeffrey Shumway(7)""","""Emily Francis"",""Shirley Peel"",""Adam Eggleston"""
Larimer,City of Fort Collins Mayor,UPLOADED,10861,104-11-41,"""Jeffrey Shumway(1)"",""Adam Eggleston(2)"",""Scotty V VanTatenhove(6)"",""Adam Hirschhorn(7)""","""Jeffrey Shumway"",""Adam Eggleston"""
Larimer,City of Fort Collins Mayor,UPLOADED,10863,104-11-51,"""Shirley Peel(1)"",""Jeffrey Shumway(2)"",""Adam Eggleston(3)"",""Emily Francis(6)"",""Adam Hirschhorn(7)""","""Shirley Peel"",""Jeffrey Shumway"",""Adam Eggleston"""
Larimer,City of Fort Collins Mayor,UPLOADED,10865,104-11-70,"""Shirley Peel(1)"",""Jeffrey Shumway(2)"",""Adam Hirschhorn(3)"",""Shirley Peel(4)""","""Shirley Peel"",""Jeffrey Shumway"",""Adam Hirschhorn"""
Larimer,City of Fort Collins Mayor,UPLOADED,10867,104-11-21,"""Jeffrey Shumway(1)"",""Shirley Peel(3)"",""Adam Hirschhorn(4)"",""Tricia Canonico(7)""","""Jeffrey Shumway"""
Larimer,City of Fort Collins Mayor,UPLOADED,10962,106-18-13,"""Emily Francis(1)"",""Adam Hirschhorn(2)"",""Tricia Canonico(3)"",""Adam Eggleston(4)"",""Adam Hirschhorn(5)"",""Scotty V VanTatenhove(6)"",""Jeffrey Shumway(7)""","""Emily Francis"",""Adam Hirschhorn"",""Tricia Canonico"",""Adam Eggleston"""
Larimer,City of Fort Collins Mayor,UPLOADED,10964,106-18-69,"""Tricia Canonico(1)"",""Emily Francis(2)"",""Adam Eggleston(3)"",""Shirley Peel(4)"",""Adam Hirschhorn(7)""","""Tricia Canonico"",""Emily Francis"",""Adam Eggleston"",""Shirley Peel"""
Larimer,City of Fort Collins Mayor,UPLOADED,10965,106-18-58,"""Jeffrey Shumway(1)"",""Shirley Peel(2)"",""Scotty V VanTatenhove(3)"",""Adam Hirschhorn(4)"",""Tricia Canonico(5)"",""Emily Francis(5)"",""Adam Eggleston(7)""","""Jeffrey Shumway"",""Shirley Peel"",""Scotty V VanTatenhove"",""Adam Hirschhorn"""
Larimer,City of Fort Collins Councilmember - District 1,UPLOADED,10966,106-18-56,"""Susan Gutowsky(1)"",""Susan Gutowsky(2)"",""Susan Gutowsky(3)""","""Susan Gutowsky"""
Larimer,City of Fort Collins Mayor,UPLOADED,11512,110-16-97,"""Shirley Peel(1)"",""Shirley Peel(2)""","""Shirley Peel"""
Larimer,City of Fort Collins Mayor,UPLOADED,11513,110-16-96,"""Tricia Canonico(1)"",""Emily Francis(2)"",""Adam Hirschhorn(7)""","""Tricia Canonico"",""Emily Francis"""
Larimer,City of Fort Collins Mayor,UPLOADED,11514,110-16-86,"""Emily Francis(1)"",""Tricia Canonico(2)"",""Adam Hirschhorn(3)"",""Emily Francis(4)"",""Adam Eggleston(5)"",""Scotty V VanTatenhove(6)"",""Tricia Canonico(7)""","""Emily Francis"",""Tricia Canonico"",""Adam Hirschhorn"""
Larimer,City of Fort Collins Councilmember - District 3,UPLOADED,11514,110-16-86,"""Steve Yurash(1)"",""Josh Fudge(2)"",""Steve Yurash(3)""","""Steve Yurash"",""Josh Fudge"""
Larimer,City of Fort Collins Mayor,UPLOADED,11515,110-16-46,"""Shirley Peel(1)"",""Tricia Canonico(2)"",""Jeffrey Shumway(3)"",""Emily Francis(4)"",""Adam Hirschhorn(5)"",""Scotty V VanTatenhove(6)"",""Jeffrey Shumway(7)""","""Shirley Peel"",""Tricia Canonico"",""Jeffrey Shumway"",""Emily Francis"",""Adam Hirschhorn"",""Scotty V VanTatenhove"""
Larimer,City of Fort Collins Mayor,UPLOADED,11612,111-16-25,"""Tricia Canonico(7)"",""Adam Eggleston(7)"",""Emily Francis(7)"",""Adam Hirschhorn(7)"",""Shirley Peel(7)"",""Jeffrey Shumway(7)"",""Scotty V VanTatenhove(7)""",""
Larimer,City of Fort Collins Mayor,UPLOADED,11613,111-16-37,"""Jeffrey Shumway(1)"",""Jeffrey Shumway(2)"",""Jeffrey Shumway(3)"",""Jeffrey Shumway(4)"",""Jeffrey Shumway(5)"",""Jeffrey Shumway(6)"",""Jeffrey Shumway(7)""","""Jeffrey Shumway"""
Larimer,City of Fort Collins Mayor,UPLOADED,21269,101-5-27,"""Tricia Canonico(1)"",""Emily Francis(2)"",""Adam Hirschhorn(4)""","""Tricia Canonico"",""Emily Francis"""
Larimer,City of Fort Collins Mayor,UPLOADED,21270,101-5-47,"""Tricia Canonico(1)"",""Adam Eggleston(1)"",""Emily Francis(1)"",""Adam Hirschhorn(1)"",""Shirley Peel(1)"",""Jeffrey Shumway(1)""",""
Larimer,City of Fort Collins Mayor,UPLOADED,21364,112-25-63,"""Emily Francis(1)"",""Tricia Canonico(2)"",""Adam Hirschhorn(3)"",""Shirley Peel(4)"",""Jeffrey Shumway(5)"",""Adam Hirschhorn(6)"",""Scotty V VanTatenhove(7)""","""Emily Francis"",""Tricia Canonico"",""Adam Hirschhorn"",""Shirley Peel"",""Jeffrey Shumway"""
Larimer,City of Fort Collins Mayor,UPLOADED,21365,112-25-90,"""Shirley Peel(1)"",""Jeffrey Shumway(2)"",""Scotty V VanTatenhove(3)"",""Emily Francis(5)"",""Adam Eggleston(6)"",""Tricia Canonico(7)""","""Shirley Peel"",""Jeffrey Shumway"",""Scotty V VanTatenhove"""
Larimer,City of Fort Collins Mayor,UPLOADED,21366,112-25-21,"""Emily Francis(1)"",""Tricia Canonico(2)"",""Adam Hirschhorn(3)"",""Scotty V VanTatenhove(4)"",""Jeffrey Shumway(5)"",""Adam Hirschhorn(6)"",""Shirley Peel(7)""","""Emily Francis"",""Tricia Canonico"",""Adam Hirschhorn"",""Scotty V VanTatenhove"",""Jeffrey Shumway"""
Larimer,City of Fort Collins Mayor,UPLOADED,21367,112-25-66,"""Emily Francis(1)"",""Shirley Peel(2)"",""Tricia Canonico(3)"",""Adam Eggleston(4)"",""Adam Hirschhorn(5)"",""Jeffrey Shumway(6)"",""Jeffrey Shumway(7)""","""Emily Francis"",""Shirley Peel"",""Tricia Canonico"",""Adam Eggleston"",""Adam Hirschhorn"",""Jeffrey Shumway"""
Larimer,City of Fort Collins Mayor,UPLOADED,21462,105-36-1,"""Emily Francis(1)"",""Adam Eggleston(2)"",""Shirley Peel(3)"",""Scotty V VanTatenhove(4)"",""Tricia Canonico(5)"",""Adam Eggleston(6)"",""Jeffrey Shumway(7)""","""Emily Francis"",""Adam Eggleston"",""Shirley Peel"",""Scotty V VanTatenhove"",""Tricia Canonico"""
Larimer,City of Fort Collins Mayor,UPLOADED,21464,105-36-76,"""Emily Francis(1)"",""Tricia Canonico(2)"",""Shirley Peel(3)"",""Adam Hirschhorn(4)"",""Adam Eggleston(5)"",""Scotty V VanTatenhove(6)"",""Adam Hirschhorn(7)""","""Emily Francis"",""Tricia Canonico"",""Shirley Peel"",""Adam Hirschhorn"",""Adam Eggleston"",""Scotty V VanTatenhove"""
Larimer,City of Fort Collins Mayor,UPLOADED,21465,105-36-19,"""Jeffrey Shumway(1)"",""Shirley Peel(2)"",""Tricia Canonico(3)"",""Scotty V VanTatenhove(4)"",""Adam Eggleston(5)"",""Adam Eggleston(6)"",""Emily Francis(7)""","""Jeffrey Shumway"",""Shirley Peel"",""Tricia Canonico"",""Scotty V VanTatenhove"",""Adam Eggleston"""
Larimer,City of Fort Collins Mayor,UPLOADED,21467,105-36-83,"""Adam Eggleston(2)"",""Tricia Canonico(3)"",""Emily Francis(4)""",""
Larimer,City of Fort Collins Mayor,UPLOADED,21468,105-36-22,"""Emily Francis(1)"",""Jeffrey Shumway(2)"",""Scotty V VanTatenhove(3)"",""Shirley Peel(4)"",""Adam Hirschhorn(5)"",""Emily Francis(6)"",""Tricia Canonico(7)""","""Emily Francis"",""Jeffrey Shumway"",""Scotty V VanTatenhove"",""Shirley Peel"",""Adam Hirschhorn"""
Larimer,City of Fort Collins Councilmember - District 3,UPLOADED,21468,105-36-22,"""Steve Yurash(1)"",""Steve Yurash(2)"",""Steve Yurash(3)""","""Steve Yurash"""
Larimer,City of Fort Collins Mayor,UPLOADED,21565,109-27-34,"""Tricia Canonico(1)"",""Emily Francis(2)"",""Emily Francis(3)""","""Tricia Canonico"",""Emily Francis"""
Larimer,City of Fort Collins Mayor,UPLOADED,21566,109-27-11,"""Jeffrey Shumway(1)"",""Scotty V VanTatenhove(2)"",""Adam Hirschhorn(3)"",""Emily Francis(4)"",""Adam Eggleston(6)"",""Tricia Canonico(7)""","""Jeffrey Shumway"",""Scotty V VanTatenhove"",""Adam Hirschhorn"",""Emily Francis"""
Larimer,City of Fort Collins Mayor,UPLOADED,21570,109-27-44,"""Shirley Peel(1)"",""Adam Eggleston(2)"",""Shirley Peel(3)""","""Shirley Peel"",""Adam Eggleston"""
Larimer,City of Fort Collins Mayor,UPLOADED,21667,111-28-82,"""Emily Francis(1)"",""Shirley Peel(2)"",""Adam Eggleston(3)"",""Shirley Peel(4)"",""Jeffrey Shumway(5)"",""Scotty V VanTatenhove(6)"",""Adam Hirschhorn(7)""","""Emily Francis"",""Shirley Peel"",""Adam Eggleston"""
Larimer,City of Fort Collins Mayor,UPLOADED,21669,111-28-92,"""Tricia Canonico(1)"",""Emily Francis(2)"",""Shirley Peel(3)"",""Adam Eggleston(6)"",""Adam Hirschhorn(7)""","""Tricia Canonico"",""Emily Francis"",""Shirley Peel"""
Larimer,City of Fort Collins Mayor,UPLOADED,21670,111-28-94,"""Scotty V VanTatenhove(1)"",""Jeffrey Shumway(2)"",""Adam Hirschhorn(3)"",""Adam Eggleston(4)"",""Shirley Peel(4)"",""Emily Francis(5)"",""Tricia Canonico(6)""","""Scotty V VanTatenhove"",""Jeffrey Shumway"",""Adam Hirschhorn"""
Larimer,City of Fort Collins Mayor,UPLOADED,21765,110-27-83,"""Emily Francis(1)"",""Adam Hirschhorn(1)"",""Tricia Canonico(2)"",""Adam Eggleston(3)"",""Jeffrey Shumway(4)"",""Adam Hirschhorn(5)"",""Scotty V VanTatenhove(6)"",""Shirley Peel(7)""",""
Larimer,City of Fort Collins Mayor,UPLOADED,21766,110-27-64,"""Emily Francis(1)"",""Tricia Canonico(2)"",""Shirley Peel(3)"",""Jeffrey Shumway(4)"",""Jeffrey Shumway(5)"",""Adam Hirschhorn(6)"",""Scotty V VanTatenhove(7)""","""Emily Francis"",""Tricia Canonico"",""Shirley Peel"",""Jeffrey Shumway"""
Larimer,City of Fort Collins Mayor,UPLOADED,21767,110-27-9,"""Shirley Peel(1)"",""Jeffrey Shumway(2)"",""Adam Eggleston(3)"",""Adam Hirschhorn(5)"",""Emily Francis(6)"",""Tricia Canonico(7)""","""Shirley Peel"",""Jeffrey Shumway"",""Adam Eggleston"""
Larimer,City of Fort Collins Mayor,UPLOADED,21768,110-27-3,"""Shirley Peel(1)"",""Jeffrey Shumway(2)"",""Adam Eggleston(3)"",""Adam Hirschhorn(5)"",""Emily Francis(6)"",""Tricia Canonico(7)""","""Shirley Peel"",""Jeffrey Shumway"",""Adam Eggleston"""
Larimer,City of Fort Collins Mayor,UPLOADED,21769,110-27-98,"""Emily Francis(1)"",""Tricia Canonico(2)"",""Jeffrey Shumway(3)"",""Shirley Peel(4)"",""Scotty V VanTatenhove(5)"",""Emily Francis(6)"",""Adam Eggleston(7)""","""Emily Francis"",""Tricia Canonico"",""Jeffrey Shumway"",""Shirley Peel"",""Scotty V VanTatenhove"""
Larimer,City of Fort Collins Mayor,UPLOADED,21770,110-27-37,"""Tricia Canonico(1)"",""Emily Francis(2)"",""Shirley Peel(2)"",""Adam Eggleston(3)"",""Adam Hirschhorn(4)"",""Jeffrey Shumway(4)"",""Scotty V VanTatenhove(5)""","""Tricia Canonico"""
Larimer,City of Fort Collins Mayor,UPLOADED,21863,104-24-14,"""Emily Francis(1)"",""Emily Francis(2)"",""Emily Francis(3)"",""Emily Francis(4)"",""Emily Francis(5)"",""Emily Francis(6)"",""Emily Francis(7)""","""Emily Francis"""
Larimer,City of Fort Collins Mayor,UPLOADED,21865,104-24-36,"""Emily Francis(1)"",""Shirley Peel(2)"",""Jeffrey Shumway(3)"",""Adam Eggleston(4)"",""Scotty V VanTatenhove(4)"",""Tricia Canonico(5)"",""Adam Hirschhorn(7)""","""Emily Francis"",""Shirley Peel"",""Jeffrey Shumway"""
Larimer,City of Fort Collins Mayor,UPLOADED,21867,104-24-8,"""Emily Francis(1)"",""Shirley Peel(2)"",""Jeffrey Shumway(3)"",""Scotty V VanTatenhove(4)"",""Emily Francis(5)"",""Emily Francis(6)"",""Emily Francis(7)""","""Emily Francis"",""Shirley Peel"",""Jeffrey Shumway"",""Scotty V VanTatenhove"""
Larimer,City of Fort Collins Councilmember - District 1,UPLOADED,21869,104-24-3,"""Susan Gutowsky(1)"",""Susan Gutowsky(2)"",""Susan Gutowsky(3)""","""Susan Gutowsky"""
Larimer,City of Fort Collins Mayor,UPLOADED,21964,106-34-91,"""Emily Francis(1)"",""Tricia Canonico(4)"",""Scotty V VanTatenhove(4)"",""Jeffrey Shumway(5)"",""Adam Hirschhorn(6)"",""Adam Eggleston(7)"",""Shirley Peel(7)""","""Emily Francis"""
Larimer,City of Fort Collins Mayor,UPLOADED,21966,106-34-20,"""Emily Francis(1)"",""Tricia Canonico(2)"",""Adam Hirschhorn(3)"",""Shirley Peel(4)"",""Adam Hirschhorn(5)"",""Jeffrey Shumway(6)"",""Scotty V VanTatenhove(7)""","""Emily Francis"",""Tricia Canonico"",""Adam Hirschhorn"",""Shirley Peel"""
Larimer,City of Fort Collins Mayor,UPLOADED,21968,106-34-97,"""Shirley Peel(1)"",""Tricia Canonico(2)"",""Emily Francis(3)"",""Tricia Canonico(4)"",""Jeffrey Shumway(5)"",""Scotty V VanTatenhove(6)"",""Adam Hirschhorn(7)""","""Shirley Peel"",""Tricia Canonico"",""Emily Francis"""
Larimer,City of Fort Collins Mayor,UPLOADED,21970,106-34-14,"""Emily Francis(1)"",""Shirley Peel(2)"",""Scotty V VanTatenhove(3)"",""Jeffrey Shumway(4)"",""Tricia Canonico(5)"",""Emily Francis(6)"",""Adam Eggleston(7)""","""Emily Francis"",""Shirley Peel"",""Scotty V VanTatenhove"",""Jeffrey Shumway"",""Tricia Canonico"""
Larimer,City of Fort Collins Mayor,UPLOADED,22063,103-25-47,"""Tricia Canonico(7)"",""Adam Eggleston(7)"",""Emily Francis(7)"",""Adam Hirschhorn(7)"",""Shirley Peel(7)"",""Jeffrey Shumway(7)"",""Scotty V VanTatenhove(7)""",""
Larimer,City of Fort Collins Mayor,UPLOADED,22064,103-25-11,"""Tricia Canonico(1)"",""Emily Francis(2)"",""Shirley Peel(3)"",""Adam Hirschhorn(4)"",""Jeffrey Shumway(5)"",""Adam Hirschhorn(6)"",""Scotty V VanTatenhove(7)""","""Tricia Canonico"",""Emily Francis"",""Shirley Peel"",""Adam Hirschhorn"",""Jeffrey Shumway"""
Larimer,City of Fort Collins Mayor,UPLOADED,22066,103-25-56,"""Emily Francis(1)"",""Tricia Canonico(2)"",""Adam Eggleston(3)"",""Adam Eggleston(4)"",""Scotty V VanTatenhove(5)"",""Jeffrey Shumway(6)"",""Adam Hirschhorn(7)""","""Emily Francis"",""Tricia Canonico"",""Adam Eggleston"""
Larimer,City of Fort Collins Mayor,UPLOADED,22067,103-25-22,"""Emily Francis(1)"",""Adam Hirschhorn(2)"",""Shirley Peel(3)"",""Jeffrey Shumway(4)"",""Adam Eggleston(5)"",""Tricia Canonico(6)"",""Jeffrey Shumway(7)""","""Emily Francis"",""Adam Hirschhorn"",""Shirley Peel"",""Jeffrey Shumway"",""Adam Eggleston"",""Tricia Canonico"""
Larimer,City of Fort Collins Mayor,UPLOADED,22068,103-25-51,"""Emily Francis(1)"",""Jeffrey Shumway(2)"",""Tricia Canonico(3)"",""Scotty V VanTatenhove(4)"",""Shirley Peel(5)"",""Adam Eggleston(6)"",""Emily Francis(6)"",""Adam Hirschhorn(7)""","""Emily Francis"",""Jeffrey Shumway"",""Tricia Canonico"",""Scotty V VanTatenhove"",""Shirley Peel"",""Adam Eggleston"",""Adam Hirschhorn"""
Larimer,City of Fort Collins Mayor,UPLOADED,22069,103-25-73,"""Tricia Canonico(1)"",""Emily Francis(2)"",""Adam Hirschhorn(3)"",""Adam Hirschhorn(5)"",""Shirley Peel(6)"",""Jeffrey Shumway(7)""","""Tricia Canonico"",""Emily Francis"",""Adam Hirschhorn"""
Larimer,City of Fort Collins Mayor,UPLOADED,22915,105-38-31,"""Emily Francis(1)"",""Tricia Canonico(2)"",""Adam Eggleston(3)"",""Scotty V VanTatenhove(4)"",""Shirley Peel(5)"",""Jeffrey Shumway(6)"",""Emily Francis(7)"",""Adam Hirschhorn(7)""","""Emily Francis"",""Tricia Canonico"",""Adam Eggleston"",""Scotty V VanTatenhove"",""Shirley Peel"",""Jeffrey Shumway"",""Adam Hirschhorn"""
Larimer,City of Fort Collins Mayor,UPLOADED,23013,111-30-47,"""Emily Francis(1)"",""Tricia Canonico(2)"",""Adam Hirschhorn(3)"",""Adam Eggleston(4)"",""Jeffrey Shumway(6)"",""Shirley Peel(7)""","""Emily Francis"",""Tricia Canonico"",""Adam Hirschhorn"",""Adam Eggleston"""
Larimer,City of Fort Collins Mayor,UPLOADED,23015,111-30-81,"""Jeffrey Shumway(1)"",""Shirley Peel(2)"",""Tricia Canonico(3)"",""Adam Hirschhorn(4)"",""Emily Francis(5)"",""Adam Hirschhorn(6)"",""Scotty V VanTatenhove(7)""","""Jeffrey Shumway"",""Shirley Peel"",""Tricia Canonico"",""Adam Hirschhorn"",""Emily Francis"""
Larimer,City of Fort Collins Mayor,UPLOADED,23078,106-36-28,"""Emily Francis(1)"",""Jeffrey Shumway(2)"",""Scotty V VanTatenhove(3)"",""Tricia Canonico(5)"",""Adam Eggleston(6)"",""Shirley Peel(7)""","""Emily Francis"",""Jeffrey Shumway"",""Scotty V VanTatenhove"""
Larimer,City of Fort Collins Mayor,UPLOADED,23080,106-36-63,"""Emily Francis(1)"",""Shirley Peel(2)"",""Adam Eggleston(3)"",""Jeffrey Shumway(4)"",""Adam Eggleston(5)"",""Adam Hirschhorn(5)"",""Tricia Canonico(6)"",""Scotty V VanTatenhove(7)""","""Emily Francis"",""Shirley Peel"",""Adam Eggleston"",""Jeffrey Shumway"",""Adam Hirschhorn"",""Tricia Canonico"",""Scotty V VanTatenhove"""
Larimer,City of Fort Collins Mayor,UPLOADED,23082,106-36-4,"""Tricia Canonico(1)"",""Adam Eggleston(3)""","""Tricia Canonico"""
Larimer,City of Fort Collins Mayor,UPLOADED,23180,110-29-39,"""Tricia Canonico(1)"",""Emily Francis(2)"",""Shirley Peel(3)"",""Jeffrey Shumway(4)"",""Adam Eggleston(5)"",""Adam Hirschhorn(6)"",""Jeffrey Shumway(7)""","""Tricia Canonico"",""Emily Francis"",""Shirley Peel"",""Jeffrey Shumway"",""Adam Eggleston"",""Adam Hirschhorn"""
Larimer,City of Fort Collins Mayor,UPLOADED,23182,110-29-28,"""Tricia Canonico(7)"",""Adam Eggleston(7)"",""Emily Francis(7)"",""Adam Hirschhorn(7)"",""Shirley Peel(7)"",""Jeffrey Shumway(7)"",""Scotty V VanTatenhove(7)""",""
Larimer,City of Fort Collins Mayor,UPLOADED,23183,110-29-3,"""Tricia Canonico(1)"",""Scotty V VanTatenhove(2)"",""Adam Eggleston(3)"",""Shirley Peel(4)"",""Adam Eggleston(5)"",""Adam Hirschhorn(6)"",""Jeffrey Shumway(7)""","""Tricia Canonico"",""Scotty V VanTatenhove"",""Adam Eggleston"",""Shirley Peel"""
Larimer,City of Fort Collins Mayor,UPLOADED,23321,103-27-97,"""Emily Francis(1)"",""Tricia Canonico(2)"",""Adam Hirschhorn(3)"",""Scotty V VanTatenhove(4)"",""Adam Hirschhorn(5)"",""Jeffrey Shumway(6)"",""Adam Eggleston(7)""","""Emily Francis"",""Tricia Canonico"",""Adam Hirschhorn"",""Scotty V VanTatenhove"""
Larimer,City of Fort Collins Mayor,UPLOADED,23322,103-27-37,"""Emily Francis(1)"",""Tricia Canonico(2)"",""Shirley Peel(3)"",""Jeffrey Shumway(4)"",""Adam Eggleston(5)"",""Emily Francis(6)"",""Scotty V VanTatenhove(7)""","""Emily Francis"",""Tricia Canonico"",""Shirley Peel"",""Jeffrey Shumway"",""Adam Eggleston"""
Larimer,City of Fort Collins Mayor,UPLOADED,23323,103-27-67,"""Emily Francis(1)"",""Tricia Canonico(2)"",""Adam Hirschhorn(3)"",""Shirley Peel(7)""","""Emily Francis"",""Tricia Canonico"",""Adam Hirschhorn"""
Larimer,City of Fort Collins Mayor,UPLOADED,23324,103-27-99,"""Shirley Peel(1)"",""Tricia Canonico(2)"",""Emily Francis(3)"",""Adam Hirschhorn(4)"",""Scotty V VanTatenhove(5)"",""Adam Hirschhorn(6)"",""Jeffrey Shumway(7)""","""Shirley Peel"",""Tricia Canonico"",""Emily Francis"",""Adam Hirschhorn"",""Scotty V VanTatenhove"""
Larimer,City of Fort Collins Mayor,UPLOADED,23326,103-27-51,"""Shirley Peel(1)"",""Adam Eggleston(2)"",""Scotty V VanTatenhove(3)"",""Emily Francis(4)"",""Tricia Canonico(5)"",""Adam Eggleston(6)"",""Jeffrey Shumway(7)""","""Shirley Peel"",""Adam Eggleston"",""Scotty V VanTatenhove"",""Emily Francis"",""Tricia Canonico"""
Larimer,City of Fort Collins Mayor,UPLOADED,23327,103-27-100,"""Emily Francis(1)"",""Tricia Canonico(2)"",""Shirley Peel(3)"",""Scotty V VanTatenhove(4)"",""Jeffrey Shumway(5)"",""Adam Hirschhorn(6)"",""Shirley Peel(7)""","""Emily Francis"",""Tricia Canonico"",""Shirley Peel"",""Scotty V VanTatenhove"",""Jeffrey Shumway"",""Adam Hirschhorn"""
Larimer,City of Fort Collins Mayor,UPLOADED,23423,104-26-77,"""Emily Francis(1)"",""Tricia Canonico(2)"",""Adam Hirschhorn(3)"",""Shirley Peel(4)"",""Jeffrey Shumway(5)"",""Jeffrey Shumway(6)"",""Adam Eggleston(7)""","""Emily Francis"",""Tricia Canonico"",""Adam Hirschhorn"",""Shirley Peel"",""Jeffrey Shumway"""
Larimer,City of Fort Collins Mayor,UPLOADED,23424,104-26-88,"""Shirley Peel(1)"",""Tricia Canonico(2)"",""Emily Francis(3)"",""Jeffrey Shumway(4)"",""Scotty V VanTatenhove(6)"",""Adam Eggleston(7)"",""Adam Hirschhorn(7)""","""Shirley Peel"",""Tricia Canonico"",""Emily Francis"",""Jeffrey Shumway"""
Larimer,City of Fort Collins Mayor,UPLOADED,23425,104-26-13,"""Adam Eggleston(1)"",""Scotty V VanTatenhove(1)"",""Jeffrey Shumway(2)"",""Emily Francis(3)"",""Shirley Peel(3)"",""Adam Hirschhorn(5)"",""Tricia Canonico(6)""",""
Larimer,City of Fort Collins Councilmember - District 1,UPLOADED,23425,104-26-13,"""Susan Gutowsky(1)"",""Chris Conway(3)"",""Daisy Montgomery(3)""","""Susan Gutowsky"""
Larimer,City of Fort Collins Mayor,UPLOADED,23426,104-26-90,"""Adam Eggleston(1)"",""Shirley Peel(2)"",""Emily Francis(3)"",""Jeffrey Shumway(4)"",""Scotty V VanTatenhove(5)"",""Adam Hirschhorn(6)"",""Scotty V VanTatenhove(7)""","""Adam Eggleston"",""Shirley Peel"",""Emily Francis"",""Jeffrey Shumway"",""Scotty V VanTatenhove"",""Adam Hirschhorn"""
Larimer,City of Fort Collins Mayor,UPLOADED,23518,112-29-1,"""Tricia Canonico(1)"",""Emily Francis(2)"",""Emily Francis(3)""","""Tricia Canonico"",""Emily Francis"""
Larimer,City of Fort Collins Mayor,UPLOADED,23519,112-29-78,"""Adam Eggleston(1)"",""Tricia Canonico(2)"",""Shirley Peel(3)"",""Jeffrey Shumway(4)"",""Scotty V VanTatenhove(5)"",""Scotty V VanTatenhove(6)"",""Adam Hirschhorn(7)""","""Adam Eggleston"",""Tricia Canonico"",""Shirley Peel"",""Jeffrey Shumway"",""Scotty V VanTatenhove"""
Larimer,City of Fort Collins Mayor,UPLOADED,23521,112-29-40,"""Tricia Canonico(1)"",""Emily Francis(2)"",""Shirley Peel(3)"",""Adam Eggleston(4)"",""Adam Hirschhorn(5)"",""Jeffrey Shumway(7)"",""Scotty V VanTatenhove(7)""","""Tricia Canonico"",""Emily Francis"",""Shirley Peel"",""Adam Eggleston"",""Adam Hirschhorn"""
Larimer,City of Fort Collins Mayor,UPLOADED,26172,103-30-83,"""Shirley Peel(1)"",""Adam Eggleston(2)"",""Jeffrey Shumway(3)"",""Adam Eggleston(4)""","""Shirley Peel"",""Adam Eggleston"",""Jeffrey Shumway"""
Larimer,City of Fort Collins Mayor,UPLOADED,23523,112-29-9,"""Tricia Canonico(1)"",""Jeffrey Shumway(2)"",""Emily Francis(3)"",""Shirley Peel(4)"",""Adam Eggleston(5)"",""Jeffrey Shumway(6)"",""Scotty V VanTatenhove(7)""","""Tricia Canonico"",""Jeffrey Shumway"",""Emily Francis"",""Shirley Peel"",""Adam Eggleston"""
Larimer,City of Fort Collins Mayor,UPLOADED,23525,112-29-88,"""Emily Francis(1)"",""Jeffrey Shumway(2)"",""Shirley Peel(3)"",""Tricia Canonico(5)"",""Scotty V VanTatenhove(6)"",""Adam Eggleston(7)""","""Emily Francis"",""Jeffrey Shumway"",""Shirley Peel"""
Larimer,City of Fort Collins Councilmember - District 1,UPLOADED,23525,112-29-88,"""Chris Conway(2)"",""Susan Gutowsky(3)"",""Daisy Montgomery(3)""",""
Larimer,City of Fort Collins Mayor,UPLOADED,23526,112-29-81,"""Shirley Peel(1)"",""Tricia Canonico(2)"",""Scotty V VanTatenhove(7)""","""Shirley Peel"",""Tricia Canonico"""
Larimer,City of Fort Collins Mayor,UPLOADED,23617,109-29-25,"""Adam Eggleston(1)"",""Shirley Peel(2)"",""Jeffrey Shumway(3)"",""Tricia Canonico(4)"",""Emily Francis(5)"",""Scotty V VanTatenhove(5)"",""Adam Hirschhorn(6)""","""Adam Eggleston"",""Shirley Peel"",""Jeffrey Shumway"",""Tricia Canonico"""
Larimer,City of Fort Collins Mayor,UPLOADED,23619,109-29-52,"""Tricia Canonico(1)"",""Adam Eggleston(2)"",""Emily Francis(3)"",""Jeffrey Shumway(4)"",""Scotty V VanTatenhove(6)"",""Shirley Peel(7)""","""Tricia Canonico"",""Adam Eggleston"",""Emily Francis"",""Jeffrey Shumway"""
Larimer,City of Fort Collins Mayor,UPLOADED,23620,109-29-6,"""Shirley Peel(1)"",""Tricia Canonico(2)"",""Shirley Peel(3)"",""Adam Eggleston(4)"",""Emily Francis(5)"",""Adam Hirschhorn(6)"",""Jeffrey Shumway(7)""","""Shirley Peel"",""Tricia Canonico"""
Larimer,City of Fort Collins Councilmember - District 3,UPLOADED,23623,109-29-17,"""Steve Yurash(2)""",""
Larimer,City of Fort Collins Mayor,UPLOADED,23624,109-29-66,"""Adam Hirschhorn(1)"",""Shirley Peel(2)"",""Emily Francis(3)"",""Shirley Peel(4)"",""Adam Eggleston(5)"",""Scotty V VanTatenhove(6)"",""Tricia Canonico(7)""","""Adam Hirschhorn"",""Shirley Peel"",""Emily Francis"""
Larimer,City of Fort Collins Mayor,UPLOADED,24190,105-40-44,"""Tricia Canonico(1)"",""Tricia Canonico(2)"",""Adam Eggleston(3)"",""Shirley Peel(4)""","""Tricia Canonico"""
Larimer,City of Fort Collins Mayor,UPLOADED,24192,105-40-25,"""Scotty V VanTatenhove(1)"",""Jeffrey Shumway(2)"",""Shirley Peel(3)"",""Tricia Canonico(4)"",""Adam Eggleston(5)"",""Emily Francis(6)"",""Shirley Peel(7)""","""Scotty V VanTatenhove"",""Jeffrey Shumway"",""Shirley Peel"",""Tricia Canonico"",""Adam Eggleston"",""Emily Francis"""
Larimer,City of Fort Collins Mayor,UPLOADED,24386,111-32-9,"""Jeffrey Shumway(1)"",""Tricia Canonico(2)"",""Tricia Canonico(3)"",""Shirley Peel(4)"",""Tricia Canonico(5)"",""Adam Hirschhorn(6)"",""Scotty V VanTatenhove(7)""","""Jeffrey Shumway"",""Tricia Canonico"""
Larimer,City of Fort Collins Mayor,UPLOADED,24387,111-32-21,"""Scotty V VanTatenhove(7)""",""
Larimer,City of Fort Collins Mayor,UPLOADED,24388,111-32-62,"""Emily Francis(1)"",""Jeffrey Shumway(2)"",""Adam Eggleston(3)"",""Shirley Peel(4)"",""Tricia Canonico(5)"",""Scotty V VanTatenhove(6)"",""Jeffrey Shumway(7)""","""Emily Francis"",""Jeffrey Shumway"",""Adam Eggleston"",""Shirley Peel"",""Tricia Canonico"",""Scotty V VanTatenhove"""
Larimer,City of Fort Collins Mayor,UPLOADED,24390,111-32-43,"""Shirley Peel(1)"",""Shirley Peel(2)"",""Jeffrey Shumway(3)"",""Adam Hirschhorn(4)"",""Tricia Canonico(5)"",""Adam Eggleston(6)"",""Emily Francis(7)""","""Shirley Peel"""
Larimer,City of Fort Collins Mayor,UPLOADED,24392,111-32-26,"""Emily Francis(1)"",""Scotty V VanTatenhove(2)"",""Tricia Canonico(3)"",""Adam Eggleston(4)"",""Adam Eggleston(5)"",""Shirley Peel(6)"",""Jeffrey Shumway(7)""","""Emily Francis"",""Scotty V VanTatenhove"",""Tricia Canonico"",""Adam Eggleston"""
Larimer,City of Fort Collins Mayor,UPLOADED,24393,111-32-56,"""Scotty V VanTatenhove(1)"",""Jeffrey Shumway(2)"",""Shirley Peel(3)"",""Adam Hirschhorn(4)"",""Adam Eggleston(5)"",""Tricia Canonico(6)"",""Scotty V VanTatenhove(7)""","""Scotty V VanTatenhove"",""Jeffrey Shumway"",""Shirley Peel"",""Adam Hirschhorn"",""Adam Eggleston"",""Tricia Canonico"""
Larimer,City of Fort Collins Mayor,UPLOADED,24590,104-28-77,"""Adam Eggleston(1)"",""Tricia Canonico(7)"",""Emily Francis(7)"",""Adam Hirschhorn(7)"",""Shirley Peel(7)"",""Jeffrey Shumway(7)"",""Scotty V VanTatenhove(7)""","""Adam Eggleston"""
Larimer,City of Fort Collins Mayor,UPLOADED,24591,104-28-25,"""Shirley Peel(1)"",""Adam Hirschhorn(2)"",""Tricia Canonico(3)"",""Adam Eggleston(4)"",""Emily Francis(5)"",""Scotty V VanTatenhove(6)"",""Adam Hirschhorn(7)""","""Shirley Peel"",""Adam Hirschhorn"",""Tricia Canonico"",""Adam Eggleston"",""Emily Francis"",""Scotty V VanTatenhove"""
Larimer,City of Fort Collins Mayor,UPLOADED,24592,104-28-91,"""Adam Hirschhorn(1)"",""Scotty V VanTatenhove(1)"",""Emily Francis(2)"",""Adam Eggleston(3)"",""Adam Hirschhorn(4)"",""Shirley Peel(5)"",""Jeffrey Shumway(6)"",""Tricia Canonico(7)""",""
Larimer,City of Fort Collins Mayor,UPLOADED,24593,104-28-41,"""Tricia Canonico(1)"",""Adam Eggleston(2)"",""Emily Francis(3)"",""Adam Hirschhorn(4)"",""Scotty V VanTatenhove(5)"",""Shirley Peel(6)"",""Adam Hirschhorn(7)""","""Tricia Canonico"",""Adam Eggleston"",""Emily Francis"",""Adam Hirschhorn"",""Scotty V VanTatenhove"",""Shirley Peel"""
Larimer,City of Fort Collins Mayor,UPLOADED,24594,104-28-67,"""Shirley Peel(1)"",""Jeffrey Shumway(2)"",""Emily Francis(3)"",""Adam Eggleston(4)"",""Adam Hirschhorn(5)"",""Tricia Canonico(6)"",""Adam Eggleston(7)""","""Shirley Peel"",""Jeffrey Shumway"",""Emily Francis"",""Adam Eggleston"",""Adam Hirschhorn"",""Tricia Canonico"""
Larimer,City of Fort Collins Mayor,UPLOADED,24687,110-31-1,"""Tricia Canonico(1)"",""Adam Hirschhorn(2)"",""Emily Francis(3)"",""Adam Eggleston(4)"",""Scotty V VanTatenhove(5)"",""Adam Hirschhorn(6)"",""Jeffrey Shumway(7)""","""Tricia Canonico"",""Adam Hirschhorn"",""Emily Francis"",""Adam Eggleston"",""Scotty V VanTatenhove"""
Larimer,City of Fort Collins Mayor,UPLOADED,24688,110-31-4,"""Adam Hirschhorn(1)"",""Jeffrey Shumway(1)"",""Scotty V VanTatenhove(2)"",""Tricia Canonico(5)"",""Adam Eggleston(6)"",""Emily Francis(6)"",""Shirley Peel(6)""",""
Larimer,City of Fort Collins Mayor,UPLOADED,24689,110-31-3,"""Adam Hirschhorn(1)"",""Jeffrey Shumway(1)"",""Scotty V VanTatenhove(2)"",""Tricia Canonico(5)"",""Adam Eggleston(6)"",""Emily Francis(6)"",""Shirley Peel(6)""",""
Larimer,City of Fort Collins Mayor,UPLOADED,24690,110-31-63,"""Tricia Canonico(1)"",""Shirley Peel(2)"",""Emily Francis(3)"",""Adam Hirschhorn(4)"",""Jeffrey Shumway(5)"",""Scotty V VanTatenhove(7)""","""Tricia Canonico"",""Shirley Peel"",""Emily Francis"",""Adam Hirschhorn"",""Jeffrey Shumway"""
Larimer,City of Fort Collins Mayor,UPLOADED,24691,110-31-50,"""Emily Francis(1)"",""Tricia Canonico(2)"",""Adam Eggleston(3)"",""Adam Hirschhorn(4)"",""Scotty V VanTatenhove(5)"",""Adam Hirschhorn(6)"",""Shirley Peel(7)""","""Emily Francis"",""Tricia Canonico"",""Adam Eggleston"",""Adam Hirschhorn"",""Scotty V VanTatenhove"""
Larimer,City of Fort Collins Mayor,UPLOADED,24692,110-31-13,"""Shirley Peel(1)"",""Emily Francis(2)"",""Adam Eggleston(3)"",""Tricia Canonico(4)"",""Adam Hirschhorn(5)"",""Scotty V VanTatenhove(6)"",""Adam Hirschhorn(7)""","""Shirley Peel"",""Emily Francis"",""Adam Eggleston"",""Tricia Canonico"",""Adam Hirschhorn"",""Scotty V VanTatenhove"""
Larimer,City of Fort Collins Mayor,UPLOADED,24693,110-31-78,"""Shirley Peel(1)"",""Emily Francis(2)"",""Adam Eggleston(3)"",""Tricia Canonico(4)"",""Adam Eggleston(5)"",""Scotty V VanTatenhove(6)"",""Jeffrey Shumway(7)""","""Shirley Peel"",""Emily Francis"",""Adam Eggleston"",""Tricia Canonico"""
Larimer,City of Fort Collins Mayor,UPLOADED,25484,111-34-1,"""Shirley Peel(1)"",""Shirley Peel(2)"",""Shirley Peel(3)"",""Shirley Peel(4)"",""Shirley Peel(5)"",""Shirley Peel(6)"",""Shirley Peel(7)""","""Shirley Peel"""
Larimer,City of Fort Collins Mayor,UPLOADED,25485,111-34-93,"""Emily Francis(1)"",""Tricia Canonico(2)"",""Shirley Peel(3)"",""Adam Eggleston(4)"",""Emily Francis(5)"",""Jeffrey Shumway(6)"",""Scotty V VanTatenhove(7)""","""Emily Francis"",""Tricia Canonico"",""Shirley Peel"",""Adam Eggleston"""
Larimer,City of Fort Collins Mayor,UPLOADED,25486,111-34-27,"""Emily Francis(1)"",""Shirley Peel(2)"",""Emily Francis(3)"",""Shirley Peel(4)"",""Emily Francis(5)"",""Shirley Peel(6)"",""Emily Francis(7)""","""Emily Francis"",""Shirley Peel"""
Larimer,City of Fort Collins Mayor,UPLOADED,25487,111-34-81,"""Shirley Peel(1)"",""Shirley Peel(2)"",""Shirley Peel(3)"",""Shirley Peel(4)"",""Shirley Peel(5)"",""Shirley Peel(6)"",""Shirley Peel(7)""","""Shirley Peel"""
Larimer,City of Fort Collins Mayor,UPLOADED,25488,111-34-40,"""Emily Francis(1)"",""Tricia Canonico(2)"",""Jeffrey Shumway(6)"",""Shirley Peel(7)""","""Emily Francis"",""Tricia Canonico"""
Larimer,City of Fort Collins Mayor,UPLOADED,25490,111-34-99,"""Tricia Canonico(1)"",""Emily Francis(2)"",""Shirley Peel(3)"",""Scotty V VanTatenhove(4)"",""Jeffrey Shumway(6)"",""Adam Hirschhorn(7)""","""Tricia Canonico"",""Emily Francis"",""Shirley Peel"",""Scotty V VanTatenhove"""
Larimer,City of Fort Collins Mayor,UPLOADED,25585,106-41-40,"""Tricia Canonico(1)"",""Adam Eggleston(2)"",""Shirley Peel(4)"",""Adam Hirschhorn(6)"",""Emily Francis(7)"",""Jeffrey Shumway(7)"",""Scotty V VanTatenhove(7)""","""Tricia Canonico"",""Adam Eggleston"""
Larimer,City of Fort Collins Mayor,UPLOADED,25586,106-41-52,"""Tricia Canonico(1)"",""Emily Francis(2)"",""Adam Hirschhorn(3)"",""Adam Eggleston(4)"",""Shirley Peel(5)"",""Adam Hirschhorn(6)"",""Jeffrey Shumway(7)""","""Tricia Canonico"",""Emily Francis"",""Adam Hirschhorn"",""Adam Eggleston"",""Shirley Peel"""
Larimer,City of Fort Collins Mayor,UPLOADED,25587,106-41-22,"""Scotty V VanTatenhove(1)"",""Tricia Canonico(2)"",""Adam Eggleston(3)"",""Shirley Peel(4)"",""Emily Francis(5)"",""Jeffrey Shumway(6)"",""Adam Eggleston(7)""","""Scotty V VanTatenhove"",""Tricia Canonico"",""Adam Eggleston"",""Shirley Peel"",""Emily Francis"",""Jeffrey Shumway"""
Larimer,City of Fort Collins Mayor,UPLOADED,25588,106-41-98,"""Scotty V VanTatenhove(1)"",""Scotty V VanTatenhove(2)"",""Scotty V VanTatenhove(3)"",""Adam Hirschhorn(4)"",""Adam Hirschhorn(5)"",""Adam Hirschhorn(6)"",""Adam Hirschhorn(7)""","""Scotty V VanTatenhove"""
Larimer,City of Fort Collins Councilmember - District 1,UPLOADED,25588,106-41-98,"""Susan Gutowsky(1)"",""Susan Gutowsky(2)"",""Susan Gutowsky(3)""","""Susan Gutowsky"""
Larimer,City of Fort Collins Mayor,UPLOADED,25672,109-31-50,"""Emily Francis(1)"",""Emily Francis(2)"",""Adam Eggleston(3)"",""Adam Hirschhorn(4)"",""Shirley Peel(5)"",""Jeffrey Shumway(6)"",""Tricia Canonico(7)"",""Scotty V VanTatenhove(7)""","""Emily Francis"""
Larimer,City of Fort Collins Mayor,UPLOADED,25673,109-31-6,"""Jeffrey Shumway(1)"",""Shirley Peel(2)"",""Tricia Canonico(3)"",""Tricia Canonico(4)""","""Jeffrey Shumway"",""Shirley Peel"",""Tricia Canonico"""
Larimer,City of Fort Collins Councilmember - District 3,UPLOADED,25673,109-31-6,"""Josh Fudge(1)"",""Josh Fudge(2)"",""Josh Fudge(3)""","""Josh Fudge"""
Larimer,City of Fort Collins Mayor,UPLOADED,25767,112-32-18,"""Tricia Canonico(1)"",""Emily Francis(2)"",""Shirley Peel(3)"",""Adam Eggleston(4)"",""Jeffrey Shumway(6)"",""Scotty V VanTatenhove(6)"",""Adam Hirschhorn(7)""","""Tricia Canonico"",""Emily Francis"",""Shirley Peel"",""Adam Eggleston"""
Larimer,City of Fort Collins Mayor,UPLOADED,25768,112-32-3,"""Shirley Peel(1)"",""Jeffrey Shumway(2)"",""Shirley Peel(3)"",""Jeffrey Shumway(4)""","""Shirley Peel"",""Jeffrey Shumway"""
Larimer,City of Fort Collins Mayor,UPLOADED,25769,112-32-65,"""Adam Eggleston(1)"",""Scotty V VanTatenhove(2)"",""Shirley Peel(3)"",""Emily Francis(4)"",""Tricia Canonico(5)"",""Scotty V VanTatenhove(6)"",""Adam Hirschhorn(7)""","""Adam Eggleston"",""Scotty V VanTatenhove"",""Shirley Peel"",""Emily Francis"",""Tricia Canonico"""
Larimer,City of Fort Collins Mayor,UPLOADED,25771,112-32-62,"""Emily Francis(1)"",""Tricia Canonico(2)"",""Jeffrey Shumway(6)"",""Shirley Peel(7)""","""Emily Francis"",""Tricia Canonico"""
Larimer,City of Fort Collins Mayor,UPLOADED,25773,112-32-20,"""Jeffrey Shumway(2)"",""Shirley Peel(3)"",""Adam Hirschhorn(4)"",""Emily Francis(5)"",""Adam Eggleston(6)"",""Tricia Canonico(7)""",""
Larimer,City of Fort Collins Mayor,UPLOADED,25868,104-30-55,"""Tricia Canonico(1)"",""Emily Francis(2)"",""Adam Eggleston(3)"",""Scotty V VanTatenhove(4)"",""Shirley Peel(5)"",""Adam Eggleston(6)"",""Jeffrey Shumway(7)""","""Tricia Canonico"",""Emily Francis"",""Adam Eggleston"",""Scotty V VanTatenhove"",""Shirley Peel"""
Larimer,City of Fort Collins Mayor,UPLOADED,25869,104-30-58,"""Jeffrey Shumway(1)"",""Tricia Canonico(7)""","""Jeffrey Shumway"""
Larimer,City of Fort Collins Mayor,UPLOADED,25870,104-30-28,"""Adam Eggleston(1)"",""Emily Francis(2)"",""Tricia Canonico(3)"",""Jeffrey Shumway(4)"",""Scotty V VanTatenhove(5)"",""Emily Francis(6)"",""Shirley Peel(7)""","""Adam Eggleston"",""Emily Francis"",""Tricia Canonico"",""Jeffrey Shumway"",""Scotty V VanTatenhove"""
Larimer,City of Fort Collins Mayor,UPLOADED,25872,104-30-69,"""Tricia Canonico(1)"",""Emily Francis(2)"",""Shirley Peel(7)""","""Tricia Canonico"",""Emily Francis"""
Larimer,City of Fort Collins Mayor,UPLOADED,25873,104-30-44,"""Shirley Peel(1)"",""Emily Francis(2)"",""Adam Eggleston(7)""","""Shirley Peel"",""Emily Francis"""
Larimer,City of Fort Collins Mayor,UPLOADED,26065,105-42-72,"""Tricia Canonico(1)"",""Emily Francis(2)"",""Scotty V VanTatenhove(3)"",""Adam Eggleston(4)"",""Shirley Peel(5)"",""Emily Francis(6)"",""Shirley Peel(7)""","""Tricia Canonico"",""Emily Francis"",""Scotty V VanTatenhove"",""Adam Eggleston"",""Shirley Peel"""
Larimer,City of Fort Collins Mayor,UPLOADED,26066,105-42-99,"""Emily Francis(1)"",""Adam Eggleston(2)"",""Tricia Canonico(3)"",""Emily Francis(4)"",""Shirley Peel(5)"",""Shirley Peel(6)"",""Shirley Peel(7)""","""Emily Francis"",""Adam Eggleston"",""Tricia Canonico"""
Larimer,City of Fort Collins Mayor,UPLOADED,26067,105-42-75,"""Tricia Canonico(1)"",""Emily Francis(2)"",""Scotty V VanTatenhove(3)"",""Shirley Peel(6)"",""Adam Eggleston(7)""","""Tricia Canonico"",""Emily Francis"",""Scotty V VanTatenhove"""
Larimer,City of Fort Collins Mayor,UPLOADED,26068,105-42-9,"""Emily Francis(1)"",""Tricia Canonico(2)"",""Jeffrey Shumway(3)"",""Shirley Peel(4)"",""Jeffrey Shumway(5)"",""Adam Eggleston(6)"",""Adam Hirschhorn(7)""","""Emily Francis"",""Tricia Canonico"",""Jeffrey Shumway"",""Shirley Peel"""
Larimer,City of Fort Collins Mayor,UPLOADED,26069,105-42-32,"""Emily Francis(1)"",""Adam Eggleston(2)"",""Tricia Canonico(3)"",""Adam Hirschhorn(4)"",""Jeffrey Shumway(5)"",""Emily Francis(6)"",""Shirley Peel(7)""","""Emily Francis"",""Adam Eggleston"",""Tricia Canonico"",""Adam Hirschhorn"",""Jeffrey Shumway"""
Larimer,City of Fort Collins Mayor,UPLOADED,26070,105-42-65,"""Tricia Canonico(1)"",""Emily Francis(2)"",""Adam Eggleston(3)"",""Shirley Peel(4)"",""Scotty V VanTatenhove(5)"",""Jeffrey Shumway(7)""","""Tricia Canonico"",""Emily Francis"",""Adam Eggleston"",""Shirley Peel"",""Scotty V VanTatenhove"""
Larimer,City of Fort Collins Mayor,UPLOADED,26071,105-42-74,"""Tricia Canonico(1)"",""Emily Francis(2)"",""Scotty V VanTatenhove(3)"",""Shirley Peel(6)"",""Adam Eggleston(7)""","""Tricia Canonico"",""Emily Francis"",""Scotty V VanTatenhove"""
Larimer,City of Fort Collins Mayor,UPLOADED,26072,105-42-20,"""Tricia Canonico(1)"",""Shirley Peel(1)"",""Adam Eggleston(3)"",""Jeffrey Shumway(4)"",""Emily Francis(5)"",""Adam Hirschhorn(6)"",""Scotty V VanTatenhove(7)""",""
Larimer,City of Fort Collins Mayor,UPLOADED,26171,103-30-45,"""Scotty V VanTatenhove(1)"",""Tricia Canonico(2)"",""Scotty V VanTatenhove(3)"",""Jeffrey Shumway(4)"",""Shirley Peel(5)"",""Adam Hirschhorn(6)"",""Emily Francis(7)""","""Scotty V VanTatenhove"",""Tricia Canonico"""
Larimer,City of Fort Collins Mayor,UPLOADED,26173,103-30-88,"""Adam Hirschhorn(1)"",""Scotty V VanTatenhove(1)"",""Adam Eggleston(2)"",""Shirley Peel(2)"",""Jeffrey Shumway(2)"",""Tricia Canonico(3)"",""Emily Francis(3)""",""
Larimer,City of Fort Collins Mayor,UPLOADED,26266,110-33-51,"""Scotty V VanTatenhove(1)"",""Scotty V VanTatenhove(2)"",""Scotty V VanTatenhove(3)"",""Scotty V VanTatenhove(4)"",""Scotty V VanTatenhove(5)"",""Scotty V VanTatenhove(6)"",""Scotty V VanTatenhove(7)""","""Scotty V VanTatenhove"""
Larimer,City of Fort Collins Mayor,UPLOADED,26267,110-33-73,"""Adam Hirschhorn(1)"",""Tricia Canonico(7)"",""Adam Eggleston(7)"",""Emily Francis(7)"",""Shirley Peel(7)"",""Jeffrey Shumway(7)"",""Scotty V VanTatenhove(7)""","""Adam Hirschhorn"""
Larimer,City of Fort Collins Mayor,UPLOADED,26268,110-33-47,"""Emily Francis(1)"",""Adam Eggleston(2)"",""Tricia Canonico(7)"",""Adam Hirschhorn(7)"",""Shirley Peel(7)"",""Jeffrey Shumway(7)"",""Scotty V VanTatenhove(7)""","""Emily Francis"",""Adam Eggleston"""
Larimer,City of Fort Collins Mayor,UPLOADED,26269,110-33-74,"""Adam Hirschhorn(1)"",""Shirley Peel(7)""","""Adam Hirschhorn"""
Larimer,City of Fort Collins Mayor,UPLOADED,26271,110-33-100,"""Jeffrey Shumway(1)"",""Jeffrey Shumway(2)""","""Jeffrey Shumway"""
Larimer,City of Fort Collins Mayor,UPLOADED,26272,110-33-95,"""Tricia Canonico(1)"",""Adam Eggleston(2)"",""Emily Francis(3)"",""Adam Hirschhorn(4)"",""Jeffrey Shumway(5)"",""Adam Hirschhorn(6)"",""Scotty V VanTatenhove(7)""","""Tricia Canonico"",""Adam Eggleston"",""Emily Francis"",""Adam Hirschhorn"",""Jeffrey Shumway"""
Larimer,City of Fort Collins Mayor,UPLOADED,26273,110-33-98,"""Emily Francis(1)"",""Tricia Canonico(2)"",""Adam Hirschhorn(3)"",""Jeffrey Shumway(4)"",""Shirley Peel(5)"",""Adam Hirschhorn(6)"",""Scotty V VanTatenhove(7)""","""Emily Francis"",""Tricia Canonico"",""Adam Hirschhorn"",""Jeffrey Shumway"",""Shirley Peel"""
Larimer,City of Fort Collins Mayor,UPLOADED,26851,111-36-10,"""Emily Francis(1)"",""Tricia Canonico(2)"",""Adam Eggleston(3)"",""Shirley Peel(4)"",""Scotty V VanTatenhove(5)"",""Emily Francis(6)"",""Jeffrey Shumway(7)""","""Emily Francis"",""Tricia Canonico"",""Adam Eggleston"",""Shirley Peel"",""Scotty V VanTatenhove"""
Larimer,City of Fort Collins Mayor,UPLOADED,26852,111-36-2,"""Shirley Peel(1)"",""Adam Eggleston(2)"",""Adam Hirschhorn(3)"",""Jeffrey Shumway(4)"",""Emily Francis(5)"",""Scotty V VanTatenhove(6)"",""Adam Hirschhorn(7)""","""Shirley Peel"",""Adam Eggleston"",""Adam Hirschhorn"",""Jeffrey Shumway"",""Emily Francis"",""Scotty V VanTatenhove"""
Larimer,City of Fort Collins Mayor,UPLOADED,27147,106-43-24,"""Tricia Canonico(1)"",""Adam Eggleston(2)"",""Emily Francis(3)"",""Adam Hirschhorn(5)"",""Shirley Peel(6)"",""Scotty V VanTatenhove(7)""","""Tricia Canonico"",""Adam Eggleston"",""Emily Francis"""
Larimer,City of Fort Collins Mayor,UPLOADED,27148,106-43-71,"""Tricia Canonico(7)"",""Adam Eggleston(7)"",""Emily Francis(7)"",""Adam Hirschhorn(7)"",""Shirley Peel(7)"",""Jeffrey Shumway(7)"",""Scotty V VanTatenhove(7)""",""
Larimer,City of Fort Collins Councilmember - District 3,UPLOADED,27150,106-43-41,"""Josh Fudge(2)"",""Lance Smith(3)"",""Steve Yurash(3)""",""
Larimer,City of Fort Collins Mayor,UPLOADED,27153,106-43-89,"""Emily Francis(1)"",""Shirley Peel(2)"",""Scotty V VanTatenhove(3)"",""Tricia Canonico(4)"",""Emily Francis(5)"",""Adam Eggleston(6)"",""Jeffrey Shumway(7)""","""Emily Francis"",""Shirley Peel"",""Scotty V VanTatenhove"",""Tricia Canonico"""
Larimer,City of Fort Collins Mayor,UPLOADED,27154,106-43-46,"""Shirley Peel(1)"",""Jeffrey Shumway(2)"",""Adam Eggleston(3)"",""Tricia Canonico(4)"",""Adam Hirschhorn(5)"",""Scotty V VanTatenhove(6)"",""Adam Hirschhorn(7)""","""Shirley Peel"",""Jeffrey Shumway"",""Adam Eggleston"",""Tricia Canonico"",""Adam Hirschhorn"",""Scotty V VanTatenhove"""
Larimer,City of Fort Collins Mayor,UPLOADED,27250,109-33-41,"""Shirley Peel(1)"",""Adam Eggleston(2)"",""Emily Francis(3)"",""Shirley Peel(4)"",""Adam Eggleston(5)"",""Adam Hirschhorn(6)"",""Scotty V VanTatenhove(7)""","""Shirley Peel"",""Adam Eggleston"",""Emily Francis"""
Larimer,City of Fort Collins Mayor,UPLOADED,27251,109-33-1,"""Tricia Canonico(1)"",""Emily Francis(2)"",""Shirley Peel(3)"",""Adam Eggleston(4)"",""Jeffrey Shumway(5)"",""Jeffrey Shumway(6)"",""Adam Hirschhorn(7)""","""Tricia Canonico"",""Emily Francis"",""Shirley Peel"",""Adam Eggleston"",""Jeffrey Shumway"""
Larimer,City of Fort Collins Mayor,UPLOADED,27252,109-33-2,"""Tricia Canonico(1)"",""Emily Francis(2)"",""Jeffrey Shumway(3)"",""Adam Eggleston(4)"",""Jeffrey Shumway(5)"",""Jeffrey Shumway(6)"",""Adam Hirschhorn(7)""","""Tricia Canonico"",""Emily Francis"",""Jeffrey Shumway"",""Adam Eggleston"""
Larimer,City of Fort Collins Mayor,UPLOADED,27647,110-35-32,"""Shirley Peel(1)"",""Adam Eggleston(2)"",""Jeffrey Shumway(3)"",""Adam Eggleston(4)""","""Shirley Peel"",""Adam Eggleston"",""Jeffrey Shumway"""
Larimer,City of Fort Collins Mayor,UPLOADED,27648,110-35-38,"""Tricia Canonico(1)"",""Jeffrey Shumway(2)"",""Emily Francis(3)"",""Shirley Peel(4)"",""Adam Eggleston(6)"",""Adam Hirschhorn(7)""","""Tricia Canonico"",""Jeffrey Shumway"",""Emily Francis"",""Shirley Peel"""
Larimer,City of Fort Collins Mayor,UPLOADED,27649,110-35-27,"""Emily Francis(1)"",""Tricia Canonico(7)"",""Adam Eggleston(7)"",""Adam Hirschhorn(7)"",""Shirley Peel(7)"",""Jeffrey Shumway(7)"",""Scotty V VanTatenhove(7)""","""Emily Francis"""
Larimer,City of Fort Collins Mayor,UPLOADED,27650,110-35-10,"""Jeffrey Shumway(1)"",""Shirley Peel(2)"",""Adam Hirschhorn(3)"",""Adam Eggleston(4)"",""Emily Francis(5)"",""Scotty V VanTatenhove(6)"",""Adam Hirschhorn(7)""","""Jeffrey Shumway"",""Shirley Peel"",""Adam Hirschhorn"",""Adam Eggleston"",""Emily Francis"",""Scotty V VanTatenhove"""
Larimer,City of Fort Collins Mayor,UPLOADED,27651,110-35-12,"""Jeffrey Shumway(1)"",""Shirley Peel(2)"",""Adam Hirschhorn(3)"",""Adam Eggleston(4)"",""Emily Francis(5)"",""Scotty V VanTatenhove(6)"",""Adam Hirschhorn(7)""","""Jeffrey Shumway"",""Shirley Peel"",""Adam Hirschhorn"",""Adam Eggleston"",""Emily Francis"",""Scotty V VanTatenhove"""
Larimer,City of Fort Collins Mayor,UPLOADED,27653,110-35-23,"""Shirley Peel(1)"",""Adam Eggleston(2)"",""Jeffrey Shumway(3)"",""Scotty V VanTatenhove(4)"",""Tricia Canonico(5)"",""Emily Francis(5)"",""Adam Hirschhorn(7)""","""Shirley Peel"",""Adam Eggleston"",""Jeffrey Shumway"",""Scotty V VanTatenhove"""
Larimer,City of Fort Collins Mayor,UPLOADED,27844,105-44-16,"""Adam Eggleston(1)"",""Tricia Canonico(2)"",""Tricia Canonico(3)"",""Tricia Canonico(4)"",""Adam Hirschhorn(5)"",""Shirley Peel(6)"",""Scotty V VanTatenhove(7)""","""Adam Eggleston"",""Tricia Canonico"""
Larimer,City of Fort Collins Mayor,UPLOADED,27845,105-44-1,"""Emily Francis(1)"",""Emily Francis(2)"",""Emily Francis(3)"",""Emily Francis(4)"",""Scotty V VanTatenhove(5)"",""Scotty V VanTatenhove(6)"",""Scotty V VanTatenhove(7)""","""Emily Francis"""
Larimer,City of Fort Collins Councilmember - District 1,UPLOADED,27845,105-44-1,"""Susan Gutowsky(1)"",""Susan Gutowsky(2)"",""Susan Gutowsky(3)""","""Susan Gutowsky"""
Larimer,City of Fort Collins Mayor,UPLOADED,27846,105-44-23,"""Emily Francis(1)"",""Tricia Canonico(2)"",""Shirley Peel(3)"",""Adam Eggleston(4)"",""Scotty V VanTatenhove(6)"",""Jeffrey Shumway(7)""","""Emily Francis"",""Tricia Canonico"",""Shirley Peel"",""Adam Eggleston"""
Larimer,City of Fort Collins Mayor,UPLOADED,27847,105-44-47,"""Adam Eggleston(1)"",""Adam Eggleston(2)""","""Adam Eggleston"""
Larimer,City of Fort Collins Councilmember - District 1,UPLOADED,27847,105-44-47,"""Chris Conway(1)"",""Chris Conway(2)"",""Chris Conway(3)""","""Chris Conway"""
Larimer,City of Fort Collins Councilmember - District 1,UPLOADED,27848,105-44-51,"""Daisy Montgomery(1)"",""Chris Conway(2)"",""Daisy Montgomery(3)""","""Daisy Montgomery"",""Chris Conway"""
Larimer,City of Fort Collins Mayor,UPLOADED,42952,109-54-44,"""Jeffrey Shumway(1)"",""Shirley Peel(2)"",""Adam Hirschhorn(7)""","""Jeffrey Shumway"",""Shirley Peel"""
Larimer,City of Fort Collins Mayor,UPLOADED,27851,105-44-70,"""Shirley Peel(1)"",""Shirley Peel(2)"",""Shirley Peel(3)"",""Shirley Peel(4)"",""Shirley Peel(5)"",""Shirley Peel(6)"",""Shirley Peel(7)""","""Shirley Peel"""
Larimer,City of Fort Collins Mayor,UPLOADED,27852,105-44-69,"""Shirley Peel(1)"",""Shirley Peel(2)"",""Shirley Peel(3)"",""Shirley Peel(4)"",""Shirley Peel(5)"",""Shirley Peel(6)"",""Shirley Peel(7)""","""Shirley Peel"""
Larimer,City of Fort Collins Mayor,UPLOADED,27945,103-32-9,"""Emily Francis(1)"",""Tricia Canonico(2)"",""Adam Hirschhorn(3)"",""Shirley Peel(4)"",""Jeffrey Shumway(6)"",""Scotty V VanTatenhove(7)""","""Emily Francis"",""Tricia Canonico"",""Adam Hirschhorn"",""Shirley Peel"""
Larimer,City of Fort Collins Mayor,UPLOADED,27947,103-32-54,"""Emily Francis(1)"",""Adam Eggleston(2)"",""Tricia Canonico(3)"",""Adam Hirschhorn(4)"",""Scotty V VanTatenhove(5)"",""Shirley Peel(6)"",""Scotty V VanTatenhove(7)""","""Emily Francis"",""Adam Eggleston"",""Tricia Canonico"",""Adam Hirschhorn"",""Scotty V VanTatenhove"",""Shirley Peel"""
Larimer,City of Fort Collins Mayor,UPLOADED,27948,103-32-62,"""Emily Francis(1)"",""Tricia Canonico(2)"",""Shirley Peel(3)"",""Jeffrey Shumway(4)"",""Adam Hirschhorn(5)"",""Adam Hirschhorn(6)"",""Scotty V VanTatenhove(7)""","""Emily Francis"",""Tricia Canonico"",""Shirley Peel"",""Jeffrey Shumway"",""Adam Hirschhorn"""
Larimer,City of Fort Collins Mayor,UPLOADED,27950,103-32-51,"""Emily Francis(1)"",""Tricia Canonico(2)"",""Adam Hirschhorn(3)"",""Shirley Peel(5)"",""Scotty V VanTatenhove(6)"",""Adam Hirschhorn(7)""","""Emily Francis"",""Tricia Canonico"",""Adam Hirschhorn"""
Larimer,City of Fort Collins Mayor,UPLOADED,27951,103-32-100,"""Emily Francis(1)"",""Shirley Peel(2)"",""Tricia Canonico(3)"",""Emily Francis(4)"",""Scotty V VanTatenhove(5)"",""Adam Hirschhorn(6)"",""Jeffrey Shumway(7)""","""Emily Francis"",""Shirley Peel"",""Tricia Canonico"""
Larimer,City of Fort Collins Mayor,UPLOADED,27953,103-32-98,"""Emily Francis(1)"",""Adam Hirschhorn(2)"",""Shirley Peel(3)"",""Jeffrey Shumway(4)"",""Scotty V VanTatenhove(4)"",""Tricia Canonico(5)"",""Adam Eggleston(6)"",""Emily Francis(7)""","""Emily Francis"",""Adam Hirschhorn"",""Shirley Peel"""
Larimer,City of Fort Collins Mayor,UPLOADED,28043,104-33-57,"""Shirley Peel(1)"",""Jeffrey Shumway(2)"",""Tricia Canonico(3)"",""Emily Francis(4)"",""Scotty V VanTatenhove(5)"",""Emily Francis(6)"",""Adam Hirschhorn(7)""","""Shirley Peel"",""Jeffrey Shumway"",""Tricia Canonico"",""Emily Francis"",""Scotty V VanTatenhove"""
Larimer,City of Fort Collins Mayor,UPLOADED,28044,104-33-49,"""Shirley Peel(1)"",""Adam Eggleston(2)"",""Adam Hirschhorn(3)"",""Emily Francis(4)"",""Emily Francis(5)"",""Scotty V VanTatenhove(6)"",""Shirley Peel(7)""","""Shirley Peel"",""Adam Eggleston"",""Adam Hirschhorn"",""Emily Francis"""
Larimer,City of Fort Collins Mayor,UPLOADED,28046,104-33-1,"""Jeffrey Shumway(1)"",""Emily Francis(2)"",""Scotty V VanTatenhove(3)"",""Scotty V VanTatenhove(4)"",""Scotty V VanTatenhove(5)"",""Scotty V VanTatenhove(6)"",""Tricia Canonico(7)""","""Jeffrey Shumway"",""Emily Francis"",""Scotty V VanTatenhove"""
Larimer,City of Fort Collins Mayor,UPLOADED,28047,104-33-63,"""Tricia Canonico(1)"",""Shirley Peel(2)"",""Emily Francis(3)"",""Scotty V VanTatenhove(5)"",""Adam Hirschhorn(6)"",""Adam Eggleston(7)""","""Tricia Canonico"",""Shirley Peel"",""Emily Francis"""
Larimer,City of Fort Collins Mayor,UPLOADED,28051,104-33-92,"""Tricia Canonico(7)"",""Adam Eggleston(7)"",""Emily Francis(7)"",""Adam Hirschhorn(7)"",""Shirley Peel(7)"",""Jeffrey Shumway(7)"",""Scotty V VanTatenhove(7)""",""
Larimer,City of Fort Collins Councilmember - District 1,UPLOADED,28051,104-33-92,"""Daisy Montgomery(1)"",""Chris Conway(3)"",""Susan Gutowsky(3)""","""Daisy Montgomery"""
Larimer,City of Fort Collins Mayor,UPLOADED,28147,111-38-99,"""Scotty V VanTatenhove(1)"",""Scotty V VanTatenhove(2)"",""Scotty V VanTatenhove(3)"",""Scotty V VanTatenhove(4)"",""Scotty V VanTatenhove(5)"",""Scotty V VanTatenhove(6)"",""Scotty V VanTatenhove(7)""","""Scotty V VanTatenhove"""
Larimer,City of Fort Collins Mayor,UPLOADED,28148,111-38-100,"""Scotty V VanTatenhove(1)"",""Scotty V VanTatenhove(2)"",""Scotty V VanTatenhove(3)"",""Scotty V VanTatenhove(4)"",""Scotty V VanTatenhove(5)"",""Scotty V VanTatenhove(6)"",""Scotty V VanTatenhove(7)""","""Scotty V VanTatenhove"""
Larimer,City of Fort Collins Mayor,UPLOADED,28149,111-38-27,"""Adam Hirschhorn(1)"",""Scotty V VanTatenhove(2)"",""Jeffrey Shumway(3)"",""Adam Eggleston(4)"",""Tricia Canonico(5)"",""Adam Eggleston(6)"",""Shirley Peel(7)""","""Adam Hirschhorn"",""Scotty V VanTatenhove"",""Jeffrey Shumway"",""Adam Eggleston"",""Tricia Canonico"""
Larimer,City of Fort Collins Mayor,UPLOADED,31825,101-6-48,"""Tricia Canonico(1)"",""Shirley Peel(2)"",""Adam Eggleston(3)"",""Shirley Peel(4)"",""Jeffrey Shumway(5)"",""Scotty V VanTatenhove(6)"",""Emily Francis(7)""","""Tricia Canonico"",""Shirley Peel"",""Adam Eggleston"""
Larimer,City of Fort Collins Mayor,UPLOADED,31927,109-39-32,"""Tricia Canonico(1)"",""Tricia Canonico(2)"",""Emily Francis(3)"",""Shirley Peel(5)"",""Adam Hirschhorn(6)"",""Jeffrey Shumway(7)"",""Scotty V VanTatenhove(7)""","""Tricia Canonico"""
Larimer,City of Fort Collins Mayor,UPLOADED,31930,109-39-37,"""Shirley Peel(1)"",""Jeffrey Shumway(2)"",""Emily Francis(3)"",""Scotty V VanTatenhove(4)"",""Adam Eggleston(5)"",""Adam Hirschhorn(5)"",""Adam Eggleston(6)"",""Tricia Canonico(7)""","""Shirley Peel"",""Jeffrey Shumway"",""Emily Francis"",""Scotty V VanTatenhove"""
Larimer,City of Fort Collins Mayor,UPLOADED,31932,109-39-41,"""Tricia Canonico(1)"",""Tricia Canonico(2)"",""Tricia Canonico(3)"",""Tricia Canonico(4)"",""Tricia Canonico(5)"",""Tricia Canonico(6)"",""Tricia Canonico(7)""","""Tricia Canonico"""
Larimer,City of Fort Collins Mayor,UPLOADED,31933,109-39-81,"""Shirley Peel(1)"",""Emily Francis(2)"",""Tricia Canonico(3)"",""Adam Hirschhorn(4)"",""Jeffrey Shumway(5)"",""Scotty V VanTatenhove(6)"",""Adam Hirschhorn(7)""","""Shirley Peel"",""Emily Francis"",""Tricia Canonico"",""Adam Hirschhorn"",""Jeffrey Shumway"",""Scotty V VanTatenhove"""
Larimer,City of Fort Collins Mayor,UPLOADED,31934,109-39-92,"""Adam Hirschhorn(1)"",""Scotty V VanTatenhove(2)"",""Emily Francis(3)"",""Shirley Peel(4)"",""Tricia Canonico(5)"",""Shirley Peel(6)"",""Jeffrey Shumway(7)""","""Adam Hirschhorn"",""Scotty V VanTatenhove"",""Emily Francis"",""Shirley Peel"",""Tricia Canonico"""
Larimer,City of Fort Collins Mayor,UPLOADED,31935,109-39-56,"""Jeffrey Shumway(1)"",""Adam Eggleston(2)"",""Shirley Peel(3)"",""Tricia Canonico(4)"",""Scotty V VanTatenhove(5)"",""Adam Eggleston(6)"",""Emily Francis(7)""","""Jeffrey Shumway"",""Adam Eggleston"",""Shirley Peel"",""Tricia Canonico"",""Scotty V VanTatenhove"""
Larimer,City of Fort Collins Mayor,UPLOADED,31937,109-39-71,"""Shirley Peel(1)"",""Jeffrey Shumway(2)"",""Adam Hirschhorn(6)"",""Emily Francis(7)""","""Shirley Peel"",""Jeffrey Shumway"""
Larimer,City of Fort Collins Mayor,UPLOADED,32036,106-51-15,"""Tricia Canonico(1)"",""Emily Francis(7)""","""Tricia Canonico"""
Larimer,City of Fort Collins Mayor,UPLOADED,32038,106-51-53,"""Jeffrey Shumway(1)"",""Jeffrey Shumway(2)"",""Jeffrey Shumway(3)"",""Jeffrey Shumway(4)"",""Jeffrey Shumway(5)"",""Jeffrey Shumway(6)"",""Jeffrey Shumway(7)""","""Jeffrey Shumway"""
Larimer,City of Fort Collins Councilmember - District 3,UPLOADED,32038,106-51-53,"""Steve Yurash(1)"",""Steve Yurash(2)"",""Steve Yurash(3)""","""Steve Yurash"""
Larimer,City of Fort Collins Mayor,UPLOADED,32133,105-51-79,"""Shirley Peel(1)"",""Adam Eggleston(2)"",""Shirley Peel(3)"",""Emily Francis(4)"",""Adam Hirschhorn(5)"",""Scotty V VanTatenhove(6)"",""Tricia Canonico(7)""","""Shirley Peel"",""Adam Eggleston"""
Larimer,City of Fort Collins Mayor,UPLOADED,36339,109-45-66,"""Tricia Canonico(7)"",""Adam Eggleston(7)"",""Emily Francis(7)"",""Adam Hirschhorn(7)"",""Shirley Peel(7)"",""Jeffrey Shumway(7)"",""Scotty V VanTatenhove(7)""",""
Larimer,City of Fort Collins Mayor,UPLOADED,32134,105-51-47,"""Jeffrey Shumway(1)"",""Emily Francis(2)"",""Adam Eggleston(3)"",""Adam Hirschhorn(4)"",""Tricia Canonico(5)"",""Jeffrey Shumway(6)"",""Shirley Peel(7)""","""Jeffrey Shumway"",""Emily Francis"",""Adam Eggleston"",""Adam Hirschhorn"",""Tricia Canonico"""
Larimer,City of Fort Collins Mayor,UPLOADED,32135,105-51-8,"""Adam Eggleston(1)"",""Adam Hirschhorn(2)"",""Jeffrey Shumway(3)"",""Scotty V VanTatenhove(4)"",""Jeffrey Shumway(5)"",""Adam Hirschhorn(6)"",""Tricia Canonico(7)""","""Adam Eggleston"",""Adam Hirschhorn"",""Jeffrey Shumway"",""Scotty V VanTatenhove"""
Larimer,City of Fort Collins Mayor,UPLOADED,32136,105-51-64,"""Tricia Canonico(1)"",""Emily Francis(2)"",""Shirley Peel(3)"",""Scotty V VanTatenhove(4)"",""Adam Hirschhorn(5)"",""Adam Hirschhorn(6)"",""Jeffrey Shumway(7)""","""Tricia Canonico"",""Emily Francis"",""Shirley Peel"",""Scotty V VanTatenhove"",""Adam Hirschhorn"""
Larimer,City of Fort Collins Mayor,UPLOADED,32137,105-51-26,"""Jeffrey Shumway(1)"",""Shirley Peel(2)"",""Adam Eggleston(3)"",""Tricia Canonico(4)"",""Scotty V VanTatenhove(5)"",""Shirley Peel(6)"",""Emily Francis(7)""","""Jeffrey Shumway"",""Shirley Peel"",""Adam Eggleston"",""Tricia Canonico"",""Scotty V VanTatenhove"""
Larimer,City of Fort Collins Mayor,UPLOADED,32138,105-51-18,"""Shirley Peel(1)"",""Emily Francis(2)"",""Tricia Canonico(3)"",""Shirley Peel(4)"",""Adam Hirschhorn(5)"",""Emily Francis(6)"",""Scotty V VanTatenhove(7)""","""Shirley Peel"",""Emily Francis"",""Tricia Canonico"""
Larimer,City of Fort Collins Mayor,UPLOADED,32244,110-40-43,"""Tricia Canonico(1)"",""Emily Francis(2)"",""Scotty V VanTatenhove(3)"",""Adam Eggleston(5)"",""Adam Hirschhorn(6)"",""Shirley Peel(7)""","""Tricia Canonico"",""Emily Francis"",""Scotty V VanTatenhove"""
Larimer,City of Fort Collins Mayor,UPLOADED,32247,110-40-6,"""Shirley Peel(1)"",""Adam Eggleston(2)"",""Tricia Canonico(3)"",""Emily Francis(7)""","""Shirley Peel"",""Adam Eggleston"",""Tricia Canonico"""
Larimer,City of Fort Collins Mayor,UPLOADED,32248,110-40-62,"""Tricia Canonico(1)"",""Emily Francis(2)"",""Shirley Peel(3)"",""Adam Eggleston(4)"",""Jeffrey Shumway(5)"",""Adam Eggleston(6)"",""Scotty V VanTatenhove(7)""","""Tricia Canonico"",""Emily Francis"",""Shirley Peel"",""Adam Eggleston"",""Jeffrey Shumway"""
Larimer,City of Fort Collins Mayor,UPLOADED,32249,110-40-51,"""Tricia Canonico(1)"",""Emily Francis(1)"",""Adam Eggleston(2)"",""Shirley Peel(4)"",""Jeffrey Shumway(5)"",""Scotty V VanTatenhove(6)"",""Adam Hirschhorn(7)""",""
Larimer,City of Fort Collins Mayor,UPLOADED,32250,110-40-11,"""Emily Francis(1)"",""Tricia Canonico(2)"",""Shirley Peel(2)"",""Scotty V VanTatenhove(5)"",""Adam Hirschhorn(6)"",""Adam Eggleston(7)"",""Jeffrey Shumway(7)""","""Emily Francis"""
Larimer,City of Fort Collins Mayor,UPLOADED,32251,110-40-100,"""Jeffrey Shumway(1)"",""Scotty V VanTatenhove(3)"",""Adam Eggleston(4)"",""Adam Hirschhorn(5)"",""Shirley Peel(7)""","""Jeffrey Shumway"""
Larimer,City of Fort Collins Mayor,UPLOADED,32346,103-37-37,"""Jeffrey Shumway(1)"",""Shirley Peel(2)"",""Adam Eggleston(4)"",""Scotty V VanTatenhove(5)"",""Tricia Canonico(6)"",""Emily Francis(7)"",""Adam Hirschhorn(7)""","""Jeffrey Shumway"",""Shirley Peel"""
Larimer,City of Fort Collins Mayor,UPLOADED,32347,103-37-100,"""Emily Francis(1)"",""Tricia Canonico(2)"",""Shirley Peel(3)"",""Adam Eggleston(4)"",""Scotty V VanTatenhove(5)"",""Emily Francis(6)"",""Jeffrey Shumway(7)""","""Emily Francis"",""Tricia Canonico"",""Shirley Peel"",""Adam Eggleston"",""Scotty V VanTatenhove"""
Larimer,City of Fort Collins Mayor,UPLOADED,32348,103-37-41,"""Emily Francis(1)"",""Tricia Canonico(2)"",""Adam Eggleston(3)"",""Scotty V VanTatenhove(4)"",""Shirley Peel(5)"",""Adam Hirschhorn(6)"",""Scotty V VanTatenhove(7)""","""Emily Francis"",""Tricia Canonico"",""Adam Eggleston"",""Scotty V VanTatenhove"",""Shirley Peel"",""Adam Hirschhorn"""
Larimer,City of Fort Collins Mayor,UPLOADED,32350,103-37-89,"""Tricia Canonico(1)"",""Adam Eggleston(2)"",""Emily Francis(3)"",""Adam Hirschhorn(4)"",""Adam Hirschhorn(5)"",""Shirley Peel(6)""","""Tricia Canonico"",""Adam Eggleston"",""Emily Francis"",""Adam Hirschhorn"""
Larimer,City of Fort Collins Mayor,UPLOADED,32351,103-37-84,"""Emily Francis(1)"",""Tricia Canonico(2)"",""Shirley Peel(3)"",""Adam Eggleston(4)"",""Jeffrey Shumway(5)"",""Scotty V VanTatenhove(6)"",""Scotty V VanTatenhove(7)""","""Emily Francis"",""Tricia Canonico"",""Shirley Peel"",""Adam Eggleston"",""Jeffrey Shumway"",""Scotty V VanTatenhove"""
Larimer,City of Fort Collins Mayor,UPLOADED,32441,104-39-4,"""Shirley Peel(1)"",""Emily Francis(2)"",""Adam Eggleston(3)"",""Tricia Canonico(4)"",""Adam Hirschhorn(7)""","""Shirley Peel"",""Emily Francis"",""Adam Eggleston"",""Tricia Canonico"""
Larimer,City of Fort Collins Mayor,UPLOADED,32442,104-39-9,"""Tricia Canonico(1)"",""Emily Francis(2)"",""Adam Eggleston(3)"",""Scotty V VanTatenhove(4)"",""Shirley Peel(5)"",""Shirley Peel(6)"",""Jeffrey Shumway(7)""","""Tricia Canonico"",""Emily Francis"",""Adam Eggleston"",""Scotty V VanTatenhove"",""Shirley Peel"""
Larimer,City of Fort Collins Mayor,UPLOADED,32443,104-39-66,"""Shirley Peel(1)"",""Adam Eggleston(2)"",""Adam Hirschhorn(2)"",""Tricia Canonico(3)"",""Emily Francis(4)"",""Scotty V VanTatenhove(5)"",""Jeffrey Shumway(7)""","""Shirley Peel"""
Larimer,City of Fort Collins Mayor,UPLOADED,32444,104-39-26,"""Scotty V VanTatenhove(7)""",""
Larimer,City of Fort Collins Mayor,UPLOADED,32447,104-39-90,"""Emily Francis(1)"",""Tricia Canonico(2)"",""Shirley Peel(3)"",""Adam Eggleston(4)"",""Emily Francis(5)"",""Jeffrey Shumway(6)"",""Scotty V VanTatenhove(7)""","""Emily Francis"",""Tricia Canonico"",""Shirley Peel"",""Adam Eggleston"""
Larimer,City of Fort Collins Mayor,UPLOADED,32448,104-39-99,"""Emily Francis(1)"",""Tricia Canonico(2)"",""Adam Eggleston(3)"",""Shirley Peel(4)"",""Scotty V VanTatenhove(5)"",""Jeffrey Shumway(6)"",""Jeffrey Shumway(7)""","""Emily Francis"",""Tricia Canonico"",""Adam Eggleston"",""Shirley Peel"",""Scotty V VanTatenhove"",""Jeffrey Shumway"""
Larimer,City of Fort Collins Mayor,UPLOADED,32449,104-39-25,"""Emily Francis(1)"",""Tricia Canonico(2)"",""Shirley Peel(3)"",""Adam Hirschhorn(4)"",""Jeffrey Shumway(5)"",""Adam Hirschhorn(6)"",""Scotty V VanTatenhove(7)""","""Emily Francis"",""Tricia Canonico"",""Shirley Peel"",""Adam Hirschhorn"",""Jeffrey Shumway"""
Larimer,City of Fort Collins Mayor,UPLOADED,33155,105-53-17,"""Tricia Canonico(1)"",""Emily Francis(2)"",""Adam Hirschhorn(3)"",""Tricia Canonico(4)"",""Tricia Canonico(5)"",""Scotty V VanTatenhove(6)"",""Jeffrey Shumway(7)""","""Tricia Canonico"",""Emily Francis"",""Adam Hirschhorn"""
Larimer,City of Fort Collins Councilmember - District 1,UPLOADED,33159,105-53-27,"""Chris Conway(1)"",""Susan Gutowsky(2)"",""Susan Gutowsky(3)""","""Chris Conway"",""Susan Gutowsky"""
Larimer,City of Fort Collins Mayor,UPLOADED,33253,106-53-29,"""Tricia Canonico(1)"",""Emily Francis(2)"",""Shirley Peel(3)"",""Scotty V VanTatenhove(4)"",""Emily Francis(5)"",""Jeffrey Shumway(6)"",""Adam Hirschhorn(7)""","""Tricia Canonico"",""Emily Francis"",""Shirley Peel"",""Scotty V VanTatenhove"""
Larimer,City of Fort Collins Mayor,UPLOADED,33254,106-53-20,"""Emily Francis(1)"",""Tricia Canonico(2)"",""Adam Eggleston(3)"",""Adam Hirschhorn(4)"",""Jeffrey Shumway(6)"",""Shirley Peel(7)"",""Scotty V VanTatenhove(7)""","""Emily Francis"",""Tricia Canonico"",""Adam Eggleston"",""Adam Hirschhorn"""
Larimer,City of Fort Collins Mayor,UPLOADED,33255,106-53-77,"""Adam Eggleston(1)"",""Tricia Canonico(2)"",""Emily Francis(3)"",""Adam Hirschhorn(4)"",""Shirley Peel(5)"",""Scotty V VanTatenhove(6)"",""Scotty V VanTatenhove(7)""","""Adam Eggleston"",""Tricia Canonico"",""Emily Francis"",""Adam Hirschhorn"",""Shirley Peel"",""Scotty V VanTatenhove"""
Larimer,City of Fort Collins Mayor,UPLOADED,33258,106-53-64,"""Tricia Canonico(1)"",""Shirley Peel(7)""","""Tricia Canonico"""
Larimer,City of Fort Collins Mayor,UPLOADED,33259,106-53-75,"""Adam Hirschhorn(1)"",""Emily Francis(2)"",""Tricia Canonico(3)"",""Scotty V VanTatenhove(4)"",""Jeffrey Shumway(5)"",""Shirley Peel(6)"",""Adam Hirschhorn(7)""","""Adam Hirschhorn"",""Emily Francis"",""Tricia Canonico"",""Scotty V VanTatenhove"",""Jeffrey Shumway"",""Shirley Peel"""
Larimer,City of Fort Collins Mayor,UPLOADED,33354,109-41-82,"""Jeffrey Shumway(1)"",""Shirley Peel(2)"",""Tricia Canonico(3)"",""Scotty V VanTatenhove(4)"",""Adam Eggleston(6)"",""Adam Hirschhorn(6)"",""Emily Francis(7)""","""Jeffrey Shumway"",""Shirley Peel"",""Tricia Canonico"",""Scotty V VanTatenhove"""
Larimer,City of Fort Collins Mayor,UPLOADED,33355,109-41-37,"""Jeffrey Shumway(1)"",""Emily Francis(2)"",""Tricia Canonico(3)"",""Scotty V VanTatenhove(4)"",""Shirley Peel(5)"",""Adam Eggleston(6)"",""Jeffrey Shumway(7)""","""Jeffrey Shumway"",""Emily Francis"",""Tricia Canonico"",""Scotty V VanTatenhove"",""Shirley Peel"",""Adam Eggleston"""
Larimer,City of Fort Collins Mayor,UPLOADED,33356,109-41-90,"""Tricia Canonico(1)"",""Shirley Peel(2)"",""Scotty V VanTatenhove(4)"",""Adam Eggleston(5)"",""Jeffrey Shumway(6)"",""Adam Hirschhorn(7)""","""Tricia Canonico"",""Shirley Peel"""
Larimer,City of Fort Collins Mayor,UPLOADED,33358,109-41-76,"""Tricia Canonico(7)"",""Adam Eggleston(7)"",""Emily Francis(7)"",""Adam Hirschhorn(7)"",""Shirley Peel(7)"",""Jeffrey Shumway(7)"",""Scotty V VanTatenhove(7)""",""
Larimer,City of Fort Collins Councilmember - District 1,UPLOADED,33358,109-41-76,"""Chris Conway(3)"",""Susan Gutowsky(3)"",""Daisy Montgomery(3)""",""
Larimer,City of Fort Collins Mayor,UPLOADED,33477,104-41-10,"""Scotty V VanTatenhove(1)"",""Emily Francis(2)"",""Tricia Canonico(3)"",""Adam Hirschhorn(4)"",""Adam Hirschhorn(5)"",""Adam Eggleston(6)"",""Jeffrey Shumway(7)""","""Scotty V VanTatenhove"",""Emily Francis"",""Tricia Canonico"",""Adam Hirschhorn"""
Larimer,City of Fort Collins Mayor,UPLOADED,33479,104-41-5,"""Tricia Canonico(1)"",""Shirley Peel(7)""","""Tricia Canonico"""
Larimer,City of Fort Collins Mayor,UPLOADED,33480,104-41-78,"""Jeffrey Shumway(1)"",""Shirley Peel(4)"",""Scotty V VanTatenhove(7)""","""Jeffrey Shumway"""
Larimer,City of Fort Collins Mayor,UPLOADED,33482,104-41-41,"""Adam Hirschhorn(1)"",""Emily Francis(2)"",""Tricia Canonico(3)"",""Scotty V VanTatenhove(4)"",""Jeffrey Shumway(5)"",""Jeffrey Shumway(6)"",""Adam Hirschhorn(7)""","""Adam Hirschhorn"",""Emily Francis"",""Tricia Canonico"",""Scotty V VanTatenhove"",""Jeffrey Shumway"""
Larimer,City of Fort Collins Mayor,UPLOADED,33483,104-41-69,"""Emily Francis(1)"",""Adam Eggleston(2)"",""Adam Hirschhorn(4)"",""Shirley Peel(5)"",""Jeffrey Shumway(6)"",""Scotty V VanTatenhove(7)""","""Emily Francis"",""Adam Eggleston"""
Larimer,City of Fort Collins Mayor,UPLOADED,33677,103-39-12,"""Jeffrey Shumway(1)"",""Shirley Peel(2)"",""Emily Francis(3)"",""Emily Francis(4)"",""Jeffrey Shumway(5)"",""Jeffrey Shumway(6)"",""Scotty V VanTatenhove(7)""","""Jeffrey Shumway"",""Shirley Peel"",""Emily Francis"""
Larimer,City of Fort Collins Councilmember - District 1,UPLOADED,33677,103-39-12,"""Chris Conway(1)"",""Daisy Montgomery(2)"",""Chris Conway(3)""","""Chris Conway"",""Daisy Montgomery"""
Larimer,City of Fort Collins Mayor,UPLOADED,33678,103-39-37,"""Tricia Canonico(1)"",""Emily Francis(2)"",""Tricia Canonico(3)"",""Adam Eggleston(4)"",""Adam Hirschhorn(5)"",""Jeffrey Shumway(6)"",""Scotty V VanTatenhove(7)""","""Tricia Canonico"",""Emily Francis"""
Larimer,City of Fort Collins Mayor,UPLOADED,33679,103-39-36,"""Jeffrey Shumway(1)"",""Shirley Peel(2)"",""Adam Hirschhorn(3)"",""Emily Francis(4)"",""Tricia Canonico(5)"",""Scotty V VanTatenhove(6)"",""Adam Hirschhorn(7)""","""Jeffrey Shumway"",""Shirley Peel"",""Adam Hirschhorn"",""Emily Francis"",""Tricia Canonico"",""Scotty V VanTatenhove"""
Larimer,City of Fort Collins Councilmember - District 3,UPLOADED,33681,103-39-89,"""Josh Fudge(1)"",""Lance Smith(2)"",""Lance Smith(3)""","""Josh Fudge"",""Lance Smith"""
Larimer,City of Fort Collins Mayor,UPLOADED,33682,103-39-97,"""Shirley Peel(1)"",""Jeffrey Shumway(2)"",""Adam Hirschhorn(3)"",""Emily Francis(4)"",""Tricia Canonico(5)"",""Scotty V VanTatenhove(6)"",""Adam Hirschhorn(7)""","""Shirley Peel"",""Jeffrey Shumway"",""Adam Hirschhorn"",""Emily Francis"",""Tricia Canonico"",""Scotty V VanTatenhove"""
Larimer,City of Fort Collins Mayor,UPLOADED,33683,103-39-59,"""Jeffrey Shumway(1)"",""Shirley Peel(4)"",""Emily Francis(5)"",""Adam Eggleston(6)"",""Tricia Canonico(7)"",""Adam Hirschhorn(7)"",""Scotty V VanTatenhove(7)""","""Jeffrey Shumway"""
Larimer,City of Fort Collins Mayor,UPLOADED,33862,110-42-60,"""Scotty V VanTatenhove(7)""",""
Larimer,City of Fort Collins Mayor,UPLOADED,34063,105-55-73,"""Emily Francis(1)"",""Tricia Canonico(2)"",""Scotty V VanTatenhove(3)"",""Adam Hirschhorn(4)"",""Adam Eggleston(5)"",""Jeffrey Shumway(6)"",""Adam Hirschhorn(7)""","""Emily Francis"",""Tricia Canonico"",""Scotty V VanTatenhove"",""Adam Hirschhorn"",""Adam Eggleston"",""Jeffrey Shumway"""
Larimer,City of Fort Collins Mayor,UPLOADED,34065,105-55-91,"""Scotty V VanTatenhove(1)"",""Adam Eggleston(2)"",""Emily Francis(3)"",""Jeffrey Shumway(4)"",""Shirley Peel(5)"",""Tricia Canonico(6)"",""Emily Francis(7)""","""Scotty V VanTatenhove"",""Adam Eggleston"",""Emily Francis"",""Jeffrey Shumway"",""Shirley Peel"",""Tricia Canonico"""
Larimer,City of Fort Collins Mayor,UPLOADED,34068,105-55-9,"""Tricia Canonico(1)"",""Emily Francis(3)"",""Shirley Peel(4)"",""Jeffrey Shumway(5)"",""Scotty V VanTatenhove(6)"",""Adam Hirschhorn(7)""","""Tricia Canonico"""
Larimer,City of Fort Collins Mayor,UPLOADED,34165,106-55-56,"""Scotty V VanTatenhove(5)"",""Adam Eggleston(6)"",""Adam Hirschhorn(7)""",""
Larimer,City of Fort Collins Mayor,UPLOADED,34167,106-55-95,"""Tricia Canonico(1)"",""Adam Eggleston(2)"",""Shirley Peel(3)"",""Adam Eggleston(4)"",""Emily Francis(5)"",""Scotty V VanTatenhove(6)"",""Jeffrey Shumway(7)""","""Tricia Canonico"",""Adam Eggleston"",""Shirley Peel"""
Larimer,City of Fort Collins Mayor,UPLOADED,34741,112-49-59,"""Tricia Canonico(1)"",""Emily Francis(2)"",""Adam Hirschhorn(3)"",""Shirley Peel(4)"",""Scotty V VanTatenhove(5)"",""Adam Hirschhorn(6)"",""Jeffrey Shumway(7)""","""Tricia Canonico"",""Emily Francis"",""Adam Hirschhorn"",""Shirley Peel"",""Scotty V VanTatenhove"""
Larimer,City of Fort Collins Mayor,UPLOADED,34742,112-49-40,"""Tricia Canonico(1)"",""Emily Francis(2)"",""Adam Eggleston(7)""","""Tricia Canonico"",""Emily Francis"""
Larimer,City of Fort Collins Mayor,UPLOADED,34743,112-49-6,"""Jeffrey Shumway(1)"",""Shirley Peel(2)"",""Emily Francis(3)"",""Adam Hirschhorn(4)"",""Tricia Canonico(5)"",""Scotty V VanTatenhove(6)"",""Adam Hirschhorn(7)""","""Jeffrey Shumway"",""Shirley Peel"",""Emily Francis"",""Adam Hirschhorn"",""Tricia Canonico"",""Scotty V VanTatenhove"""
Larimer,City of Fort Collins Mayor,UPLOADED,34744,112-49-32,"""Shirley Peel(1)"",""Shirley Peel(2)"",""Shirley Peel(3)"",""Shirley Peel(4)""","""Shirley Peel"""
Larimer,City of Fort Collins Councilmember - District 3,UPLOADED,34744,112-49-32,"""Steve Yurash(1)"",""Steve Yurash(2)""","""Steve Yurash"""
Larimer,City of Fort Collins Mayor,UPLOADED,34747,112-49-19,"""Tricia Canonico(1)"",""Scotty V VanTatenhove(2)"",""Shirley Peel(3)"",""Emily Francis(4)"",""Adam Eggleston(5)"",""Shirley Peel(6)"",""Jeffrey Shumway(7)""","""Tricia Canonico"",""Scotty V VanTatenhove"",""Shirley Peel"",""Emily Francis"",""Adam Eggleston"""
Larimer,City of Fort Collins Mayor,UPLOADED,34844,109-43-59,"""Emily Francis(1)"",""Adam Eggleston(2)"",""Tricia Canonico(3)"",""Scotty V VanTatenhove(4)"",""Adam Eggleston(5)"",""Adam Hirschhorn(6)"",""Shirley Peel(7)""","""Emily Francis"",""Adam Eggleston"",""Tricia Canonico"",""Scotty V VanTatenhove"""
Larimer,City of Fort Collins Mayor,UPLOADED,36340,109-45-74,"""Emily Francis(1)"",""Shirley Peel(2)"",""Tricia Canonico(3)"",""Emily Francis(4)""","""Emily Francis"",""Shirley Peel"",""Tricia Canonico"""
Larimer,City of Fort Collins Mayor,UPLOADED,34845,109-43-55,"""Tricia Canonico(1)"",""Emily Francis(2)"",""Shirley Peel(3)"",""Adam Eggleston(4)"",""Scotty V VanTatenhove(5)"",""Adam Eggleston(6)"",""Jeffrey Shumway(7)""","""Tricia Canonico"",""Emily Francis"",""Shirley Peel"",""Adam Eggleston"",""Scotty V VanTatenhove"""
Larimer,City of Fort Collins Mayor,UPLOADED,34846,109-43-54,"""Tricia Canonico(1)"",""Emily Francis(2)"",""Adam Eggleston(4)"",""Shirley Peel(5)"",""Jeffrey Shumway(6)"",""Scotty V VanTatenhove(7)""","""Tricia Canonico"",""Emily Francis"""
Larimer,City of Fort Collins Mayor,UPLOADED,34933,104-43-50,"""Shirley Peel(1)"",""Emily Francis(7)""","""Shirley Peel"""
Larimer,City of Fort Collins Mayor,UPLOADED,34934,104-43-40,"""Scotty V VanTatenhove(7)""",""
Larimer,City of Fort Collins Mayor,UPLOADED,34935,104-43-13,"""Tricia Canonico(1)"",""Emily Francis(2)"",""Shirley Peel(3)"",""Adam Hirschhorn(4)"",""Scotty V VanTatenhove(5)"",""Jeffrey Shumway(7)""","""Tricia Canonico"",""Emily Francis"",""Shirley Peel"",""Adam Hirschhorn"",""Scotty V VanTatenhove"""
Larimer,City of Fort Collins Mayor,UPLOADED,34936,104-43-60,"""Shirley Peel(1)"",""Adam Eggleston(2)"",""Tricia Canonico(3)"",""Emily Francis(4)"",""Scotty V VanTatenhove(5)"",""Jeffrey Shumway(6)"",""Adam Eggleston(7)""","""Shirley Peel"",""Adam Eggleston"",""Tricia Canonico"",""Emily Francis"",""Scotty V VanTatenhove"",""Jeffrey Shumway"""
Larimer,City of Fort Collins Mayor,UPLOADED,34938,104-43-45,"""Tricia Canonico(1)"",""Emily Francis(2)"",""Adam Hirschhorn(3)"",""Adam Eggleston(4)"",""Jeffrey Shumway(6)"",""Scotty V VanTatenhove(7)""","""Tricia Canonico"",""Emily Francis"",""Adam Hirschhorn"",""Adam Eggleston"""
Larimer,City of Fort Collins Mayor,UPLOADED,34939,104-43-69,"""Emily Francis(1)"",""Tricia Canonico(2)"",""Adam Eggleston(3)"",""Scotty V VanTatenhove(7)""","""Emily Francis"",""Tricia Canonico"",""Adam Eggleston"""
Larimer,City of Fort Collins Mayor,UPLOADED,34940,104-43-59,"""Emily Francis(1)"",""Tricia Canonico(2)"",""Adam Eggleston(3)"",""Emily Francis(4)"",""Scotty V VanTatenhove(4)"",""Adam Hirschhorn(5)"",""Shirley Peel(6)"",""Jeffrey Shumway(7)""","""Emily Francis"",""Tricia Canonico"",""Adam Eggleston"",""Scotty V VanTatenhove"",""Adam Hirschhorn"",""Shirley Peel"",""Jeffrey Shumway"""
Larimer,City of Fort Collins Mayor,UPLOADED,34942,104-43-93,"""Shirley Peel(1)"",""Shirley Peel(2)"",""Adam Eggleston(3)"",""Adam Eggleston(4)"",""Scotty V VanTatenhove(5)"",""Tricia Canonico(6)"",""Emily Francis(7)""","""Shirley Peel"""
Larimer,City of Fort Collins Mayor,UPLOADED,34943,104-43-61,"""Shirley Peel(1)"",""Adam Eggleston(2)"",""Tricia Canonico(3)"",""Emily Francis(4)"",""Scotty V VanTatenhove(5)"",""Jeffrey Shumway(6)"",""Adam Eggleston(7)""","""Shirley Peel"",""Adam Eggleston"",""Tricia Canonico"",""Emily Francis"",""Scotty V VanTatenhove"",""Jeffrey Shumway"""
Larimer,City of Fort Collins Mayor,UPLOADED,34944,104-43-53,"""Tricia Canonico(1)"",""Emily Francis(2)"",""Scotty V VanTatenhove(3)"",""Emily Francis(4)""","""Tricia Canonico"",""Emily Francis"",""Scotty V VanTatenhove"""
Larimer,City of Fort Collins Mayor,UPLOADED,34945,104-43-48,"""Tricia Canonico(1)"",""Emily Francis(2)"",""Shirley Peel(3)"",""Adam Hirschhorn(4)"",""Shirley Peel(5)"",""Jeffrey Shumway(6)"",""Scotty V VanTatenhove(7)""","""Tricia Canonico"",""Emily Francis"",""Shirley Peel"",""Adam Hirschhorn"""
Larimer,City of Fort Collins Mayor,UPLOADED,35040,106-57-58,"""Emily Francis(1)"",""Adam Eggleston(7)""","""Emily Francis"""
Larimer,City of Fort Collins Mayor,UPLOADED,35041,106-57-1,"""Scotty V VanTatenhove(1)"",""Shirley Peel(2)"",""Tricia Canonico(3)"",""Adam Hirschhorn(4)"",""Adam Eggleston(5)"",""Jeffrey Shumway(6)"",""Adam Eggleston(7)""","""Scotty V VanTatenhove"",""Shirley Peel"",""Tricia Canonico"",""Adam Hirschhorn"",""Adam Eggleston"",""Jeffrey Shumway"""
Larimer,City of Fort Collins Mayor,UPLOADED,35042,106-57-55,"""Tricia Canonico(1)"",""Emily Francis(2)"",""Shirley Peel(3)"",""Adam Hirschhorn(4)"",""Scotty V VanTatenhove(5)"",""Adam Eggleston(6)"",""Scotty V VanTatenhove(7)""","""Tricia Canonico"",""Emily Francis"",""Shirley Peel"",""Adam Hirschhorn"",""Scotty V VanTatenhove"",""Adam Eggleston"""
Larimer,City of Fort Collins Mayor,UPLOADED,35043,106-57-96,"""Scotty V VanTatenhove(7)""",""
Larimer,City of Fort Collins Mayor,UPLOADED,35044,106-57-35,"""Tricia Canonico(7)"",""Adam Eggleston(7)"",""Emily Francis(7)"",""Adam Hirschhorn(7)"",""Shirley Peel(7)"",""Jeffrey Shumway(7)"",""Scotty V VanTatenhove(7)""",""
Larimer,City of Fort Collins Mayor,UPLOADED,35046,106-57-8,"""Adam Eggleston(1)"",""Jeffrey Shumway(2)"",""Tricia Canonico(3)"",""Shirley Peel(4)"",""Adam Hirschhorn(5)"",""Adam Hirschhorn(6)"",""Scotty V VanTatenhove(7)""","""Adam Eggleston"",""Jeffrey Shumway"",""Tricia Canonico"",""Shirley Peel"",""Adam Hirschhorn"""
Larimer,City of Fort Collins Mayor,UPLOADED,35142,105-57-72,"""Adam Eggleston(1)"",""Shirley Peel(2)"",""Scotty V VanTatenhove(3)"",""Adam Eggleston(4)"",""Shirley Peel(5)"",""Scotty V VanTatenhove(6)"",""Adam Eggleston(7)""","""Adam Eggleston"",""Shirley Peel"",""Scotty V VanTatenhove"""
Larimer,City of Fort Collins Mayor,UPLOADED,35143,105-57-46,"""Shirley Peel(1)"",""Adam Eggleston(2)"",""Tricia Canonico(3)"",""Emily Francis(4)"",""Scotty V VanTatenhove(5)"",""Jeffrey Shumway(6)"",""Adam Eggleston(7)""","""Shirley Peel"",""Adam Eggleston"",""Tricia Canonico"",""Emily Francis"",""Scotty V VanTatenhove"",""Jeffrey Shumway"""
Larimer,City of Fort Collins Mayor,UPLOADED,35144,105-57-60,"""Tricia Canonico(1)"",""Emily Francis(2)"",""Adam Hirschhorn(3)"",""Adam Eggleston(4)"",""Adam Hirschhorn(5)"",""Jeffrey Shumway(6)"",""Scotty V VanTatenhove(7)""","""Tricia Canonico"",""Emily Francis"",""Adam Hirschhorn"",""Adam Eggleston"""
Larimer,City of Fort Collins Mayor,UPLOADED,35145,105-57-31,"""Emily Francis(1)"",""Tricia Canonico(2)"",""Shirley Peel(3)"",""Adam Hirschhorn(4)"",""Shirley Peel(5)"",""Jeffrey Shumway(6)"",""Scotty V VanTatenhove(7)""","""Emily Francis"",""Tricia Canonico"",""Shirley Peel"",""Adam Hirschhorn"""
Larimer,City of Fort Collins Mayor,UPLOADED,35235,110-44-53,"""Adam Eggleston(1)"",""Emily Francis(2)"",""Tricia Canonico(3)"",""Adam Hirschhorn(3)"",""Scotty V VanTatenhove(3)"",""Shirley Peel(6)"",""Jeffrey Shumway(7)""","""Adam Eggleston"",""Emily Francis"""
Larimer,City of Fort Collins Mayor,UPLOADED,35236,110-44-41,"""Emily Francis(1)"",""Shirley Peel(2)"",""Tricia Canonico(3)"",""Adam Eggleston(4)"",""Scotty V VanTatenhove(5)"",""Jeffrey Shumway(6)"",""Tricia Canonico(7)""","""Emily Francis"",""Shirley Peel"",""Tricia Canonico"",""Adam Eggleston"",""Scotty V VanTatenhove"",""Jeffrey Shumway"""
Larimer,City of Fort Collins Mayor,UPLOADED,35237,110-44-44,"""Emily Francis(1)"",""Shirley Peel(2)"",""Tricia Canonico(3)"",""Adam Eggleston(5)"",""Jeffrey Shumway(6)"",""Adam Hirschhorn(7)""","""Emily Francis"",""Shirley Peel"",""Tricia Canonico"""
Larimer,City of Fort Collins Mayor,UPLOADED,35238,110-44-42,"""Emily Francis(1)"",""Shirley Peel(2)"",""Tricia Canonico(3)"",""Adam Eggleston(4)"",""Scotty V VanTatenhove(5)"",""Jeffrey Shumway(6)"",""Tricia Canonico(7)""","""Emily Francis"",""Shirley Peel"",""Tricia Canonico"",""Adam Eggleston"",""Scotty V VanTatenhove"",""Jeffrey Shumway"""
Larimer,City of Fort Collins Mayor,UPLOADED,35239,110-44-26,"""Shirley Peel(1)"",""Emily Francis(2)"",""Tricia Canonico(3)"",""Adam Hirschhorn(4)"",""Shirley Peel(5)"",""Jeffrey Shumway(6)"",""Scotty V VanTatenhove(7)""","""Shirley Peel"",""Emily Francis"",""Tricia Canonico"",""Adam Hirschhorn"""
Larimer,City of Fort Collins Mayor,UPLOADED,35240,110-44-7,"""Shirley Peel(1)"",""Shirley Peel(2)"",""Shirley Peel(3)"",""Shirley Peel(4)"",""Shirley Peel(5)"",""Shirley Peel(6)"",""Shirley Peel(7)""","""Shirley Peel"""
Larimer,City of Fort Collins Councilmember - District 3,UPLOADED,36341,109-45-84,"""Lance Smith(2)""",""
Larimer,City of Fort Collins Mayor,UPLOADED,35241,110-44-87,"""Adam Eggleston(1)"",""Tricia Canonico(2)"",""Adam Hirschhorn(3)"",""Emily Francis(4)"",""Shirley Peel(5)"",""Jeffrey Shumway(6)"",""Scotty V VanTatenhove(6)""","""Adam Eggleston"",""Tricia Canonico"",""Adam Hirschhorn"",""Emily Francis"",""Shirley Peel"""
Larimer,City of Fort Collins Mayor,UPLOADED,35242,110-44-99,"""Emily Francis(1)"",""Tricia Canonico(2)"",""Adam Eggleston(3)"",""Shirley Peel(4)"",""Jeffrey Shumway(6)"",""Scotty V VanTatenhove(7)""","""Emily Francis"",""Tricia Canonico"",""Adam Eggleston"",""Shirley Peel"""
Larimer,City of Fort Collins Mayor,UPLOADED,35243,110-44-40,"""Tricia Canonico(1)"",""Emily Francis(2)"",""Shirley Peel(3)"",""Jeffrey Shumway(4)"",""Scotty V VanTatenhove(6)"",""Adam Eggleston(7)""","""Tricia Canonico"",""Emily Francis"",""Shirley Peel"",""Jeffrey Shumway"""
Larimer,City of Fort Collins Mayor,UPLOADED,35245,110-44-30,"""Tricia Canonico(1)"",""Emily Francis(4)"",""Scotty V VanTatenhove(5)"",""Shirley Peel(6)"",""Jeffrey Shumway(7)""","""Tricia Canonico"""
Larimer,City of Fort Collins Mayor,UPLOADED,35535,103-41-48,"""Tricia Canonico(1)"",""Adam Eggleston(2)"",""Emily Francis(3)"",""Shirley Peel(4)"",""Shirley Peel(7)""","""Tricia Canonico"",""Adam Eggleston"",""Emily Francis"",""Shirley Peel"""
Larimer,City of Fort Collins Mayor,UPLOADED,35536,103-41-4,"""Tricia Canonico(1)"",""Adam Eggleston(2)"",""Emily Francis(3)"",""Scotty V VanTatenhove(4)"",""Adam Hirschhorn(5)"",""Jeffrey Shumway(6)"",""Scotty V VanTatenhove(7)""","""Tricia Canonico"",""Adam Eggleston"",""Emily Francis"",""Scotty V VanTatenhove"",""Adam Hirschhorn"",""Jeffrey Shumway"""
Larimer,City of Fort Collins Mayor,UPLOADED,35537,103-41-58,"""Adam Hirschhorn(1)"",""Scotty V VanTatenhove(2)"",""Tricia Canonico(3)"",""Adam Eggleston(4)"",""Shirley Peel(5)"",""Jeffrey Shumway(6)"",""Jeffrey Shumway(7)""","""Adam Hirschhorn"",""Scotty V VanTatenhove"",""Tricia Canonico"",""Adam Eggleston"",""Shirley Peel"",""Jeffrey Shumway"""
Larimer,City of Fort Collins Mayor,UPLOADED,35538,103-41-41,"""Tricia Canonico(1)"",""Shirley Peel(2)"",""Emily Francis(3)"",""Scotty V VanTatenhove(4)"",""Jeffrey Shumway(5)"",""Adam Hirschhorn(6)"",""Jeffrey Shumway(7)""","""Tricia Canonico"",""Shirley Peel"",""Emily Francis"",""Scotty V VanTatenhove"",""Jeffrey Shumway"",""Adam Hirschhorn"""
Larimer,City of Fort Collins Mayor,UPLOADED,35541,103-41-73,"""Jeffrey Shumway(1)"",""Jeffrey Shumway(2)"",""Jeffrey Shumway(3)"",""Jeffrey Shumway(4)"",""Jeffrey Shumway(5)"",""Jeffrey Shumway(6)"",""Jeffrey Shumway(7)""","""Jeffrey Shumway"""
Larimer,City of Fort Collins Mayor,UPLOADED,35543,103-41-6,"""Shirley Peel(1)"",""Scotty V VanTatenhove(6)"",""Adam Hirschhorn(7)""","""Shirley Peel"""
Larimer,City of Fort Collins Mayor,UPLOADED,35938,106-59-78,"""Emily Francis(1)"",""Adam Eggleston(2)"",""Adam Hirschhorn(3)"",""Tricia Canonico(4)"",""Adam Hirschhorn(5)"",""Jeffrey Shumway(6)"",""Scotty V VanTatenhove(7)""","""Emily Francis"",""Adam Eggleston"",""Adam Hirschhorn"",""Tricia Canonico"""
Larimer,City of Fort Collins Mayor,UPLOADED,35939,106-59-92,"""Jeffrey Shumway(1)"",""Jeffrey Shumway(2)"",""Jeffrey Shumway(3)"",""Jeffrey Shumway(4)"",""Jeffrey Shumway(5)"",""Jeffrey Shumway(6)"",""Jeffrey Shumway(7)""","""Jeffrey Shumway"""
Larimer,City of Fort Collins Mayor,UPLOADED,35940,106-59-90,"""Jeffrey Shumway(1)"",""Jeffrey Shumway(2)"",""Jeffrey Shumway(3)"",""Jeffrey Shumway(4)"",""Jeffrey Shumway(5)"",""Jeffrey Shumway(6)"",""Jeffrey Shumway(7)""","""Jeffrey Shumway"""
Larimer,City of Fort Collins Mayor,UPLOADED,35941,106-59-1,"""Scotty V VanTatenhove(1)"",""Adam Hirschhorn(2)"",""Tricia Canonico(7)"",""Emily Francis(7)"",""Shirley Peel(7)""","""Scotty V VanTatenhove"",""Adam Hirschhorn"""
Larimer,City of Fort Collins Mayor,UPLOADED,35942,106-59-30,"""Adam Hirschhorn(1)"",""Adam Eggleston(2)"",""Tricia Canonico(3)"",""Scotty V VanTatenhove(4)"",""Jeffrey Shumway(5)"",""Tricia Canonico(6)"",""Shirley Peel(7)""","""Adam Hirschhorn"",""Adam Eggleston"",""Tricia Canonico"",""Scotty V VanTatenhove"",""Jeffrey Shumway"""
Larimer,City of Fort Collins Mayor,UPLOADED,36137,104-45-35,"""Tricia Canonico(1)"",""Adam Eggleston(1)"",""Emily Francis(1)"",""Adam Hirschhorn(1)"",""Shirley Peel(1)"",""Jeffrey Shumway(1)"",""Scotty V VanTatenhove(1)"",""Adam Eggleston(2)"",""Emily Francis(3)"",""Adam Hirschhorn(4)"",""Emily Francis(5)"",""Adam Eggleston(6)"",""Tricia Canonico(7)"",""Adam Eggleston(7)"",""Emily Francis(7)"",""Adam Hirschhorn(7)"",""Shirley Peel(7)"",""Jeffrey Shumway(7)"",""Scotty V VanTatenhove(7)""",""
Larimer,City of Fort Collins Mayor,UPLOADED,36139,104-45-8,"""Jeffrey Shumway(1)"",""Tricia Canonico(2)"",""Shirley Peel(2)"",""Adam Eggleston(3)""","""Jeffrey Shumway"""
Larimer,City of Fort Collins Mayor,UPLOADED,36140,104-45-49,"""Tricia Canonico(1)"",""Emily Francis(2)"",""Shirley Peel(3)"",""Adam Hirschhorn(4)"",""Scotty V VanTatenhove(5)"",""Jeffrey Shumway(7)""","""Tricia Canonico"",""Emily Francis"",""Shirley Peel"",""Adam Hirschhorn"",""Scotty V VanTatenhove"""
Larimer,City of Fort Collins Mayor,UPLOADED,36141,104-45-27,"""Adam Eggleston(1)"",""Tricia Canonico(2)"",""Emily Francis(3)"",""Jeffrey Shumway(3)"",""Scotty V VanTatenhove(4)"",""Emily Francis(5)"",""Adam Hirschhorn(5)"",""Shirley Peel(7)""","""Adam Eggleston"",""Tricia Canonico"""
Larimer,City of Fort Collins Mayor,UPLOADED,36142,104-45-62,"""Emily Francis(1)"",""Tricia Canonico(2)"",""Jeffrey Shumway(3)"",""Adam Hirschhorn(4)"",""Scotty V VanTatenhove(5)"",""Adam Hirschhorn(6)"",""Scotty V VanTatenhove(7)""","""Emily Francis"",""Tricia Canonico"",""Jeffrey Shumway"",""Adam Hirschhorn"",""Scotty V VanTatenhove"""
Larimer,City of Fort Collins Mayor,UPLOADED,36233,105-59-5,"""Tricia Canonico(1)"",""Emily Francis(2)"",""Adam Eggleston(7)""","""Tricia Canonico"",""Emily Francis"""
Larimer,City of Fort Collins Mayor,UPLOADED,36235,105-59-8,"""Tricia Canonico(7)"",""Adam Eggleston(7)"",""Emily Francis(7)"",""Adam Hirschhorn(7)"",""Shirley Peel(7)"",""Jeffrey Shumway(7)"",""Scotty V VanTatenhove(7)""",""
Larimer,City of Fort Collins Councilmember - District 3,UPLOADED,36236,105-59-27,"""Steve Yurash(1)"",""Josh Fudge(3)"",""Lance Smith(3)""","""Steve Yurash"""
Larimer,City of Fort Collins Mayor,UPLOADED,36237,105-59-55,"""Tricia Canonico(1)"",""Scotty V VanTatenhove(7)""","""Tricia Canonico"""
Larimer,City of Fort Collins Mayor,UPLOADED,36239,105-59-45,"""Tricia Canonico(1)"",""Tricia Canonico(2)""","""Tricia Canonico"""
Larimer,City of Fort Collins Mayor,UPLOADED,36240,105-59-65,"""Tricia Canonico(1)"",""Adam Eggleston(6)""","""Tricia Canonico"""
Larimer,City of Fort Collins Mayor,UPLOADED,36332,109-45-39,"""Emily Francis(1)"",""Scotty V VanTatenhove(2)"",""Tricia Canonico(3)"",""Adam Eggleston(4)"",""Adam Hirschhorn(5)"",""Jeffrey Shumway(6)"",""Scotty V VanTatenhove(7)""","""Emily Francis"",""Scotty V VanTatenhove"",""Tricia Canonico"",""Adam Eggleston"",""Adam Hirschhorn"",""Jeffrey Shumway"""
Larimer,City of Fort Collins Mayor,UPLOADED,36334,109-45-28,"""Emily Francis(1)"",""Shirley Peel(2)"",""Jeffrey Shumway(3)"",""Tricia Canonico(4)"",""Adam Eggleston(5)"",""Scotty V VanTatenhove(7)""","""Emily Francis"",""Shirley Peel"",""Jeffrey Shumway"",""Tricia Canonico"",""Adam Eggleston"""
Larimer,City of Fort Collins Mayor,UPLOADED,36335,109-45-79,"""Tricia Canonico(1)"",""Emily Francis(2)"",""Shirley Peel(3)"",""Adam Hirschhorn(4)"",""Jeffrey Shumway(5)"",""Adam Eggleston(6)"",""Jeffrey Shumway(7)""","""Tricia Canonico"",""Emily Francis"",""Shirley Peel"",""Adam Hirschhorn"",""Jeffrey Shumway"",""Adam Eggleston"""
Larimer,City of Fort Collins Mayor,UPLOADED,36337,109-45-13,"""Adam Hirschhorn(1)"",""Adam Eggleston(2)"",""Jeffrey Shumway(3)"",""Scotty V VanTatenhove(4)"",""Shirley Peel(5)"",""Jeffrey Shumway(5)"",""Tricia Canonico(6)"",""Emily Francis(7)""","""Adam Hirschhorn"",""Adam Eggleston"",""Jeffrey Shumway"",""Scotty V VanTatenhove"",""Shirley Peel"",""Tricia Canonico"",""Emily Francis"""
Larimer,City of Fort Collins Mayor,UPLOADED,36342,109-45-90,"""Shirley Peel(1)"",""Tricia Canonico(2)"",""Adam Hirschhorn(3)"",""Emily Francis(4)"",""Shirley Peel(5)"",""Scotty V VanTatenhove(6)"",""Scotty V VanTatenhove(7)""","""Shirley Peel"",""Tricia Canonico"",""Adam Hirschhorn"",""Emily Francis"""
Larimer,City of Fort Collins Mayor,UPLOADED,36836,112-51-22,"""Adam Hirschhorn(1)"",""Jeffrey Shumway(2)"",""Tricia Canonico(3)"",""Jeffrey Shumway(4)"",""Emily Francis(5)"",""Adam Eggleston(6)"",""Scotty V VanTatenhove(7)""","""Adam Hirschhorn"",""Jeffrey Shumway"",""Tricia Canonico"""
Larimer,City of Fort Collins Mayor,UPLOADED,36837,112-51-90,"""Tricia Canonico(1)"",""Emily Francis(2)"",""Shirley Peel(3)"",""Tricia Canonico(4)"",""Adam Hirschhorn(5)"",""Jeffrey Shumway(6)"",""Scotty V VanTatenhove(7)""","""Tricia Canonico"",""Emily Francis"",""Shirley Peel"""
Larimer,City of Fort Collins Mayor,UPLOADED,36838,112-51-93,"""Scotty V VanTatenhove(1)"",""Adam Hirschhorn(2)"",""Emily Francis(3)"",""Shirley Peel(4)"",""Tricia Canonico(6)""","""Scotty V VanTatenhove"",""Adam Hirschhorn"",""Emily Francis"",""Shirley Peel"""
Larimer,City of Fort Collins Mayor,UPLOADED,36839,112-51-61,"""Scotty V VanTatenhove(1)"",""Adam Eggleston(2)"",""Adam Hirschhorn(3)"",""Tricia Canonico(4)"",""Adam Eggleston(4)"",""Shirley Peel(5)"",""Jeffrey Shumway(6)"",""Emily Francis(7)""","""Scotty V VanTatenhove"",""Adam Eggleston"",""Adam Hirschhorn"",""Tricia Canonico"",""Shirley Peel"",""Jeffrey Shumway"",""Emily Francis"""
Larimer,City of Fort Collins Mayor,UPLOADED,36840,112-51-94,"""Jeffrey Shumway(1)"",""Scotty V VanTatenhove(2)"",""Emily Francis(3)"",""Tricia Canonico(4)"",""Emily Francis(5)"",""Shirley Peel(6)"",""Adam Eggleston(7)""","""Jeffrey Shumway"",""Scotty V VanTatenhove"",""Emily Francis"",""Tricia Canonico"""
Larimer,City of Fort Collins Councilmember - District 1,UPLOADED,37237,110-46-66,"""Chris Conway(1)"",""Daisy Montgomery(2)"",""Daisy Montgomery(3)""","""Chris Conway"",""Daisy Montgomery"""
Larimer,City of Fort Collins Mayor,UPLOADED,37238,110-46-21,"""Tricia Canonico(1)"",""Emily Francis(2)"",""Adam Eggleston(3)"",""Jeffrey Shumway(4)"",""Adam Hirschhorn(5)"",""Adam Hirschhorn(6)"",""Scotty V VanTatenhove(6)"",""Shirley Peel(7)""","""Tricia Canonico"",""Emily Francis"",""Adam Eggleston"",""Jeffrey Shumway"",""Adam Hirschhorn"",""Scotty V VanTatenhove"",""Shirley Peel"""
Larimer,City of Fort Collins Mayor,UPLOADED,37239,110-46-78,"""Emily Francis(1)"",""Tricia Canonico(2)"",""Shirley Peel(3)"",""Jeffrey Shumway(4)"",""Adam Hirschhorn(5)"",""Scotty V VanTatenhove(6)"",""Jeffrey Shumway(7)""","""Emily Francis"",""Tricia Canonico"",""Shirley Peel"",""Jeffrey Shumway"",""Adam Hirschhorn"",""Scotty V VanTatenhove"""
Larimer,City of Fort Collins Mayor,UPLOADED,37634,103-43-27,"""Tricia Canonico(1)"",""Scotty V VanTatenhove(1)"",""Adam Eggleston(2)"",""Jeffrey Shumway(2)"",""Emily Francis(3)"",""Shirley Peel(3)"",""Adam Hirschhorn(4)"",""Emily Francis(5)"",""Shirley Peel(5)"",""Adam Eggleston(6)"",""Jeffrey Shumway(6)"",""Tricia Canonico(7)"",""Scotty V VanTatenhove(7)""",""
Larimer,City of Fort Collins Mayor,UPLOADED,37637,103-43-25,"""Shirley Peel(1)"",""Adam Eggleston(2)"",""Tricia Canonico(3)"",""Adam Hirschhorn(4)"",""Scotty V VanTatenhove(6)"",""Jeffrey Shumway(7)""","""Shirley Peel"",""Adam Eggleston"",""Tricia Canonico"",""Adam Hirschhorn"""
Larimer,City of Fort Collins Mayor,UPLOADED,39249,112-55-15,"""Tricia Canonico(1)"",""Shirley Peel(2)"",""Emily Francis(3)"",""Adam Eggleston(4)"",""Scotty V VanTatenhove(5)"",""Shirley Peel(6)"",""Adam Hirschhorn(7)""","""Tricia Canonico"",""Shirley Peel"",""Emily Francis"",""Adam Eggleston"",""Scotty V VanTatenhove"""
Larimer,City of Fort Collins Mayor,UPLOADED,42127,103-48-37,"""Jeffrey Shumway(1)"",""Adam Hirschhorn(7)""","""Jeffrey Shumway"""
Larimer,City of Fort Collins Mayor,UPLOADED,42471,101-7-18,"""Adam Hirschhorn(1)"",""Emily Francis(2)"",""Adam Hirschhorn(3)"",""Emily Francis(4)"",""Adam Hirschhorn(5)"",""Shirley Peel(6)"",""Jeffrey Shumway(7)""","""Adam Hirschhorn"",""Emily Francis"""
Larimer,City of Fort Collins Mayor,UPLOADED,42647,105-73-49,"""Tricia Canonico(1)"",""Shirley Peel(2)"",""Emily Francis(3)"",""Adam Hirschhorn(4)"",""Scotty V VanTatenhove(5)"",""Jeffrey Shumway(6)"",""Adam Hirschhorn(7)""","""Tricia Canonico"",""Shirley Peel"",""Emily Francis"",""Adam Hirschhorn"",""Scotty V VanTatenhove"",""Jeffrey Shumway"""
Larimer,City of Fort Collins Mayor,UPLOADED,42648,105-73-62,"""Jeffrey Shumway(1)"",""Adam Eggleston(2)"",""Emily Francis(3)"",""Shirley Peel(4)"",""Tricia Canonico(5)"",""Scotty V VanTatenhove(6)"",""Emily Francis(7)""","""Jeffrey Shumway"",""Adam Eggleston"",""Emily Francis"",""Shirley Peel"",""Tricia Canonico"",""Scotty V VanTatenhove"""
Larimer,City of Fort Collins Mayor,UPLOADED,42651,105-73-52,"""Jeffrey Shumway(1)"",""Adam Eggleston(2)"",""Emily Francis(3)"",""Adam Hirschhorn(4)"",""Shirley Peel(5)"",""Jeffrey Shumway(6)"",""Tricia Canonico(7)""","""Jeffrey Shumway"",""Adam Eggleston"",""Emily Francis"",""Adam Hirschhorn"",""Shirley Peel"""
Larimer,City of Fort Collins Mayor,UPLOADED,42652,105-73-74,"""Emily Francis(1)"",""Tricia Canonico(7)"",""Adam Eggleston(7)"",""Adam Hirschhorn(7)"",""Shirley Peel(7)"",""Jeffrey Shumway(7)"",""Scotty V VanTatenhove(7)""","""Emily Francis"""
Larimer,City of Fort Collins Mayor,UPLOADED,42749,111-43-4,"""Tricia Canonico(1)"",""Scotty V VanTatenhove(5)"",""Emily Francis(6)"",""Adam Hirschhorn(7)""","""Tricia Canonico"""
Larimer,City of Fort Collins Mayor,UPLOADED,42750,111-43-23,"""Emily Francis(1)"",""Adam Hirschhorn(2)"",""Tricia Canonico(3)"",""Shirley Peel(4)"",""Jeffrey Shumway(5)"",""Tricia Canonico(6)"",""Scotty V VanTatenhove(7)""","""Emily Francis"",""Adam Hirschhorn"",""Tricia Canonico"",""Shirley Peel"",""Jeffrey Shumway"""
Larimer,City of Fort Collins Mayor,UPLOADED,42751,111-43-85,"""Tricia Canonico(7)"",""Adam Eggleston(7)"",""Emily Francis(7)"",""Adam Hirschhorn(7)"",""Shirley Peel(7)"",""Jeffrey Shumway(7)"",""Scotty V VanTatenhove(7)""",""
Larimer,City of Fort Collins Mayor,UPLOADED,42752,111-43-100,"""Scotty V VanTatenhove(1)"",""Adam Eggleston(2)"",""Emily Francis(3)"",""Adam Hirschhorn(4)"",""Jeffrey Shumway(5)"",""Adam Eggleston(6)"",""Jeffrey Shumway(7)""","""Scotty V VanTatenhove"",""Adam Eggleston"",""Emily Francis"",""Adam Hirschhorn"",""Jeffrey Shumway"""
Larimer,City of Fort Collins Mayor,UPLOADED,42849,112-64-19,"""Jeffrey Shumway(1)"",""Shirley Peel(2)"",""Adam Eggleston(3)"",""Tricia Canonico(6)"",""Adam Hirschhorn(7)""","""Jeffrey Shumway"",""Shirley Peel"",""Adam Eggleston"""
Larimer,City of Fort Collins Mayor,UPLOADED,42851,112-64-20,"""Tricia Canonico(1)"",""Emily Francis(2)"",""Scotty V VanTatenhove(7)""","""Tricia Canonico"",""Emily Francis"""
Larimer,City of Fort Collins Mayor,UPLOADED,42852,112-64-76,"""Emily Francis(1)"",""Tricia Canonico(2)"",""Adam Eggleston(5)""","""Emily Francis"",""Tricia Canonico"""
Larimer,City of Fort Collins Mayor,UPLOADED,42946,109-54-15,"""Tricia Canonico(1)"",""Emily Francis(1)"",""Emily Francis(2)""",""
Larimer,City of Fort Collins Mayor,UPLOADED,42947,109-54-41,"""Shirley Peel(1)"",""Tricia Canonico(2)"",""Adam Eggleston(3)"",""Emily Francis(4)"",""Shirley Peel(5)"",""Jeffrey Shumway(6)"",""Scotty V VanTatenhove(7)""","""Shirley Peel"",""Tricia Canonico"",""Adam Eggleston"",""Emily Francis"""
Larimer,City of Fort Collins Mayor,UPLOADED,42948,109-54-82,"""Shirley Peel(1)"",""Tricia Canonico(2)"",""Emily Francis(3)"",""Shirley Peel(4)"",""Adam Eggleston(5)"",""Adam Hirschhorn(6)"",""Scotty V VanTatenhove(7)""","""Shirley Peel"",""Tricia Canonico"",""Emily Francis"""
Larimer,City of Fort Collins Mayor,UPLOADED,42951,109-54-68,"""Shirley Peel(1)"",""Tricia Canonico(2)"",""Adam Eggleston(3)"",""Scotty V VanTatenhove(4)"",""Emily Francis(5)"",""Adam Hirschhorn(6)"",""Shirley Peel(7)""","""Shirley Peel"",""Tricia Canonico"",""Adam Eggleston"",""Scotty V VanTatenhove"",""Emily Francis"",""Adam Hirschhorn"""
Larimer,City of Fort Collins Mayor,UPLOADED,43049,106-72-94,"""Emily Francis(1)"",""Scotty V VanTatenhove(2)"",""Shirley Peel(3)"",""Tricia Canonico(4)"",""Adam Eggleston(5)"",""Scotty V VanTatenhove(6)"",""Adam Hirschhorn(7)""","""Emily Francis"",""Scotty V VanTatenhove"",""Shirley Peel"",""Tricia Canonico"",""Adam Eggleston"""
Larimer,City of Fort Collins Mayor,UPLOADED,43050,106-72-49,"""Emily Francis(1)"",""Tricia Canonico(2)"",""Jeffrey Shumway(7)""","""Emily Francis"",""Tricia Canonico"""
Larimer,City of Fort Collins Mayor,UPLOADED,43051,106-72-15,"""Emily Francis(1)"",""Adam Eggleston(2)"",""Adam Hirschhorn(3)"",""Shirley Peel(4)"",""Scotty V VanTatenhove(5)"",""Jeffrey Shumway(6)"",""Shirley Peel(7)""","""Emily Francis"",""Adam Eggleston"",""Adam Hirschhorn"",""Shirley Peel"",""Scotty V VanTatenhove"",""Jeffrey Shumway"""
Larimer,City of Fort Collins Mayor,UPLOADED,43148,110-53-93,"""Adam Eggleston(1)"",""Emily Francis(2)"",""Scotty V VanTatenhove(2)"",""Emily Francis(3)"",""Tricia Canonico(4)"",""Jeffrey Shumway(5)"",""Shirley Peel(6)"",""Adam Hirschhorn(7)""","""Adam Eggleston"""
Larimer,City of Fort Collins Mayor,UPLOADED,43150,110-53-49,"""Tricia Canonico(1)"",""Emily Francis(2)"",""Shirley Peel(3)"",""Adam Hirschhorn(4)"",""Jeffrey Shumway(5)"",""Scotty V VanTatenhove(6)"",""Adam Hirschhorn(7)""","""Tricia Canonico"",""Emily Francis"",""Shirley Peel"",""Adam Hirschhorn"",""Jeffrey Shumway"",""Scotty V VanTatenhove"""
Larimer,City of Fort Collins Mayor,UPLOADED,43151,110-53-2,"""Emily Francis(1)"",""Adam Eggleston(2)"",""Tricia Canonico(3)"",""Emily Francis(4)"",""Adam Hirschhorn(5)"",""Jeffrey Shumway(6)"",""Scotty V VanTatenhove(7)""","""Emily Francis"",""Adam Eggleston"",""Tricia Canonico"""
Larimer,City of Fort Collins Councilmember - District 1,UPLOADED,43152,110-53-51,"""Chris Conway(1)"",""Susan Gutowsky(1)"",""Chris Conway(2)"",""Daisy Montgomery(3)""",""
Larimer,City of Fort Collins Mayor,UPLOADED,43249,103-50-43,"""Shirley Peel(1)"",""Adam Eggleston(2)"",""Jeffrey Shumway(3)"",""Tricia Canonico(4)"",""Adam Eggleston(5)"",""Adam Hirschhorn(6)"",""Scotty V VanTatenhove(7)""","""Shirley Peel"",""Adam Eggleston"",""Jeffrey Shumway"",""Tricia Canonico"""
Larimer,City of Fort Collins Mayor,UPLOADED,43250,103-50-93,"""Tricia Canonico(1)"",""Emily Francis(2)"",""Adam Eggleston(3)"",""Emily Francis(4)"",""Shirley Peel(5)"",""Jeffrey Shumway(6)"",""Scotty V VanTatenhove(7)""","""Tricia Canonico"",""Emily Francis"",""Adam Eggleston"""
Larimer,City of Fort Collins Mayor,UPLOADED,43725,104-54-3,"""Scotty V VanTatenhove(1)"",""Jeffrey Shumway(2)"",""Shirley Peel(3)"",""Emily Francis(4)"",""Adam Eggleston(5)"",""Jeffrey Shumway(6)"",""Tricia Canonico(7)""","""Scotty V VanTatenhove"",""Jeffrey Shumway"",""Shirley Peel"",""Emily Francis"",""Adam Eggleston"""
Larimer,City of Fort Collins Mayor,UPLOADED,43728,104-54-56,"""Jeffrey Shumway(1)"",""Shirley Peel(2)"",""Emily Francis(7)""","""Jeffrey Shumway"",""Shirley Peel"""
Larimer,City of Fort Collins Mayor,UPLOADED,43729,104-54-77,"""Emily Francis(1)"",""Shirley Peel(2)"",""Tricia Canonico(3)"",""Adam Eggleston(4)"",""Adam Hirschhorn(5)"",""Shirley Peel(6)"",""Jeffrey Shumway(7)""","""Emily Francis"",""Shirley Peel"",""Tricia Canonico"",""Adam Eggleston"",""Adam Hirschhorn"""
Larimer,City of Fort Collins Mayor,UPLOADED,43730,104-54-6,"""Emily Francis(1)"",""Tricia Canonico(2)"",""Adam Hirschhorn(3)"",""Shirley Peel(4)"",""Jeffrey Shumway(5)"",""Shirley Peel(6)"",""Jeffrey Shumway(7)""","""Emily Francis"",""Tricia Canonico"",""Adam Hirschhorn"",""Shirley Peel"",""Jeffrey Shumway"""
Larimer,City of Fort Collins Mayor,UPLOADED,43731,104-54-42,"""Emily Francis(1)"",""Shirley Peel(2)"",""Jeffrey Shumway(3)"",""Adam Eggleston(4)"",""Jeffrey Shumway(4)"",""Tricia Canonico(5)"",""Scotty V VanTatenhove(6)"",""Adam Hirschhorn(7)""","""Emily Francis"",""Shirley Peel"",""Jeffrey Shumway"",""Adam Eggleston"",""Tricia Canonico"",""Scotty V VanTatenhove"",""Adam Hirschhorn"""
Larimer,City of Fort Collins Mayor,UPLOADED,43733,104-54-88,"""Tricia Canonico(1)"",""Adam Eggleston(2)"",""Adam Hirschhorn(3)"",""Emily Francis(4)"",""Jeffrey Shumway(5)"",""Adam Hirschhorn(6)"",""Shirley Peel(7)""","""Tricia Canonico"",""Adam Eggleston"",""Adam Hirschhorn"",""Emily Francis"",""Jeffrey Shumway"""
Larimer,City of Fort Collins Mayor,UPLOADED,44128,111-45-15,"""Tricia Canonico(1)"",""Emily Francis(2)"",""Adam Eggleston(4)"",""Shirley Peel(7)""","""Tricia Canonico"",""Emily Francis"""
Larimer,City of Fort Collins Mayor,UPLOADED,44129,111-45-59,"""Shirley Peel(1)"",""Tricia Canonico(7)"",""Adam Eggleston(7)"",""Emily Francis(7)"",""Adam Hirschhorn(7)"",""Jeffrey Shumway(7)"",""Scotty V VanTatenhove(7)""","""Shirley Peel"""
Larimer,City of Fort Collins Mayor,UPLOADED,44130,111-45-71,"""Tricia Canonico(1)"",""Emily Francis(2)"",""Scotty V VanTatenhove(3)"",""Shirley Peel(4)"",""Adam Hirschhorn(5)"",""Adam Eggleston(6)"",""Scotty V VanTatenhove(7)""","""Tricia Canonico"",""Emily Francis"",""Scotty V VanTatenhove"",""Shirley Peel"",""Adam Hirschhorn"",""Adam Eggleston"""
Larimer,City of Fort Collins Mayor,UPLOADED,44133,111-45-47,"""Shirley Peel(1)"",""Scotty V VanTatenhove(2)"",""Jeffrey Shumway(3)"",""Adam Hirschhorn(7)""","""Shirley Peel"",""Scotty V VanTatenhove"",""Jeffrey Shumway"""
Larimer,City of Fort Collins Mayor,UPLOADED,44229,105-75-97,"""Tricia Canonico(1)"",""Emily Francis(2)"",""Adam Eggleston(4)"",""Scotty V VanTatenhove(4)"",""Jeffrey Shumway(5)"",""Shirley Peel(6)"",""Adam Hirschhorn(7)""","""Tricia Canonico"",""Emily Francis"""
Larimer,City of Fort Collins Mayor,UPLOADED,44232,105-75-81,"""Scotty V VanTatenhove(1)"",""Adam Eggleston(2)"",""Tricia Canonico(7)"",""Emily Francis(7)"",""Adam Hirschhorn(7)"",""Shirley Peel(7)"",""Jeffrey Shumway(7)""","""Scotty V VanTatenhove"",""Adam Eggleston"""
Larimer,City of Fort Collins Mayor,UPLOADED,44330,112-66-14,"""Adam Hirschhorn(1)"",""Scotty V VanTatenhove(2)"",""Adam Eggleston(3)"",""Tricia Canonico(4)"",""Adam Eggleston(5)"",""Shirley Peel(6)"",""Jeffrey Shumway(7)""","""Adam Hirschhorn"",""Scotty V VanTatenhove"",""Adam Eggleston"",""Tricia Canonico"""
Larimer,City of Fort Collins Mayor,UPLOADED,44332,112-66-83,"""Scotty V VanTatenhove(1)"",""Adam Eggleston(2)"",""Emily Francis(3)"",""Shirley Peel(6)"",""Tricia Canonico(7)""","""Scotty V VanTatenhove"",""Adam Eggleston"",""Emily Francis"""
Larimer,City of Fort Collins Mayor,UPLOADED,44430,106-74-6,"""Shirley Peel(1)"",""Emily Francis(2)"",""Tricia Canonico(3)"",""Adam Eggleston(4)"",""Emily Francis(5)"",""Jeffrey Shumway(6)"",""Scotty V VanTatenhove(7)""","""Shirley Peel"",""Emily Francis"",""Tricia Canonico"",""Adam Eggleston"""
Larimer,City of Fort Collins Mayor,UPLOADED,44431,106-74-54,"""Jeffrey Shumway(1)"",""Shirley Peel(2)"",""Tricia Canonico(3)"",""Jeffrey Shumway(4)"",""Jeffrey Shumway(5)"",""Jeffrey Shumway(6)"",""Jeffrey Shumway(7)""","""Jeffrey Shumway"",""Shirley Peel"",""Tricia Canonico"""
Larimer,City of Fort Collins Councilmember - District 3,UPLOADED,44431,106-74-54,"""Lance Smith(1)"",""Josh Fudge(2)"",""Lance Smith(3)""","""Lance Smith"",""Josh Fudge"""
Larimer,City of Fort Collins Mayor,UPLOADED,44432,106-74-57,"""Shirley Peel(1)"",""Emily Francis(2)"",""Jeffrey Shumway(3)"",""Adam Hirschhorn(4)"",""Tricia Canonico(5)"",""Adam Hirschhorn(6)"",""Scotty V VanTatenhove(7)""","""Shirley Peel"",""Emily Francis"",""Jeffrey Shumway"",""Adam Hirschhorn"",""Tricia Canonico"""
Larimer,City of Fort Collins Mayor,UPLOADED,44829,110-55-46,"""Emily Francis(1)"",""Tricia Canonico(2)"",""Scotty V VanTatenhove(3)"",""Adam Eggleston(4)"",""Shirley Peel(5)"",""Jeffrey Shumway(6)"",""Scotty V VanTatenhove(7)""","""Emily Francis"",""Tricia Canonico"",""Scotty V VanTatenhove"",""Adam Eggleston"",""Shirley Peel"",""Jeffrey Shumway"""
Larimer,City of Fort Collins Mayor,UPLOADED,44830,110-55-48,"""Tricia Canonico(1)"",""Emily Francis(2)"",""Shirley Peel(3)"",""Adam Eggleston(4)"",""Jeffrey Shumway(5)"",""Scotty V VanTatenhove(7)""","""Tricia Canonico"",""Emily Francis"",""Shirley Peel"",""Adam Eggleston"",""Jeffrey Shumway"""
Larimer,City of Fort Collins Mayor,UPLOADED,44831,110-55-47,"""Emily Francis(1)"",""Tricia Canonico(2)"",""Scotty V VanTatenhove(3)"",""Adam Eggleston(4)"",""Adam Hirschhorn(5)"",""Shirley Peel(6)"",""Scotty V VanTatenhove(7)""","""Emily Francis"",""Tricia Canonico"",""Scotty V VanTatenhove"",""Adam Eggleston"",""Adam Hirschhorn"",""Shirley Peel"""
Larimer,City of Fort Collins Mayor,UPLOADED,44832,110-55-71,"""Shirley Peel(4)"",""Scotty V VanTatenhove(5)"",""Jeffrey Shumway(6)"",""Adam Hirschhorn(7)""",""
Larimer,City of Fort Collins Mayor,UPLOADED,44927,103-52-19,"""Scotty V VanTatenhove(1)"",""Shirley Peel(2)"",""Adam Eggleston(3)"",""Emily Francis(4)"",""Tricia Canonico(5)"",""Jeffrey Shumway(6)"",""Adam Eggleston(7)""","""Scotty V VanTatenhove"",""Shirley Peel"",""Adam Eggleston"",""Emily Francis"",""Tricia Canonico"",""Jeffrey Shumway"""
Larimer,City of Fort Collins Mayor,UPLOADED,44928,103-52-18,"""Tricia Canonico(1)"",""Emily Francis(2)"",""Shirley Peel(3)"",""Scotty V VanTatenhove(4)"",""Adam Eggleston(5)"",""Adam Hirschhorn(6)"",""Scotty V VanTatenhove(7)""","""Tricia Canonico"",""Emily Francis"",""Shirley Peel"",""Scotty V VanTatenhove"",""Adam Eggleston"",""Adam Hirschhorn"""
Larimer,City of Fort Collins Mayor,UPLOADED,44929,103-52-100,"""Shirley Peel(1)"",""Jeffrey Shumway(2)"",""Adam Hirschhorn(3)"",""Scotty V VanTatenhove(4)"",""Adam Hirschhorn(5)"",""Tricia Canonico(6)"",""Emily Francis(7)""","""Shirley Peel"",""Jeffrey Shumway"",""Adam Hirschhorn"",""Scotty V VanTatenhove"""
Larimer,City of Fort Collins Mayor,UPLOADED,45023,109-56-66,"""Tricia Canonico(1)"",""Emily Francis(2)"",""Adam Eggleston(3)"",""Adam Hirschhorn(4)"",""Shirley Peel(5)"",""Shirley Peel(6)"",""Shirley Peel(7)""","""Tricia Canonico"",""Emily Francis"",""Adam Eggleston"",""Adam Hirschhorn"",""Shirley Peel"""
Larimer,City of Fort Collins Mayor,UPLOADED,45027,109-56-76,"""Emily Francis(1)"",""Tricia Canonico(2)"",""Shirley Peel(3)"",""Scotty V VanTatenhove(4)"",""Adam Eggleston(5)"",""Scotty V VanTatenhove(5)"",""Adam Hirschhorn(6)"",""Jeffrey Shumway(7)""","""Emily Francis"",""Tricia Canonico"",""Shirley Peel"",""Scotty V VanTatenhove"",""Adam Eggleston"",""Adam Hirschhorn"",""Jeffrey Shumway"""
Larimer,City of Fort Collins Mayor,UPLOADED,45028,109-56-42,"""Tricia Canonico(1)"",""Emily Francis(2)"",""Shirley Peel(3)"",""Scotty V VanTatenhove(5)"",""Adam Eggleston(6)"",""Adam Hirschhorn(7)""","""Tricia Canonico"",""Emily Francis"",""Shirley Peel"""
Larimer,City of Fort Collins Mayor,UPLOADED,45029,109-56-90,"""Emily Francis(1)"",""Tricia Canonico(2)"",""Adam Eggleston(3)"",""Emily Francis(4)"",""Shirley Peel(5)"",""Jeffrey Shumway(6)"",""Adam Hirschhorn(7)""","""Emily Francis"",""Tricia Canonico"",""Adam Eggleston"""
Larimer,City of Fort Collins Mayor,UPLOADED,48093,104-59-3,"""Emily Francis(1)"",""Tricia Canonico(2)"",""Scotty V VanTatenhove(3)"",""Shirley Peel(4)"",""Jeffrey Shumway(5)"",""Adam Eggleston(6)"",""Scotty V VanTatenhove(7)""","""Emily Francis"",""Tricia Canonico"",""Scotty V VanTatenhove"",""Shirley Peel"",""Jeffrey Shumway"",""Adam Eggleston"""
Larimer,City of Fort Collins Mayor,UPLOADED,48508,101-8-22,"""Tricia Canonico(1)"",""Emily Francis(2)"",""Shirley Peel(3)"",""Adam Hirschhorn(4)"",""Scotty V VanTatenhove(5)"",""Jeffrey Shumway(6)"",""Adam Hirschhorn(7)""","""Tricia Canonico"",""Emily Francis"",""Shirley Peel"",""Adam Hirschhorn"",""Scotty V VanTatenhove"",""Jeffrey Shumway"""
Larimer,City of Fort Collins Mayor,UPLOADED,48602,104-61-22,"""Tricia Canonico(2)"",""Jeffrey Shumway(2)"",""Adam Hirschhorn(3)"",""Emily Francis(4)"",""Shirley Peel(5)"",""Adam Eggleston(6)"",""Scotty V VanTatenhove(7)""",""
Larimer,City of Fort Collins Mayor,UPLOADED,48603,104-61-10,"""Adam Hirschhorn(1)"",""Tricia Canonico(2)"",""Emily Francis(3)"",""Adam Hirschhorn(4)"",""Shirley Peel(5)"",""Jeffrey Shumway(6)"",""Scotty V VanTatenhove(7)""","""Adam Hirschhorn"",""Tricia Canonico"",""Emily Francis"""
Larimer,City of Fort Collins Mayor,UPLOADED,48606,104-61-32,"""Tricia Canonico(1)"",""Emily Francis(2)"",""Shirley Peel(3)"",""Jeffrey Shumway(4)"",""Scotty V VanTatenhove(5)"",""Adam Eggleston(6)"",""Jeffrey Shumway(7)""","""Tricia Canonico"",""Emily Francis"",""Shirley Peel"",""Jeffrey Shumway"",""Scotty V VanTatenhove"",""Adam Eggleston"""
Larimer,City of Fort Collins Mayor,UPLOADED,48607,104-61-61,"""Emily Francis(1)"",""Tricia Canonico(2)"",""Shirley Peel(3)"",""Adam Eggleston(4)"",""Scotty V VanTatenhove(5)"",""Shirley Peel(6)"",""Jeffrey Shumway(7)""","""Emily Francis"",""Tricia Canonico"",""Shirley Peel"",""Adam Eggleston"",""Scotty V VanTatenhove"""
Larimer,City of Fort Collins Mayor,UPLOADED,48608,104-61-54,"""Emily Francis(1)"",""Shirley Peel(2)"",""Tricia Canonico(3)"",""Adam Eggleston(4)"",""Jeffrey Shumway(5)"",""Adam Hirschhorn(6)"",""Adam Eggleston(7)""","""Emily Francis"",""Shirley Peel"",""Tricia Canonico"",""Adam Eggleston"",""Jeffrey Shumway"",""Adam Hirschhorn"""
Larimer,City of Fort Collins Mayor,UPLOADED,48703,111-53-37,"""Jeffrey Shumway(1)"",""Jeffrey Shumway(2)"",""Jeffrey Shumway(3)"",""Jeffrey Shumway(4)"",""Jeffrey Shumway(5)"",""Jeffrey Shumway(6)"",""Jeffrey Shumway(7)""","""Jeffrey Shumway"""
Larimer,City of Fort Collins Mayor,UPLOADED,48704,111-53-9,"""Jeffrey Shumway(1)"",""Shirley Peel(2)"",""Adam Hirschhorn(3)"",""Adam Hirschhorn(5)"",""Emily Francis(6)"",""Tricia Canonico(7)""","""Jeffrey Shumway"",""Shirley Peel"",""Adam Hirschhorn"""
Larimer,City of Fort Collins Mayor,UPLOADED,48705,111-53-44,"""Jeffrey Shumway(1)"",""Shirley Peel(2)"",""Adam Hirschhorn(3)"",""Adam Hirschhorn(5)"",""Emily Francis(6)"",""Tricia Canonico(7)""","""Jeffrey Shumway"",""Shirley Peel"",""Adam Hirschhorn"""
Larimer,City of Fort Collins Mayor,UPLOADED,48708,111-53-92,"""Tricia Canonico(1)"",""Emily Francis(2)"",""Scotty V VanTatenhove(7)""","""Tricia Canonico"",""Emily Francis"""
Larimer,City of Fort Collins Mayor,UPLOADED,48802,103-58-10,"""Adam Eggleston(1)"",""Adam Hirschhorn(2)"",""Jeffrey Shumway(3)"",""Scotty V VanTatenhove(4)"",""Emily Francis(5)"",""Tricia Canonico(6)"",""Adam Hirschhorn(7)""","""Adam Eggleston"",""Adam Hirschhorn"",""Jeffrey Shumway"",""Scotty V VanTatenhove"",""Emily Francis"",""Tricia Canonico"""
Larimer,City of Fort Collins Mayor,UPLOADED,48803,103-58-11,"""Emily Francis(1)"",""Jeffrey Shumway(6)"",""Scotty V VanTatenhove(7)""","""Emily Francis"""
Larimer,City of Fort Collins Mayor,UPLOADED,48804,103-58-70,"""Tricia Canonico(1)"",""Emily Francis(2)"",""Scotty V VanTatenhove(3)"",""Adam Hirschhorn(4)"",""Shirley Peel(5)"",""Adam Eggleston(6)"",""Scotty V VanTatenhove(7)""","""Tricia Canonico"",""Emily Francis"",""Scotty V VanTatenhove"",""Adam Hirschhorn"",""Shirley Peel"",""Adam Eggleston"""
Larimer,City of Fort Collins Mayor,UPLOADED,48806,103-58-53,"""Tricia Canonico(1)"",""Emily Francis(2)"",""Adam Eggleston(3)"",""Adam Hirschhorn(4)"",""Tricia Canonico(5)"",""Jeffrey Shumway(6)"",""Scotty V VanTatenhove(7)""","""Tricia Canonico"",""Emily Francis"",""Adam Eggleston"",""Adam Hirschhorn"""
Larimer,City of Fort Collins Mayor,UPLOADED,48807,103-58-33,"""Tricia Canonico(1)"",""Scotty V VanTatenhove(2)"",""Adam Eggleston(3)"",""Emily Francis(4)"",""Shirley Peel(5)"",""Adam Eggleston(6)"",""Jeffrey Shumway(7)""","""Tricia Canonico"",""Scotty V VanTatenhove"",""Adam Eggleston"",""Emily Francis"",""Shirley Peel"""
Larimer,City of Fort Collins Mayor,UPLOADED,48899,109-62-27,"""Shirley Peel(1)"",""Jeffrey Shumway(7)"",""Scotty V VanTatenhove(7)""","""Shirley Peel"""
Larimer,City of Fort Collins Mayor,UPLOADED,48900,109-62-65,"""Shirley Peel(1)"",""Tricia Canonico(2)"",""Emily Francis(3)"",""Adam Eggleston(4)"",""Adam Hirschhorn(5)"",""Tricia Canonico(6)"",""Emily Francis(7)""","""Shirley Peel"",""Tricia Canonico"",""Emily Francis"",""Adam Eggleston"",""Adam Hirschhorn"""
Larimer,City of Fort Collins Mayor,UPLOADED,48904,109-62-54,"""Jeffrey Shumway(1)"",""Scotty V VanTatenhove(2)"",""Emily Francis(3)"",""Tricia Canonico(4)"",""Emily Francis(5)"",""Shirley Peel(6)"",""Adam Eggleston(7)""","""Jeffrey Shumway"",""Scotty V VanTatenhove"",""Emily Francis"",""Tricia Canonico"""
Larimer,City of Fort Collins Mayor,UPLOADED,48905,109-62-75,"""Jeffrey Shumway(1)"",""Shirley Peel(2)"",""Adam Eggleston(3)"",""Scotty V VanTatenhove(3)""","""Jeffrey Shumway"",""Shirley Peel"""
Larimer,City of Fort Collins Mayor,UPLOADED,48907,109-62-37,"""Shirley Peel(1)"",""Jeffrey Shumway(7)"",""Scotty V VanTatenhove(7)""","""Shirley Peel"""
Larimer,City of Fort Collins Mayor,UPLOADED,49003,112-75-19,"""Adam Eggleston(1)"",""Emily Francis(2)"",""Scotty V VanTatenhove(2)"",""Jeffrey Shumway(3)"",""Shirley Peel(4)"",""Tricia Canonico(6)"",""Adam Hirschhorn(7)""","""Adam Eggleston"""
Larimer,City of Fort Collins Mayor,UPLOADED,49004,112-75-97,"""Shirley Peel(1)"",""Jeffrey Shumway(2)"",""Jeffrey Shumway(4)"",""Scotty V VanTatenhove(5)"",""Tricia Canonico(6)"",""Adam Hirschhorn(6)"",""Adam Eggleston(7)""","""Shirley Peel"",""Jeffrey Shumway"""
Larimer,City of Fort Collins Mayor,UPLOADED,49005,112-75-20,"""Emily Francis(1)"",""Tricia Canonico(2)"",""Adam Eggleston(7)""","""Emily Francis"",""Tricia Canonico"""
Larimer,City of Fort Collins Mayor,UPLOADED,49006,112-75-86,"""Jeffrey Shumway(1)"",""Adam Hirschhorn(7)""","""Jeffrey Shumway"""
Larimer,City of Fort Collins Mayor,UPLOADED,49008,112-75-50,"""Tricia Canonico(1)"",""Emily Francis(2)"",""Shirley Peel(3)"",""Jeffrey Shumway(4)"",""Adam Eggleston(5)"",""Jeffrey Shumway(6)"",""Scotty V VanTatenhove(7)""","""Tricia Canonico"",""Emily Francis"",""Shirley Peel"",""Jeffrey Shumway"",""Adam Eggleston"""
Larimer,City of Fort Collins Mayor,UPLOADED,49102,110-60-29,"""Adam Eggleston(1)"",""Emily Francis(2)"",""Shirley Peel(3)"",""Adam Hirschhorn(4)"",""Shirley Peel(5)"",""Scotty V VanTatenhove(6)"",""Jeffrey Shumway(7)""","""Adam Eggleston"",""Emily Francis"",""Shirley Peel"",""Adam Hirschhorn"""
Larimer,City of Fort Collins Mayor,UPLOADED,49104,110-60-94,"""Emily Francis(1)"",""Adam Eggleston(4)"",""Tricia Canonico(6)""","""Emily Francis"""
Larimer,City of Fort Collins Mayor,UPLOADED,49107,110-60-72,"""Emily Francis(1)"",""Shirley Peel(2)"",""Adam Hirschhorn(3)"",""Tricia Canonico(4)"",""Scotty V VanTatenhove(5)"",""Adam Hirschhorn(6)"",""Jeffrey Shumway(7)""","""Emily Francis"",""Shirley Peel"",""Adam Hirschhorn"",""Tricia Canonico"",""Scotty V VanTatenhove"""
Larimer,City of Fort Collins Mayor,UPLOADED,49208,105-82-80,"""Adam Eggleston(1)"",""Scotty V VanTatenhove(2)"",""Shirley Peel(3)"",""Tricia Canonico(4)"",""Adam Eggleston(5)"",""Jeffrey Shumway(6)"",""Adam Hirschhorn(7)""","""Adam Eggleston"",""Scotty V VanTatenhove"",""Shirley Peel"",""Tricia Canonico"""
Larimer,City of Fort Collins Mayor,UPLOADED,49599,106-80-10,"""Tricia Canonico(1)"",""Adam Eggleston(2)"",""Scotty V VanTatenhove(3)"",""Shirley Peel(4)"",""Adam Eggleston(5)"",""Adam Hirschhorn(6)"",""Jeffrey Shumway(7)""","""Tricia Canonico"",""Adam Eggleston"",""Scotty V VanTatenhove"",""Shirley Peel"""
Larimer,City of Fort Collins Mayor,UPLOADED,49601,106-80-72,"""Tricia Canonico(1)"",""Emily Francis(7)""","""Tricia Canonico"""
Larimer,City of Fort Collins Mayor,UPLOADED,49603,106-80-38,"""Tricia Canonico(1)"",""Emily Francis(2)"",""Jeffrey Shumway(4)"",""Shirley Peel(5)"",""Adam Eggleston(6)"",""Adam Hirschhorn(7)""","""Tricia Canonico"",""Emily Francis"""
Larimer,City of Fort Collins Mayor,UPLOADED,50002,111-55-61,"""Tricia Canonico(1)"",""Emily Francis(2)"",""Adam Eggleston(3)"",""Shirley Peel(4)"",""Scotty V VanTatenhove(7)""","""Tricia Canonico"",""Emily Francis"",""Adam Eggleston"",""Shirley Peel"""
Larimer,City of Fort Collins Mayor,UPLOADED,50003,111-55-31,"""Jeffrey Shumway(1)"",""Adam Hirschhorn(2)"",""Adam Eggleston(3)"",""Emily Francis(4)"",""Tricia Canonico(5)"",""Scotty V VanTatenhove(6)"",""Adam Hirschhorn(7)""","""Jeffrey Shumway"",""Adam Hirschhorn"",""Adam Eggleston"",""Emily Francis"",""Tricia Canonico"",""Scotty V VanTatenhove"""
Larimer,City of Fort Collins Mayor,UPLOADED,50004,111-55-81,"""Emily Francis(1)"",""Shirley Peel(2)"",""Tricia Canonico(3)"",""Tricia Canonico(4)"",""Tricia Canonico(5)"",""Jeffrey Shumway(6)"",""Adam Hirschhorn(7)""","""Emily Francis"",""Shirley Peel"",""Tricia Canonico"""
Larimer,City of Fort Collins Mayor,UPLOADED,50006,111-55-1,"""Jeffrey Shumway(1)"",""Shirley Peel(2)"",""Emily Francis(3)"",""Adam Hirschhorn(4)"",""Adam Hirschhorn(5)"",""Tricia Canonico(6)"",""Scotty V VanTatenhove(7)""","""Jeffrey Shumway"",""Shirley Peel"",""Emily Francis"",""Adam Hirschhorn"""
Larimer,City of Fort Collins Mayor,UPLOADED,50007,111-55-89,"""Adam Eggleston(1)"",""Shirley Peel(4)"",""Emily Francis(5)"",""Adam Hirschhorn(6)"",""Tricia Canonico(7)""","""Adam Eggleston"""
Larimer,City of Fort Collins Mayor,UPLOADED,50206,105-84-30,"""Emily Francis(1)"",""Tricia Canonico(2)"",""Shirley Peel(3)"",""Jeffrey Shumway(4)"",""Adam Hirschhorn(5)"",""Jeffrey Shumway(6)"",""Adam Eggleston(7)""","""Emily Francis"",""Tricia Canonico"",""Shirley Peel"",""Jeffrey Shumway"",""Adam Hirschhorn"""
Larimer,City of Fort Collins Councilmember - District 3,UPLOADED,50209,105-84-36,"""Lance Smith(1)"",""Josh Fudge(3)"",""Steve Yurash(3)""","""Lance Smith"""
Larimer,City of Fort Collins Mayor,UPLOADED,50210,105-84-44,"""Emily Francis(1)"",""Shirley Peel(2)"",""Scotty V VanTatenhove(3)"",""Tricia Canonico(4)"",""Adam Eggleston(5)"",""Jeffrey Shumway(5)"",""Adam Eggleston(6)"",""Adam Hirschhorn(7)""","""Emily Francis"",""Shirley Peel"",""Scotty V VanTatenhove"",""Tricia Canonico"""
Larimer,City of Fort Collins Mayor,UPLOADED,50507,103-60-26,"""Adam Hirschhorn(1)"",""Adam Eggleston(2)"",""Scotty V VanTatenhove(3)"",""Jeffrey Shumway(4)"",""Shirley Peel(5)"",""Emily Francis(6)"",""Adam Hirschhorn(7)""","""Adam Hirschhorn"",""Adam Eggleston"",""Scotty V VanTatenhove"",""Jeffrey Shumway"",""Shirley Peel"",""Emily Francis"""
Larimer,City of Fort Collins Mayor,UPLOADED,50508,103-60-21,"""Jeffrey Shumway(1)"",""Tricia Canonico(2)"",""Adam Eggleston(3)"",""Adam Hirschhorn(4)"",""Shirley Peel(5)"",""Adam Eggleston(6)"",""Emily Francis(7)""","""Jeffrey Shumway"",""Tricia Canonico"",""Adam Eggleston"",""Adam Hirschhorn"",""Shirley Peel"""
Larimer,City of Fort Collins Mayor,UPLOADED,50509,103-60-80,"""Tricia Canonico(1)"",""Emily Francis(2)"",""Shirley Peel(3)"",""Adam Eggleston(4)"",""Adam Hirschhorn(5)"",""Scotty V VanTatenhove(6)"",""Adam Hirschhorn(7)""","""Tricia Canonico"",""Emily Francis"",""Shirley Peel"",""Adam Eggleston"",""Adam Hirschhorn"",""Scotty V VanTatenhove"""
Larimer,City of Fort Collins Mayor,UPLOADED,50602,104-63-62,"""Shirley Peel(1)"",""Shirley Peel(2)"",""Shirley Peel(3)"",""Shirley Peel(4)"",""Shirley Peel(5)"",""Shirley Peel(6)"",""Shirley Peel(7)""","""Shirley Peel"""
Larimer,City of Fort Collins Mayor,UPLOADED,50603,104-63-69,"""Emily Francis(1)"",""Tricia Canonico(2)"",""Adam Hirschhorn(3)"",""Scotty V VanTatenhove(4)"",""Adam Eggleston(5)"",""Scotty V VanTatenhove(6)"",""Jeffrey Shumway(7)""","""Emily Francis"",""Tricia Canonico"",""Adam Hirschhorn"",""Scotty V VanTatenhove"",""Adam Eggleston"""
Larimer,City of Fort Collins Mayor,UPLOADED,50606,104-63-70,"""Scotty V VanTatenhove(1)"",""Tricia Canonico(2)"",""Emily Francis(3)"",""Shirley Peel(4)"",""Scotty V VanTatenhove(5)"",""Adam Eggleston(6)"",""Jeffrey Shumway(7)""","""Scotty V VanTatenhove"",""Tricia Canonico"",""Emily Francis"",""Shirley Peel"""
Larimer,City of Fort Collins Mayor,UPLOADED,50607,104-63-8,"""Emily Francis(1)"",""Adam Hirschhorn(2)"",""Tricia Canonico(3)"",""Adam Eggleston(4)"",""Scotty V VanTatenhove(5)"",""Jeffrey Shumway(6)"",""Adam Hirschhorn(7)""","""Emily Francis"",""Adam Hirschhorn"",""Tricia Canonico"",""Adam Eggleston"",""Scotty V VanTatenhove"",""Jeffrey Shumway"""
Larimer,City of Fort Collins Mayor,UPLOADED,50608,104-63-96,"""Tricia Canonico(1)"",""Emily Francis(2)"",""Scotty V VanTatenhove(3)"",""Jeffrey Shumway(4)"",""Jeffrey Shumway(5)"",""Shirley Peel(6)"",""Adam Hirschhorn(7)""","""Tricia Canonico"",""Emily Francis"",""Scotty V VanTatenhove"",""Jeffrey Shumway"""
Larimer,City of Fort Collins Mayor,UPLOADED,54931,106-88-16,"""Emily Francis(1)"",""Adam Hirschhorn(6)"",""Jeffrey Shumway(7)""","""Emily Francis"""
Larimer,City of Fort Collins Mayor,UPLOADED,50699,112-79-32,"""Emily Francis(1)"",""Tricia Canonico(2)"",""Adam Hirschhorn(3)"",""Shirley Peel(4)"",""Scotty V VanTatenhove(5)"",""Adam Hirschhorn(6)"",""Jeffrey Shumway(7)""","""Emily Francis"",""Tricia Canonico"",""Adam Hirschhorn"",""Shirley Peel"",""Scotty V VanTatenhove"""
Larimer,City of Fort Collins Mayor,UPLOADED,50700,112-79-14,"""Jeffrey Shumway(1)"",""Emily Francis(2)"",""Adam Eggleston(3)"",""Shirley Peel(4)"",""Tricia Canonico(5)"",""Adam Hirschhorn(6)"",""Tricia Canonico(7)"",""Scotty V VanTatenhove(7)""","""Jeffrey Shumway"",""Emily Francis"",""Adam Eggleston"",""Shirley Peel"",""Tricia Canonico"",""Adam Hirschhorn"",""Scotty V VanTatenhove"""
Larimer,City of Fort Collins Mayor,UPLOADED,50701,112-79-59,"""Shirley Peel(1)"",""Adam Eggleston(2)"",""Tricia Canonico(3)"",""Adam Eggleston(4)"",""Adam Hirschhorn(5)"",""Jeffrey Shumway(6)"",""Scotty V VanTatenhove(7)""","""Shirley Peel"",""Adam Eggleston"",""Tricia Canonico"""
Larimer,City of Fort Collins Mayor,UPLOADED,50702,112-79-66,"""Shirley Peel(1)"",""Tricia Canonico(2)"",""Emily Francis(3)"",""Tricia Canonico(4)"",""Adam Eggleston(5)"",""Jeffrey Shumway(6)"",""Scotty V VanTatenhove(7)""","""Shirley Peel"",""Tricia Canonico"",""Emily Francis"""
Larimer,City of Fort Collins Mayor,UPLOADED,50703,112-79-90,"""Adam Eggleston(1)"",""Shirley Peel(2)"",""Shirley Peel(3)"",""Shirley Peel(4)"",""Shirley Peel(5)"",""Adam Hirschhorn(6)"",""Scotty V VanTatenhove(7)""","""Adam Eggleston"",""Shirley Peel"""
Larimer,City of Fort Collins Mayor,UPLOADED,50706,112-79-36,"""Tricia Canonico(1)"",""Emily Francis(2)"",""Adam Eggleston(4)""","""Tricia Canonico"",""Emily Francis"""
Larimer,City of Fort Collins Mayor,UPLOADED,50708,112-79-67,"""Adam Eggleston(1)"",""Adam Hirschhorn(2)"",""Jeffrey Shumway(3)"",""Scotty V VanTatenhove(4)"",""Emily Francis(5)"",""Shirley Peel(7)""","""Adam Eggleston"",""Adam Hirschhorn"",""Jeffrey Shumway"",""Scotty V VanTatenhove"",""Emily Francis"""
Larimer,City of Fort Collins Mayor,UPLOADED,51202,109-64-68,"""Emily Francis(1)"",""Shirley Peel(2)"",""Tricia Canonico(3)"",""Adam Hirschhorn(4)"",""Adam Eggleston(5)"",""Tricia Canonico(6)"",""Scotty V VanTatenhove(7)""","""Emily Francis"",""Shirley Peel"",""Tricia Canonico"",""Adam Hirschhorn"",""Adam Eggleston"""
Larimer,City of Fort Collins Mayor,UPLOADED,51204,109-64-80,"""Emily Francis(1)"",""Adam Hirschhorn(2)"",""Shirley Peel(3)"",""Emily Francis(4)"",""Adam Hirschhorn(5)"",""Shirley Peel(6)""","""Emily Francis"",""Adam Hirschhorn"",""Shirley Peel"""
Larimer,City of Fort Collins Mayor,UPLOADED,51205,109-64-64,"""Jeffrey Shumway(1)"",""Adam Eggleston(2)"",""Emily Francis(3)"",""Shirley Peel(4)"",""Adam Hirschhorn(5)"",""Adam Eggleston(6)"",""Scotty V VanTatenhove(7)""","""Jeffrey Shumway"",""Adam Eggleston"",""Emily Francis"",""Shirley Peel"",""Adam Hirschhorn"""
Larimer,City of Fort Collins Mayor,UPLOADED,51819,110-62-47,"""Tricia Canonico(1)"",""Emily Francis(2)"",""Adam Hirschhorn(3)"",""Scotty V VanTatenhove(4)"",""Shirley Peel(6)"",""Jeffrey Shumway(7)""","""Tricia Canonico"",""Emily Francis"",""Adam Hirschhorn"",""Scotty V VanTatenhove"""
Larimer,City of Fort Collins Mayor,UPLOADED,51821,110-62-63,"""Jeffrey Shumway(1)"",""Shirley Peel(2)"",""Tricia Canonico(3)"",""Scotty V VanTatenhove(5)"",""Adam Hirschhorn(6)"",""Adam Eggleston(7)""","""Jeffrey Shumway"",""Shirley Peel"",""Tricia Canonico"""
Larimer,City of Fort Collins Mayor,UPLOADED,51822,110-62-37,"""Shirley Peel(1)"",""Emily Francis(2)"",""Scotty V VanTatenhove(6)"",""Adam Hirschhorn(7)""","""Shirley Peel"",""Emily Francis"""
Larimer,City of Fort Collins Mayor,UPLOADED,51823,110-62-64,"""Jeffrey Shumway(1)"",""Adam Eggleston(2)"",""Adam Hirschhorn(3)"",""Jeffrey Shumway(4)"",""Scotty V VanTatenhove(5)"",""Shirley Peel(6)"",""Tricia Canonico(7)""","""Jeffrey Shumway"",""Adam Eggleston"",""Adam Hirschhorn"""
Larimer,City of Fort Collins Mayor,UPLOADED,51825,110-62-91,"""Shirley Peel(1)"",""Jeffrey Shumway(2)"",""Scotty V VanTatenhove(3)"",""Adam Eggleston(4)"",""Emily Francis(5)"",""Tricia Canonico(6)"",""Adam Eggleston(7)""","""Shirley Peel"",""Jeffrey Shumway"",""Scotty V VanTatenhove"",""Adam Eggleston"",""Emily Francis"",""Tricia Canonico"""
Larimer,City of Fort Collins Mayor,UPLOADED,51826,110-62-97,"""Emily Francis(1)"",""Scotty V VanTatenhove(2)"",""Adam Eggleston(3)"",""Adam Hirschhorn(4)"",""Shirley Peel(5)"",""Jeffrey Shumway(6)"",""Scotty V VanTatenhove(7)""","""Emily Francis"",""Scotty V VanTatenhove"",""Adam Eggleston"",""Adam Hirschhorn"",""Shirley Peel"",""Jeffrey Shumway"""
Larimer,City of Fort Collins Mayor,UPLOADED,51830,110-62-71,"""Jeffrey Shumway(1)"",""Adam Eggleston(2)"",""Jeffrey Shumway(3)""","""Jeffrey Shumway"",""Adam Eggleston"""
Larimer,City of Fort Collins Mayor,UPLOADED,51831,110-62-78,"""Jeffrey Shumway(1)"",""Shirley Peel(2)"",""Scotty V VanTatenhove(3)"",""Adam Hirschhorn(4)"",""Tricia Canonico(5)"",""Adam Eggleston(6)"",""Shirley Peel(7)""","""Jeffrey Shumway"",""Shirley Peel"",""Scotty V VanTatenhove"",""Adam Hirschhorn"",""Tricia Canonico"",""Adam Eggleston"""
Larimer,City of Fort Collins Mayor,UPLOADED,53044,103-62-9,"""Shirley Peel(1)"",""Scotty V VanTatenhove(2)"",""Adam Hirschhorn(3)"",""Emily Francis(4)"",""Tricia Canonico(5)"",""Adam Eggleston(6)"",""Scotty V VanTatenhove(7)""","""Shirley Peel"",""Scotty V VanTatenhove"",""Adam Hirschhorn"",""Emily Francis"",""Tricia Canonico"",""Adam Eggleston"""
Larimer,City of Fort Collins Mayor,UPLOADED,53045,103-62-24,"""Tricia Canonico(1)"",""Emily Francis(2)"",""Scotty V VanTatenhove(3)"",""Adam Eggleston(4)"",""Adam Hirschhorn(4)"",""Shirley Peel(5)"",""Jeffrey Shumway(6)"",""Adam Hirschhorn(7)""","""Tricia Canonico"",""Emily Francis"",""Scotty V VanTatenhove"""
Larimer,City of Fort Collins Mayor,UPLOADED,53047,103-62-51,"""Jeffrey Shumway(1)"",""Emily Francis(2)"",""Tricia Canonico(3)"",""Adam Eggleston(4)"",""Shirley Peel(5)"",""Adam Hirschhorn(7)""","""Jeffrey Shumway"",""Emily Francis"",""Tricia Canonico"",""Adam Eggleston"",""Shirley Peel"""
Larimer,City of Fort Collins Councilmember - District 3,UPLOADED,53048,103-62-88,"""Josh Fudge(1)"",""Josh Fudge(2)"",""Josh Fudge(3)""","""Josh Fudge"""
Larimer,City of Fort Collins Mayor,UPLOADED,53049,103-62-22,"""Tricia Canonico(1)"",""Emily Francis(2)"",""Adam Hirschhorn(3)"",""Shirley Peel(4)"",""Jeffrey Shumway(5)"",""Scotty V VanTatenhove(6)"",""Tricia Canonico(7)""","""Tricia Canonico"",""Emily Francis"",""Adam Hirschhorn"",""Shirley Peel"",""Jeffrey Shumway"",""Scotty V VanTatenhove"""
Larimer,City of Fort Collins Mayor,UPLOADED,53050,103-62-80,"""Jeffrey Shumway(1)"",""Shirley Peel(2)"",""Adam Hirschhorn(3)"",""Emily Francis(4)"",""Tricia Canonico(5)"",""Adam Eggleston(6)"",""Scotty V VanTatenhove(6)"",""Adam Hirschhorn(7)""","""Jeffrey Shumway"",""Shirley Peel"",""Adam Hirschhorn"",""Emily Francis"",""Tricia Canonico"""
Larimer,City of Fort Collins Mayor,UPLOADED,53051,103-62-33,"""Emily Francis(1)"",""Adam Hirschhorn(2)"",""Adam Eggleston(3)"",""Tricia Canonico(4)"",""Shirley Peel(5)"",""Jeffrey Shumway(6)"",""Adam Hirschhorn(7)""","""Emily Francis"",""Adam Hirschhorn"",""Adam Eggleston"",""Tricia Canonico"",""Shirley Peel"",""Jeffrey Shumway"""
Larimer,City of Fort Collins Mayor,UPLOADED,54925,106-88-21,"""Emily Francis(1)"",""Shirley Peel(2)"",""Tricia Canonico(3)"",""Adam Eggleston(4)"",""Scotty V VanTatenhove(5)"",""Shirley Peel(6)"",""Adam Hirschhorn(7)""","""Emily Francis"",""Shirley Peel"",""Tricia Canonico"",""Adam Eggleston"",""Scotty V VanTatenhove"""
Larimer,City of Fort Collins Mayor,UPLOADED,54926,106-88-67,"""Tricia Canonico(1)"",""Emily Francis(2)"",""Shirley Peel(4)"",""Jeffrey Shumway(5)"",""Scotty V VanTatenhove(5)"",""Adam Hirschhorn(6)"",""Adam Eggleston(7)""","""Tricia Canonico"",""Emily Francis"""
Larimer,City of Fort Collins Mayor,UPLOADED,54929,106-88-40,"""Shirley Peel(1)"",""Scotty V VanTatenhove(2)"",""Scotty V VanTatenhove(4)"",""Jeffrey Shumway(5)"",""Scotty V VanTatenhove(6)"",""Jeffrey Shumway(7)""","""Shirley Peel"",""Scotty V VanTatenhove"""
Larimer,City of Fort Collins Mayor,UPLOADED,54933,106-88-77,"""Tricia Canonico(1)"",""Emily Francis(2)"",""Shirley Peel(3)"",""Scotty V VanTatenhove(4)"",""Adam Eggleston(5)"",""Jeffrey Shumway(6)"",""Emily Francis(7)""","""Tricia Canonico"",""Emily Francis"",""Shirley Peel"",""Scotty V VanTatenhove"",""Adam Eggleston"",""Jeffrey Shumway"""
Larimer,City of Fort Collins Mayor,UPLOADED,55129,112-86-62,"""Adam Eggleston(1)"",""Jeffrey Shumway(2)"",""Scotty V VanTatenhove(3)"",""Adam Hirschhorn(4)"",""Tricia Canonico(5)"",""Adam Eggleston(5)"",""Emily Francis(6)"",""Shirley Peel(7)""","""Adam Eggleston"",""Jeffrey Shumway"",""Scotty V VanTatenhove"",""Adam Hirschhorn"",""Tricia Canonico"",""Emily Francis"",""Shirley Peel"""
Larimer,City of Fort Collins Councilmember - District 3,UPLOADED,55131,112-86-95,"""Steve Yurash(1)"",""Steve Yurash(2)"",""Steve Yurash(3)""","""Steve Yurash"""
Larimer,City of Fort Collins Mayor,UPLOADED,55132,112-86-64,"""Jeffrey Shumway(1)"",""Jeffrey Shumway(2)"",""Jeffrey Shumway(3)"",""Jeffrey Shumway(4)"",""Jeffrey Shumway(5)"",""Jeffrey Shumway(6)"",""Jeffrey Shumway(7)""","""Jeffrey Shumway"""
Larimer,City of Fort Collins Councilmember - District 3,UPLOADED,55132,112-86-64,"""Steve Yurash(1)"",""Steve Yurash(2)"",""Steve Yurash(3)""","""Steve Yurash"""
Larimer,City of Fort Collins Mayor,UPLOADED,55133,112-86-66,"""Shirley Peel(1)"",""Emily Francis(2)"",""Jeffrey Shumway(3)"",""Adam Eggleston(6)"",""Scotty V VanTatenhove(7)""","""Shirley Peel"",""Emily Francis"",""Jeffrey Shumway"""
Larimer,City of Fort Collins Mayor,UPLOADED,55325,104-70-4,"""Tricia Canonico(1)"",""Emily Francis(2)"",""Adam Hirschhorn(6)"",""Adam Eggleston(7)""","""Tricia Canonico"",""Emily Francis"""
Larimer,City of Fort Collins Mayor,UPLOADED,55327,104-70-25,"""Tricia Canonico(1)"",""Emily Francis(7)""","""Tricia Canonico"""
Larimer,City of Fort Collins Mayor,UPLOADED,55328,104-70-93,"""Tricia Canonico(1)"",""Emily Francis(2)"",""Adam Eggleston(3)"",""Scotty V VanTatenhove(4)"",""Jeffrey Shumway(5)"",""Scotty V VanTatenhove(6)"",""Shirley Peel(7)""","""Tricia Canonico"",""Emily Francis"",""Adam Eggleston"",""Scotty V VanTatenhove"",""Jeffrey Shumway"""
Larimer,City of Fort Collins Mayor,UPLOADED,55330,104-70-41,"""Shirley Peel(1)"",""Tricia Canonico(2)"",""Emily Francis(3)"",""Adam Hirschhorn(4)"",""Scotty V VanTatenhove(5)"",""Jeffrey Shumway(6)"",""Adam Hirschhorn(7)""","""Shirley Peel"",""Tricia Canonico"",""Emily Francis"",""Adam Hirschhorn"",""Scotty V VanTatenhove"",""Jeffrey Shumway"""
Larimer,City of Fort Collins Mayor,UPLOADED,55423,105-93-74,"""Tricia Canonico(1)"",""Adam Eggleston(2)"",""Scotty V VanTatenhove(3)"",""Tricia Canonico(4)"",""Adam Hirschhorn(5)"",""Shirley Peel(6)"",""Jeffrey Shumway(7)""","""Tricia Canonico"",""Adam Eggleston"",""Scotty V VanTatenhove"""
Larimer,City of Fort Collins Mayor,UPLOADED,55424,105-93-77,"""Tricia Canonico(1)"",""Shirley Peel(2)"",""Emily Francis(3)"",""Adam Eggleston(4)"",""Jeffrey Shumway(5)"",""Scotty V VanTatenhove(6)"",""Jeffrey Shumway(7)""","""Tricia Canonico"",""Shirley Peel"",""Emily Francis"",""Adam Eggleston"",""Jeffrey Shumway"",""Scotty V VanTatenhove"""
Larimer,City of Fort Collins Mayor,UPLOADED,55425,105-93-62,"""Tricia Canonico(1)"",""Adam Hirschhorn(2)"",""Emily Francis(4)"",""Adam Eggleston(6)"",""Shirley Peel(7)"",""Jeffrey Shumway(7)"",""Scotty V VanTatenhove(7)""","""Tricia Canonico"",""Adam Hirschhorn"""
Larimer,City of Fort Collins Mayor,UPLOADED,55427,105-93-88,"""Emily Francis(1)"",""Adam Hirschhorn(2)"",""Tricia Canonico(3)"",""Jeffrey Shumway(4)"",""Adam Eggleston(5)"",""Jeffrey Shumway(6)"",""Scotty V VanTatenhove(7)""","""Emily Francis"",""Adam Hirschhorn"",""Tricia Canonico"",""Jeffrey Shumway"",""Adam Eggleston"""
Larimer,City of Fort Collins Mayor,UPLOADED,55429,105-93-53,"""Emily Francis(1)"",""Adam Eggleston(2)"",""Tricia Canonico(3)"",""Shirley Peel(4)"",""Scotty V VanTatenhove(6)"",""Adam Hirschhorn(7)""","""Emily Francis"",""Adam Eggleston"",""Tricia Canonico"",""Shirley Peel"""
Larimer,City of Fort Collins Mayor,UPLOADED,55430,105-93-56,"""Emily Francis(1)"",""Tricia Canonico(2)"",""Shirley Peel(3)"",""Scotty V VanTatenhove(4)"",""Adam Eggleston(5)"",""Emily Francis(6)"",""Jeffrey Shumway(7)""","""Emily Francis"",""Tricia Canonico"",""Shirley Peel"",""Scotty V VanTatenhove"",""Adam Eggleston"""
Larimer,City of Fort Collins Mayor,UPLOADED,55528,110-66-59,"""Emily Francis(1)"",""Tricia Canonico(2)"",""Scotty V VanTatenhove(3)"",""Adam Hirschhorn(4)"",""Jeffrey Shumway(5)"",""Shirley Peel(6)"",""Adam Hirschhorn(7)""","""Emily Francis"",""Tricia Canonico"",""Scotty V VanTatenhove"",""Adam Hirschhorn"",""Jeffrey Shumway"",""Shirley Peel"""
Larimer,City of Fort Collins Mayor,UPLOADED,55529,110-66-8,"""Tricia Canonico(1)"",""Adam Eggleston(2)"",""Adam Hirschhorn(3)"",""Jeffrey Shumway(4)"",""Tricia Canonico(5)"",""Adam Hirschhorn(6)"",""Scotty V VanTatenhove(7)""","""Tricia Canonico"",""Adam Eggleston"",""Adam Hirschhorn"",""Jeffrey Shumway"""
Larimer,City of Fort Collins Mayor,UPLOADED,55530,110-66-72,"""Emily Francis(1)"",""Tricia Canonico(2)"",""Shirley Peel(3)"",""Adam Hirschhorn(4)"",""Jeffrey Shumway(5)"",""Scotty V VanTatenhove(6)"",""Jeffrey Shumway(7)""","""Emily Francis"",""Tricia Canonico"",""Shirley Peel"",""Adam Hirschhorn"",""Jeffrey Shumway"",""Scotty V VanTatenhove"""
Larimer,City of Fort Collins Mayor,UPLOADED,55626,111-64-32,"""Scotty V VanTatenhove(1)"",""Adam Eggleston(2)"",""Emily Francis(3)"",""Adam Hirschhorn(4)"",""Adam Eggleston(5)"",""Shirley Peel(6)"",""Jeffrey Shumway(7)""","""Scotty V VanTatenhove"",""Adam Eggleston"",""Emily Francis"",""Adam Hirschhorn"""
Larimer,City of Fort Collins Mayor,UPLOADED,55627,111-64-84,"""Jeffrey Shumway(1)"",""Adam Eggleston(2)"",""Adam Hirschhorn(3)"",""Shirley Peel(4)"",""Emily Francis(5)"",""Jeffrey Shumway(6)"",""Emily Francis(7)""","""Jeffrey Shumway"",""Adam Eggleston"",""Adam Hirschhorn"",""Shirley Peel"",""Emily Francis"""
Larimer,City of Fort Collins Mayor,UPLOADED,56424,103-65-61,"""Jeffrey Shumway(1)"",""Shirley Peel(2)"",""Emily Francis(7)""","""Jeffrey Shumway"",""Shirley Peel"""
Larimer,City of Fort Collins Mayor,UPLOADED,56425,103-65-62,"""Jeffrey Shumway(1)"",""Shirley Peel(2)"",""Emily Francis(7)""","""Jeffrey Shumway"",""Shirley Peel"""
Larimer,City of Fort Collins Mayor,UPLOADED,56426,103-65-13,"""Tricia Canonico(1)"",""Emily Francis(2)"",""Jeffrey Shumway(3)"",""Scotty V VanTatenhove(4)"",""Shirley Peel(5)"",""Adam Hirschhorn(6)"",""Emily Francis(7)""","""Tricia Canonico"",""Emily Francis"",""Jeffrey Shumway"",""Scotty V VanTatenhove"",""Shirley Peel"",""Adam Hirschhorn"""
Larimer,City of Fort Collins Mayor,UPLOADED,56427,103-65-51,"""Scotty V VanTatenhove(1)"",""Jeffrey Shumway(2)"",""Tricia Canonico(4)"",""Adam Eggleston(4)"",""Emily Francis(5)"",""Adam Hirschhorn(6)"",""Shirley Peel(7)""","""Scotty V VanTatenhove"",""Jeffrey Shumway"""
Larimer,City of Fort Collins Mayor,UPLOADED,56429,103-65-75,"""Scotty V VanTatenhove(1)"",""Jeffrey Shumway(2)"",""Tricia Canonico(4)"",""Adam Eggleston(4)"",""Emily Francis(5)"",""Adam Hirschhorn(6)"",""Shirley Peel(7)""","""Scotty V VanTatenhove"",""Jeffrey Shumway"""
Larimer,City of Fort Collins Mayor,UPLOADED,57830,112-91-67,"""Adam Eggleston(1)"",""Shirley Peel(7)""","""Adam Eggleston"""
Larimer,City of Fort Collins Mayor,UPLOADED,57831,112-91-69,"""Adam Eggleston(1)"",""Tricia Canonico(2)"",""Emily Francis(3)"",""Adam Hirschhorn(4)"",""Shirley Peel(5)"",""Scotty V VanTatenhove(6)"",""Adam Hirschhorn(7)""","""Adam Eggleston"",""Tricia Canonico"",""Emily Francis"",""Adam Hirschhorn"",""Shirley Peel"",""Scotty V VanTatenhove"""
Larimer,City of Fort Collins Mayor,UPLOADED,57832,112-91-1,"""Emily Francis(1)"",""Tricia Canonico(2)"",""Adam Hirschhorn(3)"",""Shirley Peel(4)"",""Scotty V VanTatenhove(5)"",""Jeffrey Shumway(6)"",""Adam Hirschhorn(7)""","""Emily Francis"",""Tricia Canonico"",""Adam Hirschhorn"",""Shirley Peel"",""Scotty V VanTatenhove"",""Jeffrey Shumway"""
Larimer,City of Fort Collins Mayor,UPLOADED,57833,112-91-64,"""Emily Francis(1)"",""Adam Eggleston(2)"",""Emily Francis(3)"",""Tricia Canonico(4)""","""Emily Francis"",""Adam Eggleston"""
Larimer,City of Fort Collins Mayor,UPLOADED,57834,112-91-79,"""Shirley Peel(1)"",""Jeffrey Shumway(2)"",""Adam Eggleston(3)"",""Tricia Canonico(4)"",""Emily Francis(5)"",""Scotty V VanTatenhove(6)"",""Jeffrey Shumway(7)""","""Shirley Peel"",""Jeffrey Shumway"",""Adam Eggleston"",""Tricia Canonico"",""Emily Francis"",""Scotty V VanTatenhove"""
Larimer,City of Fort Collins Mayor,UPLOADED,57938,106-94-74,"""Scotty V VanTatenhove(1)"",""Shirley Peel(2)"",""Tricia Canonico(3)"",""Emily Francis(4)"",""Adam Eggleston(5)"",""Adam Hirschhorn(6)"",""Scotty V VanTatenhove(7)""","""Scotty V VanTatenhove"",""Shirley Peel"",""Tricia Canonico"",""Emily Francis"",""Adam Eggleston"",""Adam Hirschhorn"""
Larimer,City of Fort Collins Mayor,UPLOADED,57941,106-94-21,"""Tricia Canonico(1)"",""Shirley Peel(1)"",""Adam Eggleston(2)"",""Emily Francis(4)"",""Adam Hirschhorn(5)"",""Jeffrey Shumway(6)"",""Scotty V VanTatenhove(7)""",""
Larimer,City of Fort Collins Mayor,UPLOADED,58039,109-72-7,"""Shirley Peel(1)"",""Jeffrey Shumway(2)"",""Adam Eggleston(3)"",""Emily Francis(7)""","""Shirley Peel"",""Jeffrey Shumway"",""Adam Eggleston"""
Larimer,City of Fort Collins Mayor,UPLOADED,58235,111-70-64,"""Jeffrey Shumway(1)"",""Shirley Peel(2)"",""Tricia Canonico(3)"",""Emily Francis(4)"",""Adam Eggleston(5)"",""Scotty V VanTatenhove(6)"",""Jeffrey Shumway(7)""","""Jeffrey Shumway"",""Shirley Peel"",""Tricia Canonico"",""Emily Francis"",""Adam Eggleston"",""Scotty V VanTatenhove"""
Larimer,City of Fort Collins Mayor,UPLOADED,58237,111-70-97,"""Shirley Peel(1)"",""Adam Eggleston(2)"",""Jeffrey Shumway(3)"",""Jeffrey Shumway(4)"",""Adam Hirschhorn(5)"",""Tricia Canonico(6)"",""Emily Francis(7)""","""Shirley Peel"",""Adam Eggleston"",""Jeffrey Shumway"""
Larimer,City of Fort Collins Mayor,UPLOADED,58240,111-70-53,"""Tricia Canonico(1)"",""Emily Francis(2)"",""Adam Hirschhorn(3)"",""Scotty V VanTatenhove(4)"",""Jeffrey Shumway(5)"",""Adam Eggleston(6)"",""Adam Hirschhorn(7)""","""Tricia Canonico"",""Emily Francis"",""Adam Hirschhorn"",""Scotty V VanTatenhove"",""Jeffrey Shumway"",""Adam Eggleston"""
Larimer,City of Fort Collins Mayor,UPLOADED,58329,105-97-13,"""Jeffrey Shumway(1)"",""Jeffrey Shumway(2)"",""Jeffrey Shumway(3)"",""Jeffrey Shumway(4)"",""Jeffrey Shumway(5)"",""Jeffrey Shumway(6)"",""Jeffrey Shumway(7)""","""Jeffrey Shumway"""
Larimer,City of Fort Collins Mayor,UPLOADED,58330,105-97-17,"""Jeffrey Shumway(1)"",""Jeffrey Shumway(2)"",""Jeffrey Shumway(3)"",""Jeffrey Shumway(4)"",""Jeffrey Shumway(5)"",""Jeffrey Shumway(6)"",""Jeffrey Shumway(7)""","""Jeffrey Shumway"""
Larimer,City of Fort Collins Councilmember - District 3,UPLOADED,58335,105-97-45,"""Josh Fudge(2)""",""
Larimer,City of Fort Collins Mayor,UPLOADED,58337,105-97-53,"""Tricia Canonico(1)"",""Shirley Peel(1)"",""Jeffrey Shumway(1)"",""Scotty V VanTatenhove(1)"",""Emily Francis(2)"",""Adam Hirschhorn(3)"",""Adam Eggleston(7)""",""
Larimer,City of Fort Collins Mayor,UPLOADED,58338,105-97-55,"""Jeffrey Shumway(1)"",""Tricia Canonico(7)"",""Adam Eggleston(7)"",""Emily Francis(7)"",""Adam Hirschhorn(7)"",""Shirley Peel(7)"",""Scotty V VanTatenhove(7)""","""Jeffrey Shumway"""
Larimer,City of Fort Collins Mayor,UPLOADED,58339,105-97-100,"""Adam Eggleston(1)"",""Adam Hirschhorn(2)"",""Adam Eggleston(3)""","""Adam Eggleston"",""Adam Hirschhorn"""
Larimer,City of Fort Collins Mayor,UPLOADED,58340,105-97-37,"""Scotty V VanTatenhove(1)"",""Emily Francis(2)"",""Emily Francis(3)"",""Tricia Canonico(4)"",""Shirley Peel(5)"",""Emily Francis(6)"",""Jeffrey Shumway(7)""","""Scotty V VanTatenhove"",""Emily Francis"""
Larimer,City of Fort Collins Mayor,UPLOADED,58535,110-70-23,"""Emily Francis(1)"",""Shirley Peel(2)"",""Tricia Canonico(3)"",""Jeffrey Shumway(4)"",""Emily Francis(5)"",""Adam Eggleston(6)"",""Scotty V VanTatenhove(7)""","""Emily Francis"",""Shirley Peel"",""Tricia Canonico"",""Jeffrey Shumway"""
Larimer,City of Fort Collins Mayor,UPLOADED,58536,110-70-13,"""Scotty V VanTatenhove(1)"",""Tricia Canonico(2)"",""Adam Eggleston(3)"",""Shirley Peel(4)"",""Emily Francis(5)"",""Shirley Peel(6)"",""Adam Hirschhorn(7)""","""Scotty V VanTatenhove"",""Tricia Canonico"",""Adam Eggleston"",""Shirley Peel"",""Emily Francis"""
Larimer,City of Fort Collins Mayor,UPLOADED,58537,110-70-11,"""Emily Francis(1)"",""Jeffrey Shumway(2)"",""Emily Francis(3)""","""Emily Francis"",""Jeffrey Shumway"""
Larimer,City of Fort Collins Mayor,UPLOADED,58539,110-70-70,"""Emily Francis(1)"",""Tricia Canonico(2)"",""Scotty V VanTatenhove(3)"",""Shirley Peel(4)"",""Adam Hirschhorn(5)"",""Shirley Peel(6)"",""Jeffrey Shumway(7)""","""Emily Francis"",""Tricia Canonico"",""Scotty V VanTatenhove"",""Shirley Peel"",""Adam Hirschhorn"""
Larimer,City of Fort Collins Mayor,UPLOADED,58540,110-70-49,"""Emily Francis(1)"",""Tricia Canonico(2)"",""Emily Francis(3)"",""Adam Hirschhorn(4)"",""Adam Eggleston(5)"",""Jeffrey Shumway(6)"",""Scotty V VanTatenhove(7)""","""Emily Francis"",""Tricia Canonico"""
Larimer,City of Fort Collins Mayor,UPLOADED,58631,104-75-76,"""Shirley Peel(1)"",""Jeffrey Shumway(2)"",""Adam Eggleston(3)"",""Tricia Canonico(4)"",""Emily Francis(5)"",""Jeffrey Shumway(6)"",""Adam Hirschhorn(7)""","""Shirley Peel"",""Jeffrey Shumway"",""Adam Eggleston"",""Tricia Canonico"",""Emily Francis"""
Larimer,City of Fort Collins Mayor,UPLOADED,58632,104-75-71,"""Tricia Canonico(1)"",""Adam Eggleston(2)"",""Emily Francis(3)"",""Jeffrey Shumway(5)"",""Shirley Peel(6)"",""Scotty V VanTatenhove(7)""","""Tricia Canonico"",""Adam Eggleston"",""Emily Francis"""
Larimer,City of Fort Collins Mayor,UPLOADED,58635,104-75-93,"""Emily Francis(1)"",""Shirley Peel(2)"",""Tricia Canonico(3)"",""Tricia Canonico(4)"",""Adam Hirschhorn(5)"",""Jeffrey Shumway(6)"",""Scotty V VanTatenhove(7)""","""Emily Francis"",""Shirley Peel"",""Tricia Canonico"""
Larimer,City of Fort Collins Mayor,UPLOADED,58636,104-75-80,"""Jeffrey Shumway(1)"",""Tricia Canonico(2)"",""Emily Francis(3)"",""Shirley Peel(4)"",""Adam Eggleston(5)"",""Scotty V VanTatenhove(6)"",""Emily Francis(7)"",""Adam Hirschhorn(7)""","""Jeffrey Shumway"",""Tricia Canonico"",""Emily Francis"",""Shirley Peel"",""Adam Eggleston"",""Scotty V VanTatenhove"",""Adam Hirschhorn"""
Larimer,City of Fort Collins Mayor,UPLOADED,58637,104-75-29,"""Jeffrey Shumway(1)"",""Shirley Peel(2)"",""Adam Hirschhorn(3)"",""Emily Francis(4)"",""Adam Eggleston(5)"",""Adam Hirschhorn(6)"",""Tricia Canonico(7)""","""Jeffrey Shumway"",""Shirley Peel"",""Adam Hirschhorn"",""Emily Francis"",""Adam Eggleston"""
Larimer,City of Fort Collins Councilmember - District 3,UPLOADED,58637,104-75-29,"""Lance Smith(2)"",""Steve Yurash(3)""",""
Larimer,City of Fort Collins Mayor,UPLOADED,58639,104-75-20,"""Jeffrey Shumway(1)"",""Jeffrey Shumway(2)"",""Jeffrey Shumway(3)"",""Jeffrey Shumway(4)"",""Jeffrey Shumway(5)"",""Jeffrey Shumway(6)"",""Jeffrey Shumway(7)""","""Jeffrey Shumway"""
Larimer,City of Fort Collins Councilmember - District 3,UPLOADED,58639,104-75-20,"""Steve Yurash(1)"",""Steve Yurash(2)"",""Steve Yurash(3)""","""Steve Yurash"""
Larimer,City of Fort Collins Mayor,UPLOADED,58640,104-75-85,"""Tricia Canonico(7)"",""Adam Eggleston(7)"",""Emily Francis(7)"",""Adam Hirschhorn(7)"",""Shirley Peel(7)"",""Jeffrey Shumway(7)"",""Scotty V VanTatenhove(7)""",""
Larimer,City of Fort Collins Councilmember - District 3,UPLOADED,58640,104-75-85,"""Josh Fudge(3)"",""Lance Smith(3)"",""Steve Yurash(3)""",""
Larimer,City of Fort Collins Mayor,UPLOADED,58938,106-96-23,"""Tricia Canonico(1)"",""Adam Hirschhorn(2)"",""Scotty V VanTatenhove(3)"",""Emily Francis(4)"",""Adam Hirschhorn(5)"",""Shirley Peel(6)"",""Jeffrey Shumway(7)""","""Tricia Canonico"",""Adam Hirschhorn"",""Scotty V VanTatenhove"",""Emily Francis"""
Larimer,City of Fort Collins Mayor,UPLOADED,58940,106-96-80,"""Tricia Canonico(1)"",""Emily Francis(2)"",""Shirley Peel(6)"",""Adam Hirschhorn(7)""","""Tricia Canonico"",""Emily Francis"""
Larimer,City of Fort Collins Mayor,UPLOADED,59230,103-68-35,"""Shirley Peel(1)"",""Shirley Peel(2)"",""Shirley Peel(3)"",""Shirley Peel(4)"",""Shirley Peel(5)"",""Shirley Peel(6)"",""Shirley Peel(7)""","""Shirley Peel"""
Larimer,City of Fort Collins Mayor,UPLOADED,59231,103-68-92,"""Tricia Canonico(1)"",""Shirley Peel(2)"",""Emily Francis(3)"",""Shirley Peel(4)"",""Adam Hirschhorn(5)"",""Scotty V VanTatenhove(6)"",""Jeffrey Shumway(7)""","""Tricia Canonico"",""Shirley Peel"",""Emily Francis"""
Larimer,City of Fort Collins Mayor,UPLOADED,59233,103-68-90,"""Shirley Peel(1)"",""Tricia Canonico(2)"",""Emily Francis(3)"",""Jeffrey Shumway(4)"",""Adam Eggleston(5)"",""Adam Eggleston(6)"",""Scotty V VanTatenhove(7)""","""Shirley Peel"",""Tricia Canonico"",""Emily Francis"",""Jeffrey Shumway"",""Adam Eggleston"""
Larimer,City of Fort Collins Mayor,UPLOADED,59234,103-68-28,"""Jeffrey Shumway(1)"",""Adam Eggleston(3)"",""Scotty V VanTatenhove(4)"",""Tricia Canonico(5)"",""Emily Francis(6)"",""Adam Hirschhorn(7)""","""Jeffrey Shumway"""
Larimer,City of Fort Collins Mayor,UPLOADED,59235,103-68-43,"""Emily Francis(1)"",""Emily Francis(2)"",""Tricia Canonico(3)"",""Adam Hirschhorn(4)"",""Shirley Peel(5)"",""Adam Eggleston(6)""","""Emily Francis"""
Larimer,City of Fort Collins Mayor,UPLOADED,59237,103-68-42,"""Emily Francis(1)"",""Tricia Canonico(2)"",""Scotty V VanTatenhove(3)"",""Shirley Peel(4)"",""Adam Hirschhorn(5)"",""Adam Eggleston(6)"",""Adam Hirschhorn(7)""","""Emily Francis"",""Tricia Canonico"",""Scotty V VanTatenhove"",""Shirley Peel"",""Adam Hirschhorn"",""Adam Eggleston"""
Larimer,City of Fort Collins Mayor,UPLOADED,59333,112-93-29,"""Jeffrey Shumway(1)"",""Adam Eggleston(2)"",""Shirley Peel(3)"",""Emily Francis(4)"",""Adam Hirschhorn(5)"",""Shirley Peel(6)"",""Scotty V VanTatenhove(7)""","""Jeffrey Shumway"",""Adam Eggleston"",""Shirley Peel"",""Emily Francis"",""Adam Hirschhorn"""
Larimer,City of Fort Collins Mayor,UPLOADED,59334,112-93-1,"""Scotty V VanTatenhove(1)"",""Tricia Canonico(2)"",""Adam Eggleston(3)"",""Shirley Peel(4)"",""Jeffrey Shumway(5)"",""Adam Hirschhorn(6)"",""Adam Hirschhorn(7)""","""Scotty V VanTatenhove"",""Tricia Canonico"",""Adam Eggleston"",""Shirley Peel"",""Jeffrey Shumway"",""Adam Hirschhorn"""
Larimer,City of Fort Collins Mayor,UPLOADED,59335,112-93-6,"""Jeffrey Shumway(1)"",""Adam Hirschhorn(2)"",""Emily Francis(3)"",""Tricia Canonico(4)"",""Adam Eggleston(5)"",""Tricia Canonico(6)"",""Scotty V VanTatenhove(7)""","""Jeffrey Shumway"",""Adam Hirschhorn"",""Emily Francis"",""Tricia Canonico"",""Adam Eggleston"""
Larimer,City of Fort Collins Mayor,UPLOADED,59336,112-93-68,"""Jeffrey Shumway(1)"",""Jeffrey Shumway(2)"",""Shirley Peel(3)""","""Jeffrey Shumway"""
Larimer,City of Fort Collins Mayor,UPLOADED,59337,112-93-28,"""Jeffrey Shumway(1)"",""Adam Eggleston(2)"",""Shirley Peel(3)"",""Emily Francis(4)"",""Adam Hirschhorn(5)"",""Shirley Peel(6)"",""Scotty V VanTatenhove(7)""","""Jeffrey Shumway"",""Adam Eggleston"",""Shirley Peel"",""Emily Francis"",""Adam Hirschhorn"""
Larimer,City of Fort Collins Mayor,UPLOADED,59532,105-99-49,"""Adam Hirschhorn(1)"",""Adam Eggleston(2)"",""Shirley Peel(3)"",""Adam Hirschhorn(4)"",""Scotty V VanTatenhove(5)"",""Tricia Canonico(6)"",""Adam Hirschhorn(7)""","""Adam Hirschhorn"",""Adam Eggleston"",""Shirley Peel"""
Larimer,City of Fort Collins Mayor,UPLOADED,59533,105-99-56,"""Tricia Canonico(1)"",""Emily Francis(2)"",""Shirley Peel(3)"",""Scotty V VanTatenhove(7)""","""Tricia Canonico"",""Emily Francis"",""Shirley Peel"""
Larimer,City of Fort Collins Mayor,UPLOADED,59534,105-99-62,"""Tricia Canonico(1)"",""Emily Francis(2)"",""Shirley Peel(3)"",""Scotty V VanTatenhove(7)""","""Tricia Canonico"",""Emily Francis"",""Shirley Peel"""
Larimer,City of Fort Collins Mayor,UPLOADED,59536,105-99-16,"""Adam Eggleston(1)"",""Scotty V VanTatenhove(2)"",""Jeffrey Shumway(3)"",""Adam Hirschhorn(7)""","""Adam Eggleston"",""Scotty V VanTatenhove"",""Jeffrey Shumway"""
Larimer,City of Fort Collins Mayor,UPLOADED,59730,111-72-4,"""Tricia Canonico(1)"",""Emily Francis(2)"",""Adam Eggleston(3)"",""Scotty V VanTatenhove(6)""","""Tricia Canonico"",""Emily Francis"",""Adam Eggleston"""
Larimer,City of Fort Collins Mayor,UPLOADED,59731,111-72-72,"""Tricia Canonico(1)"",""Shirley Peel(2)"",""Adam Hirschhorn(3)"",""Emily Francis(4)"",""Scotty V VanTatenhove(5)"",""Adam Hirschhorn(6)"",""Jeffrey Shumway(7)""","""Tricia Canonico"",""Shirley Peel"",""Adam Hirschhorn"",""Emily Francis"",""Scotty V VanTatenhove"""
Larimer,City of Fort Collins Mayor,UPLOADED,59732,111-72-90,"""Adam Hirschhorn(1)"",""Adam Hirschhorn(2)"",""Adam Hirschhorn(3)"",""Adam Hirschhorn(4)"",""Adam Hirschhorn(5)"",""Adam Hirschhorn(6)"",""Adam Hirschhorn(7)""","""Adam Hirschhorn"""
Larimer,City of Fort Collins Mayor,UPLOADED,59932,106-98-29,"""Emily Francis(1)"",""Tricia Canonico(2)"",""Jeffrey Shumway(3)"",""Scotty V VanTatenhove(4)"",""Adam Eggleston(5)"",""Jeffrey Shumway(6)"",""Adam Hirschhorn(7)""","""Emily Francis"",""Tricia Canonico"",""Jeffrey Shumway"",""Scotty V VanTatenhove"",""Adam Eggleston"""
Larimer,City of Fort Collins Mayor,UPLOADED,59933,106-98-14,"""Emily Francis(1)"",""Tricia Canonico(2)"",""Shirley Peel(3)"",""Scotty V VanTatenhove(4)"",""Adam Eggleston(5)"",""Adam Hirschhorn(6)"",""Shirley Peel(7)""","""Emily Francis"",""Tricia Canonico"",""Shirley Peel"",""Scotty V VanTatenhove"",""Adam Eggleston"",""Adam Hirschhorn"""
Larimer,City of Fort Collins Mayor,UPLOADED,59934,106-98-33,"""Emily Francis(1)"",""Tricia Canonico(2)"",""Shirley Peel(3)"",""Adam Hirschhorn(4)"",""Scotty V VanTatenhove(5)"",""Adam Hirschhorn(6)"",""Jeffrey Shumway(7)""","""Emily Francis"",""Tricia Canonico"",""Shirley Peel"",""Adam Hirschhorn"",""Scotty V VanTatenhove"""
Larimer,City of Fort Collins Mayor,UPLOADED,59936,106-98-42,"""Scotty V VanTatenhove(1)"",""Shirley Peel(2)"",""Emily Francis(3)"",""Tricia Canonico(5)"",""Adam Eggleston(6)"",""Jeffrey Shumway(7)""","""Scotty V VanTatenhove"",""Shirley Peel"",""Emily Francis"""
Larimer,City of Fort Collins Mayor,UPLOADED,61930,103-70-54,"""Shirley Peel(1)"",""Shirley Peel(2)"",""Shirley Peel(3)"",""Shirley Peel(4)"",""Shirley Peel(5)"",""Shirley Peel(6)"",""Shirley Peel(7)""","""Shirley Peel"""
Larimer,City of Fort Collins Councilmember - District 3,UPLOADED,61930,103-70-54,"""Steve Yurash(1)"",""Steve Yurash(2)"",""Steve Yurash(3)""","""Steve Yurash"""
Larimer,City of Fort Collins Mayor,UPLOADED,64340,110-77-2,"""Tricia Canonico(1)"",""Emily Francis(2)"",""Adam Eggleston(7)""","""Tricia Canonico"",""Emily Francis"""
Larimer,City of Fort Collins Mayor,UPLOADED,64543,112-100-33,"""Adam Hirschhorn(1)"",""Adam Eggleston(2)"",""Jeffrey Shumway(3)"",""Adam Hirschhorn(4)"",""Emily Francis(5)"",""Tricia Canonico(6)"",""Shirley Peel(7)""","""Adam Hirschhorn"",""Adam Eggleston"",""Jeffrey Shumway"""
Larimer,City of Fort Collins Mayor,UPLOADED,64544,112-100-25,"""Tricia Canonico(1)"",""Scotty V VanTatenhove(2)"",""Emily Francis(3)"",""Shirley Peel(5)"",""Jeffrey Shumway(6)"",""Adam Hirschhorn(7)""","""Tricia Canonico"",""Scotty V VanTatenhove"",""Emily Francis"""
Larimer,City of Fort Collins Mayor,UPLOADED,64545,112-100-28,"""Scotty V VanTatenhove(1)"",""Shirley Peel(2)"",""Adam Hirschhorn(3)"",""Emily Francis(4)"",""Shirley Peel(5)"",""Adam Eggleston(6)"",""Tricia Canonico(7)""","""Scotty V VanTatenhove"",""Shirley Peel"",""Adam Hirschhorn"",""Emily Francis"""
Larimer,City of Fort Collins Mayor,UPLOADED,64546,112-100-37,"""Emily Francis(1)"",""Tricia Canonico(2)"",""Shirley Peel(2)""","""Emily Francis"""
Larimer,City of Fort Collins Councilmember - District 3,UPLOADED,64549,112-100-30,"""Steve Yurash(1)"",""Steve Yurash(2)"",""Steve Yurash(3)""","""Steve Yurash"""
Larimer,City of Fort Collins Councilmember - District 3,UPLOADED,64749,111-83-91,"""Lance Smith(1)"",""Lance Smith(2)""","""Lance Smith"""
Larimer,City of Fort Collins Mayor,UPLOADED,73692,105-120-96,"""Shirley Peel(1)"",""Emily Francis(6)"",""Tricia Canonico(7)""","""Shirley Peel"""
Larimer,City of Fort Collins Mayor,UPLOADED,64846,106-106-6,"""Emily Francis(1)"",""Tricia Canonico(2)"",""Shirley Peel(3)"",""Adam Eggleston(4)"",""Scotty V VanTatenhove(5)"",""Jeffrey Shumway(6)"",""Shirley Peel(7)""","""Emily Francis"",""Tricia Canonico"",""Shirley Peel"",""Adam Eggleston"",""Scotty V VanTatenhove"",""Jeffrey Shumway"""
Larimer,City of Fort Collins Mayor,UPLOADED,64847,106-106-4,"""Emily Francis(1)"",""Tricia Canonico(2)"",""Adam Eggleston(3)"",""Shirley Peel(4)"",""Scotty V VanTatenhove(5)"",""Emily Francis(6)"",""Adam Eggleston(7)""","""Emily Francis"",""Tricia Canonico"",""Adam Eggleston"",""Shirley Peel"",""Scotty V VanTatenhove"""
Larimer,City of Fort Collins Mayor,UPLOADED,64850,106-106-85,"""Shirley Peel(1)"",""Emily Francis(2)"",""Adam Eggleston(3)"",""Adam Hirschhorn(4)"",""Tricia Canonico(5)"",""Scotty V VanTatenhove(6)"",""Adam Eggleston(7)""","""Shirley Peel"",""Emily Francis"",""Adam Eggleston"",""Adam Hirschhorn"",""Tricia Canonico"",""Scotty V VanTatenhove"""
Larimer,City of Fort Collins Mayor,UPLOADED,65049,109-83-100,"""Tricia Canonico(1)"",""Emily Francis(2)"",""Shirley Peel(3)"",""Jeffrey Shumway(4)"",""Scotty V VanTatenhove(5)"",""Jeffrey Shumway(6)"",""Adam Eggleston(7)""","""Tricia Canonico"",""Emily Francis"",""Shirley Peel"",""Jeffrey Shumway"",""Scotty V VanTatenhove"""
Larimer,City of Fort Collins Mayor,UPLOADED,65050,109-83-52,"""Tricia Canonico(1)"",""Emily Francis(2)"",""Adam Eggleston(3)"",""Adam Hirschhorn(4)"",""Jeffrey Shumway(5)"",""Adam Hirschhorn(6)"",""Scotty V VanTatenhove(7)""","""Tricia Canonico"",""Emily Francis"",""Adam Eggleston"",""Adam Hirschhorn"",""Jeffrey Shumway"""
Larimer,City of Fort Collins Mayor,UPLOADED,65051,109-83-83,"""Tricia Canonico(1)"",""Emily Francis(2)"",""Adam Hirschhorn(3)"",""Scotty V VanTatenhove(5)"",""Shirley Peel(6)"",""Adam Eggleston(7)""","""Tricia Canonico"",""Emily Francis"",""Adam Hirschhorn"""
Larimer,City of Fort Collins Mayor,UPLOADED,65052,109-83-2,"""Emily Francis(1)"",""Shirley Peel(2)"",""Tricia Canonico(3)"",""Adam Hirschhorn(4)"",""Adam Hirschhorn(5)"",""Scotty V VanTatenhove(6)"",""Jeffrey Shumway(7)""","""Emily Francis"",""Shirley Peel"",""Tricia Canonico"",""Adam Hirschhorn"""
Larimer,City of Fort Collins Mayor,UPLOADED,65145,110-79-29,"""Shirley Peel(1)"",""Scotty V VanTatenhove(2)"",""Tricia Canonico(3)"",""Adam Eggleston(4)"",""Jeffrey Shumway(5)"",""Adam Hirschhorn(6)"",""Tricia Canonico(7)""","""Shirley Peel"",""Scotty V VanTatenhove"",""Tricia Canonico"",""Adam Eggleston"",""Jeffrey Shumway"",""Adam Hirschhorn"""
Larimer,City of Fort Collins Mayor,UPLOADED,65146,110-79-88,"""Adam Eggleston(1)"",""Adam Hirschhorn(2)"",""Shirley Peel(3)"",""Jeffrey Shumway(4)"",""Shirley Peel(5)"",""Emily Francis(6)"",""Tricia Canonico(7)""","""Adam Eggleston"",""Adam Hirschhorn"",""Shirley Peel"",""Jeffrey Shumway"""
Larimer,City of Fort Collins Mayor,UPLOADED,65148,110-79-96,"""Tricia Canonico(1)"",""Emily Francis(2)"",""Adam Hirschhorn(4)"",""Jeffrey Shumway(5)"",""Scotty V VanTatenhove(6)"",""Shirley Peel(7)""","""Tricia Canonico"",""Emily Francis"""
Larimer,City of Fort Collins Mayor,UPLOADED,65149,110-79-1,"""Emily Francis(2)"",""Shirley Peel(3)"",""Adam Eggleston(4)"",""Scotty V VanTatenhove(5)"",""Adam Hirschhorn(6)"",""Jeffrey Shumway(7)""",""
Larimer,City of Fort Collins Mayor,UPLOADED,65150,110-79-17,"""Tricia Canonico(1)"",""Emily Francis(2)"",""Shirley Peel(3)"",""Adam Hirschhorn(5)"",""Jeffrey Shumway(6)"",""Scotty V VanTatenhove(7)""","""Tricia Canonico"",""Emily Francis"",""Shirley Peel"""
Larimer,City of Fort Collins Mayor,UPLOADED,65151,110-79-44,"""Tricia Canonico(1)"",""Emily Francis(2)"",""Adam Eggleston(3)"",""Emily Francis(4)""","""Tricia Canonico"",""Emily Francis"",""Adam Eggleston"""
Larimer,City of Fort Collins Mayor,UPLOADED,65152,110-79-21,"""Emily Francis(1)"",""Tricia Canonico(2)"",""Shirley Peel(3)"",""Adam Eggleston(4)"",""Scotty V VanTatenhove(5)"",""Jeffrey Shumway(7)""","""Emily Francis"",""Tricia Canonico"",""Shirley Peel"",""Adam Eggleston"",""Scotty V VanTatenhove"""
Larimer,City of Fort Collins Mayor,UPLOADED,65349,104-82-90,"""Emily Francis(1)"",""Tricia Canonico(3)"",""Adam Eggleston(4)"",""Adam Hirschhorn(5)"",""Scotty V VanTatenhove(6)"",""Jeffrey Shumway(7)""","""Emily Francis"""
Larimer,City of Fort Collins Mayor,UPLOADED,65350,104-82-1,"""Tricia Canonico(1)"",""Shirley Peel(7)""","""Tricia Canonico"""
Larimer,City of Fort Collins Councilmember - District 1,UPLOADED,65352,104-82-43,"""Daisy Montgomery(1)"",""Susan Gutowsky(2)"",""Daisy Montgomery(3)""","""Daisy Montgomery"",""Susan Gutowsky"""
Larimer,City of Fort Collins Mayor,UPLOADED,65449,103-74-48,"""Tricia Canonico(1)"",""Emily Francis(2)"",""Scotty V VanTatenhove(3)"",""Shirley Peel(4)"",""Jeffrey Shumway(5)"",""Adam Hirschhorn(6)"",""Scotty V VanTatenhove(7)""","""Tricia Canonico"",""Emily Francis"",""Scotty V VanTatenhove"",""Shirley Peel"",""Jeffrey Shumway"",""Adam Hirschhorn"""
Larimer,City of Fort Collins Mayor,UPLOADED,65450,103-74-17,"""Emily Francis(1)"",""Shirley Peel(2)"",""Tricia Canonico(3)"",""Adam Eggleston(4)"",""Scotty V VanTatenhove(5)"",""Scotty V VanTatenhove(6)"",""Adam Hirschhorn(7)""","""Emily Francis"",""Shirley Peel"",""Tricia Canonico"",""Adam Eggleston"",""Scotty V VanTatenhove"""
Larimer,City of Fort Collins Mayor,UPLOADED,65451,103-74-34,"""Shirley Peel(1)"",""Scotty V VanTatenhove(2)"",""Jeffrey Shumway(3)"",""Emily Francis(4)"",""Tricia Canonico(5)"",""Adam Hirschhorn(6)"",""Emily Francis(7)""","""Shirley Peel"",""Scotty V VanTatenhove"",""Jeffrey Shumway"",""Emily Francis"",""Tricia Canonico"",""Adam Hirschhorn"""
Larimer,City of Fort Collins Mayor,UPLOADED,65664,112-102-76,"""Emily Francis(1)"",""Adam Eggleston(2)"",""Adam Hirschhorn(3)"",""Tricia Canonico(4)"",""Adam Hirschhorn(5)"",""Jeffrey Shumway(6)"",""Scotty V VanTatenhove(7)""","""Emily Francis"",""Adam Eggleston"",""Adam Hirschhorn"",""Tricia Canonico"""
Larimer,City of Fort Collins Mayor,UPLOADED,65974,111-85-30,"""Tricia Canonico(1)"",""Emily Francis(2)"",""Scotty V VanTatenhove(3)"",""Adam Hirschhorn(5)"",""Shirley Peel(6)"",""Jeffrey Shumway(7)""","""Tricia Canonico"",""Emily Francis"",""Scotty V VanTatenhove"""
Larimer,City of Fort Collins Mayor,UPLOADED,65975,111-85-63,"""Tricia Canonico(1)"",""Emily Francis(2)"",""Shirley Peel(3)"",""Scotty V VanTatenhove(4)"",""Jeffrey Shumway(5)"",""Adam Eggleston(6)"",""Jeffrey Shumway(7)""","""Tricia Canonico"",""Emily Francis"",""Shirley Peel"",""Scotty V VanTatenhove"",""Jeffrey Shumway"",""Adam Eggleston"""
Larimer,City of Fort Collins Mayor,UPLOADED,65976,111-85-14,"""Emily Francis(1)"",""Adam Eggleston(2)"",""Scotty V VanTatenhove(3)"",""Adam Hirschhorn(5)"",""Shirley Peel(6)"",""Jeffrey Shumway(7)""","""Emily Francis"",""Adam Eggleston"",""Scotty V VanTatenhove"""
Larimer,City of Fort Collins Mayor,UPLOADED,65977,111-85-87,"""Tricia Canonico(1)"",""Emily Francis(2)"",""Adam Eggleston(3)"",""Jeffrey Shumway(4)"",""Scotty V VanTatenhove(5)"",""Jeffrey Shumway(6)"",""Shirley Peel(7)""","""Tricia Canonico"",""Emily Francis"",""Adam Eggleston"",""Jeffrey Shumway"",""Scotty V VanTatenhove"""
Larimer,City of Fort Collins Mayor,UPLOADED,67675,106-112-37,"""Jeffrey Shumway(1)"",""Jeffrey Shumway(2)"",""Jeffrey Shumway(3)"",""Jeffrey Shumway(4)"",""Jeffrey Shumway(5)"",""Jeffrey Shumway(6)"",""Jeffrey Shumway(7)""","""Jeffrey Shumway"""
Larimer,City of Fort Collins Mayor,UPLOADED,67677,106-112-35,"""Emily Francis(1)"",""Tricia Canonico(2)"",""Emily Francis(3)"",""Adam Eggleston(4)"",""Scotty V VanTatenhove(5)"",""Jeffrey Shumway(6)"",""Adam Hirschhorn(7)""","""Emily Francis"",""Tricia Canonico"""
Larimer,City of Fort Collins Mayor,UPLOADED,67678,106-112-21,"""Jeffrey Shumway(1)"",""Tricia Canonico(2)"",""Emily Francis(3)"",""Adam Hirschhorn(4)"",""Scotty V VanTatenhove(5)"",""Jeffrey Shumway(6)"",""Shirley Peel(7)""","""Jeffrey Shumway"",""Tricia Canonico"",""Emily Francis"",""Adam Hirschhorn"",""Scotty V VanTatenhove"""
Larimer,City of Fort Collins Mayor,UPLOADED,67680,106-112-100,"""Tricia Canonico(1)"",""Shirley Peel(2)"",""Emily Francis(3)"",""Scotty V VanTatenhove(4)"",""Adam Eggleston(5)"",""Emily Francis(6)"",""Jeffrey Shumway(7)""","""Tricia Canonico"",""Shirley Peel"",""Emily Francis"",""Scotty V VanTatenhove"",""Adam Eggleston"""
Larimer,City of Fort Collins Mayor,UPLOADED,67876,111-88-60,"""Shirley Peel(1)"",""Tricia Canonico(2)"",""Adam Hirschhorn(3)"",""Adam Eggleston(4)"",""Jeffrey Shumway(5)"",""Emily Francis(6)"",""Jeffrey Shumway(7)""","""Shirley Peel"",""Tricia Canonico"",""Adam Hirschhorn"",""Adam Eggleston"",""Jeffrey Shumway"",""Emily Francis"""
Larimer,City of Fort Collins Mayor,UPLOADED,67877,111-88-89,"""Tricia Canonico(1)"",""Emily Francis(2)"",""Scotty V VanTatenhove(3)"",""Adam Eggleston(6)"",""Jeffrey Shumway(7)""","""Tricia Canonico"",""Emily Francis"",""Scotty V VanTatenhove"""
Larimer,City of Fort Collins Mayor,UPLOADED,67878,111-88-98,"""Shirley Peel(1)"",""Adam Hirschhorn(2)"",""Emily Francis(3)"",""Adam Hirschhorn(4)"",""Adam Eggleston(5)"",""Jeffrey Shumway(6)"",""Scotty V VanTatenhove(7)""","""Shirley Peel"",""Adam Hirschhorn"",""Emily Francis"""
Larimer,City of Fort Collins Mayor,UPLOADED,67879,111-88-18,"""Tricia Canonico(1)"",""Emily Francis(2)"",""Shirley Peel(3)"",""Jeffrey Shumway(4)"",""Scotty V VanTatenhove(5)"",""Adam Hirschhorn(6)"",""Jeffrey Shumway(7)""","""Tricia Canonico"",""Emily Francis"",""Shirley Peel"",""Jeffrey Shumway"",""Scotty V VanTatenhove"",""Adam Hirschhorn"""
Larimer,City of Fort Collins Mayor,UPLOADED,67880,111-88-25,"""Tricia Canonico(1)"",""Adam Hirschhorn(1)"",""Scotty V VanTatenhove(2)"",""Emily Francis(3)"",""Tricia Canonico(4)""",""
Larimer,City of Fort Collins Mayor,UPLOADED,67976,110-83-65,"""Adam Eggleston(1)"",""Adam Hirschhorn(6)"",""Jeffrey Shumway(7)""","""Adam Eggleston"""
Larimer,City of Fort Collins Mayor,UPLOADED,67977,110-83-40,"""Shirley Peel(1)"",""Scotty V VanTatenhove(2)"",""Adam Eggleston(3)"",""Adam Hirschhorn(4)"",""Emily Francis(5)"",""Tricia Canonico(7)""","""Shirley Peel"",""Scotty V VanTatenhove"",""Adam Eggleston"",""Adam Hirschhorn"",""Emily Francis"""
Larimer,City of Fort Collins Mayor,UPLOADED,67978,110-83-57,"""Tricia Canonico(1)"",""Adam Eggleston(2)"",""Shirley Peel(3)"",""Adam Eggleston(4)"",""Jeffrey Shumway(5)"",""Adam Hirschhorn(6)"",""Scotty V VanTatenhove(7)""","""Tricia Canonico"",""Adam Eggleston"",""Shirley Peel"""
Larimer,City of Fort Collins Mayor,UPLOADED,67980,110-83-38,"""Emily Francis(1)"",""Adam Hirschhorn(2)"",""Tricia Canonico(3)"",""Jeffrey Shumway(4)"",""Scotty V VanTatenhove(5)"",""Adam Hirschhorn(6)"",""Adam Eggleston(7)""","""Emily Francis"",""Adam Hirschhorn"",""Tricia Canonico"",""Jeffrey Shumway"",""Scotty V VanTatenhove"""
Larimer,City of Fort Collins Mayor,UPLOADED,68076,105-113-83,"""Emily Francis(1)"",""Tricia Canonico(2)"",""Adam Eggleston(3)"",""Shirley Peel(4)"",""Jeffrey Shumway(5)"",""Adam Eggleston(6)"",""Scotty V VanTatenhove(7)""","""Emily Francis"",""Tricia Canonico"",""Adam Eggleston"",""Shirley Peel"",""Jeffrey Shumway"""
Larimer,City of Fort Collins Mayor,UPLOADED,68077,105-113-52,"""Tricia Canonico(1)"",""Emily Francis(2)"",""Scotty V VanTatenhove(6)"",""Jeffrey Shumway(7)""","""Tricia Canonico"",""Emily Francis"""
Larimer,City of Fort Collins Mayor,UPLOADED,68079,105-113-44,"""Tricia Canonico(1)"",""Emily Francis(2)"",""Adam Hirschhorn(5)"",""Adam Eggleston(6)"",""Shirley Peel(7)""","""Tricia Canonico"",""Emily Francis"""
Larimer,City of Fort Collins Mayor,UPLOADED,68171,104-87-1,"""Shirley Peel(1)"",""Tricia Canonico(2)"",""Adam Hirschhorn(3)"",""Emily Francis(4)"",""Adam Hirschhorn(5)"",""Jeffrey Shumway(6)"",""Scotty V VanTatenhove(7)""","""Shirley Peel"",""Tricia Canonico"",""Adam Hirschhorn"",""Emily Francis"""
Larimer,City of Fort Collins Mayor,UPLOADED,68174,104-87-14,"""Jeffrey Shumway(1)"",""Shirley Peel(2)"",""Tricia Canonico(3)"",""Emily Francis(5)"",""Adam Hirschhorn(6)"",""Scotty V VanTatenhove(7)""","""Jeffrey Shumway"",""Shirley Peel"",""Tricia Canonico"""
Larimer,City of Fort Collins Mayor,UPLOADED,68176,104-87-51,"""Shirley Peel(1)"",""Scotty V VanTatenhove(2)"",""Emily Francis(6)"",""Tricia Canonico(7)""","""Shirley Peel"",""Scotty V VanTatenhove"""
Larimer,City of Fort Collins Mayor,UPLOADED,68177,104-87-60,"""Emily Francis(1)"",""Adam Hirschhorn(2)"",""Tricia Canonico(3)"",""Scotty V VanTatenhove(4)"",""Shirley Peel(5)"",""Jeffrey Shumway(6)"",""Jeffrey Shumway(7)""","""Emily Francis"",""Adam Hirschhorn"",""Tricia Canonico"",""Scotty V VanTatenhove"",""Shirley Peel"",""Jeffrey Shumway"""
Larimer,City of Fort Collins Mayor,UPLOADED,68179,104-87-79,"""Emily Francis(1)"",""Adam Eggleston(2)"",""Shirley Peel(3)"",""Emily Francis(4)"",""Tricia Canonico(5)"",""Scotty V VanTatenhove(6)"",""Adam Hirschhorn(7)"",""Jeffrey Shumway(7)""","""Emily Francis"",""Adam Eggleston"",""Shirley Peel"""
Larimer,City of Fort Collins Mayor,UPLOADED,68180,104-87-96,"""Shirley Peel(1)"",""Adam Eggleston(2)"",""Jeffrey Shumway(3)"",""Emily Francis(4)"",""Adam Hirschhorn(5)"",""Scotty V VanTatenhove(6)"",""Tricia Canonico(7)"",""Adam Hirschhorn(7)""","""Shirley Peel"",""Adam Eggleston"",""Jeffrey Shumway"",""Emily Francis"",""Adam Hirschhorn"",""Scotty V VanTatenhove"",""Tricia Canonico"""
Larimer,City of Fort Collins Mayor,UPLOADED,68375,109-88-15,"""Scotty V VanTatenhove(4)"",""Shirley Peel(6)"",""Tricia Canonico(7)""",""
Larimer,City of Fort Collins Mayor,UPLOADED,68377,109-88-84,"""Emily Francis(1)"",""Adam Eggleston(2)"",""Scotty V VanTatenhove(3)"",""Shirley Peel(4)"",""Tricia Canonico(5)"",""Adam Hirschhorn(6)"",""Scotty V VanTatenhove(7)""","""Emily Francis"",""Adam Eggleston"",""Scotty V VanTatenhove"",""Shirley Peel"",""Tricia Canonico"",""Adam Hirschhorn"""
Larimer,City of Fort Collins Mayor,UPLOADED,68379,109-88-73,"""Adam Eggleston(1)"",""Adam Eggleston(2)"",""Adam Eggleston(3)"",""Adam Eggleston(4)"",""Adam Eggleston(5)"",""Adam Eggleston(6)"",""Adam Eggleston(7)""","""Adam Eggleston"""
Larimer,City of Fort Collins Councilmember - District 1,UPLOADED,68379,109-88-73,"""Chris Conway(1)"",""Chris Conway(2)"",""Chris Conway(3)""","""Chris Conway"""
Larimer,City of Fort Collins Mayor,UPLOADED,68575,103-78-5,"""Emily Francis(1)"",""Tricia Canonico(2)"",""Adam Eggleston(3)"",""Emily Francis(4)""","""Emily Francis"",""Tricia Canonico"",""Adam Eggleston"""
Larimer,City of Fort Collins Mayor,UPLOADED,68576,103-78-92,"""Shirley Peel(1)"",""Jeffrey Shumway(2)"",""Emily Francis(3)"",""Adam Eggleston(4)"",""Tricia Canonico(5)"",""Tricia Canonico(6)"",""Scotty V VanTatenhove(7)""","""Shirley Peel"",""Jeffrey Shumway"",""Emily Francis"",""Adam Eggleston"",""Tricia Canonico"""
Larimer,City of Fort Collins Mayor,UPLOADED,68577,103-78-91,"""Shirley Peel(1)"",""Adam Hirschhorn(2)"",""Jeffrey Shumway(2)"",""Scotty V VanTatenhove(5)""","""Shirley Peel"""
Larimer,City of Fort Collins Mayor,UPLOADED,68579,103-78-7,"""Scotty V VanTatenhove(1)"",""Tricia Canonico(2)"",""Adam Eggleston(7)"",""Emily Francis(7)"",""Adam Hirschhorn(7)"",""Shirley Peel(7)"",""Jeffrey Shumway(7)""","""Scotty V VanTatenhove"",""Tricia Canonico"""
Larimer,City of Fort Collins Mayor,UPLOADED,68971,106-114-47,"""Scotty V VanTatenhove(1)"",""Jeffrey Shumway(2)"",""Shirley Peel(4)"",""Tricia Canonico(6)"",""Adam Eggleston(7)""","""Scotty V VanTatenhove"",""Jeffrey Shumway"""
Larimer,City of Fort Collins Mayor,UPLOADED,68973,106-114-92,"""Scotty V VanTatenhove(1)"",""Tricia Canonico(2)"",""Emily Francis(3)"",""Jeffrey Shumway(4)"",""Adam Hirschhorn(5)"",""Shirley Peel(6)"",""Adam Hirschhorn(7)""","""Scotty V VanTatenhove"",""Tricia Canonico"",""Emily Francis"",""Jeffrey Shumway"",""Adam Hirschhorn"",""Shirley Peel"""
Larimer,City of Fort Collins Mayor,UPLOADED,68975,106-114-76,"""Adam Eggleston(1)"",""Shirley Peel(2)"",""Tricia Canonico(3)"",""Adam Eggleston(4)"",""Jeffrey Shumway(5)"",""Scotty V VanTatenhove(6)"",""Emily Francis(7)""","""Adam Eggleston"",""Shirley Peel"",""Tricia Canonico"""
Larimer,City of Fort Collins Mayor,UPLOADED,68976,106-114-26,"""Shirley Peel(1)"",""Scotty V VanTatenhove(1)"",""Scotty V VanTatenhove(2)"",""Emily Francis(3)"",""Tricia Canonico(4)"",""Jeffrey Shumway(5)"",""Adam Hirschhorn(6)"",""Adam Eggleston(7)""",""
Larimer,City of Fort Collins Mayor,UPLOADED,68977,106-114-84,"""Tricia Canonico(3)"",""Emily Francis(4)"",""Adam Eggleston(5)"",""Adam Hirschhorn(6)"",""Scotty V VanTatenhove(7)""",""
Larimer,City of Fort Collins Mayor,UPLOADED,69165,111-90-33,"""Shirley Peel(1)"",""Emily Francis(2)"",""Scotty V VanTatenhove(3)"",""Jeffrey Shumway(7)""","""Shirley Peel"",""Emily Francis"",""Scotty V VanTatenhove"""
Larimer,City of Fort Collins Mayor,UPLOADED,69167,111-90-32,"""Shirley Peel(1)"",""Adam Hirschhorn(2)"",""Shirley Peel(3)""","""Shirley Peel"",""Adam Hirschhorn"""
Larimer,City of Fort Collins Mayor,UPLOADED,69168,111-90-39,"""Emily Francis(1)"",""Adam Hirschhorn(2)"",""Adam Eggleston(3)"",""Shirley Peel(4)"",""Jeffrey Shumway(5)"",""Shirley Peel(6)"",""Tricia Canonico(7)""","""Emily Francis"",""Adam Hirschhorn"",""Adam Eggleston"",""Shirley Peel"",""Jeffrey Shumway"""
Larimer,City of Fort Collins Mayor,UPLOADED,69170,111-90-51,"""Emily Francis(1)"",""Jeffrey Shumway(2)"",""Adam Hirschhorn(3)"",""Adam Eggleston(4)"",""Shirley Peel(5)"",""Adam Eggleston(6)"",""Adam Eggleston(7)""","""Emily Francis"",""Jeffrey Shumway"",""Adam Hirschhorn"",""Adam Eggleston"",""Shirley Peel"""
Larimer,City of Fort Collins Mayor,UPLOADED,69171,111-90-94,"""Emily Francis(1)"",""Shirley Peel(2)"",""Adam Eggleston(3)"",""Shirley Peel(4)"",""Jeffrey Shumway(6)"",""Scotty V VanTatenhove(7)""","""Emily Francis"",""Shirley Peel"",""Adam Eggleston"""
Larimer,City of Fort Collins Mayor,UPLOADED,69172,111-90-23,"""Emily Francis(1)"",""Tricia Canonico(2)"",""Tricia Canonico(3)""","""Emily Francis"",""Tricia Canonico"""
Larimer,City of Fort Collins Mayor,UPLOADED,69173,111-90-73,"""Emily Francis(1)"",""Tricia Canonico(2)"",""Shirley Peel(3)"",""Scotty V VanTatenhove(3)"",""Adam Eggleston(5)"",""Adam Hirschhorn(6)"",""Jeffrey Shumway(7)""","""Emily Francis"",""Tricia Canonico"""
Larimer,City of Fort Collins Mayor,UPLOADED,69863,104-89-58,"""Emily Francis(1)"",""Tricia Canonico(2)"",""Adam Eggleston(3)"",""Shirley Peel(6)"",""Jeffrey Shumway(7)""","""Emily Francis"",""Tricia Canonico"",""Adam Eggleston"""
Larimer,City of Fort Collins Mayor,UPLOADED,69864,104-89-73,"""Shirley Peel(1)"",""Jeffrey Shumway(2)"",""Adam Hirschhorn(3)"",""Jeffrey Shumway(4)"",""Scotty V VanTatenhove(5)"",""Tricia Canonico(7)""","""Shirley Peel"",""Jeffrey Shumway"",""Adam Hirschhorn"""
Larimer,City of Fort Collins Mayor,UPLOADED,69866,104-89-25,"""Shirley Peel(1)"",""Tricia Canonico(3)"",""Adam Hirschhorn(4)"",""Shirley Peel(5)"",""Emily Francis(6)"",""Adam Eggleston(7)""","""Shirley Peel"""
Larimer,City of Fort Collins Mayor,UPLOADED,69867,104-89-8,"""Shirley Peel(1)"",""Adam Eggleston(2)"",""Scotty V VanTatenhove(3)"",""Jeffrey Shumway(4)"",""Shirley Peel(5)"",""Tricia Canonico(6)"",""Emily Francis(7)""","""Shirley Peel"",""Adam Eggleston"",""Scotty V VanTatenhove"",""Jeffrey Shumway"""
Larimer,City of Fort Collins Mayor,UPLOADED,69868,104-89-71,"""Shirley Peel(1)"",""Tricia Canonico(2)"",""Emily Francis(3)"",""Scotty V VanTatenhove(4)"",""Jeffrey Shumway(5)"",""Adam Eggleston(6)"",""Jeffrey Shumway(7)""","""Shirley Peel"",""Tricia Canonico"",""Emily Francis"",""Scotty V VanTatenhove"",""Jeffrey Shumway"",""Adam Eggleston"""
Larimer,City of Fort Collins Mayor,UPLOADED,69869,104-89-67,"""Emily Francis(1)"",""Adam Eggleston(2)"",""Tricia Canonico(3)"",""Scotty V VanTatenhove(3)"",""Adam Hirschhorn(4)"",""Jeffrey Shumway(5)"",""Adam Hirschhorn(6)""","""Emily Francis"",""Adam Eggleston"""
Larimer,City of Fort Collins Mayor,UPLOADED,69958,109-90-7,"""Shirley Peel(1)"",""Shirley Peel(2)"",""Shirley Peel(3)"",""Shirley Peel(4)"",""Shirley Peel(5)"",""Shirley Peel(6)"",""Shirley Peel(7)""","""Shirley Peel"""
Larimer,City of Fort Collins Mayor,UPLOADED,69959,109-90-23,"""Tricia Canonico(1)"",""Scotty V VanTatenhove(4)"",""Jeffrey Shumway(5)"",""Shirley Peel(6)"",""Emily Francis(7)""","""Tricia Canonico"""
Larimer,City of Fort Collins Mayor,UPLOADED,69960,109-90-17,"""Emily Francis(1)"",""Shirley Peel(2)"",""Tricia Canonico(3)"",""Scotty V VanTatenhove(4)"",""Adam Hirschhorn(5)"",""Shirley Peel(6)""","""Emily Francis"",""Shirley Peel"",""Tricia Canonico"",""Scotty V VanTatenhove"",""Adam Hirschhorn"""
Larimer,City of Fort Collins Mayor,UPLOADED,69961,109-90-8,"""Shirley Peel(1)"",""Emily Francis(7)""","""Shirley Peel"""
Larimer,City of Fort Collins Mayor,UPLOADED,69962,109-90-42,"""Shirley Peel(1)"",""Shirley Peel(2)"",""Shirley Peel(3)"",""Shirley Peel(4)"",""Shirley Peel(5)"",""Shirley Peel(6)"",""Shirley Peel(7)""","""Shirley Peel"""
Larimer,City of Fort Collins Mayor,UPLOADED,69963,109-90-70,"""Emily Francis(1)"",""Tricia Canonico(2)"",""Shirley Peel(3)"",""Scotty V VanTatenhove(4)"",""Adam Hirschhorn(5)"",""Jeffrey Shumway(6)"",""Adam Hirschhorn(7)""","""Emily Francis"",""Tricia Canonico"",""Shirley Peel"",""Scotty V VanTatenhove"",""Adam Hirschhorn"",""Jeffrey Shumway"""
Larimer,City of Fort Collins Mayor,UPLOADED,69964,109-90-30,"""Emily Francis(1)"",""Scotty V VanTatenhove(2)"",""Jeffrey Shumway(3)"",""Adam Hirschhorn(4)"",""Emily Francis(5)"",""Adam Eggleston(6)"",""Tricia Canonico(7)""","""Emily Francis"",""Scotty V VanTatenhove"",""Jeffrey Shumway"",""Adam Hirschhorn"""
Larimer,City of Fort Collins Mayor,UPLOADED,69965,109-90-79,"""Emily Francis(1)"",""Tricia Canonico(2)"",""Shirley Peel(3)"",""Adam Eggleston(4)"",""Adam Hirschhorn(5)"",""Shirley Peel(6)"",""Jeffrey Shumway(7)""","""Emily Francis"",""Tricia Canonico"",""Shirley Peel"",""Adam Eggleston"",""Adam Hirschhorn"""
Larimer,City of Fort Collins Mayor,UPLOADED,69966,109-90-43,"""Tricia Canonico(1)"",""Emily Francis(2)"",""Adam Hirschhorn(3)"",""Scotty V VanTatenhove(4)"",""Adam Eggleston(5)"",""Adam Hirschhorn(6)"",""Jeffrey Shumway(7)""","""Tricia Canonico"",""Emily Francis"",""Adam Hirschhorn"",""Scotty V VanTatenhove"",""Adam Eggleston"""
Larimer,City of Fort Collins Mayor,UPLOADED,69967,109-90-36,"""Shirley Peel(1)"",""Jeffrey Shumway(2)"",""Tricia Canonico(3)"",""Emily Francis(4)"",""Adam Hirschhorn(5)"",""Scotty V VanTatenhove(6)"",""Adam Hirschhorn(7)""","""Shirley Peel"",""Jeffrey Shumway"",""Tricia Canonico"",""Emily Francis"",""Adam Hirschhorn"",""Scotty V VanTatenhove"""
Larimer,City of Fort Collins Mayor,UPLOADED,70238,112-104-3,"""Shirley Peel(1)"",""Emily Francis(2)"",""Tricia Canonico(3)"",""Adam Eggleston(6)"",""Adam Hirschhorn(7)""","""Shirley Peel"",""Emily Francis"",""Tricia Canonico"""
Larimer,City of Fort Collins Mayor,UPLOADED,70240,112-104-53,"""Shirley Peel(1)"",""Jeffrey Shumway(2)"",""Scotty V VanTatenhove(3)"",""Adam Eggleston(4)"",""Tricia Canonico(5)"",""Adam Eggleston(6)"",""Adam Hirschhorn(7)""","""Shirley Peel"",""Jeffrey Shumway"",""Scotty V VanTatenhove"",""Adam Eggleston"",""Tricia Canonico"""
Larimer,City of Fort Collins Mayor,UPLOADED,70241,112-104-28,"""Emily Francis(1)"",""Adam Eggleston(2)"",""Shirley Peel(3)"",""Adam Hirschhorn(4)"",""Jeffrey Shumway(5)"",""Adam Eggleston(6)"",""Tricia Canonico(7)""","""Emily Francis"",""Adam Eggleston"",""Shirley Peel"",""Adam Hirschhorn"",""Jeffrey Shumway"""
Larimer,City of Fort Collins Mayor,UPLOADED,70397,110-88-5,"""Shirley Peel(1)"",""Adam Eggleston(2)"",""Jeffrey Shumway(3)"",""Scotty V VanTatenhove(4)"",""Emily Francis(5)"",""Tricia Canonico(6)"",""Adam Eggleston(7)""","""Shirley Peel"",""Adam Eggleston"",""Jeffrey Shumway"",""Scotty V VanTatenhove"",""Emily Francis"",""Tricia Canonico"""
Larimer,City of Fort Collins Mayor,UPLOADED,70398,110-88-98,"""Emily Francis(1)"",""Scotty V VanTatenhove(2)"",""Emily Francis(3)""","""Emily Francis"",""Scotty V VanTatenhove"""
Larimer,City of Fort Collins Councilmember - District 1,UPLOADED,75284,110-94-38,"""Chris Conway(1)"",""Susan Gutowsky(3)""","""Chris Conway"""
Larimer,City of Fort Collins Mayor,UPLOADED,70399,110-88-29,"""Tricia Canonico(1)"",""Emily Francis(2)"",""Shirley Peel(3)"",""Jeffrey Shumway(5)"",""Adam Hirschhorn(6)"",""Scotty V VanTatenhove(7)""","""Tricia Canonico"",""Emily Francis"",""Shirley Peel"""
Larimer,City of Fort Collins Mayor,UPLOADED,70400,110-88-30,"""Tricia Canonico(1)"",""Emily Francis(2)"",""Adam Hirschhorn(3)"",""Shirley Peel(4)"",""Jeffrey Shumway(5)"",""Scotty V VanTatenhove(6)"",""Scotty V VanTatenhove(7)""","""Tricia Canonico"",""Emily Francis"",""Adam Hirschhorn"",""Shirley Peel"",""Jeffrey Shumway"",""Scotty V VanTatenhove"""
Larimer,City of Fort Collins Mayor,UPLOADED,70402,110-88-34,"""Scotty V VanTatenhove(1)"",""Emily Francis(2)"",""Tricia Canonico(3)"",""Adam Hirschhorn(4)"",""Adam Hirschhorn(5)"",""Jeffrey Shumway(6)"",""Adam Eggleston(7)""","""Scotty V VanTatenhove"",""Emily Francis"",""Tricia Canonico"",""Adam Hirschhorn"""
Larimer,City of Fort Collins Mayor,UPLOADED,70499,103-82-47,"""Tricia Canonico(1)"",""Emily Francis(2)"",""Adam Eggleston(3)"",""Jeffrey Shumway(7)""","""Tricia Canonico"",""Emily Francis"",""Adam Eggleston"""
Larimer,City of Fort Collins Mayor,UPLOADED,70500,103-82-33,"""Emily Francis(1)"",""Tricia Canonico(2)"",""Shirley Peel(3)"",""Adam Eggleston(5)"",""Jeffrey Shumway(6)"",""Scotty V VanTatenhove(7)""","""Emily Francis"",""Tricia Canonico"",""Shirley Peel"""
Larimer,City of Fort Collins Mayor,UPLOADED,70502,103-82-28,"""Tricia Canonico(1)"",""Emily Francis(2)"",""Jeffrey Shumway(7)""","""Tricia Canonico"",""Emily Francis"""
Larimer,City of Fort Collins Mayor,UPLOADED,70801,111-92-51,"""Emily Francis(1)"",""Tricia Canonico(2)"",""Shirley Peel(3)"",""Scotty V VanTatenhove(4)"",""Emily Francis(5)"",""Adam Eggleston(6)"",""Jeffrey Shumway(7)""","""Emily Francis"",""Tricia Canonico"",""Shirley Peel"",""Scotty V VanTatenhove"""
Larimer,City of Fort Collins Mayor,UPLOADED,70803,111-92-29,"""Emily Francis(1)"",""Tricia Canonico(2)"",""Shirley Peel(3)"",""Jeffrey Shumway(4)"",""Adam Hirschhorn(5)"",""Scotty V VanTatenhove(7)""","""Emily Francis"",""Tricia Canonico"",""Shirley Peel"",""Jeffrey Shumway"",""Adam Hirschhorn"""
Larimer,City of Fort Collins Mayor,UPLOADED,70804,111-92-37,"""Tricia Canonico(1)"",""Emily Francis(2)"",""Shirley Peel(4)""","""Tricia Canonico"",""Emily Francis"""
Larimer,City of Fort Collins Mayor,UPLOADED,70899,106-116-37,"""Emily Francis(1)"",""Shirley Peel(2)"",""Scotty V VanTatenhove(3)"",""Adam Eggleston(4)"",""Tricia Canonico(5)"",""Emily Francis(6)"",""Adam Hirschhorn(6)"",""Jeffrey Shumway(7)""","""Emily Francis"",""Shirley Peel"",""Scotty V VanTatenhove"",""Adam Eggleston"",""Tricia Canonico"",""Adam Hirschhorn"",""Jeffrey Shumway"""
Larimer,City of Fort Collins Mayor,UPLOADED,70902,106-116-12,"""Tricia Canonico(1)"",""Emily Francis(2)"",""Scotty V VanTatenhove(2)"",""Jeffrey Shumway(3)"",""Adam Hirschhorn(4)"",""Adam Eggleston(5)"",""Tricia Canonico(6)"",""Shirley Peel(7)""","""Tricia Canonico"""
Larimer,City of Fort Collins Mayor,UPLOADED,70904,106-116-69,"""Shirley Peel(1)"",""Adam Eggleston(2)"",""Jeffrey Shumway(3)"",""Scotty V VanTatenhove(4)"",""Adam Eggleston(5)"",""Tricia Canonico(6)"",""Adam Hirschhorn(7)""","""Shirley Peel"",""Adam Eggleston"",""Jeffrey Shumway"",""Scotty V VanTatenhove"""
Larimer,City of Fort Collins Mayor,UPLOADED,71000,105-116-12,"""Emily Francis(1)"",""Adam Hirschhorn(2)"",""Shirley Peel(3)"",""Jeffrey Shumway(4)"",""Tricia Canonico(5)"",""Adam Hirschhorn(6)"",""Scotty V VanTatenhove(7)""","""Emily Francis"",""Adam Hirschhorn"",""Shirley Peel"",""Jeffrey Shumway"",""Tricia Canonico"""
Larimer,City of Fort Collins Mayor,UPLOADED,71002,105-116-63,"""Shirley Peel(2)""",""
Larimer,City of Fort Collins Mayor,UPLOADED,71003,105-116-46,"""Emily Francis(1)"",""Tricia Canonico(2)"",""Shirley Peel(3)"",""Adam Hirschhorn(4)"",""Jeffrey Shumway(5)"",""Scotty V VanTatenhove(6)"",""Adam Hirschhorn(7)""","""Emily Francis"",""Tricia Canonico"",""Shirley Peel"",""Adam Hirschhorn"",""Jeffrey Shumway"",""Scotty V VanTatenhove"""
Larimer,City of Fort Collins Mayor,UPLOADED,71095,109-92-4,"""Tricia Canonico(1)"",""Emily Francis(2)"",""Scotty V VanTatenhove(3)"",""Jeffrey Shumway(4)"",""Adam Eggleston(5)"",""Jeffrey Shumway(6)"",""Adam Hirschhorn(7)""","""Tricia Canonico"",""Emily Francis"",""Scotty V VanTatenhove"",""Jeffrey Shumway"",""Adam Eggleston"""
Larimer,City of Fort Collins Mayor,UPLOADED,71096,109-92-99,"""Tricia Canonico(1)"",""Emily Francis(2)"",""Shirley Peel(3)"",""Adam Eggleston(4)"",""Scotty V VanTatenhove(5)"",""Jeffrey Shumway(6)"",""Adam Eggleston(7)""","""Tricia Canonico"",""Emily Francis"",""Shirley Peel"",""Adam Eggleston"",""Scotty V VanTatenhove"",""Jeffrey Shumway"""
Larimer,City of Fort Collins Mayor,UPLOADED,71097,109-92-72,"""Emily Francis(1)"",""Scotty V VanTatenhove(1)""",""
Larimer,City of Fort Collins Mayor,UPLOADED,71098,109-92-100,"""Tricia Canonico(1)"",""Emily Francis(2)"",""Adam Eggleston(3)"",""Jeffrey Shumway(4)"",""Scotty V VanTatenhove(5)"",""Shirley Peel(7)""","""Tricia Canonico"",""Emily Francis"",""Adam Eggleston"",""Jeffrey Shumway"",""Scotty V VanTatenhove"""
Larimer,City of Fort Collins Mayor,UPLOADED,71099,109-92-42,"""Emily Francis(1)"",""Adam Eggleston(2)"",""Shirley Peel(3)"",""Adam Eggleston(4)"",""Tricia Canonico(5)"",""Jeffrey Shumway(6)"",""Scotty V VanTatenhove(7)""","""Emily Francis"",""Adam Eggleston"",""Shirley Peel"""
Larimer,City of Fort Collins Mayor,UPLOADED,71100,109-92-56,"""Tricia Canonico(1)"",""Scotty V VanTatenhove(2)"",""Adam Eggleston(7)"",""Emily Francis(7)"",""Adam Hirschhorn(7)"",""Shirley Peel(7)"",""Jeffrey Shumway(7)""","""Tricia Canonico"",""Scotty V VanTatenhove"""
Larimer,City of Fort Collins Mayor,UPLOADED,71101,109-92-41,"""Emily Francis(1)"",""Adam Eggleston(2)"",""Tricia Canonico(3)"",""Scotty V VanTatenhove(4)"",""Adam Hirschhorn(5)"",""Jeffrey Shumway(6)"",""Jeffrey Shumway(7)""","""Emily Francis"",""Adam Eggleston"",""Tricia Canonico"",""Scotty V VanTatenhove"",""Adam Hirschhorn"",""Jeffrey Shumway"""
Larimer,City of Fort Collins Mayor,UPLOADED,71102,109-92-45,"""Emily Francis(1)"",""Tricia Canonico(2)"",""Adam Eggleston(3)"",""Shirley Peel(4)"",""Adam Hirschhorn(6)"",""Jeffrey Shumway(7)"",""Scotty V VanTatenhove(7)""","""Emily Francis"",""Tricia Canonico"",""Adam Eggleston"",""Shirley Peel"""
Larimer,City of Fort Collins Mayor,UPLOADED,71103,109-92-25,"""Emily Francis(1)"",""Adam Hirschhorn(2)"",""Jeffrey Shumway(6)"",""Tricia Canonico(7)""","""Emily Francis"",""Adam Hirschhorn"""
Larimer,City of Fort Collins Mayor,UPLOADED,71195,104-94-18,"""Shirley Peel(1)"",""Scotty V VanTatenhove(2)"",""Adam Eggleston(3)"",""Emily Francis(4)"",""Jeffrey Shumway(5)"",""Adam Eggleston(6)"",""Tricia Canonico(7)""","""Shirley Peel"",""Scotty V VanTatenhove"",""Adam Eggleston"",""Emily Francis"",""Jeffrey Shumway"""
Larimer,City of Fort Collins Mayor,UPLOADED,71196,104-94-21,"""Jeffrey Shumway(1)"",""Jeffrey Shumway(2)""","""Jeffrey Shumway"""
Larimer,City of Fort Collins Mayor,UPLOADED,71197,104-94-13,"""Emily Francis(1)"",""Tricia Canonico(2)"",""Scotty V VanTatenhove(3)"",""Scotty V VanTatenhove(4)"",""Adam Hirschhorn(5)"",""Shirley Peel(6)"",""Jeffrey Shumway(7)""","""Emily Francis"",""Tricia Canonico"",""Scotty V VanTatenhove"""
Larimer,City of Fort Collins Mayor,UPLOADED,71198,104-94-6,"""Scotty V VanTatenhove(1)"",""Tricia Canonico(7)"",""Adam Eggleston(7)"",""Emily Francis(7)"",""Adam Hirschhorn(7)"",""Shirley Peel(7)"",""Jeffrey Shumway(7)""","""Scotty V VanTatenhove"""
Larimer,City of Fort Collins Mayor,UPLOADED,71199,104-94-32,"""Emily Francis(1)"",""Tricia Canonico(2)"",""Shirley Peel(3)"",""Adam Eggleston(4)"",""Scotty V VanTatenhove(6)"",""Jeffrey Shumway(7)""","""Emily Francis"",""Tricia Canonico"",""Shirley Peel"",""Adam Eggleston"""
Larimer,City of Fort Collins Mayor,UPLOADED,75285,110-94-63,"""Shirley Peel(2)"",""Jeffrey Shumway(2)"",""Adam Eggleston(3)"",""Tricia Canonico(4)"",""Emily Francis(5)"",""Scotty V VanTatenhove(6)"",""Adam Hirschhorn(7)""",""
Larimer,City of Fort Collins Mayor,UPLOADED,71201,104-94-56,"""Shirley Peel(1)"",""Jeffrey Shumway(2)"",""Emily Francis(3)"",""Tricia Canonico(4)"",""Adam Eggleston(5)"",""Jeffrey Shumway(6)"",""Scotty V VanTatenhove(7)""","""Shirley Peel"",""Jeffrey Shumway"",""Emily Francis"",""Tricia Canonico"",""Adam Eggleston"""
Larimer,City of Fort Collins Mayor,UPLOADED,71202,104-94-29,"""Shirley Peel(1)"",""Adam Eggleston(5)"",""Emily Francis(6)"",""Tricia Canonico(7)""","""Shirley Peel"""
Larimer,City of Fort Collins Mayor,UPLOADED,71203,104-94-79,"""Jeffrey Shumway(1)"",""Jeffrey Shumway(2)"",""Jeffrey Shumway(3)"",""Jeffrey Shumway(4)"",""Jeffrey Shumway(5)"",""Jeffrey Shumway(6)"",""Jeffrey Shumway(7)""","""Jeffrey Shumway"""
Larimer,City of Fort Collins Mayor,UPLOADED,71298,110-90-57,"""Jeffrey Shumway(1)"",""Shirley Peel(2)"",""Adam Eggleston(3)"",""Emily Francis(4)"",""Tricia Canonico(5)"",""Jeffrey Shumway(6)""","""Jeffrey Shumway"",""Shirley Peel"",""Adam Eggleston"",""Emily Francis"",""Tricia Canonico"""
Larimer,City of Fort Collins Mayor,UPLOADED,71299,110-90-50,"""Adam Hirschhorn(4)"",""Emily Francis(5)"",""Adam Eggleston(6)"",""Tricia Canonico(7)""",""
Larimer,City of Fort Collins Mayor,UPLOADED,71300,110-90-12,"""Tricia Canonico(1)"",""Emily Francis(3)"",""Shirley Peel(5)"",""Jeffrey Shumway(6)"",""Scotty V VanTatenhove(7)""","""Tricia Canonico"""
Larimer,City of Fort Collins Mayor,UPLOADED,71302,110-90-38,"""Adam Hirschhorn(4)"",""Shirley Peel(5)"",""Jeffrey Shumway(6)"",""Scotty V VanTatenhove(7)""",""
Larimer,City of Fort Collins Mayor,UPLOADED,71303,110-90-51,"""Shirley Peel(1)"",""Adam Eggleston(2)"",""Jeffrey Shumway(3)"",""Scotty V VanTatenhove(4)"",""Emily Francis(5)"",""Tricia Canonico(6)"",""Adam Eggleston(7)""","""Shirley Peel"",""Adam Eggleston"",""Jeffrey Shumway"",""Scotty V VanTatenhove"",""Emily Francis"",""Tricia Canonico"""
Larimer,City of Fort Collins Mayor,UPLOADED,71794,112-106-20,"""Tricia Canonico(1)"",""Shirley Peel(2)"",""Adam Eggleston(3)"",""Jeffrey Shumway(3)"",""Scotty V VanTatenhove(4)"",""Adam Eggleston(5)"",""Emily Francis(6)"",""Adam Hirschhorn(7)""","""Tricia Canonico"",""Shirley Peel"""
Larimer,City of Fort Collins Mayor,UPLOADED,71795,112-106-66,"""Emily Francis(1)"",""Tricia Canonico(2)"",""Tricia Canonico(3)"",""Tricia Canonico(4)"",""Jeffrey Shumway(5)"",""Adam Hirschhorn(6)"",""Scotty V VanTatenhove(7)""","""Emily Francis"",""Tricia Canonico"""
Larimer,City of Fort Collins Mayor,UPLOADED,71796,112-106-98,"""Tricia Canonico(1)"",""Adam Hirschhorn(6)"",""Jeffrey Shumway(7)""","""Tricia Canonico"""
Larimer,City of Fort Collins Mayor,UPLOADED,71797,112-106-30,"""Tricia Canonico(1)"",""Emily Francis(2)"",""Shirley Peel(3)"",""Jeffrey Shumway(4)"",""Adam Eggleston(6)"",""Adam Hirschhorn(7)"",""Scotty V VanTatenhove(7)""","""Tricia Canonico"",""Emily Francis"",""Shirley Peel"",""Jeffrey Shumway"""
Larimer,City of Fort Collins Mayor,UPLOADED,71798,112-106-35,"""Adam Eggleston(1)"",""Jeffrey Shumway(2)"",""Adam Hirschhorn(3)"",""Emily Francis(4)"",""Tricia Canonico(5)"",""Shirley Peel(6)"",""Adam Hirschhorn(7)""","""Adam Eggleston"",""Jeffrey Shumway"",""Adam Hirschhorn"",""Emily Francis"",""Tricia Canonico"",""Shirley Peel"""
Larimer,City of Fort Collins Mayor,UPLOADED,71799,112-106-59,"""Emily Francis(1)"",""Tricia Canonico(2)"",""Jeffrey Shumway(3)"",""Adam Hirschhorn(4)"",""Scotty V VanTatenhove(5)"",""Adam Eggleston(6)"",""Jeffrey Shumway(7)""","""Emily Francis"",""Tricia Canonico"",""Jeffrey Shumway"",""Adam Hirschhorn"",""Scotty V VanTatenhove"",""Adam Eggleston"""
Larimer,City of Fort Collins Mayor,UPLOADED,71800,112-106-31,"""Tricia Canonico(1)"",""Adam Eggleston(2)"",""Emily Francis(3)"",""Adam Hirschhorn(3)"",""Shirley Peel(4)"",""Jeffrey Shumway(5)"",""Scotty V VanTatenhove(6)"",""Scotty V VanTatenhove(7)""","""Tricia Canonico"",""Adam Eggleston"""
Larimer,City of Fort Collins Mayor,UPLOADED,71801,112-106-56,"""Tricia Canonico(1)"",""Emily Francis(2)"",""Shirley Peel(4)"",""Scotty V VanTatenhove(5)""","""Tricia Canonico"",""Emily Francis"""
Larimer,City of Fort Collins Mayor,UPLOADED,71896,103-84-24,"""Scotty V VanTatenhove(1)"",""Shirley Peel(2)"",""Adam Eggleston(3)"",""Tricia Canonico(4)"",""Emily Francis(5)"",""Jeffrey Shumway(7)""","""Scotty V VanTatenhove"",""Shirley Peel"",""Adam Eggleston"",""Tricia Canonico"",""Emily Francis"""
Larimer,City of Fort Collins Mayor,UPLOADED,71899,103-84-55,"""Shirley Peel(1)"",""Emily Francis(2)"",""Tricia Canonico(3)"",""Scotty V VanTatenhove(4)"",""Tricia Canonico(5)"",""Jeffrey Shumway(6)"",""Adam Hirschhorn(7)""","""Shirley Peel"",""Emily Francis"",""Tricia Canonico"",""Scotty V VanTatenhove"""
Larimer,City of Fort Collins Mayor,UPLOADED,72196,111-94-96,"""Jeffrey Shumway(1)"",""Scotty V VanTatenhove(2)"",""Shirley Peel(3)"",""Tricia Canonico(7)"",""Adam Eggleston(7)"",""Emily Francis(7)"",""Adam Hirschhorn(7)""","""Jeffrey Shumway"",""Scotty V VanTatenhove"",""Shirley Peel"""
Larimer,City of Fort Collins Mayor,UPLOADED,72197,111-94-38,"""Shirley Peel(1)"",""Adam Eggleston(2)"",""Scotty V VanTatenhove(3)"",""Jeffrey Shumway(4)"",""Emily Francis(5)"",""Adam Eggleston(6)"",""Tricia Canonico(7)""","""Shirley Peel"",""Adam Eggleston"",""Scotty V VanTatenhove"",""Jeffrey Shumway"",""Emily Francis"""
Larimer,City of Fort Collins Mayor,UPLOADED,72198,111-94-90,"""Tricia Canonico(1)"",""Emily Francis(2)"",""Shirley Peel(6)"",""Jeffrey Shumway(7)""","""Tricia Canonico"",""Emily Francis"""
Larimer,City of Fort Collins Mayor,UPLOADED,72199,111-94-26,"""Shirley Peel(1)"",""Emily Francis(2)"",""Scotty V VanTatenhove(2)"",""Adam Eggleston(3)"",""Tricia Canonico(4)"",""Adam Hirschhorn(5)"",""Scotty V VanTatenhove(6)"",""Jeffrey Shumway(7)""","""Shirley Peel"""
Larimer,City of Fort Collins Mayor,UPLOADED,72294,106-118-21,"""Emily Francis(1)"",""Tricia Canonico(2)"",""Adam Eggleston(7)""","""Emily Francis"",""Tricia Canonico"""
Larimer,City of Fort Collins Mayor,UPLOADED,72295,106-118-64,"""Tricia Canonico(1)"",""Emily Francis(1)"",""Adam Eggleston(3)"",""Shirley Peel(7)""",""
Larimer,City of Fort Collins Mayor,UPLOADED,72298,106-118-84,"""Emily Francis(1)"",""Shirley Peel(7)""","""Emily Francis"""
Larimer,City of Fort Collins Mayor,UPLOADED,72299,106-118-77,"""Emily Francis(1)"",""Tricia Canonico(2)"",""Adam Hirschhorn(3)"",""Jeffrey Shumway(4)"",""Scotty V VanTatenhove(5)"",""Jeffrey Shumway(6)"",""Shirley Peel(7)""","""Emily Francis"",""Tricia Canonico"",""Adam Hirschhorn"",""Jeffrey Shumway"",""Scotty V VanTatenhove"""
Larimer,City of Fort Collins Mayor,UPLOADED,72593,105-118-45,"""Jeffrey Shumway(1)"",""Adam Eggleston(2)"",""Scotty V VanTatenhove(2)"",""Adam Hirschhorn(3)""","""Jeffrey Shumway"""
Larimer,City of Fort Collins Mayor,UPLOADED,72597,105-118-20,"""Emily Francis(1)"",""Shirley Peel(2)"",""Adam Hirschhorn(5)"",""Scotty V VanTatenhove(6)"",""Jeffrey Shumway(7)""","""Emily Francis"",""Shirley Peel"""
Larimer,City of Fort Collins Mayor,UPLOADED,72599,105-118-90,"""Tricia Canonico(1)"",""Shirley Peel(7)""","""Tricia Canonico"""
Larimer,City of Fort Collins Mayor,UPLOADED,72691,104-96-19,"""Adam Hirschhorn(1)"",""Emily Francis(2)"",""Adam Hirschhorn(3)"",""Shirley Peel(4)"",""Tricia Canonico(5)"",""Scotty V VanTatenhove(6)"",""Jeffrey Shumway(7)""","""Adam Hirschhorn"",""Emily Francis"""
Larimer,City of Fort Collins Mayor,UPLOADED,72692,104-96-27,"""Shirley Peel(1)"",""Tricia Canonico(2)"",""Emily Francis(3)"",""Adam Hirschhorn(7)""","""Shirley Peel"",""Tricia Canonico"",""Emily Francis"""
Larimer,City of Fort Collins Mayor,UPLOADED,72693,104-96-18,"""Jeffrey Shumway(1)"",""Tricia Canonico(2)"",""Adam Hirschhorn(3)"",""Adam Hirschhorn(4)"",""Emily Francis(5)"",""Adam Eggleston(6)"",""Tricia Canonico(7)""","""Jeffrey Shumway"",""Tricia Canonico"",""Adam Hirschhorn"""
Larimer,City of Fort Collins Mayor,UPLOADED,75685,111-98-56,"""Tricia Canonico(1)"",""Adam Eggleston(1)"",""Emily Francis(2)"",""Jeffrey Shumway(7)""",""
Larimer,City of Fort Collins Mayor,UPLOADED,72694,104-96-68,"""Tricia Canonico(1)"",""Emily Francis(2)"",""Shirley Peel(3)"",""Jeffrey Shumway(4)"",""Adam Eggleston(5)"",""Emily Francis(6)"",""Scotty V VanTatenhove(7)""","""Tricia Canonico"",""Emily Francis"",""Shirley Peel"",""Jeffrey Shumway"",""Adam Eggleston"""
Larimer,City of Fort Collins Mayor,UPLOADED,72695,104-96-3,"""Tricia Canonico(1)"",""Adam Eggleston(1)"",""Emily Francis(1)"",""Adam Hirschhorn(1)"",""Shirley Peel(1)"",""Jeffrey Shumway(1)"",""Scotty V VanTatenhove(1)""",""
Larimer,City of Fort Collins Councilmember - District 1,UPLOADED,72695,104-96-3,"""Chris Conway(1)"",""Susan Gutowsky(1)"",""Daisy Montgomery(1)""",""
Larimer,City of Fort Collins Mayor,UPLOADED,72696,104-96-67,"""Tricia Canonico(1)"",""Adam Eggleston(2)"",""Emily Francis(3)"",""Scotty V VanTatenhove(4)"",""Adam Hirschhorn(7)""","""Tricia Canonico"",""Adam Eggleston"",""Emily Francis"",""Scotty V VanTatenhove"""
Larimer,City of Fort Collins Mayor,UPLOADED,72698,104-96-42,"""Tricia Canonico(1)"",""Shirley Peel(2)"",""Emily Francis(3)"",""Adam Eggleston(4)"",""Jeffrey Shumway(5)"",""Scotty V VanTatenhove(7)""","""Tricia Canonico"",""Shirley Peel"",""Emily Francis"",""Adam Eggleston"",""Jeffrey Shumway"""
Larimer,City of Fort Collins Mayor,UPLOADED,72988,110-92-20,"""Shirley Peel(1)"",""Adam Hirschhorn(2)"",""Tricia Canonico(3)"",""Emily Francis(4)"",""Adam Hirschhorn(5)"",""Jeffrey Shumway(6)"",""Scotty V VanTatenhove(7)""","""Shirley Peel"",""Adam Hirschhorn"",""Tricia Canonico"",""Emily Francis"""
Larimer,City of Fort Collins Mayor,UPLOADED,72990,110-92-75,"""Emily Francis(1)"",""Tricia Canonico(2)"",""Adam Hirschhorn(3)"",""Shirley Peel(4)"",""Jeffrey Shumway(6)"",""Scotty V VanTatenhove(7)""","""Emily Francis"",""Tricia Canonico"",""Adam Hirschhorn"",""Shirley Peel"""
Larimer,City of Fort Collins Mayor,UPLOADED,72993,110-92-29,"""Tricia Canonico(1)"",""Adam Eggleston(2)"",""Shirley Peel(3)"",""Jeffrey Shumway(3)"",""Scotty V VanTatenhove(3)"",""Adam Hirschhorn(4)"",""Emily Francis(7)""","""Tricia Canonico"",""Adam Eggleston"""
Larimer,City of Fort Collins Mayor,UPLOADED,72995,110-92-19,"""Adam Eggleston(1)"",""Emily Francis(2)"",""Adam Hirschhorn(3)"",""Scotty V VanTatenhove(4)"",""Tricia Canonico(6)"",""Jeffrey Shumway(7)""","""Adam Eggleston"",""Emily Francis"",""Adam Hirschhorn"",""Scotty V VanTatenhove"""
Larimer,City of Fort Collins Mayor,UPLOADED,72996,110-92-65,"""Emily Francis(1)"",""Shirley Peel(2)"",""Tricia Canonico(3)"",""Scotty V VanTatenhove(4)"",""Adam Eggleston(5)"",""Shirley Peel(6)"",""Jeffrey Shumway(7)""","""Emily Francis"",""Shirley Peel"",""Tricia Canonico"",""Scotty V VanTatenhove"",""Adam Eggleston"""
Larimer,City of Fort Collins Mayor,UPLOADED,73194,109-94-86,"""Adam Eggleston(1)"",""Shirley Peel(2)"",""Tricia Canonico(3)"",""Emily Francis(4)"",""Emily Francis(5)"",""Scotty V VanTatenhove(6)"",""Jeffrey Shumway(7)""","""Adam Eggleston"",""Shirley Peel"",""Tricia Canonico"",""Emily Francis"""
Larimer,City of Fort Collins Mayor,UPLOADED,73293,112-108-47,"""Shirley Peel(1)"",""Adam Eggleston(2)"",""Tricia Canonico(3)"",""Scotty V VanTatenhove(4)"",""Jeffrey Shumway(5)"",""Tricia Canonico(6)"",""Emily Francis(7)""","""Shirley Peel"",""Adam Eggleston"",""Tricia Canonico"",""Scotty V VanTatenhove"",""Jeffrey Shumway"""
Larimer,City of Fort Collins Mayor,UPLOADED,73294,112-108-24,"""Emily Francis(1)"",""Shirley Peel(2)"",""Tricia Canonico(3)"",""Adam Eggleston(4)"",""Scotty V VanTatenhove(7)""","""Emily Francis"",""Shirley Peel"",""Tricia Canonico"",""Adam Eggleston"""
Larimer,City of Fort Collins Mayor,UPLOADED,73296,112-108-2,"""Emily Francis(1)"",""Adam Eggleston(2)"",""Shirley Peel(3)"",""Jeffrey Shumway(4)"",""Adam Eggleston(5)"",""Shirley Peel(5)"",""Adam Eggleston(6)""","""Emily Francis"",""Adam Eggleston"",""Shirley Peel"",""Jeffrey Shumway"""
Larimer,City of Fort Collins Mayor,UPLOADED,73487,106-120-51,"""Jeffrey Shumway(1)"",""Jeffrey Shumway(2)"",""Jeffrey Shumway(3)"",""Jeffrey Shumway(4)"",""Jeffrey Shumway(5)"",""Jeffrey Shumway(6)"",""Jeffrey Shumway(7)""","""Jeffrey Shumway"""
Larimer,City of Fort Collins Mayor,UPLOADED,73488,106-120-45,"""Jeffrey Shumway(1)"",""Adam Hirschhorn(2)"",""Scotty V VanTatenhove(3)"",""Adam Eggleston(4)"",""Shirley Peel(5)"",""Tricia Canonico(7)""","""Jeffrey Shumway"",""Adam Hirschhorn"",""Scotty V VanTatenhove"",""Adam Eggleston"",""Shirley Peel"""
Larimer,City of Fort Collins Mayor,UPLOADED,73490,106-120-7,"""Emily Francis(1)"",""Tricia Canonico(2)"",""Scotty V VanTatenhove(3)"",""Jeffrey Shumway(4)"",""Adam Hirschhorn(5)"",""Jeffrey Shumway(6)"",""Shirley Peel(7)""","""Emily Francis"",""Tricia Canonico"",""Scotty V VanTatenhove"",""Jeffrey Shumway"",""Adam Hirschhorn"""
Larimer,City of Fort Collins Mayor,UPLOADED,73491,106-120-59,"""Tricia Canonico(1)"",""Emily Francis(2)"",""Adam Eggleston(3)"",""Scotty V VanTatenhove(6)"",""Adam Hirschhorn(7)""","""Tricia Canonico"",""Emily Francis"",""Adam Eggleston"""
Larimer,City of Fort Collins Mayor,UPLOADED,73492,106-120-37,"""Tricia Canonico(1)"",""Scotty V VanTatenhove(2)"",""Emily Francis(3)"",""Adam Eggleston(4)"",""Adam Hirschhorn(5)"",""Shirley Peel(6)"",""Shirley Peel(7)""","""Tricia Canonico"",""Scotty V VanTatenhove"",""Emily Francis"",""Adam Eggleston"",""Adam Hirschhorn"",""Shirley Peel"""
Larimer,City of Fort Collins Mayor,UPLOADED,73493,106-120-100,"""Jeffrey Shumway(1)"",""Adam Eggleston(2)"",""Shirley Peel(3)"",""Tricia Canonico(4)"",""Adam Eggleston(5)"",""Scotty V VanTatenhove(6)"",""Adam Hirschhorn(7)""","""Jeffrey Shumway"",""Adam Eggleston"",""Shirley Peel"",""Tricia Canonico"""
Larimer,City of Fort Collins Mayor,UPLOADED,73494,106-120-69,"""Emily Francis(1)"",""Adam Eggleston(2)"",""Tricia Canonico(3)"",""Shirley Peel(4)"",""Adam Eggleston(5)"",""Scotty V VanTatenhove(6)"",""Jeffrey Shumway(7)""","""Emily Francis"",""Adam Eggleston"",""Tricia Canonico"",""Shirley Peel"""
Larimer,City of Fort Collins Mayor,UPLOADED,73495,106-120-90,"""Scotty V VanTatenhove(1)"",""Tricia Canonico(2)"",""Emily Francis(3)"",""Adam Eggleston(4)"",""Tricia Canonico(5)"",""Adam Eggleston(6)"",""Adam Hirschhorn(7)""","""Scotty V VanTatenhove"",""Tricia Canonico"",""Emily Francis"",""Adam Eggleston"""
Larimer,City of Fort Collins Mayor,UPLOADED,73496,106-120-81,"""Emily Francis(1)"",""Tricia Canonico(2)"",""Shirley Peel(7)""","""Emily Francis"",""Tricia Canonico"""
Larimer,City of Fort Collins Mayor,UPLOADED,73588,103-86-46,"""Shirley Peel(1)"",""Scotty V VanTatenhove(2)"",""Emily Francis(3)"",""Tricia Canonico(4)"",""Jeffrey Shumway(5)"",""Shirley Peel(6)""","""Shirley Peel"",""Scotty V VanTatenhove"",""Emily Francis"",""Tricia Canonico"",""Jeffrey Shumway"""
Larimer,City of Fort Collins Mayor,UPLOADED,73591,103-86-85,"""Shirley Peel(1)"",""Emily Francis(2)"",""Adam Hirschhorn(3)"",""Tricia Canonico(4)"",""Adam Hirschhorn(5)"",""Jeffrey Shumway(6)"",""Scotty V VanTatenhove(7)""","""Shirley Peel"",""Emily Francis"",""Adam Hirschhorn"",""Tricia Canonico"""
Larimer,City of Fort Collins Mayor,UPLOADED,73593,103-86-47,"""Emily Francis(1)"",""Tricia Canonico(2)"",""Adam Eggleston(3)"",""Adam Hirschhorn(4)"",""Scotty V VanTatenhove(5)"",""Jeffrey Shumway(6)"",""Adam Hirschhorn(7)""","""Emily Francis"",""Tricia Canonico"",""Adam Eggleston"",""Adam Hirschhorn"",""Scotty V VanTatenhove"",""Jeffrey Shumway"""
Larimer,City of Fort Collins Mayor,UPLOADED,73594,103-86-98,"""Tricia Canonico(1)"",""Emily Francis(2)"",""Adam Eggleston(6)"",""Shirley Peel(7)""","""Tricia Canonico"",""Emily Francis"""
Larimer,City of Fort Collins Mayor,UPLOADED,73595,103-86-48,"""Scotty V VanTatenhove(1)"",""Tricia Canonico(2)"",""Emily Francis(3)"",""Shirley Peel(4)"",""Adam Eggleston(5)"",""Shirley Peel(6)"",""Jeffrey Shumway(7)""","""Scotty V VanTatenhove"",""Tricia Canonico"",""Emily Francis"",""Shirley Peel"",""Adam Eggleston"""
Larimer,City of Fort Collins Mayor,UPLOADED,73690,105-120-11,"""Shirley Peel(1)"",""Jeffrey Shumway(2)"",""Tricia Canonico(3)"",""Emily Francis(7)""","""Shirley Peel"",""Jeffrey Shumway"",""Tricia Canonico"""
Larimer,City of Fort Collins Mayor,UPLOADED,73694,105-120-58,"""Tricia Canonico(1)"",""Emily Francis(2)"",""Adam Eggleston(3)"",""Shirley Peel(4)"",""Scotty V VanTatenhove(6)"",""Jeffrey Shumway(7)""","""Tricia Canonico"",""Emily Francis"",""Adam Eggleston"",""Shirley Peel"""
Larimer,City of Fort Collins Councilmember - District 3,UPLOADED,73695,105-120-9,"""Steve Yurash(1)"",""Josh Fudge(2)"",""Steve Yurash(3)""","""Steve Yurash"",""Josh Fudge"""
Larimer,City of Fort Collins Mayor,UPLOADED,73890,111-96-1,"""Shirley Peel(2)"",""Scotty V VanTatenhove(3)"",""Tricia Canonico(4)"",""Scotty V VanTatenhove(5)"",""Adam Eggleston(6)""",""
Larimer,City of Fort Collins Mayor,UPLOADED,73892,111-96-75,"""Tricia Canonico(1)"",""Emily Francis(2)"",""Shirley Peel(3)"",""Scotty V VanTatenhove(4)"",""Jeffrey Shumway(6)"",""Adam Hirschhorn(7)""","""Tricia Canonico"",""Emily Francis"",""Shirley Peel"",""Scotty V VanTatenhove"""
Larimer,City of Fort Collins Mayor,UPLOADED,73893,111-96-29,"""Tricia Canonico(7)"",""Adam Eggleston(7)"",""Emily Francis(7)"",""Adam Hirschhorn(7)"",""Shirley Peel(7)"",""Jeffrey Shumway(7)"",""Scotty V VanTatenhove(7)""",""
Larimer,City of Fort Collins Councilmember - District 3,UPLOADED,73893,111-96-29,"""Josh Fudge(3)"",""Lance Smith(3)"",""Steve Yurash(3)""",""
Larimer,City of Fort Collins Mayor,UPLOADED,74187,104-98-17,"""Shirley Peel(1)"",""Jeffrey Shumway(2)"",""Emily Francis(3)"",""Adam Eggleston(4)"",""Adam Hirschhorn(5)"",""Adam Eggleston(6)"",""Tricia Canonico(7)"",""Scotty V VanTatenhove(7)""","""Shirley Peel"",""Jeffrey Shumway"",""Emily Francis"",""Adam Eggleston"",""Adam Hirschhorn"""
Larimer,City of Fort Collins Mayor,UPLOADED,74191,104-98-10,"""Emily Francis(1)"",""Tricia Canonico(2)"",""Shirley Peel(3)"",""Adam Hirschhorn(4)"",""Jeffrey Shumway(5)"",""Scotty V VanTatenhove(6)"",""Jeffrey Shumway(7)""","""Emily Francis"",""Tricia Canonico"",""Shirley Peel"",""Adam Hirschhorn"",""Jeffrey Shumway"",""Scotty V VanTatenhove"""
Larimer,City of Fort Collins Mayor,UPLOADED,74782,112-110-3,"""Emily Francis(1)"",""Scotty V VanTatenhove(2)"",""Adam Eggleston(3)"",""Emily Francis(4)"",""Shirley Peel(5)"",""Tricia Canonico(6)"",""Jeffrey Shumway(7)""","""Emily Francis"",""Scotty V VanTatenhove"",""Adam Eggleston"""
Larimer,City of Fort Collins Mayor,UPLOADED,74783,112-110-26,"""Tricia Canonico(1)"",""Shirley Peel(2)"",""Adam Eggleston(3)"",""Adam Hirschhorn(4)"",""Scotty V VanTatenhove(5)"",""Jeffrey Shumway(6)"",""Adam Hirschhorn(7)""","""Tricia Canonico"",""Shirley Peel"",""Adam Eggleston"",""Adam Hirschhorn"",""Scotty V VanTatenhove"",""Jeffrey Shumway"""
Larimer,City of Fort Collins Mayor,UPLOADED,74784,112-110-47,"""Emily Francis(1)"",""Shirley Peel(2)"",""Adam Hirschhorn(3)"",""Tricia Canonico(4)"",""Scotty V VanTatenhove(5)"",""Adam Hirschhorn(6)"",""Jeffrey Shumway(7)""","""Emily Francis"",""Shirley Peel"",""Adam Hirschhorn"",""Tricia Canonico"",""Scotty V VanTatenhove"""
Larimer,City of Fort Collins Mayor,UPLOADED,74786,112-110-49,"""Shirley Peel(1)"",""Emily Francis(2)"",""Tricia Canonico(3)"",""Emily Francis(4)"",""Adam Hirschhorn(5)"",""Jeffrey Shumway(6)"",""Scotty V VanTatenhove(7)""","""Shirley Peel"",""Emily Francis"",""Tricia Canonico"""
Larimer,City of Fort Collins Mayor,UPLOADED,74880,106-122-2,"""Jeffrey Shumway(1)"",""Adam Hirschhorn(2)"",""Shirley Peel(3)"",""Emily Francis(4)"",""Adam Hirschhorn(5)"",""Tricia Canonico(6)"",""Scotty V VanTatenhove(7)""","""Jeffrey Shumway"",""Adam Hirschhorn"",""Shirley Peel"",""Emily Francis"""
Larimer,City of Fort Collins Mayor,UPLOADED,74883,106-122-5,"""Emily Francis(1)"",""Scotty V VanTatenhove(2)"",""Adam Hirschhorn(3)"",""Adam Eggleston(4)"",""Adam Eggleston(5)"",""Jeffrey Shumway(6)"",""Adam Hirschhorn(7)""","""Emily Francis"",""Scotty V VanTatenhove"",""Adam Hirschhorn"",""Adam Eggleston"""
Larimer,City of Fort Collins Mayor,UPLOADED,74885,106-122-35,"""Emily Francis(1)"",""Adam Eggleston(2)"",""Tricia Canonico(3)"",""Shirley Peel(4)"",""Adam Eggleston(5)"",""Scotty V VanTatenhove(6)"",""Jeffrey Shumway(7)""","""Emily Francis"",""Adam Eggleston"",""Tricia Canonico"",""Shirley Peel"""
Larimer,City of Fort Collins Mayor,UPLOADED,74886,106-122-88,"""Shirley Peel(1)"",""Adam Eggleston(4)"",""Tricia Canonico(5)"",""Emily Francis(6)"",""Adam Hirschhorn(7)""","""Shirley Peel"""
Larimer,City of Fort Collins Mayor,UPLOADED,74980,109-96-89,"""Emily Francis(1)"",""Adam Hirschhorn(2)"",""Tricia Canonico(3)"",""Adam Eggleston(4)"",""Adam Hirschhorn(5)"",""Jeffrey Shumway(6)"",""Scotty V VanTatenhove(7)""","""Emily Francis"",""Adam Hirschhorn"",""Tricia Canonico"",""Adam Eggleston"""
Larimer,City of Fort Collins Mayor,UPLOADED,74981,109-96-71,"""Shirley Peel(1)"",""Scotty V VanTatenhove(6)"",""Adam Hirschhorn(7)""","""Shirley Peel"""
Larimer,City of Fort Collins Mayor,UPLOADED,74982,109-96-98,"""Tricia Canonico(1)"",""Emily Francis(2)"",""Shirley Peel(7)""","""Tricia Canonico"",""Emily Francis"""
Larimer,City of Fort Collins Mayor,UPLOADED,74984,109-96-28,"""Jeffrey Shumway(1)"",""Shirley Peel(2)"",""Tricia Canonico(3)"",""Emily Francis(4)"",""Scotty V VanTatenhove(5)"",""Emily Francis(6)"",""Adam Hirschhorn(7)""","""Jeffrey Shumway"",""Shirley Peel"",""Tricia Canonico"",""Emily Francis"",""Scotty V VanTatenhove"""
Larimer,City of Fort Collins Mayor,UPLOADED,74985,109-96-100,"""Tricia Canonico(1)"",""Emily Francis(2)"",""Shirley Peel(3)"",""Shirley Peel(4)"",""Scotty V VanTatenhove(5)"",""Jeffrey Shumway(6)"",""Adam Hirschhorn(7)""","""Tricia Canonico"",""Emily Francis"",""Shirley Peel"""
Larimer,City of Fort Collins Mayor,UPLOADED,74986,109-96-91,"""Emily Francis(1)"",""Shirley Peel(2)"",""Tricia Canonico(3)"",""Shirley Peel(5)"",""Jeffrey Shumway(6)"",""Scotty V VanTatenhove(7)""","""Emily Francis"",""Shirley Peel"",""Tricia Canonico"""
Larimer,City of Fort Collins Mayor,UPLOADED,75084,105-122-76,"""Emily Francis(1)"",""Tricia Canonico(2)"",""Adam Eggleston(7)""","""Emily Francis"",""Tricia Canonico"""
Larimer,City of Fort Collins Mayor,UPLOADED,75085,105-122-72,"""Tricia Canonico(1)"",""Emily Francis(2)"",""Adam Eggleston(3)"",""Shirley Peel(4)"",""Emily Francis(5)"",""Jeffrey Shumway(6)""","""Tricia Canonico"",""Emily Francis"",""Adam Eggleston"",""Shirley Peel"""
Larimer,City of Fort Collins Mayor,UPLOADED,75086,105-122-52,"""Tricia Canonico(1)"",""Tricia Canonico(2)"",""Shirley Peel(3)""","""Tricia Canonico"""
Larimer,City of Fort Collins Mayor,UPLOADED,75180,104-100-20,"""Emily Francis(1)"",""Shirley Peel(2)"",""Adam Hirschhorn(3)"",""Tricia Canonico(4)"",""Scotty V VanTatenhove(5)"",""Adam Hirschhorn(6)"",""Jeffrey Shumway(7)""","""Emily Francis"",""Shirley Peel"",""Adam Hirschhorn"",""Tricia Canonico"",""Scotty V VanTatenhove"""
Larimer,City of Fort Collins Mayor,UPLOADED,75182,104-100-62,"""Tricia Canonico(1)"",""Emily Francis(2)"",""Adam Hirschhorn(3)"",""Shirley Peel(4)"",""Scotty V VanTatenhove(5)"",""Jeffrey Shumway(6)"",""Adam Hirschhorn(7)""","""Tricia Canonico"",""Emily Francis"",""Adam Hirschhorn"",""Shirley Peel"",""Scotty V VanTatenhove"",""Jeffrey Shumway"""
Larimer,City of Fort Collins Mayor,UPLOADED,75183,104-100-42,"""Adam Eggleston(1)"",""Shirley Peel(2)"",""Adam Hirschhorn(3)"",""Scotty V VanTatenhove(7)""","""Adam Eggleston"",""Shirley Peel"",""Adam Hirschhorn"""
Larimer,City of Fort Collins Mayor,UPLOADED,75184,104-100-7,"""Emily Francis(1)"",""Shirley Peel(2)"",""Tricia Canonico(3)"",""Scotty V VanTatenhove(4)"",""Jeffrey Shumway(5)"",""Adam Eggleston(6)"",""Jeffrey Shumway(7)""","""Emily Francis"",""Shirley Peel"",""Tricia Canonico"",""Scotty V VanTatenhove"",""Jeffrey Shumway"",""Adam Eggleston"""
Larimer,City of Fort Collins Mayor,UPLOADED,75185,104-100-31,"""Emily Francis(1)"",""Adam Eggleston(6)"",""Tricia Canonico(7)""","""Emily Francis"""
Larimer,City of Fort Collins Mayor,UPLOADED,75280,110-94-20,"""Emily Francis(1)"",""Shirley Peel(2)"",""Tricia Canonico(3)"",""Adam Eggleston(4)"",""Emily Francis(5)"",""Shirley Peel(6)"",""Scotty V VanTatenhove(7)""","""Emily Francis"",""Shirley Peel"",""Tricia Canonico"",""Adam Eggleston"""
Larimer,City of Fort Collins Mayor,UPLOADED,75783,103-88-16,"""Shirley Peel(1)"",""Shirley Peel(2)"",""Shirley Peel(3)"",""Shirley Peel(4)"",""Shirley Peel(5)"",""Shirley Peel(6)"",""Shirley Peel(7)""","""Shirley Peel"""
Larimer,City of Fort Collins Mayor,UPLOADED,75784,103-88-82,"""Tricia Canonico(1)"",""Emily Francis(2)"",""Scotty V VanTatenhove(7)""","""Tricia Canonico"",""Emily Francis"""
Larimer,City of Fort Collins Mayor,UPLOADED,76081,112-112-52,"""Emily Francis(1)"",""Shirley Peel(2)"",""Tricia Canonico(3)"",""Scotty V VanTatenhove(4)"",""Adam Eggleston(5)"",""Jeffrey Shumway(7)""","""Emily Francis"",""Shirley Peel"",""Tricia Canonico"",""Scotty V VanTatenhove"",""Adam Eggleston"""
Larimer,City of Fort Collins Mayor,UPLOADED,76082,112-112-48,"""Jeffrey Shumway(1)"",""Shirley Peel(2)"",""Tricia Canonico(3)"",""Adam Hirschhorn(4)"",""Scotty V VanTatenhove(5)"",""Adam Hirschhorn(6)"",""Emily Francis(7)""","""Jeffrey Shumway"",""Shirley Peel"",""Tricia Canonico"",""Adam Hirschhorn"",""Scotty V VanTatenhove"""
Larimer,City of Fort Collins Mayor,UPLOADED,76083,112-112-12,"""Emily Francis(1)"",""Tricia Canonico(2)"",""Scotty V VanTatenhove(3)"",""Adam Hirschhorn(4)"",""Shirley Peel(5)"",""Adam Hirschhorn(6)"",""Jeffrey Shumway(7)""","""Emily Francis"",""Tricia Canonico"",""Scotty V VanTatenhove"",""Adam Hirschhorn"",""Shirley Peel"""
Larimer,City of Fort Collins Mayor,UPLOADED,76379,106-124-66,"""Jeffrey Shumway(1)"",""Adam Hirschhorn(2)"",""Shirley Peel(3)"",""Emily Francis(4)"",""Adam Hirschhorn(5)"",""Tricia Canonico(6)"",""Scotty V VanTatenhove(7)""","""Jeffrey Shumway"",""Adam Hirschhorn"",""Shirley Peel"",""Emily Francis"""
Larimer,City of Fort Collins Mayor,UPLOADED,76380,106-124-46,"""Jeffrey Shumway(1)"",""Scotty V VanTatenhove(2)"",""Adam Eggleston(3)"",""Tricia Canonico(4)"",""Shirley Peel(5)"",""Shirley Peel(6)"",""Adam Hirschhorn(7)""","""Jeffrey Shumway"",""Scotty V VanTatenhove"",""Adam Eggleston"",""Tricia Canonico"",""Shirley Peel"""
Larimer,City of Fort Collins Mayor,UPLOADED,76381,106-124-63,"""Scotty V VanTatenhove(1)"",""Emily Francis(2)"",""Adam Hirschhorn(3)"",""Shirley Peel(4)"",""Adam Eggleston(5)"",""Tricia Canonico(6)"",""Emily Francis(7)""","""Scotty V VanTatenhove"",""Emily Francis"",""Adam Hirschhorn"",""Shirley Peel"",""Adam Eggleston"",""Tricia Canonico"""
Larimer,City of Fort Collins Mayor,UPLOADED,76382,106-124-48,"""Emily Francis(1)"",""Adam Eggleston(2)"",""Tricia Canonico(3)"",""Jeffrey Shumway(7)""","""Emily Francis"",""Adam Eggleston"",""Tricia Canonico"""
Larimer,City of Fort Collins Mayor,UPLOADED,76479,105-124-8,"""Shirley Peel(1)"",""Emily Francis(2)"",""Adam Hirschhorn(3)"",""Tricia Canonico(4)"",""Scotty V VanTatenhove(5)"",""Adam Eggleston(6)"",""Scotty V VanTatenhove(7)""","""Shirley Peel"",""Emily Francis"",""Adam Hirschhorn"",""Tricia Canonico"",""Scotty V VanTatenhove"",""Adam Eggleston"""
Larimer,City of Fort Collins Mayor,UPLOADED,76480,105-124-94,"""Shirley Peel(1)"",""Emily Francis(2)"",""Tricia Canonico(6)"",""Adam Eggleston(7)"",""Adam Hirschhorn(7)"",""Jeffrey Shumway(7)"",""Scotty V VanTatenhove(7)""","""Shirley Peel"",""Emily Francis"""
Larimer,City of Fort Collins Councilmember - District 3,UPLOADED,76480,105-124-94,"""Josh Fudge(3)"",""Lance Smith(3)"",""Steve Yurash(3)""",""
Larimer,City of Fort Collins Mayor,UPLOADED,76775,104-102-47,"""Emily Francis(1)"",""Tricia Canonico(2)"",""Adam Eggleston(3)"",""Scotty V VanTatenhove(4)"",""Jeffrey Shumway(5)"",""Adam Hirschhorn(6)"",""Jeffrey Shumway(7)""","""Emily Francis"",""Tricia Canonico"",""Adam Eggleston"",""Scotty V VanTatenhove"",""Jeffrey Shumway"",""Adam Hirschhorn"""
Larimer,City of Fort Collins Councilmember - District 1,UPLOADED,76777,104-102-2,"""Chris Conway(1)"",""Daisy Montgomery(3)""","""Chris Conway"""
Larimer,City of Fort Collins Mayor,UPLOADED,76778,104-102-25,"""Emily Francis(1)"",""Adam Eggleston(2)"",""Shirley Peel(7)""","""Emily Francis"",""Adam Eggleston"""
Larimer,City of Fort Collins Mayor,UPLOADED,76779,104-102-1,"""Scotty V VanTatenhove(1)"",""Jeffrey Shumway(2)"",""Tricia Canonico(3)"",""Adam Hirschhorn(4)"",""Emily Francis(5)"",""Emily Francis(6)"",""Adam Eggleston(7)""","""Scotty V VanTatenhove"",""Jeffrey Shumway"",""Tricia Canonico"",""Adam Hirschhorn"",""Emily Francis"""
Larimer,City of Fort Collins Mayor,UPLOADED,76781,104-102-45,"""Tricia Canonico(1)"",""Emily Francis(2)"",""Shirley Peel(7)""","""Tricia Canonico"",""Emily Francis"""
Larimer,City of Fort Collins Mayor,UPLOADED,76782,104-102-59,"""Tricia Canonico(1)"",""Emily Francis(2)"",""Shirley Peel(3)"",""Scotty V VanTatenhove(5)""","""Tricia Canonico"",""Emily Francis"",""Shirley Peel"""
Larimer,City of Fort Collins Mayor,UPLOADED,76877,111-100-57,"""Tricia Canonico(1)"",""Shirley Peel(2)"",""Scotty V VanTatenhove(3)"",""Adam Eggleston(4)"",""Shirley Peel(5)"",""Jeffrey Shumway(6)"",""Emily Francis(7)""","""Tricia Canonico"",""Shirley Peel"",""Scotty V VanTatenhove"",""Adam Eggleston"""
Larimer,City of Fort Collins Mayor,UPLOADED,76878,111-100-41,"""Tricia Canonico(1)"",""Jeffrey Shumway(2)"",""Scotty V VanTatenhove(3)"",""Adam Eggleston(4)"",""Emily Francis(5)"",""Adam Hirschhorn(6)"",""Adam Hirschhorn(7)""","""Tricia Canonico"",""Jeffrey Shumway"",""Scotty V VanTatenhove"",""Adam Eggleston"",""Emily Francis"",""Adam Hirschhorn"""
Larimer,City of Fort Collins Mayor,UPLOADED,76879,111-100-84,"""Adam Eggleston(1)"",""Emily Francis(2)"",""Adam Hirschhorn(3)"",""Scotty V VanTatenhove(4)"",""Shirley Peel(5)"",""Emily Francis(6)"",""Tricia Canonico(7)""","""Adam Eggleston"",""Emily Francis"",""Adam Hirschhorn"",""Scotty V VanTatenhove"",""Shirley Peel"""
Larimer,City of Fort Collins Mayor,UPLOADED,76880,111-100-21,"""Jeffrey Shumway(1)"",""Adam Eggleston(2)"",""Shirley Peel(3)"",""Emily Francis(4)"",""Emily Francis(5)"",""Jeffrey Shumway(6)"",""Scotty V VanTatenhove(7)""","""Jeffrey Shumway"",""Adam Eggleston"",""Shirley Peel"",""Emily Francis"""
Larimer,City of Fort Collins Mayor,UPLOADED,76881,111-100-3,"""Jeffrey Shumway(1)"",""Jeffrey Shumway(2)"",""Jeffrey Shumway(3)"",""Jeffrey Shumway(4)"",""Jeffrey Shumway(5)"",""Jeffrey Shumway(6)"",""Jeffrey Shumway(7)""","""Jeffrey Shumway"""
Larimer,City of Fort Collins Mayor,UPLOADED,77269,110-96-1,"""Shirley Peel(1)"",""Emily Francis(2)"",""Tricia Canonico(3)"",""Adam Hirschhorn(4)"",""Scotty V VanTatenhove(5)"",""Adam Eggleston(6)"",""Adam Hirschhorn(7)""","""Shirley Peel"",""Emily Francis"",""Tricia Canonico"",""Adam Hirschhorn"",""Scotty V VanTatenhove"",""Adam Eggleston"""
Larimer,City of Fort Collins Councilmember - District 3,UPLOADED,77270,110-96-31,"""Steve Yurash(1)"",""Josh Fudge(2)"",""Steve Yurash(3)""","""Steve Yurash"",""Josh Fudge"""
Larimer,City of Fort Collins Mayor,UPLOADED,77271,110-96-48,"""Emily Francis(1)"",""Tricia Canonico(2)"",""Adam Hirschhorn(3)"",""Scotty V VanTatenhove(4)"",""Tricia Canonico(5)"",""Shirley Peel(6)"",""Jeffrey Shumway(7)""","""Emily Francis"",""Tricia Canonico"",""Adam Hirschhorn"",""Scotty V VanTatenhove"""
Larimer,City of Fort Collins Mayor,UPLOADED,77272,110-96-5,"""Emily Francis(1)"",""Shirley Peel(2)"",""Tricia Canonico(3)"",""Adam Eggleston(4)"",""Jeffrey Shumway(5)"",""Scotty V VanTatenhove(6)"",""Adam Eggleston(7)""","""Emily Francis"",""Shirley Peel"",""Tricia Canonico"",""Adam Eggleston"",""Jeffrey Shumway"",""Scotty V VanTatenhove"""
Larimer,City of Fort Collins Mayor,UPLOADED,77273,110-96-35,"""Emily Francis(1)"",""Tricia Canonico(2)"",""Jeffrey Shumway(6)"",""Adam Hirschhorn(7)""","""Emily Francis"",""Tricia Canonico"""
Larimer,City of Fort Collins Mayor,UPLOADED,77274,110-96-39,"""Tricia Canonico(1)"",""Tricia Canonico(2)"",""Shirley Peel(2)"",""Emily Francis(3)"",""Adam Eggleston(4)"",""Adam Hirschhorn(5)"",""Jeffrey Shumway(6)"",""Scotty V VanTatenhove(7)""","""Tricia Canonico"",""Shirley Peel"",""Emily Francis"",""Adam Eggleston"",""Adam Hirschhorn"",""Jeffrey Shumway"",""Scotty V VanTatenhove"""
Larimer,City of Fort Collins Mayor,UPLOADED,86960,104-115-87,"""Emily Francis(1)"",""Shirley Peel(2)"",""Tricia Canonico(6)""","""Emily Francis"",""Shirley Peel"""
Larimer,City of Fort Collins Mayor,UPLOADED,77275,110-96-72,"""Emily Francis(1)"",""Tricia Canonico(2)"",""Adam Hirschhorn(3)"",""Jeffrey Shumway(4)"",""Scotty V VanTatenhove(5)"",""Adam Eggleston(6)"",""Emily Francis(7)""","""Emily Francis"",""Tricia Canonico"",""Adam Hirschhorn"",""Jeffrey Shumway"",""Scotty V VanTatenhove"",""Adam Eggleston"""
Larimer,City of Fort Collins Mayor,UPLOADED,77278,110-96-65,"""Emily Francis(1)"",""Tricia Canonico(2)"",""Scotty V VanTatenhove(3)"",""Jeffrey Shumway(7)""","""Emily Francis"",""Tricia Canonico"",""Scotty V VanTatenhove"""
Larimer,City of Fort Collins Mayor,UPLOADED,77279,110-96-73,"""Tricia Canonico(1)"",""Emily Francis(2)"",""Adam Eggleston(4)"",""Scotty V VanTatenhove(5)"",""Jeffrey Shumway(6)"",""Adam Hirschhorn(7)""","""Tricia Canonico"",""Emily Francis"""
Larimer,City of Fort Collins Mayor,UPLOADED,77280,110-96-28,"""Emily Francis(1)"",""Adam Eggleston(2)"",""Tricia Canonico(3)"",""Adam Hirschhorn(4)"",""Jeffrey Shumway(5)"",""Shirley Peel(6)"",""Jeffrey Shumway(7)""","""Emily Francis"",""Adam Eggleston"",""Tricia Canonico"",""Adam Hirschhorn"",""Jeffrey Shumway"",""Shirley Peel"""
Larimer,City of Fort Collins Mayor,UPLOADED,77281,110-96-77,"""Tricia Canonico(1)"",""Emily Francis(2)"",""Adam Eggleston(4)"",""Scotty V VanTatenhove(5)"",""Jeffrey Shumway(6)"",""Adam Hirschhorn(7)""","""Tricia Canonico"",""Emily Francis"""
Larimer,City of Fort Collins Mayor,UPLOADED,77282,110-96-37,"""Emily Francis(1)"",""Adam Eggleston(2)"",""Emily Francis(3)"",""Tricia Canonico(4)"",""Shirley Peel(5)"",""Adam Hirschhorn(6)"",""Jeffrey Shumway(7)""","""Emily Francis"",""Adam Eggleston"""
Larimer,City of Fort Collins Mayor,UPLOADED,77374,112-114-56,"""Emily Francis(1)"",""Scotty V VanTatenhove(2)"",""Tricia Canonico(3)"",""Adam Hirschhorn(4)"",""Adam Eggleston(5)"",""Adam Hirschhorn(6)"",""Jeffrey Shumway(7)""","""Emily Francis"",""Scotty V VanTatenhove"",""Tricia Canonico"",""Adam Hirschhorn"",""Adam Eggleston"""
Larimer,City of Fort Collins Mayor,UPLOADED,77377,112-114-74,"""Shirley Peel(1)"",""Adam Eggleston(2)"",""Jeffrey Shumway(3)"",""Scotty V VanTatenhove(6)"",""Adam Hirschhorn(7)""","""Shirley Peel"",""Adam Eggleston"",""Jeffrey Shumway"""
Larimer,City of Fort Collins Mayor,UPLOADED,77379,112-114-61,"""Tricia Canonico(1)"",""Emily Francis(2)"",""Adam Eggleston(6)"",""Jeffrey Shumway(7)""","""Tricia Canonico"",""Emily Francis"""
Larimer,City of Fort Collins Mayor,UPLOADED,77380,112-114-5,"""Jeffrey Shumway(1)"",""Scotty V VanTatenhove(2)"",""Shirley Peel(3)"",""Tricia Canonico(7)"",""Adam Eggleston(7)"",""Emily Francis(7)"",""Adam Hirschhorn(7)""","""Jeffrey Shumway"",""Scotty V VanTatenhove"",""Shirley Peel"""
Larimer,City of Fort Collins Mayor,UPLOADED,77472,109-98-4,"""Emily Francis(1)"",""Tricia Canonico(2)"",""Adam Eggleston(3)"",""Scotty V VanTatenhove(4)"",""Tricia Canonico(5)"",""Jeffrey Shumway(6)"",""Adam Hirschhorn(7)""","""Emily Francis"",""Tricia Canonico"",""Adam Eggleston"",""Scotty V VanTatenhove"""
Larimer,City of Fort Collins Mayor,UPLOADED,77474,109-98-8,"""Emily Francis(1)"",""Tricia Canonico(2)"",""Adam Eggleston(3)"",""Adam Hirschhorn(4)"",""Jeffrey Shumway(5)"",""Shirley Peel(6)"",""Shirley Peel(7)""","""Emily Francis"",""Tricia Canonico"",""Adam Eggleston"",""Adam Hirschhorn"",""Jeffrey Shumway"",""Shirley Peel"""
Larimer,City of Fort Collins Mayor,UPLOADED,77476,109-98-86,"""Emily Francis(1)"",""Emily Francis(2)"",""Emily Francis(3)""","""Emily Francis"""
Larimer,City of Fort Collins Mayor,UPLOADED,77477,109-98-80,"""Emily Francis(1)"",""Tricia Canonico(2)"",""Shirley Peel(3)"",""Adam Hirschhorn(4)"",""Jeffrey Shumway(5)"",""Scotty V VanTatenhove(6)"",""Adam Hirschhorn(7)""","""Emily Francis"",""Tricia Canonico"",""Shirley Peel"",""Adam Hirschhorn"",""Jeffrey Shumway"",""Scotty V VanTatenhove"""
Larimer,City of Fort Collins Mayor,UPLOADED,77478,109-98-53,"""Emily Francis(1)"",""Tricia Canonico(2)"",""Adam Eggleston(3)"",""Scotty V VanTatenhove(7)""","""Emily Francis"",""Tricia Canonico"",""Adam Eggleston"""
Larimer,City of Fort Collins Mayor,UPLOADED,77480,109-98-87,"""Tricia Canonico(1)"",""Emily Francis(2)"",""Adam Hirschhorn(3)"",""Adam Eggleston(4)"",""Shirley Peel(5)"",""Adam Hirschhorn(6)"",""Jeffrey Shumway(7)""","""Tricia Canonico"",""Emily Francis"",""Adam Hirschhorn"",""Adam Eggleston"",""Shirley Peel"""
Larimer,City of Fort Collins Mayor,UPLOADED,77678,103-90-63,"""Emily Francis(1)"",""Shirley Peel(2)"",""Tricia Canonico(3)"",""Adam Eggleston(4)"",""Adam Hirschhorn(5)"",""Jeffrey Shumway(6)"",""Adam Hirschhorn(7)""","""Emily Francis"",""Shirley Peel"",""Tricia Canonico"",""Adam Eggleston"",""Adam Hirschhorn"",""Jeffrey Shumway"""
Larimer,City of Fort Collins Mayor,UPLOADED,77679,103-90-38,"""Scotty V VanTatenhove(1)"",""Emily Francis(2)"",""Tricia Canonico(3)"",""Shirley Peel(4)"",""Adam Hirschhorn(5)"",""Adam Hirschhorn(6)"",""Jeffrey Shumway(7)""","""Scotty V VanTatenhove"",""Emily Francis"",""Tricia Canonico"",""Shirley Peel"",""Adam Hirschhorn"""
Larimer,City of Fort Collins Mayor,UPLOADED,77680,103-90-48,"""Scotty V VanTatenhove(7)""",""
Larimer,City of Fort Collins Mayor,UPLOADED,77681,103-90-5,"""Tricia Canonico(1)"",""Jeffrey Shumway(5)"",""Jeffrey Shumway(6)"",""Jeffrey Shumway(7)""","""Tricia Canonico"""
Larimer,City of Fort Collins Mayor,UPLOADED,77879,105-126-2,"""Emily Francis(1)"",""Shirley Peel(2)"",""Tricia Canonico(3)"",""Jeffrey Shumway(7)""","""Emily Francis"",""Shirley Peel"",""Tricia Canonico"""
Larimer,City of Fort Collins Mayor,UPLOADED,77880,105-126-1,"""Emily Francis(1)"",""Tricia Canonico(2)"",""Shirley Peel(3)"",""Adam Hirschhorn(4)"",""Jeffrey Shumway(5)"",""Scotty V VanTatenhove(6)"",""Adam Hirschhorn(7)""","""Emily Francis"",""Tricia Canonico"",""Shirley Peel"",""Adam Hirschhorn"",""Jeffrey Shumway"",""Scotty V VanTatenhove"""
Larimer,City of Fort Collins Mayor,UPLOADED,77881,105-126-83,"""Tricia Canonico(1)"",""Scotty V VanTatenhove(2)"",""Shirley Peel(3)"",""Adam Hirschhorn(4)"",""Emily Francis(5)"",""Adam Hirschhorn(6)"",""Jeffrey Shumway(7)""","""Tricia Canonico"",""Scotty V VanTatenhove"",""Shirley Peel"",""Adam Hirschhorn"",""Emily Francis"""
Larimer,City of Fort Collins Mayor,UPLOADED,80376,110-99-66,"""Adam Eggleston(1)"",""Jeffrey Shumway(4)"",""Adam Hirschhorn(5)"",""Scotty V VanTatenhove(5)"",""Emily Francis(6)"",""Tricia Canonico(7)"",""Shirley Peel(7)""","""Adam Eggleston"""
Larimer,City of Fort Collins Mayor,UPLOADED,80377,110-99-100,"""Tricia Canonico(1)"",""Emily Francis(2)"",""Jeffrey Shumway(6)"",""Adam Eggleston(7)""","""Tricia Canonico"",""Emily Francis"""
Larimer,City of Fort Collins Mayor,UPLOADED,86963,104-115-2,"""Emily Francis(1)"",""Shirley Peel(2)"",""Scotty V VanTatenhove(3)"",""Tricia Canonico(4)"",""Adam Eggleston(5)"",""Emily Francis(6)"",""Adam Hirschhorn(7)""","""Emily Francis"",""Shirley Peel"",""Scotty V VanTatenhove"",""Tricia Canonico"",""Adam Eggleston"""
Larimer,City of Fort Collins Mayor,UPLOADED,86965,104-115-11,"""Tricia Canonico(1)"",""Shirley Peel(3)""","""Tricia Canonico"""
Larimer,City of Fort Collins Mayor,UPLOADED,87058,109-110-60,"""Emily Francis(1)"",""Tricia Canonico(2)"",""Adam Eggleston(3)"",""Jeffrey Shumway(4)"",""Adam Hirschhorn(5)"",""Shirley Peel(6)"",""Jeffrey Shumway(7)""","""Emily Francis"",""Tricia Canonico"",""Adam Eggleston"",""Jeffrey Shumway"",""Adam Hirschhorn"",""Shirley Peel"""
Larimer,City of Fort Collins Mayor,UPLOADED,87060,109-110-93,"""Emily Francis(1)"",""Tricia Canonico(2)"",""Shirley Peel(3)"",""Adam Eggleston(4)"",""Jeffrey Shumway(5)"",""Scotty V VanTatenhove(6)"",""Adam Eggleston(7)""","""Emily Francis"",""Tricia Canonico"",""Shirley Peel"",""Adam Eggleston"",""Jeffrey Shumway"",""Scotty V VanTatenhove"""
Larimer,City of Fort Collins Mayor,UPLOADED,87062,109-110-97,"""Emily Francis(1)"",""Tricia Canonico(2)"",""Shirley Peel(3)"",""Adam Hirschhorn(4)"",""Adam Eggleston(7)""","""Emily Francis"",""Tricia Canonico"",""Shirley Peel"",""Adam Hirschhorn"""
Larimer,City of Fort Collins Mayor,UPLOADED,87065,109-110-30,"""Shirley Peel(1)"",""Scotty V VanTatenhove(2)"",""Emily Francis(3)"",""Adam Eggleston(4)"",""Tricia Canonico(5)"",""Scotty V VanTatenhove(6)"",""Jeffrey Shumway(7)""","""Shirley Peel"",""Scotty V VanTatenhove"",""Emily Francis"",""Adam Eggleston"",""Tricia Canonico"""
Larimer,City of Fort Collins Mayor,UPLOADED,87163,112-126-30,"""Emily Francis(1)"",""Tricia Canonico(2)"",""Adam Hirschhorn(3)"",""Shirley Peel(4)"",""Scotty V VanTatenhove(5)"",""Emily Francis(6)"",""Jeffrey Shumway(7)""","""Emily Francis"",""Tricia Canonico"",""Adam Hirschhorn"",""Shirley Peel"",""Scotty V VanTatenhove"""
Larimer,City of Fort Collins Mayor,UPLOADED,87165,112-126-90,"""Emily Francis(1)"",""Tricia Canonico(2)"",""Jeffrey Shumway(4)"",""Shirley Peel(5)"",""Adam Hirschhorn(6)"",""Scotty V VanTatenhove(7)""","""Emily Francis"",""Tricia Canonico"""
Larimer,City of Fort Collins Mayor,UPLOADED,87361,103-100-45,"""Scotty V VanTatenhove(1)"",""Emily Francis(2)"",""Adam Hirschhorn(3)"",""Tricia Canonico(4)"",""Shirley Peel(6)"",""Jeffrey Shumway(7)""","""Scotty V VanTatenhove"",""Emily Francis"",""Adam Hirschhorn"",""Tricia Canonico"""
Larimer,City of Fort Collins Mayor,UPLOADED,87364,103-100-72,"""Emily Francis(1)"",""Adam Eggleston(2)"",""Tricia Canonico(3)"",""Adam Eggleston(4)"",""Scotty V VanTatenhove(5)"",""Shirley Peel(6)"",""Jeffrey Shumway(7)""","""Emily Francis"",""Adam Eggleston"",""Tricia Canonico"""
Larimer,City of Fort Collins Mayor,UPLOADED,87461,110-107-3,"""Jeffrey Shumway(1)"",""Tricia Canonico(7)"",""Adam Eggleston(7)"",""Emily Francis(7)"",""Adam Hirschhorn(7)"",""Shirley Peel(7)"",""Jeffrey Shumway(7)"",""Scotty V VanTatenhove(7)""","""Jeffrey Shumway"""
Larimer,City of Fort Collins Mayor,UPLOADED,87462,110-107-90,"""Emily Francis(1)"",""Adam Eggleston(2)"",""Shirley Peel(4)""","""Emily Francis"",""Adam Eggleston"""
Larimer,City of Fort Collins Mayor,UPLOADED,87463,110-107-53,"""Shirley Peel(1)"",""Tricia Canonico(7)""","""Shirley Peel"""
Larimer,City of Fort Collins Councilmember - District 3,UPLOADED,87464,110-107-13,"""Josh Fudge(1)"",""Lance Smith(3)""","""Josh Fudge"""
Larimer,City of Fort Collins Mayor,UPLOADED,87559,111-113-81,"""Jeffrey Shumway(1)"",""Adam Hirschhorn(2)"",""Tricia Canonico(3)"",""Adam Eggleston(4)"",""Emily Francis(5)"",""Adam Hirschhorn(6)"",""Scotty V VanTatenhove(7)""","""Jeffrey Shumway"",""Adam Hirschhorn"",""Tricia Canonico"",""Adam Eggleston"",""Emily Francis"""
Larimer,City of Fort Collins Mayor,UPLOADED,87560,111-113-35,"""Emily Francis(1)"",""Shirley Peel(2)"",""Tricia Canonico(3)"",""Adam Hirschhorn(5)"",""Scotty V VanTatenhove(6)"",""Adam Eggleston(7)"",""Jeffrey Shumway(7)""","""Emily Francis"",""Shirley Peel"",""Tricia Canonico"""
Larimer,City of Fort Collins Mayor,UPLOADED,87562,111-113-42,"""Emily Francis(1)"",""Tricia Canonico(2)"",""Adam Hirschhorn(3)"",""Shirley Peel(3)"",""Jeffrey Shumway(4)"",""Adam Eggleston(5)"",""Adam Hirschhorn(6)"",""Scotty V VanTatenhove(7)""","""Emily Francis"",""Tricia Canonico"""
Larimer,City of Fort Collins Mayor,UPLOADED,87564,111-113-63,"""Jeffrey Shumway(1)"",""Shirley Peel(2)"",""Emily Francis(3)"",""Adam Eggleston(4)"",""Shirley Peel(5)"",""Scotty V VanTatenhove(6)"",""Tricia Canonico(7)""","""Jeffrey Shumway"",""Shirley Peel"",""Emily Francis"",""Adam Eggleston"""
Larimer,City of Fort Collins Mayor,UPLOADED,87962,106-143-1,"""Shirley Peel(1)"",""Scotty V VanTatenhove(2)"",""Adam Eggleston(3)"",""Tricia Canonico(4)"",""Emily Francis(5)"",""Jeffrey Shumway(6)"",""Adam Hirschhorn(7)"",""Shirley Peel(7)""","""Shirley Peel"",""Scotty V VanTatenhove"",""Adam Eggleston"",""Tricia Canonico"",""Emily Francis"",""Jeffrey Shumway"",""Adam Hirschhorn"""
Larimer,City of Fort Collins Mayor,UPLOADED,87965,106-143-53,"""Emily Francis(1)"",""Tricia Canonico(2)"",""Scotty V VanTatenhove(7)""","""Emily Francis"",""Tricia Canonico"""
Larimer,City of Fort Collins Mayor,UPLOADED,88352,104-117-80,"""Shirley Peel(1)"",""Scotty V VanTatenhove(6)"",""Adam Hirschhorn(7)""","""Shirley Peel"""
Larimer,City of Fort Collins Mayor,UPLOADED,88353,104-117-3,"""Shirley Peel(1)"",""Shirley Peel(2)"",""Shirley Peel(3)"",""Shirley Peel(4)"",""Shirley Peel(5)"",""Shirley Peel(6)"",""Shirley Peel(7)""","""Shirley Peel"""
Larimer,City of Fort Collins Mayor,UPLOADED,88354,104-117-4,"""Shirley Peel(1)"",""Shirley Peel(2)"",""Shirley Peel(3)"",""Shirley Peel(4)"",""Shirley Peel(5)"",""Shirley Peel(6)"",""Shirley Peel(7)""","""Shirley Peel"""
Larimer,City of Fort Collins Mayor,UPLOADED,88356,104-117-7,"""Emily Francis(1)"",""Shirley Peel(2)"",""Jeffrey Shumway(7)""","""Emily Francis"",""Shirley Peel"""
Larimer,City of Fort Collins Mayor,UPLOADED,88357,104-117-65,"""Tricia Canonico(1)"",""Shirley Peel(2)"",""Adam Eggleston(3)"",""Scotty V VanTatenhove(4)"",""Jeffrey Shumway(5)"",""Adam Eggleston(6)"",""Emily Francis(7)""","""Tricia Canonico"",""Shirley Peel"",""Adam Eggleston"",""Scotty V VanTatenhove"",""Jeffrey Shumway"""
Larimer,City of Fort Collins Councilmember - District 1,UPLOADED,88359,104-117-22,"""Chris Conway(1)"",""Chris Conway(2)"",""Chris Conway(3)""","""Chris Conway"""
Larimer,City of Fort Collins Mayor,UPLOADED,88360,104-117-93,"""Emily Francis(1)"",""Tricia Canonico(2)"",""Adam Hirschhorn(3)"",""Shirley Peel(4)"",""Jeffrey Shumway(6)"",""Adam Eggleston(7)"",""Scotty V VanTatenhove(7)""","""Emily Francis"",""Tricia Canonico"",""Adam Hirschhorn"",""Shirley Peel"""
Larimer,City of Fort Collins Mayor,UPLOADED,88361,104-117-29,"""Emily Francis(1)"",""Tricia Canonico(2)"",""Adam Eggleston(3)"",""Scotty V VanTatenhove(4)"",""Shirley Peel(6)"",""Adam Hirschhorn(7)""","""Emily Francis"",""Tricia Canonico"",""Adam Eggleston"",""Scotty V VanTatenhove"""
Larimer,City of Fort Collins Mayor,UPLOADED,88363,104-117-2,"""Emily Francis(1)"",""Tricia Canonico(2)"",""Adam Eggleston(3)"",""Adam Hirschhorn(4)"",""Jeffrey Shumway(5)"",""Shirley Peel(6)"",""Shirley Peel(7)""","""Emily Francis"",""Tricia Canonico"",""Adam Eggleston"",""Adam Hirschhorn"",""Jeffrey Shumway"",""Shirley Peel"""
Larimer,City of Fort Collins Mayor,UPLOADED,88364,104-117-79,"""Shirley Peel(1)"",""Shirley Peel(2)"",""Shirley Peel(3)"",""Shirley Peel(4)"",""Shirley Peel(5)"",""Shirley Peel(6)"",""Shirley Peel(7)""","""Shirley Peel"""
Larimer,City of Fort Collins Mayor,UPLOADED,88762,105-141-85,"""Emily Francis(1)"",""Tricia Canonico(2)"",""Shirley Peel(4)"",""Adam Hirschhorn(6)"",""Adam Eggleston(7)"",""Jeffrey Shumway(7)""","""Emily Francis"",""Tricia Canonico"""
Larimer,City of Fort Collins Mayor,UPLOADED,88763,105-141-40,"""Shirley Peel(1)"",""Emily Francis(2)"",""Tricia Canonico(3)"",""Shirley Peel(4)"",""Shirley Peel(5)"",""Shirley Peel(6)"",""Shirley Peel(7)""","""Shirley Peel"",""Emily Francis"",""Tricia Canonico"""
Larimer,City of Fort Collins Mayor,UPLOADED,88853,111-115-80,"""Emily Francis(1)"",""Jeffrey Shumway(7)""","""Emily Francis"""
Larimer,City of Fort Collins Mayor,UPLOADED,88859,111-115-82,"""Emily Francis(1)"",""Adam Eggleston(2)"",""Tricia Canonico(3)"",""Shirley Peel(4)"",""Jeffrey Shumway(5)"",""Adam Hirschhorn(6)"",""Jeffrey Shumway(7)""","""Emily Francis"",""Adam Eggleston"",""Tricia Canonico"",""Shirley Peel"",""Jeffrey Shumway"",""Adam Hirschhorn"""
Larimer,City of Fort Collins Mayor,UPLOADED,88860,111-115-1,"""Jeffrey Shumway(1)"",""Jeffrey Shumway(2)""","""Jeffrey Shumway"""
Larimer,City of Fort Collins Mayor,UPLOADED,88861,111-115-71,"""Tricia Canonico(1)"",""Emily Francis(2)"",""Shirley Peel(3)"",""Scotty V VanTatenhove(4)"",""Adam Eggleston(5)"",""Shirley Peel(6)"",""Jeffrey Shumway(7)""","""Tricia Canonico"",""Emily Francis"",""Shirley Peel"",""Scotty V VanTatenhove"",""Adam Eggleston"""
Larimer,City of Fort Collins Mayor,UPLOADED,88862,111-115-36,"""Emily Francis(1)"",""Shirley Peel(2)"",""Scotty V VanTatenhove(3)"",""Tricia Canonico(4)"",""Adam Hirschhorn(5)"",""Shirley Peel(6)"",""Jeffrey Shumway(7)""","""Emily Francis"",""Shirley Peel"",""Scotty V VanTatenhove"",""Tricia Canonico"",""Adam Hirschhorn"""
Larimer,City of Fort Collins Mayor,UPLOADED,88960,109-112-66,"""Emily Francis(1)"",""Tricia Canonico(2)"",""Adam Hirschhorn(3)"",""Scotty V VanTatenhove(4)"",""Jeffrey Shumway(7)""","""Emily Francis"",""Tricia Canonico"",""Adam Hirschhorn"",""Scotty V VanTatenhove"""
Larimer,City of Fort Collins Mayor,UPLOADED,88962,109-112-48,"""Jeffrey Shumway(1)"",""Shirley Peel(2)"",""Adam Hirschhorn(3)"",""Scotty V VanTatenhove(4)"",""Adam Eggleston(5)"",""Emily Francis(6)"",""Emily Francis(7)""","""Jeffrey Shumway"",""Shirley Peel"",""Adam Hirschhorn"",""Scotty V VanTatenhove"",""Adam Eggleston"",""Emily Francis"""
Larimer,City of Fort Collins Mayor,UPLOADED,89078,103-102-3,"""Emily Francis(1)"",""Scotty V VanTatenhove(2)"",""Adam Hirschhorn(3)"",""Tricia Canonico(4)"",""Adam Hirschhorn(5)"",""Shirley Peel(6)"",""Jeffrey Shumway(7)""","""Emily Francis"",""Scotty V VanTatenhove"",""Adam Hirschhorn"",""Tricia Canonico"""
Larimer,City of Fort Collins Mayor,UPLOADED,89080,103-102-23,"""Shirley Peel(1)"",""Jeffrey Shumway(2)"",""Adam Eggleston(3)"",""Scotty V VanTatenhove(4)"",""Tricia Canonico(5)"",""Adam Eggleston(6)"",""Emily Francis(7)""","""Shirley Peel"",""Jeffrey Shumway"",""Adam Eggleston"",""Scotty V VanTatenhove"",""Tricia Canonico"""
Larimer,City of Fort Collins Mayor,UPLOADED,89081,103-102-59,"""Jeffrey Shumway(1)"",""Adam Eggleston(2)"",""Scotty V VanTatenhove(2)"",""Adam Eggleston(3)"",""Tricia Canonico(4)"",""Adam Hirschhorn(5)"",""Shirley Peel(6)"",""Emily Francis(7)""","""Jeffrey Shumway"""
Larimer,City of Fort Collins Councilmember - District 1,UPLOADED,89110,106-146-1,"""Chris Conway(1)"",""Daisy Montgomery(2)"",""Chris Conway(3)""","""Chris Conway"",""Daisy Montgomery"""
Larimer,City of Fort Collins Mayor,UPLOADED,89111,106-146-13,"""Tricia Canonico(7)"",""Adam Eggleston(7)"",""Emily Francis(7)"",""Adam Hirschhorn(7)"",""Shirley Peel(7)"",""Jeffrey Shumway(7)"",""Scotty V VanTatenhove(7)""",""
Larimer,City of Fort Collins Mayor,UPLOADED,89112,106-146-31,"""Tricia Canonico(1)"",""Scotty V VanTatenhove(2)"",""Adam Hirschhorn(3)"",""Emily Francis(4)"",""Adam Eggleston(6)"",""Jeffrey Shumway(6)"",""Shirley Peel(7)""","""Tricia Canonico"",""Scotty V VanTatenhove"",""Adam Hirschhorn"",""Emily Francis"""
Larimer,City of Fort Collins Mayor,UPLOADED,89410,112-129-36,"""Scotty V VanTatenhove(1)"",""Adam Eggleston(2)"",""Adam Hirschhorn(3)"",""Jeffrey Shumway(4)"",""Tricia Canonico(5)"",""Shirley Peel(6)"",""Adam Hirschhorn(7)""","""Scotty V VanTatenhove"",""Adam Eggleston"",""Adam Hirschhorn"",""Jeffrey Shumway"",""Tricia Canonico"",""Shirley Peel"""
Larimer,City of Fort Collins Mayor,UPLOADED,89414,112-129-3,"""Shirley Peel(1)"",""Tricia Canonico(2)"",""Adam Eggleston(3)"",""Emily Francis(4)"",""Scotty V VanTatenhove(5)"",""Jeffrey Shumway(6)"",""Shirley Peel(7)""","""Shirley Peel"",""Tricia Canonico"",""Adam Eggleston"",""Emily Francis"",""Scotty V VanTatenhove"",""Jeffrey Shumway"""
Larimer,City of Fort Collins Mayor,UPLOADED,89743,110-109-10,"""Emily Francis(1)"",""Adam Eggleston(2)"",""Scotty V VanTatenhove(3)"",""Jeffrey Shumway(5)"",""Shirley Peel(6)"",""Tricia Canonico(7)""","""Emily Francis"",""Adam Eggleston"",""Scotty V VanTatenhove"""
Larimer,City of Fort Collins Mayor,UPLOADED,90234,104-119-29,"""Emily Francis(1)"",""Adam Eggleston(2)"",""Scotty V VanTatenhove(3)"",""Tricia Canonico(4)"",""Scotty V VanTatenhove(5)"",""Shirley Peel(6)"",""Jeffrey Shumway(7)""","""Emily Francis"",""Adam Eggleston"",""Scotty V VanTatenhove"",""Tricia Canonico"""
Larimer,City of Fort Collins Mayor,UPLOADED,90236,104-119-61,"""Emily Francis(1)"",""Shirley Peel(2)"",""Adam Hirschhorn(7)""","""Emily Francis"",""Shirley Peel"""
Larimer,City of Fort Collins Mayor,UPLOADED,90237,104-119-24,"""Jeffrey Shumway(1)"",""Scotty V VanTatenhove(2)"",""Emily Francis(3)"",""Adam Hirschhorn(4)"",""Shirley Peel(5)"",""Adam Eggleston(6)"",""Adam Hirschhorn(7)""","""Jeffrey Shumway"",""Scotty V VanTatenhove"",""Emily Francis"",""Adam Hirschhorn"",""Shirley Peel"",""Adam Eggleston"""
Larimer,City of Fort Collins Mayor,UPLOADED,90238,104-119-49,"""Jeffrey Shumway(1)"",""Tricia Canonico(7)"",""Adam Eggleston(7)"",""Emily Francis(7)"",""Adam Hirschhorn(7)"",""Shirley Peel(7)"",""Scotty V VanTatenhove(7)""","""Jeffrey Shumway"""
Larimer,City of Fort Collins Councilmember - District 1,UPLOADED,90238,104-119-49,"""Chris Conway(3)"",""Susan Gutowsky(3)"",""Daisy Montgomery(3)""",""
Larimer,City of Fort Collins Mayor,UPLOADED,90239,104-119-72,"""Emily Francis(1)"",""Tricia Canonico(2)"",""Shirley Peel(3)"",""Adam Hirschhorn(4)"",""Shirley Peel(4)"",""Adam Eggleston(5)"",""Scotty V VanTatenhove(6)"",""Jeffrey Shumway(7)""","""Emily Francis"",""Tricia Canonico"",""Shirley Peel"",""Adam Hirschhorn"",""Adam Eggleston"",""Scotty V VanTatenhove"",""Jeffrey Shumway"""
Larimer,City of Fort Collins Mayor,UPLOADED,90333,109-114-31,"""Emily Francis(1)"",""Tricia Canonico(2)"",""Scotty V VanTatenhove(6)"",""Shirley Peel(7)""","""Emily Francis"",""Tricia Canonico"""
Larimer,City of Fort Collins Mayor,UPLOADED,90334,109-114-9,"""Scotty V VanTatenhove(1)"",""Jeffrey Shumway(2)"",""Shirley Peel(3)"",""Adam Hirschhorn(4)"",""Tricia Canonico(5)"",""Emily Francis(6)"",""Adam Hirschhorn(7)""","""Scotty V VanTatenhove"",""Jeffrey Shumway"",""Shirley Peel"",""Adam Hirschhorn"",""Tricia Canonico"",""Emily Francis"""
Larimer,City of Fort Collins Mayor,UPLOADED,90337,109-114-50,"""Tricia Canonico(1)"",""Adam Eggleston(1)"",""Adam Hirschhorn(1)"",""Shirley Peel(1)"",""Jeffrey Shumway(1)"",""Scotty V VanTatenhove(1)""",""
Larimer,City of Fort Collins Mayor,UPLOADED,90338,109-114-70,"""Emily Francis(1)"",""Tricia Canonico(2)"",""Shirley Peel(3)"",""Jeffrey Shumway(4)"",""Adam Hirschhorn(5)"",""Adam Eggleston(6)"",""Jeffrey Shumway(6)"",""Scotty V VanTatenhove(7)""","""Emily Francis"",""Tricia Canonico"",""Shirley Peel"",""Jeffrey Shumway"",""Adam Hirschhorn"",""Adam Eggleston"",""Scotty V VanTatenhove"""
Larimer,City of Fort Collins Mayor,UPLOADED,90339,109-114-55,"""Jeffrey Shumway(1)"",""Tricia Canonico(7)"",""Adam Eggleston(7)"",""Emily Francis(7)"",""Adam Hirschhorn(7)"",""Shirley Peel(7)"",""Scotty V VanTatenhove(7)""","""Jeffrey Shumway"""
Larimer,City of Fort Collins Councilmember - District 1,UPLOADED,90339,109-114-55,"""Chris Conway(3)"",""Susan Gutowsky(3)"",""Daisy Montgomery(3)""",""
Larimer,City of Fort Collins Mayor,UPLOADED,90340,109-114-25,"""Tricia Canonico(1)"",""Emily Francis(2)"",""Adam Eggleston(3)"",""Jeffrey Shumway(4)"",""Shirley Peel(5)"",""Emily Francis(6)"",""Adam Hirschhorn(7)""","""Tricia Canonico"",""Emily Francis"",""Adam Eggleston"",""Jeffrey Shumway"",""Shirley Peel"""
Larimer,City of Fort Collins Mayor,UPLOADED,90341,109-114-69,"""Emily Francis(1)"",""Tricia Canonico(2)"",""Scotty V VanTatenhove(3)"",""Shirley Peel(5)"",""Adam Hirschhorn(6)"",""Adam Eggleston(7)""","""Emily Francis"",""Tricia Canonico"",""Scotty V VanTatenhove"""
Larimer,City of Fort Collins Mayor,UPLOADED,90342,109-114-86,"""Emily Francis(1)"",""Jeffrey Shumway(2)"",""Scotty V VanTatenhove(3)"",""Shirley Peel(4)"",""Tricia Canonico(5)"",""Emily Francis(6)"",""Adam Hirschhorn(7)""","""Emily Francis"",""Jeffrey Shumway"",""Scotty V VanTatenhove"",""Shirley Peel"",""Tricia Canonico"""
Larimer,City of Fort Collins Mayor,UPLOADED,90897,105-144-30,"""Shirley Peel(1)"",""Adam Eggleston(3)"",""Tricia Canonico(4)"",""Emily Francis(5)"",""Shirley Peel(5)"",""Jeffrey Shumway(6)"",""Scotty V VanTatenhove(7)""","""Shirley Peel"""
Larimer,City of Fort Collins Mayor,UPLOADED,90899,105-144-33,"""Emily Francis(1)"",""Adam Hirschhorn(2)"",""Scotty V VanTatenhove(3)"",""Tricia Canonico(4)"",""Adam Hirschhorn(5)"",""Adam Eggleston(6)"",""Jeffrey Shumway(7)""","""Emily Francis"",""Adam Hirschhorn"",""Scotty V VanTatenhove"",""Tricia Canonico"""
Larimer,City of Fort Collins Mayor,UPLOADED,90900,105-144-25,"""Shirley Peel(1)"",""Shirley Peel(2)"",""Shirley Peel(3)"",""Shirley Peel(4)""","""Shirley Peel"""
Larimer,City of Fort Collins Mayor,UPLOADED,90901,105-144-18,"""Emily Francis(1)"",""Shirley Peel(2)"",""Scotty V VanTatenhove(7)""","""Emily Francis"",""Shirley Peel"""
Larimer,City of Fort Collins Mayor,UPLOADED,91296,110-111-49,"""Jeffrey Shumway(1)"",""Jeffrey Shumway(2)"",""Jeffrey Shumway(3)"",""Jeffrey Shumway(4)"",""Jeffrey Shumway(5)"",""Jeffrey Shumway(6)"",""Jeffrey Shumway(7)""","""Jeffrey Shumway"""
Larimer,City of Fort Collins Mayor,UPLOADED,91297,110-111-79,"""Shirley Peel(1)"",""Jeffrey Shumway(2)"",""Tricia Canonico(3)"",""Emily Francis(4)"",""Adam Hirschhorn(5)"",""Jeffrey Shumway(6)"",""Adam Eggleston(7)""","""Shirley Peel"",""Jeffrey Shumway"",""Tricia Canonico"",""Emily Francis"",""Adam Hirschhorn"""
Larimer,City of Fort Collins Councilmember - District 1,UPLOADED,91298,110-111-19,"""Chris Conway(3)""",""
Larimer,City of Fort Collins Mayor,UPLOADED,91553,103-104-44,"""Tricia Canonico(1)"",""Adam Eggleston(7)"",""Emily Francis(7)"",""Adam Hirschhorn(7)"",""Shirley Peel(7)"",""Jeffrey Shumway(7)"",""Scotty V VanTatenhove(7)""","""Tricia Canonico"""
Larimer,City of Fort Collins Mayor,UPLOADED,91554,103-104-68,"""Emily Francis(1)"",""Tricia Canonico(2)"",""Shirley Peel(3)"",""Adam Eggleston(4)"",""Adam Hirschhorn(5)"",""Shirley Peel(6)"",""Scotty V VanTatenhove(7)""","""Emily Francis"",""Tricia Canonico"",""Shirley Peel"",""Adam Eggleston"",""Adam Hirschhorn"""
Larimer,City of Fort Collins Mayor,UPLOADED,91555,103-104-74,"""Emily Francis(1)"",""Tricia Canonico(2)"",""Shirley Peel(3)"",""Scotty V VanTatenhove(4)"",""Adam Eggleston(5)"",""Scotty V VanTatenhove(6)"",""Adam Hirschhorn(7)""","""Emily Francis"",""Tricia Canonico"",""Shirley Peel"",""Scotty V VanTatenhove"",""Adam Eggleston"""
Larimer,City of Fort Collins Mayor,UPLOADED,91556,103-104-17,"""Shirley Peel(1)"",""Jeffrey Shumway(2)"",""Adam Hirschhorn(3)"",""Scotty V VanTatenhove(3)"",""Adam Eggleston(4)"",""Tricia Canonico(6)"",""Emily Francis(7)""","""Shirley Peel"",""Jeffrey Shumway"""
Larimer,City of Fort Collins Mayor,UPLOADED,91655,104-121-39,"""Tricia Canonico(1)"",""Emily Francis(2)"",""Shirley Peel(3)"",""Jeffrey Shumway(5)"",""Adam Hirschhorn(6)"",""Adam Eggleston(7)""","""Tricia Canonico"",""Emily Francis"",""Shirley Peel"""
Larimer,City of Fort Collins Mayor,UPLOADED,91656,104-121-27,"""Tricia Canonico(1)"",""Emily Francis(1)"",""Tricia Canonico(2)"",""Adam Eggleston(3)"",""Shirley Peel(4)""",""
Larimer,City of Fort Collins Mayor,UPLOADED,91657,104-121-96,"""Tricia Canonico(1)"",""Emily Francis(2)"",""Scotty V VanTatenhove(3)"",""Adam Eggleston(4)"",""Scotty V VanTatenhove(5)"",""Shirley Peel(6)"",""Adam Hirschhorn(7)""","""Tricia Canonico"",""Emily Francis"",""Scotty V VanTatenhove"",""Adam Eggleston"""
Larimer,City of Fort Collins Mayor,UPLOADED,91658,104-121-80,"""Tricia Canonico(1)"",""Emily Francis(3)""","""Tricia Canonico"""
Larimer,City of Fort Collins Mayor,UPLOADED,91757,106-151-58,"""Scotty V VanTatenhove(1)"",""Emily Francis(2)"",""Tricia Canonico(3)"",""Adam Eggleston(4)"",""Jeffrey Shumway(5)"",""Shirley Peel(7)""","""Scotty V VanTatenhove"",""Emily Francis"",""Tricia Canonico"",""Adam Eggleston"",""Jeffrey Shumway"""
Larimer,City of Fort Collins Mayor,UPLOADED,91758,106-151-21,"""Shirley Peel(1)"",""Scotty V VanTatenhove(2)"",""Jeffrey Shumway(3)"",""Adam Hirschhorn(4)"",""Emily Francis(5)"",""Adam Eggleston(6)"",""Emily Francis(7)""","""Shirley Peel"",""Scotty V VanTatenhove"",""Jeffrey Shumway"",""Adam Hirschhorn"",""Emily Francis"",""Adam Eggleston"""
Larimer,City of Fort Collins Mayor,UPLOADED,91852,109-116-5,"""Adam Eggleston(1)"",""Tricia Canonico(2)"",""Adam Eggleston(3)"",""Shirley Peel(4)""","""Adam Eggleston"",""Tricia Canonico"""
Larimer,City of Fort Collins Mayor,UPLOADED,91853,109-116-84,"""Scotty V VanTatenhove(1)"",""Tricia Canonico(2)"",""Emily Francis(3)"",""Adam Eggleston(4)"",""Emily Francis(5)"",""Jeffrey Shumway(6)"",""Adam Hirschhorn(7)""","""Scotty V VanTatenhove"",""Tricia Canonico"",""Emily Francis"",""Adam Eggleston"""
Larimer,City of Fort Collins Mayor,UPLOADED,91855,109-116-95,"""Tricia Canonico(1)"",""Emily Francis(2)"",""Adam Eggleston(3)"",""Shirley Peel(4)"",""Jeffrey Shumway(5)"",""Scotty V VanTatenhove(6)"",""Jeffrey Shumway(7)""","""Tricia Canonico"",""Emily Francis"",""Adam Eggleston"",""Shirley Peel"",""Jeffrey Shumway"",""Scotty V VanTatenhove"""
Larimer,City of Fort Collins Mayor,UPLOADED,91858,109-116-46,"""Emily Francis(1)"",""Tricia Canonico(2)"",""Adam Hirschhorn(3)"",""Jeffrey Shumway(4)"",""Adam Hirschhorn(5)"",""Shirley Peel(5)"",""Adam Eggleston(6)"",""Scotty V VanTatenhove(7)""","""Emily Francis"",""Tricia Canonico"",""Adam Hirschhorn"",""Jeffrey Shumway"",""Shirley Peel"",""Adam Eggleston"",""Scotty V VanTatenhove"""
Larimer,City of Fort Collins Mayor,UPLOADED,92257,112-133-14,"""Scotty V VanTatenhove(1)"",""Emily Francis(2)"",""Tricia Canonico(3)"",""Adam Eggleston(4)"",""Adam Hirschhorn(4)"",""Shirley Peel(5)"",""Adam Eggleston(6)"",""Adam Hirschhorn(6)"",""Jeffrey Shumway(7)""","""Scotty V VanTatenhove"",""Emily Francis"",""Tricia Canonico"""
Larimer,City of Fort Collins Mayor,UPLOADED,92258,112-133-37,"""Shirley Peel(1)"",""Jeffrey Shumway(2)"",""Tricia Canonico(3)"",""Emily Francis(7)""","""Shirley Peel"",""Jeffrey Shumway"",""Tricia Canonico"""
Larimer,City of Fort Collins Mayor,UPLOADED,92650,110-113-89,"""Emily Francis(1)"",""Tricia Canonico(2)"",""Scotty V VanTatenhove(3)"",""Emily Francis(4)""","""Emily Francis"",""Tricia Canonico"",""Scotty V VanTatenhove"""
Larimer,City of Fort Collins Mayor,UPLOADED,92651,110-113-77,"""Tricia Canonico(1)"",""Emily Francis(2)"",""Scotty V VanTatenhove(3)"",""Shirley Peel(4)"",""Adam Eggleston(6)"",""Jeffrey Shumway(7)""","""Tricia Canonico"",""Emily Francis"",""Scotty V VanTatenhove"",""Shirley Peel"""
Larimer,City of Fort Collins Mayor,UPLOADED,92652,110-113-90,"""Emily Francis(1)"",""Tricia Canonico(2)"",""Shirley Peel(3)"",""Scotty V VanTatenhove(4)"",""Jeffrey Shumway(7)""","""Emily Francis"",""Tricia Canonico"",""Shirley Peel"",""Scotty V VanTatenhove"""
Larimer,City of Fort Collins Councilmember - District 1,UPLOADED,92653,110-113-25,"""Susan Gutowsky(3)""",""
Larimer,City of Fort Collins Mayor,UPLOADED,92654,110-113-10,"""Tricia Canonico(1)"",""Emily Francis(2)"",""Shirley Peel(3)"",""Adam Hirschhorn(4)"",""Scotty V VanTatenhove(5)"",""Jeffrey Shumway(7)""","""Tricia Canonico"",""Emily Francis"",""Shirley Peel"",""Adam Hirschhorn"",""Scotty V VanTatenhove"""
Larimer,City of Fort Collins Mayor,UPLOADED,92657,110-113-94,"""Emily Francis(1)"",""Jeffrey Shumway(2)"",""Adam Eggleston(3)"",""Tricia Canonico(4)"",""Shirley Peel(5)"",""Shirley Peel(6)"",""Jeffrey Shumway(7)""","""Emily Francis"",""Jeffrey Shumway"",""Adam Eggleston"",""Tricia Canonico"",""Shirley Peel"""
Larimer,City of Fort Collins Mayor,UPLOADED,93150,104-123-2,"""Scotty V VanTatenhove(1)"",""Emily Francis(2)"",""Shirley Peel(3)"",""Jeffrey Shumway(4)"",""Adam Hirschhorn(5)"",""Shirley Peel(6)"",""Adam Eggleston(7)""","""Scotty V VanTatenhove"",""Emily Francis"",""Shirley Peel"",""Jeffrey Shumway"",""Adam Hirschhorn"""
Larimer,City of Fort Collins Mayor,UPLOADED,93151,104-123-84,"""Tricia Canonico(1)"",""Adam Eggleston(2)"",""Emily Francis(3)"",""Adam Hirschhorn(4)"",""Adam Hirschhorn(5)"",""Shirley Peel(5)"",""Jeffrey Shumway(6)"",""Scotty V VanTatenhove(7)""","""Tricia Canonico"",""Adam Eggleston"",""Emily Francis"",""Adam Hirschhorn"",""Shirley Peel"",""Jeffrey Shumway"",""Scotty V VanTatenhove"""
Larimer,City of Fort Collins Mayor,UPLOADED,93153,104-123-73,"""Emily Francis(1)"",""Shirley Peel(2)"",""Emily Francis(3)""","""Emily Francis"",""Shirley Peel"""
Larimer,City of Fort Collins Mayor,UPLOADED,93154,104-123-17,"""Jeffrey Shumway(1)"",""Adam Eggleston(2)"",""Emily Francis(3)"",""Adam Hirschhorn(4)"",""Shirley Peel(5)"",""Tricia Canonico(7)"",""Scotty V VanTatenhove(7)""","""Jeffrey Shumway"",""Adam Eggleston"",""Emily Francis"",""Adam Hirschhorn"",""Shirley Peel"""
Larimer,City of Fort Collins Mayor,UPLOADED,93248,109-118-70,"""Tricia Canonico(2)""",""
Larimer,City of Fort Collins Mayor,UPLOADED,93249,109-118-76,"""Emily Francis(1)"",""Scotty V VanTatenhove(2)"",""Adam Eggleston(3)"",""Tricia Canonico(4)"",""Adam Eggleston(5)"",""Adam Hirschhorn(6)"",""Jeffrey Shumway(7)""","""Emily Francis"",""Scotty V VanTatenhove"",""Adam Eggleston"",""Tricia Canonico"""
Larimer,City of Fort Collins Mayor,UPLOADED,93251,109-118-66,"""Jeffrey Shumway(1)"",""Scotty V VanTatenhove(2)"",""Adam Eggleston(3)"",""Scotty V VanTatenhove(4)"",""Tricia Canonico(5)"",""Adam Hirschhorn(6)"",""Emily Francis(7)""","""Jeffrey Shumway"",""Scotty V VanTatenhove"",""Adam Eggleston"""
Larimer,City of Fort Collins Mayor,UPLOADED,93252,109-118-77,"""Tricia Canonico(1)"",""Emily Francis(2)"",""Jeffrey Shumway(3)"",""Shirley Peel(4)"",""Scotty V VanTatenhove(5)"",""Adam Eggleston(6)"",""Jeffrey Shumway(7)""","""Tricia Canonico"",""Emily Francis"",""Jeffrey Shumway"",""Shirley Peel"",""Scotty V VanTatenhove"",""Adam Eggleston"""
Larimer,City of Fort Collins Mayor,UPLOADED,93353,111-120-89,"""Scotty V VanTatenhove(1)"",""Shirley Peel(2)"",""Jeffrey Shumway(3)"",""Tricia Canonico(4)"",""Adam Eggleston(5)"",""Emily Francis(5)"",""Adam Hirschhorn(7)""","""Scotty V VanTatenhove"",""Shirley Peel"",""Jeffrey Shumway"",""Tricia Canonico"""
Larimer,City of Fort Collins Mayor,UPLOADED,93354,111-120-6,"""Adam Eggleston(1)"",""Tricia Canonico(2)"",""Emily Francis(3)"",""Shirley Peel(4)"",""Emily Francis(5)"",""Jeffrey Shumway(6)"",""Scotty V VanTatenhove(7)""","""Adam Eggleston"",""Tricia Canonico"",""Emily Francis"",""Shirley Peel"""
Larimer,City of Fort Collins Mayor,UPLOADED,93449,106-154-74,"""Tricia Canonico(1)"",""Emily Francis(2)"",""Adam Hirschhorn(3)"",""Adam Eggleston(4)"",""Shirley Peel(4)"",""Adam Hirschhorn(5)"",""Jeffrey Shumway(5)"",""Scotty V VanTatenhove(6)"",""Shirley Peel(7)""","""Tricia Canonico"",""Emily Francis"",""Adam Hirschhorn"""
Larimer,City of Fort Collins Mayor,UPLOADED,93450,106-154-44,"""Tricia Canonico(1)"",""Emily Francis(2)"",""Jeffrey Shumway(3)"",""Scotty V VanTatenhove(4)"",""Shirley Peel(5)"",""Adam Hirschhorn(6)"",""Jeffrey Shumway(7)""","""Tricia Canonico"",""Emily Francis"",""Jeffrey Shumway"",""Scotty V VanTatenhove"",""Shirley Peel"",""Adam Hirschhorn"""
Larimer,City of Fort Collins Mayor,UPLOADED,93451,106-154-76,"""Shirley Peel(1)"",""Emily Francis(2)"",""Tricia Canonico(3)"",""Adam Eggleston(4)"",""Emily Francis(5)"",""Scotty V VanTatenhove(6)"",""Jeffrey Shumway(7)""","""Shirley Peel"",""Emily Francis"",""Tricia Canonico"",""Adam Eggleston"""
Larimer,City of Fort Collins Mayor,UPLOADED,93452,106-154-8,"""Adam Hirschhorn(1)"",""Emily Francis(2)"",""Jeffrey Shumway(2)"",""Scotty V VanTatenhove(3)""","""Adam Hirschhorn"""
Larimer,City of Fort Collins Mayor,UPLOADED,93453,106-154-47,"""Emily Francis(1)"",""Tricia Canonico(2)"",""Adam Eggleston(3)"",""Jeffrey Shumway(6)"",""Shirley Peel(7)""","""Emily Francis"",""Tricia Canonico"",""Adam Eggleston"""
Larimer,City of Fort Collins Mayor,UPLOADED,93454,106-154-25,"""Tricia Canonico(1)"",""Emily Francis(1)"",""Adam Hirschhorn(3)"",""Adam Eggleston(4)"",""Jeffrey Shumway(5)"",""Scotty V VanTatenhove(6)"",""Shirley Peel(7)""",""
Larimer,City of Fort Collins Mayor,UPLOADED,93650,103-106-31,"""Tricia Canonico(1)"",""Emily Francis(2)"",""Adam Eggleston(3)"",""Adam Hirschhorn(5)"",""Jeffrey Shumway(6)"",""Shirley Peel(7)"",""Scotty V VanTatenhove(7)""","""Tricia Canonico"",""Emily Francis"",""Adam Eggleston"""
Larimer,City of Fort Collins Mayor,UPLOADED,93653,103-106-10,"""Adam Hirschhorn(1)"",""Adam Eggleston(2)"",""Shirley Peel(3)"",""Emily Francis(4)"",""Jeffrey Shumway(5)"",""Emily Francis(6)"",""Scotty V VanTatenhove(7)""","""Adam Hirschhorn"",""Adam Eggleston"",""Shirley Peel"",""Emily Francis"",""Jeffrey Shumway"""
Larimer,City of Fort Collins Mayor,UPLOADED,93850,105-148-64,"""Shirley Peel(1)"",""Scotty V VanTatenhove(2)"",""Emily Francis(3)"",""Adam Eggleston(4)"",""Tricia Canonico(5)"",""Adam Hirschhorn(6)"",""Scotty V VanTatenhove(7)""","""Shirley Peel"",""Scotty V VanTatenhove"",""Emily Francis"",""Adam Eggleston"",""Tricia Canonico"",""Adam Hirschhorn"""
Larimer,City of Fort Collins Mayor,UPLOADED,93851,105-148-8,"""Tricia Canonico(1)"",""Shirley Peel(2)"",""Adam Eggleston(3)"",""Scotty V VanTatenhove(4)"",""Adam Eggleston(5)"",""Emily Francis(6)"",""Jeffrey Shumway(7)""","""Tricia Canonico"",""Shirley Peel"",""Adam Eggleston"",""Scotty V VanTatenhove"""
Larimer,City of Fort Collins Mayor,UPLOADED,93853,105-148-10,"""Tricia Canonico(1)"",""Adam Eggleston(2)"",""Scotty V VanTatenhove(3)"",""Adam Hirschhorn(4)"",""Shirley Peel(5)"",""Jeffrey Shumway(6)"",""Adam Eggleston(7)""","""Tricia Canonico"",""Adam Eggleston"",""Scotty V VanTatenhove"",""Adam Hirschhorn"",""Shirley Peel"",""Jeffrey Shumway"""
Larimer,City of Fort Collins Mayor,UPLOADED,93948,112-135-3,"""Emily Francis(1)"",""Tricia Canonico(2)"",""Adam Hirschhorn(3)"",""Adam Eggleston(4)"",""Adam Hirschhorn(5)"",""Scotty V VanTatenhove(6)"",""Shirley Peel(7)""","""Emily Francis"",""Tricia Canonico"",""Adam Hirschhorn"",""Adam Eggleston"""
Larimer,City of Fort Collins Mayor,UPLOADED,93949,112-135-11,"""Emily Francis(1)"",""Tricia Canonico(2)"",""Adam Eggleston(4)"",""Shirley Peel(5)"",""Jeffrey Shumway(6)"",""Adam Hirschhorn(7)"",""Scotty V VanTatenhove(7)""","""Emily Francis"",""Tricia Canonico"""
Larimer,City of Fort Collins Councilmember - District 3,UPLOADED,93949,112-135-11,"""Josh Fudge(1)"",""Steve Yurash(1)"",""Lance Smith(3)""",""
Larimer,City of Fort Collins Councilmember - District 3,UPLOADED,93951,112-135-26,"""Steve Yurash(1)"",""Steve Yurash(2)"",""Steve Yurash(3)""","""Steve Yurash"""
Larimer,City of Fort Collins Mayor,UPLOADED,93953,112-135-61,"""Emily Francis(1)"",""Shirley Peel(2)"",""Tricia Canonico(3)"",""Adam Eggleston(4)"",""Shirley Peel(5)"",""Scotty V VanTatenhove(6)"",""Jeffrey Shumway(7)""","""Emily Francis"",""Shirley Peel"",""Tricia Canonico"",""Adam Eggleston"""
Larimer,City of Fort Collins Mayor,UPLOADED,94540,110-115-14,"""Tricia Canonico(1)"",""Tricia Canonico(2)"",""Tricia Canonico(3)"",""Tricia Canonico(4)"",""Tricia Canonico(5)"",""Tricia Canonico(6)"",""Tricia Canonico(7)""","""Tricia Canonico"""
Larimer,City of Fort Collins Mayor,UPLOADED,94542,110-115-23,"""Scotty V VanTatenhove(1)"",""Emily Francis(2)"",""Tricia Canonico(3)"",""Shirley Peel(4)"",""Adam Eggleston(5)"",""Jeffrey Shumway(7)""","""Scotty V VanTatenhove"",""Emily Francis"",""Tricia Canonico"",""Shirley Peel"",""Adam Eggleston"""
Larimer,City of Fort Collins Mayor,UPLOADED,94543,110-115-8,"""Shirley Peel(1)"",""Adam Hirschhorn(2)"",""Emily Francis(3)"",""Tricia Canonico(4)"",""Emily Francis(5)"",""Jeffrey Shumway(6)"",""Jeffrey Shumway(7)""","""Shirley Peel"",""Adam Hirschhorn"",""Emily Francis"",""Tricia Canonico"""
Larimer,City of Fort Collins Mayor,UPLOADED,94545,110-115-43,"""Scotty V VanTatenhove(1)"",""Tricia Canonico(2)"",""Emily Francis(3)"",""Adam Hirschhorn(4)"",""Jeffrey Shumway(5)"",""Scotty V VanTatenhove(6)"",""Shirley Peel(7)""","""Scotty V VanTatenhove"",""Tricia Canonico"",""Emily Francis"",""Adam Hirschhorn"",""Jeffrey Shumway"""
Larimer,City of Fort Collins Mayor,UPLOADED,94547,110-115-27,"""Tricia Canonico(1)"",""Shirley Peel(2)"",""Emily Francis(3)"",""Scotty V VanTatenhove(4)"",""Adam Hirschhorn(5)"",""Jeffrey Shumway(6)"",""Emily Francis(7)""","""Tricia Canonico"",""Shirley Peel"",""Emily Francis"",""Scotty V VanTatenhove"",""Adam Hirschhorn"",""Jeffrey Shumway"""
Larimer,City of Fort Collins Mayor,UPLOADED,94549,110-115-78,"""Adam Eggleston(1)"",""Emily Francis(2)"",""Shirley Peel(3)"",""Jeffrey Shumway(4)"",""Scotty V VanTatenhove(5)"",""Jeffrey Shumway(6)"",""Adam Hirschhorn(7)""","""Adam Eggleston"",""Emily Francis"",""Shirley Peel"",""Jeffrey Shumway"",""Scotty V VanTatenhove"""
Larimer,City of Fort Collins Mayor,UPLOADED,94550,110-115-52,"""Jeffrey Shumway(1)"",""Scotty V VanTatenhove(2)"",""Shirley Peel(3)"",""Adam Eggleston(4)"",""Tricia Canonico(5)"",""Adam Hirschhorn(6)"",""Shirley Peel(7)""","""Jeffrey Shumway"",""Scotty V VanTatenhove"",""Shirley Peel"",""Adam Eggleston"",""Tricia Canonico"",""Adam Hirschhorn"""
Larimer,City of Fort Collins Mayor,UPLOADED,94745,111-122-52,"""Tricia Canonico(1)"",""Scotty V VanTatenhove(4)"",""Emily Francis(5)"",""Adam Eggleston(6)"",""Jeffrey Shumway(7)""","""Tricia Canonico"""
Larimer,City of Fort Collins Mayor,UPLOADED,94747,111-122-50,"""Shirley Peel(1)"",""Emily Francis(2)"",""Tricia Canonico(3)"",""Adam Eggleston(4)"",""Jeffrey Shumway(5)"",""Adam Eggleston(6)"",""Scotty V VanTatenhove(7)""","""Shirley Peel"",""Emily Francis"",""Tricia Canonico"",""Adam Eggleston"",""Jeffrey Shumway"""
Larimer,City of Fort Collins Mayor,UPLOADED,94748,111-122-59,"""Emily Francis(1)"",""Adam Hirschhorn(2)"",""Tricia Canonico(3)"",""Jeffrey Shumway(4)"",""Adam Hirschhorn(5)"",""Scotty V VanTatenhove(6)"",""Adam Eggleston(7)""","""Emily Francis"",""Adam Hirschhorn"",""Tricia Canonico"",""Jeffrey Shumway"""
Larimer,City of Fort Collins Mayor,UPLOADED,94749,111-122-87,"""Emily Francis(1)"",""Tricia Canonico(2)"",""Adam Eggleston(3)"",""Shirley Peel(4)"",""Scotty V VanTatenhove(6)"",""Adam Hirschhorn(7)""","""Emily Francis"",""Tricia Canonico"",""Adam Eggleston"",""Shirley Peel"""
Larimer,City of Fort Collins Mayor,UPLOADED,94843,109-120-53,"""Emily Francis(1)"",""Tricia Canonico(2)"",""Shirley Peel(3)"",""Adam Hirschhorn(4)"",""Scotty V VanTatenhove(5)"",""Jeffrey Shumway(6)"",""Adam Hirschhorn(7)""","""Emily Francis"",""Tricia Canonico"",""Shirley Peel"",""Adam Hirschhorn"",""Scotty V VanTatenhove"",""Jeffrey Shumway"""
Larimer,City of Fort Collins Mayor,UPLOADED,94845,109-120-47,"""Shirley Peel(1)"",""Shirley Peel(2)"",""Shirley Peel(3)"",""Adam Eggleston(6)"",""Tricia Canonico(7)"",""Emily Francis(7)"",""Adam Hirschhorn(7)"",""Jeffrey Shumway(7)"",""Scotty V VanTatenhove(7)""","""Shirley Peel"""
Larimer,City of Fort Collins Mayor,UPLOADED,94846,109-120-91,"""Emily Francis(1)"",""Adam Eggleston(2)"",""Tricia Canonico(7)"",""Adam Hirschhorn(7)"",""Shirley Peel(7)"",""Jeffrey Shumway(7)"",""Scotty V VanTatenhove(7)""","""Emily Francis"",""Adam Eggleston"""
Larimer,City of Fort Collins Mayor,UPLOADED,95150,112-137-19,"""Emily Francis(1)"",""Tricia Canonico(2)"",""Shirley Peel(3)"",""Scotty V VanTatenhove(4)"",""Adam Eggleston(5)"",""Scotty V VanTatenhove(6)"",""Jeffrey Shumway(7)""","""Emily Francis"",""Tricia Canonico"",""Shirley Peel"",""Scotty V VanTatenhove"",""Adam Eggleston"""
Larimer,City of Fort Collins Mayor,UPLOADED,95441,110-117-24,"""Emily Francis(1)"",""Tricia Canonico(2)"",""Shirley Peel(3)"",""Adam Hirschhorn(4)"",""Adam Eggleston(5)"",""Emily Francis(5)"",""Scotty V VanTatenhove(6)"",""Jeffrey Shumway(7)""","""Emily Francis"",""Tricia Canonico"",""Shirley Peel"",""Adam Hirschhorn"",""Adam Eggleston"",""Scotty V VanTatenhove"",""Jeffrey Shumway"""
Larimer,City of Fort Collins Mayor,UPLOADED,95442,110-117-49,"""Emily Francis(1)"",""Tricia Canonico(2)"",""Adam Hirschhorn(3)"",""Shirley Peel(4)"",""Jeffrey Shumway(6)"",""Scotty V VanTatenhove(6)"",""Adam Eggleston(7)""","""Emily Francis"",""Tricia Canonico"",""Adam Hirschhorn"",""Shirley Peel"""
Larimer,City of Fort Collins Mayor,UPLOADED,95444,110-117-23,"""Tricia Canonico(1)"",""Emily Francis(2)"",""Adam Eggleston(3)"",""Adam Hirschhorn(4)"",""Jeffrey Shumway(5)"",""Scotty V VanTatenhove(6)"",""Adam Hirschhorn(7)""","""Tricia Canonico"",""Emily Francis"",""Adam Eggleston"",""Adam Hirschhorn"",""Jeffrey Shumway"",""Scotty V VanTatenhove"""
Larimer,City of Fort Collins Mayor,UPLOADED,95445,110-117-22,"""Tricia Canonico(1)"",""Emily Francis(2)"",""Adam Hirschhorn(3)"",""Scotty V VanTatenhove(4)"",""Shirley Peel(5)"",""Jeffrey Shumway(6)"",""Jeffrey Shumway(7)""","""Tricia Canonico"",""Emily Francis"",""Adam Hirschhorn"",""Scotty V VanTatenhove"",""Shirley Peel"",""Jeffrey Shumway"""
Larimer,City of Fort Collins Mayor,UPLOADED,95446,110-117-13,"""Jeffrey Shumway(1)"",""Shirley Peel(2)"",""Adam Hirschhorn(3)"",""Adam Eggleston(4)"",""Tricia Canonico(7)"",""Emily Francis(7)"",""Scotty V VanTatenhove(7)""","""Jeffrey Shumway"",""Shirley Peel"",""Adam Hirschhorn"",""Adam Eggleston"""
Larimer,City of Fort Collins Mayor,UPLOADED,95447,110-117-1,"""Emily Francis(1)"",""Shirley Peel(2)"",""Tricia Canonico(7)"",""Adam Eggleston(7)"",""Adam Hirschhorn(7)"",""Jeffrey Shumway(7)"",""Scotty V VanTatenhove(7)""","""Emily Francis"",""Shirley Peel"""
Larimer,City of Fort Collins Mayor,UPLOADED,95448,110-117-77,"""Tricia Canonico(1)"",""Emily Francis(2)"",""Scotty V VanTatenhove(3)"",""Shirley Peel(4)"",""Scotty V VanTatenhove(5)"",""Adam Eggleston(6)"",""Adam Hirschhorn(7)""","""Tricia Canonico"",""Emily Francis"",""Scotty V VanTatenhove"",""Shirley Peel"""
Larimer,City of Fort Collins Mayor,UPLOADED,96143,103-108-18,"""Emily Francis(1)"",""Tricia Canonico(2)"",""Shirley Peel(3)"",""Adam Hirschhorn(4)"",""Scotty V VanTatenhove(5)"",""Adam Hirschhorn(6)"",""Jeffrey Shumway(7)""","""Emily Francis"",""Tricia Canonico"",""Shirley Peel"",""Adam Hirschhorn"",""Scotty V VanTatenhove"""
Larimer,City of Fort Collins Mayor,UPLOADED,96145,103-108-37,"""Tricia Canonico(1)"",""Shirley Peel(3)""","""Tricia Canonico"""
Larimer,City of Fort Collins Mayor,UPLOADED,96146,103-108-4,"""Emily Francis(1)"",""Tricia Canonico(2)"",""Scotty V VanTatenhove(3)"",""Shirley Peel(4)"",""Shirley Peel(5)"",""Adam Hirschhorn(6)"",""Adam Eggleston(7)""","""Emily Francis"",""Tricia Canonico"",""Scotty V VanTatenhove"",""Shirley Peel"""
Larimer,City of Fort Collins Mayor,UPLOADED,96433,104-125-15,"""Jeffrey Shumway(1)"",""Shirley Peel(2)"",""Adam Eggleston(3)"",""Jeffrey Shumway(4)""","""Jeffrey Shumway"",""Shirley Peel"",""Adam Eggleston"""
Larimer,City of Fort Collins Mayor,UPLOADED,96435,104-125-18,"""Shirley Peel(1)"",""Emily Francis(2)"",""Tricia Canonico(3)"",""Adam Hirschhorn(4)"",""Adam Eggleston(5)"",""Adam Eggleston(6)"",""Jeffrey Shumway(7)""","""Shirley Peel"",""Emily Francis"",""Tricia Canonico"",""Adam Hirschhorn"",""Adam Eggleston"""
Larimer,City of Fort Collins Mayor,UPLOADED,96436,104-125-34,"""Scotty V VanTatenhove(1)"",""Emily Francis(2)"",""Adam Eggleston(4)"",""Tricia Canonico(5)"",""Adam Hirschhorn(6)"",""Jeffrey Shumway(7)"",""Scotty V VanTatenhove(7)""","""Scotty V VanTatenhove"",""Emily Francis"""
Larimer,City of Fort Collins Mayor,UPLOADED,96438,104-125-40,"""Scotty V VanTatenhove(1)"",""Tricia Canonico(2)"",""Adam Eggleston(3)"",""Adam Hirschhorn(4)"",""Tricia Canonico(5)"",""Emily Francis(6)"",""Shirley Peel(7)""","""Scotty V VanTatenhove"",""Tricia Canonico"",""Adam Eggleston"",""Adam Hirschhorn"""
Larimer,City of Fort Collins Mayor,UPLOADED,96439,104-125-4,"""Jeffrey Shumway(1)"",""Shirley Peel(2)"",""Tricia Canonico(3)"",""Tricia Canonico(4)""","""Jeffrey Shumway"",""Shirley Peel"",""Tricia Canonico"""
Larimer,City of Fort Collins Mayor,UPLOADED,96440,104-125-83,"""Emily Francis(1)"",""Emily Francis(2)"",""Shirley Peel(2)"",""Tricia Canonico(3)""","""Emily Francis"",""Shirley Peel"",""Tricia Canonico"""
Larimer,City of Fort Collins Mayor,UPLOADED,96441,104-125-87,"""Jeffrey Shumway(1)"",""Shirley Peel(2)"",""Tricia Canonico(3)"",""Tricia Canonico(4)""","""Jeffrey Shumway"",""Shirley Peel"",""Tricia Canonico"""
Larimer,City of Fort Collins Mayor,UPLOADED,96541,105-152-83,"""Scotty V VanTatenhove(1)"",""Adam Hirschhorn(2)"",""Emily Francis(3)"",""Adam Eggleston(4)"",""Jeffrey Shumway(5)"",""Shirley Peel(6)"",""Scotty V VanTatenhove(7)""","""Scotty V VanTatenhove"",""Adam Hirschhorn"",""Emily Francis"",""Adam Eggleston"",""Jeffrey Shumway"",""Shirley Peel"""
Larimer,City of Fort Collins Mayor,UPLOADED,96544,105-152-88,"""Emily Francis(1)"",""Tricia Canonico(2)"",""Jeffrey Shumway(3)"",""Adam Eggleston(4)"",""Shirley Peel(5)"",""Scotty V VanTatenhove(6)"",""Adam Eggleston(7)""","""Emily Francis"",""Tricia Canonico"",""Jeffrey Shumway"",""Adam Eggleston"",""Shirley Peel"",""Scotty V VanTatenhove"""
Larimer,City of Fort Collins Mayor,UPLOADED,96640,106-158-24,"""Tricia Canonico(1)"",""Emily Francis(2)"",""Scotty V VanTatenhove(3)"",""Emily Francis(4)"",""Adam Hirschhorn(5)"",""Shirley Peel(6)"",""Jeffrey Shumway(7)""","""Tricia Canonico"",""Emily Francis"",""Scotty V VanTatenhove"""
Larimer,City of Fort Collins Mayor,UPLOADED,96641,106-158-60,"""Shirley Peel(1)"",""Jeffrey Shumway(2)"",""Adam Hirschhorn(3)"",""Scotty V VanTatenhove(4)"",""Adam Hirschhorn(5)"",""Tricia Canonico(6)"",""Emily Francis(7)""","""Shirley Peel"",""Jeffrey Shumway"",""Adam Hirschhorn"",""Scotty V VanTatenhove"""
Larimer,City of Fort Collins Mayor,UPLOADED,97038,106-160-55,"""Emily Francis(1)"",""Tricia Canonico(2)"",""Jeffrey Shumway(6)"",""Shirley Peel(7)""","""Emily Francis"",""Tricia Canonico"""
Larimer,City of Fort Collins Mayor,UPLOADED,97042,106-160-15,"""Shirley Peel(1)"",""Emily Francis(2)"",""Adam Eggleston(3)"",""Tricia Canonico(4)"",""Jeffrey Shumway(5)"",""Scotty V VanTatenhove(6)"",""Emily Francis(7)""","""Shirley Peel"",""Emily Francis"",""Adam Eggleston"",""Tricia Canonico"",""Jeffrey Shumway"",""Scotty V VanTatenhove"""
Larimer,City of Fort Collins Mayor,UPLOADED,97043,106-160-83,"""Jeffrey Shumway(1)"",""Jeffrey Shumway(2)"",""Jeffrey Shumway(3)"",""Jeffrey Shumway(4)"",""Jeffrey Shumway(5)"",""Jeffrey Shumway(6)"",""Jeffrey Shumway(7)""","""Jeffrey Shumway"""
Larimer,City of Fort Collins Mayor,UPLOADED,97044,106-160-21,"""Tricia Canonico(1)"",""Emily Francis(2)"",""Adam Hirschhorn(3)"",""Shirley Peel(3)"",""Emily Francis(4)"",""Jeffrey Shumway(5)"",""Scotty V VanTatenhove(6)"",""Adam Hirschhorn(7)""","""Tricia Canonico"",""Emily Francis"""
Larimer,City of Fort Collins Mayor,UPLOADED,97293,106-162-28,"""Tricia Canonico(1)"",""Emily Francis(2)"",""Shirley Peel(2)"",""Scotty V VanTatenhove(4)"",""Adam Eggleston(5)"",""Adam Hirschhorn(6)"",""Jeffrey Shumway(7)""","""Tricia Canonico"""
Larimer,City of Fort Collins Mayor,UPLOADED,97297,106-162-3,"""Emily Francis(1)"",""Tricia Canonico(2)"",""Adam Eggleston(3)"",""Shirley Peel(4)"",""Jeffrey Shumway(7)"",""Scotty V VanTatenhove(7)""","""Emily Francis"",""Tricia Canonico"",""Adam Eggleston"",""Shirley Peel"""
Larimer,City of Fort Collins Mayor,UPLOADED,97298,106-162-35,"""Emily Francis(1)"",""Shirley Peel(2)"",""Scotty V VanTatenhove(3)"",""Adam Hirschhorn(4)"",""Adam Eggleston(5)"",""Scotty V VanTatenhove(6)"",""Tricia Canonico(7)""","""Emily Francis"",""Shirley Peel"",""Scotty V VanTatenhove"",""Adam Hirschhorn"",""Adam Eggleston"""
Larimer,City of Fort Collins Mayor,UPLOADED,97388,110-119-38,"""Tricia Canonico(1)"",""Adam Eggleston(1)"",""Emily Francis(1)""",""
Larimer,City of Fort Collins Mayor,UPLOADED,97389,110-119-31,"""Jeffrey Shumway(1)"",""Scotty V VanTatenhove(7)""","""Jeffrey Shumway"""
Larimer,City of Fort Collins Mayor,UPLOADED,97392,110-119-5,"""Adam Eggleston(1)"",""Tricia Canonico(2)"",""Emily Francis(3)"",""Adam Hirschhorn(4)"",""Jeffrey Shumway(5)"",""Adam Hirschhorn(6)"",""Shirley Peel(7)""","""Adam Eggleston"",""Tricia Canonico"",""Emily Francis"",""Adam Hirschhorn"",""Jeffrey Shumway"""
Larimer,City of Fort Collins Mayor,UPLOADED,97394,110-119-16,"""Emily Francis(1)"",""Tricia Canonico(2)"",""Adam Hirschhorn(3)"",""Adam Eggleston(4)"",""Shirley Peel(5)"",""Adam Eggleston(6)""","""Emily Francis"",""Tricia Canonico"",""Adam Hirschhorn"",""Adam Eggleston"",""Shirley Peel"""
Larimer,City of Fort Collins Mayor,UPLOADED,97395,110-119-61,"""Tricia Canonico(1)"",""Adam Eggleston(1)"",""Emily Francis(1)""",""
Larimer,City of Fort Collins Mayor,UPLOADED,97396,110-119-98,"""Scotty V VanTatenhove(1)"",""Jeffrey Shumway(2)"",""Adam Hirschhorn(3)"",""Adam Eggleston(4)"",""Tricia Canonico(5)"",""Emily Francis(6)"",""Adam Hirschhorn(7)""","""Scotty V VanTatenhove"",""Jeffrey Shumway"",""Adam Hirschhorn"",""Adam Eggleston"",""Tricia Canonico"",""Emily Francis"""
Larimer,City of Fort Collins Mayor,UPLOADED,97397,110-119-4,"""Tricia Canonico(1)"",""Shirley Peel(2)"",""Adam Eggleston(3)"",""Emily Francis(4)"",""Jeffrey Shumway(7)""","""Tricia Canonico"",""Shirley Peel"",""Adam Eggleston"",""Emily Francis"""
Larimer,City of Fort Collins Mayor,UPLOADED,97398,110-119-28,"""Shirley Peel(1)"",""Adam Eggleston(2)"",""Scotty V VanTatenhove(3)"",""Jeffrey Shumway(6)"",""Adam Hirschhorn(7)""","""Shirley Peel"",""Adam Eggleston"",""Scotty V VanTatenhove"""
Larimer,City of Fort Collins Mayor,UPLOADED,97493,104-127-3,"""Tricia Canonico(1)"",""Adam Eggleston(2)"",""Adam Hirschhorn(3)"",""Scotty V VanTatenhove(4)"",""Tricia Canonico(5)"",""Shirley Peel(6)"",""Jeffrey Shumway(7)""","""Tricia Canonico"",""Adam Eggleston"",""Adam Hirschhorn"",""Scotty V VanTatenhove"""
Larimer,City of Fort Collins Mayor,UPLOADED,97494,104-127-92,"""Tricia Canonico(1)"",""Emily Francis(2)"",""Shirley Peel(4)"",""Adam Hirschhorn(5)"",""Jeffrey Shumway(6)"",""Scotty V VanTatenhove(7)""","""Tricia Canonico"",""Emily Francis"""
Larimer,City of Fort Collins Mayor,UPLOADED,97495,104-127-86,"""Emily Francis(1)"",""Tricia Canonico(2)"",""Adam Eggleston(3)"",""Adam Hirschhorn(4)"",""Scotty V VanTatenhove(5)"",""Adam Hirschhorn(6)"",""Jeffrey Shumway(7)""","""Emily Francis"",""Tricia Canonico"",""Adam Eggleston"",""Adam Hirschhorn"",""Scotty V VanTatenhove"""
Larimer,City of Fort Collins Mayor,UPLOADED,97496,104-127-61,"""Emily Francis(1)"",""Tricia Canonico(2)"",""Shirley Peel(3)"",""Adam Hirschhorn(4)"",""Jeffrey Shumway(5)"",""Scotty V VanTatenhove(6)"",""Adam Hirschhorn(7)""","""Emily Francis"",""Tricia Canonico"",""Shirley Peel"",""Adam Hirschhorn"",""Jeffrey Shumway"",""Scotty V VanTatenhove"""
Larimer,City of Fort Collins Councilmember - District 1,UPLOADED,97497,104-127-30,"""Daisy Montgomery(1)"",""Chris Conway(2)"",""Daisy Montgomery(3)""","""Daisy Montgomery"",""Chris Conway"""
Larimer,City of Fort Collins Mayor,UPLOADED,97498,104-127-43,"""Emily Francis(1)"",""Adam Hirschhorn(2)"",""Scotty V VanTatenhove(3)"",""Tricia Canonico(4)"",""Adam Eggleston(7)"",""Jeffrey Shumway(7)""","""Emily Francis"",""Adam Hirschhorn"",""Scotty V VanTatenhove"",""Tricia Canonico"""
Larimer,City of Fort Collins Mayor,UPLOADED,97591,109-124-82,"""Emily Francis(1)"",""Tricia Canonico(2)"",""Shirley Peel(3)"",""Scotty V VanTatenhove(4)"",""Adam Eggleston(5)"",""Scotty V VanTatenhove(6)""","""Emily Francis"",""Tricia Canonico"",""Shirley Peel"",""Scotty V VanTatenhove"",""Adam Eggleston"""
Larimer,City of Fort Collins Mayor,UPLOADED,97592,109-124-2,"""Emily Francis(1)"",""Tricia Canonico(2)"",""Jeffrey Shumway(7)""","""Emily Francis"",""Tricia Canonico"""
Larimer,City of Fort Collins Mayor,UPLOADED,97596,109-124-9,"""Adam Hirschhorn(1)"",""Adam Eggleston(2)"",""Jeffrey Shumway(4)""","""Adam Hirschhorn"",""Adam Eggleston"""
Larimer,City of Fort Collins Mayor,UPLOADED,97597,109-124-24,"""Shirley Peel(1)"",""Jeffrey Shumway(2)"",""Adam Eggleston(3)"",""Tricia Canonico(4)"",""Scotty V VanTatenhove(5)"",""Adam Eggleston(6)"",""Emily Francis(7)""","""Shirley Peel"",""Jeffrey Shumway"",""Adam Eggleston"",""Tricia Canonico"",""Scotty V VanTatenhove"""
Larimer,City of Fort Collins Mayor,UPLOADED,97598,109-124-63,"""Emily Francis(1)"",""Tricia Canonico(2)"",""Adam Eggleston(3)"",""Scotty V VanTatenhove(4)"",""Shirley Peel(5)"",""Emily Francis(6)"",""Jeffrey Shumway(7)""","""Emily Francis"",""Tricia Canonico"",""Adam Eggleston"",""Scotty V VanTatenhove"",""Shirley Peel"""
Larimer,City of Fort Collins Mayor,UPLOADED,98447,111-126-50,"""Shirley Peel(1)"",""Shirley Peel(2)"",""Shirley Peel(3)"",""Shirley Peel(4)"",""Shirley Peel(5)"",""Shirley Peel(6)"",""Shirley Peel(7)""","""Shirley Peel"""
Larimer,City of Fort Collins Mayor,UPLOADED,98448,111-126-62,"""Tricia Canonico(1)"",""Shirley Peel(2)"",""Emily Francis(3)"",""Adam Hirschhorn(4)"",""Scotty V VanTatenhove(5)"",""Adam Hirschhorn(6)"",""Jeffrey Shumway(7)""","""Tricia Canonico"",""Shirley Peel"",""Emily Francis"",""Adam Hirschhorn"",""Scotty V VanTatenhove"""
Larimer,City of Fort Collins Mayor,UPLOADED,98449,111-126-75,"""Tricia Canonico(1)"",""Tricia Canonico(2)"",""Tricia Canonico(3)"",""Tricia Canonico(4)"",""Tricia Canonico(5)"",""Tricia Canonico(6)"",""Tricia Canonico(7)""","""Tricia Canonico"""
Larimer,City of Fort Collins Councilmember - District 1,UPLOADED,105046,109-132-57,"""Chris Conway(3)"",""Susan Gutowsky(3)"",""Daisy Montgomery(3)""",""
Larimer,City of Fort Collins Mayor,UPLOADED,98450,111-126-32,"""Jeffrey Shumway(1)"",""Shirley Peel(5)"",""Tricia Canonico(6)"",""Adam Eggleston(6)"",""Emily Francis(6)"",""Jeffrey Shumway(6)"",""Adam Hirschhorn(7)"",""Scotty V VanTatenhove(7)""","""Jeffrey Shumway"""
Larimer,City of Fort Collins Mayor,UPLOADED,98543,103-110-48,"""Scotty V VanTatenhove(1)"",""Emily Francis(2)"",""Shirley Peel(3)"",""Tricia Canonico(4)"",""Shirley Peel(6)"",""Jeffrey Shumway(7)""","""Scotty V VanTatenhove"",""Emily Francis"",""Shirley Peel"",""Tricia Canonico"""
Larimer,City of Fort Collins Mayor,UPLOADED,98544,103-110-90,"""Tricia Canonico(1)"",""Emily Francis(1)"",""Adam Hirschhorn(2)"",""Adam Eggleston(7)"",""Shirley Peel(7)"",""Jeffrey Shumway(7)"",""Scotty V VanTatenhove(7)""",""
Larimer,City of Fort Collins Mayor,UPLOADED,98545,103-110-1,"""Emily Francis(1)"",""Shirley Peel(2)"",""Tricia Canonico(3)"",""Adam Eggleston(4)"",""Adam Hirschhorn(6)"",""Scotty V VanTatenhove(7)""","""Emily Francis"",""Shirley Peel"",""Tricia Canonico"",""Adam Eggleston"""
Larimer,City of Fort Collins Councilmember - District 3,UPLOADED,98546,103-110-34,"""Steve Yurash(1)"",""Josh Fudge(2)"",""Steve Yurash(3)""","""Steve Yurash"",""Josh Fudge"""
Larimer,City of Fort Collins Mayor,UPLOADED,98547,103-110-83,"""Adam Eggleston(1)"",""Emily Francis(2)"",""Tricia Canonico(3)"",""Shirley Peel(4)"",""Scotty V VanTatenhove(4)"",""Scotty V VanTatenhove(5)"",""Shirley Peel(7)""","""Adam Eggleston"",""Emily Francis"",""Tricia Canonico"""
Larimer,City of Fort Collins Mayor,UPLOADED,98548,103-110-30,"""Tricia Canonico(1)"",""Emily Francis(2)"",""Adam Hirschhorn(3)"",""Scotty V VanTatenhove(5)"",""Shirley Peel(6)"",""Jeffrey Shumway(7)""","""Tricia Canonico"",""Emily Francis"",""Adam Hirschhorn"""
Larimer,City of Fort Collins Mayor,UPLOADED,98629,112-140-3,"""Tricia Canonico(1)"",""Emily Francis(2)"",""Jeffrey Shumway(3)"",""Shirley Peel(4)"",""Adam Hirschhorn(5)"",""Scotty V VanTatenhove(7)""","""Tricia Canonico"",""Emily Francis"",""Jeffrey Shumway"",""Shirley Peel"",""Adam Hirschhorn"""
Larimer,City of Fort Collins Mayor,UPLOADED,98631,112-140-64,"""Emily Francis(1)"",""Adam Eggleston(2)"",""Shirley Peel(3)"",""Adam Hirschhorn(4)"",""Tricia Canonico(6)"",""Jeffrey Shumway(7)""","""Emily Francis"",""Adam Eggleston"",""Shirley Peel"",""Adam Hirschhorn"""
Larimer,City of Fort Collins Mayor,UPLOADED,98633,112-140-81,"""Tricia Canonico(1)"",""Emily Francis(7)""","""Tricia Canonico"""
Larimer,City of Fort Collins Mayor,UPLOADED,98729,104-129-85,"""Emily Francis(1)"",""Tricia Canonico(2)"",""Adam Hirschhorn(3)"",""Adam Hirschhorn(4)"",""Jeffrey Shumway(5)"",""Adam Eggleston(6)"",""Shirley Peel(7)"",""Scotty V VanTatenhove(7)""","""Emily Francis"",""Tricia Canonico"",""Adam Hirschhorn"""
Larimer,City of Fort Collins Mayor,UPLOADED,98730,104-129-80,"""Tricia Canonico(1)"",""Emily Francis(2)"",""Shirley Peel(3)"",""Scotty V VanTatenhove(4)"",""Adam Hirschhorn(7)""","""Tricia Canonico"",""Emily Francis"",""Shirley Peel"",""Scotty V VanTatenhove"""
Larimer,City of Fort Collins Mayor,UPLOADED,98731,104-129-17,"""Jeffrey Shumway(1)"",""Shirley Peel(2)"",""Scotty V VanTatenhove(6)"",""Emily Francis(7)""","""Jeffrey Shumway"",""Shirley Peel"""
Larimer,City of Fort Collins Mayor,UPLOADED,98732,104-129-50,"""Tricia Canonico(1)"",""Shirley Peel(5)"",""Scotty V VanTatenhove(6)""","""Tricia Canonico"""
Larimer,City of Fort Collins Mayor,UPLOADED,99027,109-126-58,"""Emily Francis(1)"",""Tricia Canonico(2)"",""Adam Hirschhorn(3)"",""Scotty V VanTatenhove(4)"",""Adam Eggleston(5)"",""Adam Hirschhorn(6)"",""Jeffrey Shumway(7)""","""Emily Francis"",""Tricia Canonico"",""Adam Hirschhorn"",""Scotty V VanTatenhove"",""Adam Eggleston"""
Larimer,City of Fort Collins Mayor,UPLOADED,99028,109-126-25,"""Shirley Peel(1)"",""Tricia Canonico(7)"",""Adam Eggleston(7)"",""Emily Francis(7)"",""Adam Hirschhorn(7)"",""Jeffrey Shumway(7)"",""Scotty V VanTatenhove(7)""","""Shirley Peel"""
Larimer,City of Fort Collins Mayor,UPLOADED,99029,109-126-95,"""Emily Francis(1)"",""Tricia Canonico(2)"",""Adam Eggleston(6)"",""Adam Hirschhorn(7)"",""Shirley Peel(7)"",""Jeffrey Shumway(7)"",""Scotty V VanTatenhove(7)""","""Emily Francis"",""Tricia Canonico"""
Larimer,City of Fort Collins Mayor,UPLOADED,99030,109-126-87,"""Emily Francis(7)""",""
Larimer,City of Fort Collins Mayor,UPLOADED,99411,110-121-30,"""Shirley Peel(1)"",""Adam Eggleston(2)"",""Emily Francis(3)"",""Tricia Canonico(4)"",""Scotty V VanTatenhove(5)"",""Adam Hirschhorn(7)""","""Shirley Peel"",""Adam Eggleston"",""Emily Francis"",""Tricia Canonico"",""Scotty V VanTatenhove"""
Larimer,City of Fort Collins Mayor,UPLOADED,99412,110-121-99,"""Shirley Peel(1)"",""Tricia Canonico(2)"",""Jeffrey Shumway(2)"",""Scotty V VanTatenhove(4)"",""Adam Hirschhorn(5)"",""Emily Francis(6)"",""Adam Eggleston(7)""","""Shirley Peel"""
Larimer,City of Fort Collins Councilmember - District 3,UPLOADED,99413,110-121-42,"""Steve Yurash(1)"",""Steve Yurash(2)"",""Steve Yurash(3)""","""Steve Yurash"""
Larimer,City of Fort Collins Mayor,UPLOADED,99414,110-121-53,"""Jeffrey Shumway(1)"",""Shirley Peel(2)"",""Adam Eggleston(3)"",""Jeffrey Shumway(4)""","""Jeffrey Shumway"",""Shirley Peel"",""Adam Eggleston"""
Larimer,City of Fort Collins Mayor,UPLOADED,99908,111-128-47,"""Shirley Peel(1)"",""Adam Eggleston(2)"",""Scotty V VanTatenhove(3)"",""Tricia Canonico(5)"",""Emily Francis(6)"",""Adam Hirschhorn(7)""","""Shirley Peel"",""Adam Eggleston"",""Scotty V VanTatenhove"""
Larimer,City of Fort Collins Mayor,UPLOADED,99910,111-128-97,"""Shirley Peel(1)"",""Adam Eggleston(2)"",""Jeffrey Shumway(3)"",""Emily Francis(4)"",""Adam Hirschhorn(5)"",""Tricia Canonico(6)"",""Jeffrey Shumway(7)""","""Shirley Peel"",""Adam Eggleston"",""Jeffrey Shumway"",""Emily Francis"",""Adam Hirschhorn"",""Tricia Canonico"""
Larimer,City of Fort Collins Mayor,UPLOADED,99911,111-128-38,"""Shirley Peel(1)"",""Jeffrey Shumway(2)"",""Adam Eggleston(3)"",""Tricia Canonico(4)"",""Emily Francis(5)"",""Scotty V VanTatenhove(6)"",""Jeffrey Shumway(7)""","""Shirley Peel"",""Jeffrey Shumway"",""Adam Eggleston"",""Tricia Canonico"",""Emily Francis"",""Scotty V VanTatenhove"""
Larimer,City of Fort Collins Mayor,UPLOADED,100012,112-142-9,"""Shirley Peel(1)"",""Emily Francis(2)"",""Tricia Canonico(3)"",""Adam Eggleston(4)"",""Adam Hirschhorn(5)"",""Shirley Peel(6)"",""Scotty V VanTatenhove(7)""","""Shirley Peel"",""Emily Francis"",""Tricia Canonico"",""Adam Eggleston"",""Adam Hirschhorn"""
Larimer,City of Fort Collins Mayor,UPLOADED,100014,112-142-3,"""Emily Francis(1)"",""Tricia Canonico(2)"",""Adam Eggleston(3)"",""Emily Francis(4)"",""Scotty V VanTatenhove(5)"",""Shirley Peel(6)"",""Jeffrey Shumway(7)""","""Emily Francis"",""Tricia Canonico"",""Adam Eggleston"""
Larimer,City of Fort Collins Mayor,UPLOADED,100219,103-112-80,"""Tricia Canonico(1)"",""Emily Francis(2)"",""Adam Hirschhorn(7)""","""Tricia Canonico"",""Emily Francis"""
Larimer,City of Fort Collins Mayor,UPLOADED,100221,103-112-16,"""Shirley Peel(1)"",""Adam Eggleston(2)"",""Scotty V VanTatenhove(3)"",""Emily Francis(4)"",""Tricia Canonico(5)"",""Jeffrey Shumway(6)"",""Adam Eggleston(7)""","""Shirley Peel"",""Adam Eggleston"",""Scotty V VanTatenhove"",""Emily Francis"",""Tricia Canonico"",""Jeffrey Shumway"""
Larimer,City of Fort Collins Mayor,UPLOADED,100222,103-112-57,"""Emily Francis(1)"",""Tricia Canonico(2)"",""Shirley Peel(3)"",""Jeffrey Shumway(4)"",""Scotty V VanTatenhove(5)"",""Jeffrey Shumway(6)"",""Adam Hirschhorn(7)""","""Emily Francis"",""Tricia Canonico"",""Shirley Peel"",""Jeffrey Shumway"",""Scotty V VanTatenhove"""
Larimer,City of Fort Collins Mayor,UPLOADED,100659,110-123-49,"""Jeffrey Shumway(1)"",""Shirley Peel(2)"",""Adam Eggleston(3)"",""Tricia Canonico(6)"",""Emily Francis(7)""","""Jeffrey Shumway"",""Shirley Peel"",""Adam Eggleston"""
Larimer,City of Fort Collins Mayor,UPLOADED,101360,109-128-4,"""Tricia Canonico(1)"",""Tricia Canonico(2)"",""Tricia Canonico(3)"",""Tricia Canonico(4)""","""Tricia Canonico"""
Larimer,City of Fort Collins Mayor,UPLOADED,101361,109-128-53,"""Emily Francis(1)"",""Tricia Canonico(2)"",""Scotty V VanTatenhove(3)"",""Tricia Canonico(4)""","""Emily Francis"",""Tricia Canonico"",""Scotty V VanTatenhove"""
Larimer,City of Fort Collins Mayor,UPLOADED,101362,109-128-22,"""Jeffrey Shumway(1)"",""Adam Hirschhorn(2)"",""Jeffrey Shumway(3)""","""Jeffrey Shumway"",""Adam Hirschhorn"""
Larimer,City of Fort Collins Mayor,UPLOADED,101363,109-128-69,"""Jeffrey Shumway(1)"",""Shirley Peel(2)"",""Adam Hirschhorn(3)"",""Scotty V VanTatenhove(4)"",""Adam Hirschhorn(5)"",""Tricia Canonico(6)"",""Emily Francis(7)""","""Jeffrey Shumway"",""Shirley Peel"",""Adam Hirschhorn"",""Scotty V VanTatenhove"""
Larimer,City of Fort Collins Mayor,UPLOADED,101364,109-128-90,"""Jeffrey Shumway(1)"",""Adam Hirschhorn(2)"",""Adam Eggleston(3)"",""Tricia Canonico(4)"",""Scotty V VanTatenhove(5)"",""Emily Francis(7)""","""Jeffrey Shumway"",""Adam Hirschhorn"",""Adam Eggleston"",""Tricia Canonico"",""Scotty V VanTatenhove"""
Larimer,City of Fort Collins Mayor,UPLOADED,101366,109-128-28,"""Jeffrey Shumway(1)"",""Adam Eggleston(2)"",""Tricia Canonico(4)"",""Emily Francis(5)"",""Scotty V VanTatenhove(6)"",""Adam Hirschhorn(7)""","""Jeffrey Shumway"",""Adam Eggleston"""
Larimer,City of Fort Collins Mayor,UPLOADED,101367,109-128-70,"""Tricia Canonico(1)"",""Shirley Peel(2)"",""Emily Francis(3)"",""Adam Hirschhorn(4)"",""Shirley Peel(5)"",""Scotty V VanTatenhove(6)"",""Jeffrey Shumway(7)""","""Tricia Canonico"",""Shirley Peel"",""Emily Francis"",""Adam Hirschhorn"""
Larimer,City of Fort Collins Mayor,UPLOADED,101368,109-128-54,"""Tricia Canonico(1)"",""Emily Francis(2)"",""Scotty V VanTatenhove(3)"",""Adam Eggleston(4)"",""Jeffrey Shumway(5)"",""Adam Hirschhorn(6)"",""Adam Eggleston(7)""","""Tricia Canonico"",""Emily Francis"",""Scotty V VanTatenhove"",""Adam Eggleston"",""Jeffrey Shumway"",""Adam Hirschhorn"""
Larimer,City of Fort Collins Mayor,UPLOADED,101369,109-128-87,"""Emily Francis(1)"",""Emily Francis(2)"",""Emily Francis(3)"",""Emily Francis(4)"",""Emily Francis(5)"",""Emily Francis(6)"",""Emily Francis(7)""","""Emily Francis"""
Larimer,City of Fort Collins Mayor,UPLOADED,101564,112-145-21,"""Emily Francis(1)"",""Tricia Canonico(2)"",""Adam Hirschhorn(3)"",""Jeffrey Shumway(4)"",""Shirley Peel(5)"",""Adam Eggleston(6)"",""Jeffrey Shumway(7)""","""Emily Francis"",""Tricia Canonico"",""Adam Hirschhorn"",""Jeffrey Shumway"",""Shirley Peel"",""Adam Eggleston"""
Larimer,City of Fort Collins Mayor,UPLOADED,101565,112-145-53,"""Emily Francis(1)"",""Tricia Canonico(2)"",""Scotty V VanTatenhove(3)"",""Adam Hirschhorn(4)"",""Shirley Peel(5)"",""Jeffrey Shumway(6)"",""Adam Hirschhorn(7)""","""Emily Francis"",""Tricia Canonico"",""Scotty V VanTatenhove"",""Adam Hirschhorn"",""Shirley Peel"",""Jeffrey Shumway"""
Larimer,City of Fort Collins Mayor,UPLOADED,101567,112-145-65,"""Emily Francis(1)"",""Shirley Peel(2)"",""Emily Francis(3)""","""Emily Francis"",""Shirley Peel"""
Larimer,City of Fort Collins Mayor,UPLOADED,101568,112-145-77,"""Emily Francis(1)"",""Tricia Canonico(2)"",""Shirley Peel(3)"",""Adam Eggleston(4)"",""Shirley Peel(5)"",""Adam Hirschhorn(6)"",""Jeffrey Shumway(7)""","""Emily Francis"",""Tricia Canonico"",""Shirley Peel"",""Adam Eggleston"""
Larimer,City of Fort Collins Mayor,UPLOADED,102067,110-125-78,"""Shirley Peel(1)"",""Scotty V VanTatenhove(2)"",""Tricia Canonico(3)"",""Adam Eggleston(4)"",""Emily Francis(5)"",""Emily Francis(6)"",""Emily Francis(7)""","""Shirley Peel"",""Scotty V VanTatenhove"",""Tricia Canonico"",""Adam Eggleston"",""Emily Francis"""
Larimer,City of Fort Collins Mayor,UPLOADED,102068,110-125-46,"""Emily Francis(1)"",""Tricia Canonico(2)"",""Emily Francis(3)""","""Emily Francis"",""Tricia Canonico"""
Larimer,City of Fort Collins Mayor,UPLOADED,102457,101-12-11,"""Tricia Canonico(1)"",""Shirley Peel(7)""","""Tricia Canonico"""
Larimer,City of Fort Collins Mayor,UPLOADED,102458,101-12-20,"""Tricia Canonico(1)"",""Emily Francis(2)"",""Shirley Peel(4)"",""Adam Eggleston(6)""","""Tricia Canonico"",""Emily Francis"""
Larimer,City of Fort Collins Mayor,UPLOADED,102555,105-162-88,"""Emily Francis(1)"",""Tricia Canonico(2)"",""Shirley Peel(7)""","""Emily Francis"",""Tricia Canonico"""
Larimer,City of Fort Collins Mayor,UPLOADED,102556,105-162-41,"""Shirley Peel(1)"",""Jeffrey Shumway(2)"",""Adam Eggleston(3)"",""Adam Hirschhorn(4)"",""Jeffrey Shumway(5)"",""Tricia Canonico(6)"",""Emily Francis(7)""","""Shirley Peel"",""Jeffrey Shumway"",""Adam Eggleston"",""Adam Hirschhorn"""
Larimer,City of Fort Collins Mayor,UPLOADED,102558,105-162-38,"""Tricia Canonico(1)"",""Adam Eggleston(2)"",""Emily Francis(3)"",""Adam Hirschhorn(4)"",""Jeffrey Shumway(5)"",""Adam Hirschhorn(6)"",""Shirley Peel(6)"",""Scotty V VanTatenhove(7)""","""Tricia Canonico"",""Adam Eggleston"",""Emily Francis"",""Adam Hirschhorn"",""Jeffrey Shumway"",""Shirley Peel"",""Scotty V VanTatenhove"""
Larimer,City of Fort Collins Mayor,UPLOADED,102653,111-132-73,"""Shirley Peel(1)"",""Tricia Canonico(2)"",""Emily Francis(3)"",""Scotty V VanTatenhove(4)"",""Jeffrey Shumway(5)"",""Adam Hirschhorn(6)"",""Jeffrey Shumway(7)""","""Shirley Peel"",""Tricia Canonico"",""Emily Francis"",""Scotty V VanTatenhove"",""Jeffrey Shumway"",""Adam Hirschhorn"""
Larimer,City of Fort Collins Mayor,UPLOADED,102654,111-132-88,"""Emily Francis(1)"",""Tricia Canonico(2)"",""Shirley Peel(3)"",""Jeffrey Shumway(4)"",""Adam Hirschhorn(5)"",""Adam Eggleston(6)"",""Jeffrey Shumway(7)""","""Emily Francis"",""Tricia Canonico"",""Shirley Peel"",""Jeffrey Shumway"",""Adam Hirschhorn"",""Adam Eggleston"""
Larimer,City of Fort Collins Mayor,UPLOADED,102655,111-132-38,"""Emily Francis(1)"",""Adam Eggleston(2)"",""Tricia Canonico(3)"",""Shirley Peel(4)"",""Jeffrey Shumway(6)"",""Scotty V VanTatenhove(7)""","""Emily Francis"",""Adam Eggleston"",""Tricia Canonico"",""Shirley Peel"""
Larimer,City of Fort Collins Mayor,UPLOADED,102656,111-132-3,"""Shirley Peel(1)"",""Jeffrey Shumway(2)"",""Adam Eggleston(3)"",""Adam Hirschhorn(4)"",""Jeffrey Shumway(5)"",""Tricia Canonico(6)"",""Emily Francis(7)""","""Shirley Peel"",""Jeffrey Shumway"",""Adam Eggleston"",""Adam Hirschhorn"""
Larimer,City of Fort Collins Mayor,UPLOADED,102657,111-132-97,"""Shirley Peel(1)"",""Emily Francis(2)"",""Scotty V VanTatenhove(7)""","""Shirley Peel"",""Emily Francis"""
Larimer,City of Fort Collins Mayor,UPLOADED,102756,112-147-66,"""Jeffrey Shumway(1)"",""Shirley Peel(2)"",""Scotty V VanTatenhove(3)"",""Scotty V VanTatenhove(4)"",""Scotty V VanTatenhove(5)"",""Scotty V VanTatenhove(6)"",""Tricia Canonico(7)""","""Jeffrey Shumway"",""Shirley Peel"",""Scotty V VanTatenhove"""
Larimer,City of Fort Collins Mayor,UPLOADED,102854,106-171-4,"""Emily Francis(1)"",""Shirley Peel(2)"",""Tricia Canonico(3)"",""Adam Eggleston(4)"",""Adam Hirschhorn(4)"",""Jeffrey Shumway(5)"",""Scotty V VanTatenhove(6)"",""Adam Hirschhorn(7)""","""Emily Francis"",""Shirley Peel"",""Tricia Canonico"""
Larimer,City of Fort Collins Mayor,UPLOADED,102855,106-171-22,"""Emily Francis(1)"",""Adam Eggleston(2)"",""Scotty V VanTatenhove(3)"",""Tricia Canonico(7)""","""Emily Francis"",""Adam Eggleston"",""Scotty V VanTatenhove"""
Larimer,City of Fort Collins Mayor,UPLOADED,102858,106-171-70,"""Emily Francis(1)"",""Emily Francis(2)"",""Emily Francis(3)"",""Tricia Canonico(4)"",""Tricia Canonico(5)"",""Tricia Canonico(6)"",""Adam Eggleston(7)""","""Emily Francis"""
Larimer,City of Fort Collins Mayor,UPLOADED,103051,103-115-24,"""Emily Francis(1)"",""Tricia Canonico(2)"",""Scotty V VanTatenhove(6)"",""Adam Hirschhorn(7)""","""Emily Francis"",""Tricia Canonico"""
Larimer,City of Fort Collins Mayor,UPLOADED,103052,103-115-60,"""Shirley Peel(1)"",""Jeffrey Shumway(2)"",""Adam Eggleston(3)"",""Tricia Canonico(6)"",""Emily Francis(6)""","""Shirley Peel"",""Jeffrey Shumway"",""Adam Eggleston"""
Larimer,City of Fort Collins Councilmember - District 1,UPLOADED,106785,112-153-28,"""Daisy Montgomery(1)"",""Chris Conway(2)"",""Daisy Montgomery(3)""","""Daisy Montgomery"",""Chris Conway"""
Larimer,City of Fort Collins Mayor,UPLOADED,103053,103-115-36,"""Adam Eggleston(1)"",""Tricia Canonico(2)"",""Emily Francis(4)"",""Adam Hirschhorn(5)"",""Scotty V VanTatenhove(6)"",""Shirley Peel(7)""","""Adam Eggleston"",""Tricia Canonico"""
Larimer,City of Fort Collins Mayor,UPLOADED,103054,103-115-35,"""Emily Francis(1)"",""Tricia Canonico(2)"",""Adam Eggleston(6)"",""Adam Hirschhorn(7)""","""Emily Francis"",""Tricia Canonico"""
Larimer,City of Fort Collins Mayor,UPLOADED,103055,103-115-95,"""Shirley Peel(1)"",""Adam Eggleston(2)"",""Tricia Canonico(3)"",""Emily Francis(4)"",""Shirley Peel(5)"",""Adam Hirschhorn(6)"",""Scotty V VanTatenhove(7)""","""Shirley Peel"",""Adam Eggleston"",""Tricia Canonico"",""Emily Francis"""
Larimer,City of Fort Collins Mayor,UPLOADED,103056,103-115-43,"""Tricia Canonico(1)"",""Adam Eggleston(2)"",""Adam Eggleston(3)"",""Emily Francis(3)"",""Adam Hirschhorn(4)"",""Shirley Peel(5)"",""Jeffrey Shumway(6)"",""Scotty V VanTatenhove(7)""","""Tricia Canonico"",""Adam Eggleston"",""Emily Francis"",""Adam Hirschhorn"",""Shirley Peel"",""Jeffrey Shumway"",""Scotty V VanTatenhove"""
Larimer,City of Fort Collins Mayor,UPLOADED,103449,109-130-10,"""Shirley Peel(1)"",""Adam Eggleston(2)"",""Jeffrey Shumway(3)"",""Adam Hirschhorn(4)"",""Jeffrey Shumway(5)"",""Emily Francis(6)"",""Tricia Canonico(7)""","""Shirley Peel"",""Adam Eggleston"",""Jeffrey Shumway"",""Adam Hirschhorn"""
Larimer,City of Fort Collins Mayor,UPLOADED,103450,109-130-39,"""Jeffrey Shumway(1)"",""Adam Hirschhorn(2)"",""Adam Hirschhorn(3)"",""Scotty V VanTatenhove(4)"",""Adam Eggleston(5)"",""Emily Francis(6)"",""Adam Hirschhorn(7)""","""Jeffrey Shumway"",""Adam Hirschhorn"""
Larimer,City of Fort Collins Mayor,UPLOADED,103451,109-130-78,"""Tricia Canonico(1)"",""Adam Eggleston(2)"",""Shirley Peel(3)"",""Jeffrey Shumway(4)"",""Adam Eggleston(5)"",""Scotty V VanTatenhove(6)"",""Adam Hirschhorn(7)""","""Tricia Canonico"",""Adam Eggleston"",""Shirley Peel"",""Jeffrey Shumway"""
Larimer,City of Fort Collins Mayor,UPLOADED,103455,109-130-97,"""Emily Francis(1)"",""Shirley Peel(2)"",""Tricia Canonico(3)"",""Adam Hirschhorn(4)"",""Shirley Peel(5)"",""Jeffrey Shumway(6)"",""Scotty V VanTatenhove(7)""","""Emily Francis"",""Shirley Peel"",""Tricia Canonico"",""Adam Hirschhorn"""
Larimer,City of Fort Collins Mayor,UPLOADED,103456,109-130-36,"""Tricia Canonico(1)"",""Emily Francis(2)"",""Adam Eggleston(4)"",""Scotty V VanTatenhove(5)"",""Jeffrey Shumway(6)"",""Adam Hirschhorn(7)""","""Tricia Canonico"",""Emily Francis"""
Larimer,City of Fort Collins Mayor,UPLOADED,103548,104-134-40,"""Shirley Peel(1)"",""Adam Eggleston(2)"",""Tricia Canonico(3)"",""Emily Francis(4)"",""Adam Eggleston(5)"",""Jeffrey Shumway(6)"",""Scotty V VanTatenhove(7)""","""Shirley Peel"",""Adam Eggleston"",""Tricia Canonico"",""Emily Francis"""
Larimer,City of Fort Collins Mayor,UPLOADED,103549,104-134-45,"""Emily Francis(1)"",""Tricia Canonico(2)"",""Shirley Peel(3)"",""Scotty V VanTatenhove(4)"",""Adam Eggleston(5)"",""Adam Hirschhorn(6)"",""Shirley Peel(7)""","""Emily Francis"",""Tricia Canonico"",""Shirley Peel"",""Scotty V VanTatenhove"",""Adam Eggleston"",""Adam Hirschhorn"""
Larimer,City of Fort Collins Mayor,UPLOADED,103550,104-134-80,"""Tricia Canonico(1)"",""Scotty V VanTatenhove(2)"",""Shirley Peel(3)"",""Jeffrey Shumway(4)"",""Shirley Peel(5)"",""Adam Hirschhorn(6)"",""Emily Francis(7)""","""Tricia Canonico"",""Scotty V VanTatenhove"",""Shirley Peel"",""Jeffrey Shumway"""
Larimer,City of Fort Collins Mayor,UPLOADED,103554,104-134-48,"""Tricia Canonico(1)"",""Shirley Peel(2)"",""Emily Francis(3)"",""Adam Hirschhorn(4)"",""Scotty V VanTatenhove(5)"",""Emily Francis(6)"",""Jeffrey Shumway(7)""","""Tricia Canonico"",""Shirley Peel"",""Emily Francis"",""Adam Hirschhorn"",""Scotty V VanTatenhove"""
Larimer,City of Fort Collins Mayor,UPLOADED,103654,106-173-13,"""Adam Hirschhorn(1)"",""Tricia Canonico(2)"",""Adam Eggleston(3)"",""Emily Francis(4)"",""Shirley Peel(6)"",""Jeffrey Shumway(7)""","""Adam Hirschhorn"",""Tricia Canonico"",""Adam Eggleston"",""Emily Francis"""
Larimer,City of Fort Collins Mayor,UPLOADED,103655,106-173-72,"""Emily Francis(1)"",""Shirley Peel(2)"",""Tricia Canonico(3)"",""Jeffrey Shumway(7)""","""Emily Francis"",""Shirley Peel"",""Tricia Canonico"""
Larimer,City of Fort Collins Mayor,UPLOADED,103751,111-134-86,"""Tricia Canonico(1)"",""Emily Francis(2)"",""Shirley Peel(3)"",""Adam Eggleston(4)"",""Scotty V VanTatenhove(5)"",""Adam Hirschhorn(7)""","""Tricia Canonico"",""Emily Francis"",""Shirley Peel"",""Adam Eggleston"",""Scotty V VanTatenhove"""
Larimer,City of Fort Collins Mayor,UPLOADED,103755,111-134-39,"""Emily Francis(1)"",""Adam Hirschhorn(6)"",""Jeffrey Shumway(7)""","""Emily Francis"""
Larimer,City of Fort Collins Mayor,UPLOADED,103847,112-149-8,"""Tricia Canonico(1)"",""Jeffrey Shumway(2)"",""Emily Francis(3)"",""Jeffrey Shumway(4)"",""Adam Hirschhorn(5)"",""Scotty V VanTatenhove(7)""","""Tricia Canonico"",""Jeffrey Shumway"",""Emily Francis"""
Larimer,City of Fort Collins Mayor,UPLOADED,103848,112-149-57,"""Tricia Canonico(1)"",""Emily Francis(2)"",""Shirley Peel(3)"",""Adam Eggleston(4)"",""Jeffrey Shumway(5)"",""Adam Eggleston(6)"",""Adam Hirschhorn(7)""","""Tricia Canonico"",""Emily Francis"",""Shirley Peel"",""Adam Eggleston"",""Jeffrey Shumway"""
Larimer,City of Fort Collins Mayor,UPLOADED,103849,112-149-11,"""Tricia Canonico(1)"",""Emily Francis(2)"",""Shirley Peel(3)"",""Adam Eggleston(4)"",""Jeffrey Shumway(5)"",""Adam Eggleston(6)"",""Adam Hirschhorn(7)""","""Tricia Canonico"",""Emily Francis"",""Shirley Peel"",""Adam Eggleston"",""Jeffrey Shumway"""
Larimer,City of Fort Collins Mayor,UPLOADED,103850,112-149-19,"""Tricia Canonico(1)"",""Adam Hirschhorn(2)"",""Emily Francis(4)"",""Adam Eggleston(6)"",""Shirley Peel(7)"",""Jeffrey Shumway(7)"",""Scotty V VanTatenhove(7)""","""Tricia Canonico"",""Adam Hirschhorn"""
Larimer,City of Fort Collins Mayor,UPLOADED,103851,112-149-70,"""Shirley Peel(1)"",""Tricia Canonico(2)"",""Emily Francis(3)"",""Scotty V VanTatenhove(4)"",""Jeffrey Shumway(5)"",""Scotty V VanTatenhove(6)"",""Adam Eggleston(7)""","""Shirley Peel"",""Tricia Canonico"",""Emily Francis"",""Scotty V VanTatenhove"",""Jeffrey Shumway"""
Larimer,City of Fort Collins Councilmember - District 1,UPLOADED,103852,112-149-74,"""Daisy Montgomery(1)"",""Chris Conway(2)"",""Daisy Montgomery(3)""","""Daisy Montgomery"",""Chris Conway"""
Larimer,City of Fort Collins Mayor,UPLOADED,103853,112-149-50,"""Adam Eggleston(1)"",""Jeffrey Shumway(2)"",""Tricia Canonico(3)"",""Shirley Peel(4)"",""Adam Hirschhorn(5)"",""Jeffrey Shumway(6)"",""Scotty V VanTatenhove(7)""","""Adam Eggleston"",""Jeffrey Shumway"",""Tricia Canonico"",""Shirley Peel"",""Adam Hirschhorn"""
Larimer,City of Fort Collins Mayor,UPLOADED,103854,112-149-48,"""Tricia Canonico(1)"",""Shirley Peel(2)"",""Emily Francis(3)"",""Jeffrey Shumway(4)"",""Adam Hirschhorn(5)"",""Scotty V VanTatenhove(7)""","""Tricia Canonico"",""Shirley Peel"",""Emily Francis"",""Jeffrey Shumway"",""Adam Hirschhorn"""
Larimer,City of Fort Collins Mayor,UPLOADED,104048,110-127-74,"""Adam Eggleston(1)"",""Tricia Canonico(2)"",""Emily Francis(3)"",""Scotty V VanTatenhove(7)""","""Adam Eggleston"",""Tricia Canonico"",""Emily Francis"""
Larimer,City of Fort Collins Mayor,UPLOADED,104049,110-127-15,"""Tricia Canonico(1)"",""Adam Eggleston(2)"",""Emily Francis(3)"",""Shirley Peel(4)"",""Adam Hirschhorn(7)""","""Tricia Canonico"",""Adam Eggleston"",""Emily Francis"",""Shirley Peel"""
Larimer,City of Fort Collins Mayor,UPLOADED,105042,109-132-63,"""Emily Francis(1)"",""Tricia Canonico(2)"",""Shirley Peel(7)""","""Emily Francis"",""Tricia Canonico"""
Larimer,City of Fort Collins Mayor,UPLOADED,105045,109-132-9,"""Tricia Canonico(1)"",""Emily Francis(2)"",""Adam Hirschhorn(3)"",""Shirley Peel(4)"",""Scotty V VanTatenhove(5)"",""Jeffrey Shumway(6)"",""Adam Hirschhorn(7)""","""Tricia Canonico"",""Emily Francis"",""Adam Hirschhorn"",""Shirley Peel"",""Scotty V VanTatenhove"",""Jeffrey Shumway"""
Larimer,City of Fort Collins Mayor,UPLOADED,105047,109-132-99,"""Tricia Canonico(1)"",""Emily Francis(2)"",""Shirley Peel(3)"",""Scotty V VanTatenhove(4)"",""Adam Eggleston(5)"",""Adam Hirschhorn(6)"",""Scotty V VanTatenhove(7)""","""Tricia Canonico"",""Emily Francis"",""Shirley Peel"",""Scotty V VanTatenhove"",""Adam Eggleston"",""Adam Hirschhorn"""
Larimer,City of Fort Collins Mayor,UPLOADED,105048,109-132-36,"""Emily Francis(1)"",""Scotty V VanTatenhove(2)"",""Adam Hirschhorn(3)"",""Jeffrey Shumway(5)"",""Tricia Canonico(7)""","""Emily Francis"",""Scotty V VanTatenhove"",""Adam Hirschhorn"""
Larimer,City of Fort Collins Mayor,UPLOADED,105049,109-132-23,"""Adam Hirschhorn(1)"",""Shirley Peel(2)"",""Tricia Canonico(3)"",""Adam Eggleston(4)"",""Shirley Peel(5)"",""Emily Francis(6)"",""Jeffrey Shumway(7)""","""Adam Hirschhorn"",""Shirley Peel"",""Tricia Canonico"",""Adam Eggleston"""
Larimer,City of Fort Collins Mayor,UPLOADED,105146,104-136-35,"""Tricia Canonico(1)"",""Emily Francis(2)"",""Adam Hirschhorn(3)"",""Scotty V VanTatenhove(4)"",""Shirley Peel(5)"",""Adam Hirschhorn(6)"",""Jeffrey Shumway(7)""","""Tricia Canonico"",""Emily Francis"",""Adam Hirschhorn"",""Scotty V VanTatenhove"",""Shirley Peel"""
Larimer,City of Fort Collins Mayor,UPLOADED,105244,111-136-27,"""Tricia Canonico(7)"",""Adam Eggleston(7)"",""Emily Francis(7)"",""Adam Hirschhorn(7)"",""Shirley Peel(7)"",""Jeffrey Shumway(7)"",""Scotty V VanTatenhove(7)""",""
Larimer,City of Fort Collins Councilmember - District 3,UPLOADED,105244,111-136-27,"""Josh Fudge(3)"",""Lance Smith(3)"",""Steve Yurash(3)""",""
Larimer,City of Fort Collins Mayor,UPLOADED,105245,111-136-3,"""Shirley Peel(1)"",""Emily Francis(2)"",""Adam Eggleston(3)"",""Jeffrey Shumway(4)"",""Scotty V VanTatenhove(5)"",""Adam Eggleston(6)"",""Tricia Canonico(7)""","""Shirley Peel"",""Emily Francis"",""Adam Eggleston"",""Jeffrey Shumway"",""Scotty V VanTatenhove"""
Larimer,City of Fort Collins Mayor,UPLOADED,105246,111-136-36,"""Tricia Canonico(1)"",""Emily Francis(2)"",""Tricia Canonico(3)"",""Shirley Peel(4)"",""Adam Hirschhorn(5)"",""Jeffrey Shumway(6)"",""Scotty V VanTatenhove(7)""","""Tricia Canonico"",""Emily Francis"""
Larimer,City of Fort Collins Mayor,UPLOADED,105248,111-136-76,"""Emily Francis(1)"",""Tricia Canonico(2)"",""Shirley Peel(3)"",""Scotty V VanTatenhove(4)"",""Scotty V VanTatenhove(5)"",""Scotty V VanTatenhove(6)"",""Jeffrey Shumway(7)""","""Emily Francis"",""Tricia Canonico"",""Shirley Peel"",""Scotty V VanTatenhove"""
Larimer,City of Fort Collins Mayor,UPLOADED,105249,111-136-96,"""Tricia Canonico(1)"",""Adam Eggleston(2)"",""Emily Francis(3)"",""Adam Eggleston(4)"",""Adam Hirschhorn(5)"",""Jeffrey Shumway(6)"",""Scotty V VanTatenhove(7)""","""Tricia Canonico"",""Adam Eggleston"",""Emily Francis"""
Larimer,City of Fort Collins Mayor,UPLOADED,105342,103-117-29,"""Shirley Peel(1)"",""Jeffrey Shumway(2)"",""Tricia Canonico(3)"",""Emily Francis(7)""","""Shirley Peel"",""Jeffrey Shumway"",""Tricia Canonico"""
Larimer,City of Fort Collins Mayor,UPLOADED,105343,103-117-60,"""Emily Francis(1)"",""Tricia Canonico(2)"",""Tricia Canonico(3)"",""Adam Eggleston(4)"",""Scotty V VanTatenhove(5)"",""Jeffrey Shumway(6)"",""Adam Hirschhorn(7)""","""Emily Francis"",""Tricia Canonico"""
Larimer,City of Fort Collins Mayor,UPLOADED,105345,103-117-4,"""Emily Francis(1)"",""Tricia Canonico(2)"",""Adam Eggleston(3)"",""Scotty V VanTatenhove(5)"",""Adam Hirschhorn(6)"",""Shirley Peel(7)""","""Emily Francis"",""Tricia Canonico"",""Adam Eggleston"""
Larimer,City of Fort Collins Mayor,UPLOADED,105346,103-117-79,"""Jeffrey Shumway(1)"",""Shirley Peel(3)"",""Emily Francis(4)"",""Adam Eggleston(5)"",""Scotty V VanTatenhove(6)"",""Tricia Canonico(7)""","""Jeffrey Shumway"""
Larimer,City of Fort Collins Mayor,UPLOADED,105349,103-117-74,"""Tricia Canonico(1)"",""Adam Eggleston(2)"",""Adam Eggleston(3)"",""Shirley Peel(4)"",""Jeffrey Shumway(5)"",""Scotty V VanTatenhove(6)"",""Adam Hirschhorn(7)""","""Tricia Canonico"",""Adam Eggleston"""
Larimer,City of Fort Collins Mayor,UPLOADED,105548,112-151-42,"""Shirley Peel(1)"",""Jeffrey Shumway(2)"",""Adam Eggleston(3)"",""Emily Francis(4)"",""Tricia Canonico(5)"",""Jeffrey Shumway(6)"",""Adam Hirschhorn(7)""","""Shirley Peel"",""Jeffrey Shumway"",""Adam Eggleston"",""Emily Francis"",""Tricia Canonico"""
Larimer,City of Fort Collins Mayor,UPLOADED,105549,112-151-7,"""Emily Francis(1)"",""Tricia Canonico(2)"",""Adam Hirschhorn(3)"",""Scotty V VanTatenhove(4)"",""Shirley Peel(5)"",""Jeffrey Shumway(6)"",""Adam Hirschhorn(7)""","""Emily Francis"",""Tricia Canonico"",""Adam Hirschhorn"",""Scotty V VanTatenhove"",""Shirley Peel"",""Jeffrey Shumway"""
Larimer,City of Fort Collins Mayor,UPLOADED,105760,110-129-35,"""Adam Eggleston(1)"",""Tricia Canonico(2)"",""Adam Hirschhorn(3)"",""Emily Francis(4)"",""Adam Hirschhorn(5)"",""Adam Hirschhorn(6)"",""Scotty V VanTatenhove(7)""","""Adam Eggleston"",""Tricia Canonico"",""Adam Hirschhorn"",""Emily Francis"""
Larimer,City of Fort Collins Mayor,UPLOADED,105765,110-129-79,"""Tricia Canonico(1)"",""Emily Francis(2)"",""Adam Eggleston(7)""","""Tricia Canonico"",""Emily Francis"""
Larimer,City of Fort Collins Mayor,UPLOADED,105767,110-129-66,"""Emily Francis(1)"",""Tricia Canonico(2)"",""Adam Eggleston(3)"",""Shirley Peel(4)"",""Tricia Canonico(5)""","""Emily Francis"",""Tricia Canonico"",""Adam Eggleston"",""Shirley Peel"""
Larimer,City of Fort Collins Mayor,UPLOADED,106383,105-168-2,"""Tricia Canonico(1)"",""Adam Hirschhorn(2)"",""Emily Francis(3)"",""Shirley Peel(4)"",""Jeffrey Shumway(5)"",""Scotty V VanTatenhove(7)""","""Tricia Canonico"",""Adam Hirschhorn"",""Emily Francis"",""Shirley Peel"",""Jeffrey Shumway"""
Larimer,City of Fort Collins Mayor,UPLOADED,106385,105-168-52,"""Tricia Canonico(1)"",""Emily Francis(2)"",""Adam Hirschhorn(3)"",""Scotty V VanTatenhove(4)"",""Adam Hirschhorn(5)"",""Jeffrey Shumway(6)"",""Shirley Peel(7)""","""Tricia Canonico"",""Emily Francis"",""Adam Hirschhorn"",""Scotty V VanTatenhove"""
Larimer,City of Fort Collins Mayor,UPLOADED,106581,111-138-44,"""Emily Francis(1)"",""Jeffrey Shumway(7)""","""Emily Francis"""
Larimer,City of Fort Collins Mayor,UPLOADED,106582,111-138-54,"""Emily Francis(1)"",""Tricia Canonico(2)"",""Jeffrey Shumway(7)""","""Emily Francis"",""Tricia Canonico"""
Larimer,City of Fort Collins Mayor,UPLOADED,106583,111-138-4,"""Tricia Canonico(1)"",""Emily Francis(2)"",""Shirley Peel(3)"",""Adam Hirschhorn(4)"",""Jeffrey Shumway(5)"",""Scotty V VanTatenhove(6)"",""Adam Hirschhorn(7)""","""Tricia Canonico"",""Emily Francis"",""Shirley Peel"",""Adam Hirschhorn"",""Jeffrey Shumway"",""Scotty V VanTatenhove"""
Larimer,City of Fort Collins Mayor,UPLOADED,106684,106-178-46,"""Tricia Canonico(1)"",""Emily Francis(2)"",""Adam Hirschhorn(3)"",""Shirley Peel(4)"",""Jeffrey Shumway(5)"",""Adam Hirschhorn(6)"",""Scotty V VanTatenhove(7)""","""Tricia Canonico"",""Emily Francis"",""Adam Hirschhorn"",""Shirley Peel"",""Jeffrey Shumway"""
Larimer,City of Fort Collins Mayor,UPLOADED,106685,106-178-23,"""Jeffrey Shumway(1)"",""Emily Francis(3)"",""Adam Eggleston(4)"",""Tricia Canonico(5)"",""Adam Hirschhorn(6)"",""Scotty V VanTatenhove(7)""","""Jeffrey Shumway"""
Larimer,City of Fort Collins Mayor,UPLOADED,106778,112-153-6,"""Scotty V VanTatenhove(1)"",""Shirley Peel(2)"",""Emily Francis(3)"",""Tricia Canonico(4)"",""Emily Francis(5)"",""Shirley Peel(6)"",""Scotty V VanTatenhove(7)""","""Scotty V VanTatenhove"",""Shirley Peel"",""Emily Francis"",""Tricia Canonico"""
Larimer,City of Fort Collins Mayor,UPLOADED,106781,112-153-35,"""Emily Francis(1)"",""Tricia Canonico(2)"",""Adam Hirschhorn(3)"",""Adam Eggleston(4)"",""Scotty V VanTatenhove(5)"",""Jeffrey Shumway(6)"",""Adam Hirschhorn(7)""","""Emily Francis"",""Tricia Canonico"",""Adam Hirschhorn"",""Adam Eggleston"",""Scotty V VanTatenhove"",""Jeffrey Shumway"""
Larimer,City of Fort Collins Mayor,UPLOADED,106783,112-153-73,"""Shirley Peel(1)"",""Shirley Peel(2)"",""Shirley Peel(3)"",""Shirley Peel(4)"",""Shirley Peel(5)"",""Shirley Peel(6)"",""Shirley Peel(7)""","""Shirley Peel"""
Larimer,City of Fort Collins Mayor,UPLOADED,106875,109-134-1,"""Emily Francis(1)"",""Tricia Canonico(2)"",""Shirley Peel(4)"",""Jeffrey Shumway(5)"",""Adam Hirschhorn(6)"",""Adam Eggleston(7)""","""Emily Francis"",""Tricia Canonico"""
Larimer,City of Fort Collins Mayor,UPLOADED,106877,109-134-11,"""Emily Francis(1)"",""Shirley Peel(1)"",""Adam Eggleston(2)"",""Tricia Canonico(3)"",""Jeffrey Shumway(4)"",""Scotty V VanTatenhove(5)""",""
Larimer,City of Fort Collins Mayor,UPLOADED,106878,109-134-67,"""Tricia Canonico(1)"",""Emily Francis(2)"",""Adam Eggleston(6)"",""Shirley Peel(7)""","""Tricia Canonico"",""Emily Francis"""
Larimer,City of Fort Collins Mayor,UPLOADED,106879,109-134-65,"""Emily Francis(1)"",""Tricia Canonico(2)"",""Adam Eggleston(7)"",""Adam Hirschhorn(7)"",""Shirley Peel(7)"",""Jeffrey Shumway(7)"",""Scotty V VanTatenhove(7)""","""Emily Francis"",""Tricia Canonico"""
Larimer,City of Fort Collins Mayor,UPLOADED,106883,109-134-83,"""Tricia Canonico(1)"",""Adam Hirschhorn(2)"",""Emily Francis(3)"",""Shirley Peel(3)"",""Emily Francis(4)"",""Scotty V VanTatenhove(5)"",""Adam Eggleston(6)"",""Jeffrey Shumway(7)""","""Tricia Canonico"",""Adam Hirschhorn"""
Larimer,City of Fort Collins Mayor,UPLOADED,106884,109-134-93,"""Jeffrey Shumway(1)"",""Adam Eggleston(5)"",""Scotty V VanTatenhove(6)"",""Tricia Canonico(7)"",""Emily Francis(7)"",""Adam Hirschhorn(7)"",""Shirley Peel(7)""","""Jeffrey Shumway"""
Larimer,City of Fort Collins Mayor,UPLOADED,106974,104-138-18,"""Emily Francis(1)"",""Tricia Canonico(2)"",""Adam Eggleston(3)"",""Shirley Peel(4)"",""Scotty V VanTatenhove(5)"",""Jeffrey Shumway(6)"",""Shirley Peel(7)""","""Emily Francis"",""Tricia Canonico"",""Adam Eggleston"",""Shirley Peel"",""Scotty V VanTatenhove"",""Jeffrey Shumway"""
Larimer,City of Fort Collins Mayor,UPLOADED,106977,104-138-5,"""Emily Francis(1)"",""Shirley Peel(2)"",""Tricia Canonico(3)"",""Adam Eggleston(4)"",""Adam Hirschhorn(5)"",""Jeffrey Shumway(6)"",""Jeffrey Shumway(7)""","""Emily Francis"",""Shirley Peel"",""Tricia Canonico"",""Adam Eggleston"",""Adam Hirschhorn"",""Jeffrey Shumway"""
Larimer,City of Fort Collins Mayor,UPLOADED,106978,104-138-51,"""Jeffrey Shumway(1)"",""Adam Eggleston(2)"",""Tricia Canonico(3)"",""Emily Francis(4)"",""Shirley Peel(5)"",""Adam Hirschhorn(6)"",""Jeffrey Shumway(7)""","""Jeffrey Shumway"",""Adam Eggleston"",""Tricia Canonico"",""Emily Francis"",""Shirley Peel"",""Adam Hirschhorn"""
Larimer,City of Fort Collins Mayor,UPLOADED,107473,103-119-31,"""Jeffrey Shumway(1)"",""Adam Eggleston(2)"",""Adam Hirschhorn(3)"",""Emily Francis(4)"",""Tricia Canonico(5)"",""Scotty V VanTatenhove(6)"",""Adam Hirschhorn(7)""","""Jeffrey Shumway"",""Adam Eggleston"",""Adam Hirschhorn"",""Emily Francis"",""Tricia Canonico"",""Scotty V VanTatenhove"""
Larimer,City of Fort Collins Mayor,UPLOADED,107474,103-119-97,"""Adam Hirschhorn(1)"",""Tricia Canonico(2)"",""Adam Eggleston(3)"",""Scotty V VanTatenhove(4)"",""Shirley Peel(5)"",""Adam Eggleston(6)"",""Jeffrey Shumway(7)""","""Adam Hirschhorn"",""Tricia Canonico"",""Adam Eggleston"",""Scotty V VanTatenhove"",""Shirley Peel"""
Larimer,City of Fort Collins Mayor,UPLOADED,107475,103-119-70,"""Tricia Canonico(1)"",""Emily Francis(1)""",""
Larimer,City of Fort Collins Mayor,UPLOADED,107476,103-119-36,"""Emily Francis(1)"",""Tricia Canonico(2)"",""Shirley Peel(3)"",""Adam Eggleston(4)"",""Adam Hirschhorn(5)"",""Jeffrey Shumway(6)"",""Jeffrey Shumway(7)""","""Emily Francis"",""Tricia Canonico"",""Shirley Peel"",""Adam Eggleston"",""Adam Hirschhorn"",""Jeffrey Shumway"""
Larimer,City of Fort Collins Mayor,UPLOADED,107478,103-119-6,"""Tricia Canonico(1)"",""Emily Francis(2)"",""Shirley Peel(5)"",""Adam Hirschhorn(6)"",""Adam Eggleston(7)""","""Tricia Canonico"",""Emily Francis"""
Larimer,City of Fort Collins Mayor,UPLOADED,107479,103-119-92,"""Jeffrey Shumway(1)"",""Shirley Peel(2)"",""Emily Francis(7)""","""Jeffrey Shumway"",""Shirley Peel"""
Larimer,City of Fort Collins Mayor,UPLOADED,107481,103-119-94,"""Jeffrey Shumway(1)"",""Scotty V VanTatenhove(2)"",""Shirley Peel(3)"",""Adam Hirschhorn(4)"",""Tricia Canonico(7)"",""Adam Hirschhorn(7)""","""Jeffrey Shumway"",""Scotty V VanTatenhove"",""Shirley Peel"",""Adam Hirschhorn"""
Larimer,City of Fort Collins Mayor,UPLOADED,107678,112-155-56,"""Emily Francis(1)"",""Tricia Canonico(2)"",""Jeffrey Shumway(3)"",""Adam Eggleston(4)"",""Scotty V VanTatenhove(5)"",""Jeffrey Shumway(6)"",""Shirley Peel(7)""","""Emily Francis"",""Tricia Canonico"",""Jeffrey Shumway"",""Adam Eggleston"",""Scotty V VanTatenhove"""
Larimer,City of Fort Collins Mayor,UPLOADED,107679,112-155-2,"""Emily Francis(1)"",""Tricia Canonico(2)"",""Shirley Peel(3)"",""Adam Eggleston(4)"",""Shirley Peel(6)"",""Scotty V VanTatenhove(6)"",""Adam Hirschhorn(7)""","""Emily Francis"",""Tricia Canonico"",""Shirley Peel"",""Adam Eggleston"""
Larimer,City of Fort Collins Mayor,UPLOADED,107681,112-155-54,"""Tricia Canonico(1)"",""Emily Francis(2)"",""Shirley Peel(3)"",""Adam Hirschhorn(4)"",""Scotty V VanTatenhove(5)"",""Jeffrey Shumway(6)"",""Adam Hirschhorn(7)""","""Tricia Canonico"",""Emily Francis"",""Shirley Peel"",""Adam Hirschhorn"",""Scotty V VanTatenhove"",""Jeffrey Shumway"""
Larimer,City of Fort Collins Mayor,UPLOADED,107775,111-140-2,"""Emily Francis(1)"",""Jeffrey Shumway(7)""","""Emily Francis"""
Larimer,City of Fort Collins Mayor,UPLOADED,107776,111-140-47,"""Tricia Canonico(1)"",""Adam Eggleston(2)"",""Jeffrey Shumway(3)"",""Emily Francis(4)"",""Scotty V VanTatenhove(5)"",""Adam Hirschhorn(6)"",""Scotty V VanTatenhove(7)""","""Tricia Canonico"",""Adam Eggleston"",""Jeffrey Shumway"",""Emily Francis"",""Scotty V VanTatenhove"",""Adam Hirschhorn"""
Larimer,City of Fort Collins Mayor,UPLOADED,107778,111-140-11,"""Shirley Peel(1)"",""Adam Eggleston(4)"",""Scotty V VanTatenhove(5)"",""Jeffrey Shumway(6)"",""Emily Francis(7)""","""Shirley Peel"""
Larimer,City of Fort Collins Mayor,UPLOADED,107779,111-140-60,"""Adam Eggleston(1)"",""Shirley Peel(2)"",""Tricia Canonico(3)"",""Adam Hirschhorn(7)""","""Adam Eggleston"",""Shirley Peel"",""Tricia Canonico"""
Larimer,City of Fort Collins Mayor,UPLOADED,107780,111-140-59,"""Tricia Canonico(1)"",""Adam Eggleston(2)"",""Scotty V VanTatenhove(3)"",""Jeffrey Shumway(4)"",""Emily Francis(5)"",""Adam Hirschhorn(6)"",""Shirley Peel(7)"",""Jeffrey Shumway(7)""","""Tricia Canonico"",""Adam Eggleston"",""Scotty V VanTatenhove"",""Jeffrey Shumway"",""Emily Francis"",""Adam Hirschhorn"",""Shirley Peel"""
Larimer,City of Fort Collins Mayor,UPLOADED,107781,111-140-88,"""Jeffrey Shumway(1)"",""Shirley Peel(2)"",""Emily Francis(5)"",""Adam Eggleston(6)"",""Tricia Canonico(7)""","""Jeffrey Shumway"",""Shirley Peel"""
Larimer,City of Fort Collins Mayor,UPLOADED,107974,105-170-59,"""Tricia Canonico(1)"",""Emily Francis(2)"",""Shirley Peel(3)"",""Adam Eggleston(4)"",""Emily Francis(5)"",""Jeffrey Shumway(6)"",""Scotty V VanTatenhove(7)""","""Tricia Canonico"",""Emily Francis"",""Shirley Peel"",""Adam Eggleston"""
Larimer,City of Fort Collins Mayor,UPLOADED,107975,105-170-91,"""Emily Francis(1)"",""Tricia Canonico(2)"",""Adam Eggleston(3)"",""Adam Hirschhorn(4)"",""Shirley Peel(5)"",""Jeffrey Shumway(6)"",""Jeffrey Shumway(7)""","""Emily Francis"",""Tricia Canonico"",""Adam Eggleston"",""Adam Hirschhorn"",""Shirley Peel"",""Jeffrey Shumway"""
Larimer,City of Fort Collins Mayor,UPLOADED,107976,105-170-61,"""Jeffrey Shumway(1)"",""Emily Francis(2)"",""Adam Eggleston(3)"",""Shirley Peel(4)"",""Emily Francis(5)"",""Tricia Canonico(6)"",""Adam Hirschhorn(7)""","""Jeffrey Shumway"",""Emily Francis"",""Adam Eggleston"",""Shirley Peel"""
Larimer,City of Fort Collins Mayor,UPLOADED,108075,106-180-19,"""Tricia Canonico(1)"",""Emily Francis(2)"",""Shirley Peel(3)"",""Adam Hirschhorn(4)"",""Scotty V VanTatenhove(5)"",""Jeffrey Shumway(6)"",""Adam Hirschhorn(7)""","""Tricia Canonico"",""Emily Francis"",""Shirley Peel"",""Adam Hirschhorn"",""Scotty V VanTatenhove"",""Jeffrey Shumway"""
Larimer,City of Fort Collins Mayor,UPLOADED,108076,106-180-11,"""Emily Francis(1)"",""Tricia Canonico(2)"",""Adam Eggleston(3)"",""Adam Hirschhorn(4)"",""Scotty V VanTatenhove(5)"",""Adam Hirschhorn(6)"",""Jeffrey Shumway(7)""","""Emily Francis"",""Tricia Canonico"",""Adam Eggleston"",""Adam Hirschhorn"",""Scotty V VanTatenhove"""
Larimer,City of Fort Collins Mayor,UPLOADED,108077,106-180-86,"""Adam Eggleston(1)"",""Tricia Canonico(2)"",""Emily Francis(3)"",""Scotty V VanTatenhove(7)""","""Adam Eggleston"",""Tricia Canonico"",""Emily Francis"""
Larimer,City of Fort Collins Mayor,UPLOADED,108078,106-180-98,"""Jeffrey Shumway(1)"",""Shirley Peel(2)"",""Emily Francis(7)""","""Jeffrey Shumway"",""Shirley Peel"""
Larimer,City of Fort Collins Mayor,UPLOADED,108676,104-140-57,"""Emily Francis(1)"",""Shirley Peel(2)"",""Jeffrey Shumway(3)"",""Scotty V VanTatenhove(4)"",""Emily Francis(5)"",""Adam Eggleston(6)"",""Adam Hirschhorn(7)""","""Emily Francis"",""Shirley Peel"",""Jeffrey Shumway"",""Scotty V VanTatenhove"""
Larimer,City of Fort Collins Mayor,UPLOADED,108677,104-140-52,"""Tricia Canonico(1)"",""Emily Francis(2)"",""Shirley Peel(3)"",""Scotty V VanTatenhove(4)"",""Emily Francis(5)"",""Adam Hirschhorn(6)"",""Jeffrey Shumway(7)""","""Tricia Canonico"",""Emily Francis"",""Shirley Peel"",""Scotty V VanTatenhove"""
Larimer,City of Fort Collins Mayor,UPLOADED,108678,104-140-56,"""Emily Francis(1)"",""Shirley Peel(2)"",""Jeffrey Shumway(3)"",""Scotty V VanTatenhove(4)"",""Emily Francis(5)"",""Adam Eggleston(6)"",""Adam Hirschhorn(7)""","""Emily Francis"",""Shirley Peel"",""Jeffrey Shumway"",""Scotty V VanTatenhove"""
Larimer,City of Fort Collins Mayor,UPLOADED,108873,111-142-51,"""Emily Francis(1)"",""Tricia Canonico(2)"",""Adam Eggleston(3)"",""Jeffrey Shumway(4)"",""Shirley Peel(6)"",""Adam Hirschhorn(7)""","""Emily Francis"",""Tricia Canonico"",""Adam Eggleston"",""Jeffrey Shumway"""
Larimer,City of Fort Collins Mayor,UPLOADED,108874,111-142-54,"""Emily Francis(1)"",""Tricia Canonico(2)"",""Shirley Peel(3)"",""Adam Eggleston(4)"",""Jeffrey Shumway(5)"",""Scotty V VanTatenhove(5)""","""Emily Francis"",""Tricia Canonico"",""Shirley Peel"",""Adam Eggleston"""
Larimer,City of Fort Collins Mayor,UPLOADED,108875,111-142-94,"""Shirley Peel(1)"",""Tricia Canonico(2)"",""Emily Francis(6)"",""Adam Eggleston(7)""","""Shirley Peel"",""Tricia Canonico"""
Larimer,City of Fort Collins Mayor,UPLOADED,108967,112-157-15,"""Jeffrey Shumway(1)"",""Shirley Peel(2)"",""Emily Francis(3)"",""Tricia Canonico(4)"",""Emily Francis(5)"",""Scotty V VanTatenhove(6)"",""Adam Hirschhorn(7)""","""Jeffrey Shumway"",""Shirley Peel"",""Emily Francis"",""Tricia Canonico"""
Larimer,City of Fort Collins Mayor,UPLOADED,108970,112-157-91,"""Tricia Canonico(1)"",""Emily Francis(2)"",""Shirley Peel(3)"",""Jeffrey Shumway(4)"",""Adam Hirschhorn(5)"",""Scotty V VanTatenhove(6)"",""Adam Hirschhorn(7)""","""Tricia Canonico"",""Emily Francis"",""Shirley Peel"",""Jeffrey Shumway"",""Adam Hirschhorn"",""Scotty V VanTatenhove"""
Larimer,City of Fort Collins Mayor,UPLOADED,108972,112-157-13,"""Shirley Peel(1)"",""Tricia Canonico(2)"",""Emily Francis(3)"",""Jeffrey Shumway(7)""","""Shirley Peel"",""Tricia Canonico"",""Emily Francis"""
Larimer,City of Fort Collins Mayor,UPLOADED,108973,112-157-63,"""Tricia Canonico(1)"",""Emily Francis(2)"",""Shirley Peel(3)"",""Adam Eggleston(4)"",""Adam Hirschhorn(5)"",""Scotty V VanTatenhove(6)"",""Scotty V VanTatenhove(7)""","""Tricia Canonico"",""Emily Francis"",""Shirley Peel"",""Adam Eggleston"",""Adam Hirschhorn"",""Scotty V VanTatenhove"""
Larimer,City of Fort Collins Mayor,UPLOADED,108974,112-157-38,"""Tricia Canonico(1)"",""Emily Francis(2)"",""Scotty V VanTatenhove(3)"",""Shirley Peel(4)"",""Adam Eggleston(5)"",""Emily Francis(5)"",""Adam Hirschhorn(6)"",""Jeffrey Shumway(7)""","""Tricia Canonico"",""Emily Francis"",""Scotty V VanTatenhove"",""Shirley Peel"",""Adam Eggleston"",""Adam Hirschhorn"",""Jeffrey Shumway"""
Larimer,City of Fort Collins Councilmember - District 3,UPLOADED,108975,112-157-14,"""Steve Yurash(1)"",""Josh Fudge(2)"",""Lance Smith(2)""","""Steve Yurash"""
Larimer,City of Fort Collins Mayor,UPLOADED,108976,112-157-24,"""Emily Francis(1)"",""Adam Eggleston(2)"",""Adam Hirschhorn(3)"",""Tricia Canonico(5)"",""Jeffrey Shumway(6)"",""Scotty V VanTatenhove(7)""","""Emily Francis"",""Adam Eggleston"",""Adam Hirschhorn"""
Larimer,City of Fort Collins Mayor,UPLOADED,108977,112-157-48,"""Tricia Canonico(1)"",""Emily Francis(2)"",""Scotty V VanTatenhove(3)"",""Shirley Peel(4)"",""Adam Hirschhorn(5)"",""Jeffrey Shumway(6)"",""Adam Hirschhorn(7)""","""Tricia Canonico"",""Emily Francis"",""Scotty V VanTatenhove"",""Shirley Peel"",""Adam Hirschhorn"",""Jeffrey Shumway"""
Larimer,City of Fort Collins Mayor,UPLOADED,109884,109-137-4,"""Tricia Canonico(1)"",""Emily Francis(2)"",""Scotty V VanTatenhove(3)"",""Shirley Peel(4)"",""Adam Eggleston(5)"",""Jeffrey Shumway(6)"",""Scotty V VanTatenhove(7)""","""Tricia Canonico"",""Emily Francis"",""Scotty V VanTatenhove"",""Shirley Peel"",""Adam Eggleston"",""Jeffrey Shumway"""
Larimer,City of Fort Collins Mayor,UPLOADED,109885,109-137-66,"""Shirley Peel(1)"",""Adam Eggleston(2)"",""Jeffrey Shumway(3)"",""Tricia Canonico(4)"",""Emily Francis(5)"",""Adam Hirschhorn(6)"",""Jeffrey Shumway(7)""","""Shirley Peel"",""Adam Eggleston"",""Jeffrey Shumway"",""Tricia Canonico"",""Emily Francis"",""Adam Hirschhorn"""
Larimer,City of Fort Collins Mayor,UPLOADED,110086,110-133-95,"""Emily Francis(1)"",""Tricia Canonico(2)"",""Tricia Canonico(3)"",""Jeffrey Shumway(4)"",""Adam Eggleston(5)"",""Scotty V VanTatenhove(6)"",""Adam Hirschhorn(7)""","""Emily Francis"",""Tricia Canonico"""
Larimer,City of Fort Collins Mayor,UPLOADED,110088,110-133-80,"""Shirley Peel(1)"",""Jeffrey Shumway(2)"",""Tricia Canonico(3)"",""Emily Francis(4)"",""Adam Hirschhorn(5)"",""Emily Francis(6)"",""Scotty V VanTatenhove(7)""","""Shirley Peel"",""Jeffrey Shumway"",""Tricia Canonico"",""Emily Francis"",""Adam Hirschhorn"""
Larimer,City of Fort Collins Mayor,UPLOADED,113910,112-164-74,"""Tricia Canonico(1)"",""Adam Eggleston(2)"",""Adam Hirschhorn(3)"",""Scotty V VanTatenhove(4)"",""Shirley Peel(5)"",""Tricia Canonico(6)"",""Jeffrey Shumway(7)""","""Tricia Canonico"",""Adam Eggleston"",""Adam Hirschhorn"",""Scotty V VanTatenhove"",""Shirley Peel"""
Larimer,City of Fort Collins Mayor,UPLOADED,113911,112-164-92,"""Tricia Canonico(1)"",""Emily Francis(2)"",""Adam Eggleston(3)"",""Scotty V VanTatenhove(4)"",""Shirley Peel(5)"",""Jeffrey Shumway(6)"",""Adam Eggleston(7)""","""Tricia Canonico"",""Emily Francis"",""Adam Eggleston"",""Scotty V VanTatenhove"",""Shirley Peel"",""Jeffrey Shumway"""
Larimer,City of Fort Collins Mayor,UPLOADED,114009,104-146-78,"""Emily Francis(1)"",""Tricia Canonico(2)"",""Adam Hirschhorn(3)"",""Jeffrey Shumway(4)"",""Scotty V VanTatenhove(5)"",""Adam Eggleston(6)"",""Jeffrey Shumway(7)""","""Emily Francis"",""Tricia Canonico"",""Adam Hirschhorn"",""Jeffrey Shumway"",""Scotty V VanTatenhove"",""Adam Eggleston"""
Larimer,City of Fort Collins Mayor,UPLOADED,114010,104-146-10,"""Emily Francis(1)"",""Tricia Canonico(2)"",""Shirley Peel(3)"",""Scotty V VanTatenhove(7)""","""Emily Francis"",""Tricia Canonico"",""Shirley Peel"""
Larimer,City of Fort Collins Mayor,UPLOADED,114011,104-146-23,"""Emily Francis(1)"",""Adam Hirschhorn(2)"",""Jeffrey Shumway(7)""","""Emily Francis"",""Adam Hirschhorn"""
Larimer,City of Fort Collins Mayor,UPLOADED,114100,110-138-1,"""Emily Francis(1)"",""Tricia Canonico(2)"",""Shirley Peel(3)"",""Adam Eggleston(4)"",""Scotty V VanTatenhove(6)"",""Jeffrey Shumway(7)""","""Emily Francis"",""Tricia Canonico"",""Shirley Peel"",""Adam Eggleston"""
Larimer,City of Fort Collins Mayor,UPLOADED,114101,110-138-23,"""Shirley Peel(1)"",""Jeffrey Shumway(2)"",""Adam Eggleston(3)"",""Adam Hirschhorn(4)"",""Scotty V VanTatenhove(5)"",""Tricia Canonico(6)"",""Adam Eggleston(7)""","""Shirley Peel"",""Jeffrey Shumway"",""Adam Eggleston"",""Adam Hirschhorn"",""Scotty V VanTatenhove"",""Tricia Canonico"""
Larimer,City of Fort Collins Mayor,UPLOADED,114105,110-138-30,"""Emily Francis(1)"",""Tricia Canonico(2)"",""Adam Hirschhorn(3)"",""Jeffrey Shumway(4)"",""Shirley Peel(5)"",""Adam Hirschhorn(6)"",""Scotty V VanTatenhove(7)""","""Emily Francis"",""Tricia Canonico"",""Adam Hirschhorn"",""Jeffrey Shumway"",""Shirley Peel"""
Larimer,City of Fort Collins Mayor,UPLOADED,114106,110-138-45,"""Emily Francis(1)"",""Jeffrey Shumway(5)"",""Scotty V VanTatenhove(6)"",""Adam Hirschhorn(7)""","""Emily Francis"""
Larimer,City of Fort Collins Mayor,UPLOADED,114107,110-138-88,"""Emily Francis(1)"",""Adam Eggleston(2)"",""Tricia Canonico(3)"",""Shirley Peel(4)"",""Jeffrey Shumway(5)"",""Scotty V VanTatenhove(6)"",""Jeffrey Shumway(7)""","""Emily Francis"",""Adam Eggleston"",""Tricia Canonico"",""Shirley Peel"",""Jeffrey Shumway"",""Scotty V VanTatenhove"""
Larimer,City of Fort Collins Mayor,UPLOADED,114108,110-138-100,"""Shirley Peel(1)"",""Scotty V VanTatenhove(2)"",""Emily Francis(3)"",""Emily Francis(4)"",""Jeffrey Shumway(5)"",""Adam Hirschhorn(6)"",""Tricia Canonico(7)""","""Shirley Peel"",""Scotty V VanTatenhove"",""Emily Francis"""
Larimer,City of Fort Collins Mayor,UPLOADED,114109,110-138-6,"""Jeffrey Shumway(1)"",""Shirley Peel(2)"",""Adam Eggleston(3)"",""Emily Francis(4)"",""Adam Hirschhorn(5)"",""Scotty V VanTatenhove(6)"",""Adam Hirschhorn(7)""","""Jeffrey Shumway"",""Shirley Peel"",""Adam Eggleston"",""Emily Francis"",""Adam Hirschhorn"",""Scotty V VanTatenhove"""
Larimer,City of Fort Collins Mayor,UPLOADED,114301,106-189-52,"""Shirley Peel(1)"",""Jeffrey Shumway(7)""","""Shirley Peel"""
Larimer,City of Fort Collins Mayor,UPLOADED,114303,106-189-91,"""Jeffrey Shumway(1)"",""Tricia Canonico(7)"",""Adam Eggleston(7)"",""Emily Francis(7)"",""Adam Hirschhorn(7)"",""Shirley Peel(7)"",""Scotty V VanTatenhove(7)""","""Jeffrey Shumway"""
Larimer,City of Fort Collins Mayor,UPLOADED,114304,106-189-57,"""Shirley Peel(1)"",""Adam Eggleston(2)"",""Jeffrey Shumway(3)"",""Scotty V VanTatenhove(4)"",""Adam Eggleston(5)"",""Tricia Canonico(6)"",""Adam Hirschhorn(7)""","""Shirley Peel"",""Adam Eggleston"",""Jeffrey Shumway"",""Scotty V VanTatenhove"""
Larimer,City of Fort Collins Mayor,UPLOADED,114305,106-189-62,"""Shirley Peel(1)"",""Emily Francis(2)"",""Jeffrey Shumway(7)""","""Shirley Peel"",""Emily Francis"""
Larimer,City of Fort Collins Mayor,UPLOADED,114306,106-189-31,"""Adam Hirschhorn(1)"",""Scotty V VanTatenhove(2)"",""Tricia Canonico(3)"",""Emily Francis(4)"",""Jeffrey Shumway(5)"",""Emily Francis(6)"",""Shirley Peel(7)""","""Adam Hirschhorn"",""Scotty V VanTatenhove"",""Tricia Canonico"",""Emily Francis"",""Jeffrey Shumway"""
Larimer,City of Fort Collins Mayor,UPLOADED,114307,106-189-90,"""Jeffrey Shumway(1)"",""Tricia Canonico(7)"",""Adam Eggleston(7)"",""Emily Francis(7)"",""Adam Hirschhorn(7)"",""Shirley Peel(7)"",""Scotty V VanTatenhove(7)""","""Jeffrey Shumway"""
Larimer,City of Fort Collins Mayor,UPLOADED,114406,111-151-4,"""Tricia Canonico(1)"",""Emily Francis(3)""","""Tricia Canonico"""
Larimer,City of Fort Collins Mayor,UPLOADED,114409,111-151-94,"""Tricia Canonico(7)"",""Adam Eggleston(7)"",""Emily Francis(7)"",""Adam Hirschhorn(7)"",""Shirley Peel(7)"",""Jeffrey Shumway(7)"",""Scotty V VanTatenhove(7)""",""
Larimer,City of Fort Collins Councilmember - District 1,UPLOADED,114409,111-151-94,"""Chris Conway(3)"",""Susan Gutowsky(3)"",""Daisy Montgomery(3)""",""
Larimer,City of Fort Collins Mayor,UPLOADED,114410,111-151-57,"""Jeffrey Shumway(1)"",""Tricia Canonico(2)"",""Shirley Peel(3)"",""Adam Hirschhorn(4)"",""Emily Francis(5)"",""Scotty V VanTatenhove(6)"",""Adam Hirschhorn(7)""","""Jeffrey Shumway"",""Tricia Canonico"",""Shirley Peel"",""Adam Hirschhorn"",""Emily Francis"",""Scotty V VanTatenhove"""
Larimer,City of Fort Collins Mayor,UPLOADED,114703,109-142-1,"""Tricia Canonico(4)"",""Emily Francis(5)"",""Adam Hirschhorn(6)"",""Scotty V VanTatenhove(7)""",""
Larimer,City of Fort Collins Mayor,UPLOADED,114704,109-142-14,"""Adam Hirschhorn(1)"",""Tricia Canonico(2)"",""Shirley Peel(3)"",""Adam Eggleston(4)"",""Adam Hirschhorn(5)"",""Scotty V VanTatenhove(6)"",""Jeffrey Shumway(7)""","""Adam Hirschhorn"",""Tricia Canonico"",""Shirley Peel"",""Adam Eggleston"""
Larimer,City of Fort Collins Mayor,UPLOADED,114705,109-142-11,"""Emily Francis(1)"",""Adam Eggleston(2)"",""Tricia Canonico(3)"",""Adam Hirschhorn(7)""","""Emily Francis"",""Adam Eggleston"",""Tricia Canonico"""
Larimer,City of Fort Collins Mayor,UPLOADED,114707,109-142-9,"""Emily Francis(1)"",""Scotty V VanTatenhove(2)"",""Shirley Peel(5)"",""Adam Hirschhorn(6)"",""Tricia Canonico(7)""","""Emily Francis"",""Scotty V VanTatenhove"""
Larimer,City of Fort Collins Mayor,UPLOADED,114708,109-142-77,"""Adam Eggleston(1)"",""Tricia Canonico(2)"",""Emily Francis(3)"",""Adam Hirschhorn(4)"",""Jeffrey Shumway(6)"",""Scotty V VanTatenhove(7)""","""Adam Eggleston"",""Tricia Canonico"",""Emily Francis"",""Adam Hirschhorn"""
Larimer,City of Fort Collins Mayor,UPLOADED,114709,109-142-97,"""Emily Francis(1)"",""Adam Eggleston(2)"",""Shirley Peel(2)"",""Adam Eggleston(3)"",""Tricia Canonico(4)"",""Adam Hirschhorn(5)"",""Scotty V VanTatenhove(6)"",""Jeffrey Shumway(7)""","""Emily Francis"""
Larimer,City of Fort Collins Mayor,UPLOADED,114710,109-142-5,"""Emily Francis(1)"",""Scotty V VanTatenhove(2)"",""Shirley Peel(5)"",""Adam Hirschhorn(6)"",""Tricia Canonico(7)""","""Emily Francis"",""Scotty V VanTatenhove"""
Larimer,City of Fort Collins Mayor,UPLOADED,114904,103-127-4,"""Tricia Canonico(1)"",""Emily Francis(2)"",""Shirley Peel(3)"",""Adam Eggleston(4)"",""Jeffrey Shumway(6)"",""Scotty V VanTatenhove(7)""","""Tricia Canonico"",""Emily Francis"",""Shirley Peel"",""Adam Eggleston"""
Larimer,City of Fort Collins Mayor,UPLOADED,114906,103-127-44,"""Emily Francis(1)"",""Tricia Canonico(2)"",""Adam Hirschhorn(3)"",""Adam Eggleston(4)"",""Adam Hirschhorn(5)""","""Emily Francis"",""Tricia Canonico"",""Adam Hirschhorn"",""Adam Eggleston"""
Larimer,City of Fort Collins Mayor,UPLOADED,114910,103-127-9,"""Emily Francis(1)"",""Adam Eggleston(2)"",""Shirley Peel(2)"",""Scotty V VanTatenhove(3)"",""Adam Hirschhorn(4)"",""Tricia Canonico(5)"",""Shirley Peel(6)"",""Jeffrey Shumway(7)""","""Emily Francis"""
Larimer,City of Fort Collins Mayor,UPLOADED,115106,105-180-17,"""Tricia Canonico(1)"",""Emily Francis(2)"",""Adam Hirschhorn(3)"",""Shirley Peel(4)"",""Adam Eggleston(6)"",""Scotty V VanTatenhove(6)"",""Jeffrey Shumway(7)""","""Tricia Canonico"",""Emily Francis"",""Adam Hirschhorn"",""Shirley Peel"""
Larimer,City of Fort Collins Mayor,UPLOADED,115108,105-180-60,"""Emily Francis(1)"",""Tricia Canonico(2)"",""Adam Eggleston(3)"",""Shirley Peel(4)"",""Jeffrey Shumway(5)"",""Scotty V VanTatenhove(6)"",""Jeffrey Shumway(7)""","""Emily Francis"",""Tricia Canonico"",""Adam Eggleston"",""Shirley Peel"",""Jeffrey Shumway"",""Scotty V VanTatenhove"""
Larimer,City of Fort Collins Mayor,UPLOADED,115309,111-153-97,"""Emily Francis(1)"",""Tricia Canonico(2)"",""Shirley Peel(4)"",""Adam Hirschhorn(5)"",""Adam Eggleston(6)"",""Jeffrey Shumway(7)""","""Emily Francis"",""Tricia Canonico"""
Larimer,City of Fort Collins Mayor,UPLOADED,115408,112-166-40,"""Scotty V VanTatenhove(1)"",""Jeffrey Shumway(2)"",""Adam Hirschhorn(3)"",""Adam Eggleston(4)"",""Tricia Canonico(7)"",""Emily Francis(7)"",""Shirley Peel(7)""","""Scotty V VanTatenhove"",""Jeffrey Shumway"",""Adam Hirschhorn"",""Adam Eggleston"""
Larimer,City of Fort Collins Mayor,UPLOADED,115505,106-191-34,"""Scotty V VanTatenhove(1)"",""Tricia Canonico(2)"",""Emily Francis(3)"",""Jeffrey Shumway(4)"",""Shirley Peel(5)"",""Adam Hirschhorn(6)"",""Jeffrey Shumway(7)""","""Scotty V VanTatenhove"",""Tricia Canonico"",""Emily Francis"",""Jeffrey Shumway"",""Shirley Peel"",""Adam Hirschhorn"""
Larimer,City of Fort Collins Mayor,UPLOADED,115506,106-191-50,"""Tricia Canonico(1)"",""Adam Eggleston(2)"",""Emily Francis(3)"",""Shirley Peel(5)"",""Jeffrey Shumway(6)"",""Adam Hirschhorn(7)"",""Scotty V VanTatenhove(7)""","""Tricia Canonico"",""Adam Eggleston"",""Emily Francis"""
Larimer,City of Fort Collins Mayor,UPLOADED,115508,106-191-72,"""Emily Francis(1)"",""Tricia Canonico(2)"",""Adam Hirschhorn(3)"",""Shirley Peel(4)"",""Scotty V VanTatenhove(5)"",""Jeffrey Shumway(6)"",""Adam Hirschhorn(7)""","""Emily Francis"",""Tricia Canonico"",""Adam Hirschhorn"",""Shirley Peel"",""Scotty V VanTatenhove"",""Jeffrey Shumway"""
Larimer,City of Fort Collins Mayor,UPLOADED,115999,104-148-62,"""Tricia Canonico(1)"",""Emily Francis(2)"",""Shirley Peel(3)"",""Jeffrey Shumway(4)"",""Adam Eggleston(5)"",""Adam Hirschhorn(6)"",""Jeffrey Shumway(7)""","""Tricia Canonico"",""Emily Francis"",""Shirley Peel"",""Jeffrey Shumway"",""Adam Eggleston"",""Adam Hirschhorn"""
Larimer,City of Fort Collins Mayor,UPLOADED,116000,104-148-26,"""Jeffrey Shumway(1)"",""Shirley Peel(2)"",""Adam Eggleston(3)"",""Emily Francis(4)"",""Adam Hirschhorn(5)"",""Jeffrey Shumway(6)"",""Scotty V VanTatenhove(7)""","""Jeffrey Shumway"",""Shirley Peel"",""Adam Eggleston"",""Emily Francis"",""Adam Hirschhorn"""
Larimer,City of Fort Collins Mayor,UPLOADED,116002,104-148-25,"""Shirley Peel(4)""",""
Larimer,City of Fort Collins Mayor,UPLOADED,116303,110-140-78,"""Tricia Canonico(1)"",""Adam Eggleston(2)"",""Adam Eggleston(3)""","""Tricia Canonico"",""Adam Eggleston"""
Larimer,City of Fort Collins Mayor,UPLOADED,116304,110-140-55,"""Adam Eggleston(1)"",""Adam Hirschhorn(2)"",""Emily Francis(3)"",""Tricia Canonico(5)"",""Shirley Peel(6)"",""Jeffrey Shumway(7)""","""Adam Eggleston"",""Adam Hirschhorn"",""Emily Francis"""
Larimer,City of Fort Collins Councilmember - District 1,UPLOADED,116393,111-155-10,"""Chris Conway(1)"",""Susan Gutowsky(3)""","""Chris Conway"""
Larimer,City of Fort Collins Mayor,UPLOADED,116394,111-155-23,"""Tricia Canonico(1)"",""Scotty V VanTatenhove(2)"",""Shirley Peel(3)"",""Adam Hirschhorn(4)"",""Adam Hirschhorn(5)""","""Tricia Canonico"",""Scotty V VanTatenhove"",""Shirley Peel"",""Adam Hirschhorn"""
Larimer,City of Fort Collins Mayor,UPLOADED,116395,111-155-83,"""Emily Francis(1)"",""Tricia Canonico(2)"",""Adam Eggleston(3)"",""Scotty V VanTatenhove(5)"",""Shirley Peel(6)"",""Adam Hirschhorn(7)""","""Emily Francis"",""Tricia Canonico"",""Adam Eggleston"""
Larimer,City of Fort Collins Mayor,UPLOADED,116396,111-155-49,"""Shirley Peel(1)"",""Adam Hirschhorn(2)"",""Adam Hirschhorn(3)""","""Shirley Peel"",""Adam Hirschhorn"""
Larimer,City of Fort Collins Mayor,UPLOADED,116397,111-155-13,"""Jeffrey Shumway(1)"",""Shirley Peel(2)"",""Adam Eggleston(3)"",""Scotty V VanTatenhove(4)"",""Emily Francis(5)"",""Tricia Canonico(6)"",""Adam Eggleston(7)""","""Jeffrey Shumway"",""Shirley Peel"",""Adam Eggleston"",""Scotty V VanTatenhove"",""Emily Francis"",""Tricia Canonico"""
Larimer,City of Fort Collins Mayor,UPLOADED,116398,111-155-14,"""Jeffrey Shumway(1)"",""Shirley Peel(2)"",""Adam Eggleston(3)"",""Scotty V VanTatenhove(4)"",""Emily Francis(5)"",""Tricia Canonico(6)"",""Adam Eggleston(7)""","""Jeffrey Shumway"",""Shirley Peel"",""Adam Eggleston"",""Scotty V VanTatenhove"",""Emily Francis"",""Tricia Canonico"""
Larimer,City of Fort Collins Mayor,UPLOADED,116400,111-155-88,"""Emily Francis(1)"",""Adam Eggleston(3)"",""Scotty V VanTatenhove(4)"",""Jeffrey Shumway(5)"",""Adam Hirschhorn(6)"",""Tricia Canonico(7)""","""Emily Francis"""
Larimer,City of Fort Collins Mayor,UPLOADED,116402,111-155-99,"""Shirley Peel(1)"",""Jeffrey Shumway(2)"",""Adam Hirschhorn(3)"",""Tricia Canonico(4)"",""Emily Francis(5)"",""Adam Eggleston(6)"",""Adam Hirschhorn(7)""","""Shirley Peel"",""Jeffrey Shumway"",""Adam Hirschhorn"",""Tricia Canonico"",""Emily Francis"",""Adam Eggleston"""
Larimer,City of Fort Collins Mayor,UPLOADED,116403,111-155-86,"""Emily Francis(1)"",""Tricia Canonico(2)"",""Shirley Peel(3)"",""Adam Eggleston(4)"",""Adam Eggleston(5)"",""Jeffrey Shumway(6)"",""Scotty V VanTatenhove(7)""","""Emily Francis"",""Tricia Canonico"",""Shirley Peel"",""Adam Eggleston"""
Larimer,City of Fort Collins Mayor,UPLOADED,116404,111-155-34,"""Tricia Canonico(1)"",""Emily Francis(2)"",""Shirley Peel(3)"",""Adam Hirschhorn(4)"",""Scotty V VanTatenhove(5)"",""Adam Hirschhorn(6)"",""Jeffrey Shumway(7)""","""Tricia Canonico"",""Emily Francis"",""Shirley Peel"",""Adam Hirschhorn"",""Scotty V VanTatenhove"""
Larimer,City of Fort Collins Mayor,UPLOADED,116599,112-168-12,"""Emily Francis(1)"",""Shirley Peel(1)"",""Tricia Canonico(2)"",""Scotty V VanTatenhove(4)"",""Jeffrey Shumway(5)"",""Adam Hirschhorn(6)"",""Adam Eggleston(7)""",""
Larimer,City of Fort Collins Mayor,UPLOADED,116600,112-168-29,"""Jeffrey Shumway(1)"",""Shirley Peel(4)"",""Tricia Canonico(7)"",""Adam Eggleston(7)"",""Emily Francis(7)"",""Adam Hirschhorn(7)"",""Scotty V VanTatenhove(7)""","""Jeffrey Shumway"""
Larimer,City of Fort Collins Mayor,UPLOADED,116601,112-168-14,"""Tricia Canonico(1)"",""Emily Francis(2)"",""Scotty V VanTatenhove(3)"",""Adam Hirschhorn(4)"",""Adam Hirschhorn(5)"",""Jeffrey Shumway(6)"",""Shirley Peel(7)""","""Tricia Canonico"",""Emily Francis"",""Scotty V VanTatenhove"",""Adam Hirschhorn"""
Larimer,City of Fort Collins Mayor,UPLOADED,116602,112-168-60,"""Emily Francis(1)"",""Tricia Canonico(2)"",""Shirley Peel(3)"",""Adam Hirschhorn(4)"",""Jeffrey Shumway(5)"",""Scotty V VanTatenhove(6)"",""Adam Hirschhorn(7)""","""Emily Francis"",""Tricia Canonico"",""Shirley Peel"",""Adam Hirschhorn"",""Jeffrey Shumway"",""Scotty V VanTatenhove"""
Larimer,City of Fort Collins Mayor,UPLOADED,116603,112-168-25,"""Emily Francis(1)"",""Tricia Canonico(2)"",""Scotty V VanTatenhove(3)"",""Shirley Peel(4)"",""Adam Eggleston(5)"",""Jeffrey Shumway(6)"",""Shirley Peel(7)""","""Emily Francis"",""Tricia Canonico"",""Scotty V VanTatenhove"",""Shirley Peel"",""Adam Eggleston"",""Jeffrey Shumway"""
Larimer,City of Fort Collins Mayor,UPLOADED,116702,106-193-20,"""Emily Francis(1)"",""Tricia Canonico(2)"",""Shirley Peel(3)"",""Adam Hirschhorn(5)"",""Jeffrey Shumway(6)"",""Scotty V VanTatenhove(7)""","""Emily Francis"",""Tricia Canonico"",""Shirley Peel"""
Larimer,City of Fort Collins Mayor,UPLOADED,116703,106-193-50,"""Shirley Peel(1)"",""Tricia Canonico(2)"",""Emily Francis(5)"",""Adam Eggleston(6)"",""Jeffrey Shumway(7)""","""Shirley Peel"",""Tricia Canonico"""
Larimer,City of Fort Collins Mayor,UPLOADED,116896,105-182-19,"""Shirley Peel(1)"",""Shirley Peel(2)"",""Shirley Peel(3)"",""Shirley Peel(4)"",""Shirley Peel(5)"",""Shirley Peel(6)"",""Shirley Peel(7)""","""Shirley Peel"""
Larimer,City of Fort Collins Mayor,UPLOADED,116898,105-182-90,"""Scotty V VanTatenhove(2)""",""
Larimer,City of Fort Collins Mayor,UPLOADED,116899,105-182-28,"""Shirley Peel(1)"",""Shirley Peel(2)"",""Shirley Peel(3)"",""Shirley Peel(4)"",""Shirley Peel(5)""","""Shirley Peel"""
Larimer,City of Fort Collins Mayor,UPLOADED,116901,105-182-10,"""Emily Francis(1)"",""Shirley Peel(7)""","""Emily Francis"""
Larimer,City of Fort Collins Mayor,UPLOADED,116902,105-182-75,"""Shirley Peel(1)"",""Jeffrey Shumway(2)"",""Adam Eggleston(3)"",""Scotty V VanTatenhove(4)"",""Emily Francis(5)"",""Emily Francis(6)"",""Adam Hirschhorn(7)""","""Shirley Peel"",""Jeffrey Shumway"",""Adam Eggleston"",""Scotty V VanTatenhove"",""Emily Francis"""
Larimer,City of Fort Collins Mayor,UPLOADED,116999,109-144-82,"""Emily Francis(1)"",""Adam Eggleston(2)"",""Scotty V VanTatenhove(3)"",""Shirley Peel(4)"",""Adam Hirschhorn(5)"",""Tricia Canonico(6)"",""Jeffrey Shumway(6)"",""Jeffrey Shumway(7)""","""Emily Francis"",""Adam Eggleston"",""Scotty V VanTatenhove"",""Shirley Peel"",""Adam Hirschhorn"""
Larimer,City of Fort Collins Mayor,UPLOADED,117001,109-144-62,"""Emily Francis(1)"",""Adam Hirschhorn(2)"",""Jeffrey Shumway(7)""","""Emily Francis"",""Adam Hirschhorn"""
Larimer,City of Fort Collins Mayor,UPLOADED,117002,109-144-49,"""Adam Eggleston(1)"",""Adam Hirschhorn(1)"",""Shirley Peel(2)"",""Emily Francis(3)"",""Tricia Canonico(4)"",""Jeffrey Shumway(5)"",""Adam Hirschhorn(6)"",""Scotty V VanTatenhove(7)""",""
Larimer,City of Fort Collins Councilmember - District 3,UPLOADED,149914,106-242-51,"""Steve Yurash(1)"",""Josh Fudge(2)"",""Steve Yurash(3)""","""Steve Yurash"",""Josh Fudge"""
Larimer,City of Fort Collins Mayor,UPLOADED,117192,103-129-37,"""Shirley Peel(1)"",""Adam Eggleston(2)"",""Emily Francis(5)"",""Tricia Canonico(6)"",""Scotty V VanTatenhove(7)""","""Shirley Peel"",""Adam Eggleston"""
Larimer,City of Fort Collins Mayor,UPLOADED,117195,103-129-36,"""Shirley Peel(1)"",""Adam Eggleston(2)"",""Shirley Peel(3)"",""Emily Francis(4)"",""Adam Hirschhorn(5)"",""Tricia Canonico(6)"",""Scotty V VanTatenhove(7)""","""Shirley Peel"",""Adam Eggleston"""
Larimer,City of Fort Collins Mayor,UPLOADED,117196,103-129-52,"""Emily Francis(1)"",""Scotty V VanTatenhove(7)""","""Emily Francis"""
Larimer,City of Fort Collins Mayor,UPLOADED,117197,103-129-90,"""Scotty V VanTatenhove(1)"",""Tricia Canonico(2)"",""Shirley Peel(3)"",""Adam Hirschhorn(4)"",""Adam Eggleston(5)"",""Adam Hirschhorn(6)"",""Adam Hirschhorn(7)""","""Scotty V VanTatenhove"",""Tricia Canonico"",""Shirley Peel"",""Adam Hirschhorn"",""Adam Eggleston"""
Larimer,City of Fort Collins Mayor,UPLOADED,117198,103-129-38,"""Shirley Peel(1)"",""Adam Eggleston(2)"",""Emily Francis(5)"",""Adam Hirschhorn(6)"",""Scotty V VanTatenhove(7)""","""Shirley Peel"",""Adam Eggleston"""
Larimer,City of Fort Collins Mayor,UPLOADED,117199,103-129-68,"""Emily Francis(1)"",""Adam Eggleston(2)"",""Adam Eggleston(3)"",""Shirley Peel(4)"",""Jeffrey Shumway(5)"",""Tricia Canonico(6)"",""Adam Hirschhorn(7)""","""Emily Francis"",""Adam Eggleston"""
Larimer,City of Fort Collins Mayor,UPLOADED,117200,103-129-20,"""Shirley Peel(1)"",""Jeffrey Shumway(2)"",""Scotty V VanTatenhove(7)""","""Shirley Peel"",""Jeffrey Shumway"""
Larimer,City of Fort Collins Mayor,UPLOADED,117201,103-129-58,"""Tricia Canonico(1)"",""Emily Francis(2)"",""Adam Eggleston(4)"",""Scotty V VanTatenhove(5)"",""Adam Hirschhorn(6)"",""Jeffrey Shumway(7)""","""Tricia Canonico"",""Emily Francis"""
Larimer,City of Fort Collins Mayor,UPLOADED,117994,106-195-30,"""Shirley Peel(1)"",""Shirley Peel(2)""","""Shirley Peel"""
Larimer,City of Fort Collins Mayor,UPLOADED,117996,106-195-2,"""Emily Francis(1)"",""Tricia Canonico(2)"",""Adam Eggleston(3)"",""Shirley Peel(4)"",""Adam Hirschhorn(5)"",""Scotty V VanTatenhove(6)"",""Scotty V VanTatenhove(7)""","""Emily Francis"",""Tricia Canonico"",""Adam Eggleston"",""Shirley Peel"",""Adam Hirschhorn"",""Scotty V VanTatenhove"""
Larimer,City of Fort Collins Mayor,UPLOADED,118092,110-142-47,"""Emily Francis(1)"",""Tricia Canonico(2)"",""Adam Eggleston(3)"",""Jeffrey Shumway(7)""","""Emily Francis"",""Tricia Canonico"",""Adam Eggleston"""
Larimer,City of Fort Collins Mayor,UPLOADED,118093,110-142-56,"""Emily Francis(1)"",""Adam Eggleston(2)"",""Adam Hirschhorn(3)"",""Scotty V VanTatenhove(4)"",""Jeffrey Shumway(7)""","""Emily Francis"",""Adam Eggleston"",""Adam Hirschhorn"",""Scotty V VanTatenhove"""
Larimer,City of Fort Collins Mayor,UPLOADED,118095,110-142-12,"""Shirley Peel(1)"",""Jeffrey Shumway(2)"",""Emily Francis(3)"",""Tricia Canonico(4)"",""Adam Hirschhorn(5)"",""Scotty V VanTatenhove(6)"",""Adam Hirschhorn(7)""","""Shirley Peel"",""Jeffrey Shumway"",""Emily Francis"",""Tricia Canonico"",""Adam Hirschhorn"",""Scotty V VanTatenhove"""
Larimer,City of Fort Collins Mayor,UPLOADED,118096,110-142-23,"""Emily Francis(1)"",""Adam Hirschhorn(2)"",""Scotty V VanTatenhove(3)"",""Adam Eggleston(4)"",""Adam Hirschhorn(5)"",""Tricia Canonico(6)"",""Jeffrey Shumway(7)""","""Emily Francis"",""Adam Hirschhorn"",""Scotty V VanTatenhove"",""Adam Eggleston"""
Larimer,City of Fort Collins Councilmember - District 1,UPLOADED,118097,110-142-41,"""Chris Conway(1)"",""Daisy Montgomery(2)"",""Susan Gutowsky(3)"",""Daisy Montgomery(3)""","""Chris Conway"",""Daisy Montgomery"",""Susan Gutowsky"""
Larimer,City of Fort Collins Mayor,UPLOADED,118098,110-142-59,"""Adam Hirschhorn(1)"",""Emily Francis(2)"",""Adam Hirschhorn(3)"",""Scotty V VanTatenhove(4)"",""Jeffrey Shumway(5)"",""Adam Eggleston(6)"",""Tricia Canonico(7)""","""Adam Hirschhorn"",""Emily Francis"""
Larimer,City of Fort Collins Mayor,UPLOADED,118191,112-170-2,"""Tricia Canonico(1)"",""Emily Francis(2)"",""Jeffrey Shumway(3)"",""Shirley Peel(5)"",""Scotty V VanTatenhove(6)"",""Adam Hirschhorn(7)""","""Tricia Canonico"",""Emily Francis"",""Jeffrey Shumway"""
Larimer,City of Fort Collins Mayor,UPLOADED,118192,112-170-5,"""Emily Francis(1)"",""Jeffrey Shumway(2)"",""Adam Eggleston(3)"",""Adam Hirschhorn(3)"",""Shirley Peel(4)"",""Tricia Canonico(5)"",""Jeffrey Shumway(6)"",""Scotty V VanTatenhove(7)""","""Emily Francis"",""Jeffrey Shumway"""
Larimer,City of Fort Collins Mayor,UPLOADED,118193,112-170-72,"""Tricia Canonico(1)"",""Emily Francis(2)"",""Adam Hirschhorn(3)"",""Shirley Peel(4)"",""Scotty V VanTatenhove(5)"",""Adam Hirschhorn(6)"",""Jeffrey Shumway(7)""","""Tricia Canonico"",""Emily Francis"",""Adam Hirschhorn"",""Shirley Peel"",""Scotty V VanTatenhove"""
Larimer,City of Fort Collins Mayor,UPLOADED,118195,112-170-43,"""Emily Francis(1)"",""Shirley Peel(2)"",""Jeffrey Shumway(3)"",""Adam Eggleston(4)"",""Tricia Canonico(5)"",""Jeffrey Shumway(6)"",""Scotty V VanTatenhove(7)""","""Emily Francis"",""Shirley Peel"",""Jeffrey Shumway"",""Adam Eggleston"",""Tricia Canonico"""
Larimer,City of Fort Collins Mayor,UPLOADED,118295,104-151-47,"""Shirley Peel(1)"",""Adam Hirschhorn(2)"",""Jeffrey Shumway(3)"",""Emily Francis(4)"",""Tricia Canonico(5)"",""Scotty V VanTatenhove(6)"",""Adam Hirschhorn(7)""","""Shirley Peel"",""Adam Hirschhorn"",""Jeffrey Shumway"",""Emily Francis"",""Tricia Canonico"",""Scotty V VanTatenhove"""
Larimer,City of Fort Collins Mayor,UPLOADED,118349,109-146-24,"""Shirley Peel(1)"",""Adam Eggleston(2)"",""Tricia Canonico(3)"",""Shirley Peel(4)"",""Adam Hirschhorn(5)"",""Scotty V VanTatenhove(6)"",""Emily Francis(7)""","""Shirley Peel"",""Adam Eggleston"",""Tricia Canonico"""
Larimer,City of Fort Collins Mayor,UPLOADED,118350,109-146-22,"""Tricia Canonico(1)"",""Emily Francis(1)"",""Tricia Canonico(2)""",""
Larimer,City of Fort Collins Councilmember - District 3,UPLOADED,118548,111-158-68,"""Steve Yurash(1)"",""Josh Fudge(2)"",""Steve Yurash(3)""","""Steve Yurash"",""Josh Fudge"""
Larimer,City of Fort Collins Mayor,UPLOADED,118549,111-158-67,"""Shirley Peel(1)"",""Tricia Canonico(2)"",""Emily Francis(3)"",""Scotty V VanTatenhove(4)"",""Jeffrey Shumway(5)"",""Adam Hirschhorn(6)"",""Jeffrey Shumway(7)""","""Shirley Peel"",""Tricia Canonico"",""Emily Francis"",""Scotty V VanTatenhove"",""Jeffrey Shumway"",""Adam Hirschhorn"""
Larimer,City of Fort Collins Councilmember - District 3,UPLOADED,118549,111-158-67,"""Lance Smith(1)"",""Josh Fudge(2)"",""Josh Fudge(3)""","""Lance Smith"",""Josh Fudge"""
Larimer,City of Fort Collins Mayor,UPLOADED,118643,103-131-57,"""Emily Francis(1)"",""Tricia Canonico(2)"",""Adam Hirschhorn(3)"",""Scotty V VanTatenhove(5)"",""Shirley Peel(7)"",""Jeffrey Shumway(7)""","""Emily Francis"",""Tricia Canonico"",""Adam Hirschhorn"""
Larimer,City of Fort Collins Mayor,UPLOADED,118645,103-131-99,"""Jeffrey Shumway(1)"",""Shirley Peel(4)"",""Tricia Canonico(7)"",""Adam Eggleston(7)"",""Emily Francis(7)"",""Adam Hirschhorn(7)"",""Scotty V VanTatenhove(7)""","""Jeffrey Shumway"""
Larimer,City of Fort Collins Councilmember - District 1,UPLOADED,118647,103-131-30,"""Chris Conway(3)"",""Susan Gutowsky(3)"",""Daisy Montgomery(3)""",""
Larimer,City of Fort Collins Mayor,UPLOADED,119294,111-160-28,"""Tricia Canonico(1)"",""Emily Francis(2)"",""Shirley Peel(3)"",""Adam Hirschhorn(4)"",""Scotty V VanTatenhove(5)"",""Jeffrey Shumway(6)"",""Adam Hirschhorn(7)""","""Tricia Canonico"",""Emily Francis"",""Shirley Peel"",""Adam Hirschhorn"",""Scotty V VanTatenhove"",""Jeffrey Shumway"""
Larimer,City of Fort Collins Mayor,UPLOADED,119391,112-172-71,"""Shirley Peel(1)"",""Jeffrey Shumway(2)"",""Scotty V VanTatenhove(4)"",""Adam Hirschhorn(5)"",""Emily Francis(6)"",""Tricia Canonico(7)""","""Shirley Peel"",""Jeffrey Shumway"""
Larimer,City of Fort Collins Mayor,UPLOADED,128933,111-173-58,"""Emily Francis(1)"",""Tricia Canonico(2)"",""Shirley Peel(7)""","""Emily Francis"",""Tricia Canonico"""
Larimer,City of Fort Collins Mayor,UPLOADED,119392,112-172-30,"""Emily Francis(1)"",""Tricia Canonico(2)"",""Shirley Peel(3)"",""Adam Eggleston(4)"",""Jeffrey Shumway(5)"",""Adam Hirschhorn(7)""","""Emily Francis"",""Tricia Canonico"",""Shirley Peel"",""Adam Eggleston"",""Jeffrey Shumway"""
Larimer,City of Fort Collins Mayor,UPLOADED,119396,112-172-97,"""Shirley Peel(1)"",""Adam Eggleston(2)"",""Jeffrey Shumway(3)"",""Emily Francis(4)"",""Tricia Canonico(5)"",""Scotty V VanTatenhove(6)"",""Adam Eggleston(7)""","""Shirley Peel"",""Adam Eggleston"",""Jeffrey Shumway"",""Emily Francis"",""Tricia Canonico"",""Scotty V VanTatenhove"""
Larimer,City of Fort Collins Mayor,UPLOADED,119493,106-197-75,"""Emily Francis(1)"",""Tricia Canonico(2)"",""Shirley Peel(3)"",""Adam Hirschhorn(4)"",""Jeffrey Shumway(5)"",""Scotty V VanTatenhove(6)"",""Adam Hirschhorn(7)""","""Emily Francis"",""Tricia Canonico"",""Shirley Peel"",""Adam Hirschhorn"",""Jeffrey Shumway"",""Scotty V VanTatenhove"""
Larimer,City of Fort Collins Mayor,UPLOADED,119494,106-197-64,"""Tricia Canonico(1)"",""Emily Francis(2)"",""Shirley Peel(4)"",""Adam Eggleston(5)"",""Scotty V VanTatenhove(6)"",""Jeffrey Shumway(7)""","""Tricia Canonico"",""Emily Francis"""
Larimer,City of Fort Collins Mayor,UPLOADED,119496,106-197-50,"""Adam Eggleston(1)"",""Emily Francis(2)"",""Scotty V VanTatenhove(7)""","""Adam Eggleston"",""Emily Francis"""
Larimer,City of Fort Collins Mayor,UPLOADED,119592,105-184-16,"""Shirley Peel(1)"",""Adam Eggleston(2)"",""Shirley Peel(3)"",""Scotty V VanTatenhove(4)"",""Tricia Canonico(5)"",""Emily Francis(6)"",""Adam Hirschhorn(7)""","""Shirley Peel"",""Adam Eggleston"""
Larimer,City of Fort Collins Mayor,UPLOADED,119594,105-184-25,"""Emily Francis(1)"",""Shirley Peel(2)"",""Adam Hirschhorn(3)"",""Tricia Canonico(4)"",""Scotty V VanTatenhove(5)"",""Adam Hirschhorn(6)"",""Jeffrey Shumway(7)""","""Emily Francis"",""Shirley Peel"",""Adam Hirschhorn"",""Tricia Canonico"",""Scotty V VanTatenhove"""
Larimer,City of Fort Collins Mayor,UPLOADED,119595,105-184-89,"""Tricia Canonico(1)"",""Adam Eggleston(2)"",""Emily Francis(3)"",""Adam Hirschhorn(4)"",""Adam Hirschhorn(6)"",""Jeffrey Shumway(7)""","""Tricia Canonico"",""Adam Eggleston"",""Emily Francis"",""Adam Hirschhorn"""
Larimer,City of Fort Collins Mayor,UPLOADED,119792,104-153-82,"""Shirley Peel(1)"",""Tricia Canonico(2)"",""Adam Eggleston(6)"",""Tricia Canonico(7)""","""Shirley Peel"",""Tricia Canonico"""
Larimer,City of Fort Collins Mayor,UPLOADED,119793,104-153-4,"""Emily Francis(1)"",""Scotty V VanTatenhove(2)"",""Tricia Canonico(3)"",""Shirley Peel(4)"",""Jeffrey Shumway(5)"",""Adam Eggleston(6)"",""Jeffrey Shumway(7)""","""Emily Francis"",""Scotty V VanTatenhove"",""Tricia Canonico"",""Shirley Peel"",""Jeffrey Shumway"",""Adam Eggleston"""
Larimer,City of Fort Collins Mayor,UPLOADED,119993,103-133-73,"""Adam Hirschhorn(1)"",""Tricia Canonico(7)""","""Adam Hirschhorn"""
Larimer,City of Fort Collins Mayor,UPLOADED,120089,109-148-4,"""Tricia Canonico(1)"",""Emily Francis(2)"",""Adam Hirschhorn(3)"",""Shirley Peel(4)"",""Adam Hirschhorn(5)"",""Scotty V VanTatenhove(6)"",""Jeffrey Shumway(7)""","""Tricia Canonico"",""Emily Francis"",""Adam Hirschhorn"",""Shirley Peel"""
Larimer,City of Fort Collins Mayor,UPLOADED,120090,109-148-85,"""Emily Francis(1)"",""Tricia Canonico(2)"",""Emily Francis(3)""","""Emily Francis"",""Tricia Canonico"""
Larimer,City of Fort Collins Mayor,UPLOADED,120091,109-148-58,"""Emily Francis(1)"",""Tricia Canonico(2)"",""Adam Hirschhorn(3)"",""Shirley Peel(4)"",""Scotty V VanTatenhove(5)"",""Adam Hirschhorn(6)"",""Jeffrey Shumway(7)""","""Emily Francis"",""Tricia Canonico"",""Adam Hirschhorn"",""Shirley Peel"",""Scotty V VanTatenhove"""
Larimer,City of Fort Collins Mayor,UPLOADED,120093,109-148-24,"""Jeffrey Shumway(1)"",""Shirley Peel(2)"",""Jeffrey Shumway(3)""","""Jeffrey Shumway"",""Shirley Peel"""
Larimer,City of Fort Collins Mayor,UPLOADED,120287,110-144-6,"""Emily Francis(1)"",""Emily Francis(2)"",""Emily Francis(3)"",""Emily Francis(4)"",""Emily Francis(5)"",""Emily Francis(6)"",""Emily Francis(7)""","""Emily Francis"""
Larimer,City of Fort Collins Mayor,UPLOADED,120289,110-144-71,"""Emily Francis(1)"",""Adam Eggleston(2)"",""Tricia Canonico(3)"",""Adam Hirschhorn(4)"",""Shirley Peel(5)"",""Jeffrey Shumway(6)"",""Shirley Peel(7)""","""Emily Francis"",""Adam Eggleston"",""Tricia Canonico"",""Adam Hirschhorn"",""Shirley Peel"",""Jeffrey Shumway"""
Larimer,City of Fort Collins Mayor,UPLOADED,120291,110-144-57,"""Shirley Peel(1)"",""Adam Eggleston(2)"",""Jeffrey Shumway(3)"",""Adam Eggleston(4)"",""Scotty V VanTatenhove(5)"",""Tricia Canonico(6)"",""Emily Francis(7)""","""Shirley Peel"",""Adam Eggleston"",""Jeffrey Shumway"""
Larimer,City of Fort Collins Mayor,UPLOADED,120292,110-144-91,"""Tricia Canonico(7)"",""Adam Eggleston(7)"",""Emily Francis(7)"",""Adam Hirschhorn(7)"",""Shirley Peel(7)"",""Jeffrey Shumway(7)"",""Scotty V VanTatenhove(7)""",""
Larimer,City of Fort Collins Councilmember - District 1,UPLOADED,120292,110-144-91,"""Chris Conway(3)"",""Susan Gutowsky(3)"",""Daisy Montgomery(3)""",""
Larimer,City of Fort Collins Mayor,UPLOADED,120293,110-144-90,"""Tricia Canonico(7)"",""Adam Eggleston(7)"",""Emily Francis(7)"",""Adam Hirschhorn(7)"",""Shirley Peel(7)"",""Jeffrey Shumway(7)"",""Scotty V VanTatenhove(7)""",""
Larimer,City of Fort Collins Councilmember - District 1,UPLOADED,120293,110-144-90,"""Chris Conway(3)"",""Susan Gutowsky(3)"",""Daisy Montgomery(3)""",""
Larimer,City of Fort Collins Mayor,UPLOADED,120493,111-162-42,"""Emily Francis(1)"",""Adam Eggleston(2)"",""Adam Eggleston(3)""","""Emily Francis"",""Adam Eggleston"""
Larimer,City of Fort Collins Councilmember - District 1,UPLOADED,120690,112-174-24,"""Susan Gutowsky(1)"",""Chris Conway(3)""","""Susan Gutowsky"""
Larimer,City of Fort Collins Councilmember - District 3,UPLOADED,120692,112-174-90,"""Lance Smith(1)"",""Lance Smith(2)"",""Lance Smith(3)""","""Lance Smith"""
Larimer,City of Fort Collins Mayor,UPLOADED,120793,106-199-31,"""Tricia Canonico(1)"",""Emily Francis(2)"",""Adam Hirschhorn(3)"",""Shirley Peel(4)"",""Jeffrey Shumway(5)"",""Scotty V VanTatenhove(6)"",""Jeffrey Shumway(7)""","""Tricia Canonico"",""Emily Francis"",""Adam Hirschhorn"",""Shirley Peel"",""Jeffrey Shumway"",""Scotty V VanTatenhove"""
Larimer,City of Fort Collins Mayor,UPLOADED,121489,105-186-2,"""Adam Hirschhorn(1)"",""Shirley Peel(2)"",""Tricia Canonico(3)"",""Adam Eggleston(4)"",""Scotty V VanTatenhove(4)"",""Emily Francis(5)"",""Emily Francis(6)"",""Jeffrey Shumway(7)""","""Adam Hirschhorn"",""Shirley Peel"",""Tricia Canonico"""
Larimer,City of Fort Collins Mayor,UPLOADED,121490,105-186-41,"""Tricia Canonico(2)"",""Emily Francis(3)"",""Shirley Peel(4)"",""Adam Eggleston(5)"",""Jeffrey Shumway(6)"",""Scotty V VanTatenhove(7)""",""
Larimer,City of Fort Collins Councilmember - District 1,UPLOADED,121490,105-186-41,"""Chris Conway(1)"",""Daisy Montgomery(3)""","""Chris Conway"""
Larimer,City of Fort Collins Mayor,UPLOADED,121491,105-186-61,"""Jeffrey Shumway(1)"",""Adam Hirschhorn(2)"",""Adam Eggleston(3)"",""Scotty V VanTatenhove(4)"",""Tricia Canonico(5)"",""Adam Hirschhorn(6)"",""Emily Francis(7)""","""Jeffrey Shumway"",""Adam Hirschhorn"",""Adam Eggleston"",""Scotty V VanTatenhove"",""Tricia Canonico"""
Larimer,City of Fort Collins Councilmember - District 1,UPLOADED,121492,105-186-3,"""Susan Gutowsky(2)""",""
Larimer,City of Fort Collins Mayor,UPLOADED,121590,112-176-85,"""Tricia Canonico(1)"",""Emily Francis(2)"",""Shirley Peel(3)"",""Scotty V VanTatenhove(4)"",""Adam Eggleston(5)"",""Adam Hirschhorn(5)"",""Jeffrey Shumway(5)""","""Tricia Canonico"",""Emily Francis"",""Shirley Peel"",""Scotty V VanTatenhove"""
Larimer,City of Fort Collins Mayor,UPLOADED,121591,112-176-79,"""Emily Francis(1)"",""Shirley Peel(2)"",""Jeffrey Shumway(3)"",""Scotty V VanTatenhove(4)"",""Emily Francis(5)"",""Adam Eggleston(6)"",""Adam Hirschhorn(7)""","""Emily Francis"",""Shirley Peel"",""Jeffrey Shumway"",""Scotty V VanTatenhove"""
Larimer,City of Fort Collins Mayor,UPLOADED,121593,112-176-56,"""Tricia Canonico(1)"",""Emily Francis(2)"",""Scotty V VanTatenhove(3)"",""Adam Eggleston(4)"",""Shirley Peel(5)"",""Jeffrey Shumway(6)"",""Jeffrey Shumway(7)""","""Tricia Canonico"",""Emily Francis"",""Scotty V VanTatenhove"",""Adam Eggleston"",""Shirley Peel"",""Jeffrey Shumway"""
Larimer,City of Fort Collins Mayor,UPLOADED,121691,111-164-5,"""Emily Francis(1)"",""Tricia Canonico(2)"",""Adam Hirschhorn(7)""","""Emily Francis"",""Tricia Canonico"""
Larimer,City of Fort Collins Mayor,UPLOADED,121692,111-164-74,"""Tricia Canonico(1)"",""Adam Eggleston(2)"",""Shirley Peel(3)"",""Scotty V VanTatenhove(4)"",""Adam Eggleston(5)"",""Adam Hirschhorn(6)"",""Jeffrey Shumway(7)""","""Tricia Canonico"",""Adam Eggleston"",""Shirley Peel"",""Scotty V VanTatenhove"""
Larimer,City of Fort Collins Mayor,UPLOADED,121960,109-150-2,"""Adam Eggleston(1)"",""Adam Eggleston(2)"",""Emily Francis(3)"",""Adam Hirschhorn(4)"",""Shirley Peel(4)"",""Jeffrey Shumway(5)"",""Adam Hirschhorn(6)"",""Jeffrey Shumway(6)"",""Scotty V VanTatenhove(7)""","""Adam Eggleston"""
Larimer,City of Fort Collins Mayor,UPLOADED,122055,106-201-60,"""Tricia Canonico(1)"",""Emily Francis(2)"",""Adam Hirschhorn(3)"",""Scotty V VanTatenhove(4)"",""Shirley Peel(5)"",""Adam Eggleston(6)"",""Scotty V VanTatenhove(7)""","""Tricia Canonico"",""Emily Francis"",""Adam Hirschhorn"",""Scotty V VanTatenhove"",""Shirley Peel"",""Adam Eggleston"""
Larimer,City of Fort Collins Mayor,UPLOADED,122058,106-201-89,"""Tricia Canonico(1)"",""Emily Francis(2)"",""Adam Hirschhorn(7)""","""Tricia Canonico"",""Emily Francis"""
Larimer,City of Fort Collins Mayor,UPLOADED,122059,106-201-46,"""Shirley Peel(1)"",""Emily Francis(2)"",""Tricia Canonico(3)"",""Adam Eggleston(4)"",""Scotty V VanTatenhove(5)"",""Jeffrey Shumway(6)"",""Shirley Peel(7)""","""Shirley Peel"",""Emily Francis"",""Tricia Canonico"",""Adam Eggleston"",""Scotty V VanTatenhove"",""Jeffrey Shumway"""
Larimer,City of Fort Collins Councilmember - District 3,UPLOADED,122060,106-201-45,"""Lance Smith(1)"",""Lance Smith(2)"",""Lance Smith(3)""","""Lance Smith"""
Larimer,City of Fort Collins Mayor,UPLOADED,122167,110-146-1,"""Jeffrey Shumway(1)"",""Tricia Canonico(2)"",""Adam Hirschhorn(3)"",""Emily Francis(4)"",""Adam Eggleston(5)"",""Adam Hirschhorn(6)"",""Scotty V VanTatenhove(7)""","""Jeffrey Shumway"",""Tricia Canonico"",""Adam Hirschhorn"",""Emily Francis"",""Adam Eggleston"""
Larimer,City of Fort Collins Mayor,UPLOADED,122168,110-146-11,"""Shirley Peel(1)"",""Shirley Peel(2)"",""Shirley Peel(3)"",""Shirley Peel(4)"",""Shirley Peel(5)"",""Shirley Peel(6)"",""Shirley Peel(7)""","""Shirley Peel"""
Larimer,City of Fort Collins Mayor,UPLOADED,122170,110-146-50,"""Emily Francis(1)"",""Tricia Canonico(2)"",""Shirley Peel(3)"",""Adam Eggleston(4)"",""Adam Eggleston(5)"",""Jeffrey Shumway(6)"",""Scotty V VanTatenhove(7)""","""Emily Francis"",""Tricia Canonico"",""Shirley Peel"",""Adam Eggleston"""
Larimer,City of Fort Collins Mayor,UPLOADED,122568,104-155-20,"""Emily Francis(1)"",""Scotty V VanTatenhove(2)"",""Shirley Peel(3)"",""Adam Hirschhorn(4)"",""Adam Eggleston(5)"",""Emily Francis(6)"",""Tricia Canonico(7)""","""Emily Francis"",""Scotty V VanTatenhove"",""Shirley Peel"",""Adam Hirschhorn"",""Adam Eggleston"""
Larimer,City of Fort Collins Mayor,UPLOADED,122571,104-155-35,"""Jeffrey Shumway(1)"",""Shirley Peel(2)"",""Adam Eggleston(3)"",""Scotty V VanTatenhove(4)"",""Tricia Canonico(5)"",""Adam Eggleston(6)"",""Emily Francis(7)""","""Jeffrey Shumway"",""Shirley Peel"",""Adam Eggleston"",""Scotty V VanTatenhove"",""Tricia Canonico"""
Larimer,City of Fort Collins Mayor,UPLOADED,122572,104-155-95,"""Tricia Canonico(1)"",""Emily Francis(2)"",""Tricia Canonico(3)"",""Adam Hirschhorn(4)"",""Adam Hirschhorn(5)"",""Adam Hirschhorn(6)"",""Scotty V VanTatenhove(7)""","""Tricia Canonico"",""Emily Francis"""
Larimer,City of Fort Collins Mayor,UPLOADED,122573,104-155-73,"""Jeffrey Shumway(1)"",""Adam Eggleston(3)"",""Tricia Canonico(4)"",""Emily Francis(6)"",""Scotty V VanTatenhove(6)"",""Adam Hirschhorn(7)""","""Jeffrey Shumway"""
Larimer,City of Fort Collins Mayor,UPLOADED,122574,104-155-98,"""Jeffrey Shumway(1)"",""Jeffrey Shumway(2)"",""Jeffrey Shumway(3)"",""Jeffrey Shumway(4)"",""Jeffrey Shumway(5)"",""Jeffrey Shumway(6)"",""Jeffrey Shumway(7)""","""Jeffrey Shumway"""
Larimer,City of Fort Collins Mayor,UPLOADED,122575,104-155-99,"""Shirley Peel(1)"",""Emily Francis(2)"",""Jeffrey Shumway(3)"",""Adam Eggleston(4)"",""Adam Hirschhorn(5)"",""Emily Francis(6)"",""Shirley Peel(7)""","""Shirley Peel"",""Emily Francis"",""Jeffrey Shumway"",""Adam Eggleston"",""Adam Hirschhorn"""
Larimer,City of Fort Collins Mayor,UPLOADED,122576,104-155-48,"""Adam Hirschhorn(1)"",""Jeffrey Shumway(2)"",""Adam Eggleston(3)"",""Scotty V VanTatenhove(4)"",""Adam Hirschhorn(5)"",""Tricia Canonico(6)"",""Emily Francis(7)""","""Adam Hirschhorn"",""Jeffrey Shumway"",""Adam Eggleston"",""Scotty V VanTatenhove"""
Larimer,City of Fort Collins Mayor,UPLOADED,122577,104-155-56,"""Emily Francis(1)"",""Tricia Canonico(2)"",""Shirley Peel(3)"",""Adam Hirschhorn(4)"",""Adam Eggleston(5)"",""Shirley Peel(6)"",""Jeffrey Shumway(7)""","""Emily Francis"",""Tricia Canonico"",""Shirley Peel"",""Adam Hirschhorn"",""Adam Eggleston"""
Larimer,City of Fort Collins Mayor,UPLOADED,122767,105-188-13,"""Tricia Canonico(1)"",""Emily Francis(2)"",""Shirley Peel(3)"",""Adam Hirschhorn(4)"",""Adam Eggleston(5)"",""Adam Hirschhorn(6)"",""Scotty V VanTatenhove(7)""","""Tricia Canonico"",""Emily Francis"",""Shirley Peel"",""Adam Hirschhorn"",""Adam Eggleston"""
Larimer,City of Fort Collins Mayor,UPLOADED,122768,105-188-28,"""Tricia Canonico(1)"",""Shirley Peel(1)"",""Tricia Canonico(2)"",""Jeffrey Shumway(3)"",""Emily Francis(4)"",""Adam Eggleston(5)"",""Adam Hirschhorn(6)"",""Scotty V VanTatenhove(7)""",""
Larimer,City of Fort Collins Mayor,UPLOADED,122769,105-188-73,"""Tricia Canonico(1)"",""Scotty V VanTatenhove(2)"",""Adam Eggleston(3)"",""Adam Hirschhorn(4)"",""Shirley Peel(6)"",""Jeffrey Shumway(7)""","""Tricia Canonico"",""Scotty V VanTatenhove"",""Adam Eggleston"",""Adam Hirschhorn"""
Larimer,City of Fort Collins Mayor,UPLOADED,122770,105-188-11,"""Emily Francis(1)"",""Tricia Canonico(2)"",""Emily Francis(3)"",""Tricia Canonico(4)"",""Emily Francis(5)"",""Tricia Canonico(6)"",""Emily Francis(7)""","""Emily Francis"",""Tricia Canonico"""
Larimer,City of Fort Collins Councilmember - District 1,UPLOADED,122770,105-188-11,"""Susan Gutowsky(1)"",""Daisy Montgomery(2)"",""Susan Gutowsky(3)""","""Susan Gutowsky"",""Daisy Montgomery"""
Larimer,City of Fort Collins Mayor,UPLOADED,122772,105-188-47,"""Shirley Peel(1)"",""Jeffrey Shumway(1)""",""
Larimer,City of Fort Collins Mayor,UPLOADED,122773,105-188-21,"""Jeffrey Shumway(1)"",""Adam Eggleston(2)"",""Shirley Peel(3)"",""Jeffrey Shumway(4)"",""Jeffrey Shumway(5)"",""Jeffrey Shumway(6)"",""Jeffrey Shumway(7)""","""Jeffrey Shumway"",""Adam Eggleston"",""Shirley Peel"""
Larimer,City of Fort Collins Mayor,UPLOADED,123166,112-178-31,"""Shirley Peel(1)"",""Adam Hirschhorn(2)"",""Jeffrey Shumway(3)"",""Emily Francis(4)"",""Tricia Canonico(5)"",""Scotty V VanTatenhove(6)"",""Adam Hirschhorn(7)""","""Shirley Peel"",""Adam Hirschhorn"",""Jeffrey Shumway"",""Emily Francis"",""Tricia Canonico"",""Scotty V VanTatenhove"""
Larimer,City of Fort Collins Mayor,UPLOADED,123169,112-178-1,"""Shirley Peel(1)"",""Tricia Canonico(6)""","""Shirley Peel"""
Larimer,City of Fort Collins Mayor,UPLOADED,123170,112-178-6,"""Tricia Canonico(1)"",""Emily Francis(2)"",""Adam Eggleston(3)"",""Shirley Peel(4)"",""Scotty V VanTatenhove(5)"",""Jeffrey Shumway(6)"",""Adam Eggleston(7)""","""Tricia Canonico"",""Emily Francis"",""Adam Eggleston"",""Shirley Peel"",""Scotty V VanTatenhove"",""Jeffrey Shumway"""
Larimer,City of Fort Collins Mayor,UPLOADED,123263,111-166-66,"""Shirley Peel(1)"",""Tricia Canonico(2)"",""Emily Francis(3)"",""Scotty V VanTatenhove(7)""","""Shirley Peel"",""Tricia Canonico"",""Emily Francis"""
Larimer,City of Fort Collins Mayor,UPLOADED,123264,111-166-89,"""Adam Eggleston(1)"",""Emily Francis(2)"",""Adam Hirschhorn(3)"",""Tricia Canonico(4)"",""Jeffrey Shumway(5)"",""Tricia Canonico(6)"",""Scotty V VanTatenhove(6)"",""Shirley Peel(7)""","""Adam Eggleston"",""Emily Francis"",""Adam Hirschhorn"",""Tricia Canonico"",""Jeffrey Shumway"",""Scotty V VanTatenhove"",""Shirley Peel"""
Larimer,City of Fort Collins Mayor,UPLOADED,123265,111-166-41,"""Tricia Canonico(1)"",""Emily Francis(2)"",""Scotty V VanTatenhove(3)"",""Adam Hirschhorn(4)"",""Adam Hirschhorn(5)"",""Adam Hirschhorn(6)"",""Adam Hirschhorn(7)""","""Tricia Canonico"",""Emily Francis"",""Scotty V VanTatenhove"",""Adam Hirschhorn"""
Larimer,City of Fort Collins Mayor,UPLOADED,123266,111-166-91,"""Emily Francis(1)"",""Tricia Canonico(2)"",""Scotty V VanTatenhove(2)"",""Adam Hirschhorn(3)"",""Tricia Canonico(4)"",""Shirley Peel(5)"",""Adam Hirschhorn(6)"",""Jeffrey Shumway(7)""","""Emily Francis"""
Larimer,City of Fort Collins Mayor,UPLOADED,123268,111-166-11,"""Shirley Peel(1)"",""Scotty V VanTatenhove(2)"",""Adam Hirschhorn(3)"",""Emily Francis(4)"",""Adam Eggleston(5)"",""Tricia Canonico(6)"",""Adam Hirschhorn(7)""","""Shirley Peel"",""Scotty V VanTatenhove"",""Adam Hirschhorn"",""Emily Francis"",""Adam Eggleston"",""Tricia Canonico"""
Larimer,City of Fort Collins Mayor,UPLOADED,123364,104-157-32,"""Adam Hirschhorn(4)"",""Emily Francis(5)"",""Shirley Peel(6)"",""Adam Eggleston(7)""",""
Larimer,City of Fort Collins Mayor,UPLOADED,123365,104-157-71,"""Emily Francis(1)"",""Tricia Canonico(2)"",""Shirley Peel(3)"",""Adam Eggleston(4)"",""Adam Hirschhorn(5)"",""Scotty V VanTatenhove(6)"",""Jeffrey Shumway(7)"",""Scotty V VanTatenhove(7)""","""Emily Francis"",""Tricia Canonico"",""Shirley Peel"",""Adam Eggleston"",""Adam Hirschhorn"",""Scotty V VanTatenhove"",""Jeffrey Shumway"""
Larimer,City of Fort Collins Mayor,UPLOADED,123366,104-157-51,"""Emily Francis(1)"",""Tricia Canonico(2)"",""Scotty V VanTatenhove(3)"",""Jeffrey Shumway(7)""","""Emily Francis"",""Tricia Canonico"",""Scotty V VanTatenhove"""
Larimer,City of Fort Collins Mayor,UPLOADED,123461,103-137-62,"""Tricia Canonico(1)"",""Shirley Peel(2)"",""Adam Hirschhorn(3)"",""Scotty V VanTatenhove(3)"",""Adam Eggleston(4)"",""Emily Francis(5)"",""Jeffrey Shumway(7)""","""Tricia Canonico"",""Shirley Peel"""
Larimer,City of Fort Collins Mayor,UPLOADED,123463,103-137-70,"""Shirley Peel(1)"",""Emily Francis(2)"",""Tricia Canonico(3)"",""Adam Hirschhorn(6)"",""Scotty V VanTatenhove(7)""","""Shirley Peel"",""Emily Francis"",""Tricia Canonico"""
Larimer,City of Fort Collins Mayor,UPLOADED,123465,103-137-23,"""Emily Francis(1)"",""Adam Hirschhorn(2)"",""Tricia Canonico(3)"",""Scotty V VanTatenhove(4)"",""Adam Eggleston(5)"",""Emily Francis(6)"",""Jeffrey Shumway(7)""","""Emily Francis"",""Adam Hirschhorn"",""Tricia Canonico"",""Scotty V VanTatenhove"",""Adam Eggleston"""
Larimer,City of Fort Collins Mayor,UPLOADED,123466,103-137-58,"""Emily Francis(1)"",""Emily Francis(2)"",""Emily Francis(3)"",""Emily Francis(4)"",""Emily Francis(5)"",""Emily Francis(6)"",""Emily Francis(7)""","""Emily Francis"""
Larimer,City of Fort Collins Mayor,UPLOADED,123468,103-137-88,"""Jeffrey Shumway(1)"",""Shirley Peel(2)"",""Scotty V VanTatenhove(2)"",""Adam Eggleston(3)"",""Emily Francis(4)"",""Tricia Canonico(5)"",""Adam Hirschhorn(7)""","""Jeffrey Shumway"""
Larimer,City of Fort Collins Mayor,UPLOADED,123564,106-203-9,"""Tricia Canonico(1)"",""Jeffrey Shumway(2)"",""Tricia Canonico(3)"",""Adam Eggleston(4)"",""Emily Francis(5)"",""Scotty V VanTatenhove(6)"",""Adam Hirschhorn(7)"",""Scotty V VanTatenhove(7)""","""Tricia Canonico"",""Jeffrey Shumway"""
Larimer,City of Fort Collins Mayor,UPLOADED,123565,106-203-38,"""Shirley Peel(1)"",""Scotty V VanTatenhove(2)"",""Shirley Peel(3)"",""Emily Francis(4)"",""Tricia Canonico(5)"",""Adam Hirschhorn(6)"",""Adam Eggleston(7)""","""Shirley Peel"",""Scotty V VanTatenhove"""
Larimer,City of Fort Collins Mayor,UPLOADED,123566,106-203-81,"""Tricia Canonico(1)"",""Emily Francis(2)"",""Adam Hirschhorn(3)"",""Shirley Peel(4)"",""Shirley Peel(5)"",""Jeffrey Shumway(6)"",""Adam Hirschhorn(7)""","""Tricia Canonico"",""Emily Francis"",""Adam Hirschhorn"",""Shirley Peel"""
Larimer,City of Fort Collins Mayor,UPLOADED,123568,106-203-54,"""Shirley Peel(7)""",""
Larimer,City of Fort Collins Mayor,UPLOADED,124065,109-152-47,"""Emily Francis(1)"",""Tricia Canonico(2)"",""Adam Eggleston(3)"",""Adam Hirschhorn(4)"",""Shirley Peel(5)"",""Adam Hirschhorn(6)"",""Scotty V VanTatenhove(7)""","""Emily Francis"",""Tricia Canonico"",""Adam Eggleston"",""Adam Hirschhorn"",""Shirley Peel"""
Larimer,City of Fort Collins Mayor,UPLOADED,124163,110-148-77,"""Emily Francis(1)"",""Tricia Canonico(2)"",""Shirley Peel(3)"",""Adam Hirschhorn(5)"",""Adam Eggleston(6)"",""Jeffrey Shumway(7)""","""Emily Francis"",""Tricia Canonico"",""Shirley Peel"""
Larimer,City of Fort Collins Mayor,UPLOADED,124165,110-148-67,"""Tricia Canonico(1)"",""Emily Francis(2)"",""Adam Eggleston(3)"",""Scotty V VanTatenhove(4)"",""Shirley Peel(5)"",""Adam Eggleston(6)"",""Jeffrey Shumway(7)""","""Tricia Canonico"",""Emily Francis"",""Adam Eggleston"",""Scotty V VanTatenhove"",""Shirley Peel"""
Larimer,City of Fort Collins Mayor,UPLOADED,124166,110-148-27,"""Shirley Peel(1)"",""Jeffrey Shumway(2)"",""Adam Eggleston(3)"",""Emily Francis(3)"",""Scotty V VanTatenhove(4)"",""Adam Hirschhorn(5)"",""Emily Francis(6)"",""Tricia Canonico(7)""","""Shirley Peel"",""Jeffrey Shumway"""
Larimer,City of Fort Collins Mayor,UPLOADED,124167,110-148-24,"""Shirley Peel(1)"",""Tricia Canonico(2)"",""Emily Francis(3)"",""Scotty V VanTatenhove(4)"",""Emily Francis(5)"",""Adam Eggleston(6)"",""Jeffrey Shumway(7)""","""Shirley Peel"",""Tricia Canonico"",""Emily Francis"",""Scotty V VanTatenhove"""
Larimer,City of Fort Collins Mayor,UPLOADED,124362,105-190-84,"""Emily Francis(1)"",""Tricia Canonico(2)"",""Shirley Peel(3)"",""Jeffrey Shumway(4)"",""Adam Hirschhorn(5)"",""Shirley Peel(6)"",""Scotty V VanTatenhove(7)""","""Emily Francis"",""Tricia Canonico"",""Shirley Peel"",""Jeffrey Shumway"",""Adam Hirschhorn"""
Larimer,City of Fort Collins Mayor,UPLOADED,124365,105-190-26,"""Emily Francis(1)"",""Shirley Peel(2)"",""Tricia Canonico(3)"",""Scotty V VanTatenhove(4)"",""Adam Eggleston(5)"",""Adam Hirschhorn(6)"",""Shirley Peel(7)""","""Emily Francis"",""Shirley Peel"",""Tricia Canonico"",""Scotty V VanTatenhove"",""Adam Eggleston"",""Adam Hirschhorn"""
Larimer,City of Fort Collins Councilmember - District 1,UPLOADED,124366,105-190-28,"""Susan Gutowsky(1)"",""Susan Gutowsky(2)"",""Susan Gutowsky(3)""","""Susan Gutowsky"""
Larimer,City of Fort Collins Mayor,UPLOADED,124367,105-190-20,"""Tricia Canonico(1)"",""Shirley Peel(3)"",""Jeffrey Shumway(4)"",""Adam Eggleston(5)"",""Emily Francis(6)"",""Scotty V VanTatenhove(7)""","""Tricia Canonico"""
Larimer,City of Fort Collins Mayor,UPLOADED,128733,106-211-97,"""Emily Francis(1)"",""Adam Eggleston(2)"",""Emily Francis(3)""","""Emily Francis"",""Adam Eggleston"""
Larimer,City of Fort Collins Mayor,UPLOADED,128734,106-211-77,"""Tricia Canonico(1)"",""Emily Francis(2)"",""Shirley Peel(3)"",""Adam Hirschhorn(7)""","""Tricia Canonico"",""Emily Francis"",""Shirley Peel"""
Larimer,City of Fort Collins Mayor,UPLOADED,128735,106-211-99,"""Tricia Canonico(1)"",""Scotty V VanTatenhove(2)"",""Emily Francis(3)"",""Adam Hirschhorn(4)"",""Shirley Peel(5)"",""Jeffrey Shumway(6)"",""Emily Francis(7)""","""Tricia Canonico"",""Scotty V VanTatenhove"",""Emily Francis"",""Adam Hirschhorn"",""Shirley Peel"",""Jeffrey Shumway"""
Larimer,City of Fort Collins Mayor,UPLOADED,128736,106-211-29,"""Emily Francis(1)"",""Tricia Canonico(2)"",""Jeffrey Shumway(6)"",""Shirley Peel(7)""","""Emily Francis"",""Tricia Canonico"""
Larimer,City of Fort Collins Mayor,UPLOADED,128932,111-173-78,"""Shirley Peel(1)"",""Emily Francis(2)"",""Tricia Canonico(4)"",""Adam Eggleston(4)"",""Scotty V VanTatenhove(5)"",""Jeffrey Shumway(6)"",""Adam Hirschhorn(7)""","""Shirley Peel"",""Emily Francis"""
Larimer,City of Fort Collins Mayor,UPLOADED,129012,105-196-33,"""Shirley Peel(1)"",""Jeffrey Shumway(2)"",""Shirley Peel(3)"",""Jeffrey Shumway(4)""","""Shirley Peel"",""Jeffrey Shumway"""
Larimer,City of Fort Collins Mayor,UPLOADED,129013,105-196-46,"""Shirley Peel(1)"",""Adam Eggleston(2)"",""Tricia Canonico(3)"",""Adam Eggleston(4)"",""Scotty V VanTatenhove(5)"",""Adam Hirschhorn(6)"",""Jeffrey Shumway(7)""","""Shirley Peel"",""Adam Eggleston"",""Tricia Canonico"""
Larimer,City of Fort Collins Mayor,UPLOADED,129015,105-196-53,"""Tricia Canonico(1)"",""Emily Francis(2)"",""Shirley Peel(3)"",""Scotty V VanTatenhove(4)"",""Adam Hirschhorn(6)"",""Jeffrey Shumway(7)""","""Tricia Canonico"",""Emily Francis"",""Shirley Peel"",""Scotty V VanTatenhove"""
Larimer,City of Fort Collins Mayor,UPLOADED,129016,105-196-59,"""Shirley Peel(1)"",""Jeffrey Shumway(7)""","""Shirley Peel"""
Larimer,City of Fort Collins Mayor,UPLOADED,129108,112-188-76,"""Emily Francis(1)"",""Tricia Canonico(2)"",""Adam Eggleston(3)"",""Scotty V VanTatenhove(4)"",""Adam Hirschhorn(5)"",""Shirley Peel(6)"",""Scotty V VanTatenhove(7)""","""Emily Francis"",""Tricia Canonico"",""Adam Eggleston"",""Scotty V VanTatenhove"",""Adam Hirschhorn"",""Shirley Peel"""
Larimer,City of Fort Collins Mayor,UPLOADED,129110,112-188-69,"""Tricia Canonico(1)"",""Emily Francis(2)"",""Jeffrey Shumway(3)"",""Shirley Peel(4)"",""Jeffrey Shumway(5)"",""Adam Eggleston(6)"",""Scotty V VanTatenhove(7)""","""Tricia Canonico"",""Emily Francis"",""Jeffrey Shumway"",""Shirley Peel"""
Larimer,City of Fort Collins Mayor,UPLOADED,129111,112-188-1,"""Shirley Peel(1)"",""Tricia Canonico(2)"",""Adam Eggleston(3)"",""Emily Francis(4)"",""Adam Hirschhorn(5)"",""Scotty V VanTatenhove(6)"",""Adam Hirschhorn(7)""","""Shirley Peel"",""Tricia Canonico"",""Adam Eggleston"",""Emily Francis"",""Adam Hirschhorn"",""Scotty V VanTatenhove"""
Larimer,City of Fort Collins Mayor,UPLOADED,129112,112-188-100,"""Emily Francis(1)"",""Tricia Canonico(2)"",""Adam Eggleston(3)"",""Adam Hirschhorn(4)"",""Scotty V VanTatenhove(5)"",""Adam Hirschhorn(6)"",""Jeffrey Shumway(7)""","""Emily Francis"",""Tricia Canonico"",""Adam Eggleston"",""Adam Hirschhorn"",""Scotty V VanTatenhove"""
Larimer,City of Fort Collins Mayor,UPLOADED,129114,112-188-80,"""Tricia Canonico(1)"",""Emily Francis(2)"",""Shirley Peel(3)"",""Jeffrey Shumway(4)"",""Adam Hirschhorn(5)"",""Scotty V VanTatenhove(6)"",""Jeffrey Shumway(7)""","""Tricia Canonico"",""Emily Francis"",""Shirley Peel"",""Jeffrey Shumway"",""Adam Hirschhorn"",""Scotty V VanTatenhove"""
Larimer,City of Fort Collins Mayor,UPLOADED,129115,112-188-59,"""Emily Francis(1)"",""Tricia Canonico(2)"",""Adam Eggleston(4)"",""Shirley Peel(5)"",""Adam Hirschhorn(6)"",""Scotty V VanTatenhove(6)"",""Jeffrey Shumway(7)""","""Emily Francis"",""Tricia Canonico"""
Larimer,City of Fort Collins Mayor,UPLOADED,129311,104-165-82,"""Shirley Peel(1)"",""Tricia Canonico(2)"",""Adam Eggleston(3)"",""Adam Hirschhorn(4)"",""Shirley Peel(5)"",""Jeffrey Shumway(6)"",""Emily Francis(7)""","""Shirley Peel"",""Tricia Canonico"",""Adam Eggleston"",""Adam Hirschhorn"""
Larimer,City of Fort Collins Mayor,UPLOADED,129315,104-165-39,"""Emily Francis(1)"",""Tricia Canonico(2)"",""Shirley Peel(3)"",""Adam Hirschhorn(4)"",""Scotty V VanTatenhove(5)"",""Scotty V VanTatenhove(6)"",""Jeffrey Shumway(7)""","""Emily Francis"",""Tricia Canonico"",""Shirley Peel"",""Adam Hirschhorn"",""Scotty V VanTatenhove"""
Larimer,City of Fort Collins Councilmember - District 3,UPLOADED,129316,104-165-86,"""Steve Yurash(1)"",""Lance Smith(2)"",""Steve Yurash(3)""","""Steve Yurash"",""Lance Smith"""
Larimer,City of Fort Collins Mayor,UPLOADED,129317,104-165-99,"""Shirley Peel(1)"",""Tricia Canonico(2)"",""Adam Hirschhorn(3)"",""Shirley Peel(4)"",""Emily Francis(5)"",""Adam Eggleston(6)"",""Scotty V VanTatenhove(7)""","""Shirley Peel"",""Tricia Canonico"",""Adam Hirschhorn"""
Larimer,City of Fort Collins Mayor,UPLOADED,129611,109-158-33,"""Jeffrey Shumway(1)"",""Shirley Peel(2)"",""Adam Hirschhorn(3)"",""Tricia Canonico(4)"",""Adam Eggleston(5)"",""Adam Hirschhorn(6)"",""Emily Francis(7)""","""Jeffrey Shumway"",""Shirley Peel"",""Adam Hirschhorn"",""Tricia Canonico"",""Adam Eggleston"""
Larimer,City of Fort Collins Mayor,UPLOADED,129612,109-158-48,"""Shirley Peel(1)"",""Emily Francis(7)""","""Shirley Peel"""
Larimer,City of Fort Collins Mayor,UPLOADED,129613,109-158-62,"""Jeffrey Shumway(1)"",""Shirley Peel(2)"",""Adam Hirschhorn(3)"",""Tricia Canonico(4)"",""Adam Eggleston(5)"",""Adam Hirschhorn(6)"",""Emily Francis(7)""","""Jeffrey Shumway"",""Shirley Peel"",""Adam Hirschhorn"",""Tricia Canonico"",""Adam Eggleston"""
Larimer,City of Fort Collins Mayor,UPLOADED,129614,109-158-57,"""Jeffrey Shumway(1)"",""Shirley Peel(2)"",""Scotty V VanTatenhove(3)"",""Adam Eggleston(4)"",""Adam Hirschhorn(5)"",""Adam Eggleston(6)"",""Tricia Canonico(7)""","""Jeffrey Shumway"",""Shirley Peel"",""Scotty V VanTatenhove"",""Adam Eggleston"",""Adam Hirschhorn"""
Larimer,City of Fort Collins Mayor,UPLOADED,129615,109-158-66,"""Shirley Peel(1)"",""Jeffrey Shumway(2)"",""Scotty V VanTatenhove(3)"",""Adam Eggleston(4)"",""Emily Francis(5)"",""Tricia Canonico(6)"",""Emily Francis(7)""","""Shirley Peel"",""Jeffrey Shumway"",""Scotty V VanTatenhove"",""Adam Eggleston"",""Emily Francis"",""Tricia Canonico"""
Larimer,City of Fort Collins Mayor,UPLOADED,129616,109-158-61,"""Jeffrey Shumway(1)"",""Shirley Peel(2)"",""Adam Hirschhorn(3)"",""Tricia Canonico(4)"",""Adam Eggleston(5)"",""Adam Hirschhorn(6)"",""Shirley Peel(7)""","""Jeffrey Shumway"",""Shirley Peel"",""Adam Hirschhorn"",""Tricia Canonico"",""Adam Eggleston"""
Larimer,City of Fort Collins Mayor,UPLOADED,129713,103-144-36,"""Shirley Peel(1)"",""Adam Eggleston(2)"",""Tricia Canonico(3)"",""Adam Hirschhorn(4)"",""Scotty V VanTatenhove(5)"",""Jeffrey Shumway(6)"",""Adam Hirschhorn(7)""","""Shirley Peel"",""Adam Eggleston"",""Tricia Canonico"",""Adam Hirschhorn"",""Scotty V VanTatenhove"",""Jeffrey Shumway"""
Larimer,City of Fort Collins Mayor,UPLOADED,129715,103-144-76,"""Emily Francis(1)"",""Adam Hirschhorn(2)"",""Tricia Canonico(3)"",""Adam Eggleston(4)"",""Shirley Peel(5)"",""Tricia Canonico(6)"",""Scotty V VanTatenhove(7)""","""Emily Francis"",""Adam Hirschhorn"",""Tricia Canonico"",""Adam Eggleston"",""Shirley Peel"""
Larimer,City of Fort Collins Mayor,UPLOADED,129811,110-153-23,"""Jeffrey Shumway(7)"",""Scotty V VanTatenhove(7)""",""
Larimer,City of Fort Collins Mayor,UPLOADED,129812,110-153-21,"""Emily Francis(7)""",""
Larimer,City of Fort Collins Mayor,UPLOADED,129813,110-153-20,"""Shirley Peel(1)"",""Adam Hirschhorn(2)"",""Jeffrey Shumway(3)"",""Scotty V VanTatenhove(4)"",""Tricia Canonico(5)"",""Emily Francis(6)"",""Tricia Canonico(7)""","""Shirley Peel"",""Adam Hirschhorn"",""Jeffrey Shumway"",""Scotty V VanTatenhove"",""Tricia Canonico"",""Emily Francis"""
Larimer,City of Fort Collins Mayor,UPLOADED,129815,110-153-42,"""Tricia Canonico(1)"",""Shirley Peel(2)"",""Emily Francis(7)""","""Tricia Canonico"",""Shirley Peel"""
Larimer,City of Fort Collins Mayor,UPLOADED,132385,110-156-3,"""Emily Francis(1)"",""Tricia Canonico(2)"",""Jeffrey Shumway(7)""","""Emily Francis"",""Tricia Canonico"""
Larimer,City of Fort Collins Mayor,UPLOADED,132387,110-156-4,"""Emily Francis(1)"",""Tricia Canonico(2)"",""Adam Eggleston(3)"",""Adam Hirschhorn(4)"",""Scotty V VanTatenhove(5)"",""Adam Hirschhorn(6)"",""Jeffrey Shumway(7)""","""Emily Francis"",""Tricia Canonico"",""Adam Eggleston"",""Adam Hirschhorn"",""Scotty V VanTatenhove"""
Larimer,City of Fort Collins Mayor,UPLOADED,132388,110-156-65,"""Emily Francis(1)"",""Tricia Canonico(2)"",""Shirley Peel(3)"",""Adam Eggleston(4)"",""Adam Eggleston(5)"",""Scotty V VanTatenhove(6)"",""Jeffrey Shumway(7)""","""Emily Francis"",""Tricia Canonico"",""Shirley Peel"",""Adam Eggleston"""
Larimer,City of Fort Collins Councilmember - District 1,UPLOADED,139201,105-210-20,"""Chris Conway(1)"",""Daisy Montgomery(1)"",""Susan Gutowsky(3)""",""
Larimer,City of Fort Collins Mayor,UPLOADED,132389,110-156-85,"""Emily Francis(1)"",""Tricia Canonico(2)"",""Shirley Peel(3)"",""Adam Eggleston(4)"",""Scotty V VanTatenhove(5)"",""Jeffrey Shumway(6)"",""Shirley Peel(7)""","""Emily Francis"",""Tricia Canonico"",""Shirley Peel"",""Adam Eggleston"",""Scotty V VanTatenhove"",""Jeffrey Shumway"""
Larimer,City of Fort Collins Mayor,UPLOADED,132783,112-194-2,"""Shirley Peel(1)"",""Shirley Peel(2)"",""Shirley Peel(3)"",""Shirley Peel(4)"",""Shirley Peel(5)"",""Shirley Peel(6)"",""Shirley Peel(7)""","""Shirley Peel"""
Larimer,City of Fort Collins Mayor,UPLOADED,132786,112-194-7,"""Adam Eggleston(1)"",""Scotty V VanTatenhove(2)"",""Jeffrey Shumway(3)"",""Adam Hirschhorn(4)"",""Emily Francis(5)"",""Adam Eggleston(6)"",""Tricia Canonico(7)""","""Adam Eggleston"",""Scotty V VanTatenhove"",""Jeffrey Shumway"",""Adam Hirschhorn"",""Emily Francis"""
Larimer,City of Fort Collins Mayor,UPLOADED,132788,112-194-96,"""Tricia Canonico(1)"",""Emily Francis(2)"",""Scotty V VanTatenhove(3)"",""Shirley Peel(7)""","""Tricia Canonico"",""Emily Francis"",""Scotty V VanTatenhove"""
Larimer,City of Fort Collins Mayor,UPLOADED,132789,112-194-55,"""Shirley Peel(1)"",""Jeffrey Shumway(2)"",""Adam Eggleston(3)"",""Tricia Canonico(4)"",""Emily Francis(5)"",""Adam Eggleston(6)"",""Scotty V VanTatenhove(7)""","""Shirley Peel"",""Jeffrey Shumway"",""Adam Eggleston"",""Tricia Canonico"",""Emily Francis"""
Larimer,City of Fort Collins Mayor,UPLOADED,133085,109-162-83,"""Emily Francis(1)"",""Adam Eggleston(2)"",""Tricia Canonico(3)"",""Emily Francis(4)""","""Emily Francis"",""Adam Eggleston"",""Tricia Canonico"""
Larimer,City of Fort Collins Mayor,UPLOADED,133088,109-162-50,"""Emily Francis(1)"",""Shirley Peel(2)"",""Scotty V VanTatenhove(3)"",""Tricia Canonico(4)"",""Jeffrey Shumway(7)""","""Emily Francis"",""Shirley Peel"",""Scotty V VanTatenhove"",""Tricia Canonico"""
Larimer,City of Fort Collins Mayor,UPLOADED,133283,103-146-29,"""Tricia Canonico(1)"",""Emily Francis(2)"",""Jeffrey Shumway(3)"",""Shirley Peel(4)"",""Adam Eggleston(5)"",""Jeffrey Shumway(6)"",""Adam Hirschhorn(7)""","""Tricia Canonico"",""Emily Francis"",""Jeffrey Shumway"",""Shirley Peel"",""Adam Eggleston"""
Larimer,City of Fort Collins Mayor,UPLOADED,133284,103-146-9,"""Emily Francis(1)"",""Tricia Canonico(2)"",""Adam Hirschhorn(3)"",""Shirley Peel(4)"",""Adam Hirschhorn(5)"",""Scotty V VanTatenhove(6)"",""Jeffrey Shumway(7)""","""Emily Francis"",""Tricia Canonico"",""Adam Hirschhorn"",""Shirley Peel"""
Larimer,City of Fort Collins Mayor,UPLOADED,133286,103-146-28,"""Tricia Canonico(1)"",""Shirley Peel(2)"",""Emily Francis(3)"",""Adam Eggleston(4)"",""Jeffrey Shumway(5)"",""Jeffrey Shumway(6)"",""Adam Hirschhorn(7)""","""Tricia Canonico"",""Shirley Peel"",""Emily Francis"",""Adam Eggleston"",""Jeffrey Shumway"""
Larimer,City of Fort Collins Mayor,UPLOADED,133287,103-146-40,"""Tricia Canonico(1)"",""Emily Francis(2)"",""Adam Hirschhorn(3)"",""Shirley Peel(4)"",""Scotty V VanTatenhove(5)"",""Adam Hirschhorn(6)"",""Jeffrey Shumway(7)""","""Tricia Canonico"",""Emily Francis"",""Adam Hirschhorn"",""Shirley Peel"",""Scotty V VanTatenhove"""
Larimer,City of Fort Collins Mayor,UPLOADED,133747,110-158-2,"""Emily Francis(1)"",""Scotty V VanTatenhove(2)"",""Adam Hirschhorn(3)"",""Jeffrey Shumway(4)"",""Adam Hirschhorn(5)"",""Shirley Peel(6)"",""Tricia Canonico(7)""","""Emily Francis"",""Scotty V VanTatenhove"",""Adam Hirschhorn"",""Jeffrey Shumway"""
Larimer,City of Fort Collins Mayor,UPLOADED,133749,110-158-5,"""Tricia Canonico(1)"",""Shirley Peel(2)"",""Emily Francis(3)"",""Adam Eggleston(4)"",""Adam Hirschhorn(5)"",""Shirley Peel(6)"",""Scotty V VanTatenhove(7)""","""Tricia Canonico"",""Shirley Peel"",""Emily Francis"",""Adam Eggleston"",""Adam Hirschhorn"""
Larimer,City of Fort Collins Mayor,UPLOADED,133764,112-196-1,"""Tricia Canonico(1)"",""Shirley Peel(1)"",""Adam Eggleston(3)"",""Emily Francis(4)"",""Adam Hirschhorn(5)"",""Jeffrey Shumway(6)"",""Scotty V VanTatenhove(7)""",""
Larimer,City of Fort Collins Mayor,UPLOADED,133765,112-196-15,"""Emily Francis(1)"",""Adam Eggleston(2)"",""Adam Hirschhorn(3)"",""Adam Hirschhorn(4)"",""Shirley Peel(5)"",""Scotty V VanTatenhove(6)"",""Jeffrey Shumway(7)""","""Emily Francis"",""Adam Eggleston"",""Adam Hirschhorn"""
Larimer,City of Fort Collins Mayor,UPLOADED,133766,112-196-10,"""Emily Francis(1)"",""Tricia Canonico(2)"",""Shirley Peel(3)"",""Jeffrey Shumway(4)"",""Adam Hirschhorn(5)"",""Adam Eggleston(6)"",""Jeffrey Shumway(7)""","""Emily Francis"",""Tricia Canonico"",""Shirley Peel"",""Jeffrey Shumway"",""Adam Hirschhorn"",""Adam Eggleston"""
Larimer,City of Fort Collins Mayor,UPLOADED,134410,104-171-6,"""Emily Francis(2)"",""Tricia Canonico(3)"",""Scotty V VanTatenhove(5)"",""Jeffrey Shumway(6)""",""
Larimer,City of Fort Collins Mayor,UPLOADED,134413,104-171-33,"""Adam Hirschhorn(1)"",""Tricia Canonico(2)"",""Emily Francis(3)"",""Scotty V VanTatenhove(3)"",""Jeffrey Shumway(4)"",""Adam Eggleston(5)"",""Shirley Peel(6)""","""Adam Hirschhorn"",""Tricia Canonico"""
Larimer,City of Fort Collins Mayor,UPLOADED,134414,104-171-90,"""Adam Eggleston(1)"",""Emily Francis(2)"",""Tricia Canonico(3)"",""Shirley Peel(4)"",""Scotty V VanTatenhove(5)"",""Adam Hirschhorn(7)""","""Adam Eggleston"",""Emily Francis"",""Tricia Canonico"",""Shirley Peel"",""Scotty V VanTatenhove"""
Larimer,City of Fort Collins Mayor,UPLOADED,134416,104-171-91,"""Tricia Canonico(1)"",""Adam Eggleston(2)"",""Emily Francis(3)"",""Adam Hirschhorn(4)"",""Shirley Peel(5)"",""Jeffrey Shumway(6)"",""Adam Eggleston(7)""","""Tricia Canonico"",""Adam Eggleston"",""Emily Francis"",""Adam Hirschhorn"",""Shirley Peel"",""Jeffrey Shumway"""
Larimer,City of Fort Collins Mayor,UPLOADED,134417,104-171-99,"""Tricia Canonico(1)"",""Adam Eggleston(1)"",""Emily Francis(1)"",""Adam Hirschhorn(1)"",""Shirley Peel(1)"",""Jeffrey Shumway(1)"",""Scotty V VanTatenhove(1)""",""
Larimer,City of Fort Collins Mayor,UPLOADED,134615,111-183-27,"""Emily Francis(1)"",""Adam Eggleston(2)"",""Jeffrey Shumway(3)"",""Shirley Peel(4)"",""Adam Eggleston(5)"",""Scotty V VanTatenhove(6)"",""Adam Hirschhorn(7)""","""Emily Francis"",""Adam Eggleston"",""Jeffrey Shumway"",""Shirley Peel"""
Larimer,City of Fort Collins Mayor,UPLOADED,134616,111-183-81,"""Tricia Canonico(1)"",""Emily Francis(2)"",""Scotty V VanTatenhove(7)""","""Tricia Canonico"",""Emily Francis"""
Larimer,City of Fort Collins Mayor,UPLOADED,134618,111-183-79,"""Emily Francis(1)"",""Adam Eggleston(2)"",""Tricia Canonico(3)"",""Shirley Peel(4)"",""Scotty V VanTatenhove(5)"",""Jeffrey Shumway(6)"",""Emily Francis(7)""","""Emily Francis"",""Adam Eggleston"",""Tricia Canonico"",""Shirley Peel"",""Scotty V VanTatenhove"",""Jeffrey Shumway"""
Larimer,City of Fort Collins Mayor,UPLOADED,134812,109-164-54,"""Emily Francis(1)"",""Tricia Canonico(2)"",""Shirley Peel(3)"",""Adam Hirschhorn(4)"",""Adam Eggleston(5)"",""Jeffrey Shumway(6)"",""Jeffrey Shumway(7)""","""Emily Francis"",""Tricia Canonico"",""Shirley Peel"",""Adam Hirschhorn"",""Adam Eggleston"",""Jeffrey Shumway"""
Larimer,City of Fort Collins Mayor,UPLOADED,134814,109-164-11,"""Emily Francis(1)"",""Shirley Peel(2)"",""Tricia Canonico(3)"",""Scotty V VanTatenhove(4)"",""Adam Eggleston(5)"",""Jeffrey Shumway(6)"",""Emily Francis(7)""","""Emily Francis"",""Shirley Peel"",""Tricia Canonico"",""Scotty V VanTatenhove"",""Adam Eggleston"",""Jeffrey Shumway"""
Larimer,City of Fort Collins Mayor,UPLOADED,134816,109-164-43,"""Emily Francis(1)"",""Scotty V VanTatenhove(2)"",""Adam Hirschhorn(3)"",""Shirley Peel(4)"",""Tricia Canonico(5)"",""Adam Hirschhorn(6)"",""Jeffrey Shumway(7)""","""Emily Francis"",""Scotty V VanTatenhove"",""Adam Hirschhorn"",""Shirley Peel"",""Tricia Canonico"""
Larimer,City of Fort Collins Mayor,UPLOADED,134817,109-164-57,"""Adam Hirschhorn(1)"",""Shirley Peel(2)"",""Jeffrey Shumway(7)""","""Adam Hirschhorn"",""Shirley Peel"""
Larimer,City of Fort Collins Mayor,UPLOADED,157539,105-242-45,"""Tricia Canonico(1)"",""Emily Francis(2)"",""Scotty V VanTatenhove(7)""","""Tricia Canonico"",""Emily Francis"""
Larimer,City of Fort Collins Mayor,UPLOADED,135815,111-185-12,"""Adam Eggleston(1)"",""Adam Hirschhorn(2)"",""Adam Eggleston(3)"",""Scotty V VanTatenhove(4)"",""Tricia Canonico(5)"",""Shirley Peel(6)"",""Jeffrey Shumway(7)""","""Adam Eggleston"",""Adam Hirschhorn"""
Larimer,City of Fort Collins Mayor,UPLOADED,135817,111-185-75,"""Tricia Canonico(1)"",""Emily Francis(2)"",""Shirley Peel(3)"",""Scotty V VanTatenhove(4)"",""Jeffrey Shumway(5)"",""Emily Francis(6)"",""Adam Hirschhorn(6)"",""Adam Eggleston(7)""","""Tricia Canonico"",""Emily Francis"",""Shirley Peel"",""Scotty V VanTatenhove"",""Jeffrey Shumway"",""Adam Hirschhorn"",""Adam Eggleston"""
Larimer,City of Fort Collins Mayor,UPLOADED,136178,110-161-22,"""Emily Francis(1)"",""Tricia Canonico(2)"",""Adam Eggleston(3)"",""Shirley Peel(4)"",""Jeffrey Shumway(5)"",""Adam Hirschhorn(6)"",""Jeffrey Shumway(7)""","""Emily Francis"",""Tricia Canonico"",""Adam Eggleston"",""Shirley Peel"",""Jeffrey Shumway"",""Adam Hirschhorn"""
Larimer,City of Fort Collins Mayor,UPLOADED,136180,110-161-20,"""Shirley Peel(1)"",""Jeffrey Shumway(2)"",""Emily Francis(3)"",""Adam Hirschhorn(4)"",""Scotty V VanTatenhove(5)"",""Tricia Canonico(6)"",""Emily Francis(7)""","""Shirley Peel"",""Jeffrey Shumway"",""Emily Francis"",""Adam Hirschhorn"",""Scotty V VanTatenhove"",""Tricia Canonico"""
Larimer,City of Fort Collins Mayor,UPLOADED,136181,110-161-48,"""Emily Francis(1)"",""Tricia Canonico(2)"",""Adam Eggleston(3)"",""Emily Francis(4)"",""Scotty V VanTatenhove(5)"",""Jeffrey Shumway(6)"",""Adam Hirschhorn(7)""","""Emily Francis"",""Tricia Canonico"",""Adam Eggleston"""
Larimer,City of Fort Collins Mayor,UPLOADED,136274,109-166-15,"""Adam Eggleston(1)"",""Tricia Canonico(2)"",""Jeffrey Shumway(2)"",""Shirley Peel(3)"",""Adam Hirschhorn(4)"",""Emily Francis(5)"",""Adam Hirschhorn(6)"",""Scotty V VanTatenhove(7)""","""Adam Eggleston"""
Larimer,City of Fort Collins Mayor,UPLOADED,136276,109-166-82,"""Tricia Canonico(1)"",""Shirley Peel(2)"",""Emily Francis(7)""","""Tricia Canonico"",""Shirley Peel"""
Larimer,City of Fort Collins Mayor,UPLOADED,136277,109-166-50,"""Shirley Peel(1)"",""Adam Eggleston(2)"",""Scotty V VanTatenhove(3)"",""Tricia Canonico(4)"",""Adam Eggleston(5)"",""Jeffrey Shumway(6)"",""Adam Hirschhorn(7)""","""Shirley Peel"",""Adam Eggleston"",""Scotty V VanTatenhove"",""Tricia Canonico"""
Larimer,City of Fort Collins Mayor,UPLOADED,136278,109-166-88,"""Emily Francis(1)"",""Adam Hirschhorn(2)"",""Tricia Canonico(3)"",""Adam Eggleston(4)"",""Scotty V VanTatenhove(5)"",""Jeffrey Shumway(6)"",""Adam Hirschhorn(7)""","""Emily Francis"",""Adam Hirschhorn"",""Tricia Canonico"",""Adam Eggleston"",""Scotty V VanTatenhove"",""Jeffrey Shumway"""
Larimer,City of Fort Collins Mayor,UPLOADED,136280,109-166-96,"""Tricia Canonico(7)"",""Adam Eggleston(7)"",""Emily Francis(7)"",""Adam Hirschhorn(7)"",""Shirley Peel(7)"",""Jeffrey Shumway(7)"",""Scotty V VanTatenhove(7)""",""
Larimer,City of Fort Collins Mayor,UPLOADED,136375,112-200-84,"""Emily Francis(1)"",""Tricia Canonico(2)"",""Scotty V VanTatenhove(3)"",""Shirley Peel(4)"",""Adam Hirschhorn(5)"",""Jeffrey Shumway(6)"",""Adam Hirschhorn(7)""","""Emily Francis"",""Tricia Canonico"",""Scotty V VanTatenhove"",""Shirley Peel"",""Adam Hirschhorn"",""Jeffrey Shumway"""
Larimer,City of Fort Collins Mayor,UPLOADED,136376,112-200-32,"""Emily Francis(1)"",""Tricia Canonico(2)"",""Scotty V VanTatenhove(4)"",""Jeffrey Shumway(5)"",""Adam Hirschhorn(6)"",""Shirley Peel(7)""","""Emily Francis"",""Tricia Canonico"""
Larimer,City of Fort Collins Mayor,UPLOADED,136378,112-200-53,"""Tricia Canonico(1)"",""Emily Francis(2)"",""Shirley Peel(3)"",""Adam Eggleston(4)"",""Adam Hirschhorn(5)"",""Scotty V VanTatenhove(6)"",""Adam Hirschhorn(7)""","""Tricia Canonico"",""Emily Francis"",""Shirley Peel"",""Adam Eggleston"",""Adam Hirschhorn"",""Scotty V VanTatenhove"""
Larimer,City of Fort Collins Mayor,UPLOADED,136380,112-200-48,"""Emily Francis(1)"",""Tricia Canonico(2)"",""Adam Eggleston(3)"",""Jeffrey Shumway(7)""","""Emily Francis"",""Tricia Canonico"",""Adam Eggleston"""
Larimer,City of Fort Collins Mayor,UPLOADED,136381,112-200-89,"""Emily Francis(1)"",""Shirley Peel(2)"",""Tricia Canonico(3)"",""Adam Hirschhorn(4)"",""Shirley Peel(5)"",""Scotty V VanTatenhove(6)"",""Jeffrey Shumway(7)""","""Emily Francis"",""Shirley Peel"",""Tricia Canonico"",""Adam Hirschhorn"""
Larimer,City of Fort Collins Mayor,UPLOADED,136477,111-187-74,"""Jeffrey Shumway(1)"",""Tricia Canonico(7)"",""Adam Eggleston(7)"",""Emily Francis(7)"",""Adam Hirschhorn(7)"",""Shirley Peel(7)"",""Scotty V VanTatenhove(7)""","""Jeffrey Shumway"""
Larimer,City of Fort Collins Mayor,UPLOADED,136579,104-173-95,"""Emily Francis(1)"",""Tricia Canonico(2)"",""Scotty V VanTatenhove(3)"",""Adam Hirschhorn(4)"",""Shirley Peel(5)"",""Shirley Peel(6)"",""Jeffrey Shumway(7)""","""Emily Francis"",""Tricia Canonico"",""Scotty V VanTatenhove"",""Adam Hirschhorn"",""Shirley Peel"""
Larimer,City of Fort Collins Mayor,UPLOADED,136581,104-173-70,"""Tricia Canonico(1)"",""Adam Eggleston(2)"",""Emily Francis(3)"",""Adam Hirschhorn(4)"",""Shirley Peel(5)"",""Emily Francis(6)"",""Adam Eggleston(7)""","""Tricia Canonico"",""Adam Eggleston"",""Emily Francis"",""Adam Hirschhorn"",""Shirley Peel"""
Larimer,City of Fort Collins Mayor,UPLOADED,136678,105-206-48,"""Emily Francis(1)"",""Shirley Peel(2)"",""Adam Eggleston(3)"",""Adam Hirschhorn(4)"",""Shirley Peel(5)"",""Scotty V VanTatenhove(6)"",""Jeffrey Shumway(7)""","""Emily Francis"",""Shirley Peel"",""Adam Eggleston"",""Adam Hirschhorn"""
Larimer,City of Fort Collins Mayor,UPLOADED,136679,105-206-89,"""Tricia Canonico(1)"",""Adam Eggleston(2)"",""Emily Francis(3)"",""Shirley Peel(4)"",""Jeffrey Shumway(5)"",""Scotty V VanTatenhove(5)"",""Adam Hirschhorn(7)""","""Tricia Canonico"",""Adam Eggleston"",""Emily Francis"",""Shirley Peel"""
Larimer,City of Fort Collins Mayor,UPLOADED,136680,105-206-56,"""Emily Francis(1)"",""Tricia Canonico(2)"",""Adam Hirschhorn(4)"",""Jeffrey Shumway(5)"",""Adam Eggleston(7)"",""Scotty V VanTatenhove(7)""","""Emily Francis"",""Tricia Canonico"""
Larimer,City of Fort Collins Mayor,UPLOADED,136975,106-223-5,"""Jeffrey Shumway(1)"",""Jeffrey Shumway(2)"",""Jeffrey Shumway(3)"",""Jeffrey Shumway(4)"",""Jeffrey Shumway(5)"",""Jeffrey Shumway(6)""","""Jeffrey Shumway"""
Larimer,City of Fort Collins Mayor,UPLOADED,136976,106-223-73,"""Emily Francis(1)"",""Tricia Canonico(2)"",""Jeffrey Shumway(3)"",""Jeffrey Shumway(4)"",""Shirley Peel(5)"",""Adam Eggleston(6)"",""Adam Hirschhorn(7)""","""Emily Francis"",""Tricia Canonico"",""Jeffrey Shumway"""
Larimer,City of Fort Collins Mayor,UPLOADED,136977,106-223-41,"""Tricia Canonico(1)"",""Adam Eggleston(2)"",""Jeffrey Shumway(3)"",""Shirley Peel(4)"",""Emily Francis(5)"",""Emily Francis(6)"",""Scotty V VanTatenhove(7)""","""Tricia Canonico"",""Adam Eggleston"",""Jeffrey Shumway"",""Shirley Peel"",""Emily Francis"""
Larimer,City of Fort Collins Councilmember - District 3,UPLOADED,136977,106-223-41,"""Josh Fudge(1)"",""Lance Smith(2)"",""Lance Smith(3)""","""Josh Fudge"",""Lance Smith"""
Larimer,City of Fort Collins Mayor,UPLOADED,136979,106-223-40,"""Tricia Canonico(1)"",""Adam Eggleston(2)"",""Jeffrey Shumway(3)"",""Shirley Peel(4)"",""Emily Francis(5)"",""Emily Francis(6)"",""Scotty V VanTatenhove(7)""","""Tricia Canonico"",""Adam Eggleston"",""Jeffrey Shumway"",""Shirley Peel"",""Emily Francis"""
Larimer,City of Fort Collins Mayor,UPLOADED,137770,109-168-5,"""Shirley Peel(1)"",""Adam Hirschhorn(2)"",""Adam Eggleston(4)""","""Shirley Peel"",""Adam Hirschhorn"""
Larimer,City of Fort Collins Mayor,UPLOADED,137771,109-168-92,"""Jeffrey Shumway(1)"",""Adam Hirschhorn(7)""","""Jeffrey Shumway"""
Larimer,City of Fort Collins Mayor,UPLOADED,137774,109-168-87,"""Emily Francis(1)"",""Tricia Canonico(2)"",""Shirley Peel(3)"",""Scotty V VanTatenhove(4)"",""Adam Eggleston(5)"",""Jeffrey Shumway(6)"",""Adam Eggleston(7)""","""Emily Francis"",""Tricia Canonico"",""Shirley Peel"",""Scotty V VanTatenhove"",""Adam Eggleston"",""Jeffrey Shumway"""
Larimer,City of Fort Collins Mayor,UPLOADED,137775,109-168-57,"""Jeffrey Shumway(1)"",""Shirley Peel(2)"",""Emily Francis(3)"",""Emily Francis(4)"",""Adam Eggleston(5)"",""Tricia Canonico(6)"",""Scotty V VanTatenhove(7)""","""Jeffrey Shumway"",""Shirley Peel"",""Emily Francis"""
Larimer,City of Fort Collins Mayor,UPLOADED,137872,104-175-21,"""Shirley Peel(1)"",""Scotty V VanTatenhove(2)"",""Emily Francis(3)"",""Jeffrey Shumway(4)"",""Emily Francis(5)"",""Adam Eggleston(6)"",""Adam Hirschhorn(7)""","""Shirley Peel"",""Scotty V VanTatenhove"",""Emily Francis"",""Jeffrey Shumway"""
Larimer,City of Fort Collins Mayor,UPLOADED,137873,104-175-56,"""Tricia Canonico(1)"",""Shirley Peel(2)"",""Emily Francis(3)"",""Scotty V VanTatenhove(4)"",""Adam Hirschhorn(5)"",""Adam Eggleston(6)"",""Adam Eggleston(7)""","""Tricia Canonico"",""Shirley Peel"",""Emily Francis"",""Scotty V VanTatenhove"",""Adam Hirschhorn"",""Adam Eggleston"""
Larimer,City of Fort Collins Mayor,UPLOADED,137874,104-175-63,"""Tricia Canonico(1)"",""Emily Francis(2)"",""Shirley Peel(5)"",""Scotty V VanTatenhove(6)"",""Jeffrey Shumway(7)""","""Tricia Canonico"",""Emily Francis"""
Larimer,City of Fort Collins Mayor,UPLOADED,137875,104-175-22,"""Tricia Canonico(2)"",""Emily Francis(3)"",""Shirley Peel(4)"",""Jeffrey Shumway(5)"",""Adam Eggleston(6)"",""Scotty V VanTatenhove(7)""",""
Larimer,City of Fort Collins Mayor,UPLOADED,137985,106-225-53,"""Tricia Canonico(1)"",""Emily Francis(2)"",""Adam Hirschhorn(7)""","""Tricia Canonico"",""Emily Francis"""
Larimer,City of Fort Collins Mayor,UPLOADED,137988,106-225-81,"""Emily Francis(7)""",""
Larimer,City of Fort Collins Mayor,UPLOADED,137990,106-225-100,"""Adam Eggleston(1)"",""Adam Eggleston(2)"",""Adam Eggleston(3)"",""Adam Eggleston(4)"",""Adam Eggleston(5)"",""Adam Eggleston(6)"",""Adam Eggleston(7)""","""Adam Eggleston"""
Larimer,City of Fort Collins Mayor,UPLOADED,137991,106-225-2,"""Emily Francis(1)"",""Scotty V VanTatenhove(2)"",""Jeffrey Shumway(3)"",""Adam Eggleston(4)"",""Tricia Canonico(5)"",""Shirley Peel(6)"",""Jeffrey Shumway(7)""","""Emily Francis"",""Scotty V VanTatenhove"",""Jeffrey Shumway"",""Adam Eggleston"",""Tricia Canonico"",""Shirley Peel"""
Larimer,City of Fort Collins Mayor,UPLOADED,138089,110-163-76,"""Emily Francis(1)"",""Adam Hirschhorn(2)"",""Tricia Canonico(3)"",""Scotty V VanTatenhove(4)"",""Jeffrey Shumway(5)"",""Jeffrey Shumway(6)"",""Adam Eggleston(7)""","""Emily Francis"",""Adam Hirschhorn"",""Tricia Canonico"",""Scotty V VanTatenhove"",""Jeffrey Shumway"""
Larimer,City of Fort Collins Mayor,UPLOADED,138090,110-163-2,"""Emily Francis(1)"",""Tricia Canonico(2)"",""Adam Eggleston(3)"",""Shirley Peel(4)"",""Jeffrey Shumway(7)""","""Emily Francis"",""Tricia Canonico"",""Adam Eggleston"",""Shirley Peel"""
Larimer,City of Fort Collins Mayor,UPLOADED,138091,110-163-25,"""Emily Francis(1)"",""Tricia Canonico(2)"",""Adam Eggleston(3)"",""Adam Hirschhorn(4)"",""Scotty V VanTatenhove(5)"",""Adam Hirschhorn(6)"",""Jeffrey Shumway(7)""","""Emily Francis"",""Tricia Canonico"",""Adam Eggleston"",""Adam Hirschhorn"",""Scotty V VanTatenhove"""
Larimer,City of Fort Collins Mayor,UPLOADED,138180,103-152-11,"""Tricia Canonico(1)"",""Emily Francis(2)"",""Adam Eggleston(3)"",""Scotty V VanTatenhove(6)"",""Shirley Peel(7)""","""Tricia Canonico"",""Emily Francis"",""Adam Eggleston"""
Larimer,City of Fort Collins Mayor,UPLOADED,138182,103-152-94,"""Emily Francis(1)"",""Tricia Canonico(2)"",""Scotty V VanTatenhove(3)"",""Adam Eggleston(4)"",""Adam Hirschhorn(5)"",""Shirley Peel(6)"",""Scotty V VanTatenhove(7)""","""Emily Francis"",""Tricia Canonico"",""Scotty V VanTatenhove"",""Adam Eggleston"",""Adam Hirschhorn"",""Shirley Peel"""
Larimer,City of Fort Collins Mayor,UPLOADED,138184,103-152-30,"""Jeffrey Shumway(1)"",""Tricia Canonico(2)"",""Adam Eggleston(3)"",""Shirley Peel(3)"",""Adam Hirschhorn(4)"",""Emily Francis(5)"",""Scotty V VanTatenhove(7)""","""Jeffrey Shumway"",""Tricia Canonico"""
Larimer,City of Fort Collins Mayor,UPLOADED,138190,103-152-81,"""Emily Francis(1)"",""Shirley Peel(2)"",""Tricia Canonico(3)"",""Adam Eggleston(4)"",""Shirley Peel(5)"",""Jeffrey Shumway(6)"",""Adam Hirschhorn(7)""","""Emily Francis"",""Shirley Peel"",""Tricia Canonico"",""Adam Eggleston"""
Larimer,City of Fort Collins Mayor,UPLOADED,138805,109-170-91,"""Tricia Canonico(1)"",""Adam Eggleston(2)"",""Emily Francis(3)"",""Shirley Peel(4)"",""Adam Hirschhorn(6)""","""Tricia Canonico"",""Adam Eggleston"",""Emily Francis"",""Shirley Peel"""
Larimer,City of Fort Collins Mayor,UPLOADED,138903,106-227-1,"""Jeffrey Shumway(1)"",""Adam Hirschhorn(7)""","""Jeffrey Shumway"""
Larimer,City of Fort Collins Mayor,UPLOADED,138904,106-227-67,"""Adam Eggleston(1)"",""Tricia Canonico(2)"",""Emily Francis(3)"",""Adam Hirschhorn(4)"",""Shirley Peel(5)"",""Adam Hirschhorn(6)"",""Shirley Peel(7)""","""Adam Eggleston"",""Tricia Canonico"",""Emily Francis"",""Adam Hirschhorn"",""Shirley Peel"""
Larimer,City of Fort Collins Mayor,UPLOADED,138905,106-227-75,"""Shirley Peel(1)"",""Adam Eggleston(2)"",""Jeffrey Shumway(3)"",""Emily Francis(7)""","""Shirley Peel"",""Adam Eggleston"",""Jeffrey Shumway"""
Larimer,City of Fort Collins Councilmember - District 1,UPLOADED,139004,112-202-95,"""Chris Conway(2)""",""
Larimer,City of Fort Collins Mayor,UPLOADED,139005,112-202-88,"""Emily Francis(1)"",""Tricia Canonico(7)""","""Emily Francis"""
Larimer,City of Fort Collins Mayor,UPLOADED,139006,112-202-41,"""Tricia Canonico(1)"",""Emily Francis(2)"",""Scotty V VanTatenhove(3)"",""Jeffrey Shumway(4)"",""Shirley Peel(5)"",""Adam Hirschhorn(6)"",""Jeffrey Shumway(7)""","""Tricia Canonico"",""Emily Francis"",""Scotty V VanTatenhove"",""Jeffrey Shumway"",""Shirley Peel"",""Adam Hirschhorn"""
Larimer,City of Fort Collins Mayor,UPLOADED,139098,104-177-15,"""Emily Francis(1)"",""Adam Hirschhorn(2)"",""Tricia Canonico(3)"",""Shirley Peel(4)"",""Scotty V VanTatenhove(5)"",""Adam Hirschhorn(6)"",""Jeffrey Shumway(7)""","""Emily Francis"",""Adam Hirschhorn"",""Tricia Canonico"",""Shirley Peel"",""Scotty V VanTatenhove"""
Larimer,City of Fort Collins Mayor,UPLOADED,139099,104-177-37,"""Emily Francis(1)"",""Tricia Canonico(2)"",""Adam Hirschhorn(3)"",""Jeffrey Shumway(4)"",""Adam Eggleston(7)"",""Shirley Peel(7)"",""Scotty V VanTatenhove(7)""","""Emily Francis"",""Tricia Canonico"",""Adam Hirschhorn"",""Jeffrey Shumway"""
Larimer,City of Fort Collins Mayor,UPLOADED,139100,104-177-9,"""Jeffrey Shumway(1)"",""Adam Eggleston(2)"",""Shirley Peel(3)"",""Scotty V VanTatenhove(4)"",""Tricia Canonico(7)""","""Jeffrey Shumway"",""Adam Eggleston"",""Shirley Peel"",""Scotty V VanTatenhove"""
Larimer,City of Fort Collins Mayor,UPLOADED,139102,104-177-51,"""Emily Francis(1)"",""Scotty V VanTatenhove(2)"",""Tricia Canonico(3)"",""Adam Eggleston(4)"",""Adam Hirschhorn(5)"",""Shirley Peel(6)"",""Shirley Peel(7)""","""Emily Francis"",""Scotty V VanTatenhove"",""Tricia Canonico"",""Adam Eggleston"",""Adam Hirschhorn"",""Shirley Peel"""
Larimer,City of Fort Collins Mayor,UPLOADED,139103,104-177-7,"""Emily Francis(1)"",""Jeffrey Shumway(7)""","""Emily Francis"""
Larimer,City of Fort Collins Mayor,UPLOADED,139105,104-177-80,"""Tricia Canonico(1)"",""Shirley Peel(2)"",""Adam Eggleston(3)"",""Emily Francis(4)"",""Jeffrey Shumway(5)"",""Emily Francis(6)"",""Scotty V VanTatenhove(7)""","""Tricia Canonico"",""Shirley Peel"",""Adam Eggleston"",""Emily Francis"",""Jeffrey Shumway"""
Larimer,City of Fort Collins Mayor,UPLOADED,139106,104-177-22,"""Tricia Canonico(1)"",""Emily Francis(2)"",""Adam Hirschhorn(3)"",""Adam Eggleston(4)"",""Shirley Peel(5)"",""Adam Eggleston(6)"",""Scotty V VanTatenhove(7)""","""Tricia Canonico"",""Emily Francis"",""Adam Hirschhorn"",""Adam Eggleston"",""Shirley Peel"""
Larimer,City of Fort Collins Mayor,UPLOADED,139200,105-210-9,"""Shirley Peel(1)"",""Adam Eggleston(2)"",""Adam Hirschhorn(3)"",""Jeffrey Shumway(4)"",""Scotty V VanTatenhove(5)"",""Tricia Canonico(7)""","""Shirley Peel"",""Adam Eggleston"",""Adam Hirschhorn"",""Jeffrey Shumway"",""Scotty V VanTatenhove"""
Larimer,City of Fort Collins Mayor,UPLOADED,139204,105-210-68,"""Emily Francis(1)"",""Adam Eggleston(2)"",""Tricia Canonico(3)"",""Shirley Peel(4)"",""Emily Francis(5)"",""Jeffrey Shumway(6)"",""Scotty V VanTatenhove(7)""","""Emily Francis"",""Adam Eggleston"",""Tricia Canonico"",""Shirley Peel"""
Larimer,City of Fort Collins Councilmember - District 1,UPLOADED,139205,105-210-56,"""Daisy Montgomery(1)"",""Chris Conway(2)"",""Daisy Montgomery(3)""","""Daisy Montgomery"",""Chris Conway"""
Larimer,City of Fort Collins Mayor,UPLOADED,139602,110-165-39,"""Shirley Peel(1)"",""Tricia Canonico(2)"",""Emily Francis(3)"",""Adam Hirschhorn(4)"",""Shirley Peel(5)"",""Scotty V VanTatenhove(6)"",""Jeffrey Shumway(7)""","""Shirley Peel"",""Tricia Canonico"",""Emily Francis"",""Adam Hirschhorn"""
Larimer,City of Fort Collins Mayor,UPLOADED,139604,110-165-7,"""Emily Francis(1)"",""Tricia Canonico(2)"",""Shirley Peel(3)"",""Adam Eggleston(4)"",""Scotty V VanTatenhove(5)"",""Adam Hirschhorn(6)"",""Adam Eggleston(7)""","""Emily Francis"",""Tricia Canonico"",""Shirley Peel"",""Adam Eggleston"",""Scotty V VanTatenhove"",""Adam Hirschhorn"""
Larimer,City of Fort Collins Mayor,UPLOADED,139696,111-189-36,"""Emily Francis(1)"",""Tricia Canonico(2)"",""Shirley Peel(3)"",""Adam Hirschhorn(4)"",""Jeffrey Shumway(5)"",""Scotty V VanTatenhove(6)"",""Adam Hirschhorn(7)""","""Emily Francis"",""Tricia Canonico"",""Shirley Peel"",""Adam Hirschhorn"",""Jeffrey Shumway"",""Scotty V VanTatenhove"""
Larimer,City of Fort Collins Mayor,UPLOADED,139697,111-189-45,"""Jeffrey Shumway(1)"",""Adam Hirschhorn(2)"",""Scotty V VanTatenhove(4)"",""Adam Eggleston(5)"",""Tricia Canonico(6)"",""Emily Francis(7)""","""Jeffrey Shumway"",""Adam Hirschhorn"""
Larimer,City of Fort Collins Mayor,UPLOADED,139699,111-189-91,"""Jeffrey Shumway(1)"",""Jeffrey Shumway(2)"",""Jeffrey Shumway(3)"",""Jeffrey Shumway(4)"",""Jeffrey Shumway(5)"",""Jeffrey Shumway(6)"",""Jeffrey Shumway(7)""","""Jeffrey Shumway"""
Larimer,City of Fort Collins Mayor,UPLOADED,139702,111-189-22,"""Emily Francis(1)"",""Tricia Canonico(2)"",""Jeffrey Shumway(7)""","""Emily Francis"",""Tricia Canonico"""
Larimer,City of Fort Collins Mayor,UPLOADED,139703,111-189-81,"""Emily Francis(1)"",""Scotty V VanTatenhove(7)""","""Emily Francis"""
Larimer,City of Fort Collins Mayor,UPLOADED,139896,112-204-5,"""Emily Francis(1)"",""Tricia Canonico(2)"",""Adam Eggleston(5)"",""Jeffrey Shumway(6)"",""Shirley Peel(7)""","""Emily Francis"",""Tricia Canonico"""
Larimer,City of Fort Collins Mayor,UPLOADED,139897,112-204-65,"""Emily Francis(1)"",""Adam Hirschhorn(2)"",""Tricia Canonico(3)"",""Emily Francis(4)""","""Emily Francis"",""Adam Hirschhorn"",""Tricia Canonico"""
Larimer,City of Fort Collins Mayor,UPLOADED,139898,112-204-31,"""Shirley Peel(1)"",""Adam Eggleston(2)"",""Emily Francis(3)"",""Tricia Canonico(4)"",""Scotty V VanTatenhove(5)"",""Emily Francis(6)"",""Jeffrey Shumway(7)""","""Shirley Peel"",""Adam Eggleston"",""Emily Francis"",""Tricia Canonico"",""Scotty V VanTatenhove"""
Larimer,City of Fort Collins Mayor,UPLOADED,139901,112-204-63,"""Shirley Peel(1)"",""Jeffrey Shumway(2)"",""Adam Eggleston(3)"",""Shirley Peel(4)"",""Scotty V VanTatenhove(5)"",""Tricia Canonico(6)"",""Emily Francis(7)""","""Shirley Peel"",""Jeffrey Shumway"",""Adam Eggleston"""
Larimer,City of Fort Collins Mayor,UPLOADED,142694,104-181-71,"""Tricia Canonico(1)"",""Adam Eggleston(2)"",""Emily Francis(3)"",""Shirley Peel(4)"",""Scotty V VanTatenhove(5)"",""Adam Hirschhorn(6)"",""Shirley Peel(7)""","""Tricia Canonico"",""Adam Eggleston"",""Emily Francis"",""Shirley Peel"",""Scotty V VanTatenhove"",""Adam Hirschhorn"""
Larimer,City of Fort Collins Mayor,UPLOADED,142695,104-181-34,"""Emily Francis(1)"",""Tricia Canonico(2)"",""Adam Hirschhorn(3)"",""Scotty V VanTatenhove(4)"",""Jeffrey Shumway(5)"",""Shirley Peel(6)"",""Jeffrey Shumway(7)""","""Emily Francis"",""Tricia Canonico"",""Adam Hirschhorn"",""Scotty V VanTatenhove"",""Jeffrey Shumway"",""Shirley Peel"""
Larimer,City of Fort Collins Mayor,UPLOADED,142696,104-181-25,"""Adam Hirschhorn(1)"",""Shirley Peel(2)"",""Jeffrey Shumway(7)""","""Adam Hirschhorn"",""Shirley Peel"""
Larimer,City of Fort Collins Mayor,UPLOADED,142888,111-194-26,"""Jeffrey Shumway(1)"",""Jeffrey Shumway(2)""","""Jeffrey Shumway"""
Larimer,City of Fort Collins Mayor,UPLOADED,142891,111-194-68,"""Emily Francis(1)"",""Tricia Canonico(2)"",""Adam Hirschhorn(3)"",""Scotty V VanTatenhove(4)"",""Shirley Peel(5)"",""Adam Eggleston(6)"",""Scotty V VanTatenhove(7)""","""Emily Francis"",""Tricia Canonico"",""Adam Hirschhorn"",""Scotty V VanTatenhove"",""Shirley Peel"",""Adam Eggleston"""
Larimer,City of Fort Collins Mayor,UPLOADED,142892,111-194-53,"""Shirley Peel(1)"",""Shirley Peel(2)""","""Shirley Peel"""
Larimer,City of Fort Collins Mayor,UPLOADED,142988,106-232-1,"""Emily Francis(1)"",""Adam Eggleston(2)"",""Scotty V VanTatenhove(3)"",""Tricia Canonico(4)"",""Adam Hirschhorn(5)"",""Adam Eggleston(6)"",""Jeffrey Shumway(7)""","""Emily Francis"",""Adam Eggleston"",""Scotty V VanTatenhove"",""Tricia Canonico"",""Adam Hirschhorn"""
Larimer,City of Fort Collins Mayor,UPLOADED,143083,103-157-22,"""Shirley Peel(1)"",""Jeffrey Shumway(2)"",""Emily Francis(3)"",""Adam Hirschhorn(4)"",""Scotty V VanTatenhove(5)"",""Tricia Canonico(6)"",""Emily Francis(7)""","""Shirley Peel"",""Jeffrey Shumway"",""Emily Francis"",""Adam Hirschhorn"",""Scotty V VanTatenhove"",""Tricia Canonico"""
Larimer,City of Fort Collins Mayor,UPLOADED,143084,103-157-3,"""Tricia Canonico(1)"",""Emily Francis(2)"",""Adam Hirschhorn(3)"",""Shirley Peel(4)"",""Scotty V VanTatenhove(6)"",""Jeffrey Shumway(7)""","""Tricia Canonico"",""Emily Francis"",""Adam Hirschhorn"",""Shirley Peel"""
Larimer,City of Fort Collins Mayor,UPLOADED,143086,103-157-39,"""Shirley Peel(1)"",""Shirley Peel(2)"",""Shirley Peel(3)"",""Shirley Peel(4)"",""Shirley Peel(5)"",""Shirley Peel(6)"",""Shirley Peel(7)""","""Shirley Peel"""
Larimer,City of Fort Collins Mayor,UPLOADED,143087,103-157-38,"""Shirley Peel(1)"",""Shirley Peel(2)"",""Shirley Peel(3)"",""Shirley Peel(4)"",""Shirley Peel(5)"",""Shirley Peel(6)"",""Shirley Peel(7)""","""Shirley Peel"""
Larimer,City of Fort Collins Mayor,UPLOADED,143088,103-157-2,"""Emily Francis(1)"",""Tricia Canonico(2)"",""Adam Hirschhorn(3)"",""Shirley Peel(4)"",""Scotty V VanTatenhove(5)"",""Adam Hirschhorn(6)"",""Jeffrey Shumway(7)""","""Emily Francis"",""Tricia Canonico"",""Adam Hirschhorn"",""Shirley Peel"",""Scotty V VanTatenhove"""
Larimer,City of Fort Collins Mayor,UPLOADED,143089,103-157-78,"""Tricia Canonico(1)"",""Emily Francis(2)"",""Adam Hirschhorn(3)"",""Scotty V VanTatenhove(4)"",""Shirley Peel(6)"",""Jeffrey Shumway(7)""","""Tricia Canonico"",""Emily Francis"",""Adam Hirschhorn"",""Scotty V VanTatenhove"""
Larimer,City of Fort Collins Mayor,UPLOADED,143090,103-157-45,"""Emily Francis(1)"",""Scotty V VanTatenhove(7)""","""Emily Francis"""
Larimer,City of Fort Collins Mayor,UPLOADED,143187,112-209-81,"""Emily Francis(1)"",""Tricia Canonico(2)"",""Shirley Peel(3)"",""Scotty V VanTatenhove(4)"",""Adam Hirschhorn(6)"",""Jeffrey Shumway(7)""","""Emily Francis"",""Tricia Canonico"",""Shirley Peel"",""Scotty V VanTatenhove"""
Larimer,City of Fort Collins Mayor,UPLOADED,143188,112-209-4,"""Jeffrey Shumway(1)"",""Shirley Peel(2)"",""Emily Francis(7)""","""Jeffrey Shumway"",""Shirley Peel"""
Larimer,City of Fort Collins Mayor,UPLOADED,143190,112-209-96,"""Tricia Canonico(1)"",""Emily Francis(2)"",""Adam Hirschhorn(3)"",""Scotty V VanTatenhove(4)"",""Shirley Peel(5)"",""Scotty V VanTatenhove(6)"",""Jeffrey Shumway(7)""","""Tricia Canonico"",""Emily Francis"",""Adam Hirschhorn"",""Scotty V VanTatenhove"",""Shirley Peel"""
Larimer,City of Fort Collins Mayor,UPLOADED,143484,105-217-3,"""Adam Eggleston(1)"",""Tricia Canonico(2)"",""Emily Francis(3)"",""Shirley Peel(5)"",""Scotty V VanTatenhove(6)"",""Adam Hirschhorn(7)""","""Adam Eggleston"",""Tricia Canonico"",""Emily Francis"""
Larimer,City of Fort Collins Mayor,UPLOADED,143485,105-217-43,"""Scotty V VanTatenhove(1)"",""Emily Francis(2)"",""Tricia Canonico(3)"",""Shirley Peel(4)"",""Adam Eggleston(5)"",""Shirley Peel(6)"",""Jeffrey Shumway(7)""","""Scotty V VanTatenhove"",""Emily Francis"",""Tricia Canonico"",""Shirley Peel"",""Adam Eggleston"""
Larimer,City of Fort Collins Mayor,UPLOADED,144279,109-175-5,"""Scotty V VanTatenhove(1)"",""Emily Francis(2)"",""Adam Eggleston(3)"",""Shirley Peel(4)"",""Tricia Canonico(5)"",""Jeffrey Shumway(6)"",""Shirley Peel(7)""","""Scotty V VanTatenhove"",""Emily Francis"",""Adam Eggleston"",""Shirley Peel"",""Tricia Canonico"",""Jeffrey Shumway"""
Larimer,City of Fort Collins Mayor,UPLOADED,144281,109-175-95,"""Jeffrey Shumway(1)"",""Scotty V VanTatenhove(2)"",""Shirley Peel(3)"",""Emily Francis(7)""","""Jeffrey Shumway"",""Scotty V VanTatenhove"",""Shirley Peel"""
Larimer,City of Fort Collins Mayor,UPLOADED,144282,109-175-50,"""Adam Hirschhorn(1)"",""Scotty V VanTatenhove(2)"",""Adam Eggleston(3)"",""Tricia Canonico(4)"",""Adam Eggleston(5)"",""Shirley Peel(6)"",""Jeffrey Shumway(7)""","""Adam Hirschhorn"",""Scotty V VanTatenhove"",""Adam Eggleston"",""Tricia Canonico"""
Larimer,City of Fort Collins Mayor,UPLOADED,144379,104-183-58,"""Shirley Peel(1)"",""Tricia Canonico(2)"",""Scotty V VanTatenhove(3)"",""Jeffrey Shumway(4)"",""Adam Hirschhorn(6)"",""Emily Francis(7)""","""Shirley Peel"",""Tricia Canonico"",""Scotty V VanTatenhove"",""Jeffrey Shumway"""
Larimer,City of Fort Collins Mayor,UPLOADED,144381,104-183-60,"""Emily Francis(1)"",""Tricia Canonico(2)"",""Shirley Peel(7)""","""Emily Francis"",""Tricia Canonico"""
Larimer,City of Fort Collins Mayor,UPLOADED,144477,110-170-33,"""Emily Francis(1)"",""Shirley Peel(2)"",""Tricia Canonico(3)"",""Adam Eggleston(4)"",""Jeffrey Shumway(6)"",""Scotty V VanTatenhove(6)"",""Adam Hirschhorn(7)""","""Emily Francis"",""Shirley Peel"",""Tricia Canonico"",""Adam Eggleston"""
Larimer,City of Fort Collins Mayor,UPLOADED,144480,110-170-20,"""Tricia Canonico(1)"",""Jeffrey Shumway(7)""","""Tricia Canonico"""
Larimer,City of Fort Collins Mayor,UPLOADED,144481,110-170-16,"""Shirley Peel(1)"",""Emily Francis(2)"",""Tricia Canonico(3)"",""Adam Eggleston(4)"",""Shirley Peel(5)"",""Jeffrey Shumway(6)"",""Scotty V VanTatenhove(7)""","""Shirley Peel"",""Emily Francis"",""Tricia Canonico"",""Adam Eggleston"""
Larimer,City of Fort Collins Mayor,UPLOADED,144482,110-170-81,"""Emily Francis(1)"",""Tricia Canonico(2)"",""Adam Eggleston(3)"",""Scotty V VanTatenhove(4)"",""Jeffrey Shumway(6)"",""Adam Hirschhorn(7)""","""Emily Francis"",""Tricia Canonico"",""Adam Eggleston"",""Scotty V VanTatenhove"""
Larimer,City of Fort Collins Mayor,UPLOADED,144641,112-211-13,"""Emily Francis(1)"",""Emily Francis(2)"",""Emily Francis(3)""","""Emily Francis"""
Larimer,City of Fort Collins Mayor,UPLOADED,144644,112-211-50,"""Emily Francis(1)"",""Tricia Canonico(2)"",""Shirley Peel(2)"",""Shirley Peel(3)"",""Adam Eggleston(4)"",""Scotty V VanTatenhove(5)"",""Adam Hirschhorn(6)"",""Jeffrey Shumway(7)""","""Emily Francis"""
Larimer,City of Fort Collins Mayor,UPLOADED,144645,112-211-61,"""Tricia Canonico(1)"",""Adam Hirschhorn(2)"",""Emily Francis(3)"",""Scotty V VanTatenhove(4)"",""Adam Eggleston(5)"",""Jeffrey Shumway(6)"",""Scotty V VanTatenhove(7)""","""Tricia Canonico"",""Adam Hirschhorn"",""Emily Francis"",""Scotty V VanTatenhove"",""Adam Eggleston"",""Jeffrey Shumway"""
Larimer,City of Fort Collins Mayor,UPLOADED,144646,112-211-84,"""Emily Francis(1)"",""Adam Hirschhorn(2)"",""Adam Eggleston(3)"",""Tricia Canonico(4)"",""Scotty V VanTatenhove(5)"",""Jeffrey Shumway(6)"",""Adam Hirschhorn(7)""","""Emily Francis"",""Adam Hirschhorn"",""Adam Eggleston"",""Tricia Canonico"",""Scotty V VanTatenhove"",""Jeffrey Shumway"""
Larimer,City of Fort Collins Mayor,UPLOADED,144647,112-211-69,"""Emily Francis(1)"",""Adam Hirschhorn(2)"",""Adam Eggleston(3)"",""Tricia Canonico(4)"",""Scotty V VanTatenhove(5)"",""Jeffrey Shumway(7)""","""Emily Francis"",""Adam Hirschhorn"",""Adam Eggleston"",""Tricia Canonico"",""Scotty V VanTatenhove"""
Larimer,City of Fort Collins Mayor,UPLOADED,144742,103-159-2,"""Emily Francis(1)"",""Adam Hirschhorn(2)"",""Shirley Peel(3)"",""Tricia Canonico(4)"",""Jeffrey Shumway(5)"",""Adam Eggleston(6)"",""Jeffrey Shumway(7)""","""Emily Francis"",""Adam Hirschhorn"",""Shirley Peel"",""Tricia Canonico"",""Jeffrey Shumway"",""Adam Eggleston"""
Larimer,City of Fort Collins Mayor,UPLOADED,144743,103-159-48,"""Emily Francis(1)"",""Tricia Canonico(2)"",""Adam Hirschhorn(3)"",""Adam Eggleston(4)"",""Scotty V VanTatenhove(5)"",""Adam Hirschhorn(6)"",""Jeffrey Shumway(7)""","""Emily Francis"",""Tricia Canonico"",""Adam Hirschhorn"",""Adam Eggleston"",""Scotty V VanTatenhove"""
Larimer,City of Fort Collins Mayor,UPLOADED,144744,103-159-38,"""Emily Francis(1)"",""Scotty V VanTatenhove(2)"",""Tricia Canonico(3)"",""Shirley Peel(6)"",""Jeffrey Shumway(7)""","""Emily Francis"",""Scotty V VanTatenhove"",""Tricia Canonico"""
Larimer,City of Fort Collins Mayor,UPLOADED,144745,103-159-45,"""Emily Francis(1)"",""Tricia Canonico(2)"",""Adam Hirschhorn(3)"",""Tricia Canonico(4)"",""Shirley Peel(5)"",""Jeffrey Shumway(6)"",""Scotty V VanTatenhove(7)""","""Emily Francis"",""Tricia Canonico"",""Adam Hirschhorn"""
Larimer,City of Fort Collins Councilmember - District 3,UPLOADED,144747,103-159-41,"""Lance Smith(1)"",""Josh Fudge(3)"",""Steve Yurash(3)""","""Lance Smith"""
Larimer,City of Fort Collins Mayor,UPLOADED,145241,111-198-41,"""Emily Francis(1)"",""Tricia Canonico(2)"",""Adam Eggleston(3)"",""Adam Hirschhorn(5)"",""Scotty V VanTatenhove(6)"",""Shirley Peel(7)""","""Emily Francis"",""Tricia Canonico"",""Adam Eggleston"""
Larimer,City of Fort Collins Mayor,UPLOADED,145244,111-198-94,"""Adam Hirschhorn(1)"",""Adam Eggleston(2)"",""Tricia Canonico(3)"",""Emily Francis(4)"",""Shirley Peel(5)"",""Tricia Canonico(6)"",""Jeffrey Shumway(7)""","""Adam Hirschhorn"",""Adam Eggleston"",""Tricia Canonico"",""Emily Francis"",""Shirley Peel"""
Larimer,City of Fort Collins Mayor,UPLOADED,145245,111-198-100,"""Jeffrey Shumway(1)"",""Tricia Canonico(2)"",""Shirley Peel(3)"",""Emily Francis(4)"",""Adam Hirschhorn(5)"",""Scotty V VanTatenhove(6)"",""Adam Hirschhorn(7)""","""Jeffrey Shumway"",""Tricia Canonico"",""Shirley Peel"",""Emily Francis"",""Adam Hirschhorn"",""Scotty V VanTatenhove"""
Larimer,City of Fort Collins Mayor,UPLOADED,145246,111-198-27,"""Shirley Peel(1)"",""Jeffrey Shumway(2)"",""Emily Francis(5)"",""Tricia Canonico(6)"",""Scotty V VanTatenhove(6)"",""Adam Eggleston(7)"",""Emily Francis(7)"",""Adam Hirschhorn(7)""","""Shirley Peel"",""Jeffrey Shumway"""
Larimer,City of Fort Collins Mayor,UPLOADED,145337,106-235-1,"""Adam Eggleston(1)"",""Emily Francis(2)"",""Shirley Peel(3)"",""Jeffrey Shumway(4)"",""Jeffrey Shumway(6)"",""Adam Hirschhorn(7)""","""Adam Eggleston"",""Emily Francis"",""Shirley Peel"",""Jeffrey Shumway"""
Larimer,City of Fort Collins Mayor,UPLOADED,145338,106-235-4,"""Scotty V VanTatenhove(1)"",""Emily Francis(2)"",""Tricia Canonico(3)"",""Shirley Peel(6)"",""Jeffrey Shumway(7)""","""Scotty V VanTatenhove"",""Emily Francis"",""Tricia Canonico"""
Larimer,City of Fort Collins Mayor,UPLOADED,145339,106-235-9,"""Emily Francis(1)"",""Emily Francis(2)"",""Emily Francis(3)"",""Emily Francis(4)"",""Emily Francis(5)"",""Emily Francis(6)"",""Tricia Canonico(7)"",""Adam Eggleston(7)"",""Adam Hirschhorn(7)"",""Shirley Peel(7)"",""Jeffrey Shumway(7)"",""Scotty V VanTatenhove(7)""","""Emily Francis"""
Larimer,City of Fort Collins Mayor,UPLOADED,145340,106-235-25,"""Jeffrey Shumway(1)"",""Tricia Canonico(7)"",""Adam Eggleston(7)"",""Emily Francis(7)"",""Adam Hirschhorn(7)"",""Shirley Peel(7)"",""Scotty V VanTatenhove(7)""","""Jeffrey Shumway"""
Larimer,City of Fort Collins Mayor,UPLOADED,145341,106-235-37,"""Emily Francis(1)"",""Tricia Canonico(2)"",""Scotty V VanTatenhove(3)"",""Shirley Peel(4)"",""Emily Francis(5)"",""Adam Hirschhorn(6)"",""Adam Eggleston(7)""","""Emily Francis"",""Tricia Canonico"",""Scotty V VanTatenhove"",""Shirley Peel"""
Larimer,City of Fort Collins Mayor,UPLOADED,145344,106-235-56,"""Jeffrey Shumway(1)"",""Tricia Canonico(7)"",""Adam Eggleston(7)"",""Emily Francis(7)"",""Adam Hirschhorn(7)"",""Shirley Peel(7)"",""Scotty V VanTatenhove(7)""","""Jeffrey Shumway"""
Larimer,City of Fort Collins Mayor,UPLOADED,145345,106-235-55,"""Jeffrey Shumway(1)"",""Tricia Canonico(7)"",""Adam Eggleston(7)"",""Emily Francis(7)"",""Adam Hirschhorn(7)"",""Shirley Peel(7)"",""Scotty V VanTatenhove(7)""","""Jeffrey Shumway"""
Larimer,City of Fort Collins Mayor,UPLOADED,145535,105-219-2,"""Tricia Canonico(1)"",""Tricia Canonico(3)"",""Adam Hirschhorn(3)"",""Jeffrey Shumway(3)"",""Tricia Canonico(5)""","""Tricia Canonico"""
Larimer,City of Fort Collins Mayor,UPLOADED,145536,105-219-19,"""Emily Francis(1)"",""Adam Eggleston(2)"",""Adam Hirschhorn(3)"",""Emily Francis(4)"",""Tricia Canonico(5)"",""Scotty V VanTatenhove(6)"",""Jeffrey Shumway(7)""","""Emily Francis"",""Adam Eggleston"",""Adam Hirschhorn"""
Larimer,City of Fort Collins Mayor,UPLOADED,145537,105-219-95,"""Adam Eggleston(1)"",""Adam Hirschhorn(2)"",""Jeffrey Shumway(3)"",""Emily Francis(4)"",""Scotty V VanTatenhove(5)"",""Jeffrey Shumway(6)"",""Tricia Canonico(7)""","""Adam Eggleston"",""Adam Hirschhorn"",""Jeffrey Shumway"",""Emily Francis"",""Scotty V VanTatenhove"""
Larimer,City of Fort Collins Mayor,UPLOADED,145538,105-219-3,"""Scotty V VanTatenhove(1)"",""Shirley Peel(2)"",""Scotty V VanTatenhove(3)"",""Tricia Canonico(4)"",""Adam Eggleston(5)"",""Emily Francis(6)"",""Adam Hirschhorn(7)""","""Scotty V VanTatenhove"",""Shirley Peel"""
Larimer,City of Fort Collins Mayor,UPLOADED,145541,105-219-98,"""Shirley Peel(1)"",""Jeffrey Shumway(2)"",""Adam Eggleston(3)"",""Scotty V VanTatenhove(4)"",""Emily Francis(5)"",""Adam Hirschhorn(6)"",""Scotty V VanTatenhove(7)""","""Shirley Peel"",""Jeffrey Shumway"",""Adam Eggleston"",""Scotty V VanTatenhove"",""Emily Francis"",""Adam Hirschhorn"""
Larimer,City of Fort Collins Mayor,UPLOADED,145542,105-219-72,"""Tricia Canonico(1)"",""Adam Hirschhorn(2)"",""Emily Francis(3)"",""Adam Eggleston(4)"",""Jeffrey Shumway(5)"",""Adam Hirschhorn(6)"",""Scotty V VanTatenhove(7)""","""Tricia Canonico"",""Adam Hirschhorn"",""Emily Francis"",""Adam Eggleston"",""Jeffrey Shumway"""
Larimer,City of Fort Collins Mayor,UPLOADED,145639,104-185-23,"""Emily Francis(1)"",""Tricia Canonico(2)"",""Adam Hirschhorn(3)"",""Scotty V VanTatenhove(4)"",""Jeffrey Shumway(7)""","""Emily Francis"",""Tricia Canonico"",""Adam Hirschhorn"",""Scotty V VanTatenhove"""
Larimer,City of Fort Collins Mayor,UPLOADED,145640,104-185-51,"""Shirley Peel(1)"",""Adam Eggleston(2)"",""Adam Hirschhorn(3)"",""Tricia Canonico(4)"",""Scotty V VanTatenhove(6)"",""Jeffrey Shumway(7)""","""Shirley Peel"",""Adam Eggleston"",""Adam Hirschhorn"",""Tricia Canonico"""
Larimer,City of Fort Collins Mayor,UPLOADED,145641,104-185-68,"""Shirley Peel(1)"",""Adam Eggleston(2)"",""Scotty V VanTatenhove(3)"",""Emily Francis(4)"",""Tricia Canonico(5)"",""Jeffrey Shumway(6)"",""Adam Eggleston(7)""","""Shirley Peel"",""Adam Eggleston"",""Scotty V VanTatenhove"",""Emily Francis"",""Tricia Canonico"",""Jeffrey Shumway"""
Larimer,City of Fort Collins Mayor,UPLOADED,145642,104-185-80,"""Jeffrey Shumway(1)"",""Shirley Peel(2)"",""Adam Eggleston(3)"",""Adam Hirschhorn(4)"",""Jeffrey Shumway(5)"",""Tricia Canonico(6)"",""Emily Francis(7)""","""Jeffrey Shumway"",""Shirley Peel"",""Adam Eggleston"",""Adam Hirschhorn"""
Larimer,City of Fort Collins Councilmember - District 3,UPLOADED,145643,104-185-53,"""Steve Yurash(1)"",""Steve Yurash(2)"",""Steve Yurash(3)""","""Steve Yurash"""
Larimer,City of Fort Collins Mayor,UPLOADED,145644,104-185-28,"""Tricia Canonico(1)"",""Adam Eggleston(2)"",""Shirley Peel(3)"",""Scotty V VanTatenhove(4)"",""Adam Eggleston(5)"",""Adam Hirschhorn(6)"",""Jeffrey Shumway(7)""","""Tricia Canonico"",""Adam Eggleston"",""Shirley Peel"",""Scotty V VanTatenhove"""
Larimer,City of Fort Collins Mayor,UPLOADED,146036,110-172-70,"""Shirley Peel(1)"",""Jeffrey Shumway(2)"",""Scotty V VanTatenhove(3)"",""Adam Hirschhorn(4)"",""Emily Francis(5)"",""Adam Eggleston(6)"",""Adam Hirschhorn(7)""","""Shirley Peel"",""Jeffrey Shumway"",""Scotty V VanTatenhove"",""Adam Hirschhorn"",""Emily Francis"",""Adam Eggleston"""
Larimer,City of Fort Collins Mayor,UPLOADED,146037,110-172-67,"""Jeffrey Shumway(1)"",""Shirley Peel(2)"",""Tricia Canonico(4)"",""Emily Francis(5)"",""Adam Eggleston(6)"",""Scotty V VanTatenhove(7)""","""Jeffrey Shumway"",""Shirley Peel"""
Larimer,City of Fort Collins Mayor,UPLOADED,146041,110-172-54,"""Emily Francis(1)"",""Adam Hirschhorn(2)"",""Tricia Canonico(3)"",""Scotty V VanTatenhove(4)"",""Adam Hirschhorn(5)""","""Emily Francis"",""Adam Hirschhorn"",""Tricia Canonico"",""Scotty V VanTatenhove"""
Larimer,City of Fort Collins Mayor,UPLOADED,146042,110-172-87,"""Adam Eggleston(1)"",""Emily Francis(2)"",""Jeffrey Shumway(3)"",""Adam Hirschhorn(4)"",""Scotty V VanTatenhove(5)"",""Tricia Canonico(6)"",""Tricia Canonico(7)""","""Adam Eggleston"",""Emily Francis"",""Jeffrey Shumway"",""Adam Hirschhorn"",""Scotty V VanTatenhove"",""Tricia Canonico"""
Larimer,City of Fort Collins Mayor,UPLOADED,146043,110-172-72,"""Emily Francis(1)"",""Tricia Canonico(2)"",""Scotty V VanTatenhove(3)"",""Tricia Canonico(4)"",""Adam Hirschhorn(5)"",""Shirley Peel(6)"",""Jeffrey Shumway(7)""","""Emily Francis"",""Tricia Canonico"",""Scotty V VanTatenhove"""
Larimer,City of Fort Collins Mayor,UPLOADED,146044,110-172-76,"""Adam Eggleston(1)"",""Tricia Canonico(2)"",""Scotty V VanTatenhove(3)"",""Shirley Peel(4)"",""Adam Hirschhorn(5)"",""Jeffrey Shumway(6)"",""Adam Hirschhorn(7)""","""Adam Eggleston"",""Tricia Canonico"",""Scotty V VanTatenhove"",""Shirley Peel"",""Adam Hirschhorn"",""Jeffrey Shumway"""
Larimer,City of Fort Collins Mayor,UPLOADED,146340,111-200-5,"""Shirley Peel(1)"",""Shirley Peel(2)"",""Shirley Peel(3)"",""Shirley Peel(4)"",""Shirley Peel(5)"",""Shirley Peel(6)"",""Shirley Peel(7)""","""Shirley Peel"""
Larimer,City of Fort Collins Mayor,UPLOADED,146437,109-177-4,"""Tricia Canonico(1)"",""Adam Eggleston(2)"",""Emily Francis(3)"",""Jeffrey Shumway(4)"",""Jeffrey Shumway(5)"",""Shirley Peel(6)"",""Adam Hirschhorn(7)""","""Tricia Canonico"",""Adam Eggleston"",""Emily Francis"",""Jeffrey Shumway"""
Larimer,City of Fort Collins Mayor,UPLOADED,146439,109-177-24,"""Adam Hirschhorn(1)"",""Tricia Canonico(2)"",""Scotty V VanTatenhove(3)"",""Emily Francis(4)"",""Jeffrey Shumway(5)"",""Shirley Peel(7)""","""Adam Hirschhorn"",""Tricia Canonico"",""Scotty V VanTatenhove"",""Emily Francis"",""Jeffrey Shumway"""
Larimer,City of Fort Collins Mayor,UPLOADED,146440,109-177-27,"""Emily Francis(1)"",""Adam Hirschhorn(7)""","""Emily Francis"""
Larimer,City of Fort Collins Mayor,UPLOADED,146441,109-177-7,"""Shirley Peel(1)"",""Shirley Peel(2)"",""Jeffrey Shumway(3)"",""Tricia Canonico(4)"",""Shirley Peel(5)"",""Shirley Peel(6)"",""Shirley Peel(7)""","""Shirley Peel"""
Larimer,City of Fort Collins Mayor,UPLOADED,146443,109-177-9,"""Tricia Canonico(1)"",""Emily Francis(2)"",""Shirley Peel(3)"",""Jeffrey Shumway(4)"",""Scotty V VanTatenhove(5)"",""Adam Hirschhorn(7)""","""Tricia Canonico"",""Emily Francis"",""Shirley Peel"",""Jeffrey Shumway"",""Scotty V VanTatenhove"""
Larimer,City of Fort Collins Mayor,UPLOADED,146444,109-177-37,"""Emily Francis(1)"",""Tricia Canonico(2)"",""Adam Hirschhorn(3)"",""Tricia Canonico(4)"",""Adam Eggleston(4)""","""Emily Francis"",""Tricia Canonico"",""Adam Hirschhorn"",""Adam Eggleston"""
Larimer,City of Fort Collins Mayor,UPLOADED,146538,112-214-95,"""Emily Francis(1)"",""Adam Eggleston(2)"",""Adam Hirschhorn(3)"",""Tricia Canonico(4)"",""Adam Eggleston(5)""","""Emily Francis"",""Adam Eggleston"",""Adam Hirschhorn"",""Tricia Canonico"""
Larimer,City of Fort Collins Mayor,UPLOADED,146539,112-214-10,"""Shirley Peel(1)"",""Jeffrey Shumway(1)""",""
Larimer,City of Fort Collins Mayor,UPLOADED,149912,106-242-77,"""Emily Francis(1)"",""Tricia Canonico(2)"",""Shirley Peel(3)"",""Scotty V VanTatenhove(7)""","""Emily Francis"",""Tricia Canonico"",""Shirley Peel"""
Larimer,City of Fort Collins Mayor,UPLOADED,146541,112-214-71,"""Jeffrey Shumway(1)"",""Adam Hirschhorn(2)"",""Jeffrey Shumway(3)"",""Adam Eggleston(4)"",""Scotty V VanTatenhove(5)"",""Tricia Canonico(6)"",""Shirley Peel(7)""","""Jeffrey Shumway"",""Adam Hirschhorn"""
Larimer,City of Fort Collins Mayor,UPLOADED,146544,112-214-60,"""Tricia Canonico(7)"",""Adam Eggleston(7)"",""Emily Francis(7)"",""Adam Hirschhorn(7)"",""Shirley Peel(7)"",""Jeffrey Shumway(7)"",""Scotty V VanTatenhove(7)""",""
Larimer,City of Fort Collins Councilmember - District 1,UPLOADED,146544,112-214-60,"""Chris Conway(3)"",""Susan Gutowsky(3)"",""Daisy Montgomery(3)""",""
Larimer,City of Fort Collins Mayor,UPLOADED,148097,110-175-43,"""Emily Francis(1)"",""Emily Francis(2)"",""Emily Francis(3)"",""Emily Francis(4)"",""Emily Francis(5)"",""Emily Francis(6)"",""Emily Francis(7)""","""Emily Francis"""
Larimer,City of Fort Collins Mayor,UPLOADED,148098,110-175-49,"""Jeffrey Shumway(1)"",""Tricia Canonico(2)"",""Shirley Peel(3)"",""Adam Hirschhorn(4)"",""Emily Francis(5)"",""Jeffrey Shumway(6)"",""Scotty V VanTatenhove(6)"",""Scotty V VanTatenhove(7)""","""Jeffrey Shumway"",""Tricia Canonico"",""Shirley Peel"",""Adam Hirschhorn"",""Emily Francis"",""Scotty V VanTatenhove"""
Larimer,City of Fort Collins Mayor,UPLOADED,148099,110-175-44,"""Emily Francis(1)"",""Emily Francis(2)"",""Emily Francis(3)"",""Emily Francis(4)"",""Emily Francis(5)"",""Emily Francis(6)"",""Emily Francis(7)""","""Emily Francis"""
Larimer,City of Fort Collins Mayor,UPLOADED,148100,110-175-80,"""Shirley Peel(1)"",""Tricia Canonico(2)"",""Adam Hirschhorn(3)"",""Emily Francis(4)"",""Scotty V VanTatenhove(5)"",""Adam Hirschhorn(6)"",""Jeffrey Shumway(7)""","""Shirley Peel"",""Tricia Canonico"",""Adam Hirschhorn"",""Emily Francis"",""Scotty V VanTatenhove"""
Larimer,City of Fort Collins Mayor,UPLOADED,148101,110-175-76,"""Tricia Canonico(1)"",""Emily Francis(2)"",""Adam Eggleston(3)"",""Adam Hirschhorn(3)"",""Shirley Peel(4)"",""Scotty V VanTatenhove(6)"",""Jeffrey Shumway(7)""","""Tricia Canonico"",""Emily Francis"""
Larimer,City of Fort Collins Mayor,UPLOADED,148102,110-175-70,"""Tricia Canonico(1)"",""Emily Francis(2)"",""Adam Eggleston(3)"",""Shirley Peel(7)""","""Tricia Canonico"",""Emily Francis"",""Adam Eggleston"""
Larimer,City of Fort Collins Mayor,UPLOADED,148104,110-175-48,"""Emily Francis(1)"",""Tricia Canonico(2)"",""Adam Hirschhorn(3)"",""Shirley Peel(4)"",""Shirley Peel(5)"",""Adam Eggleston(6)"",""Jeffrey Shumway(7)"",""Scotty V VanTatenhove(7)""","""Emily Francis"",""Tricia Canonico"",""Adam Hirschhorn"",""Shirley Peel"""
Larimer,City of Fort Collins Mayor,UPLOADED,148302,111-204-34,"""Emily Francis(1)"",""Tricia Canonico(2)"",""Scotty V VanTatenhove(3)"",""Adam Hirschhorn(4)"",""Shirley Peel(5)"",""Jeffrey Shumway(7)""","""Emily Francis"",""Tricia Canonico"",""Scotty V VanTatenhove"",""Adam Hirschhorn"",""Shirley Peel"""
Larimer,City of Fort Collins Mayor,UPLOADED,148398,109-179-65,"""Shirley Peel(1)"",""Shirley Peel(2)"",""Shirley Peel(3)"",""Shirley Peel(4)"",""Shirley Peel(5)"",""Shirley Peel(6)"",""Shirley Peel(7)""","""Shirley Peel"""
Larimer,City of Fort Collins Mayor,UPLOADED,148399,109-179-32,"""Emily Francis(1)"",""Tricia Canonico(2)"",""Shirley Peel(5)"",""Jeffrey Shumway(6)"",""Scotty V VanTatenhove(7)""","""Emily Francis"",""Tricia Canonico"""
Larimer,City of Fort Collins Mayor,UPLOADED,148400,109-179-16,"""Emily Francis(1)"",""Tricia Canonico(2)"",""Scotty V VanTatenhove(3)"",""Jeffrey Shumway(7)""","""Emily Francis"",""Tricia Canonico"",""Scotty V VanTatenhove"""
Larimer,City of Fort Collins Mayor,UPLOADED,148401,109-179-33,"""Emily Francis(1)"",""Tricia Canonico(2)"",""Shirley Peel(5)"",""Jeffrey Shumway(6)"",""Scotty V VanTatenhove(7)""","""Emily Francis"",""Tricia Canonico"""
Larimer,City of Fort Collins Mayor,UPLOADED,148402,109-179-78,"""Tricia Canonico(1)"",""Scotty V VanTatenhove(2)"",""Adam Eggleston(3)"",""Shirley Peel(4)"",""Emily Francis(5)"",""Scotty V VanTatenhove(6)"",""Jeffrey Shumway(7)""","""Tricia Canonico"",""Scotty V VanTatenhove"",""Adam Eggleston"",""Shirley Peel"",""Emily Francis"""
Larimer,City of Fort Collins Mayor,UPLOADED,148403,109-179-35,"""Emily Francis(1)"",""Tricia Canonico(2)"",""Shirley Peel(5)"",""Jeffrey Shumway(6)"",""Scotty V VanTatenhove(7)""","""Emily Francis"",""Tricia Canonico"""
Larimer,City of Fort Collins Mayor,UPLOADED,149543,105-226-69,"""Adam Eggleston(1)"",""Shirley Peel(2)"",""Tricia Canonico(3)"",""Emily Francis(4)"",""Scotty V VanTatenhove(5)"",""Tricia Canonico(6)"",""Adam Hirschhorn(7)""","""Adam Eggleston"",""Shirley Peel"",""Tricia Canonico"",""Emily Francis"",""Scotty V VanTatenhove"""
Larimer,City of Fort Collins Mayor,UPLOADED,149544,105-226-42,"""Adam Eggleston(1)"",""Adam Hirschhorn(2)"",""Shirley Peel(2)"",""Jeffrey Shumway(3)"",""Tricia Canonico(5)"",""Emily Francis(6)"",""Adam Hirschhorn(7)""","""Adam Eggleston"""
Larimer,City of Fort Collins Mayor,UPLOADED,149706,109-181-16,"""Tricia Canonico(1)"",""Emily Francis(2)"",""Scotty V VanTatenhove(3)"",""Adam Hirschhorn(4)"",""Adam Eggleston(5)"",""Shirley Peel(6)"",""Scotty V VanTatenhove(7)""","""Tricia Canonico"",""Emily Francis"",""Scotty V VanTatenhove"",""Adam Hirschhorn"",""Adam Eggleston"",""Shirley Peel"""
Larimer,City of Fort Collins Mayor,UPLOADED,149711,109-181-72,"""Jeffrey Shumway(1)"",""Shirley Peel(2)"",""Adam Eggleston(3)"",""Scotty V VanTatenhove(4)"",""Emily Francis(5)"",""Adam Eggleston(6)"",""Tricia Canonico(7)""","""Jeffrey Shumway"",""Shirley Peel"",""Adam Eggleston"",""Scotty V VanTatenhove"",""Emily Francis"""
Larimer,City of Fort Collins Mayor,UPLOADED,149712,109-181-71,"""Jeffrey Shumway(1)"",""Tricia Canonico(2)"",""Adam Hirschhorn(3)"",""Adam Eggleston(4)"",""Emily Francis(5)"",""Scotty V VanTatenhove(6)"",""Adam Hirschhorn(7)""","""Jeffrey Shumway"",""Tricia Canonico"",""Adam Hirschhorn"",""Adam Eggleston"",""Emily Francis"",""Scotty V VanTatenhove"""
Larimer,City of Fort Collins Mayor,UPLOADED,149714,109-181-82,"""Emily Francis(1)"",""Adam Hirschhorn(2)"",""Tricia Canonico(3)"",""Jeffrey Shumway(4)"",""Shirley Peel(5)"",""Jeffrey Shumway(6)"",""Scotty V VanTatenhove(7)""","""Emily Francis"",""Adam Hirschhorn"",""Tricia Canonico"",""Jeffrey Shumway"",""Shirley Peel"""
Larimer,City of Fort Collins Mayor,UPLOADED,149805,111-206-17,"""Adam Eggleston(1)"",""Shirley Peel(2)"",""Scotty V VanTatenhove(3)"",""Jeffrey Shumway(4)"",""Tricia Canonico(5)"",""Jeffrey Shumway(6)"",""Emily Francis(7)""","""Adam Eggleston"",""Shirley Peel"",""Scotty V VanTatenhove"",""Jeffrey Shumway"",""Tricia Canonico"""
Larimer,City of Fort Collins Mayor,UPLOADED,149806,111-206-45,"""Jeffrey Shumway(1)"",""Adam Hirschhorn(2)"",""Shirley Peel(3)"",""Tricia Canonico(4)"",""Scotty V VanTatenhove(5)"",""Adam Hirschhorn(6)"",""Emily Francis(7)""","""Jeffrey Shumway"",""Adam Hirschhorn"",""Shirley Peel"",""Tricia Canonico"",""Scotty V VanTatenhove"""
Larimer,City of Fort Collins Mayor,UPLOADED,149807,111-206-52,"""Emily Francis(1)"",""Tricia Canonico(2)"",""Adam Hirschhorn(3)"",""Adam Eggleston(4)"",""Scotty V VanTatenhove(4)"",""Shirley Peel(5)"",""Jeffrey Shumway(7)""","""Emily Francis"",""Tricia Canonico"",""Adam Hirschhorn"""
Larimer,City of Fort Collins Mayor,UPLOADED,149808,111-206-1,"""Shirley Peel(1)"",""Tricia Canonico(2)"",""Emily Francis(3)"",""Adam Eggleston(7)""","""Shirley Peel"",""Tricia Canonico"",""Emily Francis"""
Larimer,City of Fort Collins Mayor,UPLOADED,149810,111-206-20,"""Shirley Peel(1)"",""Jeffrey Shumway(2)"",""Scotty V VanTatenhove(3)"",""Adam Eggleston(4)"",""Emily Francis(5)"",""Tricia Canonico(6)"",""Adam Eggleston(7)""","""Shirley Peel"",""Jeffrey Shumway"",""Scotty V VanTatenhove"",""Adam Eggleston"",""Emily Francis"",""Tricia Canonico"""
Larimer,City of Fort Collins Mayor,UPLOADED,149814,111-206-99,"""Shirley Peel(1)"",""Jeffrey Shumway(2)"",""Adam Eggleston(3)"",""Scotty V VanTatenhove(4)"",""Adam Hirschhorn(5)"",""Tricia Canonico(6)"",""Adam Eggleston(7)""","""Shirley Peel"",""Jeffrey Shumway"",""Adam Eggleston"",""Scotty V VanTatenhove"",""Adam Hirschhorn"",""Tricia Canonico"""
Larimer,City of Fort Collins Mayor,UPLOADED,150012,104-190-57,"""Emily Francis(2)"",""Tricia Canonico(3)"",""Shirley Peel(4)"",""Adam Hirschhorn(5)"",""Scotty V VanTatenhove(6)"",""Jeffrey Shumway(7)""",""
Larimer,City of Fort Collins Mayor,UPLOADED,150013,104-190-53,"""Emily Francis(1)"",""Scotty V VanTatenhove(2)"",""Emily Francis(3)"",""Tricia Canonico(4)"",""Adam Eggleston(5)"",""Adam Hirschhorn(6)"",""Jeffrey Shumway(7)""","""Emily Francis"",""Scotty V VanTatenhove"""
Larimer,City of Fort Collins Mayor,UPLOADED,150014,104-190-45,"""Emily Francis(1)"",""Scotty V VanTatenhove(2)"",""Shirley Peel(3)"",""Tricia Canonico(4)"",""Adam Eggleston(5)"",""Jeffrey Shumway(6)"",""Adam Eggleston(7)""","""Emily Francis"",""Scotty V VanTatenhove"",""Shirley Peel"",""Tricia Canonico"",""Adam Eggleston"",""Jeffrey Shumway"""
Larimer,City of Fort Collins Mayor,UPLOADED,150111,110-178-26,"""Tricia Canonico(1)"",""Scotty V VanTatenhove(2)"",""Emily Francis(3)"",""Jeffrey Shumway(7)""","""Tricia Canonico"",""Scotty V VanTatenhove"",""Emily Francis"""
Larimer,City of Fort Collins Mayor,UPLOADED,150112,110-178-79,"""Jeffrey Shumway(1)"",""Shirley Peel(2)"",""Adam Eggleston(3)"",""Tricia Canonico(4)"",""Emily Francis(5)"",""Scotty V VanTatenhove(6)"",""Scotty V VanTatenhove(7)""","""Jeffrey Shumway"",""Shirley Peel"",""Adam Eggleston"",""Tricia Canonico"",""Emily Francis"",""Scotty V VanTatenhove"""
Larimer,City of Fort Collins Mayor,UPLOADED,150113,110-178-66,"""Emily Francis(1)"",""Tricia Canonico(2)"",""Scotty V VanTatenhove(7)""","""Emily Francis"",""Tricia Canonico"""
Larimer,City of Fort Collins Mayor,UPLOADED,150114,110-178-84,"""Tricia Canonico(1)"",""Emily Francis(2)"",""Adam Hirschhorn(3)"",""Adam Eggleston(4)"",""Adam Hirschhorn(5)"",""Jeffrey Shumway(6)"",""Scotty V VanTatenhove(7)""","""Tricia Canonico"",""Emily Francis"",""Adam Hirschhorn"",""Adam Eggleston"""
Larimer,City of Fort Collins Mayor,UPLOADED,150599,103-164-19,"""Tricia Canonico(1)"",""Shirley Peel(2)"",""Emily Francis(3)"",""Jeffrey Shumway(4)"",""Adam Hirschhorn(7)""","""Tricia Canonico"",""Shirley Peel"",""Emily Francis"",""Jeffrey Shumway"""
Larimer,City of Fort Collins Mayor,UPLOADED,150600,103-164-62,"""Emily Francis(1)"",""Tricia Canonico(2)"",""Shirley Peel(3)"",""Scotty V VanTatenhove(3)"",""Shirley Peel(4)""","""Emily Francis"",""Tricia Canonico"""
Larimer,City of Fort Collins Mayor,UPLOADED,150601,103-164-34,"""Emily Francis(1)"",""Adam Hirschhorn(2)"",""Tricia Canonico(3)"",""Shirley Peel(4)"",""Jeffrey Shumway(7)""","""Emily Francis"",""Adam Hirschhorn"",""Tricia Canonico"",""Shirley Peel"""
Larimer,City of Fort Collins Mayor,UPLOADED,150695,105-228-48,"""Tricia Canonico(1)"",""Tricia Canonico(2)"",""Tricia Canonico(3)""","""Tricia Canonico"""
Larimer,City of Fort Collins Mayor,UPLOADED,150697,105-228-96,"""Emily Francis(1)"",""Adam Eggleston(2)"",""Jeffrey Shumway(3)"",""Scotty V VanTatenhove(4)"",""Tricia Canonico(5)"",""Adam Hirschhorn(6)"",""Scotty V VanTatenhove(7)""","""Emily Francis"",""Adam Eggleston"",""Jeffrey Shumway"",""Scotty V VanTatenhove"",""Tricia Canonico"",""Adam Hirschhorn"""
Larimer,City of Fort Collins Councilmember - District 3,UPLOADED,150698,105-228-15,"""Steve Yurash(1)"",""Josh Fudge(3)""","""Steve Yurash"""
Larimer,City of Fort Collins Mayor,UPLOADED,150701,105-228-58,"""Shirley Peel(1)"",""Jeffrey Shumway(1)"",""Shirley Peel(2)""",""
Larimer,City of Fort Collins Mayor,UPLOADED,150793,106-245-1,"""Tricia Canonico(1)"",""Adam Eggleston(2)"",""Emily Francis(3)"",""Adam Hirschhorn(5)"",""Shirley Peel(6)"",""Scotty V VanTatenhove(6)"",""Jeffrey Shumway(7)""","""Tricia Canonico"",""Adam Eggleston"",""Emily Francis"""
Larimer,City of Fort Collins Mayor,UPLOADED,150794,106-245-68,"""Tricia Canonico(1)"",""Adam Hirschhorn(2)"",""Shirley Peel(3)"",""Adam Hirschhorn(4)"",""Scotty V VanTatenhove(5)"",""Jeffrey Shumway(6)"",""Emily Francis(7)""","""Tricia Canonico"",""Adam Hirschhorn"",""Shirley Peel"""
Larimer,City of Fort Collins Mayor,UPLOADED,150799,106-245-19,"""Emily Francis(1)"",""Tricia Canonico(2)"",""Scotty V VanTatenhove(2)"",""Tricia Canonico(3)"",""Adam Eggleston(4)"",""Adam Hirschhorn(5)"",""Shirley Peel(6)"",""Jeffrey Shumway(7)""","""Emily Francis"""
Larimer,City of Fort Collins Mayor,UPLOADED,150800,106-245-56,"""Tricia Canonico(1)"",""Emily Francis(2)"",""Adam Eggleston(3)"",""Adam Hirschhorn(4)"",""Shirley Peel(5)"",""Jeffrey Shumway(6)"",""Adam Hirschhorn(7)""","""Tricia Canonico"",""Emily Francis"",""Adam Eggleston"",""Adam Hirschhorn"",""Shirley Peel"",""Jeffrey Shumway"""
Larimer,City of Fort Collins Councilmember - District 1,UPLOADED,150801,106-245-91,"""Daisy Montgomery(1)"",""Chris Conway(2)"",""Daisy Montgomery(3)""","""Daisy Montgomery"",""Chris Conway"""
Larimer,City of Fort Collins Mayor,UPLOADED,151123,105-230-9,"""Scotty V VanTatenhove(2)"",""Jeffrey Shumway(3)"",""Shirley Peel(4)"",""Adam Hirschhorn(5)"",""Emily Francis(6)"",""Tricia Canonico(7)"",""Adam Eggleston(7)""",""
Larimer,City of Fort Collins Mayor,UPLOADED,151125,105-230-14,"""Shirley Peel(1)"",""Emily Francis(2)"",""Tricia Canonico(3)"",""Jeffrey Shumway(4)"",""Scotty V VanTatenhove(5)"",""Adam Hirschhorn(6)"",""Emily Francis(7)""","""Shirley Peel"",""Emily Francis"",""Tricia Canonico"",""Jeffrey Shumway"",""Scotty V VanTatenhove"",""Adam Hirschhorn"""
Larimer,City of Fort Collins Mayor,UPLOADED,151219,111-208-66,"""Emily Francis(1)"",""Tricia Canonico(2)"",""Adam Hirschhorn(3)"",""Shirley Peel(4)"",""Jeffrey Shumway(5)"",""Scotty V VanTatenhove(6)"",""Adam Hirschhorn(7)""","""Emily Francis"",""Tricia Canonico"",""Adam Hirschhorn"",""Shirley Peel"",""Jeffrey Shumway"",""Scotty V VanTatenhove"""
Larimer,City of Fort Collins Councilmember - District 3,UPLOADED,151220,111-208-6,"""Steve Yurash(3)""",""
Larimer,City of Fort Collins Mayor,UPLOADED,151221,111-208-94,"""Tricia Canonico(1)"",""Emily Francis(2)"",""Shirley Peel(3)"",""Jeffrey Shumway(4)"",""Adam Eggleston(5)"",""Jeffrey Shumway(6)"",""Scotty V VanTatenhove(7)""","""Tricia Canonico"",""Emily Francis"",""Shirley Peel"",""Jeffrey Shumway"",""Adam Eggleston"""
Larimer,City of Fort Collins Mayor,UPLOADED,151224,111-208-42,"""Emily Francis(1)"",""Tricia Canonico(2)"",""Adam Hirschhorn(3)"",""Shirley Peel(4)"",""Jeffrey Shumway(5)"",""Scotty V VanTatenhove(6)"",""Adam Hirschhorn(7)""","""Emily Francis"",""Tricia Canonico"",""Adam Hirschhorn"",""Shirley Peel"",""Jeffrey Shumway"",""Scotty V VanTatenhove"""
Larimer,City of Fort Collins Mayor,UPLOADED,151418,112-217-57,"""Emily Francis(1)"",""Tricia Canonico(2)"",""Adam Hirschhorn(3)"",""Scotty V VanTatenhove(4)"",""Shirley Peel(5)"",""Adam Eggleston(6)"",""Adam Hirschhorn(7)""","""Emily Francis"",""Tricia Canonico"",""Adam Hirschhorn"",""Scotty V VanTatenhove"",""Shirley Peel"",""Adam Eggleston"""
Larimer,City of Fort Collins Mayor,UPLOADED,151420,112-217-8,"""Emily Francis(1)"",""Scotty V VanTatenhove(2)"",""Tricia Canonico(3)"",""Adam Eggleston(4)"",""Adam Eggleston(5)"",""Jeffrey Shumway(6)"",""Shirley Peel(7)""","""Emily Francis"",""Scotty V VanTatenhove"",""Tricia Canonico"",""Adam Eggleston"""
Larimer,City of Fort Collins Mayor,UPLOADED,151421,112-217-55,"""Shirley Peel(1)"",""Emily Francis(2)"",""Tricia Canonico(3)"",""Jeffrey Shumway(4)"",""Shirley Peel(5)"",""Jeffrey Shumway(6)"",""Adam Hirschhorn(7)""","""Shirley Peel"",""Emily Francis"",""Tricia Canonico"",""Jeffrey Shumway"""
Larimer,City of Fort Collins Mayor,UPLOADED,151422,112-217-86,"""Shirley Peel(1)"",""Jeffrey Shumway(2)"",""Scotty V VanTatenhove(3)"",""Adam Eggleston(4)"",""Tricia Canonico(6)"",""Emily Francis(7)""","""Shirley Peel"",""Jeffrey Shumway"",""Scotty V VanTatenhove"",""Adam Eggleston"""
Larimer,City of Fort Collins Mayor,UPLOADED,151423,112-217-72,"""Shirley Peel(1)"",""Tricia Canonico(2)"",""Adam Eggleston(3)"",""Emily Francis(4)"",""Jeffrey Shumway(5)"",""Shirley Peel(6)"",""Adam Hirschhorn(7)""","""Shirley Peel"",""Tricia Canonico"",""Adam Eggleston"",""Emily Francis"",""Jeffrey Shumway"""
Larimer,City of Fort Collins Mayor,UPLOADED,151424,112-217-19,"""Emily Francis(1)"",""Tricia Canonico(2)"",""Adam Eggleston(3)"",""Emily Francis(4)"",""Adam Hirschhorn(5)"",""Jeffrey Shumway(6)"",""Shirley Peel(7)""","""Emily Francis"",""Tricia Canonico"",""Adam Eggleston"""
Larimer,City of Fort Collins Mayor,UPLOADED,151517,109-183-11,"""Emily Francis(1)"",""Scotty V VanTatenhove(2)"",""Shirley Peel(3)"",""Emily Francis(4)""","""Emily Francis"",""Scotty V VanTatenhove"",""Shirley Peel"""
Larimer,City of Fort Collins Mayor,UPLOADED,151518,109-183-59,"""Emily Francis(1)"",""Shirley Peel(2)"",""Adam Eggleston(3)"",""Tricia Canonico(4)"",""Adam Hirschhorn(5)"",""Shirley Peel(6)"",""Scotty V VanTatenhove(7)""","""Emily Francis"",""Shirley Peel"",""Adam Eggleston"",""Tricia Canonico"",""Adam Hirschhorn"""
Larimer,City of Fort Collins Mayor,UPLOADED,151519,109-183-73,"""Tricia Canonico(1)"",""Emily Francis(2)"",""Shirley Peel(3)"",""Adam Hirschhorn(6)"",""Adam Eggleston(7)""","""Tricia Canonico"",""Emily Francis"",""Shirley Peel"""
Larimer,City of Fort Collins Mayor,UPLOADED,151524,109-183-89,"""Scotty V VanTatenhove(1)"",""Jeffrey Shumway(2)"",""Adam Eggleston(3)"",""Shirley Peel(4)"",""Emily Francis(5)"",""Jeffrey Shumway(6)"",""Tricia Canonico(7)""","""Scotty V VanTatenhove"",""Jeffrey Shumway"",""Adam Eggleston"",""Shirley Peel"",""Emily Francis"""
Larimer,City of Fort Collins Mayor,UPLOADED,151646,103-166-99,"""Jeffrey Shumway(1)"",""Shirley Peel(2)"",""Adam Eggleston(3)"",""Adam Hirschhorn(4)"",""Emily Francis(5)"",""Tricia Canonico(6)"",""Emily Francis(7)""","""Jeffrey Shumway"",""Shirley Peel"",""Adam Eggleston"",""Adam Hirschhorn"",""Emily Francis"",""Tricia Canonico"""
Larimer,City of Fort Collins Mayor,UPLOADED,151648,103-166-41,"""Shirley Peel(1)"",""Jeffrey Shumway(2)"",""Tricia Canonico(4)"",""Emily Francis(5)"",""Scotty V VanTatenhove(6)"",""Adam Hirschhorn(7)""","""Shirley Peel"",""Jeffrey Shumway"""
Larimer,City of Fort Collins Mayor,UPLOADED,151939,105-232-7,"""Emily Francis(1)"",""Shirley Peel(2)"",""Adam Eggleston(3)"",""Jeffrey Shumway(4)"",""Tricia Canonico(6)"",""Scotty V VanTatenhove(7)""","""Emily Francis"",""Shirley Peel"",""Adam Eggleston"",""Jeffrey Shumway"""
Larimer,City of Fort Collins Mayor,UPLOADED,151940,105-232-64,"""Scotty V VanTatenhove(1)"",""Emily Francis(2)"",""Adam Eggleston(3)"",""Adam Hirschhorn(4)"",""Emily Francis(5)"",""Tricia Canonico(6)"",""Jeffrey Shumway(7)""","""Scotty V VanTatenhove"",""Emily Francis"",""Adam Eggleston"",""Adam Hirschhorn"""
Larimer,City of Fort Collins Mayor,UPLOADED,151943,105-232-14,"""Emily Francis(1)"",""Emily Francis(2)"",""Emily Francis(3)"",""Emily Francis(4)"",""Emily Francis(5)"",""Emily Francis(6)"",""Emily Francis(7)""","""Emily Francis"""
Larimer,City of Fort Collins Councilmember - District 1,UPLOADED,151943,105-232-14,"""Chris Conway(1)"",""Chris Conway(2)"",""Chris Conway(3)""","""Chris Conway"""
Larimer,City of Fort Collins Councilmember - District 1,UPLOADED,151944,105-232-27,"""Daisy Montgomery(1)"",""Chris Conway(2)"",""Daisy Montgomery(3)""","""Daisy Montgomery"",""Chris Conway"""
Larimer,City of Fort Collins Councilmember - District 1,UPLOADED,151946,105-232-10,"""Chris Conway(1)"",""Daisy Montgomery(3)""","""Chris Conway"""
Larimer,City of Fort Collins Mayor,UPLOADED,151947,105-232-73,"""Shirley Peel(1)"",""Emily Francis(7)""","""Shirley Peel"""
Larimer,City of Fort Collins Mayor,UPLOADED,152041,106-247-6,"""Shirley Peel(1)"",""Emily Francis(2)"",""Tricia Canonico(7)""","""Shirley Peel"",""Emily Francis"""
Larimer,City of Fort Collins Mayor,UPLOADED,152042,106-247-16,"""Jeffrey Shumway(1)"",""Adam Eggleston(2)"",""Tricia Canonico(3)"",""Adam Hirschhorn(4)"",""Shirley Peel(5)"",""Scotty V VanTatenhove(6)"",""Adam Eggleston(7)""","""Jeffrey Shumway"",""Adam Eggleston"",""Tricia Canonico"",""Adam Hirschhorn"",""Shirley Peel"",""Scotty V VanTatenhove"""
Larimer,City of Fort Collins Mayor,UPLOADED,152043,106-247-80,"""Emily Francis(1)"",""Tricia Canonico(2)"",""Shirley Peel(3)"",""Scotty V VanTatenhove(3)"",""Adam Eggleston(4)"",""Jeffrey Shumway(6)"",""Adam Hirschhorn(7)""","""Emily Francis"",""Tricia Canonico"""
Larimer,City of Fort Collins Mayor,UPLOADED,152044,106-247-28,"""Jeffrey Shumway(1)"",""Tricia Canonico(2)"",""Shirley Peel(3)"",""Adam Eggleston(7)"",""Emily Francis(7)"",""Adam Hirschhorn(7)"",""Scotty V VanTatenhove(7)""","""Jeffrey Shumway"",""Tricia Canonico"",""Shirley Peel"""
Larimer,City of Fort Collins Mayor,UPLOADED,152045,106-247-27,"""Jeffrey Shumway(1)"",""Tricia Canonico(2)"",""Shirley Peel(3)"",""Adam Eggleston(7)"",""Emily Francis(7)"",""Adam Hirschhorn(7)"",""Scotty V VanTatenhove(7)""","""Jeffrey Shumway"",""Tricia Canonico"",""Shirley Peel"""
Larimer,City of Fort Collins Mayor,UPLOADED,152047,106-247-29,"""Shirley Peel(1)"",""Tricia Canonico(2)"",""Emily Francis(3)"",""Scotty V VanTatenhove(4)"",""Shirley Peel(5)"",""Adam Eggleston(6)"",""Jeffrey Shumway(7)""","""Shirley Peel"",""Tricia Canonico"",""Emily Francis"",""Scotty V VanTatenhove"""
Larimer,City of Fort Collins Mayor,UPLOADED,152444,110-180-53,"""Scotty V VanTatenhove(1)"",""Adam Eggleston(2)"",""Adam Hirschhorn(3)"",""Jeffrey Shumway(4)"",""Adam Hirschhorn(5)"",""Adam Eggleston(6)"",""Tricia Canonico(7)""","""Scotty V VanTatenhove"",""Adam Eggleston"",""Adam Hirschhorn"",""Jeffrey Shumway"""
Larimer,City of Fort Collins Mayor,UPLOADED,152445,110-180-23,"""Tricia Canonico(1)"",""Emily Francis(2)"",""Adam Eggleston(3)"",""Shirley Peel(5)"",""Scotty V VanTatenhove(6)"",""Adam Hirschhorn(7)""","""Tricia Canonico"",""Emily Francis"",""Adam Eggleston"""
Larimer,City of Fort Collins Mayor,UPLOADED,152902,111-210-1,"""Emily Francis(1)"",""Tricia Canonico(2)"",""Adam Hirschhorn(3)"",""Adam Hirschhorn(4)"",""Adam Eggleston(5)"",""Jeffrey Shumway(6)"",""Scotty V VanTatenhove(7)""","""Emily Francis"",""Tricia Canonico"",""Adam Hirschhorn"""
Larimer,City of Fort Collins Mayor,UPLOADED,152903,111-210-12,"""Tricia Canonico(1)"",""Emily Francis(2)"",""Adam Eggleston(3)"",""Adam Hirschhorn(4)"",""Shirley Peel(4)"",""Jeffrey Shumway(5)"",""Shirley Peel(6)"",""Scotty V VanTatenhove(7)""","""Tricia Canonico"",""Emily Francis"",""Adam Eggleston"""
Larimer,City of Fort Collins Mayor,UPLOADED,152904,111-210-53,"""Tricia Canonico(1)"",""Emily Francis(2)"",""Shirley Peel(3)"",""Jeffrey Shumway(5)"",""Scotty V VanTatenhove(6)"",""Adam Eggleston(7)""","""Tricia Canonico"",""Emily Francis"",""Shirley Peel"""
Larimer,City of Fort Collins Mayor,UPLOADED,152906,111-210-81,"""Adam Eggleston(1)"",""Shirley Peel(2)"",""Tricia Canonico(3)"",""Scotty V VanTatenhove(4)"",""Emily Francis(5)"",""Tricia Canonico(6)"",""Jeffrey Shumway(7)""","""Adam Eggleston"",""Shirley Peel"",""Tricia Canonico"",""Scotty V VanTatenhove"",""Emily Francis"""
Larimer,City of Fort Collins Mayor,UPLOADED,153002,112-219-74,"""Emily Francis(1)"",""Emily Francis(2)"",""Tricia Canonico(3)"",""Adam Hirschhorn(4)"",""Shirley Peel(5)"",""Jeffrey Shumway(7)""","""Emily Francis"""
Larimer,City of Fort Collins Mayor,UPLOADED,153006,112-219-76,"""Emily Francis(1)"",""Adam Hirschhorn(2)"",""Scotty V VanTatenhove(3)"",""Tricia Canonico(4)"",""Adam Eggleston(5)"",""Tricia Canonico(6)"",""Jeffrey Shumway(7)""","""Emily Francis"",""Adam Hirschhorn"",""Scotty V VanTatenhove"",""Tricia Canonico"",""Adam Eggleston"""
Larimer,City of Fort Collins Mayor,UPLOADED,153198,106-250-1,"""Jeffrey Shumway(1)"",""Shirley Peel(2)"",""Adam Eggleston(3)"",""Tricia Canonico(4)"",""Tricia Canonico(5)"",""Tricia Canonico(6)"",""Tricia Canonico(7)""","""Jeffrey Shumway"",""Shirley Peel"",""Adam Eggleston"",""Tricia Canonico"""
Larimer,City of Fort Collins Mayor,UPLOADED,153201,106-250-42,"""Emily Francis(1)"",""Tricia Canonico(2)"",""Shirley Peel(3)"",""Jeffrey Shumway(4)"",""Scotty V VanTatenhove(5)"",""Shirley Peel(6)"",""Adam Eggleston(7)""","""Emily Francis"",""Tricia Canonico"",""Shirley Peel"",""Jeffrey Shumway"",""Scotty V VanTatenhove"""
Larimer,City of Fort Collins Mayor,UPLOADED,164001,106-268-91,"""Adam Eggleston(1)"",""Jeffrey Shumway(2)"",""Tricia Canonico(7)""","""Adam Eggleston"",""Jeffrey Shumway"""
Larimer,City of Fort Collins Mayor,UPLOADED,153202,106-250-3,"""Emily Francis(1)"",""Tricia Canonico(2)"",""Adam Eggleston(3)"",""Scotty V VanTatenhove(4)"",""Shirley Peel(5)"",""Adam Eggleston(6)"",""Jeffrey Shumway(7)""","""Emily Francis"",""Tricia Canonico"",""Adam Eggleston"",""Scotty V VanTatenhove"",""Shirley Peel"""
Larimer,City of Fort Collins Mayor,UPLOADED,153203,106-250-23,"""Emily Francis(1)"",""Adam Hirschhorn(2)"",""Tricia Canonico(3)"",""Shirley Peel(4)"",""Adam Hirschhorn(5)"",""Scotty V VanTatenhove(6)"",""Jeffrey Shumway(7)""","""Emily Francis"",""Adam Hirschhorn"",""Tricia Canonico"",""Shirley Peel"""
Larimer,City of Fort Collins Mayor,UPLOADED,153205,106-250-55,"""Tricia Canonico(1)"",""Emily Francis(2)"",""Shirley Peel(3)"",""Adam Hirschhorn(4)"",""Scotty V VanTatenhove(5)"",""Jeffrey Shumway(6)"",""Adam Hirschhorn(7)""","""Tricia Canonico"",""Emily Francis"",""Shirley Peel"",""Adam Hirschhorn"",""Scotty V VanTatenhove"",""Jeffrey Shumway"""
Larimer,City of Fort Collins Mayor,UPLOADED,153206,106-250-83,"""Shirley Peel(1)"",""Jeffrey Shumway(2)"",""Adam Eggleston(3)"",""Emily Francis(4)"",""Adam Hirschhorn(5)"",""Shirley Peel(6)"",""Scotty V VanTatenhove(7)""","""Shirley Peel"",""Jeffrey Shumway"",""Adam Eggleston"",""Emily Francis"",""Adam Hirschhorn"""
Larimer,City of Fort Collins Mayor,UPLOADED,153699,105-235-71,"""Emily Francis(1)"",""Tricia Canonico(2)"",""Adam Hirschhorn(3)"",""Adam Eggleston(4)"",""Shirley Peel(5)"",""Scotty V VanTatenhove(6)"",""Shirley Peel(7)""","""Emily Francis"",""Tricia Canonico"",""Adam Hirschhorn"",""Adam Eggleston"",""Shirley Peel"",""Scotty V VanTatenhove"""
Larimer,City of Fort Collins Mayor,UPLOADED,153702,105-235-98,"""Shirley Peel(1)"",""Emily Francis(2)"",""Tricia Canonico(7)""","""Shirley Peel"",""Emily Francis"""
Larimer,City of Fort Collins Mayor,UPLOADED,153704,105-235-91,"""Emily Francis(1)"",""Tricia Canonico(7)""","""Emily Francis"""
Larimer,City of Fort Collins Mayor,UPLOADED,153900,109-186-55,"""Adam Hirschhorn(1)"",""Emily Francis(2)"",""Adam Eggleston(3)"",""Tricia Canonico(4)"",""Shirley Peel(5)"",""Scotty V VanTatenhove(6)"",""Shirley Peel(7)""","""Adam Hirschhorn"",""Emily Francis"",""Adam Eggleston"",""Tricia Canonico"",""Shirley Peel"",""Scotty V VanTatenhove"""
Larimer,City of Fort Collins Mayor,UPLOADED,153901,109-186-59,"""Emily Francis(1)"",""Tricia Canonico(3)"",""Shirley Peel(6)""","""Emily Francis"""
Larimer,City of Fort Collins Mayor,UPLOADED,153902,109-186-93,"""Shirley Peel(1)"",""Tricia Canonico(2)"",""Adam Eggleston(3)"",""Scotty V VanTatenhove(4)"",""Emily Francis(5)"",""Emily Francis(6)"",""Jeffrey Shumway(7)""","""Shirley Peel"",""Tricia Canonico"",""Adam Eggleston"",""Scotty V VanTatenhove"",""Emily Francis"""
Larimer,City of Fort Collins Mayor,UPLOADED,153903,109-186-74,"""Shirley Peel(1)"",""Emily Francis(2)"",""Tricia Canonico(3)"",""Scotty V VanTatenhove(4)"",""Jeffrey Shumway(5)"",""Shirley Peel(6)"",""Adam Hirschhorn(7)""","""Shirley Peel"",""Emily Francis"",""Tricia Canonico"",""Scotty V VanTatenhove"",""Jeffrey Shumway"""
Larimer,City of Fort Collins Mayor,UPLOADED,153904,109-186-66,"""Emily Francis(1)"",""Adam Eggleston(2)"",""Tricia Canonico(3)"",""Shirley Peel(4)"",""Adam Eggleston(5)"",""Scotty V VanTatenhove(6)"",""Jeffrey Shumway(7)""","""Emily Francis"",""Adam Eggleston"",""Tricia Canonico"",""Shirley Peel"""
Larimer,City of Fort Collins Mayor,UPLOADED,153905,109-186-86,"""Emily Francis(1)"",""Tricia Canonico(2)"",""Scotty V VanTatenhove(3)"",""Adam Hirschhorn(7)""","""Emily Francis"",""Tricia Canonico"",""Scotty V VanTatenhove"""
Larimer,City of Fort Collins Mayor,UPLOADED,154000,112-221-24,"""Emily Francis(1)"",""Adam Eggleston(2)"",""Scotty V VanTatenhove(3)"",""Adam Hirschhorn(4)"",""Adam Eggleston(5)"",""Shirley Peel(6)"",""Jeffrey Shumway(7)""","""Emily Francis"",""Adam Eggleston"",""Scotty V VanTatenhove"",""Adam Hirschhorn"""
Larimer,City of Fort Collins Councilmember - District 1,UPLOADED,154002,112-221-54,"""Chris Conway(1)"",""Daisy Montgomery(2)"",""Chris Conway(3)""","""Chris Conway"",""Daisy Montgomery"""
Larimer,City of Fort Collins Mayor,UPLOADED,154003,112-221-76,"""Emily Francis(1)"",""Emily Francis(2)"",""Emily Francis(3)"",""Emily Francis(4)""","""Emily Francis"""
Larimer,City of Fort Collins Mayor,UPLOADED,154004,112-221-90,"""Emily Francis(1)"",""Adam Eggleston(2)"",""Tricia Canonico(3)"",""Emily Francis(4)"",""Scotty V VanTatenhove(5)"",""Shirley Peel(6)"",""Jeffrey Shumway(7)""","""Emily Francis"",""Adam Eggleston"",""Tricia Canonico"""
Larimer,City of Fort Collins Mayor,UPLOADED,154794,106-253-26,"""Emily Francis(1)"",""Emily Francis(2)"",""Emily Francis(3)"",""Emily Francis(4)"",""Emily Francis(5)"",""Adam Hirschhorn(6)"",""Scotty V VanTatenhove(7)""","""Emily Francis"""
Larimer,City of Fort Collins Mayor,UPLOADED,154795,106-253-13,"""Emily Francis(1)"",""Adam Hirschhorn(2)"",""Scotty V VanTatenhove(2)"",""Tricia Canonico(3)"",""Adam Eggleston(5)"",""Jeffrey Shumway(6)"",""Shirley Peel(7)""","""Emily Francis"""
Larimer,City of Fort Collins Mayor,UPLOADED,154796,106-253-16,"""Scotty V VanTatenhove(1)"",""Tricia Canonico(2)"",""Emily Francis(3)"",""Adam Hirschhorn(4)"",""Adam Hirschhorn(5)"",""Shirley Peel(6)"",""Jeffrey Shumway(7)""","""Scotty V VanTatenhove"",""Tricia Canonico"",""Emily Francis"",""Adam Hirschhorn"""
Larimer,City of Fort Collins Mayor,UPLOADED,154798,106-253-54,"""Tricia Canonico(1)"",""Jeffrey Shumway(2)"",""Adam Hirschhorn(7)""","""Tricia Canonico"",""Jeffrey Shumway"""
Larimer,City of Fort Collins Mayor,UPLOADED,154799,106-253-21,"""Scotty V VanTatenhove(1)"",""Emily Francis(2)"",""Shirley Peel(3)"",""Jeffrey Shumway(4)"",""Adam Eggleston(5)"",""Shirley Peel(6)"",""Adam Hirschhorn(7)""","""Scotty V VanTatenhove"",""Emily Francis"",""Shirley Peel"",""Jeffrey Shumway"",""Adam Eggleston"""
Larimer,City of Fort Collins Mayor,UPLOADED,154800,106-253-58,"""Emily Francis(1)"",""Tricia Canonico(2)"",""Shirley Peel(3)"",""Scotty V VanTatenhove(4)"",""Adam Hirschhorn(5)"",""Shirley Peel(6)"",""Jeffrey Shumway(7)""","""Emily Francis"",""Tricia Canonico"",""Shirley Peel"",""Scotty V VanTatenhove"",""Adam Hirschhorn"""
Larimer,City of Fort Collins Mayor,UPLOADED,154801,106-253-74,"""Emily Francis(1)"",""Tricia Canonico(2)"",""Adam Hirschhorn(3)"",""Jeffrey Shumway(4)"",""Scotty V VanTatenhove(5)"",""Jeffrey Shumway(6)"",""Adam Eggleston(7)""","""Emily Francis"",""Tricia Canonico"",""Adam Hirschhorn"",""Jeffrey Shumway"",""Scotty V VanTatenhove"""
Larimer,City of Fort Collins Mayor,UPLOADED,154802,106-253-64,"""Tricia Canonico(1)"",""Emily Francis(2)"",""Shirley Peel(4)"",""Jeffrey Shumway(5)"",""Adam Hirschhorn(6)"",""Adam Eggleston(7)""","""Tricia Canonico"",""Emily Francis"""
Larimer,City of Fort Collins Mayor,UPLOADED,154899,110-182-37,"""Emily Francis(1)"",""Tricia Canonico(2)"",""Scotty V VanTatenhove(3)"",""Adam Hirschhorn(4)"",""Adam Hirschhorn(5)"",""Shirley Peel(6)"",""Jeffrey Shumway(7)""","""Emily Francis"",""Tricia Canonico"",""Scotty V VanTatenhove"",""Adam Hirschhorn"""
Larimer,City of Fort Collins Mayor,UPLOADED,154900,110-182-83,"""Shirley Peel(1)"",""Emily Francis(7)""","""Shirley Peel"""
Larimer,City of Fort Collins Mayor,UPLOADED,154904,110-182-80,"""Shirley Peel(1)"",""Emily Francis(2)"",""Emily Francis(3)"",""Adam Hirschhorn(4)"",""Adam Eggleston(5)"",""Jeffrey Shumway(6)"",""Scotty V VanTatenhove(7)""","""Shirley Peel"",""Emily Francis"""
Larimer,City of Fort Collins Mayor,UPLOADED,155102,112-223-1,"""Emily Francis(1)"",""Tricia Canonico(2)"",""Emily Francis(3)"",""Adam Hirschhorn(4)"",""Scotty V VanTatenhove(5)"",""Adam Hirschhorn(6)"",""Jeffrey Shumway(7)""","""Emily Francis"",""Tricia Canonico"""
Larimer,City of Fort Collins Mayor,UPLOADED,155103,112-223-48,"""Jeffrey Shumway(1)"",""Adam Hirschhorn(2)"",""Shirley Peel(3)"",""Scotty V VanTatenhove(3)"",""Shirley Peel(4)"",""Emily Francis(5)"",""Adam Eggleston(6)"",""Tricia Canonico(7)""","""Jeffrey Shumway"",""Adam Hirschhorn"""
Larimer,City of Fort Collins Mayor,UPLOADED,155104,112-223-77,"""Emily Francis(1)"",""Tricia Canonico(2)"",""Tricia Canonico(3)"",""Jeffrey Shumway(4)"",""Adam Eggleston(5)"",""Scotty V VanTatenhove(6)"",""Adam Hirschhorn(7)""","""Emily Francis"",""Tricia Canonico"""
Larimer,City of Fort Collins Mayor,UPLOADED,155698,104-192-10,"""Emily Francis(1)"",""Tricia Canonico(2)"",""Scotty V VanTatenhove(3)"",""Shirley Peel(4)"",""Scotty V VanTatenhove(5)"",""Adam Eggleston(6)"",""Adam Hirschhorn(7)""","""Emily Francis"",""Tricia Canonico"",""Scotty V VanTatenhove"",""Shirley Peel"""
Larimer,City of Fort Collins Mayor,UPLOADED,155701,104-192-69,"""Emily Francis(1)"",""Scotty V VanTatenhove(4)""","""Emily Francis"""
Larimer,City of Fort Collins Mayor,UPLOADED,155799,110-184-12,"""Adam Hirschhorn(1)"",""Emily Francis(2)"",""Tricia Canonico(3)"",""Scotty V VanTatenhove(4)"",""Adam Hirschhorn(5)"",""Adam Eggleston(6)"",""Jeffrey Shumway(7)""","""Adam Hirschhorn"",""Emily Francis"",""Tricia Canonico"",""Scotty V VanTatenhove"""
Larimer,City of Fort Collins Councilmember - District 3,UPLOADED,155800,110-184-65,"""Steve Yurash(1)"",""Steve Yurash(2)""","""Steve Yurash"""
Larimer,City of Fort Collins Mayor,UPLOADED,155801,110-184-97,"""Emily Francis(1)"",""Tricia Canonico(2)"",""Shirley Peel(3)"",""Adam Eggleston(4)"",""Scotty V VanTatenhove(7)""","""Emily Francis"",""Tricia Canonico"",""Shirley Peel"",""Adam Eggleston"""
Larimer,City of Fort Collins Mayor,UPLOADED,155897,109-188-57,"""Shirley Peel(1)"",""Jeffrey Shumway(2)"",""Adam Eggleston(3)"",""Scotty V VanTatenhove(6)"",""Adam Hirschhorn(7)""","""Shirley Peel"",""Jeffrey Shumway"",""Adam Eggleston"""
Larimer,City of Fort Collins Mayor,UPLOADED,155899,109-188-85,"""Adam Hirschhorn(1)"",""Adam Eggleston(2)"",""Shirley Peel(3)"",""Emily Francis(4)"",""Tricia Canonico(5)"",""Scotty V VanTatenhove(6)"",""Scotty V VanTatenhove(7)""","""Adam Hirschhorn"",""Adam Eggleston"",""Shirley Peel"",""Emily Francis"",""Tricia Canonico"",""Scotty V VanTatenhove"""
Larimer,City of Fort Collins Mayor,UPLOADED,156095,105-240-25,"""Tricia Canonico(1)"",""Adam Eggleston(2)"",""Adam Hirschhorn(3)"",""Emily Francis(4)"",""Jeffrey Shumway(5)"",""Scotty V VanTatenhove(6)"",""Adam Hirschhorn(7)""","""Tricia Canonico"",""Adam Eggleston"",""Adam Hirschhorn"",""Emily Francis"",""Jeffrey Shumway"",""Scotty V VanTatenhove"""
Larimer,City of Fort Collins Mayor,UPLOADED,156098,105-240-71,"""Shirley Peel(1)"",""Jeffrey Shumway(2)"",""Tricia Canonico(3)"",""Emily Francis(4)"",""Scotty V VanTatenhove(5)"",""Adam Eggleston(6)"",""Adam Hirschhorn(7)"",""Jeffrey Shumway(7)""","""Shirley Peel"",""Jeffrey Shumway"",""Tricia Canonico"",""Emily Francis"",""Scotty V VanTatenhove"",""Adam Eggleston"",""Adam Hirschhorn"""
Larimer,City of Fort Collins Mayor,UPLOADED,156100,105-240-14,"""Emily Francis(1)"",""Adam Eggleston(2)"",""Tricia Canonico(3)"",""Shirley Peel(6)"",""Adam Hirschhorn(7)""","""Emily Francis"",""Adam Eggleston"",""Tricia Canonico"""
Larimer,City of Fort Collins Mayor,UPLOADED,156395,111-213-28,"""Tricia Canonico(1)"",""Emily Francis(2)"",""Adam Eggleston(3)"",""Emily Francis(4)"",""Shirley Peel(5)"",""Adam Hirschhorn(6)"",""Jeffrey Shumway(7)"",""Scotty V VanTatenhove(7)""","""Tricia Canonico"",""Emily Francis"",""Adam Eggleston"""
Larimer,City of Fort Collins Mayor,UPLOADED,156399,111-213-22,"""Emily Francis(1)"",""Scotty V VanTatenhove(2)"",""Tricia Canonico(3)"",""Adam Hirschhorn(4)"",""Shirley Peel(5)"",""Jeffrey Shumway(6)"",""Tricia Canonico(7)""","""Emily Francis"",""Scotty V VanTatenhove"",""Tricia Canonico"",""Adam Hirschhorn"",""Shirley Peel"",""Jeffrey Shumway"""
Larimer,City of Fort Collins Mayor,UPLOADED,156670,106-256-5,"""Emily Francis(1)"",""Tricia Canonico(2)"",""Shirley Peel(7)""","""Emily Francis"",""Tricia Canonico"""
Larimer,City of Fort Collins Mayor,UPLOADED,156671,106-256-41,"""Emily Francis(1)"",""Tricia Canonico(2)"",""Adam Hirschhorn(3)"",""Adam Eggleston(4)"",""Adam Hirschhorn(5)"",""Scotty V VanTatenhove(6)"",""Jeffrey Shumway(7)""","""Emily Francis"",""Tricia Canonico"",""Adam Hirschhorn"",""Adam Eggleston"""
Larimer,City of Fort Collins Mayor,UPLOADED,156672,106-256-62,"""Emily Francis(1)"",""Tricia Canonico(2)"",""Adam Hirschhorn(3)"",""Scotty V VanTatenhove(4)"",""Tricia Canonico(5)"",""Jeffrey Shumway(6)"",""Shirley Peel(7)""","""Emily Francis"",""Tricia Canonico"",""Adam Hirschhorn"",""Scotty V VanTatenhove"""
Larimer,City of Fort Collins Mayor,UPLOADED,156760,110-186-7,"""Emily Francis(1)"",""Jeffrey Shumway(7)""","""Emily Francis"""
Larimer,City of Fort Collins Mayor,UPLOADED,156761,110-186-51,"""Scotty V VanTatenhove(1)"",""Emily Francis(2)"",""Adam Eggleston(3)"",""Tricia Canonico(4)"",""Shirley Peel(5)"",""Tricia Canonico(6)"",""Adam Hirschhorn(7)""","""Scotty V VanTatenhove"",""Emily Francis"",""Adam Eggleston"",""Tricia Canonico"",""Shirley Peel"""
Larimer,City of Fort Collins Mayor,UPLOADED,156764,110-186-37,"""Adam Eggleston(1)"",""Tricia Canonico(2)"",""Adam Hirschhorn(3)"",""Shirley Peel(4)"",""Jeffrey Shumway(4)"",""Emily Francis(5)"",""Scotty V VanTatenhove(7)""","""Adam Eggleston"",""Tricia Canonico"",""Adam Hirschhorn"""
Larimer,City of Fort Collins Mayor,UPLOADED,156765,110-186-41,"""Tricia Canonico(1)"",""Adam Hirschhorn(2)"",""Emily Francis(3)"",""Jeffrey Shumway(4)"",""Shirley Peel(5)"",""Scotty V VanTatenhove(6)"",""Jeffrey Shumway(7)""","""Tricia Canonico"",""Adam Hirschhorn"",""Emily Francis"",""Jeffrey Shumway"",""Shirley Peel"",""Scotty V VanTatenhove"""
Larimer,City of Fort Collins Mayor,UPLOADED,156767,110-186-14,"""Shirley Peel(1)"",""Jeffrey Shumway(2)"",""Adam Hirschhorn(3)"",""Emily Francis(4)"",""Tricia Canonico(5)"",""Scotty V VanTatenhove(6)"",""Jeffrey Shumway(7)""","""Shirley Peel"",""Jeffrey Shumway"",""Adam Hirschhorn"",""Emily Francis"",""Tricia Canonico"",""Scotty V VanTatenhove"""
Larimer,City of Fort Collins Mayor,UPLOADED,156768,110-186-69,"""Tricia Canonico(1)"",""Emily Francis(2)"",""Shirley Peel(3)"",""Adam Eggleston(4)"",""Jeffrey Shumway(7)""","""Tricia Canonico"",""Emily Francis"",""Shirley Peel"",""Adam Eggleston"""
Larimer,City of Fort Collins Mayor,UPLOADED,156769,110-186-71,"""Emily Francis(1)"",""Tricia Canonico(2)"",""Jeffrey Shumway(3)"",""Tricia Canonico(4)"",""Scotty V VanTatenhove(5)"",""Adam Eggleston(6)"",""Emily Francis(7)""","""Emily Francis"",""Tricia Canonico"",""Jeffrey Shumway"""
Larimer,City of Fort Collins Mayor,UPLOADED,156770,110-186-80,"""Emily Francis(1)"",""Adam Hirschhorn(2)"",""Scotty V VanTatenhove(2)"",""Tricia Canonico(3)"",""Shirley Peel(5)"",""Adam Eggleston(6)"",""Jeffrey Shumway(7)""","""Emily Francis"""
Larimer,City of Fort Collins Mayor,UPLOADED,157044,109-190-34,"""Emily Francis(1)"",""Tricia Canonico(2)"",""Shirley Peel(3)"",""Adam Eggleston(4)"",""Scotty V VanTatenhove(6)""","""Emily Francis"",""Tricia Canonico"",""Shirley Peel"",""Adam Eggleston"""
Larimer,City of Fort Collins Mayor,UPLOADED,157140,103-171-21,"""Emily Francis(1)"",""Jeffrey Shumway(2)"",""Scotty V VanTatenhove(3)"",""Emily Francis(4)"",""Adam Hirschhorn(5)"",""Tricia Canonico(6)"",""Shirley Peel(7)""","""Emily Francis"",""Jeffrey Shumway"",""Scotty V VanTatenhove"""
Larimer,City of Fort Collins Mayor,UPLOADED,157141,103-171-53,"""Emily Francis(1)"",""Tricia Canonico(2)"",""Emily Francis(3)"",""Shirley Peel(4)"",""Adam Eggleston(5)"",""Jeffrey Shumway(6)"",""Scotty V VanTatenhove(7)""","""Emily Francis"",""Tricia Canonico"""
Larimer,City of Fort Collins Mayor,UPLOADED,157143,103-171-85,"""Shirley Peel(1)"",""Scotty V VanTatenhove(2)"",""Adam Eggleston(3)"",""Emily Francis(4)"",""Tricia Canonico(5)"",""Jeffrey Shumway(6)"",""Adam Eggleston(7)""","""Shirley Peel"",""Scotty V VanTatenhove"",""Adam Eggleston"",""Emily Francis"",""Tricia Canonico"",""Jeffrey Shumway"""
Larimer,City of Fort Collins Councilmember - District 1,UPLOADED,157143,103-171-85,"""Susan Gutowsky(1)"",""Daisy Montgomery(2)"",""Daisy Montgomery(3)""","""Susan Gutowsky"",""Daisy Montgomery"""
Larimer,City of Fort Collins Mayor,UPLOADED,157542,105-242-44,"""Tricia Canonico(1)"",""Tricia Canonico(2)"",""Tricia Canonico(3)"",""Tricia Canonico(4)"",""Tricia Canonico(5)"",""Tricia Canonico(6)"",""Tricia Canonico(7)""","""Tricia Canonico"""
Larimer,City of Fort Collins Mayor,UPLOADED,157543,105-242-19,"""Adam Hirschhorn(1)"",""Jeffrey Shumway(2)"",""Tricia Canonico(3)"",""Adam Hirschhorn(4)"",""Adam Eggleston(5)"",""Emily Francis(6)"",""Scotty V VanTatenhove(7)""","""Adam Hirschhorn"",""Jeffrey Shumway"",""Tricia Canonico"""
Larimer,City of Fort Collins Mayor,UPLOADED,157636,112-227-51,"""Shirley Peel(1)"",""Adam Eggleston(2)"",""Tricia Canonico(3)"",""Emily Francis(4)"",""Jeffrey Shumway(5)"",""Scotty V VanTatenhove(6)"",""Adam Eggleston(7)""","""Shirley Peel"",""Adam Eggleston"",""Tricia Canonico"",""Emily Francis"",""Jeffrey Shumway"",""Scotty V VanTatenhove"""
Larimer,City of Fort Collins Mayor,UPLOADED,157638,112-227-20,"""Jeffrey Shumway(1)"",""Shirley Peel(2)"",""Adam Eggleston(3)"",""Tricia Canonico(4)"",""Tricia Canonico(5)"",""Tricia Canonico(6)"",""Tricia Canonico(7)""","""Jeffrey Shumway"",""Shirley Peel"",""Adam Eggleston"",""Tricia Canonico"""
Larimer,City of Fort Collins Mayor,UPLOADED,157640,112-227-79,"""Jeffrey Shumway(1)"",""Shirley Peel(2)"",""Adam Eggleston(3)"",""Emily Francis(3)""","""Jeffrey Shumway"",""Shirley Peel"""
Larimer,City of Fort Collins Councilmember - District 1,UPLOADED,157641,112-227-28,"""Daisy Montgomery(1)"",""Chris Conway(2)"",""Daisy Montgomery(3)""","""Daisy Montgomery"",""Chris Conway"""
Larimer,City of Fort Collins Mayor,UPLOADED,158031,106-259-10,"""Emily Francis(1)"",""Emily Francis(2)"",""Emily Francis(3)"",""Emily Francis(4)"",""Emily Francis(5)"",""Scotty V VanTatenhove(6)"",""Adam Hirschhorn(7)""","""Emily Francis"""
Larimer,City of Fort Collins Mayor,UPLOADED,158037,106-259-12,"""Adam Hirschhorn(1)"",""Emily Francis(2)"",""Adam Eggleston(3)"",""Jeffrey Shumway(7)""","""Adam Hirschhorn"",""Emily Francis"",""Adam Eggleston"""
Larimer,City of Fort Collins Mayor,UPLOADED,158038,106-259-99,"""Shirley Peel(1)"",""Adam Eggleston(2)"",""Emily Francis(3)"",""Adam Hirschhorn(4)"",""Emily Francis(5)"",""Scotty V VanTatenhove(6)"",""Jeffrey Shumway(7)""","""Shirley Peel"",""Adam Eggleston"",""Emily Francis"",""Adam Hirschhorn"""
Larimer,City of Fort Collins Mayor,UPLOADED,158227,111-215-59,"""Adam Eggleston(1)"",""Tricia Canonico(2)"",""Emily Francis(3)"",""Adam Hirschhorn(4)"",""Shirley Peel(5)"",""Scotty V VanTatenhove(5)"",""Jeffrey Shumway(7)""","""Adam Eggleston"",""Tricia Canonico"",""Emily Francis"",""Adam Hirschhorn"""
Larimer,City of Fort Collins Mayor,UPLOADED,158228,111-215-42,"""Emily Francis(1)"",""Shirley Peel(2)"",""Tricia Canonico(3)"",""Adam Hirschhorn(5)"",""Jeffrey Shumway(6)"",""Scotty V VanTatenhove(7)""","""Emily Francis"",""Shirley Peel"",""Tricia Canonico"""
Larimer,City of Fort Collins Mayor,UPLOADED,158231,111-215-13,"""Tricia Canonico(1)"",""Emily Francis(2)"",""Scotty V VanTatenhove(3)"",""Adam Hirschhorn(4)"",""Shirley Peel(5)"",""Jeffrey Shumway(7)""","""Tricia Canonico"",""Emily Francis"",""Scotty V VanTatenhove"",""Adam Hirschhorn"",""Shirley Peel"""
Larimer,City of Fort Collins Mayor,UPLOADED,158233,111-215-65,"""Tricia Canonico(1)"",""Emily Francis(2)"",""Shirley Peel(2)"",""Adam Eggleston(3)"",""Tricia Canonico(4)"",""Scotty V VanTatenhove(5)"",""Adam Hirschhorn(6)"",""Jeffrey Shumway(7)""","""Tricia Canonico"""
Larimer,City of Fort Collins Mayor,UPLOADED,158234,111-215-93,"""Scotty V VanTatenhove(1)"",""Emily Francis(2)"",""Adam Hirschhorn(3)"",""Shirley Peel(4)"",""Tricia Canonico(5)"",""Jeffrey Shumway(6)"",""Adam Hirschhorn(7)""","""Scotty V VanTatenhove"",""Emily Francis"",""Adam Hirschhorn"",""Shirley Peel"",""Tricia Canonico"",""Jeffrey Shumway"""
Larimer,City of Fort Collins Mayor,UPLOADED,158237,111-215-76,"""Tricia Canonico(1)"",""Emily Francis(2)"",""Adam Hirschhorn(3)"",""Jeffrey Shumway(4)"",""Adam Eggleston(5)"",""Jeffrey Shumway(6)"",""Shirley Peel(7)""","""Tricia Canonico"",""Emily Francis"",""Adam Hirschhorn"",""Jeffrey Shumway"",""Adam Eggleston"""
Larimer,City of Fort Collins Mayor,UPLOADED,158336,110-188-1,"""Tricia Canonico(1)"",""Adam Eggleston(2)"",""Adam Eggleston(3)"",""Shirley Peel(3)"",""Emily Francis(4)"",""Scotty V VanTatenhove(5)"",""Adam Hirschhorn(6)"",""Jeffrey Shumway(7)""","""Tricia Canonico"",""Adam Eggleston"",""Shirley Peel"",""Emily Francis"",""Scotty V VanTatenhove"",""Adam Hirschhorn"",""Jeffrey Shumway"""
Larimer,City of Fort Collins Mayor,UPLOADED,158337,110-188-30,"""Tricia Canonico(1)"",""Emily Francis(2)"",""Scotty V VanTatenhove(3)"",""Jeffrey Shumway(4)"",""Adam Hirschhorn(5)"",""Shirley Peel(7)""","""Tricia Canonico"",""Emily Francis"",""Scotty V VanTatenhove"",""Jeffrey Shumway"",""Adam Hirschhorn"""
Larimer,City of Fort Collins Mayor,UPLOADED,158338,110-188-2,"""Emily Francis(1)"",""Shirley Peel(2)"",""Adam Eggleston(3)"",""Scotty V VanTatenhove(4)"",""Jeffrey Shumway(5)"",""Adam Hirschhorn(6)"",""Jeffrey Shumway(7)""","""Emily Francis"",""Shirley Peel"",""Adam Eggleston"",""Scotty V VanTatenhove"",""Jeffrey Shumway"",""Adam Hirschhorn"""
Larimer,City of Fort Collins Mayor,UPLOADED,158477,101-14-12,"""Tricia Canonico(1)"",""Emily Francis(2)"",""Shirley Peel(3)"",""Adam Eggleston(4)"",""Jeffrey Shumway(4)"",""Adam Eggleston(5)"",""Adam Hirschhorn(6)"",""Scotty V VanTatenhove(7)""","""Tricia Canonico"",""Emily Francis"",""Shirley Peel"""
Larimer,City of Fort Collins Mayor,UPLOADED,159310,112-229-6,"""Tricia Canonico(1)"",""Shirley Peel(3)""","""Tricia Canonico"""
Larimer,City of Fort Collins Mayor,UPLOADED,159312,112-229-76,"""Emily Francis(1)"",""Tricia Canonico(2)"",""Scotty V VanTatenhove(3)"",""Shirley Peel(4)"",""Adam Hirschhorn(5)"",""Adam Hirschhorn(6)"",""Jeffrey Shumway(7)""","""Emily Francis"",""Tricia Canonico"",""Scotty V VanTatenhove"",""Shirley Peel"",""Adam Hirschhorn"""
Larimer,City of Fort Collins Mayor,UPLOADED,159313,112-229-49,"""Shirley Peel(1)"",""Tricia Canonico(2)"",""Emily Francis(3)"",""Jeffrey Shumway(4)"",""Adam Hirschhorn(5)"",""Scotty V VanTatenhove(7)""","""Shirley Peel"",""Tricia Canonico"",""Emily Francis"",""Jeffrey Shumway"",""Adam Hirschhorn"""
Larimer,City of Fort Collins Mayor,UPLOADED,159314,112-229-36,"""Tricia Canonico(1)"",""Emily Francis(2)"",""Shirley Peel(3)"",""Adam Hirschhorn(4)"",""Jeffrey Shumway(5)"",""Jeffrey Shumway(6)"",""Adam Eggleston(7)""","""Tricia Canonico"",""Emily Francis"",""Shirley Peel"",""Adam Hirschhorn"",""Jeffrey Shumway"""
Larimer,City of Fort Collins Mayor,UPLOADED,159315,112-229-70,"""Tricia Canonico(1)"",""Adam Eggleston(2)"",""Adam Hirschhorn(4)""","""Tricia Canonico"",""Adam Eggleston"""
Larimer,City of Fort Collins Mayor,UPLOADED,159317,112-229-47,"""Shirley Peel(1)"",""Scotty V VanTatenhove(2)"",""Jeffrey Shumway(3)"",""Emily Francis(4)"",""Tricia Canonico(5)"",""Adam Hirschhorn(6)"",""Emily Francis(7)""","""Shirley Peel"",""Scotty V VanTatenhove"",""Jeffrey Shumway"",""Emily Francis"",""Tricia Canonico"",""Adam Hirschhorn"""
Larimer,City of Fort Collins Mayor,UPLOADED,159414,104-195-3,"""Emily Francis(1)"",""Shirley Peel(2)"",""Tricia Canonico(3)"",""Adam Eggleston(4)"",""Emily Francis(5)"",""Adam Hirschhorn(5)"",""Jeffrey Shumway(6)"",""Scotty V VanTatenhove(7)""","""Emily Francis"",""Shirley Peel"",""Tricia Canonico"",""Adam Eggleston"",""Adam Hirschhorn"",""Jeffrey Shumway"",""Scotty V VanTatenhove"""
Larimer,City of Fort Collins Mayor,UPLOADED,159416,104-195-27,"""Emily Francis(1)"",""Adam Eggleston(2)"",""Tricia Canonico(3)"",""Shirley Peel(4)"",""Jeffrey Shumway(6)"",""Scotty V VanTatenhove(7)""","""Emily Francis"",""Adam Eggleston"",""Tricia Canonico"",""Shirley Peel"""
Larimer,City of Fort Collins Mayor,UPLOADED,159417,104-195-22,"""Tricia Canonico(1)"",""Adam Eggleston(7)""","""Tricia Canonico"""
Larimer,City of Fort Collins Mayor,UPLOADED,159612,103-173-25,"""Shirley Peel(1)"",""Tricia Canonico(7)"",""Adam Eggleston(7)"",""Emily Francis(7)"",""Adam Hirschhorn(7)"",""Jeffrey Shumway(7)"",""Scotty V VanTatenhove(7)""","""Shirley Peel"""
Larimer,City of Fort Collins Mayor,UPLOADED,159613,103-173-64,"""Adam Eggleston(1)"",""Shirley Peel(2)"",""Adam Hirschhorn(3)"",""Emily Francis(4)"",""Jeffrey Shumway(4)"",""Emily Francis(5)"",""Scotty V VanTatenhove(6)"",""Tricia Canonico(7)""","""Adam Eggleston"",""Shirley Peel"",""Adam Hirschhorn"""
Larimer,City of Fort Collins Mayor,UPLOADED,159614,103-173-75,"""Scotty V VanTatenhove(1)"",""Emily Francis(2)"",""Adam Hirschhorn(3)"",""Adam Hirschhorn(4)"",""Shirley Peel(5)"",""Adam Eggleston(6)"",""Jeffrey Shumway(7)""","""Scotty V VanTatenhove"",""Emily Francis"",""Adam Hirschhorn"""
Larimer,City of Fort Collins Mayor,UPLOADED,159616,103-173-95,"""Emily Francis(1)"",""Adam Eggleston(2)"",""Tricia Canonico(3)"",""Scotty V VanTatenhove(4)"",""Adam Hirschhorn(5)"",""Shirley Peel(6)"",""Scotty V VanTatenhove(7)""","""Emily Francis"",""Adam Eggleston"",""Tricia Canonico"",""Scotty V VanTatenhove"",""Adam Hirschhorn"",""Shirley Peel"""
Larimer,City of Fort Collins Mayor,UPLOADED,159617,103-173-55,"""Adam Eggleston(1)"",""Adam Hirschhorn(1)"",""Jeffrey Shumway(1)""",""
Larimer,City of Fort Collins Councilmember - District 3,UPLOADED,159617,103-173-55,"""Josh Fudge(1)"",""Lance Smith(1)"",""Steve Yurash(1)""",""
Larimer,City of Fort Collins Mayor,UPLOADED,159812,109-193-12,"""Shirley Peel(1)"",""Jeffrey Shumway(2)"",""Adam Eggleston(3)"",""Emily Francis(4)"",""Tricia Canonico(5)"",""Adam Hirschhorn(6)"",""Adam Eggleston(7)"",""Scotty V VanTatenhove(7)""","""Shirley Peel"",""Jeffrey Shumway"",""Adam Eggleston"",""Emily Francis"",""Tricia Canonico"",""Adam Hirschhorn"",""Scotty V VanTatenhove"""
Larimer,City of Fort Collins Mayor,UPLOADED,159813,109-193-43,"""Emily Francis(1)"",""Tricia Canonico(2)"",""Shirley Peel(3)"",""Adam Eggleston(4)"",""Adam Hirschhorn(4)"",""Jeffrey Shumway(5)"",""Scotty V VanTatenhove(6)"",""Adam Hirschhorn(7)""","""Emily Francis"",""Tricia Canonico"",""Shirley Peel"""
Larimer,City of Fort Collins Mayor,UPLOADED,159816,109-193-46,"""Emily Francis(1)"",""Adam Hirschhorn(3)"",""Scotty V VanTatenhove(4)"",""Jeffrey Shumway(7)""","""Emily Francis"""
Larimer,City of Fort Collins Mayor,UPLOADED,159817,109-193-39,"""Emily Francis(1)"",""Tricia Canonico(2)"",""Adam Hirschhorn(3)"",""Adam Eggleston(4)"",""Jeffrey Shumway(5)"",""Scotty V VanTatenhove(6)"",""Jeffrey Shumway(7)""","""Emily Francis"",""Tricia Canonico"",""Adam Hirschhorn"",""Adam Eggleston"",""Jeffrey Shumway"",""Scotty V VanTatenhove"""
Larimer,City of Fort Collins Mayor,UPLOADED,159913,111-218-6,"""Emily Francis(1)"",""Tricia Canonico(2)"",""Adam Hirschhorn(3)"",""Adam Eggleston(4)"",""Jeffrey Shumway(5)"",""Scotty V VanTatenhove(6)"",""Jeffrey Shumway(7)""","""Emily Francis"",""Tricia Canonico"",""Adam Hirschhorn"",""Adam Eggleston"",""Jeffrey Shumway"",""Scotty V VanTatenhove"""
Larimer,City of Fort Collins Mayor,UPLOADED,159914,111-218-12,"""Tricia Canonico(1)"",""Adam Eggleston(2)"",""Emily Francis(3)"",""Scotty V VanTatenhove(7)""","""Tricia Canonico"",""Adam Eggleston"",""Emily Francis"""
Larimer,City of Fort Collins Mayor,UPLOADED,159915,111-218-94,"""Emily Francis(1)"",""Jeffrey Shumway(7)""","""Emily Francis"""
Larimer,City of Fort Collins Mayor,UPLOADED,159917,111-218-92,"""Tricia Canonico(1)"",""Jeffrey Shumway(1)"",""Adam Hirschhorn(2)"",""Scotty V VanTatenhove(2)"",""Emily Francis(3)"",""Adam Eggleston(4)"",""Shirley Peel(5)""",""
Larimer,City of Fort Collins Mayor,UPLOADED,160016,106-261-49,"""Emily Francis(1)"",""Jeffrey Shumway(7)""","""Emily Francis"""
Larimer,City of Fort Collins Mayor,UPLOADED,160017,106-261-59,"""Tricia Canonico(1)"",""Adam Eggleston(2)"",""Shirley Peel(3)"",""Scotty V VanTatenhove(4)"",""Adam Eggleston(5)"",""Adam Hirschhorn(6)"",""Jeffrey Shumway(7)""","""Tricia Canonico"",""Adam Eggleston"",""Shirley Peel"",""Scotty V VanTatenhove"""
Larimer,City of Fort Collins Mayor,UPLOADED,160312,105-245-54,"""Adam Eggleston(1)"",""Adam Eggleston(2)"",""Tricia Canonico(3)"",""Shirley Peel(4)"",""Jeffrey Shumway(5)"",""Scotty V VanTatenhove(6)"",""Adam Hirschhorn(7)""","""Adam Eggleston"""
Larimer,City of Fort Collins Mayor,UPLOADED,160313,105-245-47,"""Tricia Canonico(1)"",""Adam Eggleston(2)"",""Shirley Peel(3)"",""Adam Hirschhorn(4)"",""Scotty V VanTatenhove(5)"",""Emily Francis(6)"",""Jeffrey Shumway(6)"",""Adam Hirschhorn(7)""","""Tricia Canonico"",""Adam Eggleston"",""Shirley Peel"",""Adam Hirschhorn"",""Scotty V VanTatenhove"""
Larimer,City of Fort Collins Mayor,UPLOADED,160314,105-245-83,"""Shirley Peel(1)"",""Tricia Canonico(7)"",""Adam Eggleston(7)"",""Emily Francis(7)"",""Adam Hirschhorn(7)"",""Jeffrey Shumway(7)"",""Scotty V VanTatenhove(7)""","""Shirley Peel"""
Larimer,City of Fort Collins Councilmember - District 1,UPLOADED,160314,105-245-83,"""Chris Conway(3)"",""Susan Gutowsky(3)"",""Daisy Montgomery(3)""",""
Larimer,City of Fort Collins Mayor,UPLOADED,160409,110-190-23,"""Emily Francis(1)"",""Tricia Canonico(2)"",""Scotty V VanTatenhove(3)"",""Shirley Peel(4)"",""Scotty V VanTatenhove(5)"",""Jeffrey Shumway(6)"",""Adam Eggleston(7)""","""Emily Francis"",""Tricia Canonico"",""Scotty V VanTatenhove"",""Shirley Peel"""
Larimer,City of Fort Collins Mayor,UPLOADED,160413,110-190-76,"""Tricia Canonico(1)"",""Emily Francis(1)"",""Tricia Canonico(2)""",""
Larimer,City of Fort Collins Mayor,UPLOADED,160414,110-190-3,"""Tricia Canonico(1)"",""Adam Eggleston(2)"",""Scotty V VanTatenhove(3)"",""Jeffrey Shumway(4)"",""Adam Eggleston(5)"",""Jeffrey Shumway(6)"",""Adam Hirschhorn(7)""","""Tricia Canonico"",""Adam Eggleston"",""Scotty V VanTatenhove"",""Jeffrey Shumway"""
Larimer,City of Fort Collins Mayor,UPLOADED,160415,110-190-88,"""Tricia Canonico(1)"",""Adam Eggleston(2)"",""Scotty V VanTatenhove(3)"",""Jeffrey Shumway(4)"",""Adam Eggleston(5)"",""Jeffrey Shumway(6)"",""Adam Hirschhorn(7)""","""Tricia Canonico"",""Adam Eggleston"",""Scotty V VanTatenhove"",""Jeffrey Shumway"""
Larimer,City of Fort Collins Mayor,UPLOADED,160512,112-231-81,"""Emily Francis(1)"",""Adam Hirschhorn(2)"",""Adam Eggleston(3)"",""Jeffrey Shumway(7)""","""Emily Francis"",""Adam Hirschhorn"",""Adam Eggleston"""
Larimer,City of Fort Collins Mayor,UPLOADED,160514,112-231-2,"""Jeffrey Shumway(1)"",""Tricia Canonico(7)"",""Adam Eggleston(7)"",""Emily Francis(7)"",""Adam Hirschhorn(7)"",""Shirley Peel(7)"",""Scotty V VanTatenhove(7)""","""Jeffrey Shumway"""
Larimer,City of Fort Collins Mayor,UPLOADED,160515,112-231-47,"""Jeffrey Shumway(1)"",""Adam Eggleston(2)"",""Jeffrey Shumway(3)"",""Jeffrey Shumway(4)"",""Jeffrey Shumway(5)"",""Jeffrey Shumway(6)"",""Jeffrey Shumway(7)""","""Jeffrey Shumway"",""Adam Eggleston"""
Larimer,City of Fort Collins Mayor,UPLOADED,161107,111-220-16,"""Emily Francis(1)"",""Scotty V VanTatenhove(2)"",""Adam Eggleston(3)"",""Tricia Canonico(4)"",""Adam Hirschhorn(5)"",""Jeffrey Shumway(6)"",""Tricia Canonico(7)""","""Emily Francis"",""Scotty V VanTatenhove"",""Adam Eggleston"",""Tricia Canonico"",""Adam Hirschhorn"",""Jeffrey Shumway"""
Larimer,City of Fort Collins Mayor,UPLOADED,161113,111-220-87,"""Emily Francis(1)"",""Scotty V VanTatenhove(2)"",""Adam Eggleston(3)"",""Shirley Peel(4)"",""Adam Eggleston(5)"",""Tricia Canonico(6)"",""Jeffrey Shumway(7)""","""Emily Francis"",""Scotty V VanTatenhove"",""Adam Eggleston"",""Shirley Peel"""
Larimer,City of Fort Collins Mayor,UPLOADED,161605,103-175-6,"""Emily Francis(1)"",""Tricia Canonico(2)"",""Shirley Peel(3)"",""Scotty V VanTatenhove(5)"",""Adam Hirschhorn(6)"",""Jeffrey Shumway(7)""","""Emily Francis"",""Tricia Canonico"",""Shirley Peel"""
Larimer,City of Fort Collins Mayor,UPLOADED,161606,103-175-44,"""Emily Francis(1)"",""Shirley Peel(2)"",""Tricia Canonico(3)"",""Adam Eggleston(4)"",""Adam Hirschhorn(5)"",""Adam Hirschhorn(6)"",""Scotty V VanTatenhove(6)"",""Jeffrey Shumway(7)""","""Emily Francis"",""Shirley Peel"",""Tricia Canonico"",""Adam Eggleston"",""Adam Hirschhorn"",""Scotty V VanTatenhove"",""Jeffrey Shumway"""
Larimer,City of Fort Collins Mayor,UPLOADED,161607,103-175-43,"""Emily Francis(1)"",""Tricia Canonico(2)"",""Adam Hirschhorn(3)"",""Adam Hirschhorn(4)"",""Shirley Peel(5)"",""Adam Eggleston(6)"",""Scotty V VanTatenhove(7)""","""Emily Francis"",""Tricia Canonico"",""Adam Hirschhorn"""
Larimer,City of Fort Collins Mayor,UPLOADED,161608,103-175-32,"""Adam Eggleston(1)"",""Tricia Canonico(2)"",""Adam Eggleston(3)"",""Emily Francis(4)"",""Jeffrey Shumway(5)"",""Shirley Peel(6)"",""Scotty V VanTatenhove(7)""","""Adam Eggleston"",""Tricia Canonico"""
Larimer,City of Fort Collins Mayor,UPLOADED,161612,103-175-89,"""Emily Francis(1)"",""Scotty V VanTatenhove(2)"",""Jeffrey Shumway(3)"",""Shirley Peel(4)"",""Tricia Canonico(5)"",""Adam Hirschhorn(6)"",""Scotty V VanTatenhove(7)""","""Emily Francis"",""Scotty V VanTatenhove"",""Jeffrey Shumway"",""Shirley Peel"",""Tricia Canonico"",""Adam Hirschhorn"""
Larimer,City of Fort Collins Mayor,UPLOADED,161808,109-195-64,"""Adam Eggleston(1)"",""Emily Francis(2)"",""Shirley Peel(3)"",""Tricia Canonico(4)"",""Scotty V VanTatenhove(5)"",""Adam Hirschhorn(6)"",""Shirley Peel(7)""","""Adam Eggleston"",""Emily Francis"",""Shirley Peel"",""Tricia Canonico"",""Scotty V VanTatenhove"",""Adam Hirschhorn"""
Larimer,City of Fort Collins Mayor,UPLOADED,161809,109-195-93,"""Tricia Canonico(1)"",""Shirley Peel(5)""","""Tricia Canonico"""
Larimer,City of Fort Collins Mayor,UPLOADED,161811,109-195-4,"""Adam Hirschhorn(1)"",""Shirley Peel(2)"",""Adam Eggleston(3)"",""Adam Hirschhorn(4)"",""Emily Francis(5)"",""Jeffrey Shumway(6)"",""Scotty V VanTatenhove(7)""","""Adam Hirschhorn"",""Shirley Peel"",""Adam Eggleston"""
Larimer,City of Fort Collins Mayor,UPLOADED,161812,109-195-96,"""Emily Francis(1)"",""Tricia Canonico(2)"",""Emily Francis(3)"",""Scotty V VanTatenhove(4)"",""Emily Francis(5)"",""Jeffrey Shumway(6)"",""Shirley Peel(7)""","""Emily Francis"",""Tricia Canonico"""
Larimer,City of Fort Collins Mayor,UPLOADED,161813,109-195-5,"""Adam Eggleston(1)"",""Jeffrey Shumway(2)"",""Emily Francis(3)"",""Shirley Peel(4)"",""Tricia Canonico(5)"",""Scotty V VanTatenhove(6)"",""Emily Francis(7)""","""Adam Eggleston"",""Jeffrey Shumway"",""Emily Francis"",""Shirley Peel"",""Tricia Canonico"",""Scotty V VanTatenhove"""
Larimer,City of Fort Collins Mayor,UPLOADED,162112,112-233-17,"""Shirley Peel(1)"",""Shirley Peel(2)"",""Shirley Peel(3)"",""Shirley Peel(4)"",""Shirley Peel(5)"",""Shirley Peel(6)"",""Shirley Peel(7)""","""Shirley Peel"""
Larimer,City of Fort Collins Mayor,UPLOADED,162412,105-248-49,"""Shirley Peel(1)"",""Adam Eggleston(2)"",""Jeffrey Shumway(3)"",""Adam Hirschhorn(4)"",""Emily Francis(5)"",""Scotty V VanTatenhove(6)"",""Adam Hirschhorn(7)""","""Shirley Peel"",""Adam Eggleston"",""Jeffrey Shumway"",""Adam Hirschhorn"",""Emily Francis"",""Scotty V VanTatenhove"""
Larimer,City of Fort Collins Mayor,UPLOADED,162512,106-264-19,"""Emily Francis(1)"",""Tricia Canonico(2)"",""Adam Eggleston(3)"",""Adam Hirschhorn(4)"",""Scotty V VanTatenhove(5)"",""Adam Hirschhorn(6)"",""Shirley Peel(6)"",""Jeffrey Shumway(7)""","""Emily Francis"",""Tricia Canonico"",""Adam Eggleston"",""Adam Hirschhorn"",""Scotty V VanTatenhove"",""Shirley Peel"",""Jeffrey Shumway"""
Larimer,City of Fort Collins Mayor,UPLOADED,163006,112-235-47,"""Adam Hirschhorn(1)"",""Adam Hirschhorn(2)"",""Adam Hirschhorn(3)"",""Adam Hirschhorn(4)"",""Adam Hirschhorn(5)"",""Adam Hirschhorn(6)"",""Adam Hirschhorn(7)""","""Adam Hirschhorn"""
Larimer,City of Fort Collins Mayor,UPLOADED,163009,112-235-94,"""Emily Francis(1)"",""Adam Hirschhorn(2)"",""Tricia Canonico(3)"",""Adam Eggleston(4)"",""Jeffrey Shumway(5)"",""Scotty V VanTatenhove(6)"",""Adam Hirschhorn(7)""","""Emily Francis"",""Adam Hirschhorn"",""Tricia Canonico"",""Adam Eggleston"",""Jeffrey Shumway"",""Scotty V VanTatenhove"""
Larimer,City of Fort Collins Mayor,UPLOADED,163196,106-266-31,"""Tricia Canonico(1)"",""Shirley Peel(2)"",""Scotty V VanTatenhove(3)"",""Emily Francis(4)"",""Adam Hirschhorn(5)"",""Jeffrey Shumway(6)"",""Adam Hirschhorn(7)""","""Tricia Canonico"",""Shirley Peel"",""Scotty V VanTatenhove"",""Emily Francis"",""Adam Hirschhorn"",""Jeffrey Shumway"""
Larimer,City of Fort Collins Mayor,UPLOADED,163197,106-266-42,"""Emily Francis(1)"",""Shirley Peel(2)"",""Jeffrey Shumway(3)"",""Tricia Canonico(4)"",""Adam Hirschhorn(5)"",""Scotty V VanTatenhove(6)"",""Adam Hirschhorn(7)""","""Emily Francis"",""Shirley Peel"",""Jeffrey Shumway"",""Tricia Canonico"",""Adam Hirschhorn"",""Scotty V VanTatenhove"""
Larimer,City of Fort Collins Mayor,UPLOADED,163199,106-266-7,"""Emily Francis(1)"",""Tricia Canonico(2)"",""Shirley Peel(3)"",""Emily Francis(4)"",""Adam Hirschhorn(5)"",""Jeffrey Shumway(6)"",""Scotty V VanTatenhove(7)""","""Emily Francis"",""Tricia Canonico"",""Shirley Peel"""
Larimer,City of Fort Collins Mayor,UPLOADED,163201,106-266-58,"""Emily Francis(1)"",""Tricia Canonico(2)"",""Adam Eggleston(7)""","""Emily Francis"",""Tricia Canonico"""
Larimer,City of Fort Collins Mayor,UPLOADED,163202,106-266-65,"""Shirley Peel(1)"",""Emily Francis(2)"",""Tricia Canonico(3)"",""Scotty V VanTatenhove(4)"",""Adam Eggleston(5)"",""Scotty V VanTatenhove(6)"",""Adam Hirschhorn(7)""","""Shirley Peel"",""Emily Francis"",""Tricia Canonico"",""Scotty V VanTatenhove"",""Adam Eggleston"""
Larimer,City of Fort Collins Mayor,UPLOADED,163203,106-266-97,"""Tricia Canonico(1)"",""Emily Francis(2)"",""Adam Eggleston(7)""","""Tricia Canonico"",""Emily Francis"""
Larimer,City of Fort Collins Mayor,UPLOADED,163205,106-266-18,"""Emily Francis(1)"",""Tricia Canonico(2)"",""Shirley Peel(4)""","""Emily Francis"",""Tricia Canonico"""
Larimer,City of Fort Collins Mayor,UPLOADED,163206,106-266-32,"""Tricia Canonico(1)"",""Emily Francis(2)"",""Scotty V VanTatenhove(3)"",""Adam Hirschhorn(4)"",""Shirley Peel(5)"",""Adam Eggleston(6)"",""Scotty V VanTatenhove(7)""","""Tricia Canonico"",""Emily Francis"",""Scotty V VanTatenhove"",""Adam Hirschhorn"",""Shirley Peel"",""Adam Eggleston"""
Larimer,City of Fort Collins Mayor,UPLOADED,163303,103-177-24,"""Tricia Canonico(1)"",""Jeffrey Shumway(2)"",""Emily Francis(3)"",""Shirley Peel(4)"",""Jeffrey Shumway(5)"",""Scotty V VanTatenhove(6)"",""Adam Hirschhorn(7)""","""Tricia Canonico"",""Jeffrey Shumway"",""Emily Francis"",""Shirley Peel"""
Larimer,City of Fort Collins Mayor,UPLOADED,163305,103-177-44,"""Shirley Peel(1)"",""Tricia Canonico(5)"",""Emily Francis(6)"",""Adam Hirschhorn(6)"",""Jeffrey Shumway(6)"",""Adam Eggleston(7)"",""Scotty V VanTatenhove(7)""","""Shirley Peel"""
Larimer,City of Fort Collins Mayor,UPLOADED,163401,104-199-48,"""Emily Francis(1)"",""Adam Hirschhorn(2)"",""Shirley Peel(3)"",""Tricia Canonico(4)"",""Scotty V VanTatenhove(5)"",""Adam Hirschhorn(6)"",""Jeffrey Shumway(7)""","""Emily Francis"",""Adam Hirschhorn"",""Shirley Peel"",""Tricia Canonico"",""Scotty V VanTatenhove"""
Larimer,City of Fort Collins Mayor,UPLOADED,163402,104-199-84,"""Tricia Canonico(1)"",""Emily Francis(2)"",""Scotty V VanTatenhove(3)"",""Shirley Peel(4)"",""Adam Eggleston(5)"",""Jeffrey Shumway(6)"",""Jeffrey Shumway(7)""","""Tricia Canonico"",""Emily Francis"",""Scotty V VanTatenhove"",""Shirley Peel"",""Adam Eggleston"",""Jeffrey Shumway"""
Larimer,City of Fort Collins Mayor,UPLOADED,163403,104-199-6,"""Emily Francis(1)"",""Adam Eggleston(3)"",""Emily Francis(4)"",""Shirley Peel(5)"",""Emily Francis(6)"",""Adam Eggleston(7)""","""Emily Francis"""
Larimer,City of Fort Collins Mayor,UPLOADED,163404,104-199-61,"""Tricia Canonico(1)"",""Jeffrey Shumway(7)""","""Tricia Canonico"""
Larimer,City of Fort Collins Mayor,UPLOADED,163998,106-268-1,"""Emily Francis(1)"",""Tricia Canonico(2)"",""Jeffrey Shumway(6)"",""Scotty V VanTatenhove(7)""","""Emily Francis"",""Tricia Canonico"""
Larimer,City of Fort Collins Mayor,UPLOADED,163999,106-268-50,"""Shirley Peel(1)"",""Tricia Canonico(2)"",""Emily Francis(3)"",""Adam Eggleston(4)"",""Shirley Peel(5)"",""Jeffrey Shumway(6)"",""Scotty V VanTatenhove(7)""","""Shirley Peel"",""Tricia Canonico"",""Emily Francis"",""Adam Eggleston"""
Larimer,City of Fort Collins Mayor,UPLOADED,164002,106-268-99,"""Shirley Peel(1)"",""Tricia Canonico(2)"",""Emily Francis(3)"",""Adam Eggleston(4)"",""Shirley Peel(5)"",""Jeffrey Shumway(6)"",""Scotty V VanTatenhove(7)""","""Shirley Peel"",""Tricia Canonico"",""Emily Francis"",""Adam Eggleston"""
Larimer,City of Fort Collins Mayor,UPLOADED,164003,106-268-27,"""Shirley Peel(1)"",""Shirley Peel(2)"",""Shirley Peel(3)"",""Shirley Peel(4)"",""Shirley Peel(5)"",""Shirley Peel(6)"",""Shirley Peel(7)""","""Shirley Peel"""
Larimer,City of Fort Collins Councilmember - District 1,UPLOADED,164003,106-268-27,"""Susan Gutowsky(1)"",""Susan Gutowsky(2)"",""Susan Gutowsky(3)""","""Susan Gutowsky"""
Larimer,City of Fort Collins Mayor,UPLOADED,164200,105-250-38,"""Tricia Canonico(1)"",""Shirley Peel(2)"",""Emily Francis(3)"",""Adam Eggleston(4)"",""Jeffrey Shumway(5)"",""Shirley Peel(6)"",""Scotty V VanTatenhove(7)""","""Tricia Canonico"",""Shirley Peel"",""Emily Francis"",""Adam Eggleston"",""Jeffrey Shumway"""
Larimer,City of Fort Collins Mayor,UPLOADED,164201,105-250-45,"""Shirley Peel(1)"",""Emily Francis(2)"",""Adam Eggleston(3)"",""Shirley Peel(4)""","""Shirley Peel"",""Emily Francis"",""Adam Eggleston"""
Larimer,City of Fort Collins Mayor,UPLOADED,164203,105-250-47,"""Emily Francis(1)"",""Tricia Canonico(2)"",""Adam Hirschhorn(3)"",""Adam Eggleston(4)"",""Adam Hirschhorn(5)"",""Scotty V VanTatenhove(6)"",""Jeffrey Shumway(7)""","""Emily Francis"",""Tricia Canonico"",""Adam Hirschhorn"",""Adam Eggleston"""
Larimer,City of Fort Collins Mayor,UPLOADED,164300,106-270-57,"""Adam Hirschhorn(1)"",""Scotty V VanTatenhove(2)"",""Tricia Canonico(6)"",""Emily Francis(7)""","""Adam Hirschhorn"",""Scotty V VanTatenhove"""
Larimer,City of Fort Collins Mayor,UPLOADED,164302,106-270-90,"""Emily Francis(1)"",""Jeffrey Shumway(1)"",""Scotty V VanTatenhove(2)"",""Tricia Canonico(3)"",""Adam Eggleston(4)"",""Shirley Peel(5)"",""Adam Hirschhorn(6)""",""
Larimer,City of Fort Collins Mayor,UPLOADED,164397,109-197-2,"""Emily Francis(1)"",""Jeffrey Shumway(2)"",""Shirley Peel(3)"",""Adam Hirschhorn(4)"",""Scotty V VanTatenhove(5)"",""Emily Francis(6)"",""Adam Eggleston(7)""","""Emily Francis"",""Jeffrey Shumway"",""Shirley Peel"",""Adam Hirschhorn"",""Scotty V VanTatenhove"""
Larimer,City of Fort Collins Mayor,UPLOADED,164400,109-197-37,"""Emily Francis(1)"",""Tricia Canonico(7)"",""Adam Eggleston(7)"",""Adam Hirschhorn(7)"",""Shirley Peel(7)"",""Jeffrey Shumway(7)"",""Scotty V VanTatenhove(7)""","""Emily Francis"""
Larimer,City of Fort Collins Mayor,UPLOADED,164401,109-197-69,"""Jeffrey Shumway(1)"",""Shirley Peel(2)"",""Adam Eggleston(3)"",""Tricia Canonico(4)"",""Tricia Canonico(5)"",""Tricia Canonico(6)"",""Tricia Canonico(7)""","""Jeffrey Shumway"",""Shirley Peel"",""Adam Eggleston"",""Tricia Canonico"""
Larimer,City of Fort Collins Mayor,UPLOADED,164402,109-197-34,"""Adam Eggleston(1)"",""Adam Hirschhorn(2)"",""Scotty V VanTatenhove(3)"",""Jeffrey Shumway(4)"",""Adam Eggleston(5)"",""Tricia Canonico(6)"",""Emily Francis(7)""","""Adam Eggleston"",""Adam Hirschhorn"",""Scotty V VanTatenhove"",""Jeffrey Shumway"""
Larimer,City of Fort Collins Mayor,UPLOADED,164499,110-193-3,"""Tricia Canonico(1)"",""Tricia Canonico(2)"",""Tricia Canonico(3)"",""Tricia Canonico(4)"",""Emily Francis(5)"",""Emily Francis(6)"",""Emily Francis(7)""","""Tricia Canonico"""
Larimer,City of Fort Collins Mayor,UPLOADED,164500,110-193-15,"""Emily Francis(1)"",""Scotty V VanTatenhove(2)"",""Tricia Canonico(3)"",""Adam Eggleston(5)"",""Adam Hirschhorn(6)"",""Shirley Peel(7)""","""Emily Francis"",""Scotty V VanTatenhove"",""Tricia Canonico"""
Larimer,City of Fort Collins Mayor,UPLOADED,164501,110-193-2,"""Shirley Peel(1)"",""Emily Francis(2)"",""Tricia Canonico(3)"",""Scotty V VanTatenhove(4)"",""Adam Eggleston(5)"",""Shirley Peel(6)"",""Jeffrey Shumway(7)""","""Shirley Peel"",""Emily Francis"",""Tricia Canonico"",""Scotty V VanTatenhove"",""Adam Eggleston"""
Larimer,City of Fort Collins Mayor,UPLOADED,164502,110-193-97,"""Shirley Peel(1)"",""Jeffrey Shumway(2)"",""Adam Eggleston(3)"",""Emily Francis(4)"",""Tricia Canonico(5)"",""Jeffrey Shumway(6)"",""Adam Hirschhorn(7)""","""Shirley Peel"",""Jeffrey Shumway"",""Adam Eggleston"",""Emily Francis"",""Tricia Canonico"""
Larimer,City of Fort Collins Mayor,UPLOADED,164898,105-252-12,"""Emily Francis(1)"",""Tricia Canonico(2)"",""Adam Hirschhorn(3)"",""Shirley Peel(4)"",""Scotty V VanTatenhove(5)"",""Adam Hirschhorn(6)"",""Jeffrey Shumway(7)""","""Emily Francis"",""Tricia Canonico"",""Adam Hirschhorn"",""Shirley Peel"",""Scotty V VanTatenhove"""
Larimer,City of Fort Collins Mayor,UPLOADED,164901,105-252-29,"""Shirley Peel(1)"",""Jeffrey Shumway(2)"",""Adam Eggleston(3)"",""Tricia Canonico(4)"",""Adam Eggleston(5)"",""Scotty V VanTatenhove(6)"",""Adam Hirschhorn(7)""","""Shirley Peel"",""Jeffrey Shumway"",""Adam Eggleston"",""Tricia Canonico"""
Larimer,City of Fort Collins Mayor,UPLOADED,164999,106-272-8,"""Tricia Canonico(1)"",""Emily Francis(2)"",""Shirley Peel(3)"",""Scotty V VanTatenhove(4)"",""Adam Eggleston(5)"",""Scotty V VanTatenhove(6)"",""Adam Hirschhorn(7)""","""Tricia Canonico"",""Emily Francis"",""Shirley Peel"",""Scotty V VanTatenhove"",""Adam Eggleston"""
Larimer,City of Fort Collins Mayor,UPLOADED,165002,106-272-53,"""Emily Francis(1)"",""Tricia Canonico(2)"",""Scotty V VanTatenhove(3)"",""Adam Hirschhorn(4)"",""Shirley Peel(5)"",""Adam Hirschhorn(6)"",""Adam Eggleston(7)""","""Emily Francis"",""Tricia Canonico"",""Scotty V VanTatenhove"",""Adam Hirschhorn"",""Shirley Peel"""
Larimer,City of Fort Collins Mayor,UPLOADED,165396,110-195-1,"""Emily Francis(1)"",""Tricia Canonico(2)"",""Adam Hirschhorn(3)"",""Adam Eggleston(4)"",""Adam Eggleston(5)"",""Shirley Peel(5)"",""Jeffrey Shumway(6)"",""Scotty V VanTatenhove(7)""","""Emily Francis"",""Tricia Canonico"",""Adam Hirschhorn"",""Adam Eggleston"",""Shirley Peel"",""Jeffrey Shumway"",""Scotty V VanTatenhove"""
Larimer,City of Fort Collins Mayor,UPLOADED,165397,110-195-62,"""Shirley Peel(1)"",""Jeffrey Shumway(2)"",""Adam Hirschhorn(7)""","""Shirley Peel"",""Jeffrey Shumway"""
Larimer,City of Fort Collins Mayor,UPLOADED,165398,110-195-74,"""Adam Eggleston(1)"",""Adam Eggleston(2)"",""Scotty V VanTatenhove(3)"",""Emily Francis(4)""","""Adam Eggleston"""
Larimer,City of Fort Collins Mayor,UPLOADED,165399,110-195-54,"""Emily Francis(1)"",""Shirley Peel(7)""","""Emily Francis"""
Larimer,City of Fort Collins Mayor,UPLOADED,165400,110-195-73,"""Tricia Canonico(1)"",""Emily Francis(2)"",""Shirley Peel(3)"",""Adam Eggleston(4)"",""Adam Hirschhorn(5)"",""Shirley Peel(6)"",""Scotty V VanTatenhove(7)""","""Tricia Canonico"",""Emily Francis"",""Shirley Peel"",""Adam Eggleston"",""Adam Hirschhorn"""
Larimer,City of Fort Collins Mayor,UPLOADED,165592,109-199-7,"""Emily Francis(1)"",""Scotty V VanTatenhove(2)"",""Tricia Canonico(3)"",""Adam Hirschhorn(4)"",""Shirley Peel(6)"",""Jeffrey Shumway(7)""","""Emily Francis"",""Scotty V VanTatenhove"",""Tricia Canonico"",""Adam Hirschhorn"""
Larimer,City of Fort Collins Mayor,UPLOADED,165594,109-199-56,"""Emily Francis(1)"",""Adam Eggleston(2)"",""Adam Eggleston(3)"",""Jeffrey Shumway(4)"",""Scotty V VanTatenhove(5)"",""Shirley Peel(6)"",""Adam Hirschhorn(7)""","""Emily Francis"",""Adam Eggleston"""
Larimer,City of Fort Collins Mayor,UPLOADED,165597,109-199-47,"""Tricia Canonico(1)"",""Emily Francis(2)"",""Adam Eggleston(3)"",""Adam Hirschhorn(4)"",""Jeffrey Shumway(5)"",""Adam Hirschhorn(6)"",""Scotty V VanTatenhove(7)""","""Tricia Canonico"",""Emily Francis"",""Adam Eggleston"",""Adam Hirschhorn"",""Jeffrey Shumway"""
Larimer,City of Fort Collins Mayor,UPLOADED,165600,109-199-74,"""Shirley Peel(1)"",""Jeffrey Shumway(2)"",""Adam Eggleston(3)"",""Adam Hirschhorn(4)"",""Scotty V VanTatenhove(5)"",""Adam Eggleston(6)"",""Tricia Canonico(7)""","""Shirley Peel"",""Jeffrey Shumway"",""Adam Eggleston"",""Adam Hirschhorn"",""Scotty V VanTatenhove"""
Larimer,City of Fort Collins Mayor,UPLOADED,165695,105-254-24,"""Adam Eggleston(1)"",""Emily Francis(1)"",""Shirley Peel(1)"",""Adam Hirschhorn(2)"",""Scotty V VanTatenhove(3)"",""Jeffrey Shumway(4)""",""
Larimer,City of Fort Collins Mayor,UPLOADED,165697,105-254-86,"""Emily Francis(1)"",""Scotty V VanTatenhove(5)"",""Adam Hirschhorn(6)"",""Jeffrey Shumway(7)""","""Emily Francis"""
Larimer,City of Fort Collins Mayor,UPLOADED,165698,105-254-64,"""Shirley Peel(1)"",""Jeffrey Shumway(2)"",""Adam Eggleston(3)"",""Adam Hirschhorn(4)"",""Scotty V VanTatenhove(5)"",""Tricia Canonico(6)"",""Adam Eggleston(7)""","""Shirley Peel"",""Jeffrey Shumway"",""Adam Eggleston"",""Adam Hirschhorn"",""Scotty V VanTatenhove"",""Tricia Canonico"""
Larimer,City of Fort Collins Mayor,UPLOADED,165699,105-254-98,"""Tricia Canonico(1)"",""Emily Francis(2)"",""Adam Eggleston(7)""","""Tricia Canonico"",""Emily Francis"""
Larimer,City of Fort Collins Mayor,UPLOADED,165700,105-254-33,"""Adam Eggleston(1)"",""Adam Hirschhorn(3)""","""Adam Eggleston"""
Larimer,City of Fort Collins Mayor,UPLOADED,165701,105-254-41,"""Emily Francis(1)"",""Tricia Canonico(2)"",""Shirley Peel(2)"",""Adam Eggleston(4)"",""Adam Hirschhorn(5)"",""Jeffrey Shumway(6)"",""Scotty V VanTatenhove(7)""","""Emily Francis"""
Larimer,City of Fort Collins Mayor,UPLOADED,165794,106-274-33,"""Tricia Canonico(1)"",""Adam Eggleston(2)"",""Shirley Peel(3)"",""Adam Hirschhorn(4)"",""Scotty V VanTatenhove(5)"",""Adam Hirschhorn(6)"",""Jeffrey Shumway(7)""","""Tricia Canonico"",""Adam Eggleston"",""Shirley Peel"",""Adam Hirschhorn"",""Scotty V VanTatenhove"""
Larimer,City of Fort Collins Mayor,UPLOADED,165795,106-274-69,"""Shirley Peel(1)"",""Adam Eggleston(2)"",""Tricia Canonico(3)"",""Scotty V VanTatenhove(4)"",""Jeffrey Shumway(5)"",""Emily Francis(6)"",""Tricia Canonico(7)""","""Shirley Peel"",""Adam Eggleston"",""Tricia Canonico"",""Scotty V VanTatenhove"",""Jeffrey Shumway"",""Emily Francis"""
Larimer,City of Fort Collins Mayor,UPLOADED,165796,106-274-87,"""Emily Francis(1)"",""Adam Eggleston(2)"",""Tricia Canonico(3)"",""Adam Hirschhorn(4)"",""Shirley Peel(5)"",""Adam Eggleston(6)"",""Jeffrey Shumway(7)""","""Emily Francis"",""Adam Eggleston"",""Tricia Canonico"",""Adam Hirschhorn"",""Shirley Peel"""
Larimer,City of Fort Collins Mayor,UPLOADED,165797,106-274-51,"""Emily Francis(1)"",""Adam Eggleston(2)"",""Shirley Peel(6)"",""Jeffrey Shumway(7)""","""Emily Francis"",""Adam Eggleston"""
Larimer,City of Fort Collins Mayor,UPLOADED,165798,106-274-95,"""Adam Eggleston(1)"",""Adam Hirschhorn(1)"",""Jeffrey Shumway(1)"",""Scotty V VanTatenhove(2)"",""Shirley Peel(3)"",""Emily Francis(4)"",""Tricia Canonico(5)""",""
Larimer,City of Fort Collins Mayor,UPLOADED,165799,106-274-90,"""Emily Francis(1)"",""Adam Eggleston(2)"",""Shirley Peel(3)"",""Tricia Canonico(7)""","""Emily Francis"",""Adam Eggleston"",""Shirley Peel"""
Larimer,City of Fort Collins Mayor,UPLOADED,165800,106-274-60,"""Emily Francis(1)"",""Tricia Canonico(2)"",""Adam Eggleston(3)"",""Emily Francis(4)""","""Emily Francis"",""Tricia Canonico"",""Adam Eggleston"""
Larimer,City of Fort Collins Mayor,UPLOADED,165893,111-226-12,"""Emily Francis(1)"",""Scotty V VanTatenhove(2)"",""Tricia Canonico(3)"",""Shirley Peel(4)"",""Adam Eggleston(5)"",""Jeffrey Shumway(6)"",""Tricia Canonico(7)""","""Emily Francis"",""Scotty V VanTatenhove"",""Tricia Canonico"",""Shirley Peel"",""Adam Eggleston"",""Jeffrey Shumway"""
Larimer,City of Fort Collins Mayor,UPLOADED,165894,111-226-62,"""Jeffrey Shumway(1)"",""Shirley Peel(2)"",""Adam Eggleston(3)"",""Jeffrey Shumway(4)"",""Jeffrey Shumway(5)"",""Jeffrey Shumway(6)"",""Jeffrey Shumway(7)""","""Jeffrey Shumway"",""Shirley Peel"",""Adam Eggleston"""
Larimer,City of Fort Collins Mayor,UPLOADED,165898,111-226-74,"""Emily Francis(1)"",""Adam Eggleston(2)"",""Shirley Peel(3)"",""Scotty V VanTatenhove(4)"",""Jeffrey Shumway(5)"",""Tricia Canonico(6)"",""Jeffrey Shumway(7)""","""Emily Francis"",""Adam Eggleston"",""Shirley Peel"",""Scotty V VanTatenhove"",""Jeffrey Shumway"",""Tricia Canonico"""
Larimer,City of Fort Collins Mayor,UPLOADED,165901,111-226-41,"""Emily Francis(1)"",""Scotty V VanTatenhove(2)"",""Adam Hirschhorn(3)"",""Shirley Peel(4)"",""Jeffrey Shumway(7)""","""Emily Francis"",""Scotty V VanTatenhove"",""Adam Hirschhorn"",""Shirley Peel"""
Larimer,City of Fort Collins Mayor,UPLOADED,166096,104-201-6,"""Tricia Canonico(1)"",""Emily Francis(2)"",""Adam Eggleston(3)"",""Adam Hirschhorn(4)"",""Shirley Peel(4)"",""Tricia Canonico(5)""","""Tricia Canonico"",""Emily Francis"",""Adam Eggleston"""
Larimer,City of Fort Collins Mayor,UPLOADED,166097,104-201-5,"""Emily Francis(1)"",""Scotty V VanTatenhove(2)"",""Shirley Peel(3)"",""Tricia Canonico(4)"",""Adam Hirschhorn(6)""","""Emily Francis"",""Scotty V VanTatenhove"",""Shirley Peel"",""Tricia Canonico"""
Larimer,City of Fort Collins Mayor,UPLOADED,166098,104-201-47,"""Tricia Canonico(1)"",""Shirley Peel(2)"",""Emily Francis(3)"",""Adam Eggleston(4)"",""Adam Hirschhorn(5)"",""Jeffrey Shumway(6)"",""Adam Hirschhorn(7)""","""Tricia Canonico"",""Shirley Peel"",""Emily Francis"",""Adam Eggleston"",""Adam Hirschhorn"",""Jeffrey Shumway"""
Larimer,City of Fort Collins Mayor,UPLOADED,166099,104-201-99,"""Emily Francis(1)"",""Adam Eggleston(2)"",""Scotty V VanTatenhove(3)"",""Jeffrey Shumway(4)"",""Tricia Canonico(5)"",""Shirley Peel(6)"",""Jeffrey Shumway(7)""","""Emily Francis"",""Adam Eggleston"",""Scotty V VanTatenhove"",""Jeffrey Shumway"",""Tricia Canonico"",""Shirley Peel"""
Larimer,City of Fort Collins Mayor,UPLOADED,166101,104-201-73,"""Jeffrey Shumway(1)"",""Adam Eggleston(2)"",""Shirley Peel(3)"",""Scotty V VanTatenhove(4)"",""Adam Hirschhorn(5)"",""Jeffrey Shumway(6)"",""Shirley Peel(7)""","""Jeffrey Shumway"",""Adam Eggleston"",""Shirley Peel"",""Scotty V VanTatenhove"",""Adam Hirschhorn"""
Larimer,City of Fort Collins Mayor,UPLOADED,166400,112-237-22,"""Adam Hirschhorn(1)"",""Emily Francis(2)"",""Scotty V VanTatenhove(3)"",""Shirley Peel(4)"",""Adam Hirschhorn(5)"",""Tricia Canonico(6)"",""Jeffrey Shumway(7)""","""Adam Hirschhorn"",""Emily Francis"",""Scotty V VanTatenhove"",""Shirley Peel"""
Larimer,City of Fort Collins Mayor,UPLOADED,166793,103-179-25,"""Emily Francis(1)"",""Jeffrey Shumway(6)"",""Scotty V VanTatenhove(7)""","""Emily Francis"""
Larimer,City of Fort Collins Mayor,UPLOADED,166795,103-179-2,"""Emily Francis(1)"",""Adam Eggleston(3)""","""Emily Francis"""
Larimer,City of Fort Collins Councilmember - District 1,UPLOADED,166796,103-179-92,"""Chris Conway(1)"",""Daisy Montgomery(2)"",""Susan Gutowsky(3)"",""Daisy Montgomery(3)""","""Chris Conway"",""Daisy Montgomery"",""Susan Gutowsky"""
Larimer,City of Fort Collins Mayor,UPLOADED,166798,103-179-77,"""Scotty V VanTatenhove(1)"",""Adam Eggleston(2)"",""Emily Francis(3)"",""Shirley Peel(4)"",""Jeffrey Shumway(4)"",""Jeffrey Shumway(5)"",""Tricia Canonico(6)"",""Adam Hirschhorn(7)""","""Scotty V VanTatenhove"",""Adam Eggleston"",""Emily Francis"""
Larimer,City of Fort Collins Mayor,UPLOADED,166993,106-276-2,"""Scotty V VanTatenhove(1)"",""Adam Eggleston(2)"",""Tricia Canonico(3)"",""Emily Francis(4)"",""Adam Hirschhorn(5)"",""Shirley Peel(6)"",""Adam Eggleston(7)""","""Scotty V VanTatenhove"",""Adam Eggleston"",""Tricia Canonico"",""Emily Francis"",""Adam Hirschhorn"",""Shirley Peel"""
Larimer,City of Fort Collins Mayor,UPLOADED,166994,106-276-3,"""Scotty V VanTatenhove(1)"",""Adam Hirschhorn(2)"",""Emily Francis(3)"",""Shirley Peel(4)"",""Tricia Canonico(5)"",""Adam Eggleston(6)"",""Shirley Peel(7)""","""Scotty V VanTatenhove"",""Adam Hirschhorn"",""Emily Francis"",""Shirley Peel"",""Tricia Canonico"",""Adam Eggleston"""
Larimer,City of Fort Collins Mayor,UPLOADED,166995,106-276-39,"""Shirley Peel(1)"",""Adam Eggleston(6)"",""Adam Hirschhorn(7)""","""Shirley Peel"""
Larimer,City of Fort Collins Mayor,UPLOADED,166996,106-276-35,"""Jeffrey Shumway(1)"",""Shirley Peel(2)"",""Adam Eggleston(3)"",""Adam Hirschhorn(4)"",""Tricia Canonico(5)"",""Scotty V VanTatenhove(6)"",""Adam Hirschhorn(7)""","""Jeffrey Shumway"",""Shirley Peel"",""Adam Eggleston"",""Adam Hirschhorn"",""Tricia Canonico"",""Scotty V VanTatenhove"""
Larimer,City of Fort Collins Mayor,UPLOADED,166997,106-276-28,"""Emily Francis(1)"",""Adam Eggleston(2)"",""Adam Hirschhorn(3)"",""Tricia Canonico(4)"",""Shirley Peel(5)"",""Jeffrey Shumway(6)"",""Jeffrey Shumway(7)""","""Emily Francis"",""Adam Eggleston"",""Adam Hirschhorn"",""Tricia Canonico"",""Shirley Peel"",""Jeffrey Shumway"""
Larimer,City of Fort Collins Mayor,UPLOADED,166998,106-276-60,"""Jeffrey Shumway(1)"",""Shirley Peel(2)"",""Emily Francis(3)"",""Adam Eggleston(4)"",""Tricia Canonico(5)"",""Adam Hirschhorn(7)""","""Jeffrey Shumway"",""Shirley Peel"",""Emily Francis"",""Adam Eggleston"",""Tricia Canonico"""
Larimer,City of Fort Collins Mayor,UPLOADED,167092,105-256-25,"""Emily Francis(1)"",""Adam Eggleston(2)"",""Shirley Peel(3)"",""Tricia Canonico(4)"",""Adam Eggleston(5)"",""Jeffrey Shumway(6)"",""Scotty V VanTatenhove(7)""","""Emily Francis"",""Adam Eggleston"",""Shirley Peel"",""Tricia Canonico"""
Larimer,City of Fort Collins Mayor,UPLOADED,167093,105-256-48,"""Emily Francis(1)"",""Scotty V VanTatenhove(2)"",""Jeffrey Shumway(7)""","""Emily Francis"",""Scotty V VanTatenhove"""
Larimer,City of Fort Collins Mayor,UPLOADED,167094,105-256-87,"""Emily Francis(1)"",""Adam Eggleston(2)"",""Tricia Canonico(3)"",""Shirley Peel(4)"",""Adam Eggleston(5)"",""Scotty V VanTatenhove(6)"",""Jeffrey Shumway(7)""","""Emily Francis"",""Adam Eggleston"",""Tricia Canonico"",""Shirley Peel"""
Larimer,City of Fort Collins Mayor,UPLOADED,167096,105-256-18,"""Tricia Canonico(1)"",""Jeffrey Shumway(7)""","""Tricia Canonico"""
Larimer,City of Fort Collins Mayor,UPLOADED,167098,105-256-7,"""Emily Francis(1)"",""Shirley Peel(2)"",""Tricia Canonico(3)"",""Adam Eggleston(4)"",""Scotty V VanTatenhove(5)"",""Adam Eggleston(6)"",""Adam Hirschhorn(6)"",""Jeffrey Shumway(7)""","""Emily Francis"",""Shirley Peel"",""Tricia Canonico"",""Adam Eggleston"",""Scotty V VanTatenhove"",""Adam Hirschhorn"",""Jeffrey Shumway"""
Larimer,City of Fort Collins Mayor,UPLOADED,167289,112-239-61,"""Emily Francis(1)"",""Scotty V VanTatenhove(2)"",""Jeffrey Shumway(6)"",""Shirley Peel(7)""","""Emily Francis"",""Scotty V VanTatenhove"""
Larimer,City of Fort Collins Mayor,UPLOADED,167292,112-239-65,"""Emily Francis(1)"",""Adam Hirschhorn(2)"",""Scotty V VanTatenhove(3)"",""Tricia Canonico(4)"",""Adam Eggleston(5)"",""Emily Francis(5)""","""Emily Francis"",""Adam Hirschhorn"",""Scotty V VanTatenhove"",""Tricia Canonico"",""Adam Eggleston"""
Larimer,City of Fort Collins Mayor,UPLOADED,167293,112-239-57,"""Adam Eggleston(1)"",""Emily Francis(3)"",""Adam Hirschhorn(5)"",""Scotty V VanTatenhove(6)"",""Jeffrey Shumway(7)""","""Adam Eggleston"""
Larimer,City of Fort Collins Mayor,UPLOADED,167296,112-239-91,"""Shirley Peel(1)"",""Tricia Canonico(2)"",""Emily Francis(3)"",""Adam Eggleston(4)"",""Scotty V VanTatenhove(5)"",""Scotty V VanTatenhove(6)""","""Shirley Peel"",""Tricia Canonico"",""Emily Francis"",""Adam Eggleston"",""Scotty V VanTatenhove"""
Larimer,City of Fort Collins Mayor,UPLOADED,167297,112-239-72,"""Emily Francis(1)"",""Tricia Canonico(2)"",""Adam Eggleston(3)"",""Scotty V VanTatenhove(3)"",""Shirley Peel(5)"",""Jeffrey Shumway(6)"",""Adam Hirschhorn(7)""","""Emily Francis"",""Tricia Canonico"""
Larimer,City of Fort Collins Mayor,UPLOADED,167393,111-228-62,"""Scotty V VanTatenhove(7)""",""
Larimer,City of Fort Collins Mayor,UPLOADED,167395,111-228-58,"""Jeffrey Shumway(1)"",""Adam Eggleston(2)"",""Tricia Canonico(3)"",""Shirley Peel(5)"",""Emily Francis(6)"",""Adam Hirschhorn(7)"",""Scotty V VanTatenhove(7)""","""Jeffrey Shumway"",""Adam Eggleston"",""Tricia Canonico"""
Larimer,City of Fort Collins Mayor,UPLOADED,167396,111-228-53,"""Emily Francis(1)"",""Tricia Canonico(2)"",""Scotty V VanTatenhove(3)"",""Adam Eggleston(4)"",""Shirley Peel(5)"",""Shirley Peel(6)"",""Jeffrey Shumway(7)""","""Emily Francis"",""Tricia Canonico"",""Scotty V VanTatenhove"",""Adam Eggleston"",""Shirley Peel"""
Larimer,City of Fort Collins Mayor,UPLOADED,167587,110-197-74,"""Emily Francis(1)"",""Tricia Canonico(2)"",""Adam Hirschhorn(3)"",""Adam Eggleston(4)"",""Jeffrey Shumway(5)"",""Adam Hirschhorn(6)"",""Scotty V VanTatenhove(7)""","""Emily Francis"",""Tricia Canonico"",""Adam Hirschhorn"",""Adam Eggleston"",""Jeffrey Shumway"""
Larimer,City of Fort Collins Mayor,UPLOADED,167588,110-197-93,"""Shirley Peel(1)"",""Adam Hirschhorn(7)""","""Shirley Peel"""
Larimer,City of Fort Collins Mayor,UPLOADED,167589,110-197-52,"""Emily Francis(1)"",""Tricia Canonico(2)"",""Shirley Peel(3)"",""Scotty V VanTatenhove(4)"",""Adam Hirschhorn(5)"",""Jeffrey Shumway(7)""","""Emily Francis"",""Tricia Canonico"",""Shirley Peel"",""Scotty V VanTatenhove"",""Adam Hirschhorn"""
Larimer,City of Fort Collins Mayor,UPLOADED,167590,110-197-58,"""Jeffrey Shumway(1)"",""Shirley Peel(2)"",""Adam Eggleston(3)"",""Tricia Canonico(4)"",""Scotty V VanTatenhove(6)"",""Emily Francis(7)"",""Adam Hirschhorn(7)""","""Jeffrey Shumway"",""Shirley Peel"",""Adam Eggleston"",""Tricia Canonico"""
Larimer,City of Fort Collins Mayor,UPLOADED,167591,110-197-67,"""Shirley Peel(1)"",""Jeffrey Shumway(2)"",""Adam Eggleston(3)"",""Scotty V VanTatenhove(4)"",""Shirley Peel(5)"",""Tricia Canonico(6)"",""Emily Francis(7)""","""Shirley Peel"",""Jeffrey Shumway"",""Adam Eggleston"",""Scotty V VanTatenhove"""
Larimer,City of Fort Collins Mayor,UPLOADED,167592,110-197-95,"""Emily Francis(1)"",""Shirley Peel(2)"",""Scotty V VanTatenhove(3)"",""Jeffrey Shumway(7)""","""Emily Francis"",""Shirley Peel"",""Scotty V VanTatenhove"""
Larimer,City of Fort Collins Mayor,UPLOADED,167593,110-197-8,"""Emily Francis(1)"",""Tricia Canonico(2)"",""Shirley Peel(3)"",""Adam Eggleston(4)"",""Adam Hirschhorn(5)"",""Scotty V VanTatenhove(6)"",""Scotty V VanTatenhove(7)""","""Emily Francis"",""Tricia Canonico"",""Shirley Peel"",""Adam Eggleston"",""Adam Hirschhorn"",""Scotty V VanTatenhove"""
Larimer,City of Fort Collins Mayor,UPLOADED,167594,110-197-23,"""Emily Francis(1)"",""Tricia Canonico(2)"",""Adam Eggleston(3)"",""Shirley Peel(4)"",""Scotty V VanTatenhove(5)"",""Jeffrey Shumway(6)"",""Scotty V VanTatenhove(7)""","""Emily Francis"",""Tricia Canonico"",""Adam Eggleston"",""Shirley Peel"",""Scotty V VanTatenhove"",""Jeffrey Shumway"""
Larimer,City of Fort Collins Mayor,UPLOADED,167979,106-278-16,"""Tricia Canonico(1)"",""Tricia Canonico(2)"",""Tricia Canonico(3)"",""Tricia Canonico(4)"",""Emily Francis(5)"",""Emily Francis(6)"",""Emily Francis(7)""","""Tricia Canonico"""
Larimer,City of Fort Collins Mayor,UPLOADED,167980,106-278-49,"""Jeffrey Shumway(1)"",""Shirley Peel(2)"",""Adam Eggleston(3)"",""Tricia Canonico(4)"",""Scotty V VanTatenhove(5)"",""Emily Francis(7)""","""Jeffrey Shumway"",""Shirley Peel"",""Adam Eggleston"",""Tricia Canonico"",""Scotty V VanTatenhove"""
Larimer,City of Fort Collins Mayor,UPLOADED,167981,106-278-44,"""Scotty V VanTatenhove(1)"",""Emily Francis(2)"",""Tricia Canonico(3)"",""Scotty V VanTatenhove(4)"",""Emily Francis(5)"",""Tricia Canonico(6)"",""Tricia Canonico(7)""","""Scotty V VanTatenhove"",""Emily Francis"",""Tricia Canonico"""
Larimer,City of Fort Collins Mayor,UPLOADED,167984,106-278-55,"""Shirley Peel(1)"",""Scotty V VanTatenhove(7)""","""Shirley Peel"""
Larimer,City of Fort Collins Mayor,UPLOADED,167985,106-278-74,"""Emily Francis(1)"",""Adam Eggleston(2)"",""Scotty V VanTatenhove(3)"",""Tricia Canonico(4)"",""Adam Hirschhorn(7)""","""Emily Francis"",""Adam Eggleston"",""Scotty V VanTatenhove"",""Tricia Canonico"""
Larimer,City of Fort Collins Mayor,UPLOADED,171480,112-245-49,"""Shirley Peel(1)"",""Scotty V VanTatenhove(2)"",""Adam Eggleston(3)"",""Scotty V VanTatenhove(4)"",""Tricia Canonico(5)"",""Emily Francis(7)""","""Shirley Peel"",""Scotty V VanTatenhove"",""Adam Eggleston"""
Larimer,City of Fort Collins Mayor,UPLOADED,167986,106-278-63,"""Emily Francis(1)"",""Tricia Canonico(2)"",""Adam Eggleston(3)"",""Scotty V VanTatenhove(4)"",""Shirley Peel(5)"",""Adam Hirschhorn(6)"",""Jeffrey Shumway(7)"",""Scotty V VanTatenhove(7)""","""Emily Francis"",""Tricia Canonico"",""Adam Eggleston"",""Scotty V VanTatenhove"",""Shirley Peel"",""Adam Hirschhorn"",""Jeffrey Shumway"""
Larimer,City of Fort Collins Mayor,UPLOADED,167988,106-278-78,"""Tricia Canonico(1)"",""Emily Francis(2)"",""Shirley Peel(3)"",""Jeffrey Shumway(7)""","""Tricia Canonico"",""Emily Francis"",""Shirley Peel"""
Larimer,City of Fort Collins Mayor,UPLOADED,168088,109-201-32,"""Tricia Canonico(1)"",""Shirley Peel(2)"",""Adam Hirschhorn(5)"",""Emily Francis(6)"",""Adam Eggleston(7)"",""Jeffrey Shumway(7)"",""Scotty V VanTatenhove(7)""","""Tricia Canonico"",""Shirley Peel"""
Larimer,City of Fort Collins Mayor,UPLOADED,168183,104-203-3,"""Tricia Canonico(1)"",""Emily Francis(2)"",""Adam Eggleston(3)"",""Adam Hirschhorn(3)"",""Shirley Peel(4)""","""Tricia Canonico"",""Emily Francis"""
Larimer,City of Fort Collins Mayor,UPLOADED,168189,104-203-94,"""Emily Francis(1)"",""Adam Eggleston(2)"",""Adam Hirschhorn(3)"",""Tricia Canonico(4)"",""Adam Hirschhorn(5)"",""Jeffrey Shumway(6)"",""Scotty V VanTatenhove(7)""","""Emily Francis"",""Adam Eggleston"",""Adam Hirschhorn"",""Tricia Canonico"""
Larimer,City of Fort Collins Mayor,UPLOADED,168190,104-203-92,"""Tricia Canonico(1)"",""Adam Eggleston(2)"",""Shirley Peel(4)"",""Emily Francis(5)"",""Jeffrey Shumway(6)"",""Adam Hirschhorn(7)""","""Tricia Canonico"",""Adam Eggleston"""
Larimer,City of Fort Collins Mayor,UPLOADED,168479,105-258-4,"""Emily Francis(1)"",""Shirley Peel(2)"",""Scotty V VanTatenhove(3)"",""Tricia Canonico(4)"",""Adam Hirschhorn(5)"",""Adam Eggleston(6)"",""Adam Eggleston(7)"",""Jeffrey Shumway(7)""","""Emily Francis"",""Shirley Peel"",""Scotty V VanTatenhove"",""Tricia Canonico"",""Adam Hirschhorn"",""Adam Eggleston"",""Jeffrey Shumway"""
Larimer,City of Fort Collins Mayor,UPLOADED,168483,105-258-37,"""Adam Hirschhorn(1)"",""Tricia Canonico(2)"",""Adam Eggleston(3)"",""Tricia Canonico(4)"",""Scotty V VanTatenhove(5)"",""Adam Hirschhorn(6)"",""Jeffrey Shumway(7)""","""Adam Hirschhorn"",""Tricia Canonico"",""Adam Eggleston"""
Larimer,City of Fort Collins Mayor,UPLOADED,168484,105-258-8,"""Shirley Peel(1)"",""Emily Francis(2)"",""Scotty V VanTatenhove(3)"",""Tricia Canonico(4)"",""Adam Hirschhorn(5)"",""Jeffrey Shumway(6)"",""Adam Hirschhorn(7)""","""Shirley Peel"",""Emily Francis"",""Scotty V VanTatenhove"",""Tricia Canonico"",""Adam Hirschhorn"",""Jeffrey Shumway"""
Larimer,City of Fort Collins Mayor,UPLOADED,168485,105-258-82,"""Jeffrey Shumway(1)"",""Adam Hirschhorn(2)"",""Jeffrey Shumway(3)"",""Scotty V VanTatenhove(4)"",""Adam Eggleston(5)"",""Tricia Canonico(6)"",""Shirley Peel(7)""","""Jeffrey Shumway"",""Adam Hirschhorn"""
Larimer,City of Fort Collins Mayor,UPLOADED,168487,105-258-60,"""Shirley Peel(1)"",""Adam Eggleston(2)"",""Shirley Peel(2)"",""Adam Eggleston(3)"",""Adam Hirschhorn(3)"",""Shirley Peel(3)"",""Emily Francis(4)"",""Shirley Peel(4)"",""Shirley Peel(5)"",""Jeffrey Shumway(5)"",""Shirley Peel(6)"",""Scotty V VanTatenhove(6)"",""Tricia Canonico(7)"",""Shirley Peel(7)""","""Shirley Peel"",""Adam Eggleston"",""Adam Hirschhorn"",""Emily Francis"",""Jeffrey Shumway"",""Scotty V VanTatenhove"",""Tricia Canonico"""
Larimer,City of Fort Collins Mayor,UPLOADED,168680,112-241-42,"""Tricia Canonico(1)"",""Emily Francis(2)"",""Shirley Peel(3)"",""Adam Hirschhorn(4)"",""Jeffrey Shumway(5)"",""Scotty V VanTatenhove(6)"",""Adam Hirschhorn(7)""","""Tricia Canonico"",""Emily Francis"",""Shirley Peel"",""Adam Hirschhorn"",""Jeffrey Shumway"",""Scotty V VanTatenhove"""
Larimer,City of Fort Collins Mayor,UPLOADED,168681,112-241-10,"""Shirley Peel(1)"",""Shirley Peel(2)"",""Shirley Peel(3)""","""Shirley Peel"""
Larimer,City of Fort Collins Mayor,UPLOADED,168682,112-241-80,"""Tricia Canonico(1)"",""Emily Francis(2)"",""Adam Eggleston(3)"",""Shirley Peel(4)"",""Jeffrey Shumway(5)"",""Adam Hirschhorn(6)"",""Jeffrey Shumway(7)""","""Tricia Canonico"",""Emily Francis"",""Adam Eggleston"",""Shirley Peel"",""Jeffrey Shumway"",""Adam Hirschhorn"""
Larimer,City of Fort Collins Mayor,UPLOADED,168683,112-241-72,"""Jeffrey Shumway(1)"",""Jeffrey Shumway(2)"",""Jeffrey Shumway(3)"",""Jeffrey Shumway(4)"",""Jeffrey Shumway(5)"",""Jeffrey Shumway(6)"",""Jeffrey Shumway(7)""","""Jeffrey Shumway"""
Larimer,City of Fort Collins Mayor,UPLOADED,168684,112-241-47,"""Emily Francis(1)"",""Tricia Canonico(2)"",""Scotty V VanTatenhove(3)"",""Adam Hirschhorn(4)"",""Shirley Peel(5)"",""Jeffrey Shumway(6)"",""Adam Hirschhorn(7)""","""Emily Francis"",""Tricia Canonico"",""Scotty V VanTatenhove"",""Adam Hirschhorn"",""Shirley Peel"",""Jeffrey Shumway"""
Larimer,City of Fort Collins Mayor,UPLOADED,168686,112-241-52,"""Shirley Peel(1)"",""Jeffrey Shumway(2)"",""Adam Eggleston(3)"",""Tricia Canonico(4)"",""Adam Eggleston(5)"",""Emily Francis(6)"",""Scotty V VanTatenhove(7)""","""Shirley Peel"",""Jeffrey Shumway"",""Adam Eggleston"",""Tricia Canonico"""
Larimer,City of Fort Collins Mayor,UPLOADED,168879,106-280-21,"""Adam Hirschhorn(1)"",""Emily Francis(2)"",""Adam Eggleston(3)"",""Tricia Canonico(4)"",""Scotty V VanTatenhove(5)"",""Jeffrey Shumway(6)"",""Adam Hirschhorn(7)""","""Adam Hirschhorn"",""Emily Francis"",""Adam Eggleston"",""Tricia Canonico"",""Scotty V VanTatenhove"",""Jeffrey Shumway"""
Larimer,City of Fort Collins Mayor,UPLOADED,168880,106-280-7,"""Scotty V VanTatenhove(1)"",""Emily Francis(2)"",""Adam Eggleston(3)"",""Adam Hirschhorn(4)"",""Shirley Peel(6)"",""Jeffrey Shumway(7)""","""Scotty V VanTatenhove"",""Emily Francis"",""Adam Eggleston"",""Adam Hirschhorn"""
Larimer,City of Fort Collins Mayor,UPLOADED,168882,106-280-81,"""Adam Hirschhorn(1)"",""Emily Francis(2)"",""Adam Eggleston(3)"",""Tricia Canonico(4)"",""Shirley Peel(5)"",""Shirley Peel(6)"",""Jeffrey Shumway(7)""","""Adam Hirschhorn"",""Emily Francis"",""Adam Eggleston"",""Tricia Canonico"",""Shirley Peel"""
Larimer,City of Fort Collins Councilmember - District 3,UPLOADED,168883,106-280-49,"""Josh Fudge(1)"",""Steve Yurash(2)"",""Josh Fudge(3)""","""Josh Fudge"",""Steve Yurash"""
Larimer,City of Fort Collins Mayor,UPLOADED,168884,106-280-87,"""Tricia Canonico(1)"",""Scotty V VanTatenhove(6)""","""Tricia Canonico"""
Larimer,City of Fort Collins Councilmember - District 3,UPLOADED,168886,106-280-72,"""Josh Fudge(1)"",""Lance Smith(2)"",""Lance Smith(3)""","""Josh Fudge"",""Lance Smith"""
Larimer,City of Fort Collins Mayor,UPLOADED,169080,111-231-12,"""Adam Hirschhorn(1)"",""Tricia Canonico(2)"",""Adam Eggleston(3)"",""Emily Francis(4)"",""Shirley Peel(5)"",""Adam Eggleston(6)"",""Jeffrey Shumway(7)""","""Adam Hirschhorn"",""Tricia Canonico"",""Adam Eggleston"",""Emily Francis"",""Shirley Peel"""
Larimer,City of Fort Collins Mayor,UPLOADED,169082,111-231-14,"""Tricia Canonico(1)"",""Adam Eggleston(2)"",""Emily Francis(3)"",""Shirley Peel(5)"",""Scotty V VanTatenhove(6)"",""Jeffrey Shumway(7)""","""Tricia Canonico"",""Adam Eggleston"",""Emily Francis"""
Larimer,City of Fort Collins Mayor,UPLOADED,169085,111-231-38,"""Tricia Canonico(1)"",""Adam Eggleston(2)"",""Emily Francis(3)"",""Scotty V VanTatenhove(4)"",""Jeffrey Shumway(5)"",""Adam Hirschhorn(6)"",""Jeffrey Shumway(7)""","""Tricia Canonico"",""Adam Eggleston"",""Emily Francis"",""Scotty V VanTatenhove"",""Jeffrey Shumway"",""Adam Hirschhorn"""
Larimer,City of Fort Collins Mayor,UPLOADED,169283,103-181-52,"""Tricia Canonico(1)"",""Shirley Peel(2)"",""Adam Eggleston(3)"",""Adam Hirschhorn(4)"",""Jeffrey Shumway(5)"",""Adam Eggleston(6)"",""Scotty V VanTatenhove(7)""","""Tricia Canonico"",""Shirley Peel"",""Adam Eggleston"",""Adam Hirschhorn"",""Jeffrey Shumway"""
Larimer,City of Fort Collins Mayor,UPLOADED,169285,103-181-39,"""Jeffrey Shumway(1)"",""Shirley Peel(2)"",""Adam Eggleston(3)"",""Emily Francis(4)"",""Tricia Canonico(5)"",""Adam Hirschhorn(7)"",""Scotty V VanTatenhove(7)""","""Jeffrey Shumway"",""Shirley Peel"",""Adam Eggleston"",""Emily Francis"",""Tricia Canonico"""
Larimer,City of Fort Collins Mayor,UPLOADED,169873,104-205-1,"""Shirley Peel(1)"",""Jeffrey Shumway(2)"",""Adam Hirschhorn(3)"",""Scotty V VanTatenhove(4)"",""Scotty V VanTatenhove(5)"",""Tricia Canonico(6)"",""Emily Francis(7)""","""Shirley Peel"",""Jeffrey Shumway"",""Adam Hirschhorn"",""Scotty V VanTatenhove"""
Larimer,City of Fort Collins Mayor,UPLOADED,169875,104-205-23,"""Shirley Peel(1)"",""Tricia Canonico(2)"",""Emily Francis(3)"",""Scotty V VanTatenhove(4)"",""Tricia Canonico(5)"",""Adam Hirschhorn(6)"",""Jeffrey Shumway(7)""","""Shirley Peel"",""Tricia Canonico"",""Emily Francis"",""Scotty V VanTatenhove"""
Larimer,City of Fort Collins Mayor,UPLOADED,169876,104-205-2,"""Adam Hirschhorn(1)"",""Tricia Canonico(2)"",""Adam Eggleston(3)"",""Shirley Peel(4)"",""Scotty V VanTatenhove(6)"",""Jeffrey Shumway(7)""","""Adam Hirschhorn"",""Tricia Canonico"",""Adam Eggleston"",""Shirley Peel"""
Larimer,City of Fort Collins Mayor,UPLOADED,169878,104-205-10,"""Shirley Peel(1)"",""Jeffrey Shumway(2)"",""Adam Eggleston(3)"",""Scotty V VanTatenhove(4)"",""Emily Francis(5)"",""Emily Francis(6)"",""Adam Hirschhorn(7)""","""Shirley Peel"",""Jeffrey Shumway"",""Adam Eggleston"",""Scotty V VanTatenhove"",""Emily Francis"""
Larimer,City of Fort Collins Mayor,UPLOADED,169879,104-205-46,"""Emily Francis(1)"",""Adam Eggleston(2)"",""Emily Francis(3)"",""Tricia Canonico(4)"",""Shirley Peel(5)"",""Jeffrey Shumway(6)"",""Scotty V VanTatenhove(7)""","""Emily Francis"",""Adam Eggleston"""
Larimer,City of Fort Collins Mayor,UPLOADED,169979,109-203-45,"""Shirley Peel(1)"",""Emily Francis(2)"",""Tricia Canonico(3)"",""Jeffrey Shumway(4)"",""Adam Hirschhorn(5)"",""Adam Eggleston(6)"",""Adam Hirschhorn(7)""","""Shirley Peel"",""Emily Francis"",""Tricia Canonico"",""Jeffrey Shumway"",""Adam Hirschhorn"",""Adam Eggleston"""
Larimer,City of Fort Collins Mayor,UPLOADED,169981,109-203-62,"""Tricia Canonico(1)"",""Emily Francis(2)"",""Scotty V VanTatenhove(7)""","""Tricia Canonico"",""Emily Francis"""
Larimer,City of Fort Collins Mayor,UPLOADED,169982,109-203-60,"""Jeffrey Shumway(1)"",""Jeffrey Shumway(2)"",""Jeffrey Shumway(3)"",""Jeffrey Shumway(4)"",""Jeffrey Shumway(5)"",""Jeffrey Shumway(6)"",""Jeffrey Shumway(7)""","""Jeffrey Shumway"""
Larimer,City of Fort Collins Mayor,UPLOADED,170079,105-260-53,"""Jeffrey Shumway(1)"",""Jeffrey Shumway(2)"",""Jeffrey Shumway(3)"",""Jeffrey Shumway(4)"",""Jeffrey Shumway(5)"",""Jeffrey Shumway(6)"",""Jeffrey Shumway(7)""","""Jeffrey Shumway"""
Larimer,City of Fort Collins Mayor,UPLOADED,170080,105-260-60,"""Emily Francis(1)"",""Scotty V VanTatenhove(7)""","""Emily Francis"""
Larimer,City of Fort Collins Mayor,UPLOADED,170479,111-233-22,"""Tricia Canonico(1)"",""Emily Francis(5)"",""Adam Eggleston(6)"",""Adam Hirschhorn(7)"",""Shirley Peel(7)"",""Jeffrey Shumway(7)"",""Scotty V VanTatenhove(7)""","""Tricia Canonico"""
Larimer,City of Fort Collins Mayor,UPLOADED,170480,111-233-23,"""Tricia Canonico(1)"",""Adam Hirschhorn(3)"",""Jeffrey Shumway(6)"",""Scotty V VanTatenhove(7)""","""Tricia Canonico"""
Larimer,City of Fort Collins Mayor,UPLOADED,170481,111-233-53,"""Adam Hirschhorn(1)"",""Adam Hirschhorn(2)"",""Adam Hirschhorn(3)"",""Adam Hirschhorn(4)"",""Adam Hirschhorn(5)"",""Adam Hirschhorn(6)"",""Adam Hirschhorn(7)""","""Adam Hirschhorn"""
Larimer,City of Fort Collins Mayor,UPLOADED,170577,106-282-10,"""Tricia Canonico(1)"",""Adam Eggleston(2)"",""Jeffrey Shumway(3)"",""Emily Francis(4)"",""Adam Hirschhorn(5)"",""Shirley Peel(6)"",""Adam Hirschhorn(7)""","""Tricia Canonico"",""Adam Eggleston"",""Jeffrey Shumway"",""Emily Francis"",""Adam Hirschhorn"",""Shirley Peel"""
Larimer,City of Fort Collins Mayor,UPLOADED,170578,106-282-80,"""Emily Francis(1)"",""Tricia Canonico(2)"",""Adam Hirschhorn(3)"",""Adam Eggleston(4)"",""Jeffrey Shumway(5)"",""Adam Hirschhorn(6)"",""Scotty V VanTatenhove(7)""","""Emily Francis"",""Tricia Canonico"",""Adam Hirschhorn"",""Adam Eggleston"",""Jeffrey Shumway"""
Larimer,City of Fort Collins Mayor,UPLOADED,170579,106-282-42,"""Emily Francis(1)"",""Scotty V VanTatenhove(2)"",""Shirley Peel(3)"",""Adam Eggleston(4)"",""Adam Hirschhorn(4)"",""Adam Eggleston(5)"",""Jeffrey Shumway(6)"",""Tricia Canonico(7)""","""Emily Francis"",""Scotty V VanTatenhove"",""Shirley Peel"""
Larimer,City of Fort Collins Mayor,UPLOADED,170675,103-183-45,"""Emily Francis(1)"",""Scotty V VanTatenhove(6)"",""Jeffrey Shumway(7)""","""Emily Francis"""
Larimer,City of Fort Collins Mayor,UPLOADED,170676,103-183-2,"""Tricia Canonico(1)"",""Jeffrey Shumway(1)"",""Emily Francis(4)"",""Tricia Canonico(7)""",""
Larimer,City of Fort Collins Mayor,UPLOADED,170678,103-183-38,"""Tricia Canonico(1)"",""Emily Francis(2)"",""Shirley Peel(3)"",""Scotty V VanTatenhove(4)"",""Jeffrey Shumway(5)"",""Adam Eggleston(6)"",""Adam Eggleston(7)""","""Tricia Canonico"",""Emily Francis"",""Shirley Peel"",""Scotty V VanTatenhove"",""Jeffrey Shumway"",""Adam Eggleston"""
Larimer,City of Fort Collins Mayor,UPLOADED,170679,103-183-34,"""Shirley Peel(1)"",""Shirley Peel(2)"",""Shirley Peel(3)"",""Shirley Peel(4)"",""Shirley Peel(5)"",""Adam Hirschhorn(6)"",""Adam Hirschhorn(7)""","""Shirley Peel"""
Larimer,City of Fort Collins Mayor,UPLOADED,171275,110-201-19,"""Emily Francis(1)"",""Tricia Canonico(2)"",""Scotty V VanTatenhove(7)""","""Emily Francis"",""Tricia Canonico"""
Larimer,City of Fort Collins Mayor,UPLOADED,171276,110-201-30,"""Adam Hirschhorn(1)"",""Tricia Canonico(2)"",""Scotty V VanTatenhove(3)"",""Shirley Peel(4)"",""Jeffrey Shumway(5)"",""Adam Eggleston(6)"",""Jeffrey Shumway(7)""","""Adam Hirschhorn"",""Tricia Canonico"",""Scotty V VanTatenhove"",""Shirley Peel"",""Jeffrey Shumway"",""Adam Eggleston"""
Larimer,City of Fort Collins Mayor,UPLOADED,171277,110-201-20,"""Emily Francis(1)"",""Shirley Peel(2)"",""Tricia Canonico(3)"",""Adam Eggleston(5)"",""Adam Hirschhorn(6)"",""Scotty V VanTatenhove(7)""","""Emily Francis"",""Shirley Peel"",""Tricia Canonico"""
Larimer,City of Fort Collins Mayor,UPLOADED,171279,110-201-52,"""Shirley Peel(1)"",""Emily Francis(2)"",""Tricia Canonico(3)"",""Jeffrey Shumway(7)""","""Shirley Peel"",""Emily Francis"",""Tricia Canonico"""
Larimer,City of Fort Collins Mayor,UPLOADED,171280,110-201-51,"""Emily Francis(1)"",""Adam Eggleston(2)"",""Tricia Canonico(3)"",""Scotty V VanTatenhove(4)"",""Shirley Peel(5)"",""Adam Hirschhorn(6)"",""Shirley Peel(7)""","""Emily Francis"",""Adam Eggleston"",""Tricia Canonico"",""Scotty V VanTatenhove"",""Shirley Peel"",""Adam Hirschhorn"""
Larimer,City of Fort Collins Mayor,UPLOADED,171281,110-201-80,"""Jeffrey Shumway(1)"",""Jeffrey Shumway(2)"",""Jeffrey Shumway(3)"",""Jeffrey Shumway(4)""","""Jeffrey Shumway"""
Larimer,City of Fort Collins Mayor,UPLOADED,171375,104-207-60,"""Emily Francis(1)"",""Tricia Canonico(2)"",""Jeffrey Shumway(3)"",""Scotty V VanTatenhove(4)"",""Adam Hirschhorn(5)"",""Adam Eggleston(6)"",""Jeffrey Shumway(7)""","""Emily Francis"",""Tricia Canonico"",""Jeffrey Shumway"",""Scotty V VanTatenhove"",""Adam Hirschhorn"",""Adam Eggleston"""
Larimer,City of Fort Collins Mayor,UPLOADED,171378,104-207-76,"""Tricia Canonico(1)"",""Emily Francis(2)"",""Shirley Peel(3)"",""Adam Hirschhorn(4)"",""Shirley Peel(5)"",""Adam Hirschhorn(6)"",""Jeffrey Shumway(7)""","""Tricia Canonico"",""Emily Francis"",""Shirley Peel"",""Adam Hirschhorn"""
Larimer,City of Fort Collins Mayor,UPLOADED,171380,104-207-73,"""Emily Francis(1)"",""Tricia Canonico(2)"",""Scotty V VanTatenhove(3)"",""Tricia Canonico(4)"",""Shirley Peel(4)"",""Scotty V VanTatenhove(5)"",""Jeffrey Shumway(6)"",""Adam Eggleston(7)""","""Emily Francis"",""Tricia Canonico"",""Scotty V VanTatenhove"",""Shirley Peel"""
Larimer,City of Fort Collins Mayor,UPLOADED,171478,112-245-84,"""Tricia Canonico(1)"",""Emily Francis(2)"",""Shirley Peel(7)""","""Tricia Canonico"",""Emily Francis"""
Larimer,City of Fort Collins Mayor,UPLOADED,171479,112-245-100,"""Emily Francis(1)"",""Shirley Peel(7)""","""Emily Francis"""
Larimer,City of Fort Collins Mayor,UPLOADED,171674,111-235-3,"""Tricia Canonico(1)"",""Adam Eggleston(2)"",""Shirley Peel(3)"",""Scotty V VanTatenhove(4)"",""Jeffrey Shumway(5)"",""Adam Eggleston(6)"",""Adam Hirschhorn(7)""","""Tricia Canonico"",""Adam Eggleston"",""Shirley Peel"",""Scotty V VanTatenhove"",""Jeffrey Shumway"""
Larimer,City of Fort Collins Mayor,UPLOADED,171675,111-235-33,"""Emily Francis(1)"",""Tricia Canonico(2)"",""Adam Eggleston(3)"",""Shirley Peel(4)"",""Adam Eggleston(5)"",""Scotty V VanTatenhove(6)"",""Jeffrey Shumway(7)""","""Emily Francis"",""Tricia Canonico"",""Adam Eggleston"",""Shirley Peel"""
Larimer,City of Fort Collins Mayor,UPLOADED,171677,111-235-16,"""Emily Francis(1)"",""Emily Francis(2)"",""Adam Hirschhorn(3)"",""Tricia Canonico(4)"",""Shirley Peel(5)"",""Adam Eggleston(6)"",""Jeffrey Shumway(7)""","""Emily Francis"""
Larimer,City of Fort Collins Mayor,UPLOADED,171678,111-235-94,"""Jeffrey Shumway(1)"",""Shirley Peel(2)"",""Adam Eggleston(3)"",""Jeffrey Shumway(4)"",""Jeffrey Shumway(5)"",""Jeffrey Shumway(6)"",""Jeffrey Shumway(7)""","""Jeffrey Shumway"",""Shirley Peel"",""Adam Eggleston"""
Larimer,City of Fort Collins Councilmember - District 3,UPLOADED,171678,111-235-94,"""Steve Yurash(1)"",""Steve Yurash(2)"",""Steve Yurash(3)""","""Steve Yurash"""
Larimer,City of Fort Collins Mayor,UPLOADED,171680,111-235-70,"""Emily Francis(1)"",""Adam Eggleston(2)"",""Tricia Canonico(3)"",""Scotty V VanTatenhove(4)"",""Adam Hirschhorn(5)"",""Shirley Peel(6)"",""Scotty V VanTatenhove(7)""","""Emily Francis"",""Adam Eggleston"",""Tricia Canonico"",""Scotty V VanTatenhove"",""Adam Hirschhorn"",""Shirley Peel"""
Larimer,City of Fort Collins Mayor,UPLOADED,171878,106-284-60,"""Scotty V VanTatenhove(7)""",""
Larimer,City of Fort Collins Mayor,UPLOADED,172274,109-205-59,"""Shirley Peel(1)"",""Tricia Canonico(7)"",""Adam Eggleston(7)"",""Emily Francis(7)"",""Shirley Peel(7)"",""Jeffrey Shumway(7)"",""Scotty V VanTatenhove(7)""","""Shirley Peel"""
Larimer,City of Fort Collins Mayor,UPLOADED,172276,109-205-95,"""Scotty V VanTatenhove(1)"",""Tricia Canonico(2)"",""Emily Francis(3)"",""Adam Eggleston(4)"",""Shirley Peel(5)"",""Scotty V VanTatenhove(6)"",""Adam Hirschhorn(7)""","""Scotty V VanTatenhove"",""Tricia Canonico"",""Emily Francis"",""Adam Eggleston"",""Shirley Peel"""
Larimer,City of Fort Collins Councilmember - District 1,UPLOADED,172277,109-205-73,"""Daisy Montgomery(3)""",""
Larimer,City of Fort Collins Mayor,UPLOADED,172278,109-205-3,"""Emily Francis(1)"",""Emily Francis(2)"",""Emily Francis(3)"",""Emily Francis(4)"",""Emily Francis(5)"",""Emily Francis(6)"",""Emily Francis(7)""","""Emily Francis"""
Larimer,City of Fort Collins Councilmember - District 1,UPLOADED,172278,109-205-3,"""Chris Conway(1)"",""Chris Conway(2)"",""Chris Conway(3)""","""Chris Conway"""
Larimer,City of Fort Collins Mayor,UPLOADED,172346,112-247-36,"""Emily Francis(1)"",""Tricia Canonico(2)"",""Scotty V VanTatenhove(3)"",""Adam Eggleston(4)"",""Shirley Peel(5)"",""Jeffrey Shumway(6)"",""Shirley Peel(7)""","""Emily Francis"",""Tricia Canonico"",""Scotty V VanTatenhove"",""Adam Eggleston"",""Shirley Peel"",""Jeffrey Shumway"""
Larimer,City of Fort Collins Mayor,UPLOADED,172677,111-237-7,"""Emily Francis(1)"",""Tricia Canonico(2)"",""Adam Hirschhorn(3)"",""Shirley Peel(4)"",""Adam Hirschhorn(5)"",""Jeffrey Shumway(6)"",""Scotty V VanTatenhove(7)""","""Emily Francis"",""Tricia Canonico"",""Adam Hirschhorn"",""Shirley Peel"""
Larimer,City of Fort Collins Mayor,UPLOADED,172678,111-237-11,"""Emily Francis(1)"",""Emily Francis(2)"",""Emily Francis(3)"",""Emily Francis(4)"",""Emily Francis(5)"",""Emily Francis(6)"",""Emily Francis(7)""","""Emily Francis"""
Larimer,City of Fort Collins Mayor,UPLOADED,172680,111-237-85,"""Emily Francis(1)"",""Adam Eggleston(2)"",""Tricia Canonico(3)"",""Scotty V VanTatenhove(4)"",""Shirley Peel(7)""","""Emily Francis"",""Adam Eggleston"",""Tricia Canonico"",""Scotty V VanTatenhove"""
Larimer,City of Fort Collins Mayor,UPLOADED,172683,111-237-13,"""Adam Eggleston(1)"",""Emily Francis(2)"",""Adam Hirschhorn(3)"",""Tricia Canonico(4)"",""Scotty V VanTatenhove(5)"",""Jeffrey Shumway(6)"",""Adam Hirschhorn(7)""","""Adam Eggleston"",""Emily Francis"",""Adam Hirschhorn"",""Tricia Canonico"",""Scotty V VanTatenhove"",""Jeffrey Shumway"""
Larimer,City of Fort Collins Mayor,UPLOADED,172684,111-237-86,"""Emily Francis(1)"",""Adam Eggleston(2)"",""Tricia Canonico(3)"",""Scotty V VanTatenhove(4)"",""Shirley Peel(7)""","""Emily Francis"",""Adam Eggleston"",""Tricia Canonico"",""Scotty V VanTatenhove"""
Larimer,City of Fort Collins Mayor,UPLOADED,172685,111-237-84,"""Tricia Canonico(1)"",""Shirley Peel(2)"",""Adam Eggleston(3)"",""Tricia Canonico(4)"",""Emily Francis(5)"",""Jeffrey Shumway(6)"",""Scotty V VanTatenhove(7)""","""Tricia Canonico"",""Shirley Peel"",""Adam Eggleston"""
Larimer,City of Fort Collins Mayor,UPLOADED,172778,104-209-30,"""Tricia Canonico(1)"",""Tricia Canonico(2)"",""Tricia Canonico(3)"",""Tricia Canonico(4)"",""Tricia Canonico(5)"",""Tricia Canonico(6)"",""Tricia Canonico(7)""","""Tricia Canonico"""
Larimer,City of Fort Collins Mayor,UPLOADED,173185,103-185-12,"""Emily Francis(1)"",""Adam Eggleston(2)"",""Shirley Peel(3)"",""Jeffrey Shumway(4)"",""Adam Eggleston(5)"",""Scotty V VanTatenhove(6)"",""Adam Hirschhorn(7)""","""Emily Francis"",""Adam Eggleston"",""Shirley Peel"",""Jeffrey Shumway"""
Larimer,City of Fort Collins Mayor,UPLOADED,173187,103-185-19,"""Jeffrey Shumway(1)"",""Jeffrey Shumway(2)"",""Jeffrey Shumway(3)"",""Jeffrey Shumway(4)"",""Jeffrey Shumway(5)"",""Jeffrey Shumway(6)"",""Jeffrey Shumway(7)""","""Jeffrey Shumway"""
Larimer,City of Fort Collins Mayor,UPLOADED,173189,103-185-8,"""Tricia Canonico(1)"",""Emily Francis(2)"",""Adam Eggleston(3)"",""Shirley Peel(4)"",""Adam Hirschhorn(5)"",""Scotty V VanTatenhove(6)"",""Scotty V VanTatenhove(7)""","""Tricia Canonico"",""Emily Francis"",""Adam Eggleston"",""Shirley Peel"",""Adam Hirschhorn"",""Scotty V VanTatenhove"""
Larimer,City of Fort Collins Mayor,UPLOADED,173190,103-185-82,"""Tricia Canonico(1)"",""Jeffrey Shumway(2)"",""Scotty V VanTatenhove(3)"",""Adam Hirschhorn(4)"",""Adam Eggleston(6)"",""Emily Francis(7)""","""Tricia Canonico"",""Jeffrey Shumway"",""Scotty V VanTatenhove"",""Adam Hirschhorn"""
Larimer,City of Fort Collins Mayor,UPLOADED,173384,112-249-5,"""Emily Francis(1)"",""Emily Francis(2)"",""Emily Francis(3)"",""Emily Francis(4)"",""Emily Francis(5)"",""Emily Francis(6)"",""Emily Francis(7)""","""Emily Francis"""
Larimer,City of Fort Collins Mayor,UPLOADED,173385,112-249-32,"""Emily Francis(1)"",""Shirley Peel(2)"",""Jeffrey Shumway(3)"",""Adam Eggleston(4)"",""Adam Hirschhorn(5)"",""Scotty V VanTatenhove(7)""","""Emily Francis"",""Shirley Peel"",""Jeffrey Shumway"",""Adam Eggleston"",""Adam Hirschhorn"""
Larimer,City of Fort Collins Mayor,UPLOADED,173388,112-249-56,"""Shirley Peel(1)"",""Shirley Peel(2)"",""Shirley Peel(3)"",""Shirley Peel(4)"",""Shirley Peel(5)"",""Shirley Peel(6)"",""Shirley Peel(7)""","""Shirley Peel"""
Larimer,City of Fort Collins Mayor,UPLOADED,173389,112-249-46,"""Emily Francis(1)"",""Jeffrey Shumway(2)"",""Adam Hirschhorn(3)"",""Tricia Canonico(4)"",""Scotty V VanTatenhove(5)"",""Jeffrey Shumway(6)"",""Shirley Peel(7)""","""Emily Francis"",""Jeffrey Shumway"",""Adam Hirschhorn"",""Tricia Canonico"",""Scotty V VanTatenhove"""
Larimer,City of Fort Collins Mayor,UPLOADED,173759,105-264-95,"""Tricia Canonico(1)"",""Emily Francis(2)"",""Adam Eggleston(3)"",""Shirley Peel(4)"",""Adam Hirschhorn(7)""","""Tricia Canonico"",""Emily Francis"",""Adam Eggleston"",""Shirley Peel"""
Larimer,City of Fort Collins Mayor,UPLOADED,173760,105-264-8,"""Shirley Peel(1)"",""Emily Francis(2)"",""Adam Hirschhorn(7)""","""Shirley Peel"",""Emily Francis"""
Larimer,City of Fort Collins Mayor,UPLOADED,173762,105-264-20,"""Emily Francis(1)"",""Tricia Canonico(2)"",""Shirley Peel(3)"",""Jeffrey Shumway(4)"",""Jeffrey Shumway(5)"",""Adam Eggleston(6)"",""Scotty V VanTatenhove(7)""","""Emily Francis"",""Tricia Canonico"",""Shirley Peel"",""Jeffrey Shumway"""
Larimer,City of Fort Collins Mayor,UPLOADED,174261,104-211-4,"""Emily Francis(1)"",""Tricia Canonico(2)"",""Emily Francis(3)"",""Jeffrey Shumway(3)"",""Shirley Peel(4)"",""Adam Eggleston(5)"",""Adam Hirschhorn(6)"",""Scotty V VanTatenhove(7)""","""Emily Francis"",""Tricia Canonico"",""Jeffrey Shumway"",""Shirley Peel"",""Adam Eggleston"",""Adam Hirschhorn"",""Scotty V VanTatenhove"""
Larimer,City of Fort Collins Mayor,UPLOADED,174456,109-207-69,"""Scotty V VanTatenhove(1)"",""Shirley Peel(2)"",""Tricia Canonico(4)"",""Adam Eggleston(5)"",""Adam Hirschhorn(6)"",""Jeffrey Shumway(7)""","""Scotty V VanTatenhove"",""Shirley Peel"""
Larimer,City of Fort Collins Mayor,UPLOADED,174457,109-207-51,"""Scotty V VanTatenhove(1)"",""Shirley Peel(2)"",""Tricia Canonico(4)"",""Adam Eggleston(5)"",""Adam Hirschhorn(6)"",""Jeffrey Shumway(7)""","""Scotty V VanTatenhove"",""Shirley Peel"""
Larimer,City of Fort Collins Mayor,UPLOADED,174458,109-207-73,"""Tricia Canonico(1)"",""Emily Francis(2)"",""Scotty V VanTatenhove(2)"",""Shirley Peel(3)"",""Adam Eggleston(4)"",""Adam Hirschhorn(5)"",""Jeffrey Shumway(6)"",""Jeffrey Shumway(7)""","""Tricia Canonico"""
Larimer,City of Fort Collins Mayor,UPLOADED,174858,111-240-67,"""Tricia Canonico(1)"",""Adam Eggleston(2)"",""Shirley Peel(3)"",""Scotty V VanTatenhove(4)"",""Adam Eggleston(5)"",""Adam Hirschhorn(6)"",""Jeffrey Shumway(7)""","""Tricia Canonico"",""Adam Eggleston"",""Shirley Peel"",""Scotty V VanTatenhove"""
Larimer,City of Fort Collins Mayor,UPLOADED,174859,111-240-24,"""Emily Francis(1)"",""Tricia Canonico(6)"",""Jeffrey Shumway(7)""","""Emily Francis"""
Larimer,City of Fort Collins Mayor,UPLOADED,174860,111-240-37,"""Tricia Canonico(1)"",""Shirley Peel(7)""","""Tricia Canonico"""
Larimer,City of Fort Collins Mayor,UPLOADED,175457,105-268-61,"""Adam Hirschhorn(1)"",""Emily Francis(2)"",""Tricia Canonico(3)"",""Adam Eggleston(4)"",""Scotty V VanTatenhove(5)"",""Jeffrey Shumway(6)"",""Adam Eggleston(7)""","""Adam Hirschhorn"",""Emily Francis"",""Tricia Canonico"",""Adam Eggleston"",""Scotty V VanTatenhove"",""Jeffrey Shumway"""
Larimer,City of Fort Collins Mayor,UPLOADED,175654,112-251-55,"""Jeffrey Shumway(1)"",""Shirley Peel(2)"",""Adam Eggleston(3)"",""Emily Francis(4)"",""Tricia Canonico(5)"",""Scotty V VanTatenhove(6)"",""Adam Eggleston(7)""","""Jeffrey Shumway"",""Shirley Peel"",""Adam Eggleston"",""Emily Francis"",""Tricia Canonico"",""Scotty V VanTatenhove"""
Larimer,City of Fort Collins Mayor,UPLOADED,175658,112-251-72,"""Emily Francis(1)"",""Shirley Peel(2)"",""Adam Hirschhorn(3)"",""Scotty V VanTatenhove(4)"",""Adam Hirschhorn(5)"",""Tricia Canonico(6)"",""Jeffrey Shumway(7)""","""Emily Francis"",""Shirley Peel"",""Adam Hirschhorn"",""Scotty V VanTatenhove"""
Larimer,City of Fort Collins Mayor,UPLOADED,175659,112-251-49,"""Emily Francis(1)"",""Scotty V VanTatenhove(2)"",""Adam Hirschhorn(4)"",""Shirley Peel(5)"",""Tricia Canonico(7)""","""Emily Francis"",""Scotty V VanTatenhove"""
Larimer,City of Fort Collins Mayor,UPLOADED,175847,106-290-2,"""Emily Francis(1)"",""Tricia Canonico(3)"",""Adam Eggleston(4)"",""Adam Hirschhorn(5)"",""Jeffrey Shumway(6)"",""Scotty V VanTatenhove(7)""","""Emily Francis"""
Larimer,City of Fort Collins Mayor,UPLOADED,175851,106-290-85,"""Emily Francis(1)"",""Tricia Canonico(3)"",""Adam Eggleston(4)"",""Scotty V VanTatenhove(5)"",""Adam Hirschhorn(6)"",""Shirley Peel(7)""","""Emily Francis"""
Larimer,City of Fort Collins Mayor,UPLOADED,175853,106-290-16,"""Emily Francis(1)"",""Tricia Canonico(2)"",""Scotty V VanTatenhove(3)"",""Shirley Peel(5)"",""Adam Hirschhorn(6)"",""Jeffrey Shumway(7)""","""Emily Francis"",""Tricia Canonico"",""Scotty V VanTatenhove"""
Larimer,City of Fort Collins Mayor,UPLOADED,175854,106-290-64,"""Emily Francis(1)"",""Scotty V VanTatenhove(5)"",""Jeffrey Shumway(6)"",""Adam Hirschhorn(7)"",""Jeffrey Shumway(7)""","""Emily Francis"""
Larimer,City of Fort Collins Mayor,UPLOADED,175856,106-290-65,"""Jeffrey Shumway(1)"",""Tricia Canonico(7)"",""Adam Eggleston(7)"",""Emily Francis(7)"",""Adam Hirschhorn(7)"",""Shirley Peel(7)"",""Scotty V VanTatenhove(7)""","""Jeffrey Shumway"""
Larimer,City of Fort Collins Councilmember - District 1,UPLOADED,175856,106-290-65,"""Susan Gutowsky(3)""",""
Larimer,City of Fort Collins Mayor,UPLOADED,175857,106-290-43,"""Emily Francis(1)"",""Tricia Canonico(2)"",""Scotty V VanTatenhove(3)"",""Adam Eggleston(4)"",""Scotty V VanTatenhove(5)"",""Shirley Peel(6)"",""Adam Hirschhorn(7)""","""Emily Francis"",""Tricia Canonico"",""Scotty V VanTatenhove"",""Adam Eggleston"""
Larimer,City of Fort Collins Mayor,UPLOADED,175858,106-290-62,"""Jeffrey Shumway(1)"",""Tricia Canonico(7)"",""Adam Eggleston(7)"",""Emily Francis(7)"",""Adam Hirschhorn(7)"",""Shirley Peel(7)"",""Jeffrey Shumway(7)"",""Scotty V VanTatenhove(7)""","""Jeffrey Shumway"""
Larimer,City of Fort Collins Councilmember - District 1,UPLOADED,175858,106-290-62,"""Susan Gutowsky(3)""",""
Larimer,City of Fort Collins Mayor,UPLOADED,176054,109-209-32,"""Emily Francis(1)"",""Adam Hirschhorn(1)"",""Adam Hirschhorn(2)""",""
Larimer,City of Fort Collins Mayor,UPLOADED,176056,109-209-48,"""Shirley Peel(1)"",""Scotty V VanTatenhove(2)"",""Emily Francis(3)"",""Tricia Canonico(4)"",""Adam Eggleston(5)"",""Jeffrey Shumway(6)"",""Emily Francis(7)""","""Shirley Peel"",""Scotty V VanTatenhove"",""Emily Francis"",""Tricia Canonico"",""Adam Eggleston"",""Jeffrey Shumway"""
Larimer,City of Fort Collins Mayor,UPLOADED,176153,111-242-7,"""Emily Francis(1)"",""Tricia Canonico(2)"",""Adam Hirschhorn(3)"",""Shirley Peel(4)"",""Jeffrey Shumway(5)"",""Jeffrey Shumway(6)"",""Jeffrey Shumway(7)""","""Emily Francis"",""Tricia Canonico"",""Adam Hirschhorn"",""Shirley Peel"",""Jeffrey Shumway"""
Larimer,City of Fort Collins Mayor,UPLOADED,176154,111-242-5,"""Emily Francis(1)"",""Adam Hirschhorn(2)"",""Scotty V VanTatenhove(3)"",""Tricia Canonico(4)"",""Shirley Peel(5)"",""Adam Eggleston(7)""","""Emily Francis"",""Adam Hirschhorn"",""Scotty V VanTatenhove"",""Tricia Canonico"",""Shirley Peel"""
Larimer,City of Fort Collins Mayor,UPLOADED,176156,111-242-17,"""Adam Hirschhorn(1)"",""Shirley Peel(2)"",""Jeffrey Shumway(3)"",""Tricia Canonico(4)"",""Adam Eggleston(5)"",""Scotty V VanTatenhove(6)"",""Jeffrey Shumway(7)""","""Adam Hirschhorn"",""Shirley Peel"",""Jeffrey Shumway"",""Tricia Canonico"",""Adam Eggleston"",""Scotty V VanTatenhove"""
Larimer,City of Fort Collins Mayor,UPLOADED,176157,111-242-87,"""Shirley Peel(1)"",""Jeffrey Shumway(2)"",""Adam Eggleston(3)"",""Scotty V VanTatenhove(7)""","""Shirley Peel"",""Jeffrey Shumway"",""Adam Eggleston"""
Larimer,City of Fort Collins Mayor,UPLOADED,176159,111-242-94,"""Emily Francis(1)"",""Scotty V VanTatenhove(2)"",""Adam Eggleston(3)"",""Shirley Peel(4)"",""Adam Hirschhorn(5)"",""Shirley Peel(6)"",""Jeffrey Shumway(7)""","""Emily Francis"",""Scotty V VanTatenhove"",""Adam Eggleston"",""Shirley Peel"",""Adam Hirschhorn"""
Larimer,City of Fort Collins Mayor,UPLOADED,176350,103-188-18,"""Emily Francis(1)"",""Scotty V VanTatenhove(2)"",""Adam Eggleston(3)"",""Tricia Canonico(4)"",""Shirley Peel(5)"",""Adam Hirschhorn(6)"",""Adam Eggleston(7)""","""Emily Francis"",""Scotty V VanTatenhove"",""Adam Eggleston"",""Tricia Canonico"",""Shirley Peel"",""Adam Hirschhorn"""
Larimer,City of Fort Collins Mayor,UPLOADED,176351,103-188-38,"""Emily Francis(1)"",""Adam Eggleston(3)"",""Tricia Canonico(4)"",""Shirley Peel(5)"",""Jeffrey Shumway(6)"",""Scotty V VanTatenhove(7)""","""Emily Francis"""
Larimer,City of Fort Collins Mayor,UPLOADED,176352,103-188-21,"""Jeffrey Shumway(1)"",""Shirley Peel(2)"",""Adam Eggleston(3)"",""Tricia Canonico(7)"",""Emily Francis(7)"",""Adam Hirschhorn(7)"",""Scotty V VanTatenhove(7)""","""Jeffrey Shumway"",""Shirley Peel"",""Adam Eggleston"""
Larimer,City of Fort Collins Mayor,UPLOADED,183461,109-215-25,"""Tricia Canonico(1)"",""Emily Francis(2)"",""Shirley Peel(6)"",""Jeffrey Shumway(7)""","""Tricia Canonico"",""Emily Francis"""
Larimer,City of Fort Collins Mayor,UPLOADED,176353,103-188-84,"""Emily Francis(1)"",""Adam Eggleston(2)"",""Adam Hirschhorn(3)"",""Shirley Peel(4)"",""Tricia Canonico(5)"",""Jeffrey Shumway(6)"",""Adam Eggleston(7)""","""Emily Francis"",""Adam Eggleston"",""Adam Hirschhorn"",""Shirley Peel"",""Tricia Canonico"",""Jeffrey Shumway"""
Larimer,City of Fort Collins Mayor,UPLOADED,176355,103-188-83,"""Emily Francis(1)"",""Adam Eggleston(2)"",""Adam Hirschhorn(3)"",""Scotty V VanTatenhove(4)"",""Tricia Canonico(5)"",""Jeffrey Shumway(6)"",""Adam Hirschhorn(7)""","""Emily Francis"",""Adam Eggleston"",""Adam Hirschhorn"",""Scotty V VanTatenhove"",""Tricia Canonico"",""Jeffrey Shumway"""
Larimer,City of Fort Collins Mayor,UPLOADED,177920,106-292-65,"""Emily Francis(1)"",""Adam Hirschhorn(2)"",""Scotty V VanTatenhove(3)"",""Tricia Canonico(4)"",""Adam Eggleston(5)"",""Adam Hirschhorn(6)"",""Jeffrey Shumway(7)""","""Emily Francis"",""Adam Hirschhorn"",""Scotty V VanTatenhove"",""Tricia Canonico"",""Adam Eggleston"""
Larimer,City of Fort Collins Mayor,UPLOADED,177921,106-292-33,"""Adam Hirschhorn(1)"",""Emily Francis(5)""","""Adam Hirschhorn"""
Larimer,City of Fort Collins Mayor,UPLOADED,177922,106-292-99,"""Adam Eggleston(2)"",""Scotty V VanTatenhove(3)"",""Shirley Peel(4)"",""Jeffrey Shumway(5)"",""Adam Hirschhorn(6)"",""Tricia Canonico(7)""",""
Larimer,City of Fort Collins Mayor,UPLOADED,177924,106-292-92,"""Emily Francis(1)"",""Tricia Canonico(2)"",""Adam Hirschhorn(3)"",""Shirley Peel(4)"",""Jeffrey Shumway(5)"",""Scotty V VanTatenhove(6)"",""Scotty V VanTatenhove(7)""","""Emily Francis"",""Tricia Canonico"",""Adam Hirschhorn"",""Shirley Peel"",""Jeffrey Shumway"",""Scotty V VanTatenhove"""
Larimer,City of Fort Collins Mayor,UPLOADED,177925,106-292-90,"""Jeffrey Shumway(1)"",""Shirley Peel(2)"",""Adam Eggleston(3)"",""Scotty V VanTatenhove(4)"",""Shirley Peel(5)"",""Adam Hirschhorn(6)"",""Emily Francis(7)""","""Jeffrey Shumway"",""Shirley Peel"",""Adam Eggleston"",""Scotty V VanTatenhove"""
Larimer,City of Fort Collins Mayor,UPLOADED,178515,103-192-14,"""Shirley Peel(1)"",""Tricia Canonico(2)"",""Scotty V VanTatenhove(3)"",""Tricia Canonico(4)"",""Emily Francis(5)"",""Jeffrey Shumway(6)"",""Adam Hirschhorn(7)""","""Shirley Peel"",""Tricia Canonico"",""Scotty V VanTatenhove"""
Larimer,City of Fort Collins Mayor,UPLOADED,178516,103-192-41,"""Shirley Peel(1)"",""Shirley Peel(2)"",""Scotty V VanTatenhove(2)"",""Jeffrey Shumway(3)"",""Scotty V VanTatenhove(3)""","""Shirley Peel"",""Scotty V VanTatenhove"",""Jeffrey Shumway"""
Larimer,City of Fort Collins Mayor,UPLOADED,178517,103-192-94,"""Tricia Canonico(1)"",""Emily Francis(3)"",""Adam Hirschhorn(4)"",""Shirley Peel(5)"",""Scotty V VanTatenhove(6)"",""Adam Eggleston(7)""","""Tricia Canonico"""
Larimer,City of Fort Collins Mayor,UPLOADED,178519,103-192-30,"""Emily Francis(1)"",""Adam Eggleston(2)"",""Shirley Peel(3)"",""Adam Hirschhorn(4)"",""Adam Eggleston(5)"",""Jeffrey Shumway(6)"",""Scotty V VanTatenhove(7)""","""Emily Francis"",""Adam Eggleston"",""Shirley Peel"",""Adam Hirschhorn"""
Larimer,City of Fort Collins Mayor,UPLOADED,178521,103-192-18,"""Jeffrey Shumway(1)"",""Shirley Peel(2)"",""Adam Hirschhorn(3)"",""Emily Francis(4)"",""Adam Eggleston(5)"",""Shirley Peel(6)"",""Adam Hirschhorn(7)""","""Jeffrey Shumway"",""Shirley Peel"",""Adam Hirschhorn"",""Emily Francis"",""Adam Eggleston"""
Larimer,City of Fort Collins Mayor,UPLOADED,178522,103-192-70,"""Shirley Peel(1)"",""Adam Hirschhorn(2)"",""Scotty V VanTatenhove(2)"",""Adam Hirschhorn(3)"",""Scotty V VanTatenhove(3)""","""Shirley Peel"""
Larimer,City of Fort Collins Mayor,UPLOADED,178523,103-192-19,"""Emily Francis(1)"",""Tricia Canonico(2)"",""Scotty V VanTatenhove(3)"",""Shirley Peel(4)"",""Adam Hirschhorn(5)"",""Jeffrey Shumway(6)"",""Adam Hirschhorn(7)""","""Emily Francis"",""Tricia Canonico"",""Scotty V VanTatenhove"",""Shirley Peel"",""Adam Hirschhorn"",""Jeffrey Shumway"""
Larimer,City of Fort Collins Mayor,UPLOADED,178524,103-192-93,"""Tricia Canonico(1)"",""Emily Francis(3)"",""Adam Hirschhorn(4)"",""Shirley Peel(5)"",""Scotty V VanTatenhove(6)"",""Adam Eggleston(7)""","""Tricia Canonico"""
Larimer,City of Fort Collins Mayor,UPLOADED,179120,112-257-90,"""Emily Francis(1)"",""Tricia Canonico(2)"",""Adam Hirschhorn(3)"",""Adam Eggleston(4)"",""Scotty V VanTatenhove(5)"",""Adam Hirschhorn(6)"",""Jeffrey Shumway(7)""","""Emily Francis"",""Tricia Canonico"",""Adam Hirschhorn"",""Adam Eggleston"",""Scotty V VanTatenhove"""
Larimer,City of Fort Collins Mayor,UPLOADED,179121,112-257-22,"""Tricia Canonico(1)"",""Emily Francis(2)"",""Scotty V VanTatenhove(3)"",""Adam Eggleston(4)"",""Shirley Peel(5)"",""Jeffrey Shumway(6)"",""Scotty V VanTatenhove(7)""","""Tricia Canonico"",""Emily Francis"",""Scotty V VanTatenhove"",""Adam Eggleston"",""Shirley Peel"",""Jeffrey Shumway"""
Larimer,City of Fort Collins Mayor,UPLOADED,179122,112-257-31,"""Tricia Canonico(1)"",""Emily Francis(2)"",""Adam Eggleston(3)"",""Jeffrey Shumway(5)"",""Scotty V VanTatenhove(6)"",""Adam Hirschhorn(7)""","""Tricia Canonico"",""Emily Francis"",""Adam Eggleston"""
Larimer,City of Fort Collins Mayor,UPLOADED,179217,104-218-23,"""Emily Francis(1)"",""Scotty V VanTatenhove(2)"",""Shirley Peel(3)"",""Tricia Canonico(4)"",""Adam Eggleston(5)"",""Shirley Peel(6)""","""Emily Francis"",""Scotty V VanTatenhove"",""Shirley Peel"",""Tricia Canonico"",""Adam Eggleston"""
Larimer,City of Fort Collins Mayor,UPLOADED,179218,104-218-64,"""Scotty V VanTatenhove(1)"",""Adam Eggleston(2)"",""Emily Francis(3)"",""Adam Hirschhorn(4)"",""Tricia Canonico(5)"",""Adam Hirschhorn(6)"",""Jeffrey Shumway(7)""","""Scotty V VanTatenhove"",""Adam Eggleston"",""Emily Francis"",""Adam Hirschhorn"",""Tricia Canonico"""
Larimer,City of Fort Collins Mayor,UPLOADED,179220,104-218-78,"""Emily Francis(1)"",""Adam Hirschhorn(2)"",""Jeffrey Shumway(3)"",""Jeffrey Shumway(4)"",""Tricia Canonico(5)"",""Adam Eggleston(6)"",""Shirley Peel(7)""","""Emily Francis"",""Adam Hirschhorn"",""Jeffrey Shumway"""
Larimer,City of Fort Collins Mayor,UPLOADED,179221,104-218-1,"""Scotty V VanTatenhove(1)"",""Scotty V VanTatenhove(2)"",""Scotty V VanTatenhove(3)"",""Shirley Peel(4)"",""Tricia Canonico(5)"",""Emily Francis(6)"",""Scotty V VanTatenhove(7)""","""Scotty V VanTatenhove"""
Larimer,City of Fort Collins Councilmember - District 1,UPLOADED,179221,104-218-1,"""Susan Gutowsky(1)"",""Susan Gutowsky(2)"",""Daisy Montgomery(3)""","""Susan Gutowsky"""
Larimer,City of Fort Collins Councilmember - District 1,UPLOADED,179222,104-218-46,"""Chris Conway(1)"",""Susan Gutowsky(2)"",""Susan Gutowsky(3)""","""Chris Conway"",""Susan Gutowsky"""
Larimer,City of Fort Collins Mayor,UPLOADED,179414,103-194-27,"""Jeffrey Shumway(1)"",""Jeffrey Shumway(2)"",""Jeffrey Shumway(3)"",""Jeffrey Shumway(4)"",""Jeffrey Shumway(5)"",""Jeffrey Shumway(6)"",""Jeffrey Shumway(7)""","""Jeffrey Shumway"""
Larimer,City of Fort Collins Mayor,UPLOADED,179418,103-194-1,"""Emily Francis(1)"",""Tricia Canonico(2)"",""Emily Francis(3)"",""Adam Hirschhorn(4)""","""Emily Francis"",""Tricia Canonico"""
Larimer,City of Fort Collins Mayor,UPLOADED,179420,103-194-90,"""Emily Francis(1)"",""Tricia Canonico(2)"",""Adam Eggleston(3)"",""Shirley Peel(4)"",""Jeffrey Shumway(5)"",""Jeffrey Shumway(6)"",""Adam Hirschhorn(7)""","""Emily Francis"",""Tricia Canonico"",""Adam Eggleston"",""Shirley Peel"",""Jeffrey Shumway"""
Larimer,City of Fort Collins Mayor,UPLOADED,179421,103-194-86,"""Adam Eggleston(1)"",""Jeffrey Shumway(2)"",""Tricia Canonico(3)"",""Emily Francis(4)"",""Adam Hirschhorn(5)"",""Shirley Peel(6)"",""Scotty V VanTatenhove(6)"",""Adam Hirschhorn(7)""","""Adam Eggleston"",""Jeffrey Shumway"",""Tricia Canonico"",""Emily Francis"",""Adam Hirschhorn"""
Larimer,City of Fort Collins Mayor,UPLOADED,180116,110-209-72,"""Jeffrey Shumway(1)"",""Jeffrey Shumway(2)"",""Jeffrey Shumway(3)"",""Jeffrey Shumway(4)"",""Jeffrey Shumway(5)"",""Jeffrey Shumway(6)"",""Jeffrey Shumway(7)""","""Jeffrey Shumway"""
Larimer,City of Fort Collins Mayor,UPLOADED,180119,110-209-17,"""Tricia Canonico(1)"",""Adam Eggleston(2)"",""Emily Francis(3)"",""Shirley Peel(4)"",""Jeffrey Shumway(5)"",""Scotty V VanTatenhove(6)"",""Jeffrey Shumway(7)""","""Tricia Canonico"",""Adam Eggleston"",""Emily Francis"",""Shirley Peel"",""Jeffrey Shumway"",""Scotty V VanTatenhove"""
Larimer,City of Fort Collins Mayor,UPLOADED,180121,110-209-73,"""Jeffrey Shumway(1)"",""Jeffrey Shumway(2)"",""Jeffrey Shumway(3)"",""Jeffrey Shumway(4)"",""Jeffrey Shumway(5)"",""Jeffrey Shumway(6)"",""Jeffrey Shumway(7)""","""Jeffrey Shumway"""
Larimer,City of Fort Collins Mayor,UPLOADED,180354,112-259-22,"""Jeffrey Shumway(1)"",""Shirley Peel(2)"",""Shirley Peel(3)"",""Tricia Canonico(4)"",""Adam Hirschhorn(4)"",""Adam Eggleston(5)"",""Emily Francis(6)"",""Scotty V VanTatenhove(7)""","""Jeffrey Shumway"",""Shirley Peel"""
Larimer,City of Fort Collins Mayor,UPLOADED,180674,104-220-45,"""Emily Francis(1)"",""Scotty V VanTatenhove(2)"",""Shirley Peel(3)"",""Adam Hirschhorn(4)"",""Scotty V VanTatenhove(5)"",""Tricia Canonico(6)"",""Adam Eggleston(7)""","""Emily Francis"",""Scotty V VanTatenhove"",""Shirley Peel"",""Adam Hirschhorn"""
Larimer,City of Fort Collins Mayor,UPLOADED,180675,104-220-43,"""Shirley Peel(1)"",""Tricia Canonico(2)"",""Emily Francis(3)"",""Jeffrey Shumway(4)"",""Adam Hirschhorn(5)"",""Emily Francis(6)"",""Scotty V VanTatenhove(7)""","""Shirley Peel"",""Tricia Canonico"",""Emily Francis"",""Jeffrey Shumway"",""Adam Hirschhorn"""
Larimer,City of Fort Collins Mayor,UPLOADED,180677,104-220-34,"""Emily Francis(1)"",""Adam Eggleston(2)"",""Adam Hirschhorn(3)"",""Tricia Canonico(4)"",""Jeffrey Shumway(5)"",""Scotty V VanTatenhove(6)"",""Adam Eggleston(7)""","""Emily Francis"",""Adam Eggleston"",""Adam Hirschhorn"",""Tricia Canonico"",""Jeffrey Shumway"",""Scotty V VanTatenhove"""
Larimer,City of Fort Collins Mayor,UPLOADED,181559,106-296-35,"""Tricia Canonico(1)"",""Adam Eggleston(7)""","""Tricia Canonico"""
Larimer,City of Fort Collins Mayor,UPLOADED,181560,106-296-28,"""Shirley Peel(1)"",""Emily Francis(2)"",""Tricia Canonico(3)"",""Adam Eggleston(4)"",""Shirley Peel(5)"",""Jeffrey Shumway(6)"",""Scotty V VanTatenhove(7)""","""Shirley Peel"",""Emily Francis"",""Tricia Canonico"",""Adam Eggleston"""
Larimer,City of Fort Collins Mayor,UPLOADED,181561,106-296-65,"""Emily Francis(1)"",""Tricia Canonico(2)"",""Scotty V VanTatenhove(3)"",""Adam Hirschhorn(5)"",""Shirley Peel(6)"",""Jeffrey Shumway(7)""","""Emily Francis"",""Tricia Canonico"",""Scotty V VanTatenhove"""
Larimer,City of Fort Collins Mayor,UPLOADED,181562,106-296-63,"""Emily Francis(1)"",""Tricia Canonico(7)""","""Emily Francis"""
Larimer,City of Fort Collins Mayor,UPLOADED,181564,106-296-27,"""Emily Francis(1)"",""Tricia Canonico(2)"",""Scotty V VanTatenhove(4)"",""Shirley Peel(5)"",""Jeffrey Shumway(6)"",""Adam Hirschhorn(7)""","""Emily Francis"",""Tricia Canonico"""
Larimer,City of Fort Collins Mayor,UPLOADED,181568,106-296-42,"""Adam Eggleston(1)"",""Shirley Peel(2)"",""Emily Francis(3)"",""Tricia Canonico(4)"",""Adam Eggleston(5)"",""Scotty V VanTatenhove(6)"",""Jeffrey Shumway(7)""","""Adam Eggleston"",""Shirley Peel"",""Emily Francis"",""Tricia Canonico"""
Larimer,City of Fort Collins Mayor,UPLOADED,181573,106-296-96,"""Tricia Canonico(1)"",""Adam Eggleston(2)"",""Jeffrey Shumway(3)"",""Scotty V VanTatenhove(4)"",""Jeffrey Shumway(5)"",""Shirley Peel(6)""","""Tricia Canonico"",""Adam Eggleston"",""Jeffrey Shumway"",""Scotty V VanTatenhove"""
Larimer,City of Fort Collins Mayor,UPLOADED,181960,110-211-24,"""Tricia Canonico(1)"",""Emily Francis(2)"",""Adam Eggleston(3)"",""Shirley Peel(5)"",""Adam Hirschhorn(6)"",""Jeffrey Shumway(6)"",""Scotty V VanTatenhove(7)""","""Tricia Canonico"",""Emily Francis"",""Adam Eggleston"""
Larimer,City of Fort Collins Mayor,UPLOADED,181961,110-211-21,"""Emily Francis(1)"",""Scotty V VanTatenhove(2)"",""Adam Hirschhorn(3)"",""Jeffrey Shumway(4)"",""Adam Eggleston(5)"",""Jeffrey Shumway(6)"",""Tricia Canonico(7)""","""Emily Francis"",""Scotty V VanTatenhove"",""Adam Hirschhorn"",""Jeffrey Shumway"",""Adam Eggleston"""
Larimer,City of Fort Collins Mayor,UPLOADED,181962,110-211-39,"""Emily Francis(1)"",""Tricia Canonico(2)"",""Adam Hirschhorn(3)"",""Scotty V VanTatenhove(4)"",""Jeffrey Shumway(7)""","""Emily Francis"",""Tricia Canonico"",""Adam Hirschhorn"",""Scotty V VanTatenhove"""
Larimer,City of Fort Collins Mayor,UPLOADED,181963,110-211-85,"""Emily Francis(1)"",""Tricia Canonico(2)"",""Adam Eggleston(3)"",""Shirley Peel(4)"",""Adam Hirschhorn(5)"",""Adam Hirschhorn(6)"",""Scotty V VanTatenhove(6)"",""Jeffrey Shumway(7)""","""Emily Francis"",""Tricia Canonico"",""Adam Eggleston"",""Shirley Peel"",""Adam Hirschhorn"",""Scotty V VanTatenhove"",""Jeffrey Shumway"""
Larimer,City of Fort Collins Mayor,UPLOADED,181966,110-211-62,"""Emily Francis(1)"",""Adam Hirschhorn(2)"",""Tricia Canonico(3)"",""Scotty V VanTatenhove(3)"",""Adam Eggleston(5)"",""Jeffrey Shumway(6)"",""Shirley Peel(7)""","""Emily Francis"",""Adam Hirschhorn"""
Larimer,City of Fort Collins Mayor,UPLOADED,181967,110-211-22,"""Emily Francis(1)"",""Tricia Canonico(2)"",""Shirley Peel(3)"",""Jeffrey Shumway(4)"",""Adam Hirschhorn(5)"",""Adam Eggleston(6)"",""Adam Hirschhorn(7)""","""Emily Francis"",""Tricia Canonico"",""Shirley Peel"",""Jeffrey Shumway"",""Adam Hirschhorn"",""Adam Eggleston"""
Larimer,City of Fort Collins Mayor,UPLOADED,181969,110-211-41,"""Emily Francis(1)"",""Tricia Canonico(2)"",""Shirley Peel(3)"",""Adam Hirschhorn(6)"",""Adam Eggleston(7)""","""Emily Francis"",""Tricia Canonico"",""Shirley Peel"""
Larimer,City of Fort Collins Mayor,UPLOADED,182662,103-198-65,"""Emily Francis(1)"",""Adam Eggleston(2)"",""Tricia Canonico(3)"",""Jeffrey Shumway(7)""","""Emily Francis"",""Adam Eggleston"",""Tricia Canonico"""
Larimer,City of Fort Collins Mayor,UPLOADED,182663,103-198-53,"""Tricia Canonico(1)"",""Adam Eggleston(2)"",""Scotty V VanTatenhove(3)"",""Emily Francis(4)"",""Shirley Peel(5)"",""Jeffrey Shumway(6)"",""Scotty V VanTatenhove(7)""","""Tricia Canonico"",""Adam Eggleston"",""Scotty V VanTatenhove"",""Emily Francis"",""Shirley Peel"",""Jeffrey Shumway"""
Larimer,City of Fort Collins Councilmember - District 1,UPLOADED,182664,103-198-13,"""Chris Conway(1)"",""Susan Gutowsky(1)""",""
Larimer,City of Fort Collins Councilmember - District 1,UPLOADED,182665,103-198-25,"""Chris Conway(1)"",""Daisy Montgomery(3)""","""Chris Conway"""
Larimer,City of Fort Collins Mayor,UPLOADED,182863,111-253-30,"""Emily Francis(1)"",""Shirley Peel(2)"",""Adam Hirschhorn(3)"",""Jeffrey Shumway(4)"",""Tricia Canonico(5)"",""Adam Hirschhorn(6)"",""Scotty V VanTatenhove(7)""","""Emily Francis"",""Shirley Peel"",""Adam Hirschhorn"",""Jeffrey Shumway"",""Tricia Canonico"""
Larimer,City of Fort Collins Mayor,UPLOADED,182865,111-253-99,"""Scotty V VanTatenhove(1)"",""Emily Francis(2)"",""Tricia Canonico(3)"",""Adam Hirschhorn(4)"",""Shirley Peel(5)"",""Adam Hirschhorn(6)"",""Jeffrey Shumway(7)""","""Scotty V VanTatenhove"",""Emily Francis"",""Tricia Canonico"",""Adam Hirschhorn"",""Shirley Peel"""
Larimer,City of Fort Collins Mayor,UPLOADED,183457,109-215-65,"""Shirley Peel(1)"",""Tricia Canonico(2)"",""Adam Eggleston(3)"",""Emily Francis(4)"",""Adam Hirschhorn(5)"",""Scotty V VanTatenhove(6)"",""Adam Hirschhorn(7)""","""Shirley Peel"",""Tricia Canonico"",""Adam Eggleston"",""Emily Francis"",""Adam Hirschhorn"",""Scotty V VanTatenhove"""
Larimer,City of Fort Collins Mayor,UPLOADED,183458,109-215-69,"""Adam Eggleston(1)"",""Emily Francis(2)"",""Scotty V VanTatenhove(3)"",""Jeffrey Shumway(4)"",""Emily Francis(5)"",""Adam Hirschhorn(6)"",""Tricia Canonico(7)""","""Adam Eggleston"",""Emily Francis"",""Scotty V VanTatenhove"",""Jeffrey Shumway"""
Larimer,City of Fort Collins Mayor,UPLOADED,183459,109-215-37,"""Tricia Canonico(1)"",""Adam Hirschhorn(2)"",""Shirley Peel(3)"",""Adam Eggleston(6)"",""Tricia Canonico(7)""","""Tricia Canonico"",""Adam Hirschhorn"",""Shirley Peel"""
Larimer,City of Fort Collins Mayor,UPLOADED,183463,109-215-95,"""Shirley Peel(1)"",""Shirley Peel(2)"",""Shirley Peel(3)"",""Shirley Peel(4)"",""Shirley Peel(5)"",""Shirley Peel(6)"",""Tricia Canonico(7)"",""Adam Eggleston(7)"",""Emily Francis(7)"",""Adam Hirschhorn(7)"",""Shirley Peel(7)"",""Jeffrey Shumway(7)"",""Scotty V VanTatenhove(7)""","""Shirley Peel"""
Larimer,City of Fort Collins Mayor,UPLOADED,183756,104-224-53,"""Adam Eggleston(1)"",""Tricia Canonico(2)"",""Shirley Peel(3)"",""Adam Eggleston(4)"",""Emily Francis(5)"",""Scotty V VanTatenhove(6)"",""Jeffrey Shumway(7)""","""Adam Eggleston"",""Tricia Canonico"",""Shirley Peel"""
Larimer,City of Fort Collins Mayor,UPLOADED,183757,104-224-54,"""Adam Eggleston(1)"",""Jeffrey Shumway(2)"",""Adam Hirschhorn(3)"",""Tricia Canonico(4)"",""Emily Francis(5)"",""Scotty V VanTatenhove(6)"",""Adam Hirschhorn(7)""","""Adam Eggleston"",""Jeffrey Shumway"",""Adam Hirschhorn"",""Tricia Canonico"",""Emily Francis"",""Scotty V VanTatenhove"""
Larimer,City of Fort Collins Mayor,UPLOADED,183758,104-224-12,"""Jeffrey Shumway(1)"",""Shirley Peel(2)"",""Adam Eggleston(3)"",""Jeffrey Shumway(4)"",""Jeffrey Shumway(5)"",""Jeffrey Shumway(6)"",""Jeffrey Shumway(7)""","""Jeffrey Shumway"",""Shirley Peel"",""Adam Eggleston"""
Larimer,City of Fort Collins Councilmember - District 3,UPLOADED,183758,104-224-12,"""Steve Yurash(1)"",""Steve Yurash(2)"",""Steve Yurash(3)""","""Steve Yurash"""
Larimer,City of Fort Collins Councilmember - District 3,UPLOADED,183761,104-224-74,"""Josh Fudge(1)"",""Lance Smith(2)"",""Lance Smith(3)""","""Josh Fudge"",""Lance Smith"""
Larimer,City of Fort Collins Mayor,UPLOADED,183856,105-281-21,"""Shirley Peel(1)"",""Adam Hirschhorn(2)"",""Adam Eggleston(3)"",""Tricia Canonico(4)"",""Jeffrey Shumway(5)"",""Scotty V VanTatenhove(6)"",""Jeffrey Shumway(7)""","""Shirley Peel"",""Adam Hirschhorn"",""Adam Eggleston"",""Tricia Canonico"",""Jeffrey Shumway"",""Scotty V VanTatenhove"""
Larimer,City of Fort Collins Mayor,UPLOADED,183859,105-281-63,"""Emily Francis(1)"",""Tricia Canonico(2)"",""Scotty V VanTatenhove(3)"",""Jeffrey Shumway(4)"",""Emily Francis(5)"",""Adam Eggleston(6)"",""Tricia Canonico(7)""","""Emily Francis"",""Tricia Canonico"",""Scotty V VanTatenhove"",""Jeffrey Shumway"""
Larimer,City of Fort Collins Mayor,UPLOADED,183955,106-300-33,"""Emily Francis(1)"",""Jeffrey Shumway(7)""","""Emily Francis"""
Larimer,City of Fort Collins Mayor,UPLOADED,183956,106-300-31,"""Emily Francis(1)"",""Tricia Canonico(2)"",""Jeffrey Shumway(6)"",""Adam Hirschhorn(7)""","""Emily Francis"",""Tricia Canonico"""
Larimer,City of Fort Collins Mayor,UPLOADED,183957,106-300-25,"""Tricia Canonico(1)"",""Adam Eggleston(7)"",""Emily Francis(7)"",""Adam Hirschhorn(7)"",""Shirley Peel(7)"",""Jeffrey Shumway(7)"",""Scotty V VanTatenhove(7)""","""Tricia Canonico"""
Larimer,City of Fort Collins Mayor,UPLOADED,183960,106-300-7,"""Emily Francis(1)"",""Tricia Canonico(2)"",""Shirley Peel(3)"",""Adam Hirschhorn(4)"",""Scotty V VanTatenhove(5)"",""Jeffrey Shumway(6)"",""Shirley Peel(7)""","""Emily Francis"",""Tricia Canonico"",""Shirley Peel"",""Adam Hirschhorn"",""Scotty V VanTatenhove"",""Jeffrey Shumway"""
Larimer,City of Fort Collins Mayor,UPLOADED,184353,111-255-37,"""Jeffrey Shumway(1)"",""Shirley Peel(2)"",""Adam Eggleston(3)"",""Jeffrey Shumway(4)"",""Jeffrey Shumway(5)"",""Jeffrey Shumway(6)"",""Jeffrey Shumway(7)""","""Jeffrey Shumway"",""Shirley Peel"",""Adam Eggleston"""
Larimer,City of Fort Collins Councilmember - District 3,UPLOADED,184353,111-255-37,"""Steve Yurash(1)"",""Steve Yurash(2)"",""Steve Yurash(3)""","""Steve Yurash"""
Larimer,City of Fort Collins Mayor,UPLOADED,184356,111-255-36,"""Jeffrey Shumway(1)"",""Shirley Peel(2)"",""Adam Eggleston(3)"",""Jeffrey Shumway(4)"",""Jeffrey Shumway(5)"",""Jeffrey Shumway(6)"",""Jeffrey Shumway(7)""","""Jeffrey Shumway"",""Shirley Peel"",""Adam Eggleston"""
Larimer,City of Fort Collins Councilmember - District 3,UPLOADED,184356,111-255-36,"""Steve Yurash(1)"",""Steve Yurash(2)"",""Steve Yurash(3)""","""Steve Yurash"""
Larimer,City of Fort Collins Mayor,UPLOADED,184358,111-255-79,"""Shirley Peel(1)"",""Adam Hirschhorn(2)"",""Adam Hirschhorn(3)"",""Tricia Canonico(4)"",""Jeffrey Shumway(4)"",""Adam Eggleston(5)"",""Emily Francis(6)"",""Scotty V VanTatenhove(7)""","""Shirley Peel"",""Adam Hirschhorn"""
Larimer,City of Fort Collins Mayor,UPLOADED,185750,105-284-31,"""Emily Francis(1)"",""Tricia Canonico(2)"",""Adam Hirschhorn(7)""","""Emily Francis"",""Tricia Canonico"""
Larimer,City of Fort Collins Mayor,UPLOADED,185752,105-284-47,"""Emily Francis(1)"",""Emily Francis(2)"",""Tricia Canonico(3)"",""Shirley Peel(4)"",""Adam Eggleston(5)"",""Jeffrey Shumway(6)"",""Scotty V VanTatenhove(7)""","""Emily Francis"""
Larimer,City of Fort Collins Mayor,UPLOADED,185850,112-267-55,"""Adam Eggleston(1)"",""Tricia Canonico(2)"",""Emily Francis(3)"",""Adam Hirschhorn(4)"",""Shirley Peel(5)"",""Shirley Peel(6)"",""Jeffrey Shumway(7)""","""Adam Eggleston"",""Tricia Canonico"",""Emily Francis"",""Adam Hirschhorn"",""Shirley Peel"""
Larimer,City of Fort Collins Mayor,UPLOADED,185854,112-267-37,"""Jeffrey Shumway(1)"",""Adam Eggleston(2)"",""Emily Francis(3)"",""Adam Hirschhorn(4)"",""Emily Francis(5)"",""Tricia Canonico(6)"",""Scotty V VanTatenhove(7)""","""Jeffrey Shumway"",""Adam Eggleston"",""Emily Francis"",""Adam Hirschhorn"""
Larimer,City of Fort Collins Mayor,UPLOADED,185855,112-267-8,"""Emily Francis(1)"",""Shirley Peel(2)"",""Tricia Canonico(3)"",""Scotty V VanTatenhove(4)"",""Jeffrey Shumway(6)"",""Adam Hirschhorn(7)""","""Emily Francis"",""Shirley Peel"",""Tricia Canonico"",""Scotty V VanTatenhove"""
Larimer,City of Fort Collins Mayor,UPLOADED,185952,104-226-21,"""Jeffrey Shumway(1)"",""Shirley Peel(2)"",""Adam Eggleston(3)"",""Scotty V VanTatenhove(4)"",""Tricia Canonico(5)"",""Emily Francis(6)"",""Jeffrey Shumway(7)""","""Jeffrey Shumway"",""Shirley Peel"",""Adam Eggleston"",""Scotty V VanTatenhove"",""Tricia Canonico"",""Emily Francis"""
Larimer,City of Fort Collins Mayor,UPLOADED,185953,104-226-24,"""Jeffrey Shumway(1)"",""Adam Eggleston(2)"",""Shirley Peel(3)"",""Tricia Canonico(4)"",""Emily Francis(5)"",""Adam Hirschhorn(6)"",""Emily Francis(7)""","""Jeffrey Shumway"",""Adam Eggleston"",""Shirley Peel"",""Tricia Canonico"",""Emily Francis"",""Adam Hirschhorn"""
Larimer,City of Fort Collins Mayor,UPLOADED,186049,106-303-89,"""Jeffrey Shumway(1)"",""Shirley Peel(2)"",""Scotty V VanTatenhove(3)"",""Jeffrey Shumway(4)"",""Tricia Canonico(5)"",""Adam Eggleston(6)"",""Emily Francis(7)""","""Jeffrey Shumway"",""Shirley Peel"",""Scotty V VanTatenhove"""
Larimer,City of Fort Collins Mayor,UPLOADED,186050,106-303-1,"""Emily Francis(1)"",""Tricia Canonico(2)"",""Shirley Peel(3)"",""Adam Eggleston(4)"",""Adam Hirschhorn(5)"",""Jeffrey Shumway(6)"",""Jeffrey Shumway(7)""","""Emily Francis"",""Tricia Canonico"",""Shirley Peel"",""Adam Eggleston"",""Adam Hirschhorn"",""Jeffrey Shumway"""
Larimer,City of Fort Collins Mayor,UPLOADED,186053,106-303-31,"""Emily Francis(1)"",""Shirley Peel(4)"",""Adam Eggleston(5)"",""Adam Hirschhorn(6)"",""Scotty V VanTatenhove(7)""","""Emily Francis"""
Larimer,City of Fort Collins Councilmember - District 1,UPLOADED,186054,106-303-21,"""Susan Gutowsky(1)"",""Daisy Montgomery(2)"",""Susan Gutowsky(3)""","""Susan Gutowsky"",""Daisy Montgomery"""
Larimer,City of Fort Collins Mayor,UPLOADED,186194,111-257-4,"""Emily Francis(1)"",""Adam Eggleston(2)"",""Scotty V VanTatenhove(3)"",""Adam Hirschhorn(4)"",""Tricia Canonico(5)"",""Adam Eggleston(6)"",""Shirley Peel(6)"",""Jeffrey Shumway(7)""","""Emily Francis"",""Adam Eggleston"",""Scotty V VanTatenhove"",""Adam Hirschhorn"",""Tricia Canonico"",""Shirley Peel"",""Jeffrey Shumway"""
Larimer,City of Fort Collins Mayor,UPLOADED,186195,111-257-21,"""Emily Francis(1)"",""Adam Hirschhorn(2)"",""Jeffrey Shumway(7)""","""Emily Francis"",""Adam Hirschhorn"""
Larimer,City of Fort Collins Mayor,UPLOADED,186197,111-257-27,"""Tricia Canonico(1)"",""Emily Francis(2)"",""Scotty V VanTatenhove(7)""","""Tricia Canonico"",""Emily Francis"""
Larimer,City of Fort Collins Mayor,UPLOADED,187652,104-228-1,"""Emily Francis(1)"",""Adam Hirschhorn(2)"",""Scotty V VanTatenhove(3)"",""Tricia Canonico(4)"",""Shirley Peel(5)"",""Tricia Canonico(6)"",""Adam Eggleston(7)""","""Emily Francis"",""Adam Hirschhorn"",""Scotty V VanTatenhove"",""Tricia Canonico"",""Shirley Peel"""
Larimer,City of Fort Collins Mayor,UPLOADED,187654,104-228-47,"""Adam Hirschhorn(1)"",""Adam Eggleston(2)"",""Emily Francis(3)"",""Tricia Canonico(4)"",""Adam Hirschhorn(5)"",""Jeffrey Shumway(6)"",""Scotty V VanTatenhove(7)""","""Adam Hirschhorn"",""Adam Eggleston"",""Emily Francis"",""Tricia Canonico"""
Larimer,City of Fort Collins Councilmember - District 1,UPLOADED,187658,104-228-77,"""Susan Gutowsky(1)"",""Daisy Montgomery(1)"",""Chris Conway(3)""",""
Larimer,City of Fort Collins Mayor,UPLOADED,187660,104-228-91,"""Jeffrey Shumway(1)"",""Shirley Peel(7)""","""Jeffrey Shumway"""
Larimer,City of Fort Collins Mayor,UPLOADED,188374,106-308-2,"""Emily Francis(1)"",""Shirley Peel(2)"",""Tricia Canonico(3)"",""Adam Eggleston(3)"",""Tricia Canonico(4)"",""Adam Eggleston(4)"",""Scotty V VanTatenhove(5)"",""Jeffrey Shumway(6)"",""Adam Hirschhorn(7)""","""Emily Francis"",""Shirley Peel"""
Larimer,City of Fort Collins Mayor,UPLOADED,188702,112-271-67,"""Jeffrey Shumway(1)"",""Jeffrey Shumway(2)"",""Jeffrey Shumway(3)"",""Jeffrey Shumway(4)"",""Jeffrey Shumway(5)"",""Jeffrey Shumway(6)"",""Jeffrey Shumway(7)""","""Jeffrey Shumway"""
Larimer,City of Fort Collins Mayor,UPLOADED,188703,112-271-65,"""Jeffrey Shumway(1)"",""Jeffrey Shumway(2)"",""Jeffrey Shumway(3)"",""Jeffrey Shumway(4)"",""Jeffrey Shumway(5)"",""Jeffrey Shumway(6)"",""Jeffrey Shumway(7)""","""Jeffrey Shumway"""
Larimer,City of Fort Collins Mayor,UPLOADED,188704,112-271-45,"""Tricia Canonico(1)"",""Emily Francis(2)"",""Adam Eggleston(3)"",""Shirley Peel(4)"",""Jeffrey Shumway(5)"",""Adam Hirschhorn(6)"",""Jeffrey Shumway(7)""","""Tricia Canonico"",""Emily Francis"",""Adam Eggleston"",""Shirley Peel"",""Jeffrey Shumway"",""Adam Hirschhorn"""
Larimer,City of Fort Collins Mayor,UPLOADED,188897,109-222-38,"""Tricia Canonico(1)"",""Emily Francis(2)"",""Scotty V VanTatenhove(3)"",""Shirley Peel(4)"",""Jeffrey Shumway(5)"",""Adam Eggleston(6)"",""Jeffrey Shumway(7)""","""Tricia Canonico"",""Emily Francis"",""Scotty V VanTatenhove"",""Shirley Peel"",""Jeffrey Shumway"",""Adam Eggleston"""
Larimer,City of Fort Collins Mayor,UPLOADED,188900,109-222-9,"""Emily Francis(1)"",""Shirley Peel(2)"",""Adam Hirschhorn(3)"",""Jeffrey Shumway(4)"",""Tricia Canonico(5)"",""Adam Hirschhorn(6)"",""Scotty V VanTatenhove(7)""","""Emily Francis"",""Shirley Peel"",""Adam Hirschhorn"",""Jeffrey Shumway"",""Tricia Canonico"""
Larimer,City of Fort Collins Mayor,UPLOADED,188903,109-222-21,"""Adam Hirschhorn(1)"",""Tricia Canonico(2)"",""Emily Francis(3)"",""Adam Hirschhorn(4)"",""Adam Eggleston(5)"",""Jeffrey Shumway(6)"",""Scotty V VanTatenhove(7)""","""Adam Hirschhorn"",""Tricia Canonico"",""Emily Francis"""
Larimer,City of Fort Collins Mayor,UPLOADED,189600,103-206-9,"""Adam Eggleston(1)"",""Adam Eggleston(2)""","""Adam Eggleston"""
Larimer,City of Fort Collins Mayor,UPLOADED,189871,101-17-22,"""Emily Francis(1)"",""Shirley Peel(2)"",""Emily Francis(3)"",""Tricia Canonico(4)"",""Scotty V VanTatenhove(5)"",""Adam Hirschhorn(6)"",""Jeffrey Shumway(7)""","""Emily Francis"",""Shirley Peel"""
Larimer,City of Fort Collins Mayor,UPLOADED,189872,101-17-60,"""Tricia Canonico(1)"",""Emily Francis(2)"",""Scotty V VanTatenhove(3)"",""Shirley Peel(4)"",""Adam Eggleston(5)"",""Jeffrey Shumway(5)"",""Adam Hirschhorn(6)"",""Jeffrey Shumway(7)""","""Tricia Canonico"",""Emily Francis"",""Scotty V VanTatenhove"",""Shirley Peel"""
Larimer,City of Fort Collins Mayor,UPLOADED,190028,110-220-17,"""Emily Francis(1)"",""Scotty V VanTatenhove(2)"",""Adam Hirschhorn(3)"",""Tricia Canonico(4)"",""Jeffrey Shumway(5)"",""Adam Hirschhorn(6)"",""Shirley Peel(7)""","""Emily Francis"",""Scotty V VanTatenhove"",""Adam Hirschhorn"",""Tricia Canonico"",""Jeffrey Shumway"""
Larimer,City of Fort Collins Mayor,UPLOADED,190029,110-220-58,"""Tricia Canonico(1)"",""Emily Francis(2)"",""Adam Hirschhorn(3)"",""Jeffrey Shumway(4)"",""Tricia Canonico(5)"",""Adam Hirschhorn(5)"",""Scotty V VanTatenhove(6)"",""Adam Eggleston(7)""","""Tricia Canonico"",""Emily Francis"",""Adam Hirschhorn"",""Jeffrey Shumway"""
Larimer,City of Fort Collins Mayor,UPLOADED,190131,110-222-2,"""Tricia Canonico(1)"",""Adam Eggleston(2)"",""Shirley Peel(3)"",""Emily Francis(4)"",""Adam Hirschhorn(5)"",""Scotty V VanTatenhove(7)""","""Tricia Canonico"",""Adam Eggleston"",""Shirley Peel"",""Emily Francis"",""Adam Hirschhorn"""
Larimer,City of Fort Collins Mayor,UPLOADED,190133,110-222-7,"""Emily Francis(1)"",""Tricia Canonico(2)"",""Adam Eggleston(3)"",""Shirley Peel(4)"",""Scotty V VanTatenhove(7)""","""Emily Francis"",""Tricia Canonico"",""Adam Eggleston"",""Shirley Peel"""
Larimer,City of Fort Collins Mayor,UPLOADED,190134,110-222-27,"""Emily Francis(1)"",""Adam Eggleston(2)"",""Jeffrey Shumway(3)"",""Adam Hirschhorn(4)"",""Scotty V VanTatenhove(5)"",""Adam Hirschhorn(6)"",""Tricia Canonico(7)""","""Emily Francis"",""Adam Eggleston"",""Jeffrey Shumway"",""Adam Hirschhorn"",""Scotty V VanTatenhove"""
Larimer,City of Fort Collins Mayor,UPLOADED,190250,110-224-19,"""Emily Francis(1)"",""Adam Eggleston(2)"",""Scotty V VanTatenhove(2)"",""Adam Hirschhorn(3)"",""Tricia Canonico(4)"",""Adam Hirschhorn(5)"",""Jeffrey Shumway(6)"",""Shirley Peel(7)""","""Emily Francis"""
Larimer,City of Fort Collins Mayor,UPLOADED,190251,110-224-54,"""Tricia Canonico(1)"",""Emily Francis(2)"",""Adam Eggleston(3)"",""Shirley Peel(4)"",""Jeffrey Shumway(5)"",""Shirley Peel(6)"",""Adam Hirschhorn(7)""","""Tricia Canonico"",""Emily Francis"",""Adam Eggleston"",""Shirley Peel"",""Jeffrey Shumway"""
Larimer,City of Fort Collins Mayor,UPLOADED,190252,110-224-74,"""Scotty V VanTatenhove(1)"",""Tricia Canonico(2)"",""Adam Eggleston(3)"",""Tricia Canonico(4)"",""Adam Hirschhorn(5)"",""Jeffrey Shumway(6)"",""Shirley Peel(7)""","""Scotty V VanTatenhove"",""Tricia Canonico"",""Adam Eggleston"""
Larimer,City of Fort Collins Mayor,UPLOADED,190253,110-224-78,"""Tricia Canonico(1)"",""Emily Francis(1)"",""Scotty V VanTatenhove(3)"",""Shirley Peel(4)"",""Jeffrey Shumway(5)"",""Adam Hirschhorn(6)"",""Adam Eggleston(7)""",""
Larimer,City of Fort Collins Mayor,UPLOADED,190378,110-226-39,"""Tricia Canonico(1)"",""Emily Francis(2)"",""Jeffrey Shumway(3)"",""Adam Eggleston(4)"",""Shirley Peel(5)"",""Scotty V VanTatenhove(6)"",""Adam Eggleston(7)""","""Tricia Canonico"",""Emily Francis"",""Jeffrey Shumway"",""Adam Eggleston"",""Shirley Peel"",""Scotty V VanTatenhove"""
Larimer,City of Fort Collins Mayor,UPLOADED,190379,110-226-12,"""Jeffrey Shumway(1)"",""Shirley Peel(2)"",""Adam Hirschhorn(3)"",""Adam Eggleston(4)"",""Scotty V VanTatenhove(5)"",""Emily Francis(6)"",""Adam Eggleston(7)""","""Jeffrey Shumway"",""Shirley Peel"",""Adam Hirschhorn"",""Adam Eggleston"",""Scotty V VanTatenhove"",""Emily Francis"""
Larimer,City of Fort Collins Mayor,UPLOADED,190431,101-18-1,"""Emily Francis(1)"",""Adam Eggleston(2)"",""Emily Francis(3)""","""Emily Francis"",""Adam Eggleston"""
Larimer,City of Fort Collins Mayor,UPLOADED,190511,110-228-20,"""Shirley Peel(1)"",""Adam Eggleston(2)"",""Jeffrey Shumway(3)"",""Adam Eggleston(4)"",""Emily Francis(5)"",""Scotty V VanTatenhove(6)"",""Tricia Canonico(7)""","""Shirley Peel"",""Adam Eggleston"",""Jeffrey Shumway"""
Larimer,City of Fort Collins Mayor,UPLOADED,190674,110-230-20,"""Emily Francis(1)"",""Adam Eggleston(2)"",""Tricia Canonico(3)"",""Scotty V VanTatenhove(4)"",""Shirley Peel(5)"",""Adam Eggleston(6)"",""Jeffrey Shumway(7)""","""Emily Francis"",""Adam Eggleston"",""Tricia Canonico"",""Scotty V VanTatenhove"",""Shirley Peel"""
Larimer,City of Fort Collins Mayor,AUDITOR_ENTERED,143084,103-157-3,"""Tricia Canonico(1)"",""Emily Francis(2)"",""Adam Hirschhorn(3)"",""Shirley Peel(4)"",""Scotty V VanTatenhove(6)"",""Jeffrey Shumway(7)""","""Tricia Canonico"",""Emily Francis"",""Adam Hirschhorn"",""Shirley Peel"""
Larimer,City of Fort Collins Mayor,UPLOADED,190675,110-230-26,"""Emily Francis(1)"",""Adam Eggleston(2)"",""Tricia Canonico(3)"",""Scotty V VanTatenhove(4)"",""Shirley Peel(5)"",""Adam Eggleston(6)"",""Jeffrey Shumway(7)""","""Emily Francis"",""Adam Eggleston"",""Tricia Canonico"",""Scotty V VanTatenhove"",""Shirley Peel"""
Larimer,City of Fort Collins Mayor,UPLOADED,190678,110-230-79,"""Scotty V VanTatenhove(1)"",""Adam Eggleston(2)"",""Adam Hirschhorn(3)"",""Shirley Peel(4)"",""Jeffrey Shumway(5)"",""Emily Francis(7)""","""Scotty V VanTatenhove"",""Adam Eggleston"",""Adam Hirschhorn"",""Shirley Peel"",""Jeffrey Shumway"""
Larimer,City of Fort Collins Mayor,UPLOADED,190933,109-233-4,"""Shirley Peel(1)"",""Jeffrey Shumway(2)"",""Adam Eggleston(3)"",""Adam Hirschhorn(6)"",""Emily Francis(7)""","""Shirley Peel"",""Jeffrey Shumway"",""Adam Eggleston"""
Larimer,City of Fort Collins Mayor,AUDITOR_ENTERED,22915,105-38-31,"""Tricia Canonico(2)"",""Adam Eggleston(3)"",""Emily Francis(1)"",""Adam Hirschhorn(7)"",""Shirley Peel(5)"",""Jeffrey Shumway(6)"",""Scotty V VanTatenhove(4)"",""Emily Francis(7)""","""Emily Francis"",""Tricia Canonico"",""Adam Eggleston"",""Scotty V VanTatenhove"",""Shirley Peel"",""Jeffrey Shumway"",""Adam Hirschhorn"""
Larimer,City of Fort Collins Mayor,AUDITOR_ENTERED,171675,111-235-33,"""Emily Francis(1)"",""Tricia Canonico(2)"",""Adam Eggleston(3)"",""Shirley Peel(4)"",""Adam Eggleston(5)"",""Scotty V VanTatenhove(6)"",""Jeffrey Shumway(7)""","""Emily Francis"",""Tricia Canonico"",""Adam Eggleston"",""Shirley Peel"""
Larimer,City of Fort Collins Mayor,AUDITOR_ENTERED,73588,103-86-46,"""Shirley Peel(1)"",""Scotty V VanTatenhove(2)"",""Emily Francis(3)"",""Tricia Canonico(4)"",""Jeffrey Shumway(5)"",""Shirley Peel(6)""","""Shirley Peel"",""Scotty V VanTatenhove"",""Emily Francis"",""Tricia Canonico"",""Jeffrey Shumway"""
Larimer,City of Fort Collins Mayor,AUDITOR_ENTERED,142988,106-232-1,"""Emily Francis(1)"",""Adam Eggleston(2)"",""Scotty V VanTatenhove(3)"",""Tricia Canonico(4)"",""Adam Hirschhorn(5)"",""Adam Eggleston(6)"",""Jeffrey Shumway(7)""","""Emily Francis"",""Adam Eggleston"",""Scotty V VanTatenhove"",""Tricia Canonico"",""Adam Hirschhorn"""
Larimer,City of Fort Collins Mayor,AUDITOR_ENTERED,186053,106-303-31,"""Adam Eggleston(5)"",""Emily Francis(1)"",""Adam Hirschhorn(6)"",""Shirley Peel(4)"",""Scotty V VanTatenhove(7)""","""Emily Francis"""
Larimer,City of Fort Collins Mayor,AUDITOR_ENTERED,158237,111-215-76,"""Tricia Canonico(1)"",""Emily Francis(2)"",""Adam Hirschhorn(3)"",""Jeffrey Shumway(4)"",""Adam Eggleston(5)"",""Jeffrey Shumway(6)"",""Shirley Peel(7)""","""Tricia Canonico"",""Emily Francis"",""Adam Hirschhorn"",""Jeffrey Shumway"",""Adam Eggleston"""
