county_name,contest_name,choice,votes
Adams,United States Senator - DEM,Julie Gonzales,32004
Adams,United States Senator - DEM,John Hickenlooper,31783
Adams,Representative to the 120th United States Congress - District 4 - DEM,Eileen Laubacher,781
Adams,Representative to the 120th United States Congress - District 4 - DEM,Jenna Preston,8
Adams,Representative to the 120th United States Congress - District 6 - DEM,Jason Crow,4201
Adams,Representative to the 120th United States Congress - District 7 - DEM,Brittany Pettersen,457
Adams,Representative to the 120th United States Congress - District 8 - DEM,Manny Rutinel,35640
Adams,Representative to the 120th United States Congress - District 8 - DEM,Shannon Bird,17969
Adams,Representative to the 120th United States Congress - District 8 - DEM,Evan Munsing,2579
Adams,Governor - DEM,Phil Weiser,33814
Adams,Governor - DEM,Michael Bennet,29518
Adams,Secretary of State - DEM,Amanda Gonzalez,40487
Adams,Secretary of State - DEM,Jessie Danielson,19757
Adams,State Treasurer - DEM,Jeff Bridges,51547
Adams,Attorney General - DEM,Jena Griswold,28181
Adams,Attorney General - DEM,David Seligman,13227
Adams,Attorney General - DEM,Michael Dougherty,10986
Adams,Attorney General - DEM,Hetal Doshi,10080
Adams,State Board of Education Member - Congressional District 7 - DEM,Karla Esser,440
Adams,Regent of the University of Colorado - Congressional District 6 - DEM,Ilana Spiegel,4112
Adams,Regent of the University of Colorado - Congressional District 7 - DEM,Nolbert Chavez,441
Adams,State Senator - District 21 - DEM (Adams),Adrienne Benavidez,10550
Adams,State Senator - District 21 - DEM (Adams),Alex Ryckman,5907
Adams,State Senator - District 24 - DEM,Kyle Mullica,17928
Adams,State Senator - District 25 - DEM,William Lindstedt,11854
Adams,State Representative - District 24 - DEM,Lisa Feret,431
Adams,State Representative - District 29 - DEM,Lori Goldstein,7034
Adams,State Representative - District 31 - DEM,Gabriel Cervantes,4892
Adams,State Representative - District 31 - DEM,"Jacqueline ""Jacque"" Phillips",4089
Adams,State Representative - District 32 - DEM,Chris VanDijk,7380
Adams,State Representative - District 33 - DEM,Heidi Henkel,1461
Adams,State Representative - District 33 - DEM,Kenny Van Nguyen,1395
Adams,State Representative - District 34 - DEM,Jenny Willford,10454
Adams,State Representative - District 35 - DEM,Lorena Garcia,7986
Adams,State Representative - District 36 - DEM,Michael Carter,4160
Adams,State Representative - District 48 - DEM,Dez Packard,3999
Adams,Adams County Commissioner - District 3 - DEM,Emma Pinter,52384
Adams,Adams County Commissioner - District 4 - DEM,Karen DeAguero,29805
Adams,Adams County Commissioner - District 4 - DEM,Tyler Quick,29111
Adams,Adams County Clerk and Recorder - DEM,Josh Zygielbaum,52157
Adams,Adams County Treasurer - DEM,Jason Anaya-Ledeboer,52062
Adams,Adams County Assessor - DEM,Thomas Swingle,51806
Adams,Adams County Sheriff - DEM,Gene R. Claps,51662
Adams,Adams County Coroner - DEM,Monica Broncucia-Jordan,52477
Adams,United States Senator - REP,Mark Baisley,24261
Adams,Representative to the 120th United States Congress - District 4 - REP,Lauren Boebert,1878
Adams,Representative to the 120th United States Congress - District 6 - REP,Mel Tewahade,905
Adams,Representative to the 120th United States Congress - District 7 - REP,Tim Bennett,105
Adams,Representative to the 120th United States Congress - District 8 - REP,Gabe Evans,23839
Adams,Governor - REP,Victor Marx,12545
Adams,Governor - REP,Barb Kirkmeyer,12092
Adams,Governor - REP,Scott Bottoms,5856
Adams,Governor - REP,"Kelvin ""K-Man"" Wimberly",7
Adams,Secretary of State - REP,James Wiley,26156
Adams,State Treasurer - REP,Kevin Grantham,26084
Adams,Attorney General - REP (Adams),Michael J. Allen,16047
Adams,Attorney General - REP (Adams),David Willson,11969
Adams,State Board of Education Member - Congressional District 7 - REP,Steve Barton,98
Adams,Regent of the University of Colorado - Congressional District 6 - REP,Veanessa Burbage,954
Adams,Regent of the University of Colorado - Congressional District 7 - REP,Paul Mueller,60
Adams,Regent of the University of Colorado - Congressional District 7 - REP,Joan Poston,49
Adams,State Senator - District 21 - REP,Frederick Alfred Jr,6807
Adams,State Senator - District 24 - REP,Kevin Allen,9500
Adams,State Senator - District 25 - REP,Rich Guggenheim,5211
Adams,State Representative - District 24 - REP,Kristopher Johnson,102
Adams,State Representative - District 29 - REP,Kristine Ireland,3086
Adams,State Representative - District 31 - REP,Ray Roll,3266
Adams,State Representative - District 32 - REP,Michelle D. Lee,2265
Adams,State Representative - District 32 - REP,Damon L Scordo,1186
Adams,State Representative - District 33 - REP,Nate Jorgensen,1759
Adams,State Representative - District 34 - REP,Craig Sullivan,5430
Adams,State Representative - District 36 - REP,Paul E. Nelson,960
Adams,State Representative - District 48 - REP,Carlos Barron,3654
Adams,State Representative - District 56 - REP,Chris Richardson,2048
Adams,Adams County Commissioner - District 4 - REP,Joseph P Domenico,25758
Adams,Adams County Clerk and Recorder - REP,Karen Hoopes,25831
Adams,Adams County Sheriff - REP,Mark Goodell,26136
Adams,Secretary of State - LBR,Alex Astley,162
Adams,Secretary of State - LBR,Sean Vadney,98
Adams,Governor - UNI,Jeff Peckman,16
Adams,Governor - UNI,Paul Noel Fiorino,11
Alamosa,United States Senator - DEM,John Hickenlooper,969
Alamosa,United States Senator - DEM,Julie Gonzales,763
Alamosa,Representative to the 120th United States Congress - District 3 - DEM,Dwayne L. Romero,837
Alamosa,Representative to the 120th United States Congress - District 3 - DEM,Alex Kelloff,815
Alamosa,Governor - DEM,Phil Weiser,954
Alamosa,Governor - DEM,Michael Bennet,779
Alamosa,Secretary of State - DEM,Amanda Gonzalez,1229
Alamosa,Secretary of State - DEM,Jessie Danielson,396
Alamosa,State Treasurer - DEM,Jeff Bridges,1343
Alamosa,Attorney General - DEM,Jena Griswold,859
Alamosa,Attorney General - DEM,Michael Dougherty,349
Alamosa,Attorney General - DEM,Hetal Doshi,235
Alamosa,Attorney General - DEM,David Seligman,225
Alamosa,State Board of Education Member - Congressional District 3 - DEM,Barb Clementi,1330
Alamosa,State Representative - District 62 - DEM,Matthew Martinez,1516
Alamosa,Alamosa County Commissioner - District 2 - DEM,Sherry Perdue,1353
Alamosa,Alamosa County Assessor - DEM,Jason Duncan,898
Alamosa,Alamosa County Assessor - DEM,Adam Lauer,645
Alamosa,Alamosa County Sheriff - DEM,Robert Jackson,1463
Alamosa,Secretary of State - LBR,Alex Astley,6
Alamosa,Secretary of State - LBR,Sean Vadney,0
Alamosa,United States Senator - REP,Mark Baisley,1309
Alamosa,Representative to the 120th United States Congress - District 3 - REP,Jeff Hurd,1010
Alamosa,Representative to the 120th United States Congress - District 3 - REP,Ron Hanks,584
Alamosa,Governor - REP,Barb Kirkmeyer,675
Alamosa,Governor - REP,Victor Marx,568
Alamosa,Governor - REP,Scott Bottoms,374
Alamosa,Governor - REP,"Kelvin ""K-Man"" Wimberly",0
Alamosa,Secretary of State - REP,James Wiley,1320
Alamosa,State Treasurer - REP,Kevin Grantham,1306
Alamosa,Attorney General - REP (Alamosa),Michael J. Allen,897
Alamosa,Attorney General - REP (Alamosa),David Willson,545
Alamosa,State Board of Education Member - Congressional District 3 - REP,Sherri M Wright,1284
Alamosa,State Representative - District 62 - REP,Steven Rodriguez,1263
Alamosa,State Representative - District 62 - REP,Evans Gonzalez,32
Alamosa,Alamosa County Commissioner - District 2 - REP,Arlan Van Ry,1435
Alamosa,Alamosa County Clerk and Recorder - REP,Tina Espinoza,825
Alamosa,Alamosa County Clerk and Recorder - REP,Jamie Greeman,804
Alamosa,Alamosa County Treasurer - REP,Amy McKinley,1454
Alamosa,Alamosa County Surveyor - REP,Anthony James Martin,1369
Alamosa,Alamosa County Coroner - REP,Joseph Dzuris,1392
Alamosa,Governor - UNI,Jeff Peckman,1
Alamosa,Governor - UNI,Paul Noel Fiorino,0
Arapahoe,United States Senator - DEM,John Hickenlooper,52705
Arapahoe,United States Senator - DEM,Julie Gonzales,42707
Arapahoe,Representative to the 120th United States Congress - District 1 - DEM,Melat Kiros,667
Arapahoe,Representative to the 120th United States Congress - District 1 - DEM,Diana DeGette,565
Arapahoe,Representative to the 120th United States Congress - District 1 - DEM,Wanda James,93
Arapahoe,Representative to the 120th United States Congress - District 4 - DEM,Eileen Laubacher,3812
Arapahoe,Representative to the 120th United States Congress - District 4 - DEM,Jenna Preston,44
Arapahoe,Representative to the 120th United States Congress - District 6 - DEM,Jason Crow,79253
Arapahoe,Governor - DEM,Phil Weiser,53836
Arapahoe,Governor - DEM,Michael Bennet,41069
Arapahoe,Secretary of State - DEM,Amanda Gonzalez,55715
Arapahoe,Secretary of State - DEM,Jessie Danielson,32665
Arapahoe,State Treasurer - DEM,Jeff Bridges,79972
Arapahoe,Attorney General - DEM,Jena Griswold,41014
Arapahoe,Attorney General - DEM,David Seligman,18507
Arapahoe,Attorney General - DEM,Michael Dougherty,17420
Arapahoe,Attorney General - DEM,Hetal Doshi,16520
Arapahoe,State Board of Education Member - Congressional District 1 - DEM,Lisa Escarcega,1036
Arapahoe,Regent of the University of Colorado - Congressional District 6 - DEM,Ilana Spiegel,73292
Arapahoe,State Senator - District 21 - DEM,Adrienne Benavidez,233
Arapahoe,State Senator - District 21 - DEM,Alex Ryckman,152
Arapahoe,State Senator - District 27 - DEM,Tom Sullivan,20340
Arapahoe,State Senator - District 29 - DEM,Iman M. Jodeh,18117
Arapahoe,State Senator - District 32 - DEM,Emily Sirota,1110
Arapahoe,State Representative - District 3 - DEM,Gena Ozols,6656
Arapahoe,State Representative - District 9 - DEM,Monica VanBuskirk,1933
Arapahoe,State Representative - District 9 - DEM,Neal Walia,1523
Arapahoe,State Representative - District 36 - DEM,Michael Carter,4318
Arapahoe,State Representative - District 37 - DEM,Chad Clifford,11980
Arapahoe,State Representative - District 38 - DEM,Gretchen Rydin,12497
Arapahoe,State Representative - District 40 - DEM,Naquetta Ricks,10869
Arapahoe,State Representative - District 41 - DEM,Jamie Jackson,6549
Arapahoe,State Representative - District 41 - DEM,Anne Keke,5479
Arapahoe,State Representative - District 42 - DEM,Sarah Amelia Woodson,4825
Arapahoe,State Representative - District 42 - DEM,Mandy Lindsay,2422
Arapahoe,State Representative - District 61 - DEM,Eliza Hamrick,10768
Arapahoe,Arapahoe County Commissioner - District 2 - DEM,Jessica Campbell,12883
Arapahoe,Arapahoe County Commissioner - District 2 - DEM,Angela Garland,6933
Arapahoe,Arapahoe County Commissioner - District 4 - DEM,Leslie Summey,9034
Arapahoe,Arapahoe County Commissioner - District 4 - DEM,Maya Wheeler,7895
Arapahoe,Arapahoe County Clerk and Recorder - DEM,Joan Lopez,81232
Arapahoe,Arapahoe County Treasurer - DEM,Michael Westerberg,78038
Arapahoe,Arapahoe County Assessor - DEM,PK Kaiser,77117
Arapahoe,Arapahoe County Sheriff - DEM,Tyler Scott Brown,75169
Arapahoe,Arapahoe County Coroner - DEM,Casey Bitting,75586
Arapahoe,Secretary of State - LBR,Alex Astley,213
Arapahoe,Secretary of State - LBR,Sean Vadney,160
Arapahoe,United States Senator - REP,Mark Baisley,36374
Arapahoe,Representative to the 120th United States Congress - District 1 - REP,Christy Peterson,160
Arapahoe,Representative to the 120th United States Congress - District 4 - REP,Lauren Boebert,2919
Arapahoe,Representative to the 120th United States Congress - District 6 - REP,Mel Tewahade,30670
Arapahoe,Governor - REP,Barb Kirkmeyer,18981
Arapahoe,Governor - REP,Victor Marx,14385
Arapahoe,Governor - REP,Scott Bottoms,8272
Arapahoe,Governor - REP,"Kelvin ""K-Man"" Wimberly",10
Arapahoe,Secretary of State - REP,James Wiley,34936
Arapahoe,State Treasurer - REP,Kevin Grantham,36038
Arapahoe,Attorney General - REP (Arapahoe),Michael J. Allen,22904
Arapahoe,Attorney General - REP (Arapahoe),David Willson,15587
Arapahoe,State Board of Education Member - Congressional District 1 - REP,Frederick Espinoza,161
Arapahoe,Regent of the University of Colorado - Congressional District 6 - REP,Veanessa Burbage,31394
Arapahoe,State Senator - District 21 - REP,Frederick Alfred Jr,1032
Arapahoe,State Senator - District 27 - REP,Danielle Lammon,6228
Arapahoe,State Senator - District 27 - REP,Darryl Gibbs,5940
Arapahoe,State Senator - District 29 - REP,Robert McKenna,6341
Arapahoe,State Senator - District 32 - REP,Sydnnia Wulff,174
Arapahoe,State Representative - District 3 - REP,Rebecca Winegar,2186
Arapahoe,State Representative - District 9 - REP,Tom Cowhick,554
Arapahoe,State Representative - District 36 - REP,Paul E. Nelson,1835
Arapahoe,State Representative - District 37 - REP,Jill Thompson,6094
Arapahoe,State Representative - District 40 - REP,Clinton Porter,4489
Arapahoe,State Representative - District 56 - REP,Chris Richardson,1889
Arapahoe,State Representative - District 61 - REP,Scott Shamblin,6617
Arapahoe,Arapahoe County Commissioner - District 2 - REP,Carl Schuldies,9507
Arapahoe,Arapahoe County Commissioner - District 4 - REP,"Sonda ""Sunny"" Banka",5080
Arapahoe,Arapahoe County Clerk and Recorder - REP,Annette Budd,35770
Arapahoe,Arapahoe County Assessor - REP,Jesse Lind,35284
Arapahoe,Arapahoe County Sheriff - REP,Kevin Scott Edling,35037
Arapahoe,Governor - UNI,Jeff Peckman,25
Arapahoe,Governor - UNI,Paul Noel Fiorino,16
Archuleta,United States Senator - DEM,John Hickenlooper,1193
Archuleta,United States Senator - DEM,Julie Gonzales,627
Archuleta,Representative to the 120th United States Congress - District 3 - DEM,Dwayne L. Romero,850
Archuleta,Representative to the 120th United States Congress - District 3 - DEM,Alex Kelloff,845
Archuleta,Governor - DEM,Michael Bennet,1017
Archuleta,Governor - DEM,Phil Weiser,795
Archuleta,Secretary of State - DEM,Amanda Gonzalez,992
Archuleta,Secretary of State - DEM,Jessie Danielson,679
Archuleta,State Treasurer - DEM,Jeff Bridges,1450
Archuleta,Attorney General - DEM (Archuleta),Jena Griswold,1013
Archuleta,Attorney General - DEM (Archuleta),Michael Dougherty,285
Archuleta,Attorney General - DEM (Archuleta),Hetal Doshi,257
Archuleta,Attorney General - DEM (Archuleta),David Seligman,201
Archuleta,State Board of Education Member - Congressional District 3 - DEM,Barb Clementi,1454
Archuleta,State Representative - District 59 - DEM,Katie Stewart,1475
Archuleta,Secretary of State - LBR,Alex Astley,7
Archuleta,Secretary of State - LBR,Sean Vadney,1
Archuleta,United States Senator - REP,Mark Baisley,2072
Archuleta,Representative to the 120th United States Congress - District 3 - REP,Jeff Hurd,1466
Archuleta,Representative to the 120th United States Congress - District 3 - REP,Ron Hanks,1056
Archuleta,Governor - REP,Victor Marx,982
Archuleta,Governor - REP,Scott Bottoms,821
Archuleta,Governor - REP,Barb Kirkmeyer,714
Archuleta,Governor - REP,"Kelvin ""K-Man"" Wimberly",0
Archuleta,Secretary of State - REP,James Wiley,2050
Archuleta,State Treasurer - REP,Kevin Grantham,2057
Archuleta,Attorney General - REP,Michael J. Allen,1158
Archuleta,Attorney General - REP,David Willson,1100
Archuleta,State Board of Education Member - Congressional District 3 - REP,Sherri M Wright,2004
Archuleta,State Representative - District 59 - REP,Naomi Riess,2031
Archuleta,Archuleta County Commissioner - District 3 - REP,Randy Betts,1822
Archuleta,Archuleta County Commissioner - District 3 - REP,Veronica Medina,902
Archuleta,Archuleta County Clerk and Recorder - REP,Kristy Archuleta,2264
Archuleta,Archuleta County Treasurer - REP,Elsa P. White,2249
Archuleta,Archuleta County Assessor - REP,Johanna Tully-Elliott,2196
Archuleta,Archuleta County Sheriff - REP,Mike Le Roux,2262
Archuleta,Archuleta County Coroner - REP,Brad Hunt,2219
Archuleta,Governor - UNI,Jeff Peckman,0
Archuleta,Governor - UNI,Paul Noel Fiorino,0
Baca,United States Senator - DEM,John Hickenlooper,87
Baca,United States Senator - DEM,Julie Gonzales,65
Baca,Representative to the 120th United States Congress - District 4 - DEM,Eileen Laubacher,107
Baca,Representative to the 120th United States Congress - District 4 - DEM,Jenna Preston,0
Baca,Governor - DEM,Michael Bennet,102
Baca,Governor - DEM,Phil Weiser,46
Baca,Secretary of State - DEM,Amanda Gonzalez,75
Baca,Secretary of State - DEM,Jessie Danielson,56
Baca,State Treasurer - DEM,Jeff Bridges,109
Baca,Attorney General - DEM,Jena Griswold,81
Baca,Attorney General - DEM,David Seligman,25
Baca,Attorney General - DEM,Michael Dougherty,24
Baca,Attorney General - DEM,Hetal Doshi,16
Baca,State Senator - District 35 - DEM,Duane L Gurule,106
Baca,State Representative - District 47 - DEM,Vic Meyers,111
Baca,Baca County Clerk and Recorder - DEM,Sharon Dubois,141
Baca,Secretary of State - LBR,Alex Astley,3
Baca,Secretary of State - LBR,Sean Vadney,0
Baca,United States Senator - REP,Mark Baisley,807
Baca,Representative to the 120th United States Congress - District 4 - REP,Lauren Boebert,829
Baca,Governor - REP,Victor Marx,506
Baca,Governor - REP,Barb Kirkmeyer,279
Baca,Governor - REP,Scott Bottoms,202
Baca,Governor - REP,"Kelvin ""K-Man"" Wimberly",0
Baca,Secretary of State - REP,James Wiley,819
Baca,State Treasurer - REP,Kevin Grantham,829
Baca,Attorney General - REP,Michael J. Allen,480
Baca,Attorney General - REP,David Willson,363
Baca,State Senator - District 35 - REP,Rod Pelton,854
Baca,State Representative - District 47 - REP,Ty Winter,895
Baca,Baca County Commissioner - District 2 - REP,Tyson Chick,576
Baca,Baca County Commissioner - District 2 - REP,Anthony LeBlanc,289
Baca,Baca County Commissioner - District 2 - REP,Jason T Franklin,171
Baca,Baca County Treasurer - REP,Jozy Stegman,886
Baca,Baca County Assessor - REP,Crista D. Figgins,925
Baca,Baca County Sheriff - REP,Aaron Mack Shiplett,848
Baca,Baca County Coroner - REP,Everett Brisendine,873
Baca,Governor - UNI,Jeff Peckman,0
Baca,Governor - UNI,Paul Noel Fiorino,0
Bent,United States Senator - DEM,John Hickenlooper,203
Bent,United States Senator - DEM,Julie Gonzales,119
Bent,Representative to the 120th United States Congress - District 4 - DEM,Eileen Laubacher,268
Bent,Representative to the 120th United States Congress - District 4 - DEM,Jenna Preston,0
Bent,Governor - DEM (Bent),Michael Bennet,236
Bent,Governor - DEM (Bent),Phil Weiser,88
Bent,Secretary of State - DEM,Amanda Gonzalez,211
Bent,Secretary of State - DEM,Jessie Danielson,93
Bent,State Treasurer - DEM,Jeff Bridges,260
Bent,Attorney General - DEM,Jena Griswold,210
Bent,Attorney General - DEM,Michael Dougherty,44
Bent,Attorney General - DEM,Hetal Doshi,37
Bent,Attorney General - DEM,David Seligman,27
Bent,State Senator - District 35 - DEM,Duane L Gurule,254
Bent,State Representative - District 47 - DEM,Vic Meyers,266
Bent,Secretary of State - LBR,Alex Astley,1
Bent,Secretary of State - LBR,Sean Vadney,1
Bent,United States Senator - REP,Mark Baisley,585
Bent,Representative to the 120th United States Congress - District 4 - REP,Lauren Boebert,622
Bent,Governor - REP,Victor Marx,417
Bent,Governor - REP,Barb Kirkmeyer,174
Bent,Governor - REP,Scott Bottoms,118
Bent,Governor - REP,"Kelvin ""K-Man"" Wimberly",0
Bent,Secretary of State - REP,James Wiley,601
Bent,State Treasurer - REP,Kevin Grantham,605
Bent,Attorney General - REP (Bent),Michael J. Allen,382
Bent,Attorney General - REP (Bent),David Willson,237
Bent,State Senator - District 35 - REP,Rod Pelton,635
Bent,State Representative - District 47 - REP,Ty Winter,661
Bent,Bent County Commissioner - District 2 - REP,C J Gallegos,606
Bent,Bent County Clerk and Recorder - REP,Anne Boswell,537
Bent,Bent County Treasurer - REP,Jennifer M. Godfrey,631
Bent,Bent County Sheriff - REP,Jake R. Six,550
Bent,Bent County Coroner - REP,Jason E. Nichols,640
Bent,Governor - UNI,Jeff Peckman,0
Bent,Governor - UNI,Paul Noel Fiorino,0
Boulder,United States Senator - DEM,John Hickenlooper,43566
Boulder,United States Senator - DEM,Julie Gonzales,41430
Boulder,Representative to the 120th United States Congress - District 2 - DEM,Joe Neguse,75179
Boulder,Governor - DEM,Phil Weiser,52520
Boulder,Governor - DEM,Michael Bennet,31980
Boulder,Secretary of State - DEM,Amanda Gonzalez,47911
Boulder,Secretary of State - DEM,Jessie Danielson,27907
Boulder,State Treasurer - DEM,Jeff Bridges,66302
Boulder,Attorney General - DEM (Boulder),Michael Dougherty,30250
Boulder,Attorney General - DEM (Boulder),Jena Griswold,25696
Boulder,Attorney General - DEM (Boulder),David Seligman,16329
Boulder,Attorney General - DEM (Boulder),Hetal Doshi,10715
Boulder,Regent of the University of Colorado - Congressional District 2 - DEM,Edie Hooton,29692
Boulder,Regent of the University of Colorado - Congressional District 2 - DEM,Kubs Lalchandani,22619
Boulder,Regent of the University of Colorado - Congressional District 2 - DEM,Murray Smith,20475
Boulder,State Senator - District 15 - DEM,Janice Marchman,5114
Boulder,State Senator - District 17 - DEM,Katie Wallace,28183
Boulder,State Representative - District 10 - DEM,Junie Joseph,14385
Boulder,State Representative - District 11 - DEM,Karen McCormick,15480
Boulder,State Representative - District 12 - DEM,Kyle Brown,19596
Boulder,State Representative - District 19 - DEM,Jillaire McMillan,3271
Boulder,State Representative - District 19 - DEM,Anil Pesaramelli,2631
Boulder,State Representative - District 19 - DEM,Colton Jonjak Plahn,1100
Boulder,State Representative - District 49 - DEM,Lesley Smith,10092
Boulder,Boulder County Commissioner - District 3 - DEM,Ashley Stolzmann,63802
Boulder,Boulder County Clerk and Recorder - DEM,Molly Fitzpatrick,65609
Boulder,Boulder County Treasurer - DEM,Rachel Friend,41051
Boulder,Boulder County Treasurer - DEM,Jenn Kaaoush,31924
Boulder,Boulder County Assessor - DEM,Cynthia Braddock,62303
Boulder,Boulder County Sheriff - DEM,Curtis Johnson,62384
Boulder,Boulder County Surveyor - DEM,Kayce D. W. Keane,62001
Boulder,Boulder County Coroner - DEM,Jeff Martin,62149
Boulder,Secretary of State - LBR,Alex Astley,101
Boulder,Secretary of State - LBR,Sean Vadney,70
Boulder,United States Senator - REP,Mark Baisley,11461
Boulder,Representative to the 120th United States Congress - District 2 - REP (Boulder),Kelley Anne Dennison,7475
Boulder,Representative to the 120th United States Congress - District 2 - REP (Boulder),Christina Blunt (Ducommun),4754
Boulder,Governor - REP,Barb Kirkmeyer,6848
Boulder,Governor - REP,Victor Marx,4435
Boulder,Governor - REP,Scott Bottoms,2730
Boulder,Governor - REP,"Kelvin ""K-Man"" Wimberly",3
Boulder,Secretary of State - REP,James Wiley,11242
Boulder,State Treasurer - REP,Kevin Grantham,11280
Boulder,Attorney General - REP,Michael J. Allen,7424
Boulder,Attorney General - REP,David Willson,5198
Boulder,Regent of the University of Colorado - Congressional District 2 - REP,Marty Neilson,11015
Boulder,State Senator - District 15 - REP,Rob Woodward,1107
Boulder,State Senator - District 17 - REP,Pat Miller,6854
Boulder,State Representative - District 12 - REP,Ryan Rhatigan,2999
Boulder,State Representative - District 19 - REP,Dan Woog,1797
Boulder,State Representative - District 49 - REP,Michael Sheperek,1294
Boulder,Governor - UNI,Paul Noel Fiorino,6
Boulder,Governor - UNI,Jeff Peckman,3
Broomfield,United States Senator - DEM,John Hickenlooper,8598
Broomfield,United States Senator - DEM,Julie Gonzales,7909
Broomfield,Representative to the 120th United States Congress - District 7 - DEM,Brittany Pettersen,13828
Broomfield,Governor - DEM,Phil Weiser,9426
Broomfield,Governor - DEM,Michael Bennet,6944
Broomfield,Secretary of State - DEM,Amanda Gonzalez,9364
Broomfield,Secretary of State - DEM,Jessie Danielson,5899
Broomfield,State Treasurer - DEM,Jeff Bridges,13388
Broomfield,Attorney General - DEM,Jena Griswold,6636
Broomfield,Attorney General - DEM,Michael Dougherty,3769
Broomfield,Attorney General - DEM,David Seligman,3032
Broomfield,Attorney General - DEM,Hetal Doshi,2740
Broomfield,State Board of Education Member - Congressional District 7 - DEM,Karla Esser,13154
Broomfield,Regent of the University of Colorado - Congressional District 7 - DEM,Nolbert Chavez,13078
Broomfield,State Senator - District 25 - DEM,William Lindstedt,13317
Broomfield,State Representative - District 33 - DEM (Broomfield),Kenny Van Nguyen,8866
Broomfield,State Representative - District 33 - DEM (Broomfield),Heidi Henkel,7195
Broomfield,Secretary of State - LBR,Alex Astley,25
Broomfield,Secretary of State - LBR,Sean Vadney,17
Broomfield,United States Senator - REP,Mark Baisley,5255
Broomfield,Representative to the 120th United States Congress - District 7 - REP,Tim Bennett,5084
Broomfield,Governor - REP,Barb Kirkmeyer,3067
Broomfield,Governor - REP,Victor Marx,2040
Broomfield,Governor - REP,Scott Bottoms,1020
Broomfield,Governor - REP,"Kelvin ""K-Man"" Wimberly",4
Broomfield,Secretary of State - REP,James Wiley,5066
Broomfield,State Treasurer - REP,Kevin Grantham,5182
Broomfield,Attorney General - REP (Broomfield),Michael J. Allen,3315
Broomfield,Attorney General - REP (Broomfield),David Willson,2280
Broomfield,State Board of Education Member - Congressional District 7 - REP,Steve Barton,5047
Broomfield,Regent of the University of Colorado - Congressional District 7 - REP,Paul Mueller,3270
Broomfield,Regent of the University of Colorado - Congressional District 7 - REP,Joan Poston,1998
Broomfield,State Senator - District 25 - REP,Rich Guggenheim,5176
Broomfield,State Representative - District 33 - REP,Nate Jorgensen,5193
Broomfield,Governor - UNI,Jeff Peckman,4
Broomfield,Governor - UNI,Paul Noel Fiorino,0
Chaffee,United States Senator - DEM,John Hickenlooper,2807
Chaffee,United States Senator - DEM,Julie Gonzales,1911
Chaffee,Representative to the 120th United States Congress - District 7 - DEM,Brittany Pettersen,3995
Chaffee,Governor - DEM,Michael Bennet,2369
Chaffee,Governor - DEM,Phil Weiser,2312
Chaffee,Secretary of State - DEM (Chaffee),Amanda Gonzalez,2584
Chaffee,Secretary of State - DEM (Chaffee),Jessie Danielson,1559
Chaffee,State Treasurer - DEM,Jeff Bridges,3520
Chaffee,Attorney General - DEM,Jena Griswold,1987
Chaffee,Attorney General - DEM,Hetal Doshi,1273
Chaffee,Attorney General - DEM,Michael Dougherty,820
Chaffee,Attorney General - DEM,David Seligman,492
Chaffee,State Board of Education Member - Congressional District 7 - DEM,Karla Esser,3417
Chaffee,Regent of the University of Colorado - Congressional District 7 - DEM,Nolbert Chavez,3382
Chaffee,State Senator - District 4 - DEM,Justin Kurth,3429
Chaffee,State Representative - District 13 - DEM,Chris Floyd,2197
Chaffee,State Representative - District 13 - DEM,Consuelo Redhorse,1863
Chaffee,State Representative - District 60 - DEM,Kathryn Kester Green,301
Chaffee,Chaffee County Commissioner - District 3 - DEM,PT Wood,3508
Chaffee,Chaffee County Clerk and Recorder - DEM,Sophia Gibb,3548
Chaffee,Chaffee County Treasurer - DEM,Jolene Ellis,3488
Chaffee,Chaffee County Coroner - DEM,Jeff Graf,3531
Chaffee,Secretary of State - LBR,Alex Astley,10
Chaffee,Secretary of State - LBR,Sean Vadney,6
Chaffee,United States Senator - REP,Mark Baisley,2178
Chaffee,Representative to the 120th United States Congress - District 7 - REP,Tim Bennett,2089
Chaffee,Governor - REP,Victor Marx,1324
Chaffee,Governor - REP,Barb Kirkmeyer,879
Chaffee,Governor - REP,Scott Bottoms,454
Chaffee,Governor - REP,"Kelvin ""K-Man"" Wimberly",0
Chaffee,Secretary of State - REP,James Wiley,2072
Chaffee,State Treasurer - REP,Kevin Grantham,2176
Chaffee,Attorney General - REP,Michael J. Allen,1331
Chaffee,Attorney General - REP,David Willson,1041
Chaffee,State Board of Education Member - Congressional District 7 - REP,Steve Barton,2058
Chaffee,Regent of the University of Colorado - Congressional District 7 - REP (Chaffee),Paul Mueller,1386
Chaffee,Regent of the University of Colorado - Congressional District 7 - REP (Chaffee),Joan Poston,717
Chaffee,State Senator - District 4 - REP,Teddy Collins,2142
Chaffee,State Representative - District 13 - REP,Miguel Martinez,1924
Chaffee,State Representative - District 60 - REP,Matt Alexander,118
Chaffee,State Representative - District 60 - REP,Michelle Gray,105
Chaffee,Chaffee County Commissioner - District 3 - REP,Toby Taylor,2264
Chaffee,Governor - UNI,Paul Noel Fiorino,1
Chaffee,Governor - UNI,Jeff Peckman,0
Cheyenne,United States Senator - DEM,John Hickenlooper,37
Cheyenne,United States Senator - DEM,Julie Gonzales,11
Cheyenne,Representative to the 120th United States Congress - District 4 - DEM,Eileen Laubacher,35
Cheyenne,Representative to the 120th United States Congress - District 4 - DEM,Jenna Preston,0
Cheyenne,Governor - DEM,Michael Bennet,29
Cheyenne,Governor - DEM,Phil Weiser,18
Cheyenne,Secretary of State - DEM,Jessie Danielson,21
Cheyenne,Secretary of State - DEM,Amanda Gonzalez,19
Cheyenne,State Treasurer - DEM,Jeff Bridges,32
Cheyenne,Attorney General - DEM,Michael Dougherty,20
Cheyenne,Attorney General - DEM,Jena Griswold,18
Cheyenne,Attorney General - DEM,Hetal Doshi,5
Cheyenne,Attorney General - DEM,David Seligman,4
Cheyenne,State Senator - District 35 - DEM,Duane L Gurule,31
Cheyenne,Secretary of State - LBR,Sean Vadney,0
Cheyenne,Secretary of State - LBR,Alex Astley,0
Cheyenne,United States Senator - REP,Mark Baisley,425
Cheyenne,Representative to the 120th United States Congress - District 4 - REP,Lauren Boebert,435
Cheyenne,Governor - REP (Cheyenne),Barb Kirkmeyer,268
Cheyenne,Governor - REP (Cheyenne),Victor Marx,195
Cheyenne,Governor - REP (Cheyenne),Scott Bottoms,71
Cheyenne,Governor - REP (Cheyenne),"Kelvin ""K-Man"" Wimberly",0
Cheyenne,Secretary of State - REP,James Wiley,434
Cheyenne,State Treasurer - REP,Kevin Grantham,440
Cheyenne,Attorney General - REP,Michael J. Allen,276
Cheyenne,Attorney General - REP,David Willson,161
Cheyenne,State Senator - District 35 - REP,Rod Pelton,504
Cheyenne,State Representative - District 56 - REP,Chris Richardson,419
Cheyenne,Cheyenne County Commissioner - District 2 - REP,Ronald R Smith,378
Cheyenne,Cheyenne County Commissioner - District 2 - REP,Sam Mitchek,171
Cheyenne,Cheyenne County Clerk and Recorder - REP,Allison Brown,503
Cheyenne,Cheyenne County Treasurer - REP,Gaila Mitchek,498
Cheyenne,Cheyenne County Assessor - REP,Lacey Welsh,448
Cheyenne,Cheyenne County Sheriff - REP,Joseph Conner,447
Cheyenne,Governor - UNI,Paul Noel Fiorino,0
Cheyenne,Governor - UNI,Jeff Peckman,0
Clear Creek,United States Senator - DEM,John Hickenlooper,1029
Clear Creek,United States Senator - DEM,Julie Gonzales,732
Clear Creek,Representative to the 120th United States Congress - District 2 - DEM,Joe Neguse,1555
Clear Creek,Governor - DEM,Phil Weiser,887
Clear Creek,Governor - DEM,Michael Bennet,873
Clear Creek,Secretary of State - DEM (Clear Creek),Amanda Gonzalez,978
Clear Creek,Secretary of State - DEM (Clear Creek),Jessie Danielson,570
Clear Creek,State Treasurer - DEM,Jeff Bridges,1385
Clear Creek,Attorney General - DEM,Jena Griswold,809
Clear Creek,Attorney General - DEM,Michael Dougherty,333
Clear Creek,Attorney General - DEM,Hetal Doshi,314
Clear Creek,Attorney General - DEM,David Seligman,226
Clear Creek,Regent of the University of Colorado - Congressional District 2 - DEM,Edie Hooton,540
Clear Creek,Regent of the University of Colorado - Congressional District 2 - DEM,Murray Smith,423
Clear Creek,Regent of the University of Colorado - Congressional District 2 - DEM,Kubs Lalchandani,352
Clear Creek,State Senator - District 8 - DEM,Dylan Roberts,1386
Clear Creek,State Representative - District 49 - DEM,Lesley Smith,1377
Clear Creek,Clear Creek County Commissioner - District 1 - DEM,Chris Gould,1435
Clear Creek,Clear Creek County Clerk and Recorder - DEM,Lisa Manifold,1351
Clear Creek,Clear Creek County Treasurer - DEM,Keith Vieweg,1369
Clear Creek,Secretary of State - LBR,Sean Vadney,5
Clear Creek,Secretary of State - LBR,Alex Astley,2
Clear Creek,United States Senator - REP,Mark Baisley,719
Clear Creek,Representative to the 120th United States Congress - District 2 - REP (Clear Creek),Kelley Anne Dennison,450
Clear Creek,Representative to the 120th United States Congress - District 2 - REP (Clear Creek),Christina Blunt (Ducommun),285
Clear Creek,Governor - REP,Barb Kirkmeyer,356
Clear Creek,Governor - REP,Victor Marx,271
Clear Creek,Governor - REP,Scott Bottoms,202
Clear Creek,Governor - REP,"Kelvin ""K-Man"" Wimberly",0
Clear Creek,Secretary of State - REP,James Wiley,696
Clear Creek,State Treasurer - REP,Kevin Grantham,701
Clear Creek,Attorney General - REP,Michael J. Allen,457
Clear Creek,Attorney General - REP,David Willson,305
Clear Creek,Regent of the University of Colorado - Congressional District 2 - REP,Marty Neilson,682
Clear Creek,State Senator - District 8 - REP,Corey Marshall,690
Clear Creek,State Representative - District 49 - REP,Michael Sheperek,694
Clear Creek,Clear Creek County Assessor - REP,Donna Gee,734
Clear Creek,Clear Creek County Sheriff - REP,Ron Thornton,740
Clear Creek,Clear Creek County Coroner - REP,Chris Hegmann,726
Clear Creek,Governor - UNI,Jeff Peckman,0
Clear Creek,Governor - UNI,Paul Noel Fiorino,0
Conejos,United States Senator - DEM,John Hickenlooper,673
Conejos,United States Senator - DEM,Julie Gonzales,448
Conejos,Representative to the 120th United States Congress - District 3 - DEM,Dwayne L. Romero,708
Conejos,Representative to the 120th United States Congress - District 3 - DEM,Alex Kelloff,381
Conejos,Governor - DEM (Conejos),Michael Bennet,710
Conejos,Governor - DEM (Conejos),Phil Weiser,400
Conejos,Secretary of State - DEM,Amanda Gonzalez,893
Conejos,Secretary of State - DEM,Jessie Danielson,189
Conejos,State Treasurer - DEM,Jeff Bridges,907
Conejos,Attorney General - DEM,Jena Griswold,670
Conejos,Attorney General - DEM,Michael Dougherty,188
Conejos,Attorney General - DEM,David Seligman,117
Conejos,Attorney General - DEM,Hetal Doshi,93
Conejos,State Board of Education Member - Congressional District 3 - DEM,Barb Clementi,889
Conejos,State Representative - District 62 - DEM,Matthew Martinez,1007
Conejos,Conejos County Commissioner District 2 - DEM,Randy Perea,956
Conejos,Conejos County Clerk and Recorder - DEM,Nathan Ruybal ,981
Conejos,Conejos County Treasurer - DEM,Donald E. Valdez,591
Conejos,Conejos County Treasurer - DEM,Cathy Flores,550
Conejos,Conejos County Assessor - DEM,Naomi Martinez-Keys ,1005
Conejos,Conejos County Sheriff - DEM,Matthew Montoya ,899
Conejos,Secretary of State - LBR,Alex Astley,0
Conejos,Secretary of State - LBR,Sean Vadney,0
Conejos,United States Senator - REP,Mark Baisley,990
Conejos,Representative to the 120th United States Congress - District 3 - REP,Jeff Hurd,754
Conejos,Representative to the 120th United States Congress - District 3 - REP,Ron Hanks,449
Conejos,Governor - REP,Barb Kirkmeyer,487
Conejos,Governor - REP,Scott Bottoms,392
Conejos,Governor - REP,Victor Marx,351
Conejos,Governor - REP,"Kelvin ""K-Man"" Wimberly",0
Conejos,Secretary of State - REP,James Wiley,1007
Conejos,State Treasurer - REP,Kevin Grantham,1007
Conejos,Attorney General - REP,Michael J. Allen,657
Conejos,Attorney General - REP,David Willson,448
Conejos,State Board of Education Member - Congressional District 3 - REP,Sherri M Wright,985
Conejos,State Representative - District 62 - REP,Steven Rodriguez,1001
Conejos,State Representative - District 62 - REP,Evans Gonzalez,6
Conejos,Conejos County Commissioner District 2 - REP,Colton Sutherland,705
Conejos,Conejos County Commissioner District 2 - REP,Mitchell Jarvies,582
Conejos,Conejos County Sheriff - REP,Garth Crowther ,1091
Conejos,Conejos County Surveyor - REP,Toby Crowther ,1110
Conejos,Conejos County Coroner - REP,Ashley Crowther ,744
Conejos,Conejos County Coroner - REP,Richard A. Martin,553
Conejos,Governor - UNI,Paul Noel Fiorino,0
Conejos,Governor - UNI,Jeff Peckman,0
Costilla,United States Senator - DEM,John Hickenlooper,506
Costilla,United States Senator - DEM,Julie Gonzales,462
Costilla,Representative to the 120th United States Congress - District 3 - DEM,Dwayne L. Romero,637
Costilla,Representative to the 120th United States Congress - District 3 - DEM,Alex Kelloff,253
Costilla,Governor - DEM,Michael Bennet,596
Costilla,Governor - DEM,Phil Weiser,369
Costilla,Secretary of State - DEM,Amanda Gonzalez,746
Costilla,Secretary of State - DEM,Jessie Danielson,159
Costilla,State Treasurer - DEM,Jeff Bridges,697
Costilla,Attorney General - DEM,Jena Griswold,567
Costilla,Attorney General - DEM,Michael Dougherty,150
Costilla,Attorney General - DEM,David Seligman,83
Costilla,Attorney General - DEM,Hetal Doshi,80
Costilla,State Board of Education Member - Congressional District 3 - DEM,Barb Clementi,678
Costilla,State Representative - District 62 - DEM,Matthew Martinez,774
Costilla,Costilla County Commissioner District 2 - DEM,Patrick Roybal,410
Costilla,Costilla County Commissioner District 2 - DEM,"Lorraine A. ""Lorrie"" Quintana",354
Costilla,Costilla County Commissioner District 2 - DEM,Patrick Maestas,253
Costilla,Costilla County Clerk and Recorder - DEM,Adelia Romero,868
Costilla,Costilla County Treasurer - DEM,Michael Ray Vigil,928
Costilla,Costilla County Assessor - DEM,Pamela Vigil,555
Costilla,Costilla County Assessor - DEM,Angelina M. Espinoza,448
Costilla,Costilla County Sheriff - DEM,Jason Maestas,805
Costilla,Costilla County Sheriff - DEM,Cruz Soto,141
Costilla,Costilla County Coroner - DEM,Sherri Vigil,879
Costilla,Secretary of State - LBR,Alex Astley,1
Costilla,Secretary of State - LBR,Sean Vadney,0
Costilla,United States Senator - REP,Mark Baisley,271
Costilla,Representative to the 120th United States Congress - District 3 - REP (Costilla),Jeff Hurd,199
Costilla,Representative to the 120th United States Congress - District 3 - REP (Costilla),Ron Hanks,120
Costilla,Governor - REP,Victor Marx,122
Costilla,Governor - REP,Scott Bottoms,102
Costilla,Governor - REP,Barb Kirkmeyer,84
Costilla,Governor - REP,"Kelvin ""K-Man"" Wimberly",1
Costilla,Secretary of State - REP,James Wiley,278
Costilla,State Treasurer - REP,Kevin Grantham,270
Costilla,Attorney General - REP,Michael J. Allen,161
Costilla,Attorney General - REP,David Willson,125
Costilla,State Board of Education Member - Congressional District 3 - REP,Sherri M Wright,263
Costilla,State Representative - District 62 - REP,Steven Rodriguez,268
Costilla,State Representative - District 62 - REP,Evans Gonzalez,1
Costilla,Costilla County Assessor - REP,Gary Myco,271
Costilla,Costilla County Sheriff - REP,Kirk Taylor,252
Costilla,Costilla County Sheriff - REP,Joe Smith,71
Costilla,Governor - UNI,Jeff Peckman,0
Costilla,Governor - UNI,Paul Noel Fiorino,0
Crowley,United States Senator - DEM,John Hickenlooper,139
Crowley,United States Senator - DEM,Julie Gonzales,92
Crowley,Representative to the 120th United States Congress - District 4 - DEM,Eileen Laubacher,190
Crowley,Representative to the 120th United States Congress - District 4 - DEM,Jenna Preston,2
Crowley,Governor - DEM,Michael Bennet,147
Crowley,Governor - DEM,Phil Weiser,83
Crowley,Secretary of State - DEM,Amanda Gonzalez,154
Crowley,Secretary of State - DEM,Jessie Danielson,61
Crowley,State Treasurer - DEM,Jeff Bridges,184
Crowley,Attorney General - DEM (Crowley),Jena Griswold,161
Crowley,Attorney General - DEM (Crowley),Hetal Doshi,31
Crowley,Attorney General - DEM (Crowley),Michael Dougherty,19
Crowley,Attorney General - DEM (Crowley),David Seligman,13
Crowley,State Senator - District 35 - DEM,Duane L Gurule,193
Crowley,State Representative - District 47 - DEM,Vic Meyers,191
Crowley,Secretary of State - LBR,Alex Astley,1
Crowley,Secretary of State - LBR,Sean Vadney,0
Crowley,United States Senator - REP,Mark Baisley,525
Crowley,Representative to the 120th United States Congress - District 4 - REP,Lauren Boebert,539
Crowley,Governor - REP (Crowley),Victor Marx,353
Crowley,Governor - REP (Crowley),Barb Kirkmeyer,149
Crowley,Governor - REP (Crowley),Scott Bottoms,125
Crowley,Governor - REP (Crowley),"Kelvin ""K-Man"" Wimberly",0
Crowley,Secretary of State - REP,James Wiley,533
Crowley,State Treasurer - REP,Kevin Grantham,561
Crowley,Attorney General - REP,Michael J. Allen,370
Crowley,Attorney General - REP,David Willson,189
Crowley,State Senator - District 35 - REP,Rod Pelton,545
Crowley,State Representative - District 47 - REP,Ty Winter,576
Crowley,Crowley County Commissioner - District 1 - REP,Roy Elliott,544
Crowley,Crowley County Clerk and Recorder - REP,"Melinda ""Mindy"" Carter",590
Crowley,Crowley County Treasurer - REP,Holly McCuistion,568
Crowley,Crowley County Assessor - REP,Doug England,580
Crowley,Crowley County Sheriff - REP,Jonathan Mazzella,561
Crowley,Governor - UNI,Jeff Peckman,0
Crowley,Governor - UNI,Paul Noel Fiorino,0
Custer,United States Senator - DEM,John Hickenlooper,390
Custer,United States Senator - DEM,Julie Gonzales,267
Custer,Representative to the 120th United States Congress - District 7 - DEM,Brittany Pettersen,569
Custer,Governor - DEM,Michael Bennet,338
Custer,Governor - DEM,Phil Weiser,317
Custer,Secretary of State - DEM,Amanda Gonzalez,353
Custer,Secretary of State - DEM,Jessie Danielson,247
Custer,State Treasurer - DEM,Jeff Bridges,510
Custer,Attorney General - DEM (Custer),Jena Griswold,417
Custer,Attorney General - DEM (Custer),Michael Dougherty,95
Custer,Attorney General - DEM (Custer),Hetal Doshi,74
Custer,Attorney General - DEM (Custer),David Seligman,48
Custer,State Board of Education Member - Congressional District 7 - DEM,Karla Esser,503
Custer,Regent of the University of Colorado - Congressional District 7 - DEM,Nolbert Chavez,502
Custer,State Senator - District 4 - DEM,Justin Kurth,506
Custer,State Representative - District 60 - DEM,Kathryn Kester Green,505
Custer,Secretary of State - LBR,Sean Vadney,6
Custer,Secretary of State - LBR,Alex Astley,1
Custer,United States Senator - REP,Mark Baisley,1054
Custer,Representative to the 120th United States Congress - District 7 - REP,Tim Bennett,1028
Custer,Governor - REP,Victor Marx,509
Custer,Governor - REP,Scott Bottoms,471
Custer,Governor - REP,Barb Kirkmeyer,298
Custer,Governor - REP,"Kelvin ""K-Man"" Wimberly",1
Custer,Secretary of State - REP,James Wiley,1049
Custer,State Treasurer - REP,Kevin Grantham,1054
Custer,Attorney General - REP,Michael J. Allen,595
Custer,Attorney General - REP,David Willson,540
Custer,State Board of Education Member - Congressional District 7 - REP,Steve Barton,987
Custer,Regent of the University of Colorado - Congressional District 7 - REP (Custer),Paul Mueller,605
Custer,Regent of the University of Colorado - Congressional District 7 - REP (Custer),Joan Poston,416
Custer,State Senator - District 4 - REP,Teddy Collins,1026
Custer,State Representative - District 60 - REP,Matt Alexander,666
Custer,State Representative - District 60 - REP,Michelle Gray,581
Custer,Custer County Board of County Commissioners - District 1 - REP,Taylor LoPresti,986
Custer,Custer County Clerk and Recorder - REP,Kelley S. Camper,1085
Custer,Custer County Treasurer - REP,Virginia Trujillo,1036
Custer,Custer County Assessor - REP,J.D. Henrich,1078
Custer,Custer County Sheriff - REP,Lloyd Rich Smith,985
Custer,Custer County Coroner - REP,Brad L. Baltzly,1022
Custer,Governor - UNI,Paul Noel Fiorino,0
Custer,Governor - UNI,Jeff Peckman,0
Delta,United States Senator - DEM,John Hickenlooper,1942
Delta,United States Senator - DEM,Julie Gonzales,1376
Delta,Representative to the 120th United States Congress - District 3 - DEM,Alex Kelloff,1632
Delta,Representative to the 120th United States Congress - District 3 - DEM,Dwayne L. Romero,1411
Delta,Governor - DEM,Michael Bennet,1685
Delta,Governor - DEM,Phil Weiser,1623
Delta,Secretary of State - DEM (Delta),Amanda Gonzalez,1863
Delta,Secretary of State - DEM (Delta),Jessie Danielson,1117
Delta,State Treasurer - DEM,Jeff Bridges,2448
Delta,Attorney General - DEM,Jena Griswold,1928
Delta,Attorney General - DEM,Michael Dougherty,487
Delta,Attorney General - DEM,Hetal Doshi,418
Delta,Attorney General - DEM,David Seligman,376
Delta,State Board of Education Member - Congressional District 3 - DEM,Barb Clementi,2504
Delta,State Representative - District 54 - DEM,Mallory Martin,1451
Delta,State Representative - District 58 - DEM,Susannah Smith,1023
Delta,Delta County Commissioner - District 1 - DEM,Nathan Clay,2588
Delta,Delta County Sheriff - DEM,Demitri Stelter,2335
Delta,Delta County Coroner - DEM,Jill Deneau,2460
Delta,Secretary of State - LBR,Alex Astley,12
Delta,Secretary of State - LBR,Sean Vadney,8
Delta,United States Senator - REP,Mark Baisley,5276
Delta,Representative to the 120th United States Congress - District 3 - REP,Jeff Hurd,4227
Delta,Representative to the 120th United States Congress - District 3 - REP,Ron Hanks,2035
Delta,Governor - REP (Delta),Victor Marx,3366
Delta,Governor - REP (Delta),Barb Kirkmeyer,1690
Delta,Governor - REP (Delta),Scott Bottoms,1224
Delta,Governor - REP (Delta),"Kelvin ""K-Man"" Wimberly",1
Delta,Secretary of State - REP,James Wiley,5294
Delta,State Treasurer - REP,Kevin Grantham,5298
Delta,Attorney General - REP,Michael J. Allen,3025
Delta,Attorney General - REP,David Willson,2628
Delta,State Board of Education Member - Congressional District 3 - REP,Sherri M Wright,5245
Delta,State Senator - District 7 - REP,Janice Rich,1225
Delta,State Representative - District 54 - REP,Jason Bias,2335
Delta,State Representative - District 54 - REP,Nina Anderson,2234
Delta,State Representative - District 58 - REP,Larry Don Suckla,1308
Delta,Delta County Commissioner - District 1 - REP,Matt Soper,5486
Delta,Delta County Clerk and Recorder - REP,Rene D. Warner,5367
Delta,Delta County Treasurer - REP,Brittany Kuhn,5337
Delta,Delta County Assessor - REP,Jolene George,5336
Delta,Delta County Sheriff - REP,Quinn Archibeque,4405
Delta,Delta County Sheriff - REP,Darel Reed,1002
Delta,Delta County Coroner - REP,Lance B. Boren,5472
Delta,Governor - UNI,Jeff Peckman,1
Delta,Governor - UNI,Paul Noel Fiorino,0
Denver,United States Senator - DEM,Julie Gonzales,85897
Denver,United States Senator - DEM,John Hickenlooper,72270
Denver,United States Senator - REP,Mark Baisley,15239
Denver,Representative to the 120th United States Congress - District 1 - DEM,Melat Kiros,83188
Denver,Representative to the 120th United States Congress - District 1 - DEM,Diana DeGette,62150
Denver,Representative to the 120th United States Congress - District 1 - DEM,Wanda James,10982
Denver,Representative to the 120th United States Congress - District 1 - REP,Christy Peterson,14849
Denver,Representative to the 120th United States Congress - District 6 - DEM,Jason Crow,287
Denver,Representative to the 120th United States Congress - District 6 - REP,Mel Tewahade,46
Denver,Governor - DEM,Phil Weiser,103298
Denver,Governor - DEM,Michael Bennet,52342
Denver,Governor - REP (Denver),Barb Kirkmeyer,9085
Denver,Governor - REP (Denver),Victor Marx,5474
Denver,Governor - REP (Denver),Scott Bottoms,3323
Denver,Governor - REP (Denver),"Kelvin ""K-Man"" Wimberly",5
Denver,Governor - UNI,Jeff Peckman,29
Denver,Governor - UNI,Paul Noel Fiorino,22
Denver,Secretary of State - DEM,Amanda Gonzalez,97946
Denver,Secretary of State - DEM,Jessie Danielson,47401
Denver,Secretary of State - REP,James Wiley,14912
Denver,Secretary of State - LBR,Alex Astley,187
Denver,Secretary of State - LBR,Sean Vadney,118
Denver,State Treasurer - DEM,Jeff Bridges,123170
Denver,State Treasurer - REP,Kevin Grantham,15063
Denver,Attorney General - DEM,Jena Griswold,52156
Denver,Attorney General - DEM,David Seligman,45170
Denver,Attorney General - DEM,Hetal Doshi,30381
Denver,Attorney General - DEM,Michael Dougherty,26100
Denver,Attorney General - REP,Michael J. Allen,10352
Denver,Attorney General - REP,David Willson,5919
Denver,State Board of Education Member - Congressional District 1 - DEM,Lisa Escarcega,123415
Denver,State Board of Education Member - Congressional District 1 - REP,Frederick Espinoza,14737
Denver,Regent of the University of Colorado - Congressional District 6 - DEM,Ilana Spiegel,262
Denver,Regent of the University of Colorado - Congressional District 6 - REP,Veanessa Burbage,47
Denver,State Senator - District 31 (DEM),Matt Ball,35419
Denver,State Senator - District 31 (REP),Michael F. DiManna,3411
Denver,State Senator - District 32 - DEM,Emily Sirota,24591
Denver,State Senator - District 32 - REP,Sydnnia Wulff,4239
Denver,State Senator - District 34 (DEM),Chela Garcia Irlando,22015
Denver,State Senator - District 34 (DEM),Andres Carrera,9754
Denver,State Senator - District 34 (REP),Jack Daus,2278
Denver,State Representative - District 1 - DEM,Javier Mabrey,10908
Denver,State Representative - District 1 - REP,Joseph Montoya,2962
Denver,State Representative - District 2 (DEM),Scott Baldermann,18916
Denver,State Representative - District 2 (REP),Carey Marin,2730
Denver,State Representative - District 3 - DEM,Gena Ozols,5119
Denver,State Representative - District 3 - REP,Rebecca Winegar,1200
Denver,State Representative - District 4 (DEM),Cecelia Espenoza,15021
Denver,State Representative - District 4 (REP),Ellwood Ervin,1345
Denver,State Representative - District 5 (DEM),Justine Sandoval,11994
Denver,State Representative - District 5 (DEM),Sterling Thomas Simms,3623
Denver,State Representative - District 5 (REP),Johnnie W. Johnson,1030
Denver,State Representative - District 6 (DEM),Iris Halpern,12420
Denver,State Representative - District 6 (DEM),Sean Camacho,10123
Denver,State Representative - District 6 (REP),Kathleen Angel,1431
Denver,State Representative - District 7 (DEM),Jennifer Bacon,9888
Denver,State Representative - District 8 (DEM),Lindsay Gilchrist,20449
Denver,State Representative - District 8 (REP),Carolyn Barnes,1036
Denver,State Representative - District 9 - DEM,Monica VanBuskirk,7639
Denver,State Representative - District 9 - DEM,Neal Walia,5147
Denver,State Representative - District 9 - REP,Tom Cowhick,1925
Dolores,United States Senator - DEM,John Hickenlooper,97
Dolores,United States Senator - DEM,Julie Gonzales,53
Dolores,Representative to the 120th United States Congress - District 3 - DEM,Alex Kelloff,75
Dolores,Representative to the 120th United States Congress - District 3 - DEM,Dwayne L. Romero,59
Dolores,Governor - DEM,Michael Bennet,87
Dolores,Governor - DEM,Phil Weiser,61
Dolores,Secretary of State - DEM,Amanda Gonzalez,70
Dolores,Secretary of State - DEM,Jessie Danielson,59
Dolores,State Treasurer - DEM,Jeff Bridges,107
Dolores,Attorney General - DEM,Jena Griswold,78
Dolores,Attorney General - DEM,Michael Dougherty,34
Dolores,Attorney General - DEM,Hetal Doshi,16
Dolores,Attorney General - DEM,David Seligman,12
Dolores,State Board of Education Member - Congressional District 3 - DEM,Barb Clementi,100
Dolores,State Representative - District 58 - DEM,Susannah Smith,99
Dolores,Secretary of State - LBR,Sean Vadney,1
Dolores,Secretary of State - LBR,Alex Astley,1
Dolores,United States Senator - REP,Mark Baisley,371
Dolores,Representative to the 120th United States Congress - District 3 - REP,Jeff Hurd,252
Dolores,Representative to the 120th United States Congress - District 3 - REP,Ron Hanks,234
Dolores,Governor - REP (Dolores),Victor Marx,217
Dolores,Governor - REP (Dolores),Scott Bottoms,149
Dolores,Governor - REP (Dolores),Barb Kirkmeyer,110
Dolores,Secretary of State - REP,James Wiley,374
Dolores,State Treasurer - REP,Kevin Grantham,371
Dolores,Attorney General - REP,Michael J. Allen,209
Dolores,Attorney General - REP,David Willson,197
Dolores,State Board of Education Member - Congressional District 3 - REP,Sherri M Wright,360
Dolores,State Representative - District 58 - REP,Larry Don Suckla,463
Dolores,Dolores County Commissioner District 1 - REP,Jerry Baxter,423
Dolores,Dolores County Treasurer - REP,Taylor L. Funk,468
Dolores,Dolores County Sheriff - REP,Krista M Schear,336
Dolores,Dolores County Coroner - REP,Aaron Hankins,446
Dolores,Governor - UNI,Jeff Peckman,0
Dolores,Governor - UNI,Paul Noel Fiorino,0
Douglas,United States Senator - DEM,John Hickenlooper,30636
Douglas,United States Senator - DEM,Julie Gonzales,21253
Douglas,Representative to the 120th United States Congress - District 4 - DEM,Eileen Laubacher,42986
Douglas,Representative to the 120th United States Congress - District 6 - DEM,Jason Crow,1043
Douglas,Governor - DEM (Douglas),Phil Weiser,27538
Douglas,Governor - DEM (Douglas),Michael Bennet,24180
Douglas,Secretary of State - DEM,Amanda Gonzalez,29239
Douglas,Secretary of State - DEM,Jessie Danielson,18428
Douglas,State Treasurer - DEM,Jeff Bridges,42563
Douglas,Attorney General - DEM,Jena Griswold,23418
Douglas,Attorney General - DEM,Michael Dougherty,10684
Douglas,Attorney General - DEM,Hetal Doshi,8927
Douglas,Attorney General - DEM,David Seligman,7627
Douglas,Regent of the University of Colorado - Congressional District 6 - DEM,Ilana Spiegel,910
Douglas,State Senator - District 4 - DEM,Justin Kurth,1977
Douglas,State Senator - District 27 - DEM,Tom Sullivan,859
Douglas,State Senator - District 30 (DEM),Kevin Leung,21989
Douglas,State Representative - District 39 (DEM),Christian Schilder,10758
Douglas,State Representative - District 43 (DEM),"Robert ""Bob"" Marshall",12041
Douglas,State Representative - District 44 (DEM),Richard Bowness,8523
Douglas,State Representative - District 45 (DEM),Michael Clarkson,9682
Douglas,State Representative - District 61 - DEM,Eliza Hamrick,940
Douglas,Douglas County Commissioner - District 1 (DEM),Irene Bonham,41828
Douglas,Douglas County Clerk and Recorder (DEM),Jim Oehler,41565
Douglas,Douglas County Treasurer (DEM),Dan Smith,41629
Douglas,Douglas County Assessor (DEM),Kara Garr,41690
Douglas,Secretary of State - LBR,Alex Astley,168
Douglas,Secretary of State - LBR,Sean Vadney,99
Douglas,United States Senator - REP,Mark Baisley,45616
Douglas,Representative to the 120th United States Congress - District 4 - REP,Lauren Boebert,42055
Douglas,Representative to the 120th United States Congress - District 6 - REP,Mel Tewahade,773
Douglas,Governor - REP,Barb Kirkmeyer,21950
Douglas,Governor - REP,Victor Marx,19315
Douglas,Governor - REP,Scott Bottoms,9999
Douglas,Secretary of State - REP,James Wiley,45027
Douglas,State Treasurer - REP,Kevin Grantham,44955
Douglas,Attorney General - REP,Michael J. Allen,28512
Douglas,Attorney General - REP,David Willson,18850
Douglas,Regent of the University of Colorado - Congressional District 6 - REP,Veanessa Burbage,770
Douglas,State Senator - District 4 - REP,Teddy Collins,4479
Douglas,State Senator - District 27 - REP,Danielle Lammon,422
Douglas,State Senator - District 27 - REP,Darryl Gibbs,321
Douglas,State Senator - District 30 (REP),John Carson,18744
Douglas,State Representative - District 39 (REP),Brandi Bradley,12338
Douglas,State Representative - District 43 (REP),Nate Marsh,9020
Douglas,State Representative - District 44 (REP),Anthony Hartsook,6081
Douglas,State Representative - District 44 (REP),Bob Davis,4541
Douglas,State Representative - District 45 (REP),Max Brooks,12578
Douglas,State Representative - District 61 - REP,Scott Shamblin,800
Douglas,Douglas County Commissioner - District 1 (REP),Jake Bockenfeld,27315
Douglas,Douglas County Commissioner - District 1 (REP),John Diak,21596
Douglas,Douglas County Clerk and Recorder (REP),Sheri Davis,44798
Douglas,Douglas County Treasurer (REP),Tim Dietz,29262
Douglas,Douglas County Treasurer (REP),Meghann Silverthorn,18539
Douglas,Douglas County Assessor (REP),Toby Damisch,44554
Douglas,Douglas County Sheriff (REP),Darren M. Weekly,45987
Douglas,Douglas County Surveyor (REP),Darrell E. Roberts,44699
Douglas,Douglas County Coroner (REP),Raeann Brown,44840
Douglas,Governor - UNI,Jeff Peckman,2
Douglas,Governor - UNI,Paul Noel Fiorino,1
Eagle,United States Senator - DEM,John Hickenlooper,4963
Eagle,United States Senator - DEM,Julie Gonzales,2453
Eagle,Representative to the 120th United States Congress - District 2 - DEM,Joe Neguse,4920
Eagle,Representative to the 120th United States Congress - District 3 - DEM,Dwayne L. Romero,987
Eagle,Representative to the 120th United States Congress - District 3 - DEM,Alex Kelloff,548
Eagle,Governor - DEM,Phil Weiser,3971
Eagle,Governor - DEM,Michael Bennet,3419
Eagle,Secretary of State - DEM,Amanda Gonzalez,3498
Eagle,Secretary of State - DEM,Jessie Danielson,2842
Eagle,State Treasurer - DEM,Jeff Bridges,5684
Eagle,Attorney General - DEM,Jena Griswold,3608
Eagle,Attorney General - DEM,Michael Dougherty,1368
Eagle,Attorney General - DEM,Hetal Doshi,1097
Eagle,Attorney General - DEM,David Seligman,949
Eagle,State Board of Education Member - Congressional District 3 - DEM,Barb Clementi,1219
Eagle,Regent of the University of Colorado - Congressional District 2 - DEM,Edie Hooton,1668
Eagle,Regent of the University of Colorado - Congressional District 2 - DEM,Murray Smith,1433
Eagle,Regent of the University of Colorado - Congressional District 2 - DEM,Kubs Lalchandani,994
Eagle,State Senator - District 8 - DEM,Dylan Roberts,4979
Eagle,State Representative - District 26 - DEM,Meghan Lukens,4946
Eagle,State Representative - District 57 - DEM,Elizabeth Velasco,1245
Eagle,Eagle County Commissioner - District 3 - DEM,Kathleen Brendza,5579
Eagle,Eagle County Treasurer - DEM,Teak Simonton,5715
Eagle,Eagle County Assessor - DEM,Andie Noakes,5399
Eagle,Eagle County Sheriff - DEM,Rebecca Anderson,3838
Eagle,Eagle County Sheriff - DEM,Jason Boston,2676
Eagle,Eagle County Coroner - DEM,Claire Noble,5531
Eagle,Secretary of State - LBR,Alex Astley,8
Eagle,Secretary of State - LBR,Sean Vadney,6
Eagle,United States Senator - REP,Mark Baisley,2292
Eagle,Representative to the 120th United States Congress - District 2 - REP,Kelley Anne Dennison,1088
Eagle,Representative to the 120th United States Congress - District 2 - REP,Christina Blunt (Ducommun),888
Eagle,Representative to the 120th United States Congress - District 3 - REP,Jeff Hurd,359
Eagle,Representative to the 120th United States Congress - District 3 - REP,Ron Hanks,118
Eagle,Governor - REP,Victor Marx,1089
Eagle,Governor - REP,Barb Kirkmeyer,1056
Eagle,Governor - REP,Scott Bottoms,600
Eagle,Governor - REP,"Kelvin ""K-Man"" Wimberly",0
Eagle,Secretary of State - REP,James Wiley,2261
Eagle,State Treasurer - REP,Kevin Grantham,2239
Eagle,Attorney General - REP (Eagle),Michael J. Allen,1363
Eagle,Attorney General - REP (Eagle),David Willson,1072
Eagle,State Board of Education Member - Congressional District 3 - REP,Sherri M Wright,373
Eagle,Regent of the University of Colorado - Congressional District 2 - REP,Marty Neilson,1768
Eagle,State Senator - District 8 - REP,Corey Marshall,1936
Eagle,State Representative - District 26 - REP,James Kellogg,1928
Eagle,State Representative - District 57 - REP,Russ Andrews,336
Eagle,Eagle County Commissioner - District 3 - REP,Wendy Sacks,2219
Eagle,Eagle County Assessor - REP,Christopher Buono,2155
Eagle,Eagle County Sheriff - REP,James Van Beek,2339
Eagle,Eagle County Coroner - REP,"Christian ""Chris"" Ryan",2197
Eagle,Governor - UNI,Jeff Peckman,1
Eagle,Governor - UNI,Paul Noel Fiorino,0
Elbert,United States Senator - DEM,John Hickenlooper,1461
Elbert,United States Senator - DEM,Julie Gonzales,906
Elbert,United States Senator - REP,Mark Baisley,6299
Elbert,Representative to the 120th United States Congress - District 4 - DEM,Eileen Laubacher,2022
Elbert,Representative to the 120th United States Congress - District 4 - REP,Lauren Boebert,6266
Elbert,Governor - DEM,Michael Bennet,1242
Elbert,Governor - DEM,Phil Weiser,1114
Elbert,Governor - REP,Victor Marx,3248
Elbert,Governor - REP,Barb Kirkmeyer,2497
Elbert,Governor - REP,Scott Bottoms,1517
Elbert,Secretary of State - DEM,Amanda Gonzalez,1331
Elbert,Secretary of State - DEM,Jessie Danielson,846
Elbert,Secretary of State - REP,James Wiley,6211
Elbert,Secretary of State - LBR,Alex Astley,19
Elbert,Secretary of State - LBR,Sean Vadney,11
Elbert,State Treasurer - DEM,Jeff Bridges,1949
Elbert,State Treasurer - REP,Kevin Grantham,6235
Elbert,Attorney General - DEM (Elbert),Jena Griswold,1223
Elbert,Attorney General - DEM (Elbert),Michael Dougherty,451
Elbert,Attorney General - DEM (Elbert),Hetal Doshi,363
Elbert,Attorney General - DEM (Elbert),David Seligman,287
Elbert,Attorney General - REP (Elbert),Michael J. Allen,3665
Elbert,Attorney General - REP (Elbert),David Willson,2939
Elbert,State Senator - District 35 - DEM,Duane L Gurule,1936
Elbert,State Senator - District 35 - REP,Rod Pelton,6212
Elbert,State Representative - District 56 - REP,Chris Richardson,6108
Elbert,Elbert County Commissioner - District 2 (REP),Ken Madsen,5018
Elbert,Elbert County Commissioner - District 2 (REP),Dallas Schroeder,2107
Elbert,Elbert County Clerk and Recorder (REP),Rhonda Braun,6101
Elbert,Elbert County Treasurer (REP),Sheryl (Sherry) Hewlett,6088
Elbert,Elbert County Assessor (REP),Susan Murphy,6005
Elbert,Elbert County Sheriff (REP),Timothy D. Norton,6222
Elbert,Elbert County Surveyor (REP),Karl Szyszkoski,6034
Elbert,Elbert County Coroner (DEM),Edmond Charles Hauser,1455
Elbert,Elbert County Coroner (REP),Todd Pederson,6120
El Paso,United States Senator - DEM,John Hickenlooper,39464
El Paso,United States Senator - DEM,Julie Gonzales,37733
El Paso,Representative to the 120th United States Congress - District 4 - DEM,Eileen Laubacher,424
El Paso,Representative to the 120th United States Congress - District 4 - DEM,Jenna Preston,1
El Paso,Representative to the 120th United States Congress - District 5 - DEM,Jessica Killin,45511
El Paso,Representative to the 120th United States Congress - District 5 - DEM,Joe Reagan,28864
El Paso,Representative to the 120th United States Congress - District 7 - DEM,Brittany Pettersen,97
El Paso,Governor - DEM,Phil Weiser,39441
El Paso,Governor - DEM,Michael Bennet,37290
El Paso,Secretary of State - DEM,Amanda Gonzalez,46123
El Paso,Secretary of State - DEM,Jessie Danielson,26628
El Paso,State Treasurer - DEM,Jeff Bridges,64905
El Paso,Attorney General - DEM,Jena Griswold,42195
El Paso,Attorney General - DEM,David Seligman,13203
El Paso,Attorney General - DEM,Hetal Doshi,11577
El Paso,Attorney General - DEM,Michael Dougherty,8742
El Paso,State Board of Education Member - Congressional District 7 - DEM,Karla Esser,91
El Paso,Regent of the University of Colorado - Congressional District 7 - DEM,Nolbert Chavez,91
El Paso,State Senator - District 9 - DEM,William Delano Moses III,17270
El Paso,State Senator - District 11 - DEM,Tony Exum Sr,11519
El Paso,State Senator - District 35 - DEM,Duane L Gurule,4373
El Paso,State Representative - District 14 - DEM,Sarah Emery,10317
El Paso,State Representative - District 15 - DEM,Jeff K. Livingston,7481
El Paso,State Representative - District 16 - DEM,Steph Vigil,9541
El Paso,State Representative - District 17 - DEM,Regina English,3701
El Paso,State Representative - District 17 - DEM,Chauncy Johnson,2232
El Paso,State Representative - District 18 - DEM,Amy T Paschal,10951
El Paso,State Representative - District 21 - DEM,Michelle Tweed,4735
El Paso,State Representative - District 22 - DEM,Michael Pierson,8003
El Paso,El Paso County Commissioner - District 1 - DEM,Gavin Rainey,13047
El Paso,El Paso County Commissioner - District 5 - DEM,Yolanda L. Avila,8719
El Paso,El Paso County Commissioner - District 5 - DEM,Christian Seale,3744
El Paso,El Paso County Clerk and Recorder - DEM,Tracie Woods,63885
El Paso,El Paso County Assessor - DEM,David 'Muka' Traenkle,62196
El Paso,El Paso County Sheriff - DEM,Mateo Montoya-Collis,62482
El Paso,Secretary of State - LBR,Alex Astley,351
El Paso,Secretary of State - LBR,Sean Vadney,208
El Paso,United States Senator - REP,Mark Baisley,76577
El Paso,Representative to the 120th United States Congress - District 4 - REP,Lauren Boebert,1766
El Paso,Representative to the 120th United States Congress - District 5 - REP,Jeff Crank,76547
El Paso,Representative to the 120th United States Congress - District 7 - REP,Tim Bennett,63
El Paso,Governor - REP,Victor Marx,36268
El Paso,Governor - REP,Barb Kirkmeyer,28807
El Paso,Governor - REP,Scott Bottoms,20626
El Paso,Governor - REP,"Kelvin ""K-Man"" Wimberly",14
El Paso,Secretary of State - REP,James Wiley,76279
El Paso,State Treasurer - REP,Kevin Grantham,76453
El Paso,Attorney General - REP,Michael J. Allen,54386
El Paso,Attorney General - REP,David Willson,27585
El Paso,State Board of Education Member - Congressional District 7 - REP,Steve Barton,61
El Paso,Regent of the University of Colorado - Congressional District 7 - REP,Paul Mueller,36
El Paso,Regent of the University of Colorado - Congressional District 7 - REP,Joan Poston,26
El Paso,State Senator - District 9 - REP,Terri Carver,18163
El Paso,State Senator - District 9 - REP,Lynda Zamora Wilson,9620
El Paso,State Senator - District 11 - REP,Levon Stilson,7739
El Paso,State Senator - District 35 - REP,Rod Pelton,12306
El Paso,State Representative - District 14 - REP,Ava Flanell,11007
El Paso,State Representative - District 14 - REP,Troy Vanderhule,4001
El Paso,State Representative - District 15 - REP,Pricella Tiegen,8359
El Paso,State Representative - District 16 - REP,Jill Haffley,5126
El Paso,State Representative - District 16 - REP,Jamie Koch,2830
El Paso,State Representative - District 17 - REP,Laura Martin,2982
El Paso,State Representative - District 18 - REP,Adriana Cuva,7883
El Paso,State Representative - District 20 - REP,Jarvis Caldwell,16169
El Paso,State Representative - District 21 - REP,Brenda Miller,4107
El Paso,State Representative - District 21 - REP,Alexander M. Africa,1420
El Paso,State Representative - District 22 - REP,Ken deGraaf,9970
El Paso,State Representative - District 56 - REP,Chris Richardson,3930
El Paso,El Paso County Commissioner - District 1 - REP,Ryan Graham,15384
El Paso,El Paso County Commissioner - District 1 - REP,Lindsay Moore,9027
El Paso,El Paso County Commissioner - District 5 - REP,Lauren Nelson,6147
El Paso,El Paso County Commissioner - District 5 - REP,Vickie Tonkins,3692
El Paso,El Paso County Clerk and Recorder - REP,Steve Schleiker,76737
El Paso,El Paso County Treasurer - REP,Chuck Broerman,75984
El Paso,El Paso County Assessor - REP,Becky Fuller,58436
El Paso,El Paso County Assessor - REP,Raymond Garcia,20051
El Paso,El Paso County Sheriff - REP,Joe Roybal,76353
El Paso,El Paso County Coroner - REP,Emily Russell-Kinsley,75033
El Paso,Governor - UNI,Paul Noel Fiorino,12
El Paso,Governor - UNI,Jeff Peckman,8
Fremont,United States Senator - DEM,John Hickenlooper,2499
Fremont,United States Senator - DEM,Julie Gonzales,1626
Fremont,Representative to the 120th United States Congress - District 7 - DEM,Brittany Pettersen,3576
Fremont,Governor - DEM,Michael Bennet,2389
Fremont,Governor - DEM,Phil Weiser,1720
Fremont,Secretary of State - DEM (Fremont),Amanda Gonzalez,2462
Fremont,Secretary of State - DEM (Fremont),Jessie Danielson,1348
Fremont,State Treasurer - DEM,Jeff Bridges,3429
Fremont,Attorney General - DEM,Jena Griswold,2734
Fremont,Attorney General - DEM,Michael Dougherty,444
Fremont,Attorney General - DEM,Hetal Doshi,443
Fremont,Attorney General - DEM,David Seligman,439
Fremont,State Board of Education Member - Congressional District 7 - DEM,Karla Esser,3384
Fremont,Regent of the University of Colorado - Congressional District 7 - DEM,Nolbert Chavez,3340
Fremont,State Senator - District 4 - DEM,Justin Kurth,3415
Fremont,State Representative - District 60 - DEM,Kathryn Kester Green,3383
Fremont,Secretary of State - LBR,Alex Astley,12
Fremont,Secretary of State - LBR,Sean Vadney,9
Fremont,United States Senator - REP,Mark Baisley,7534
Fremont,Representative to the 120th United States Congress - District 7 - REP,Tim Bennett,7291
Fremont,Governor - REP,Victor Marx,4462
Fremont,Governor - REP,Scott Bottoms,2169
Fremont,Governor - REP,Barb Kirkmeyer,2090
Fremont,Governor - REP,"Kelvin ""K-Man"" Wimberly",1
Fremont,Secretary of State - REP,James Wiley,7503
Fremont,State Treasurer - REP,Kevin Grantham,7792
Fremont,Attorney General - REP (Fremont),Michael J. Allen,4766
Fremont,Attorney General - REP (Fremont),David Willson,3250
Fremont,State Board of Education Member - Congressional District 7 - REP,Steve Barton,7249
Fremont,Regent of the University of Colorado - Congressional District 7 - REP,Paul Mueller,4682
Fremont,Regent of the University of Colorado - Congressional District 7 - REP,Joan Poston,2713
Fremont,State Senator - District 4 - REP,Teddy Collins,7409
Fremont,State Representative - District 60 - REP,Matt Alexander,4712
Fremont,State Representative - District 60 - REP,Michelle Gray,3843
Fremont,Fremont County Board of County Commissioners - District 2 - REP,Gregory Carlson,7479
Fremont,Fremont County Clerk and Recorder - REP,Justin D Grantham,7608
Fremont,Fremont County Treasurer - REP,Kathy Elliot,7468
Fremont,Fremont County Assessor - REP,Stacey Seifert,7386
Fremont,Fremont County Sheriff - REP,Greg Owen,5515
Fremont,Fremont County Sheriff - REP,Derek Irvine,3062
Fremont,Fremont County Coroner - REP,Randy V. Keller,7621
Fremont,Governor - UNI,Paul Noel Fiorino,1
Fremont,Governor - UNI,Jeff Peckman,0
Garfield,United States Senator - DEM,John Hickenlooper,4091
Garfield,United States Senator - DEM,Julie Gonzales,2649
Garfield,United States Senator - REP,Mark Baisley,5780
Garfield,Representative to the 120th United States Congress - District 3 - DEM,Dwayne L. Romero,3567
Garfield,Representative to the 120th United States Congress - District 3 - DEM,Alex Kelloff,2710
Garfield,Representative to the 120th United States Congress - District 3 - REP,Jeff Hurd,4783
Garfield,Representative to the 120th United States Congress - District 3 - REP,Ron Hanks,2301
Garfield,Governor - DEM,Phil Weiser,3580
Garfield,Governor - DEM,Michael Bennet,3127
Garfield,Governor - REP,Victor Marx,2965
Garfield,Governor - REP,Barb Kirkmeyer,2440
Garfield,Governor - REP,Scott Bottoms,1669
Garfield,Governor - UNI,Jeff Peckman,3
Garfield,Governor - UNI,Paul Noel Fiorino,0
Garfield,Secretary of State - DEM (Garfield),Amanda Gonzalez,3537
Garfield,Secretary of State - DEM (Garfield),Jessie Danielson,2484
Garfield,Secretary of State - REP,James Wiley,5660
Garfield,Secretary of State - LBR,Alex Astley,27
Garfield,Secretary of State - LBR,Sean Vadney,14
Garfield,State Treasurer - DEM,Jeff Bridges,5009
Garfield,State Treasurer - REP,Kevin Grantham,5703
Garfield,Attorney General - DEM,Jena Griswold,3497
Garfield,Attorney General - DEM,Michael Dougherty,1048
Garfield,Attorney General - DEM,Hetal Doshi,1039
Garfield,Attorney General - DEM,David Seligman,902
Garfield,Attorney General - REP (Garfield),Michael J. Allen,3289
Garfield,Attorney General - REP (Garfield),David Willson,2885
Garfield,State Board of Education Member - Congressional District 3 - DEM,Barb Clementi,4920
Garfield,State Board of Education Member - Congressional District 3 - REP,Sherri M Wright,5590
Garfield,State Senator - District 8 - DEM,Dylan Roberts,309
Garfield,State Senator - District 8 - REP,Corey Marshall,960
Garfield,State Representative - District 57 - DEM,Elizabeth Velasco,5411
Garfield,State Representative - District 57 - REP,Russ Andrews,5734
Garfield,County Commissioner - District 1 (DEM),Jonathan Godes,5050
Garfield,County Commissioner - District 1 (REP),Eric Rudd,5833
Garfield,County Clerk & Recorder (REP),Jacklyn K. Harmon,5909
Garfield,Garfield County Treasurer (REP),Carrie Couey,5810
Garfield,Garfield County Assessor (REP),Jim Yellico,5891
Garfield,Garfield County Sheriff (REP),Brent Baker,4998
Garfield,Garfield County Sheriff (REP),Dan Loya,2396
Garfield,County Coroner (REP),Robert Glassmire,5919
Gilpin,United States Senator - DEM,John Hickenlooper,643
Gilpin,United States Senator - DEM,Julie Gonzales,530
Gilpin,Representative to the 120th United States Congress - District 2 - DEM,Joe Neguse,1036
Gilpin,Governor - DEM,Phil Weiser,688
Gilpin,Governor - DEM,Michael Bennet,476
Gilpin,Secretary of State - DEM,Amanda Gonzalez,653
Gilpin,Secretary of State - DEM,Jessie Danielson,405
Gilpin,State Treasurer - DEM,Jeff Bridges,925
Gilpin,Attorney General - DEM (Gilpin),Jena Griswold,498
Gilpin,Attorney General - DEM (Gilpin),Michael Dougherty,261
Gilpin,Attorney General - DEM (Gilpin),Hetal Doshi,198
Gilpin,Attorney General - DEM (Gilpin),David Seligman,169
Gilpin,Regent of the University of Colorado - Congressional District 2 - DEM,Edie Hooton,361
Gilpin,Regent of the University of Colorado - Congressional District 2 - DEM,Murray Smith,300
Gilpin,Regent of the University of Colorado - Congressional District 2 - DEM,Kubs Lalchandani,223
Gilpin,State Senator - District 8 - DEM,Dylan Roberts,920
Gilpin,State Representative - District 49 - DEM,Lesley Smith,913
Gilpin,County Commissioner - District 2 (DEM),Susan Berumen,918
Gilpin,County Clerk and Recorder (DEM),Joe Self,931
Gilpin,County Assessor (DEM),April Nielsen,945
Gilpin,County Sheriff (DEM),Greg Demo,930
Gilpin,County Surveyor (DEM),Corey Diekman,919
Gilpin,County Coroner (DEM),Zane Laubhan,934
Gilpin,United States Senator - REP,Mark Baisley,586
Gilpin,Representative to the 120th United States Congress - District 2 - REP,Kelley Anne Dennison,349
Gilpin,Representative to the 120th United States Congress - District 2 - REP,Christina Blunt (Ducommun),241
Gilpin,Governor - REP,Victor Marx,278
Gilpin,Governor - REP,Barb Kirkmeyer,263
Gilpin,Governor - REP,Scott Bottoms,130
Gilpin,Secretary of State - REP,James Wiley,573
Gilpin,State Treasurer - REP,Kevin Grantham,573
Gilpin,Attorney General - REP (Gilpin),Michael J. Allen,376
Gilpin,Attorney General - REP (Gilpin),David Willson,231
Gilpin,Regent of the University of Colorado - Congressional District 2 - REP,Marty Neilson,550
Gilpin,State Senator - District 8 - REP,Corey Marshall,575
Gilpin,State Representative - District 49 - REP,Michael Sheperek,559
Gilpin,County Commissioner - District 2 (REP),Brady S. Fowler,592
Gilpin,County Clerk and Recorder (REP),Tara Gillivan,572
Gilpin,Gilpin County Treasurer (REP),Brenda Diehl,579
Gilpin,Gilpin County Assessor (REP),Kathleen Balfour,578
Gilpin,Gilpin County Sheriff (REP),Zach Meyer,583
Gilpin,Secretary of State - LBR,Alex Astley,3
Gilpin,Secretary of State - LBR,Sean Vadney,1
Grand,United States Senator - DEM,John Hickenlooper,1462
Grand,United States Senator - DEM,Julie Gonzales,935
Grand,Representative to the 120th United States Congress - District 2 - DEM,Joe Neguse,2118
Grand,Governor - DEM,Phil Weiser,1242
Grand,Governor - DEM,Michael Bennet,1155
Grand,Secretary of State - DEM (Grand),Amanda Gonzalez,1280
Grand,Secretary of State - DEM (Grand),Jessie Danielson,823
Grand,State Treasurer - DEM,Jeff Bridges,1857
Grand,Attorney General - DEM,Jena Griswold,1227
Grand,Attorney General - DEM,Michael Dougherty,450
Grand,Attorney General - DEM,Hetal Doshi,340
Grand,Attorney General - DEM,David Seligman,289
Grand,Regent of the University of Colorado - Congressional District 2 - DEM,Edie Hooton,710
Grand,Regent of the University of Colorado - Congressional District 2 - DEM,Murray Smith,576
Grand,Regent of the University of Colorado - Congressional District 2 - DEM,Kubs Lalchandani,443
Grand,State Senator - District 8 - DEM,Dylan Roberts,1900
Grand,State Representative - District 13 - DEM,Consuelo Redhorse,1122
Grand,State Representative - District 13 - DEM,Chris Floyd,993
Grand,Clerk and Recorder (DEM),Liz Newsom,1948
Grand,United States Senator - REP,Mark Baisley,1692
Grand,Representative to the 120th United States Congress - District 2 - REP,Kelley Anne Dennison,1006
Grand,Representative to the 120th United States Congress - District 2 - REP,Christina Blunt (Ducommun),801
Grand,Governor - REP,Victor Marx,1046
Grand,Governor - REP,Barb Kirkmeyer,735
Grand,Governor - REP,Scott Bottoms,374
Grand,Secretary of State - REP,James Wiley,1696
Grand,State Treasurer - REP,Kevin Grantham,1687
Grand,Attorney General - REP (Grand),Michael J. Allen,1081
Grand,Attorney General - REP (Grand),David Willson,767
Grand,Regent of the University of Colorado - Congressional District 2 - REP,Marty Neilson,1624
Grand,State Senator - District 8 - REP,Corey Marshall,1662
Grand,State Representative - District 13 - REP,Miguel Martinez,1620
Grand,Commissioner - District 3 (REP),Randy George,1766
Grand,Clerk and Recorder (REP),Jolene Stetson Linke,1770
Grand,Grand County Treasurer (REP),Marcy Wheatley,1777
Grand,Grand County Assessor (REP),Christine Murphy,1759
Grand,Grand County Sheriff (REP),Brett D. Schroetlin,1798
Grand,Surveyor (REP),Warren Ward,1696
Grand,Grand County Coroner (REP),Tawnya Bailey,1775
Grand,Governor - UNI,Jeff Peckman,1
Grand,Governor - UNI,Paul Noel Fiorino,1
Grand,Secretary of State - LBR,Alex Astley,5
Grand,Secretary of State - LBR,Sean Vadney,5
Gunnison,United States Senator - DEM,John Hickenlooper,1848
Gunnison,United States Senator - DEM,Julie Gonzales,1351
Gunnison,Representative to the 120th United States Congress - District 3 - DEM,Alex Kelloff,1500
Gunnison,Representative to the 120th United States Congress - District 3 - DEM,Dwayne L. Romero,1361
Gunnison,Governor - DEM,Michael Bennet,1621
Gunnison,Governor - DEM,Phil Weiser,1564
Gunnison,Secretary of State - DEM (Gunnison),Amanda Gonzalez,1627
Gunnison,Secretary of State - DEM (Gunnison),Jessie Danielson,1149
Gunnison,State Treasurer - DEM,Jeff Bridges,2344
Gunnison,Attorney General - DEM,Jena Griswold,1563
Gunnison,Attorney General - DEM,Michael Dougherty,525
Gunnison,Attorney General - DEM,David Seligman,487
Gunnison,Attorney General - DEM,Hetal Doshi,452
Gunnison,State Board of Education Member - Congressional District 3 - DEM,Barb Clementi,2324
Gunnison,State Representative - District 58 - DEM,Susannah Smith,2282
Gunnison,Gunnison County Commissioner District 3 - DEM,Laura Puckett Daniels,2612
Gunnison,Gunnison County Clerk and Recorder - DEM,Kathy Simillion,2608
Gunnison,Gunnison County Assessor - DEM,Alexandra Cohen,2200
Gunnison,Gunnison County Coroner - DEM,Michael Barnes,2325
Gunnison,Secretary of State - LBR,Alex Astley,5
Gunnison,Secretary of State - LBR,Sean Vadney,2
Gunnison,United States Senator - REP,Mark Baisley,953
Gunnison,Representative to the 120th United States Congress - District 3 - REP (Gunnison),Jeff Hurd,807
Gunnison,Representative to the 120th United States Congress - District 3 - REP (Gunnison),Ron Hanks,446
Gunnison,Governor - REP,Victor Marx,525
Gunnison,Governor - REP,Barb Kirkmeyer,448
Gunnison,Governor - REP,Scott Bottoms,284
Gunnison,Governor - REP,"Kelvin ""K-Man"" Wimberly",0
Gunnison,Secretary of State - REP,James Wiley,976
Gunnison,State Treasurer - REP,Kevin Grantham,968
Gunnison,Attorney General - REP,Michael J. Allen,621
Gunnison,Attorney General - REP,David Willson,498
Gunnison,State Board of Education Member - Congressional District 3 - REP,Sherri M Wright,950
Gunnison,State Representative - District 58 - REP,Larry Don Suckla,977
Gunnison,Governor - UNI,Paul Noel Fiorino,0
Gunnison,Governor - UNI,Jeff Peckman,0
Hinsdale,United States Senator - DEM,John Hickenlooper,70
Hinsdale,United States Senator - DEM,Julie Gonzales,26
Hinsdale,Representative to the 120th United States Congress - District 3 - DEM,Dwayne L. Romero,49
Hinsdale,Representative to the 120th United States Congress - District 3 - DEM,Alex Kelloff,27
Hinsdale,Governor - DEM,Michael Bennet,49
Hinsdale,Governor - DEM,Phil Weiser,46
Hinsdale,Secretary of State - DEM,Amanda Gonzalez,55
Hinsdale,Secretary of State - DEM,Jessie Danielson,14
Hinsdale,State Treasurer - DEM,Jeff Bridges,53
Hinsdale,Attorney General - DEM,Jena Griswold,50
Hinsdale,Attorney General - DEM,Michael Dougherty,32
Hinsdale,Attorney General - DEM,Hetal Doshi,5
Hinsdale,Attorney General - DEM,David Seligman,2
Hinsdale,State Board of Education Member - Congressional District 3 - DEM,Barb Clementi,51
Hinsdale,State Representative - District 58 - DEM,Susannah Smith,47
Hinsdale,Secretary of State - LBR,Sean Vadney,0
Hinsdale,Secretary of State - LBR,Alex Astley,0
Hinsdale,United States Senator - REP,Mark Baisley,135
Hinsdale,Representative to the 120th United States Congress - District 3 - REP (Hinsdale),Jeff Hurd,103
Hinsdale,Representative to the 120th United States Congress - District 3 - REP (Hinsdale),Ron Hanks,81
Hinsdale,Governor - REP,Barb Kirkmeyer,70
Hinsdale,Governor - REP,Victor Marx,59
Hinsdale,Governor - REP,Scott Bottoms,45
Hinsdale,Governor - REP,"Kelvin ""K-Man"" Wimberly",0
Hinsdale,Secretary of State - REP,James Wiley,126
Hinsdale,State Treasurer - REP,Kevin Grantham,126
Hinsdale,Attorney General - REP,Michael J. Allen,74
Hinsdale,Attorney General - REP,David Willson,72
Hinsdale,State Board of Education Member - Congressional District 3 - REP,Sherri M Wright,117
Hinsdale,State Representative - District 58 - REP,Larry Don Suckla,130
Hinsdale,Hinsdale County Commissioner District 2 - REP,Kristine M Borchers,121
Hinsdale,Hinsdale County Clerk and Recorder - REP,Joan Roberts,165
Hinsdale,Hinsdale County Treasurer - REP,Lori Hanko,148
Hinsdale,Hinsdale County Assessor - REP,Allison Waddington,140
Hinsdale,Hinsdale County Sheriff - REP,Jordan Kaminski,128
Hinsdale,Governor - UNI,Paul Noel Fiorino,0
Hinsdale,Governor - UNI,Jeff Peckman,0
Huerfano,United States Senator - DEM,John Hickenlooper,652
Huerfano,United States Senator - DEM,Julie Gonzales,585
Huerfano,Representative to the 120th United States Congress - District 3 - DEM,Dwayne L. Romero,669
Huerfano,Representative to the 120th United States Congress - District 3 - DEM,Alex Kelloff,486
Huerfano,Governor - DEM (Huerfano),Michael Bennet,728
Huerfano,Governor - DEM (Huerfano),Phil Weiser,492
Huerfano,Secretary of State - DEM,Amanda Gonzalez,818
Huerfano,Secretary of State - DEM,Jessie Danielson,327
Huerfano,State Treasurer - DEM,Jeff Bridges,921
Huerfano,Attorney General - DEM,Jena Griswold,832
Huerfano,Attorney General - DEM,Michael Dougherty,153
Huerfano,Attorney General - DEM,Hetal Doshi,116
Huerfano,Attorney General - DEM,David Seligman,91
Huerfano,State Board of Education Member - Congressional District 3 - DEM,Barb Clementi,926
Huerfano,State Senator - District 35 - DEM,Duane L Gurule,934
Huerfano,State Representative - District 47 - DEM,Vic Meyers,836
Huerfano,State Representative - District 62 - DEM,Matthew Martinez,97
Huerfano,Huerfano County Assessor - DEM,Elisha Meadows,1018
Huerfano,Huerfano County Sheriff - DEM,Bruce Newman,962
Huerfano,Secretary of State - LBR,Alex Astley,3
Huerfano,Secretary of State - LBR,Sean Vadney,1
Huerfano,United States Senator - REP,Mark Baisley,860
Huerfano,Representative to the 120th United States Congress - District 3 - REP,Jeff Hurd,657
Huerfano,Representative to the 120th United States Congress - District 3 - REP,Ron Hanks,335
Huerfano,Governor - REP,Victor Marx,506
Huerfano,Governor - REP,Barb Kirkmeyer,274
Huerfano,Governor - REP,Scott Bottoms,235
Huerfano,Governor - REP,"Kelvin ""K-Man"" Wimberly",0
Huerfano,Secretary of State - REP,James Wiley,864
Huerfano,State Treasurer - REP,Kevin Grantham,859
Huerfano,Attorney General - REP,Michael J. Allen,566
Huerfano,Attorney General - REP,David Willson,358
Huerfano,State Board of Education Member - Congressional District 3 - REP,Sherri M Wright,823
Huerfano,State Senator - District 35 - REP,Rod Pelton,844
Huerfano,State Representative - District 47 - REP,Ty Winter,776
Huerfano,State Representative - District 62 - REP,Steven Rodriguez,107
Huerfano,State Representative - District 62 - REP,Evans Gonzalez,0
Huerfano,Huerfano County Commissioner - District 3 - REP,Karl Sporleder,917
Huerfano,Huerfano County Sheriff - REP,Jim Chamberlain,698
Huerfano,Huerfano County Sheriff - REP,Will Everhart,292
Huerfano,Governor - UNI,Paul Noel Fiorino,1
Huerfano,Governor - UNI,Jeff Peckman,0
Jackson,United States Senator - DEM,John Hickenlooper,23
Jackson,United States Senator - DEM,Julie Gonzales,10
Jackson,Representative to the 120th United States Congress - District 2 - DEM,Joe Neguse,30
Jackson,Governor - DEM,Michael Bennet,21
Jackson,Governor - DEM,Phil Weiser,12
Jackson,Secretary of State - DEM,Amanda Gonzalez,19
Jackson,Secretary of State - DEM,Jessie Danielson,12
Jackson,State Treasurer - DEM,Jeff Bridges,28
Jackson,Attorney General - DEM,Jena Griswold,17
Jackson,Attorney General - DEM,Michael Dougherty,8
Jackson,Attorney General - DEM,Hetal Doshi,5
Jackson,Attorney General - DEM,David Seligman,2
Jackson,Regent of the University of Colorado - Congressional District 2 - DEM,Murray Smith,13
Jackson,Regent of the University of Colorado - Congressional District 2 - DEM,Edie Hooton,11
Jackson,Regent of the University of Colorado - Congressional District 2 - DEM,Kubs Lalchandani,3
Jackson,State Senator - District 8 - DEM,Dylan Roberts,29
Jackson,State Representative - District 13 - DEM,Chris Floyd,19
Jackson,State Representative - District 13 - DEM,Consuelo Redhorse,13
Jackson,Secretary of State - LBR,Alex Astley,2
Jackson,Secretary of State - LBR,Sean Vadney,0
Jackson,United States Senator - REP,Mark Baisley,308
Jackson,Representative to the 120th United States Congress - District 2 - REP,Kelley Anne Dennison,200
Jackson,Representative to the 120th United States Congress - District 2 - REP,Christina Blunt (Ducommun),107
Jackson,Governor - REP,Victor Marx,208
Jackson,Governor - REP,Barb Kirkmeyer,174
Jackson,Governor - REP,Scott Bottoms,63
Jackson,Governor - REP,"Kelvin ""K-Man"" Wimberly",0
Jackson,Secretary of State - REP,James Wiley,291
Jackson,State Treasurer - REP,Kevin Grantham,294
Jackson,Attorney General - REP,Michael J. Allen,213
Jackson,Attorney General - REP,David Willson,106
Jackson,Regent of the University of Colorado - Congressional District 2 - REP,Marty Neilson,272
Jackson,State Senator - District 8 - REP,Corey Marshall,289
Jackson,State Representative - District 13 - REP,Miguel Martinez,274
Jackson,Jackson County Commissioner 1 - REP,John Lathrop,371
Jackson,Jackson County Commissioner 1 - REP,Matt Shuler,164
Jackson,Jackson County Clerk and Recorder - REP,Jo McQueary,307
Jackson,Jackson County Clerk and Recorder - REP,Shelly Juranek,223
Jackson,Jackson County Treasurer - REP,Ekho Wyatt,417
Jackson,Jackson County Assessor - REP,Cheryl Corkle,362
Jackson,Jackson County Sheriff - REP,Andy Collins,250
Jackson,Jackson County Sheriff - REP,John Symonds,245
Jackson,Jackson County Surveyor - REP,Randall R. Miller,413
Jackson,Jackson County Coroner - REP,George E. Crocket,371
Jackson,Jackson County Coroner - REP,Monica Love,160
Jackson,Governor - UNI,Jeff Peckman,0
Jackson,Governor - UNI,Paul Noel Fiorino,0
Jefferson,United States Senator - DEM,John Hickenlooper,61132
Jefferson,United States Senator - DEM,Julie Gonzales,52771
Jefferson,Representative to the 120th United States Congress - District 1 - DEM,Diana DeGette,0
Jefferson,Representative to the 120th United States Congress - District 1 - DEM,Wanda James,0
Jefferson,Representative to the 120th United States Congress - District 1 - DEM,Melat Kiros,0
Jefferson,Representative to the 120th United States Congress - District 2 - DEM,Joe Neguse,340
Jefferson,Representative to the 120th United States Congress - District 6 - DEM,Jason Crow,9423
Jefferson,Representative to the 120th United States Congress - District 7 - DEM,Brittany Pettersen,85902
Jefferson,Governor - DEM,Phil Weiser,64592
Jefferson,Governor - DEM,Michael Bennet,48758
Jefferson,Secretary of State - DEM,Amanda Gonzalez,69566
Jefferson,Secretary of State - DEM,Jessie Danielson,36504
Jefferson,State Treasurer - DEM,Jeff Bridges,88554
Jefferson,Attorney General - DEM,Jena Griswold,47459
Jefferson,Attorney General - DEM,Michael Dougherty,22882
Jefferson,Attorney General - DEM,David Seligman,21300
Jefferson,Attorney General - DEM,Hetal Doshi,19521
Jefferson,State Board of Education Member - Congressional District 1 - DEM,Lisa Escarcega,0
Jefferson,State Board of Education Member - Congressional District 7 - DEM,Karla Esser,78954
Jefferson,Regent of the University of Colorado - Congressional District 2 - DEM,Murray Smith,116
Jefferson,Regent of the University of Colorado - Congressional District 2 - DEM,Edie Hooton,114
Jefferson,Regent of the University of Colorado - Congressional District 2 - DEM,Kubs Lalchandani,90
Jefferson,Regent of the University of Colorado - Congressional District 6 - DEM,Ilana Spiegel,8372
Jefferson,Regent of the University of Colorado - Congressional District 7 - DEM,Nolbert Chavez,78510
Jefferson,State Senator - District 4 - DEM,Justin Kurth,4723
Jefferson,State Senator - District 20 - DEM,Sheila Lieder,25585
Jefferson,State Senator - District 22 - DEM,Monica Irasema Duran,23454
Jefferson,State Senator - District 32 - DEM,Emily Sirota,0
Jefferson,State Representative - District 1 - DEM,Javier Mabrey,0
Jefferson,State Representative - District 23 - DEM,Alexis Hoffkling,13881
Jefferson,State Representative - District 24 - DEM,Lisa Feret,13819
Jefferson,State Representative - District 25 - DEM,Tammy Story,14252
Jefferson,State Representative - District 27 - DEM,Danielle Varda,14042
Jefferson,State Representative - District 28 - DEM,David Rein,11962
Jefferson,State Representative - District 29 - DEM,Lori Goldstein,6514
Jefferson,State Representative - District 30 - DEM,Rebekah Stewart,11739
Jefferson,State Representative - District 35 - DEM,Lorena Garcia,596
Jefferson,State Representative - District 38 - DEM,Gretchen Rydin,1685
Jefferson,Jefferson County Commissioner - District 3 - DEM,Lisa A. Cutter,87799
Jefferson,Jefferson County Clerk and Recorder - DEM,Nicole Hensel,87618
Jefferson,Jefferson County Treasurer - DEM,Eric Proctor,86963
Jefferson,Jefferson County Assessor - DEM,Andy Kerr,54130
Jefferson,Jefferson County Assessor - DEM,Sue Flageolle,44354
Jefferson,Jefferson County Sheriff - DEM,"Regina ""Reggie"" Marinelli",87567
Jefferson,Jefferson County Coroner - DEM,Nick Lobello,87316
Jefferson,United States Senator - REP,Mark Baisley,43678
Jefferson,Representative to the 120th United States Congress - District 1 - REP,Christy Peterson,1
Jefferson,Representative to the 120th United States Congress - District 2 - REP,Kelley Anne Dennison,97
Jefferson,Representative to the 120th United States Congress - District 2 - REP,Christina Blunt (Ducommun),76
Jefferson,Representative to the 120th United States Congress - District 6 - REP,Mel Tewahade,6043
Jefferson,Representative to the 120th United States Congress - District 7 - REP,Tim Bennett,35875
Jefferson,Governor - REP (Jefferson),Barb Kirkmeyer,24124
Jefferson,Governor - REP (Jefferson),Victor Marx,18975
Jefferson,Governor - REP (Jefferson),Scott Bottoms,9722
Jefferson,Governor - REP (Jefferson),"Kelvin ""K-Man"" Wimberly",14
Jefferson,Governor - REP (Jefferson),Write-In:,0
Jefferson,Secretary of State - REP,James Wiley,44075
Jefferson,State Treasurer - REP,Kevin Grantham,43848
Jefferson,Attorney General - REP,Michael J. Allen,28569
Jefferson,Attorney General - REP,David Willson,19491
Jefferson,State Board of Education Member - Congressional District 1 - REP,Frederick Espinoza,1
Jefferson,State Board of Education Member - Congressional District 7 - REP,Steve Barton,26917
Jefferson,State Board of Education Member - Congressional District 7 - REP,Nick Morris,10264
Jefferson,Regent of the University of Colorado - Congressional District 2 - REP,Marty Neilson,159
Jefferson,Regent of the University of Colorado - Congressional District 6 - REP,Veanessa Burbage,6202
Jefferson,Regent of the University of Colorado - Congressional District 7 - REP,Paul Mueller,22603
Jefferson,Regent of the University of Colorado - Congressional District 7 - REP,Joan Poston,15272
Jefferson,State Senator - District 4 - REP,Teddy Collins,3167
Jefferson,State Senator - District 20 - REP,Richard (Rich) Mancuso,13792
Jefferson,State Senator - District 22 - REP,Steve Harkess,7890
Jefferson,State Senator - District 32 - REP,Sydnnia Wulff,0
Jefferson,State Representative - District 1 - REP,Joseph Montoya,1
Jefferson,State Representative - District 24 - REP,Kristopher Johnson,6993
Jefferson,State Representative - District 25 - REP,Mark Herzfeld,8948
Jefferson,State Representative - District 27 - REP,Eric Bodenstab,6556
Jefferson,State Representative - District 29 - REP,Kristine Ireland,2750
Jefferson,State Representative - District 30 - REP,William Tyler Switzer,4234
Jefferson,Jefferson County Commissioner - District 3 - REP,Stephanie VandenBerg,43286
Jefferson,Jefferson County Clerk and Recorder - REP,Paul Poston,42945
Jefferson,Jefferson County Treasurer - REP,Bob Szulczewski,43004
Jefferson,Jefferson County Assessor - REP,Vera King,42880
Jefferson,Jefferson County Sheriff - REP,Weston Imer,43091
Jefferson,Jefferson County Surveyor - REP,Robert Hennessy,43244
Jefferson,Jefferson County Coroner - REP,Allison Harmon,43088
Jefferson,Secretary of State - LBR,Alex Astley,285
Jefferson,Secretary of State - LBR,Sean Vadney,186
Jefferson,Governor - UNI,Jeff Peckman,18
Jefferson,Governor - UNI,Paul Noel Fiorino,10
Kiowa,United States Senator - DEM,John Hickenlooper,28
Kiowa,United States Senator - DEM,Julie Gonzales,18
Kiowa,Representative to the 120th United States Congress - District 4 - DEM,Eileen Laubacher,36
Kiowa,Governor - DEM,Michael Bennet,36
Kiowa,Governor - DEM,Phil Weiser,8
Kiowa,Secretary of State - DEM,Amanda Gonzalez,20
Kiowa,Secretary of State - DEM,Jessie Danielson,17
Kiowa,State Treasurer - DEM,Jeff Bridges,33
Kiowa,Attorney General - DEM,Jena Griswold,21
Kiowa,Attorney General - DEM,Michael Dougherty,11
Kiowa,Attorney General - DEM,David Seligman,8
Kiowa,Attorney General - DEM,Hetal Doshi,3
Kiowa,State Senator - District 35 - DEM,Duane L Gurule,34
Kiowa,State Representative - District 47 - DEM,Vic Meyers,34
Kiowa,Secretary of State - LBR,Alex Astley,0
Kiowa,Secretary of State - LBR,Sean Vadney,0
Kiowa,United States Senator - REP,Mark Baisley,307
Kiowa,Representative to the 120th United States Congress - District 4 - REP,Lauren Boebert,341
Kiowa,Governor - REP,Barb Kirkmeyer,164
Kiowa,Governor - REP,Victor Marx,161
Kiowa,Governor - REP,Scott Bottoms,101
Kiowa,Secretary of State - REP,James Wiley,311
Kiowa,State Treasurer - REP,Kevin Grantham,318
Kiowa,Attorney General - REP,Michael J. Allen,226
Kiowa,Attorney General - REP,David Willson,126
Kiowa,State Senator - District 35 - REP,Rod Pelton,386
Kiowa,State Representative - District 47 - REP,Ty Winter,379
Kiowa,Kiowa County Commissioner - District 2 - REP,Howard Robertson,334
Kiowa,Kiowa County Clerk and Recorder - REP,Adrienne Yates,375
Kiowa,Kiowa County Treasurer - REP,Diana Flory,367
Kiowa,Kiowa County Assessor - REP,Marci Miller,380
Kiowa,Kiowa County Sheriff - REP,Bryan Williams,296
Kiowa,Kiowa County Sheriff - REP,Joshua Robertson,157
Kiowa,Kiowa County Coroner - REP,Jimmy Brown,371
Kiowa,Governor - UNI,Jeff Peckman,0
Kiowa,Governor - UNI,Paul Noel Fiorino,0
Kit Carson,United States Senator - DEM,John Hickenlooper,181
Kit Carson,United States Senator - DEM,Julie Gonzales,87
Kit Carson,Representative to the 120th United States Congress - District 4 - DEM,Eileen Laubacher,206
Kit Carson,Representative to the 120th United States Congress - District 4 - DEM,Jenna Preston,0
Kit Carson,Governor - DEM,Michael Bennet,163
Kit Carson,Governor - DEM,Phil Weiser,108
Kit Carson,Secretary of State - DEM,Amanda Gonzalez,141
Kit Carson,Secretary of State - DEM,Jessie Danielson,96
Kit Carson,State Treasurer - DEM,Jeff Bridges,214
Kit Carson,Attorney General - DEM,Jena Griswold,165
Kit Carson,Attorney General - DEM,Michael Dougherty,56
Kit Carson,Attorney General - DEM,David Seligman,26
Kit Carson,Attorney General - DEM,Hetal Doshi,14
Kit Carson,State Senator - District 35 - DEM,Duane L Gurule,202
Kit Carson,Kit Carson County Assessor - DEM,Abbey Mullis,234
Kit Carson,Secretary of State - LBR,Sean Vadney,2
Kit Carson,Secretary of State - LBR,Alex Astley,0
Kit Carson,United States Senator - REP,Mark Baisley,1257
Kit Carson,Representative to the 120th United States Congress - District 4 - REP,Lauren Boebert,1304
Kit Carson,Governor - REP,Barb Kirkmeyer,621
Kit Carson,Governor - REP,Scott Bottoms,456
Kit Carson,Governor - REP,Victor Marx,442
Kit Carson,Governor - REP,"Kelvin ""K-Man"" Wimberly",0
Kit Carson,Secretary of State - REP,James Wiley,1265
Kit Carson,State Treasurer - REP,Kevin Grantham,1268
Kit Carson,Attorney General - REP (Kit Carson),Michael J. Allen,737
Kit Carson,Attorney General - REP (Kit Carson),David Willson,544
Kit Carson,State Senator - District 35 - REP,Rod Pelton,1401
Kit Carson,State Representative - District 56 - REP,Chris Richardson,1218
Kit Carson,Kit Carson County Commissioner - District 2 - REP,Cory Wall,1339
Kit Carson,Kit Carson County Clerk and Recorder - REP,Susan Corliss,1381
Kit Carson,Kit Carson County Treasurer - REP,Pamela J. Mills,1394
Kit Carson,Kit Carson County Assessor - REP,Alexandra Navarro,1144
Kit Carson,Kit Carson County Sheriff - REP,Travis Belden,1381
Kit Carson,Kit Carson County Coroner - REP,Randy B. Gorton,1418
Kit Carson,Governor - UNI,Paul Noel Fiorino,0
Kit Carson,Governor - UNI,Jeff Peckman,0
Lake,United States Senator - DEM,John Hickenlooper,622
Lake,United States Senator - DEM,Julie Gonzales,546
Lake,Representative to the 120th United States Congress - District 7 - DEM,Brittany Pettersen,917
Lake,Governor - DEM,Michael Bennet,624
Lake,Governor - DEM,Phil Weiser,533
Lake,Secretary of State - DEM,Amanda Gonzalez,608
Lake,Secretary of State - DEM,Jessie Danielson,423
Lake,State Treasurer - DEM,Jeff Bridges,850
Lake,Attorney General - DEM,Jena Griswold,559
Lake,Attorney General - DEM,Michael Dougherty,201
Lake,Attorney General - DEM,David Seligman,195
Lake,Attorney General - DEM,Hetal Doshi,153
Lake,State Board of Education Member - Congressional District 7 - DEM,Karla Esser,813
Lake,Regent of the University of Colorado - Congressional District 7 - DEM,Nolbert Chavez,800
Lake,State Senator - District 4 - DEM,Justin Kurth,808
Lake,State Representative - District 13 - DEM,Consuelo Redhorse,603
Lake,State Representative - District 13 - DEM,Chris Floyd,550
Lake,Lake County Commissioner District 1 - DEM,Nathan A Dye,808
Lake,Lake County Clerk and Recorder - DEM,Andy Higby,805
Lake,Lake County Treasurer - DEM,Padraic D. Smith,892
Lake,Lake County Coroner - DEM,Jeffery Edmonds,709
Lake,Lake County Coroner - DEM,Alexander Krieg,323
Lake,Secretary of State - LBR,Alex Astley,3
Lake,Secretary of State - LBR,Sean Vadney,2
Lake,United States Senator - REP,Mark Baisley,396
Lake,Representative to the 120th United States Congress - District 7 - REP,Tim Bennett,383
Lake,Governor - REP,Victor Marx,222
Lake,Governor - REP,Barb Kirkmeyer,152
Lake,Governor - REP,Scott Bottoms,109
Lake,Governor - REP,"Kelvin ""K-Man"" Wimberly",0
Lake,Secretary of State - REP,James Wiley,400
Lake,State Treasurer - REP,Kevin Grantham,399
Lake,Attorney General - REP,Michael J. Allen,237
Lake,Attorney General - REP,David Willson,172
Lake,State Board of Education Member - Congressional District 7 - REP,Steve Barton,377
Lake,Regent of the University of Colorado - Congressional District 7 - REP,Paul Mueller,282
Lake,Regent of the University of Colorado - Congressional District 7 - REP,Joan Poston,122
Lake,State Senator - District 4 - REP,Teddy Collins,397
Lake,State Representative - District 13 - REP,Miguel Martinez,333
Lake,Lake County Commissioner District 1 - REP,Matthew Main,419
Lake,Lake County Clerk and Recorder - REP,Tina Tekansik,387
Lake,Lake County Sheriff - REP,Heath Speckman,342
Lake,Lake County Sheriff - REP,Michael Romero,118
Lake,Governor - UNI,Paul Noel Fiorino,0
Lake,Governor - UNI,Jeff Peckman,0
La Plata,United States Senator - DEM,John Hickenlooper,6076
La Plata,United States Senator - DEM,Julie Gonzales,4431
La Plata,Representative to the 120th United States Congress - District 3 - DEM (La Plata),Dwayne L. Romero,5357
La Plata,Representative to the 120th United States Congress - District 3 - DEM (La Plata),Alex Kelloff,4422
La Plata,Governor - DEM,Phil Weiser,7340
La Plata,Governor - DEM,Michael Bennet,3172
La Plata,Secretary of State - DEM,Amanda Gonzalez,6089
La Plata,Secretary of State - DEM,Jessie Danielson,3607
La Plata,State Treasurer - DEM,Jeff Bridges,8212
La Plata,Attorney General - DEM,Jena Griswold,4256
La Plata,Attorney General - DEM,Michael Dougherty,2840
La Plata,Attorney General - DEM,Hetal Doshi,1772
La Plata,Attorney General - DEM,David Seligman,1312
La Plata,State Board of Education Member - Congressional District 3 - DEM,Barb Clementi,8290
La Plata,State Representative - District 59 - DEM,Katie Stewart,8627
La Plata,La Plata County Commissioner District 1 - DEM,Elizabeth Philbrick,8530
La Plata,La Plata County Treasurer - DEM,Miles Walsh,7709
La Plata,La Plata County Assessor - DEM,Carrie Woodson,7901
La Plata,La Plata County Sheriff - DEM,Sean Smith,7940
La Plata,La Plata County Coroner - DEM,Trever Nyx,7803
La Plata,Secretary of State - LBR,Alex Astley,23
La Plata,Secretary of State - LBR,Sean Vadney,7
La Plata,United States Senator - REP,Mark Baisley,4473
La Plata,Representative to the 120th United States Congress - District 3 - REP (La Plata),Jeff Hurd,3564
La Plata,Representative to the 120th United States Congress - District 3 - REP (La Plata),Ron Hanks,1825
La Plata,Governor - REP,Victor Marx,2094
La Plata,Governor - REP,Barb Kirkmeyer,1892
La Plata,Governor - REP,Scott Bottoms,1331
La Plata,Governor - REP,"Kelvin ""K-Man"" Wimberly",1
La Plata,Secretary of State - REP,James Wiley,4466
La Plata,State Treasurer - REP,Kevin Grantham,4448
La Plata,Attorney General - REP,Michael J. Allen,2722
La Plata,Attorney General - REP,David Willson,2194
La Plata,State Board of Education Member - Congressional District 3 - REP,Sherri M Wright,4445
La Plata,State Representative - District 59 - REP,Naomi Riess,4518
La Plata,La Plata County Surveyor - REP,Daryl Z Crites,4203
La Plata,La Plata County Coroner - REP,Cathy Lynn Seibel,4242
La Plata,Governor - UNI,Paul Noel Fiorino,0
La Plata,Governor - UNI,Jeff Peckman,0
La Plata,City of Durango Ballot Issue 2A,FOR THE ORDINANCE,6
La Plata,City of Durango Ballot Issue 2A,AGAINST THE ORDINANCE,1
Larimer,United States Senator - DEM,John Hickenlooper,32881
Larimer,United States Senator - DEM,Julie Gonzales,31215
Larimer,Representative to the 120th United States Congress - District 2 - DEM,Joe Neguse,38921
Larimer,Representative to the 120th United States Congress - District 4 - DEM,Eileen Laubacher,13637
Larimer,Representative to the 120th United States Congress - District 4 - DEM,Jenna Preston,140
Larimer,Representative to the 120th United States Congress - District 8 - DEM,Manny Rutinel,1698
Larimer,Representative to the 120th United States Congress - District 8 - DEM,Shannon Bird,1162
Larimer,Representative to the 120th United States Congress - District 8 - DEM,Evan Munsing,110
Larimer,Governor - DEM (Larimer),Phil Weiser,36695
Larimer,Governor - DEM (Larimer),Michael Bennet,26822
Larimer,Secretary of State - DEM,Amanda Gonzalez,36559
Larimer,Secretary of State - DEM,Jessie Danielson,21711
Larimer,State Treasurer - DEM,Jeff Bridges,50369
Larimer,Attorney General - DEM,Jena Griswold,28510
Larimer,Attorney General - DEM,David Seligman,12839
Larimer,Attorney General - DEM,Michael Dougherty,10501
Larimer,Attorney General - DEM,Hetal Doshi,10368
Larimer,Regent of the University of Colorado - Congressional District 2 - DEM,Edie Hooton,13385
Larimer,Regent of the University of Colorado - Congressional District 2 - DEM,Murray Smith,12221
Larimer,Regent of the University of Colorado - Congressional District 2 - DEM,Kubs Lalchandani,9094
Larimer,State Senator - District 15 - DEM,Janice Marchman,17838
Larimer,State Representative - District 49 - DEM,Lesley Smith,4484
Larimer,State Representative - District 51 - DEM,Jacki Marsh,11691
Larimer,State Representative - District 52 - DEM,Yara Zokaie,14271
Larimer,State Representative - District 53 - DEM,Andy Boesenecker,12243
Larimer,State Representative - District 64 - DEM,Maureen (Mo) Dower,2005
Larimer,Larimer County Commissioner - District 1 - DEM,Shane Atkinson,49477
Larimer,Larimer County Clerk and Recorder - DEM,Kenneth Forsythe,48565
Larimer,Larimer County Treasurer - DEM,Joann Ginal,33184
Larimer,Larimer County Treasurer - DEM,Conor M. Duffy,23684
Larimer,Larimer County Assessor - DEM,Bob Overbeck,48958
Larimer,Larimer County Coroner - DEM,Stephen Hanks,46964
Larimer,Secretary of State - LBR,Alex Astley,155
Larimer,Secretary of State - LBR,Sean Vadney,100
Larimer,United States Senator - REP,Mark Baisley,27559
Larimer,Representative to the 120th United States Congress - District 2 - REP,Kelley Anne Dennison,8385
Larimer,Representative to the 120th United States Congress - District 2 - REP,Christina Blunt (Ducommun),6586
Larimer,Representative to the 120th United States Congress - District 4 - REP,Lauren Boebert,11572
Larimer,Representative to the 120th United States Congress - District 8 - REP,Gabe Evans,2222
Larimer,Governor - REP,Barb Kirkmeyer,15153
Larimer,Governor - REP,Victor Marx,11881
Larimer,Governor - REP,Scott Bottoms,6659
Larimer,Governor - REP,"Kelvin ""K-Man"" Wimberly",8
Larimer,Secretary of State - REP,James Wiley,28265
Larimer,State Treasurer - REP,Kevin Grantham,28234
Larimer,Attorney General - REP,Michael J. Allen,17489
Larimer,Attorney General - REP,David Willson,13387
Larimer,Regent of the University of Colorado - Congressional District 2 - REP,Marty Neilson,13818
Larimer,State Senator - District 15 - REP,Rob Woodward,15548
Larimer,State Representative - District 49 - REP,Michael Sheperek,3753
Larimer,State Representative - District 51 - REP,Amy Parks,7255
Larimer,State Representative - District 51 - REP,Nancy Rumfelt,4096
Larimer,State Representative - District 53 - REP,Daniel Frick,2691
Larimer,State Representative - District 64 - REP,Scott L. Slaugh,1722
Larimer,State Representative - District 65 - REP,Lori Garcia Sander,5113
Larimer,Larimer County Commissioner - District 1 - REP,Marc Roberson,28243
Larimer,Larimer County Clerk and Recorder - REP,Tina Harris,28786
Larimer,Larimer County Treasurer - REP,Steve Olson,27726
Larimer,Larimer County Assessor - REP,Patrick Edwards,27529
Larimer,Larimer County Sheriff - REP,John J. Feyen,28024
Larimer,Larimer County Surveyor - REP,Tom Donnelly,27678
Larimer,Governor - UNI,Paul Noel Fiorino,9
Larimer,Governor - UNI,Jeff Peckman,8
Las Animas,United States Senator - DEM,John Hickenlooper,1273
Las Animas,United States Senator - DEM,Julie Gonzales,883
Las Animas,Representative to the 120th United States Congress - District 3 - DEM (Las Animas),Dwayne L. Romero,1202
Las Animas,Representative to the 120th United States Congress - District 3 - DEM (Las Animas),Alex Kelloff,797
Las Animas,Governor - DEM,Michael Bennet,1316
Las Animas,Governor - DEM,Phil Weiser,829
Las Animas,Secretary of State - DEM,Amanda Gonzalez,1369
Las Animas,Secretary of State - DEM,Jessie Danielson,603
Las Animas,State Treasurer - DEM,Jeff Bridges,1710
Las Animas,Attorney General - DEM,Jena Griswold,1404
Las Animas,Attorney General - DEM,Michael Dougherty,294
Las Animas,Attorney General - DEM,Hetal Doshi,219
Las Animas,Attorney General - DEM,David Seligman,160
Las Animas,State Board of Education Member - Congressional District 3 - DEM,Barb Clementi,1696
Las Animas,State Senator - District 35 - DEM,Duane L Gurule,1714
Las Animas,State Representative - District 47 - DEM,Vic Meyers,1704
Las Animas,Las Animas County Commissioner District 3 - DEM,Jim D Montoya,1074
Las Animas,Las Animas County Commissioner District 3 - DEM,Phillip Rico,1067
Las Animas,Las Animas County Clerk and Recorder - DEM,Joseph Mestas,1780
Las Animas,Las Animas County Treasurer - DEM,Sarah A. Martinez,1834
Las Animas,Las Animas County Sheriff - DEM,Derek J. Navarette,1757
Las Animas,Las Animas County Coroner - DEM,Leigh Elliott-Lopez,1727
Las Animas,Secretary of State - LBR,Alex Astley,7
Las Animas,Secretary of State - LBR,Sean Vadney,2
Las Animas,United States Senator - REP,Mark Baisley,1435
Las Animas,Representative to the 120th United States Congress - District 3 - REP,Jeff Hurd,1117
Las Animas,Representative to the 120th United States Congress - District 3 - REP,Ron Hanks,523
Las Animas,Governor - REP,Victor Marx,923
Las Animas,Governor - REP,Barb Kirkmeyer,421
Las Animas,Governor - REP,Scott Bottoms,311
Las Animas,Secretary of State - REP,James Wiley,1471
Las Animas,State Treasurer - REP,Kevin Grantham,1474
Las Animas,Attorney General - REP (Las Animas),Michael J. Allen,902
Las Animas,Attorney General - REP (Las Animas),David Willson,603
Las Animas,State Board of Education Member - Congressional District 3 - REP,Sherri M Wright,1436
Las Animas,State Senator - District 35 - REP,Rod Pelton,1460
Las Animas,State Representative - District 47 - REP,Ty Winter,1604
Las Animas,Las Animas County Commissioner District 3 - REP,Brad Doherty,1539
Las Animas,Las Animas County Clerk and Recorder - REP,Karrie L. Apple,1609
Las Animas,Las Animas County Treasurer - REP,Luis A. Lopez II,1426
Las Animas,Las Animas County Assessor - REP,Jodi M. Amato,1535
Las Animas,Las Animas County Sheriff - REP,John Johnson,1429
Las Animas,Las Animas County Coroner - REP,"Dominic ""Junie"" Verquer",1422
Las Animas,Governor - UNI,Paul Noel Fiorino,2
Las Animas,Governor - UNI,Jeff Peckman,1
Lincoln,United States Senator - DEM,John Hickenlooper,140
Lincoln,United States Senator - DEM,Julie Gonzales,79
Lincoln,Representative to the 120th United States Congress - District 4 - DEM,Eileen Laubacher,173
Lincoln,Representative to the 120th United States Congress - District 4 - DEM,Jenna Preston,3
Lincoln,Governor - DEM,Michael Bennet,141
Lincoln,Governor - DEM,Phil Weiser,75
Lincoln,Secretary of State - DEM,Amanda Gonzalez,110
Lincoln,Secretary of State - DEM,Jessie Danielson,89
Lincoln,State Treasurer - DEM,Jeff Bridges,171
Lincoln,Attorney General - DEM,Jena Griswold,120
Lincoln,Attorney General - DEM,Michael Dougherty,34
Lincoln,Attorney General - DEM,Hetal Doshi,30
Lincoln,Attorney General - DEM,David Seligman,28
Lincoln,State Senator - District 35 - DEM,Duane L Gurule,173
Lincoln,United States Senator - REP,Mark Baisley,826
Lincoln,Representative to the 120th United States Congress - District 4 - REP,Lauren Boebert,860
Lincoln,Governor - REP,Victor Marx,472
Lincoln,Governor - REP,Barb Kirkmeyer,377
Lincoln,Governor - REP,Scott Bottoms,172
Lincoln,Governor - REP,"Kelvin ""K-Man"" Wimberly",0
Lincoln,Secretary of State - REP,James Wiley,853
Lincoln,State Treasurer - REP,Kevin Grantham,861
Lincoln,Attorney General - REP (Lincoln),Michael J. Allen,558
Lincoln,Attorney General - REP (Lincoln),David Willson,314
Lincoln,State Senator - District 35 - REP,Rod Pelton,902
Lincoln,State Representative - District 56 - REP,Chris Richardson,842
Lincoln,Lincoln County Commissioner - District 1 - REP,Wayne E. Ewing,678
Lincoln,Lincoln County Commissioner - District 1 - REP,Rex Rhule,272
Lincoln,Lincoln County Commissioner - District 1 - REP,Dan Brent,123
Lincoln,Lincoln County Clerk and Recorder - REP,Corinne M. Lengel,909
Lincoln,Lincoln County Treasurer - REP,Ashley D. Erwin,908
Lincoln,Lincoln County Assessor - REP,Jeremiah Higgins,846
Lincoln,Lincoln County Sheriff - REP,Michael L. Yowell,951
Lincoln,Lincoln County Coroner - REP,Andrew S. Lorensen,883
Lincoln,Secretary of State - LBR,Alex Astley,5
Lincoln,Secretary of State - LBR,Sean Vadney,0
Lincoln,Governor - UNI,Jeff Peckman,0
Lincoln,Governor - UNI,Paul Noel Fiorino,0
Logan,United States Senator - DEM,John Hickenlooper,773
Logan,United States Senator - DEM,Julie Gonzales,356
Logan,Representative to the 120th United States Congress - District 4 - DEM,Eileen Laubacher,911
Logan,Representative to the 120th United States Congress - District 4 - DEM,Jenna Preston,1
Logan,Governor - DEM,Michael Bennet,637
Logan,Governor - DEM,Phil Weiser,490
Logan,Secretary of State - DEM,Amanda Gonzalez,550
Logan,Secretary of State - DEM,Jessie Danielson,450
Logan,State Treasurer - DEM,Jeff Bridges,866
Logan,Attorney General - DEM (Logan),Jena Griswold,612
Logan,Attorney General - DEM (Logan),Michael Dougherty,232
Logan,Attorney General - DEM (Logan),David Seligman,119
Logan,Attorney General - DEM (Logan),Hetal Doshi,115
Logan,State Senator - District 1 - DEM,Jamie Jeffery,880
Logan,Secretary of State - LBR,Alex Astley,4
Logan,Secretary of State - LBR,Sean Vadney,1
Logan,United States Senator - REP,Mark Baisley,3052
Logan,Representative to the 120th United States Congress - District 4 - REP,Lauren Boebert,3010
Logan,Governor - REP,Victor Marx,1505
Logan,Governor - REP,Barb Kirkmeyer,1498
Logan,Governor - REP,Scott Bottoms,618
Logan,Governor - REP,"Kelvin ""K-Man"" Wimberly",4
Logan,Secretary of State - REP,James Wiley,3010
Logan,State Treasurer - REP,Kevin Grantham,3065
Logan,Attorney General - REP (Logan),Michael J. Allen,1959
Logan,Attorney General - REP (Logan),David Willson,1240
Logan,State Senator - District 1 - REP,Byron Pelton,3191
Logan,State Representative - District 63 - REP,Dusty Johnson,3167
Logan,Logan County Commissioner - District 3 - REP,Jim Santomaso,3194
Logan,Logan County Clerk and Recorder - REP,Pam Bacon,3164
Logan,Logan County Treasurer - REP,Patty Bartlett,3136
Logan,Logan County Assessor - REP,Peggy Michaels,3111
Logan,Logan County Sheriff - REP,Jeremy Leisure,3057
Logan,Governor - UNI,Jeff Peckman,0
Logan,Governor - UNI,Paul Noel Fiorino,0
Mesa,United States Senator - DEM,John Hickenlooper,9468
Mesa,United States Senator - DEM,Julie Gonzales,7456
Mesa,Representative to the 120th United States Congress - District 3 - DEM,Alex Kelloff,8394
Mesa,Representative to the 120th United States Congress - District 3 - DEM,Dwayne L. Romero,7361
Mesa,Governor - DEM (Mesa),Phil Weiser,9919
Mesa,Governor - DEM (Mesa),Michael Bennet,6924
Mesa,Secretary of State - DEM,Amanda Gonzalez,9767
Mesa,Secretary of State - DEM,Jessie Danielson,5825
Mesa,State Treasurer - DEM,Jeff Bridges,13509
Mesa,Attorney General - DEM,Jena Griswold,10076
Mesa,Attorney General - DEM,Michael Dougherty,2394
Mesa,Attorney General - DEM,Hetal Doshi,2155
Mesa,Attorney General - DEM,David Seligman,1962
Mesa,State Board of Education Member - Congressional District 3 - DEM,Barb Clementi,13512
Mesa,State Representative - District 54 - DEM,Mallory Martin,5034
Mesa,State Representative - District 55 - DEM,Brittni Packard,8418
Mesa,Mesa County Treasurer - DEM,Dave Edwards,13059
Mesa,Secretary of State - LBR,Alex Astley,73
Mesa,Secretary of State - LBR,Sean Vadney,37
Mesa,United States Senator - REP,Mark Baisley,21586
Mesa,Representative to the 120th United States Congress - District 3 - REP,Jeff Hurd,17848
Mesa,Representative to the 120th United States Congress - District 3 - REP,Ron Hanks,8399
Mesa,Governor - REP,Victor Marx,12416
Mesa,Governor - REP,Barb Kirkmeyer,7658
Mesa,Governor - REP,Scott Bottoms,5765
Mesa,Governor - REP,"Kelvin ""K-Man"" Wimberly",3
Mesa,Secretary of State - REP,James Wiley,21887
Mesa,State Treasurer - REP,Kevin Grantham,21928
Mesa,Attorney General - REP (Mesa),Michael J. Allen,13730
Mesa,Attorney General - REP (Mesa),David Willson,10064
Mesa,State Board of Education Member - Congressional District 3 - REP,Sherri M Wright,21568
Mesa,State Senator - District 7 - REP,Janice Rich,22372
Mesa,State Representative - District 54 - REP,Jason Bias,6309
Mesa,State Representative - District 54 - REP,Nina Anderson,5872
Mesa,State Representative - District 55 - REP,Rick Taggart,11564
Mesa,Mesa County Commissioner - District 2 - REP,Bobbie Daniel,22307
Mesa,Mesa County Clerk and Recorder - REP,Bobbie Gross,17607
Mesa,Mesa County Clerk and Recorder - REP,Abby Silzell,7971
Mesa,Mesa County Treasurer - REP,Greg Haitz,21378
Mesa,Mesa County Assessor - REP,Brent Goff,21355
Mesa,Mesa County Sheriff - REP,Ross Young,21611
Mesa,Mesa County Surveyor - REP,Jon Kobylarz,21233
Mesa,Mesa County Coroner - REP,Dean Havlik,21771
Mesa,Governor - UNI,Paul Noel Fiorino,8
Mesa,Governor - UNI,Jeff Peckman,2
Mineral,United States Senator - DEM,John Hickenlooper,118
Mineral,United States Senator - DEM,Julie Gonzales,70
Mineral,Representative to the 120th United States Congress - District 3 - DEM,Alex Kelloff,89
Mineral,Representative to the 120th United States Congress - District 3 - DEM,Dwayne L. Romero,85
Mineral,Governor - DEM,Michael Bennet,108
Mineral,Governor - DEM,Phil Weiser,79
Mineral,Secretary of State - DEM,Amanda Gonzalez,85
Mineral,Secretary of State - DEM,Jessie Danielson,76
Mineral,State Treasurer - DEM,Jeff Bridges,130
Mineral,Attorney General - DEM (Mineral),Jena Griswold,100
Mineral,Attorney General - DEM (Mineral),Michael Dougherty,33
Mineral,Attorney General - DEM (Mineral),David Seligman,27
Mineral,Attorney General - DEM (Mineral),Hetal Doshi,20
Mineral,State Board of Education Member - Congressional District 3 - DEM,Barb Clementi,126
Mineral,State Representative - District 62 - DEM,Matthew Martinez,131
Mineral,Mineral County Commissioner - District 1 - DEM,R. Scott Lamb,167
Mineral,Mineral County Coroner - DEM,Jimmy K Adelman,156
Mineral,Secretary of State - LBR,Alex Astley,0
Mineral,Secretary of State - LBR,Sean Vadney,0
Mineral,United States Senator - REP,Mark Baisley,137
Mineral,Representative to the 120th United States Congress - District 3 - REP (Mineral),Jeff Hurd,112
Mineral,Representative to the 120th United States Congress - District 3 - REP (Mineral),Ron Hanks,68
Mineral,Governor - REP,Victor Marx,76
Mineral,Governor - REP,Barb Kirkmeyer,73
Mineral,Governor - REP,Scott Bottoms,40
Mineral,Governor - REP,"Kelvin ""K-Man"" Wimberly",0
Mineral,Secretary of State - REP,James Wiley,135
Mineral,State Treasurer - REP,Kevin Grantham,139
Mineral,Attorney General - REP,David Willson,78
Mineral,Attorney General - REP,Michael J. Allen,73
Mineral,State Board of Education Member - Congressional District 3 - REP,Sherri M Wright,132
Mineral,State Representative - District 62 - REP,Steven Rodriguez,130
Mineral,State Representative - District 62 - REP,Evans Gonzalez,0
Mineral,Mineral County Clerk and Recorder - REP,Eryn K Wintz ,172
Mineral,Mineral County Assessor - REP,Hendrik Shullts,170
Mineral,Governor - UNI,Jeff Peckman,0
Mineral,Governor - UNI,Paul Noel Fiorino,0
Moffat,United States Senator - DEM,John Hickenlooper,311
Moffat,United States Senator - DEM,Julie Gonzales,188
Moffat,Representative to the 120th United States Congress - District 3 - DEM,Dwayne L. Romero,258
Moffat,Representative to the 120th United States Congress - District 3 - DEM,Alex Kelloff,196
Moffat,Governor - DEM,Michael Bennet,270
Moffat,Governor - DEM,Phil Weiser,234
Moffat,Secretary of State - DEM,Amanda Gonzalez,297
Moffat,Secretary of State - DEM,Jessie Danielson,163
Moffat,State Treasurer - DEM,Jeff Bridges,399
Moffat,Attorney General - DEM,Jena Griswold,265
Moffat,Attorney General - DEM,Michael Dougherty,92
Moffat,Attorney General - DEM,David Seligman,70
Moffat,Attorney General - DEM,Hetal Doshi,59
Moffat,State Board of Education Member - Congressional District 3 - DEM,Barb Clementi,382
Moffat,State Senator - District 8 - DEM,Dylan Roberts,406
Moffat,State Representative - District 26 - DEM,Meghan Lukens,431
Moffat,Secretary of State - LBR,Alex Astley,4
Moffat,Secretary of State - LBR,Sean Vadney,2
Moffat,United States Senator - REP,Mark Baisley,1904
Moffat,Representative to the 120th United States Congress - District 3 - REP,Jeff Hurd,1441
Moffat,Representative to the 120th United States Congress - District 3 - REP,Ron Hanks,927
Moffat,Governor - REP,Victor Marx,1043
Moffat,Governor - REP,Barb Kirkmeyer,683
Moffat,Governor - REP,Scott Bottoms,672
Moffat,Governor - REP,"Kelvin ""K-Man"" Wimberly",0
Moffat,Secretary of State - REP,James Wiley,1844
Moffat,State Treasurer - REP,Kevin Grantham,1935
Moffat,Attorney General - REP,Michael J. Allen,1180
Moffat,Attorney General - REP,David Willson,929
Moffat,State Board of Education Member - Congressional District 3 - REP,Sherri M Wright,1874
Moffat,State Senator - District 8 - REP,Corey Marshall,1882
Moffat,State Representative - District 26 - REP,James Kellogg,1881
Moffat,Moffat County Commissioner District 3 - REP,Steve Maneotis,1401
Moffat,Moffat County Commissioner District 3 - REP,Doug Winters,1091
Moffat,Moffat County Clerk and Recorder - REP,Stacy Morgan,2105
Moffat,Moffat County Treasurer - REP,Amy Wilson,2078
Moffat,Moffat County Assessor - REP,Camie Herod,2027
Moffat,Moffat County Sheriff - REP,Chip Dio McIntyre,2068
Moffat,Moffat County Surveyor - REP,Michael Fraher,2042
Moffat,Moffat County Surveyor - REP,Bill W.A. Baker,8
Moffat,Moffat County Coroner - REP,Jesse Arthurs,2157
Moffat,Governor - UNI,Paul Noel Fiorino,1
Moffat,Governor - UNI,Jeff Peckman,0
Montezuma,United States Senator - DEM,John Hickenlooper,1569
Montezuma,United States Senator - DEM,Julie Gonzales,1277
Montezuma,Representative to the 120th United States Congress - District 3 - DEM,Alex Kelloff,1385
Montezuma,Representative to the 120th United States Congress - District 3 - DEM,Dwayne L. Romero,1291
Montezuma,Governor - DEM,Phil Weiser,1678
Montezuma,Governor - DEM,Michael Bennet,1152
Montezuma,Secretary of State - DEM,Amanda Gonzalez,1643
Montezuma,Secretary of State - DEM,Jessie Danielson,990
Montezuma,State Treasurer - DEM,Jeff Bridges,2317
Montezuma,Attorney General - DEM (Montezuma),Jena Griswold,1570
Montezuma,Attorney General - DEM (Montezuma),Michael Dougherty,451
Montezuma,Attorney General - DEM (Montezuma),Hetal Doshi,367
Montezuma,Attorney General - DEM (Montezuma),David Seligman,364
Montezuma,State Board of Education Member - Congressional District 3 - DEM,Barb Clementi,2331
Montezuma,State Representative - District 58 - DEM,Susannah Smith,463
Montezuma,State Representative - District 59 - DEM,Katie Stewart,1925
Montezuma,Montezuma County Commissioner District 1 - DEM,Rebecca Busic,2521
Montezuma,Secretary of State - LBR,Alex Astley,12
Montezuma,Secretary of State - LBR,Sean Vadney,11
Montezuma,United States Senator - REP,Mark Baisley,3673
Montezuma,Representative to the 120th United States Congress - District 3 - REP,Jeff Hurd,2808
Montezuma,Representative to the 120th United States Congress - District 3 - REP,Ron Hanks,1745
Montezuma,Governor - REP,Victor Marx,1721
Montezuma,Governor - REP,Scott Bottoms,1515
Montezuma,Governor - REP,Barb Kirkmeyer,1242
Montezuma,Governor - REP,"Kelvin ""K-Man"" Wimberly",0
Montezuma,Secretary of State - REP,James Wiley,3739
Montezuma,State Treasurer - REP,Kevin Grantham,3715
Montezuma,Attorney General - REP,Michael J. Allen,2105
Montezuma,Attorney General - REP,David Willson,1937
Montezuma,State Board of Education Member - Congressional District 3 - REP,Sherri M Wright,3716
Montezuma,State Representative - District 58 - REP,Larry Don Suckla,1467
Montezuma,State Representative - District 59 - REP,Naomi Riess,2354
Montezuma,Montezuma County Commissioner District 1 - REP,Rodney Cox,2588
Montezuma,Montezuma County Commissioner District 1 - REP,Bonnie Anderson,1366
Montezuma,Montezuma County Commissioner District 1 - REP,Diane Fox-Spratlen,752
Montezuma,Montezuma County Clerk and Recorder - REP,Jerri Frizzell,3140
Montezuma,Montezuma County Clerk and Recorder - REP,Lenetta Shull,1382
Montezuma,Montezuma County Treasurer - REP,Ellen Black,3930
Montezuma,Montezuma County Sheriff - REP,Tyson Cox,3933
Montezuma,Montezuma County Coroner - REP,George Deavers,4079
Montezuma,Governor - UNI,Jeff Peckman,2
Montezuma,Governor - UNI,Paul Noel Fiorino,2
Montrose,United States Senator - DEM,John Hickenlooper,2368
Montrose,United States Senator - DEM,Julie Gonzales,2061
Montrose,Representative to the 120th United States Congress - District 3 - DEM,Dwayne L. Romero,2134
Montrose,Representative to the 120th United States Congress - District 3 - DEM,Alex Kelloff,1977
Montrose,Governor - DEM,Phil Weiser,2757
Montrose,Governor - DEM,Michael Bennet,1659
Montrose,Secretary of State - DEM (Montrose),Amanda Gonzalez,2558
Montrose,Secretary of State - DEM (Montrose),Jessie Danielson,1533
Montrose,State Treasurer - DEM,Jeff Bridges,3417
Montrose,Attorney General - DEM,Jena Griswold,2703
Montrose,Attorney General - DEM,Michael Dougherty,608
Montrose,Attorney General - DEM,David Seligman,532
Montrose,Attorney General - DEM,Hetal Doshi,480
Montrose,State Board of Education Member - Congressional District 3 - DEM,Barb Clementi,3341
Montrose,State Representative - District 58 - DEM,Susannah Smith,3277
Montrose,Secretary of State - LBR,Alex Astley,14
Montrose,Secretary of State - LBR,Sean Vadney,10
Montrose,United States Senator - REP,Mark Baisley,6319
Montrose,Representative to the 120th United States Congress - District 3 - REP,Jeff Hurd,4602
Montrose,Representative to the 120th United States Congress - District 3 - REP,Ron Hanks,3047
Montrose,Governor - REP (Montrose),Victor Marx,3668
Montrose,Governor - REP (Montrose),Barb Kirkmeyer,2082
Montrose,Governor - REP (Montrose),Scott Bottoms,1862
Montrose,Governor - REP (Montrose),"Kelvin ""K-Man"" Wimberly",0
Montrose,Secretary of State - REP,James Wiley,6351
Montrose,State Treasurer - REP,Kevin Grantham,6345
Montrose,Attorney General - REP,Michael J. Allen,3550
Montrose,Attorney General - REP,David Willson,3316
Montrose,State Board of Education Member - Congressional District 3 - REP,Sherri M Wright,6273
Montrose,State Representative - District 58 - REP,Larry Don Suckla,6383
Montrose,Montrose County Commissioner - District 2 - REP,Caryn Webb Gibson,6391
Montrose,Montrose County Commissioner - District 3 - REP,Ed Lafferty,6342
Montrose,Montrose County Clerk and Recorder - REP,Tressa Guynes,6645
Montrose,Montrose County Treasurer - REP,Rosemary Murphy,6597
Montrose,Montrose County Assessor - REP,Brad Hughes,6393
Montrose,Montrose County Sheriff - REP,Gene R. Lillard,6665
Montrose,Montrose County Surveyor - REP,James Pierce Jr.,6292
Montrose,Montrose County Coroner - REP,Shaye Schottel,6436
Montrose,Governor - UNI,Jeff Peckman,2
Montrose,Governor - UNI,Paul Noel Fiorino,0
Morgan,United States Senator - DEM,John Hickenlooper,900
Morgan,United States Senator - DEM,Julie Gonzales,614
Morgan,Representative to the 120th United States Congress - District 4 - DEM,Eileen Laubacher,1221
Morgan,Representative to the 120th United States Congress - District 4 - DEM,Jenna Preston,11
Morgan,Governor - DEM,Michael Bennet,790
Morgan,Governor - DEM,Phil Weiser,708
Morgan,Secretary of State - DEM,Amanda Gonzalez,884
Morgan,Secretary of State - DEM,Jessie Danielson,497
Morgan,State Treasurer - DEM,Jeff Bridges,1220
Morgan,Attorney General - DEM (Morgan),Jena Griswold,765
Morgan,Attorney General - DEM (Morgan),Michael Dougherty,314
Morgan,Attorney General - DEM (Morgan),David Seligman,217
Morgan,Attorney General - DEM (Morgan),Hetal Doshi,173
Morgan,State Senator - District 1 - DEM,Jamie Jeffery,1219
Morgan,Secretary of State - LBR,Alex Astley,5
Morgan,Secretary of State - LBR,Sean Vadney,3
Morgan,United States Senator - REP,Mark Baisley,3047
Morgan,Representative to the 120th United States Congress - District 4 - REP,Lauren Boebert,3102
Morgan,Governor - REP,Barb Kirkmeyer,1472
Morgan,Governor - REP,Victor Marx,1470
Morgan,Governor - REP,Scott Bottoms,648
Morgan,Governor - REP,"Kelvin ""K-Man"" Wimberly",0
Morgan,Secretary of State - REP,James Wiley,3133
Morgan,State Treasurer - REP,Kevin Grantham,3150
Morgan,Attorney General - REP (Morgan),Michael J. Allen,1939
Morgan,Attorney General - REP (Morgan),David Willson,1283
Morgan,State Senator - District 1 - REP,Byron Pelton,3178
Morgan,State Representative - District 63 - REP,Dusty Johnson,3235
Morgan,Morgan County Commissioner District 2 - REP,Robert W Pennington,3064
Morgan,Morgan County Clerk and Recorder - REP,Kevin Strauch,3305
Morgan,Morgan County Treasurer - REP,Kirstin M Watson,3121
Morgan,Morgan County Assessor - REP,Tim Amen,3141
Morgan,Morgan County Sheriff - REP,Dave (David) D. Martin,3240
Morgan,Morgan County Coroner - REP,Mike Dahl,3240
Morgan,Governor - UNI,Paul Noel Fiorino,3
Morgan,Governor - UNI,Jeff Peckman,2
Otero,United States Senator - DEM,John Hickenlooper,984
Otero,United States Senator - DEM,Julie Gonzales,616
Otero,Representative to the 120th United States Congress - District 3 - DEM (Otero),Dwayne L. Romero,989
Otero,Representative to the 120th United States Congress - District 3 - DEM (Otero),Alex Kelloff,530
Otero,Governor - DEM,Michael Bennet,1091
Otero,Governor - DEM,Phil Weiser,507
Otero,Secretary of State - DEM,Amanda Gonzalez,1061
Otero,Secretary of State - DEM,Jessie Danielson,451
Otero,State Treasurer - DEM,Jeff Bridges,1288
Otero,Attorney General - DEM,Jena Griswold,1077
Otero,Attorney General - DEM,Michael Dougherty,247
Otero,Attorney General - DEM,David Seligman,132
Otero,Attorney General - DEM,Hetal Doshi,114
Otero,State Board of Education Member - Congressional District 3 - DEM,Barb Clementi,1259
Otero,State Senator - District 35 - DEM,Duane L Gurule,1254
Otero,State Representative - District 47 - DEM,Vic Meyers,1223
Otero,United States Senator - REP,Mark Baisley,2083
Otero,Representative to the 120th United States Congress - District 3 - REP,Jeff Hurd,1741
Otero,Representative to the 120th United States Congress - District 3 - REP,Ron Hanks,667
Otero,Governor - REP (Otero),Victor Marx,1241
Otero,Governor - REP (Otero),Barb Kirkmeyer,645
Otero,Governor - REP (Otero),Scott Bottoms,554
Otero,Secretary of State - REP,James Wiley,2118
Otero,State Treasurer - REP,Kevin Grantham,2165
Otero,Attorney General - REP,Michael J. Allen,1450
Otero,Attorney General - REP,David Willson,774
Otero,State Board of Education Member - Congressional District 3 - REP,Sherri M Wright,2065
Otero,State Senator - District 35 - REP,Rod Pelton,2140
Otero,State Representative - District 47 - REP,Ty Winter,2204
Otero,Commissioner - District 2 (REP),Timothy Knabenshue,2190
Otero,Clerk & Recorder (REP),"Lynda ""Lyn"" Scott",2240
Otero,Otero County Treasurer (REP),Shawna Frankmore,2092
Otero,Otero County Assessor (REP),Ken R Hood,2183
Otero,Otero County Sheriff (REP),Brian Lovato,2102
Otero,Otero County Coroner (REP),Robert M Fowler,2297
Otero,Secretary of State - LBR,Alex Astley,3
Otero,Secretary of State - LBR,Sean Vadney,2
Ouray,United States Senator - DEM,John Hickenlooper,783
Ouray,United States Senator - DEM,Julie Gonzales,505
Ouray,Representative to the 120th United States Congress - District 3 - DEM,Alex Kelloff,640
Ouray,Representative to the 120th United States Congress - District 3 - DEM,Dwayne L. Romero,533
Ouray,Governor - DEM (Ouray),Phil Weiser,708
Ouray,Governor - DEM (Ouray),Michael Bennet,581
Ouray,Secretary of State - DEM,Amanda Gonzalez,648
Ouray,Secretary of State - DEM,Jessie Danielson,497
Ouray,State Treasurer - DEM,Jeff Bridges,934
Ouray,Attorney General - DEM,Jena Griswold,661
Ouray,Attorney General - DEM,Michael Dougherty,234
Ouray,Attorney General - DEM,Hetal Doshi,192
Ouray,Attorney General - DEM,David Seligman,153
Ouray,State Board of Education Member - Congressional District 3 - DEM,Barb Clementi,917
Ouray,State Representative - District 58 - DEM,Susannah Smith,901
Ouray,Ouray County Commissioner - District 2 - DEM,Glynn Williams,941
Ouray,Secretary of State - LBR,Alex Astley,5
Ouray,Secretary of State - LBR,Sean Vadney,1
Ouray,United States Senator - REP,Mark Baisley,566
Ouray,Representative to the 120th United States Congress - District 3 - REP (Ouray),Jeff Hurd,428
Ouray,Representative to the 120th United States Congress - District 3 - REP (Ouray),Ron Hanks,283
Ouray,Governor - REP,Victor Marx,262
Ouray,Governor - REP,Scott Bottoms,228
Ouray,Governor - REP,Barb Kirkmeyer,209
Ouray,Governor - REP,"Kelvin ""K-Man"" Wimberly",0
Ouray,Secretary of State - REP,James Wiley,569
Ouray,State Treasurer - REP,Kevin Grantham,572
Ouray,Attorney General - REP,Michael J. Allen,340
Ouray,Attorney General - REP,David Willson,298
Ouray,State Board of Education Member - Congressional District 3 - REP,Sherri M Wright,568
Ouray,State Representative - District 58 - REP,Larry Don Suckla,590
Ouray,Governor - UNI,Paul Noel Fiorino,1
Ouray,Governor - UNI,Jeff Peckman,0
Park,United States Senator - DEM,John Hickenlooper,1382
Park,United States Senator - DEM,Julie Gonzales,956
Park,Representative to the 120th United States Congress - District 7 - DEM,Brittany Pettersen,2011
Park,Governor - DEM,Michael Bennet,1188
Park,Governor - DEM,Phil Weiser,1135
Park,Secretary of State - DEM (Park),Amanda Gonzalez,1354
Park,Secretary of State - DEM (Park),Jessie Danielson,798
Park,State Treasurer - DEM,Jeff Bridges,1914
Park,Attorney General - DEM,Jena Griswold,1236
Park,Attorney General - DEM,Michael Dougherty,410
Park,Attorney General - DEM,Hetal Doshi,358
Park,Attorney General - DEM,David Seligman,278
Park,State Board of Education Member - Congressional District 7 - DEM,Karla Esser,1879
Park,Regent of the University of Colorado - Congressional District 7 - DEM,Nolbert Chavez,1864
Park,State Senator - District 4 - DEM,Justin Kurth,1877
Park,State Representative - District 13 - DEM,Consuelo Redhorse,1258
Park,State Representative - District 13 - DEM,Chris Floyd,934
Park,Park County Commissioner District 3 - DEM,Truman Esmond,1910
Park,Park County Clerk and Recorder - DEM,Tali Thomason,1884
Park,Park County Treasurer - DEM,Jim Stockbridge,1872
Park,Park County Assessor - DEM,Natessia Leverington,1859
Park,Park County Sheriff - DEM,Mark Noel,1867
Park,Park County Coroner - DEM,Rob Shearer,1857
Park,Secretary of State - LBR,Sean Vadney,10
Park,Secretary of State - LBR,Alex Astley,8
Park,United States Senator - REP,Mark Baisley,2834
Park,Representative to the 120th United States Congress - District 7 - REP,Tim Bennett,2689
Park,Governor - REP,Victor Marx,1443
Park,Governor - REP,Barb Kirkmeyer,1169
Park,Governor - REP,Scott Bottoms,745
Park,Governor - REP,"Kelvin ""K-Man"" Wimberly",1
Park,Secretary of State - REP,James Wiley,2813
Park,State Treasurer - REP,Kevin Grantham,2820
Park,Attorney General - REP,Michael J. Allen,1663
Park,Attorney General - REP,David Willson,1336
Park,State Board of Education Member - Congressional District 7 - REP,Steve Barton,2688
Park,Regent of the University of Colorado - Congressional District 7 - REP,Paul Mueller,1654
Park,Regent of the University of Colorado - Congressional District 7 - REP,Joan Poston,1007
Park,State Senator - District 4 - REP,Teddy Collins,2775
Park,State Representative - District 13 - REP,Miguel Martinez,2683
Park,Park County Commissioner District 3 - REP,Tyrene Cook,1752
Park,Park County Commissioner District 3 - REP,Wallie Weld,1558
Park,Park County Clerk and Recorder - REP,"Milena ""Mel"" Kassel",2899
Park,Park County Treasurer - REP,Amy Flint,2867
Park,Park County Assessor - REP,Monica Jones,1922
Park,Park County Assessor - REP,Cyndy Weld,1244
Park,Park County Sheriff - REP,Steve Spodyak,2226
Park,Park County Sheriff - REP,Ahmet Susic,1232
Park,Park County Surveyor - REP,Jack Kirby,2833
Park,Park County Coroner - REP,David E Kintz Jr,2939
Park,Governor - UNI,Paul Noel Fiorino,1
Park,Governor - UNI,Jeff Peckman,0
Phillips,United States Senator - DEM,John Hickenlooper,122
Phillips,United States Senator - DEM,Julie Gonzales,74
Phillips,Representative to the 120th United States Congress - District 4 - DEM,Eileen Laubacher,142
Phillips,Representative to the 120th United States Congress - District 4 - DEM,Jenna Preston,0
Phillips,Governor - DEM,Michael Bennet,119
Phillips,Governor - DEM,Phil Weiser,78
Phillips,Secretary of State - DEM,Amanda Gonzalez,101
Phillips,Secretary of State - DEM,Jessie Danielson,67
Phillips,State Treasurer - DEM,Jeff Bridges,141
Phillips,Attorney General - DEM,Jena Griswold,95
Phillips,Attorney General - DEM,Michael Dougherty,42
Phillips,Attorney General - DEM,David Seligman,34
Phillips,Attorney General - DEM,Hetal Doshi,14
Phillips,State Senator - District 1 - DEM,Jamie Jeffery,143
Phillips,Secretary of State - LBR,Alex Astley,22
Phillips,Secretary of State - LBR,Sean Vadney,0
Phillips,United States Senator - REP,Mark Baisley,857
Phillips,Representative to the 120th United States Congress - District 4 - REP,Lauren Boebert,851
Phillips,Governor - REP,Barb Kirkmeyer,397
Phillips,Governor - REP,Victor Marx,395
Phillips,Governor - REP,Scott Bottoms,241
Phillips,Governor - REP,"Kelvin ""K-Man"" Wimberly",0
Phillips,Secretary of State - REP,James Wiley,841
Phillips,State Treasurer - REP,Kevin Grantham,856
Phillips,Attorney General - REP (Phillips),Michael J. Allen,503
Phillips,Attorney General - REP (Phillips),David Willson,340
Phillips,State Senator - District 1 - REP,Byron Pelton,872
Phillips,State Representative - District 63 - REP,Dusty Johnson,879
Phillips,Phillips County Commissioner - District 1 - REP,Terry L. Hofmeister,910
Phillips,Phillips County Treasurer - REP,Steve D. Young,885
Phillips,Phillips County Assessor - REP,Douglas D. Kamery,930
Phillips,Phillips County Sheriff - REP,David Romero Jr.,581
Phillips,Phillips County Sheriff - REP,Michael Beard,470
Phillips,Governor - UNI,Jeff Peckman,0
Phillips,Governor - UNI,Paul Noel Fiorino,0
Pitkin,United States Senator - DEM,John Hickenlooper,2888
Pitkin,United States Senator - DEM,Julie Gonzales,1038
Pitkin,Representative to the 120th United States Congress - District 3 - DEM,Dwayne L. Romero,2516
Pitkin,Representative to the 120th United States Congress - District 3 - DEM,Alex Kelloff,1269
Pitkin,Governor - DEM,Michael Bennet,1984
Pitkin,Governor - DEM,Phil Weiser,1901
Pitkin,Secretary of State - DEM (Pitkin),Amanda Gonzalez,1743
Pitkin,Secretary of State - DEM (Pitkin),Jessie Danielson,1429
Pitkin,State Treasurer - DEM,Jeff Bridges,2818
Pitkin,Attorney General - DEM,Jena Griswold,2096
Pitkin,Attorney General - DEM,Michael Dougherty,655
Pitkin,Attorney General - DEM,Hetal Doshi,483
Pitkin,Attorney General - DEM,David Seligman,344
Pitkin,State Board of Education Member - Congressional District 3 - DEM,Barb Clementi,2775
Pitkin,State Representative - District 57 - DEM,Elizabeth Velasco,2948
Pitkin,Secretary of State - LBR,Sean Vadney,6
Pitkin,Secretary of State - LBR,Alex Astley,4
Pitkin,United States Senator - REP,Mark Baisley,667
Pitkin,Representative to the 120th United States Congress - District 3 - REP (Pitkin),Jeff Hurd,586
Pitkin,Representative to the 120th United States Congress - District 3 - REP (Pitkin),Ron Hanks,232
Pitkin,Governor - REP,Barb Kirkmeyer,368
Pitkin,Governor - REP,Victor Marx,255
Pitkin,Governor - REP,Scott Bottoms,169
Pitkin,Governor - REP,"Kelvin ""K-Man"" Wimberly",0
Pitkin,Secretary of State - REP,James Wiley,657
Pitkin,State Treasurer - REP,Kevin Grantham,655
Pitkin,Attorney General - REP,Michael J. Allen,445
Pitkin,Attorney General - REP,David Willson,276
Pitkin,State Board of Education Member - Congressional District 3 - REP,Sherri M Wright,636
Pitkin,State Representative - District 57 - REP,Russ Andrews,684
Pitkin,Governor - UNI,Jeff Peckman,2
Pitkin,Governor - UNI,Paul Noel Fiorino,1
Pitkin,Pitkin County Commissioner - District 1,John Doyle,1930
Pitkin,Pitkin County Commissioner - District 1,Rob Ittner,1854
Pitkin,Pitkin County Commissioner - District 1,Torre,965
Prowers,United States Senator - DEM,John Hickenlooper,368
Prowers,United States Senator - DEM,Julie Gonzales,215
Prowers,Representative to the 120th United States Congress - District 4 - DEM,Eileen Laubacher,466
Prowers,Representative to the 120th United States Congress - District 4 - DEM,Jenna Preston,1
Prowers,Governor - DEM,Michael Bennet,360
Prowers,Governor - DEM,Phil Weiser,225
Prowers,Secretary of State - DEM,Amanda Gonzalez,345
Prowers,Secretary of State - DEM,Jessie Danielson,191
Prowers,State Treasurer - DEM,Jeff Bridges,463
Prowers,Attorney General - DEM (Prowers),Jena Griswold,333
Prowers,Attorney General - DEM (Prowers),Michael Dougherty,99
Prowers,Attorney General - DEM (Prowers),David Seligman,72
Prowers,Attorney General - DEM (Prowers),Hetal Doshi,62
Prowers,State Senator - District 35 - DEM,Duane L Gurule,465
Prowers,State Representative - District 47 - DEM,Vic Meyers,467
Prowers,Secretary of State - LBR,Sean Vadney,2
Prowers,Secretary of State - LBR,Alex Astley,0
Prowers,United States Senator - REP,Mark Baisley,1275
Prowers,Representative to the 120th United States Congress - District 4 - REP,Lauren Boebert,1346
Prowers,Governor - REP,Victor Marx,870
Prowers,Governor - REP,Barb Kirkmeyer,484
Prowers,Governor - REP,Scott Bottoms,299
Prowers,Governor - REP,"Kelvin ""K-Man"" Wimberly",1
Prowers,Secretary of State - REP,James Wiley,1347
Prowers,State Treasurer - REP,Kevin Grantham,1340
Prowers,Attorney General - REP (Prowers),Michael J. Allen,843
Prowers,Attorney General - REP (Prowers),David Willson,569
Prowers,State Senator - District 35 - REP,Rod Pelton,1412
Prowers,State Representative - District 47 - REP,Ty Winter,1442
Prowers,Prowers County Commissioner - District 2 - REP,Ron Cook,1349
Prowers,Prowers County Clerk and Recorder - REP,Jana Coen,1467
Prowers,Prowers County Treasurer - REP,Abbie Campbell,1431
Prowers,Prowers County Assessor - REP,Wylee Wollert,1422
Prowers,Prowers County Sheriff - REP,Samuel C. Zordel,1347
Prowers,Prowers County Coroner - REP,Anthony Letteer,1306
Prowers,Governor - UNI,Paul Noel Fiorino,0
Prowers,Governor - UNI,Jeff Peckman,0
Pueblo,United States Senator - DEM,John Hickenlooper,13399
Pueblo,United States Senator - DEM,Julie Gonzales,9483
Pueblo,Representative to the 120th United States Congress - District 3 - DEM,Dwayne L. Romero,13279
Pueblo,Representative to the 120th United States Congress - District 3 - DEM,Alex Kelloff,8458
Pueblo,Governor - DEM,Michael Bennet,13952
Pueblo,Governor - DEM,Phil Weiser,8760
Pueblo,Secretary of State - DEM,Amanda Gonzalez,14768
Pueblo,Secretary of State - DEM,Jessie Danielson,6782
Pueblo,State Treasurer - DEM,Jeff Bridges,19151
Pueblo,Attorney General - DEM,Jena Griswold,14872
Pueblo,Attorney General - DEM,Michael Dougherty,2898
Pueblo,Attorney General - DEM,David Seligman,2573
Pueblo,Attorney General - DEM,Hetal Doshi,2074
Pueblo,State Board of Education Member - Congressional District 3 - DEM,Barb Clementi,19335
Pueblo,State Senator - District 3 - DEM,Aaron Gutierrez,12445
Pueblo,State Senator - District 3 - DEM,Taylor Voss,9740
Pueblo,State Representative - District 46 - DEM,Tisha Mauro,11521
Pueblo,State Representative - District 47 - DEM,Vic Meyers,2281
Pueblo,State Representative - District 60 - DEM,Kathryn Kester Green,1337
Pueblo,State Representative - District 62 - DEM,Matthew Martinez,4426
Pueblo,Pueblo County Commissioner - District 3 - DEM,Angela Giron,19621
Pueblo,Pueblo County Clerk and Recorder - DEM,Candace Rivera,20294
Pueblo,Pueblo County Treasurer - DEM,Kim Archuletta,20119
Pueblo,Pueblo County Assessor - DEM,Naseem Zubi,19040
Pueblo,Pueblo County Sheriff - DEM,Allen Medina,11930
Pueblo,Pueblo County Sheriff - DEM,David J. Lucero,10500
Pueblo,Pueblo County Surveyor - DEM,Randy Reeves,19676
Pueblo,Pueblo County Coroner - DEM,Zolanye McCulley-Bachicha,20185
Pueblo,Secretary of State - LBR,Alex Astley,63
Pueblo,Secretary of State - LBR,Sean Vadney,17
Pueblo,United States Senator - REP,Mark Baisley,13275
Pueblo,Representative to the 120th United States Congress - District 3 - REP,Jeff Hurd,10482
Pueblo,Representative to the 120th United States Congress - District 3 - REP,Ron Hanks,4660
Pueblo,Governor - REP,Victor Marx,8196
Pueblo,Governor - REP,Barb Kirkmeyer,3813
Pueblo,Governor - REP,Scott Bottoms,3183
Pueblo,Governor - REP,"Kelvin ""K-Man"" Wimberly",1
Pueblo,Secretary of State - REP,James Wiley,13407
Pueblo,State Treasurer - REP,Kevin Grantham,13337
Pueblo,Attorney General - REP (Pueblo),Michael J. Allen,8670
Pueblo,Attorney General - REP (Pueblo),David Willson,5675
Pueblo,State Board of Education Member - Congressional District 3 - REP,Sherri M Wright,13283
Pueblo,State Senator - District 3 - REP,Dana Charles,13424
Pueblo,State Representative - District 46 - REP,Jonathan Post,6917
Pueblo,State Representative - District 47 - REP,Ty Winter,2833
Pueblo,State Representative - District 60 - REP,Michelle Gray,1455
Pueblo,State Representative - District 60 - REP,Matt Alexander,869
Pueblo,State Representative - District 62 - REP,Steven Rodriguez,1451
Pueblo,State Representative - District 62 - REP,Evans Gonzalez,1
Pueblo,Pueblo County Commissioner - District 3 - REP,Zach Swearingen,13679
Pueblo,Pueblo County Clerk and Recorder - REP,Mary Vieth,13210
Pueblo,Pueblo County Treasurer - REP,Jonathan Ambler,13291
Pueblo,Pueblo County Assessor - REP,Tammi Pando,13298
Pueblo,Pueblo County Coroner - REP,Gregory Grahek,13416
Pueblo,Governor - UNI,Paul Noel Fiorino,5
Pueblo,Governor - UNI,Jeff Peckman,4
Rio Blanco,United States Senator - DEM,John Hickenlooper,95
Rio Blanco,United States Senator - DEM,Julie Gonzales,56
Rio Blanco,Representative to the 120th United States Congress - District 3 - DEM,Alex Kelloff,77
Rio Blanco,Representative to the 120th United States Congress - District 3 - DEM,Dwayne L. Romero,60
Rio Blanco,Governor - DEM,Michael Bennet,92
Rio Blanco,Governor - DEM,Phil Weiser,57
Rio Blanco,Secretary of State - DEM,Amanda Gonzalez,79
Rio Blanco,Secretary of State - DEM,Jessie Danielson,56
Rio Blanco,State Treasurer - DEM,Jeff Bridges,118
Rio Blanco,Attorney General - DEM,Jena Griswold,66
Rio Blanco,Attorney General - DEM,Michael Dougherty,33
Rio Blanco,Attorney General - DEM,Hetal Doshi,22
Rio Blanco,Attorney General - DEM,David Seligman,21
Rio Blanco,State Board of Education Member - Congressional District 3 - DEM,Barb Clementi,117
Rio Blanco,State Senator - District 8 - DEM,Dylan Roberts,120
Rio Blanco,State Representative - District 26 - DEM,Meghan Lukens,125
Rio Blanco,Secretary of State - LBR,Alex Astley,3
Rio Blanco,Secretary of State - LBR,Sean Vadney,2
Rio Blanco,United States Senator - REP,Mark Baisley,1461
Rio Blanco,Representative to the 120th United States Congress - District 3 - REP,Jeff Hurd,1335
Rio Blanco,Representative to the 120th United States Congress - District 3 - REP,Ron Hanks,578
Rio Blanco,Governor - REP,Victor Marx,923
Rio Blanco,Governor - REP,Barb Kirkmeyer,587
Rio Blanco,Governor - REP,Scott Bottoms,417
Rio Blanco,Governor - REP,"Kelvin ""K-Man"" Wimberly",1
Rio Blanco,Secretary of State - REP,James Wiley,1469
Rio Blanco,State Treasurer - REP,Kevin Grantham,1453
Rio Blanco,Attorney General - REP,Michael J. Allen,918
Rio Blanco,Attorney General - REP,David Willson,638
Rio Blanco,State Board of Education Member - Congressional District 3 - REP,Sherri M Wright,1405
Rio Blanco,State Senator - District 8 - REP,Corey Marshall,1410
Rio Blanco,State Representative - District 26 - REP,James Kellogg,1406
Rio Blanco,Rio Blanco County Commissioner District 1 - REP,Travis Day,1275
Rio Blanco,Rio Blanco County Commissioner District 1 - REP,Richard Ford,797
Rio Blanco,Rio Blanco County Clerk and Recorder - REP,Shawn M Luce,1720
Rio Blanco,Rio Blanco County Treasurer - REP,Rebecca Balboa,1600
Rio Blanco,Rio Blanco County Sheriff - REP,Travis Mobley,1796
Rio Blanco,Rio Blanco County Sheriff - REP,Jim D Amick,333
Rio Blanco,Rio Blanco County Surveyor - REP,Jonathan Leif Joy,1715
Rio Blanco,Rio Blanco County Coroner - REP,Laura L. Smith,1671
Rio Blanco,Governor - UNI,Jeff Peckman,0
Rio Blanco,Governor - UNI,Paul Noel Fiorino,0
Rio Grande,United States Senator - DEM,John Hickenlooper,732
Rio Grande,United States Senator - DEM,Julie Gonzales,490
Rio Grande,Representative to the 120th United States Congress - District 3 - DEM,Dwayne L. Romero,606
Rio Grande,Representative to the 120th United States Congress - District 3 - DEM,Alex Kelloff,549
Rio Grande,Governor - DEM,Michael Bennet,666
Rio Grande,Governor - DEM,Phil Weiser,546
Rio Grande,Secretary of State - DEM,Amanda Gonzalez,805
Rio Grande,Secretary of State - DEM,Jessie Danielson,349
Rio Grande,State Treasurer - DEM,Jeff Bridges,973
Rio Grande,Attorney General - DEM (Rio Grande),Jena Griswold,625
Rio Grande,Attorney General - DEM (Rio Grande),Michael Dougherty,267
Rio Grande,Attorney General - DEM (Rio Grande),Hetal Doshi,159
Rio Grande,Attorney General - DEM (Rio Grande),David Seligman,137
Rio Grande,State Board of Education Member - Congressional District 3 - DEM,Barb Clementi,978
Rio Grande,State Representative - District 62 - DEM,Matthew Martinez,1060
Rio Grande,Rio Grande County Sheriff - DEM,Gilbert Eloy Atencio,897
Rio Grande,Secretary of State - LBR,Alex Astley,1
Rio Grande,Secretary of State - LBR,Sean Vadney,0
Rio Grande,United States Senator - REP,Mark Baisley,1552
Rio Grande,Representative to the 120th United States Congress - District 3 - REP,Jeff Hurd,1194
Rio Grande,Representative to the 120th United States Congress - District 3 - REP,Ron Hanks,636
Rio Grande,Governor - REP,Barb Kirkmeyer,679
Rio Grande,Governor - REP,Victor Marx,665
Rio Grande,Governor - REP,Scott Bottoms,474
Rio Grande,Governor - REP,"Kelvin ""K-Man"" Wimberly",0
Rio Grande,Secretary of State - REP,James Wiley,1551
Rio Grande,State Treasurer - REP,Kevin Grantham,1581
Rio Grande,Attorney General - REP,Michael J. Allen,881
Rio Grande,Attorney General - REP,David Willson,729
Rio Grande,State Board of Education Member - Congressional District 3 - REP,Sherri M Wright,1535
Rio Grande,State Representative - District 62 - REP,Steven Rodriguez,1504
Rio Grande,State Representative - District 62 - REP,Evans Gonzalez,12
Rio Grande,Rio Grande County Commissioner District 2 - REP,Tyler Ratzlaff,1076
Rio Grande,Rio Grande County Commissioner District 2 - REP,Kurt Holland,754
Rio Grande,Rio Grande County Clerk and Recorder - REP,Cindy Hill,1642
Rio Grande,Rio Grande County Assessor - REP,J. J. Mondragon,1656
Rio Grande,Rio Grande County Sheriff - REP,Anne M. Robinson,1290
Rio Grande,Rio Grande County Sheriff - REP,Patrick Martinez,557
Rio Grande,Rio Grande County Coroner - REP,Stephen Hunzeker,1654
Rio Grande,Governor - UNI,Paul Noel Fiorino,0
Rio Grande,Governor - UNI,Jeff Peckman,0
Routt,United States Senator - DEM,John Hickenlooper,3138
Routt,United States Senator - DEM,Julie Gonzales,1450
Routt,Representative to the 120th United States Congress - District 2 - DEM,Joe Neguse,3901
Routt,Governor - DEM,Michael Bennet,2663
Routt,Governor - DEM,Phil Weiser,1918
Routt,Secretary of State - DEM,Amanda Gonzalez,2133
Routt,Secretary of State - DEM,Jessie Danielson,1678
Routt,State Treasurer - DEM,Jeff Bridges,3344
Routt,Attorney General - DEM,Jena Griswold,2299
Routt,Attorney General - DEM,Michael Dougherty,736
Routt,Attorney General - DEM,Hetal Doshi,654
Routt,Attorney General - DEM,David Seligman,645
Routt,Regent of the University of Colorado - Congressional District 2 - DEM (Routt),Edie Hooton,1255
Routt,Regent of the University of Colorado - Congressional District 2 - DEM (Routt),Murray Smith,948
Routt,Regent of the University of Colorado - Congressional District 2 - DEM (Routt),Kubs Lalchandani,778
Routt,State Senator - District 8 - DEM,Dylan Roberts,4015
Routt,State Representative - District 26 - DEM,Meghan Lukens,4100
Routt,Routt County Commissioner - District 3 - DEM,Sonja Macys,3786
Routt,Routt County Sheriff - DEM,Doug Scherar,3232
Routt,Secretary of State - LBR,Alex Astley,12
Routt,Secretary of State - LBR,Sean Vadney,3
Routt,United States Senator - REP,Mark Baisley,1270
Routt,Representative to the 120th United States Congress - District 2 - REP,Kelley Anne Dennison,872
Routt,Representative to the 120th United States Congress - District 2 - REP,Christina Blunt (Ducommun),527
Routt,Governor - REP,Barb Kirkmeyer,635
Routt,Governor - REP,Victor Marx,562
Routt,Governor - REP,Scott Bottoms,401
Routt,Governor - REP,"Kelvin ""K-Man"" Wimberly",2
Routt,Secretary of State - REP,James Wiley,1270
Routt,State Treasurer - REP,Kevin Grantham,1264
Routt,Attorney General - REP (Routt),Michael J. Allen,854
Routt,Attorney General - REP (Routt),David Willson,580
Routt,Regent of the University of Colorado - Congressional District 2 - REP,Marty Neilson,1204
Routt,State Senator - District 8 - REP,Corey Marshall,1249
Routt,State Representative - District 26 - REP,James Kellogg,1243
Routt,Governor - UNI,Paul Noel Fiorino,1
Routt,Governor - UNI,Jeff Peckman,0
Saguache,United States Senator - DEM,John Hickenlooper,531
Saguache,United States Senator - DEM,Julie Gonzales,496
Saguache,Representative to the 120th United States Congress - District 3 - DEM,Alex Kelloff,524
Saguache,Representative to the 120th United States Congress - District 3 - DEM,Dwayne L. Romero,397
Saguache,Governor - DEM,Phil Weiser,579
Saguache,Governor - DEM,Michael Bennet,432
Saguache,Secretary of State - DEM (Saguache),Amanda Gonzalez,618
Saguache,Secretary of State - DEM (Saguache),Jessie Danielson,329
Saguache,State Treasurer - DEM,Jeff Bridges,761
Saguache,Attorney General - DEM,Jena Griswold,420
Saguache,Attorney General - DEM,Michael Dougherty,362
Saguache,Attorney General - DEM,Hetal Doshi,109
Saguache,Attorney General - DEM,David Seligman,98
Saguache,State Board of Education Member - Congressional District 3 - DEM,Barb Clementi,760
Saguache,State Representative - District 62 - DEM,Matthew Martinez,821
Saguache,Saguache County Commissioner District 3 - DEM,Liza Marron,741
Saguache,Saguache County Commissioner District 3 - DEM,Tim N. Lovato,277
Saguache,Saguache County Assessor - DEM,Peter Peterson,738
Saguache,Secretary of State - LBR,Alex Astley,3
Saguache,Secretary of State - LBR,Sean Vadney,1
Saguache,United States Senator - REP,Mark Baisley,461
Saguache,Representative to the 120th United States Congress - District 3 - REP (Saguache),Jeff Hurd,360
Saguache,Representative to the 120th United States Congress - District 3 - REP (Saguache),Ron Hanks,209
Saguache,Governor - REP,Victor Marx,247
Saguache,Governor - REP,Barb Kirkmeyer,171
Saguache,Governor - REP,Scott Bottoms,161
Saguache,Governor - REP,"Kelvin ""K-Man"" Wimberly",0
Saguache,Secretary of State - REP,James Wiley,481
Saguache,State Treasurer - REP,Kevin Grantham,474
Saguache,Attorney General - REP,Michael J. Allen,255
Saguache,Attorney General - REP,David Willson,242
Saguache,State Board of Education Member - Congressional District 3 - REP,Sherri M Wright,466
Saguache,State Representative - District 62 - REP,Steven Rodriguez,452
Saguache,State Representative - District 62 - REP,Evans Gonzalez,0
Saguache,Saguache County Commissioner District 3 - REP,Jeff Phillips,493
Saguache,Saguache County Clerk and Recorder - REP,Trish Gilbert,511
Saguache,Saguache County Treasurer - REP,Regina Swartz,505
Saguache,Saguache County Sheriff - REP,Dan Warwick,494
Saguache,Saguache County Coroner - REP,Tania Sanchez,475
Saguache,Governor - UNI,Jeff Peckman,1
Saguache,Governor - UNI,Paul Noel Fiorino,0
San Miguel,United States Senator - DEM,John Hickenlooper,910
San Miguel,United States Senator - DEM,Julie Gonzales,630
San Miguel,Representative to the 120th United States Congress - District 3 - DEM (San Miguel),Alex Kelloff,739
San Miguel,Representative to the 120th United States Congress - District 3 - DEM (San Miguel),Dwayne L. Romero,589
San Miguel,Governor - DEM,Michael Bennet,785
San Miguel,Governor - DEM,Phil Weiser,738
San Miguel,Secretary of State - DEM,Amanda Gonzalez,832
San Miguel,Secretary of State - DEM,Jessie Danielson,482
San Miguel,State Treasurer - DEM,Jeff Bridges,1094
San Miguel,Attorney General - DEM,Jena Griswold,792
San Miguel,Attorney General - DEM,Michael Dougherty,249
San Miguel,Attorney General - DEM,Hetal Doshi,233
San Miguel,Attorney General - DEM,David Seligman,178
San Miguel,State Board of Education Member - Congressional District 3 - DEM,Barb Clementi,1066
San Miguel,State Representative - District 58 - DEM,Susannah Smith,1053
San Miguel,San Miguel County Commissioner District 2 - DEM,Paul Reich,1148
San Miguel,San Miguel County Clerk and Recorder - DEM,Michael Wyszynski,1265
San Miguel,San Miguel County Treasurer - DEM,Brandi R. Hatfield,1118
San Miguel,San Miguel County Sheriff - DEM,Lane Keith Masters,1071
San Miguel,San Miguel County Surveyor - DEM,J. David Foley,1178
San Miguel,San Miguel County Coroner - DEM,Emil Sante,1240
San Miguel,Secretary of State - LBR,Alex Astley,4
San Miguel,Secretary of State - LBR,Sean Vadney,2
San Miguel,United States Senator - REP,Mark Baisley,249
San Miguel,Representative to the 120th United States Congress - District 3 - REP (San Miguel),Jeff Hurd,231
San Miguel,Representative to the 120th United States Congress - District 3 - REP (San Miguel),Ron Hanks,121
San Miguel,Governor - REP,Barb Kirkmeyer,120
San Miguel,Governor - REP,Scott Bottoms,118
San Miguel,Governor - REP,Victor Marx,113
San Miguel,Governor - REP,"Kelvin ""K-Man"" Wimberly",0
San Miguel,Secretary of State - REP,James Wiley,271
San Miguel,State Treasurer - REP,Kevin Grantham,263
San Miguel,Attorney General - REP,Michael J. Allen,163
San Miguel,Attorney General - REP,David Willson,142
San Miguel,State Board of Education Member - Congressional District 3 - REP,Sherri M Wright,258
San Miguel,State Representative - District 58 - REP,Larry Don Suckla,289
San Miguel,Governor - UNI,Jeff Peckman,2
San Miguel,Governor - UNI,Paul Noel Fiorino,0
San Miguel,Town of Telluride Town Council,Marya Stark,476
San Miguel,Town of Telluride Town Council,Charles Dalton,332
San Miguel,Town of Telluride Town Council,Chris Uihlein,308
Sedgwick,United States Senator - DEM,John Hickenlooper,78
Sedgwick,United States Senator - DEM,Julie Gonzales,46
Sedgwick,Representative to the 120th United States Congress - District 4 - DEM,Eileen Laubacher,101
Sedgwick,Representative to the 120th United States Congress - District 4 - DEM,Jenna Preston,0
Sedgwick,Governor - DEM,Michael Bennet,67
Sedgwick,Governor - DEM,Phil Weiser,56
Sedgwick,Secretary of State - DEM,Amanda Gonzalez,74
Sedgwick,Secretary of State - DEM,Jessie Danielson,33
Sedgwick,State Treasurer - DEM,Jeff Bridges,89
Sedgwick,Attorney General - DEM,Jena Griswold,62
Sedgwick,Attorney General - DEM,Michael Dougherty,31
Sedgwick,Attorney General - DEM,Hetal Doshi,18
Sedgwick,Attorney General - DEM,David Seligman,9
Sedgwick,State Senator - District 1 - DEM,Jamie Jeffery,91
Sedgwick,Secretary of State - LBR,Sean Vadney,1
Sedgwick,Secretary of State - LBR,Alex Astley,0
Sedgwick,United States Senator - REP,Mark Baisley,482
Sedgwick,Representative to the 120th United States Congress - District 4 - REP,Lauren Boebert,507
Sedgwick,Governor - REP,Scott Bottoms,199
Sedgwick,Governor - REP,Barb Kirkmeyer,196
Sedgwick,Governor - REP,Victor Marx,193
Sedgwick,Governor - REP,"Kelvin ""K-Man"" Wimberly",1
Sedgwick,Secretary of State - REP,James Wiley,480
Sedgwick,State Treasurer - REP,Kevin Grantham,479
Sedgwick,Attorney General - REP (Sedgwick),Michael J. Allen,301
Sedgwick,Attorney General - REP (Sedgwick),David Willson,186
Sedgwick,State Senator - District 1 - REP,Byron Pelton,495
Sedgwick,State Representative - District 63 - REP,Dusty Johnson,506
Sedgwick,Sedgwick County Commissioner - District 1 - REP,Randy R Renquist,475
Sedgwick,Sedgwick County Treasurer - REP,Lori L Ehmke,595
Sedgwick,Sedgwick County Assessor - REP,Elmer Ruder,528
Sedgwick,Sedgwick County Sheriff - REP,Koby Quayle,489
Sedgwick,Sedgwick County Sheriff - REP,Kim Zion,176
Sedgwick,Sedgwick County Coroner - REP,Tasha L Harris,558
Sedgwick,Governor - UNI,Paul Noel Fiorino,0
Sedgwick,Governor - UNI,Jeff Peckman,0
Summit,United States Senator - DEM,John Hickenlooper,3347
Summit,United States Senator - DEM,Julie Gonzales,1858
Summit,Representative to the 120th United States Congress - District 2 - DEM,Joe Neguse,4463
Summit,Governor - DEM,Michael Bennet,2878
Summit,Governor - DEM,Phil Weiser,2298
Summit,Secretary of State - DEM (Summit),Amanda Gonzalez,2478
Summit,Secretary of State - DEM (Summit),Jessie Danielson,1842
Summit,State Treasurer - DEM,Jeff Bridges,3728
Summit,Attorney General - DEM,Jena Griswold,2313
Summit,Attorney General - DEM,Michael Dougherty,1123
Summit,Attorney General - DEM,Hetal Doshi,778
Summit,Attorney General - DEM,David Seligman,667
Summit,Regent of the University of Colorado - Congressional District 2 - DEM,Edie Hooton,1417
Summit,Regent of the University of Colorado - Congressional District 2 - DEM,Murray Smith,1177
Summit,Regent of the University of Colorado - Congressional District 2 - DEM,Kubs Lalchandani,850
Summit,State Senator - District 8 - DEM,Dylan Roberts,3929
Summit,State Representative - District 13 - DEM,Consuelo Redhorse,2358
Summit,State Representative - District 13 - DEM,Chris Floyd,2353
Summit,Summit County Commissioner - District 1 - DEM,Eric Mamula,3967
Summit,Summit County Clerk and Recorder - DEM,Taryn Power,3912
Summit,Summit County Treasurer - DEM,Jacqueline Kosel,3682
Summit,Summit County Assessor - DEM,Lisa M. Eurich,3710
Summit,Summit County Sheriff - DEM,Jaime FitzSimons,3716
Summit,Summit County Coroner - DEM,Amber Flenniken,3821
Summit,Secretary of State - LBR,Alex Astley,17
Summit,Secretary of State - LBR,Sean Vadney,5
Summit,United States Senator - REP,Mark Baisley,1199
Summit,Representative to the 120th United States Congress - District 2 - REP,Kelley Anne Dennison,670
Summit,Representative to the 120th United States Congress - District 2 - REP,Christina Blunt (Ducommun),559
Summit,Governor - REP,Barb Kirkmeyer,696
Summit,Governor - REP,Victor Marx,430
Summit,Governor - REP,Scott Bottoms,311
Summit,Governor - REP,"Kelvin ""K-Man"" Wimberly",0
Summit,Secretary of State - REP,James Wiley,1160
Summit,State Treasurer - REP,Kevin Grantham,1165
Summit,Attorney General - REP (Summit),Michael J. Allen,797
Summit,Attorney General - REP (Summit),David Willson,463
Summit,Regent of the University of Colorado - Congressional District 2 - REP,Marty Neilson,1125
Summit,State Senator - District 8 - REP,Corey Marshall,1141
Summit,State Representative - District 13 - REP,Miguel Martinez,1125
Summit,Summit County Commissioner - District 1 - REP,Lori Cutunilli,1174
Summit,Governor - UNI,Jeff Peckman,1
Summit,Governor - UNI,Paul Noel Fiorino,0
Teller,United States Senator - DEM,John Hickenlooper,1678
Teller,United States Senator - DEM,Julie Gonzales,1112
Teller,Representative to the 120th United States Congress - District 7 - DEM,Brittany Pettersen,2355
Teller,Governor - DEM,Michael Bennet,1492
Teller,Governor - DEM,Phil Weiser,1291
Teller,Secretary of State - DEM (Teller),Amanda Gonzalez,1601
Teller,Secretary of State - DEM (Teller),Jessie Danielson,939
Teller,State Treasurer - DEM,Jeff Bridges,2246
Teller,Attorney General - DEM,Jena Griswold,1771
Teller,Attorney General - DEM,Michael Dougherty,361
Teller,Attorney General - DEM,David Seligman,296
Teller,Attorney General - DEM,Hetal Doshi,294
Teller,State Board of Education Member - Congressional District 7 - DEM,Karla Esser,2232
Teller,Regent of the University of Colorado - Congressional District 7 - DEM,Nolbert Chavez,2203
Teller,State Senator - District 4 - DEM,Justin Kurth,2223
Teller,State Representative - District 18 - DEM,Amy T Paschal,3
Teller,State Representative - District 60 - DEM,Kathryn Kester Green,2213
Teller,Teller County Commissioner District 2 - DEM,Dennis Luttrell,2274
Teller,United States Senator - REP,Mark Baisley,4392
Teller,Representative to the 120th United States Congress - District 7 - REP,Tim Bennett,4198
Teller,Governor - REP (Teller),Victor Marx,2343
Teller,Governor - REP (Teller),Barb Kirkmeyer,1504
Teller,Governor - REP (Teller),Scott Bottoms,1234
Teller,Governor - REP (Teller),"Kelvin ""K-Man"" Wimberly",0
Teller,Secretary of State - REP,James Wiley,4348
Teller,State Treasurer - REP,Kevin Grantham,4339
Teller,Attorney General - REP,Michael J. Allen,3045
Teller,Attorney General - REP,David Willson,1691
Teller,State Board of Education Member - Congressional District 7 - REP,Steve Barton,4196
Teller,Regent of the University of Colorado - Congressional District 7 - REP,Paul Mueller,2680
Teller,Regent of the University of Colorado - Congressional District 7 - REP,Joan Poston,1564
Teller,State Senator - District 4 - REP,Teddy Collins,4269
Teller,State Representative - District 18 - REP,Adriana Cuva,5
Teller,State Representative - District 60 - REP,Michelle Gray,2464
Teller,State Representative - District 60 - REP,Matt Alexander,2335
Teller,Teller County Commissioner District 2 - REP,Carl E Andersen,4198
Teller,Teller County Clerk and Recorder - REP,Stephanie Kees,4206
Teller,Teller County Treasurer - REP,Krystal Brown,4247
Teller,Teller County Assessor - REP,Kurt Schoenberger,4160
Teller,Teller County Sheriff - REP,Kevin Tedesco,4266
Teller,Teller County Coroner - REP,Stephen Tomsky,4171
Teller,Secretary of State - LBR,Alex Astley,15
Teller,Secretary of State - LBR,Sean Vadney,14
Teller,Governor - UNI,Paul Noel Fiorino,1
Teller,Governor - UNI,Jeff Peckman,0
Washington,United States Senator - DEM,John Hickenlooper,118
Washington,United States Senator - DEM,Julie Gonzales,55
Washington,Representative to the 120th United States Congress - District 4 - DEM,Eileen Laubacher,135
Washington,Representative to the 120th United States Congress - District 4 - DEM,Jenna Preston,1
Washington,Governor - DEM,Michael Bennet,102
Washington,Governor - DEM,Phil Weiser,67
Washington,Secretary of State - DEM,Amanda Gonzalez,102
Washington,Secretary of State - DEM,Jessie Danielson,52
Washington,State Treasurer - DEM,Jeff Bridges,129
Washington,Attorney General - DEM,Jena Griswold,93
Washington,Attorney General - DEM,Michael Dougherty,31
Washington,Attorney General - DEM,David Seligman,24
Washington,Attorney General - DEM,Hetal Doshi,16
Washington,State Senator - District 1 - DEM,Jamie Jeffery,132
Washington,Secretary of State - LBR,Alex Astley,3
Washington,Secretary of State - LBR,Sean Vadney,0
Washington,United States Senator - REP,Mark Baisley,1205
Washington,Representative to the 120th United States Congress - District 4 - REP,Lauren Boebert,1224
Washington,Governor - REP,Barb Kirkmeyer,617
Washington,Governor - REP,Victor Marx,602
Washington,Governor - REP,Scott Bottoms,288
Washington,Governor - REP,"Kelvin ""K-Man"" Wimberly",0
Washington,Secretary of State - REP,James Wiley,1235
Washington,State Treasurer - REP,Kevin Grantham,1247
Washington,Attorney General - REP,Michael J. Allen,815
Washington,Attorney General - REP,David Willson,429
Washington,State Senator - District 1 - REP,Byron Pelton,1306
Washington,State Representative - District 63 - REP,Dusty Johnson,1310
Washington,Washington County Commissioner - District 1 - REP,Richard Alonso Holtorf,1004
Washington,Washington County Commissioner - District 1 - REP,Gisele Jefferson,558
Washington,Washington County Clerk and Recorder - REP,Annie Kuntz,1340
Washington,Washington County Treasurer - REP,Michelle Swan,1358
Washington,Washington County Assessor - REP,Hali Thompson,1288
Washington,Washington County Sheriff - REP,Robbie Furrow,1284
Washington,Washington County Coroner - REP,Dallas Bowin,1344
Washington,Governor - UNI,Paul Noel Fiorino,0
Washington,Governor - UNI,Jeff Peckman,0
Weld,United States Senator - DEM,John Hickenlooper,17362
Weld,United States Senator - DEM,Julie Gonzales,14257
Weld,Representative to the 120th United States Congress - District 2 - DEM,Joe Neguse,3683
Weld,Representative to the 120th United States Congress - District 4 - DEM,Eileen Laubacher,4573
Weld,Representative to the 120th United States Congress - District 4 - DEM,Jenna Preston,36
Weld,Representative to the 120th United States Congress - District 7 - DEM,Brittany Pettersen,0
Weld,Representative to the 120th United States Congress - District 8 - DEM,Manny Rutinel,13097
Weld,Representative to the 120th United States Congress - District 8 - DEM,Shannon Bird,6991
Weld,Representative to the 120th United States Congress - District 8 - DEM,Evan Munsing,1028
Weld,Governor - DEM,Phil Weiser,16093
Weld,Governor - DEM,Michael Bennet,15311
Weld,Secretary of State - DEM,Amanda Gonzalez,18838
Weld,Secretary of State - DEM,Jessie Danielson,10501
Weld,State Treasurer - DEM,Jeff Bridges,25125
Weld,Attorney General - DEM,Jena Griswold,14806
Weld,Attorney General - DEM,Michael Dougherty,5906
Weld,Attorney General - DEM,David Seligman,5389
Weld,Attorney General - DEM,Hetal Doshi,4746
Weld,State Board of Education Member - Congressional District 7 - DEM,Karla Esser,0
Weld,Regent of the University of Colorado - Congressional District 2 - DEM,Edie Hooton,1403
Weld,Regent of the University of Colorado - Congressional District 2 - DEM,Murray Smith,1109
Weld,Regent of the University of Colorado - Congressional District 2 - DEM,Kubs Lalchandani,993
Weld,Regent of the University of Colorado - Congressional District 7 - DEM,Nolbert Chavez,0
Weld,State Senator - District 1 - DEM,Jamie Jeffery,6211
Weld,State Senator - District 17 - DEM,Katie Wallace,3271
Weld,State Senator - District 25 - DEM,William Lindstedt,0
Weld,State Representative - District 19 - DEM (Weld),Jillaire McMillan,4443
Weld,State Representative - District 19 - DEM (Weld),Anil Pesaramelli,2782
Weld,State Representative - District 19 - DEM (Weld),Colton Jonjak Plahn,1565
Weld,State Representative - District 33 - DEM,Kenny Van Nguyen,0
Weld,State Representative - District 33 - DEM,Heidi Henkel,0
Weld,State Representative - District 48 - DEM,Dez Packard,2343
Weld,State Representative - District 50 - DEM,Tommy Butler,4316
Weld,State Representative - District 64 - DEM,Maureen (Mo) Dower,6457
Weld,Secretary of State - LBR,Alex Astley,114
Weld,Secretary of State - LBR,Sean Vadney,81
Weld,United States Senator - REP,Mark Baisley,32053
Weld,Representative to the 120th United States Congress - District 2 - REP,Kelley Anne Dennison,992
Weld,Representative to the 120th United States Congress - District 2 - REP,Christina Blunt (Ducommun),842
Weld,Representative to the 120th United States Congress - District 4 - REP,Lauren Boebert,9243
Weld,Representative to the 120th United States Congress - District 7 - REP,Tim Bennett,0
Weld,Representative to the 120th United States Congress - District 8 - REP,Gabe Evans,21951
Weld,Governor - REP,Barb Kirkmeyer,18139
Weld,Governor - REP,Victor Marx,13518
Weld,Governor - REP,Scott Bottoms,5509
Weld,Governor - REP,"Kelvin ""K-Man"" Wimberly",2
Weld,Secretary of State - REP,James Wiley,32062
Weld,State Treasurer - REP,Kevin Grantham,32236
Weld,Attorney General - REP (Weld),Michael J. Allen,19435
Weld,Attorney General - REP (Weld),David Willson,14222
Weld,State Board of Education Member - Congressional District 7 - REP,Steve Barton,0
Weld,Regent of the University of Colorado - Congressional District 2 - REP,Marty Neilson,1671
Weld,Regent of the University of Colorado - Congressional District 7 - REP,Joan Poston,0
Weld,Regent of the University of Colorado - Congressional District 7 - REP,Paul Mueller,0
Weld,State Senator - District 1 - REP,Byron Pelton,12359
Weld,State Senator - District 17 - REP,Pat Miller,1572
Weld,State Senator - District 25 - REP,Rich Guggenheim,0
Weld,State Representative - District 19 - REP,Dan Woog,5912
Weld,State Representative - District 33 - REP,Nate Jorgensen,0
Weld,State Representative - District 48 - REP,Carlos Barron,4208
Weld,State Representative - District 50 - REP,Ryan Gonzalez,3319
Weld,State Representative - District 63 - REP,Dusty Johnson,2963
Weld,State Representative - District 64 - REP,Scott L. Slaugh,9124
Weld,State Representative - District 65 - REP,Lori Garcia Sander,6336
Weld,Weld County Commissioner - At-Large - REP,Steve Reams,33114
Weld,Weld County Commissioner - District 2 - REP,Scott James,11228
Weld,Weld County Clerk and Recorder - REP,Rudy Santos,32106
Weld,Weld County Assessor - REP,Jason A Marini,32000
Weld,Weld County Sheriff - REP,Matt Turner,32695
Weld,Governor - UNI,Paul Noel Fiorino,9
Weld,Governor - UNI,Jeff Peckman,7
Yuma,United States Senator - DEM,John Hickenlooper,231
Yuma,United States Senator - DEM,Julie Gonzales,97
Yuma,Representative to the 120th United States Congress - District 4 - DEM,Eileen Laubacher,257
Yuma,Representative to the 120th United States Congress - District 4 - DEM,Jenna Preston,1
Yuma,Governor - DEM,Michael Bennet,206
Yuma,Governor - DEM,Phil Weiser,131
Yuma,Secretary of State - DEM,Amanda Gonzalez,168
Yuma,Secretary of State - DEM,Jessie Danielson,112
Yuma,State Treasurer - DEM,Jeff Bridges,254
Yuma,Attorney General - DEM,Jena Griswold,189
Yuma,Attorney General - DEM,Michael Dougherty,73
Yuma,Attorney General - DEM,David Seligman,38
Yuma,Attorney General - DEM,Hetal Doshi,23
Yuma,State Senator - District 1 - DEM,Jamie Jeffery,254
Yuma,Secretary of State - LBR,Sean Vadney,0
Yuma,Secretary of State - LBR,Alex Astley,0
Yuma,United States Senator - REP,Mark Baisley,1942
Yuma,Representative to the 120th United States Congress - District 4 - REP,Lauren Boebert,1982
Yuma,Governor - REP,Victor Marx,1080
Yuma,Governor - REP,Barb Kirkmeyer,870
Yuma,Governor - REP,Scott Bottoms,363
Yuma,Governor - REP,"Kelvin ""K-Man"" Wimberly",0
Yuma,Secretary of State - REP,James Wiley,1968
Yuma,State Treasurer - REP,Kevin Grantham,1961
Yuma,Attorney General - REP (Yuma),Michael J. Allen,1156
Yuma,Attorney General - REP (Yuma),David Willson,789
Yuma,State Senator - District 1 - REP,Byron Pelton,2001
Yuma,State Representative - District 63 - REP,Dusty Johnson,1996
Yuma,Yuma County Commissioner - District 1 - REP,Cliff Leonhardt,1747
Yuma,Yuma County Clerk and Recorder - REP,Haleigh Studer,1295
Yuma,Yuma County Clerk and Recorder - REP,Sara Vance,1140
Yuma,Yuma County Treasurer - REP,Chrystal Hammond,2098
Yuma,Yuma County Assessor - REP,Kaci Scholes,2021
Yuma,Yuma County Sheriff - REP,Larry D. Gilliland,1630
Yuma,Yuma County Sheriff - REP,Matthew W. Hardesty,842
Yuma,Yuma County Coroner - REP,Javan Jones,2197
Yuma,Governor - UNI,Paul Noel Fiorino,0
Yuma,Governor - UNI,Jeff Peckman,0
