CountyName,ContestName,ContestChoices
Adams,United States Senator - DEM,"John Hickenlooper,Julie Gonzales"
Adams,Representative to the 120th United States Congress - District 4 - DEM,"Jenna Preston,Eileen Laubacher,Write-in"
Adams,Governor - DEM,"Michael Bennet,Phil Weiser"
Adams,Secretary of State - DEM,"Jessie Danielson,Amanda Gonzalez"
Adams,State Treasurer - DEM,Jeff Bridges
Adams,Attorney General - DEM,"Hetal Doshi,Michael Dougherty,David Seligman,Jena Griswold"
Adams,Adams County Commissioner - District 3 - DEM,Emma Pinter
Adams,Adams County Commissioner - District 4 - DEM,"Karen DeAguero,Tyler Quick"
Adams,Adams County Clerk and Recorder - DEM,Josh Zygielbaum
Adams,Adams County Treasurer - DEM,Jason Anaya-Ledeboer
Adams,Adams County Assessor - DEM,Thomas Swingle
Adams,Adams County Sheriff - DEM,Gene R. Claps
Adams,Adams County Coroner - DEM,Monica Broncucia-Jordan
Adams,United States Senator - REP,Mark Baisley
Adams,Representative to the 120th United States Congress - District 4 - REP,Lauren Boebert
Adams,Governor - REP,"Kelvin ""K-Man"" Wimberly,Barb Kirkmeyer,Victor Marx,Scott Bottoms"
Adams,Secretary of State - REP,James Wiley
Adams,State Treasurer - REP,Kevin Grantham
Adams,Attorney General - REP (Adams),"David Willson,Michael J. Allen"
Adams,State Representative - District 56 - REP,Chris Richardson
Adams,Adams County Commissioner - District 4 - REP,Joseph P Domenico
Adams,Adams County Clerk and Recorder - REP,Karen Hoopes
Adams,Adams County Sheriff - REP,Mark Goodell
Adams,Secretary of State - LBR,"Alex Astley,Sean Vadney"
Adams,Governor - UNI,"Jeff Peckman,Paul Noel Fiorino"
Adams,State Representative - District 36 - DEM,Michael Carter
Adams,State Representative - District 36 - REP,Paul E. Nelson
Adams,State Senator - District 21 - DEM (Adams),"Alex Ryckman,Adrienne Benavidez"
Adams,State Senator - District 21 - REP,Frederick Alfred Jr
Adams,Representative to the 120th United States Congress - District 6 - DEM,Jason Crow
Adams,Regent of the University of Colorado - Congressional District 6 - DEM,Ilana Spiegel
Adams,Representative to the 120th United States Congress - District 6 - REP,Mel Tewahade
Adams,Regent of the University of Colorado - Congressional District 6 - REP,Veanessa Burbage
Adams,Representative to the 120th United States Congress - District 8 - DEM,"Shannon Bird,Evan Munsing,Manny Rutinel"
Adams,State Senator - District 25 - DEM,William Lindstedt
Adams,State Representative - District 34 - DEM,Jenny Willford
Adams,Representative to the 120th United States Congress - District 8 - REP,Gabe Evans
Adams,State Senator - District 25 - REP,Rich Guggenheim
Adams,State Representative - District 34 - REP,Craig Sullivan
Adams,State Representative - District 33 - DEM,"Kenny Van Nguyen,Heidi Henkel"
Adams,State Representative - District 33 - REP,Nate Jorgensen
Adams,State Representative - District 29 - DEM,Lori Goldstein
Adams,State Representative - District 29 - REP,Kristine Ireland
Adams,State Representative - District 35 - DEM,Lorena Garcia
Adams,State Senator - District 24 - DEM,Kyle Mullica
Adams,State Representative - District 31 - DEM,"Gabriel Cervantes,Jacqueline ""Jacque"" Phillips"
Adams,State Senator - District 24 - REP,Kevin Allen
Adams,State Representative - District 31 - REP,Ray Roll
Adams,State Representative - District 48 - DEM,Dez Packard
Adams,State Representative - District 48 - REP,Carlos Barron
Adams,State Representative - District 32 - DEM,Chris VanDijk
Adams,State Representative - District 32 - REP,"Damon L Scordo,Michelle D. Lee"
Adams,Representative to the 120th United States Congress - District 7 - DEM,Brittany Pettersen
Adams,State Board of Education Member - Congressional District 7 - DEM,Karla Esser
Adams,Regent of the University of Colorado - Congressional District 7 - DEM,Nolbert Chavez
Adams,State Representative - District 24 - DEM,Lisa Feret
Adams,Representative to the 120th United States Congress - District 7 - REP,Tim Bennett
Adams,State Board of Education Member - Congressional District 7 - REP,Steve Barton
Adams,Regent of the University of Colorado - Congressional District 7 - REP,"Paul Mueller,Joan Poston"
Adams,State Representative - District 24 - REP,Kristopher Johnson
Alamosa,United States Senator - DEM,"John Hickenlooper,Julie Gonzales"
Alamosa,Representative to the 120th United States Congress - District 3 - DEM,"Dwayne L. Romero,Alex Kelloff"
Alamosa,Governor - DEM,"Michael Bennet,Phil Weiser"
Alamosa,Secretary of State - DEM,"Jessie Danielson,Amanda Gonzalez"
Alamosa,State Treasurer - DEM,Jeff Bridges
Alamosa,Attorney General - DEM,"Hetal Doshi,Michael Dougherty,David Seligman,Jena Griswold"
Alamosa,State Board of Education Member - Congressional District 3 - DEM,Barb Clementi
Alamosa,State Representative - District 62 - DEM,Matthew Martinez
Alamosa,Alamosa County Commissioner - District 2 - DEM,Sherry Perdue
Alamosa,Alamosa County Assessor - DEM,"Adam Lauer,Jason Duncan"
Alamosa,Alamosa County Sheriff - DEM,Robert Jackson
Alamosa,Secretary of State - LBR,"Alex Astley,Sean Vadney"
Alamosa,United States Senator - REP,Mark Baisley
Alamosa,Representative to the 120th United States Congress - District 3 - REP,"Jeff Hurd,Ron Hanks"
Alamosa,Governor - REP,"Kelvin ""K-Man"" Wimberly,Barb Kirkmeyer,Victor Marx,Scott Bottoms"
Alamosa,Secretary of State - REP,James Wiley
Alamosa,State Treasurer - REP,Kevin Grantham
Alamosa,Attorney General - REP (Alamosa),"David Willson,Michael J. Allen"
Alamosa,State Board of Education Member - Congressional District 3 - REP,Sherri M Wright
Alamosa,State Representative - District 62 - REP,"Evans Gonzalez,Steven Rodriguez"
Alamosa,Alamosa County Commissioner - District 2 - REP,Arlan Van Ry
Alamosa,Alamosa County Clerk and Recorder - REP,"Jamie Greeman,Tina Espinoza"
Alamosa,Alamosa County Treasurer - REP,Amy McKinley
Alamosa,Alamosa County Surveyor - REP,Anthony James Martin
Alamosa,Alamosa County Coroner - REP,Joseph Dzuris
Alamosa,Governor - UNI,"Jeff Peckman,Paul Noel Fiorino"
Arapahoe,United States Senator - DEM,"John Hickenlooper,Julie Gonzales"
Arapahoe,Representative to the 120th United States Congress - District 1 - DEM,"Wanda James,Diana DeGette,Melat Kiros"
Arapahoe,Governor - DEM,"Michael Bennet,Phil Weiser"
Arapahoe,Secretary of State - DEM,"Jessie Danielson,Amanda Gonzalez"
Arapahoe,State Treasurer - DEM,Jeff Bridges
Arapahoe,Attorney General - DEM,"Hetal Doshi,Michael Dougherty,David Seligman,Jena Griswold"
Arapahoe,State Board of Education Member - Congressional District 1 - DEM,Lisa Escarcega
Arapahoe,State Senator - District 32 - DEM,Emily Sirota
Arapahoe,State Representative - District 9 - DEM,"Neal Walia,Monica VanBuskirk"
Arapahoe,Arapahoe County Clerk and Recorder - DEM,Joan Lopez
Arapahoe,Arapahoe County Treasurer - DEM,Michael Westerberg
Arapahoe,Arapahoe County Assessor - DEM,PK Kaiser
Arapahoe,Arapahoe County Sheriff - DEM,Tyler Scott Brown
Arapahoe,Arapahoe County Coroner - DEM,Casey Bitting
Arapahoe,Secretary of State - LBR,"Alex Astley,Sean Vadney"
Arapahoe,United States Senator - REP,Mark Baisley
Arapahoe,Representative to the 120th United States Congress - District 1 - REP,Christy Peterson
Arapahoe,Governor - REP,"Kelvin ""K-Man"" Wimberly,Barb Kirkmeyer,Victor Marx,Scott Bottoms"
Arapahoe,Secretary of State - REP,James Wiley
Arapahoe,State Treasurer - REP,Kevin Grantham
Arapahoe,Attorney General - REP (Arapahoe),"David Willson,Michael J. Allen"
Arapahoe,State Board of Education Member - Congressional District 1 - REP,Frederick Espinoza
Arapahoe,State Senator - District 32 - REP,Sydnnia Wulff
Arapahoe,State Representative - District 9 - REP,Tom Cowhick
Arapahoe,Arapahoe County Clerk and Recorder - REP,Annette Budd
Arapahoe,Arapahoe County Assessor - REP,Jesse Lind
Arapahoe,Arapahoe County Sheriff - REP,Kevin Scott Edling
Arapahoe,Governor - UNI,"Jeff Peckman,Paul Noel Fiorino"
Arapahoe,Arapahoe County Commissioner - District 4 - DEM,"Maya Wheeler,Leslie Summey"
Arapahoe,Arapahoe County Commissioner - District 4 - REP,"Sonda ""Sunny"" Banka"
Arapahoe,Representative to the 120th United States Congress - District 4 - DEM,"Jenna Preston,Eileen Laubacher,Write-in"
Arapahoe,State Senator - District 21 - DEM,"Alex Ryckman,Adrienne Benavidez"
Arapahoe,Representative to the 120th United States Congress - District 4 - REP,Lauren Boebert
Arapahoe,State Senator - District 21 - REP,Frederick Alfred Jr
Arapahoe,State Representative - District 56 - REP,Chris Richardson
Arapahoe,State Senator - District 27 - DEM,Tom Sullivan
Arapahoe,State Representative - District 40 - DEM,Naquetta Ricks
Arapahoe,State Senator - District 27 - REP,"Darryl Gibbs,Danielle Lammon"
Arapahoe,State Representative - District 40 - REP,Clinton Porter
Arapahoe,State Representative - District 61 - DEM,Eliza Hamrick
Arapahoe,State Representative - District 61 - REP,Scott Shamblin
Arapahoe,State Representative - District 36 - DEM,Michael Carter
Arapahoe,State Representative - District 36 - REP,Paul E. Nelson
Arapahoe,Representative to the 120th United States Congress - District 6 - DEM,Jason Crow
Arapahoe,Regent of the University of Colorado - Congressional District 6 - DEM,Ilana Spiegel
Arapahoe,State Representative - District 37 - DEM,Chad Clifford
Arapahoe,Representative to the 120th United States Congress - District 6 - REP,Mel Tewahade
Arapahoe,Regent of the University of Colorado - Congressional District 6 - REP,Veanessa Burbage
Arapahoe,State Representative - District 37 - REP,Jill Thompson
Arapahoe,Arapahoe County Commissioner - District 2 - DEM,"Angela Garland,Jessica Campbell"
Arapahoe,Arapahoe County Commissioner - District 2 - REP,Carl Schuldies
Arapahoe,State Representative - District 38 - DEM,Gretchen Rydin
Arapahoe,State Representative - District 3 - DEM,Gena Ozols
Arapahoe,State Representative - District 3 - REP,Rebecca Winegar
Arapahoe,State Representative - District 42 - DEM,"Sarah Amelia Woodson,Mandy Lindsay"
Arapahoe,State Senator - District 29 - DEM,Iman M. Jodeh
Arapahoe,State Senator - District 29 - REP,Robert McKenna
Arapahoe,State Representative - District 41 - DEM,"Anne Keke,Jamie Jackson"
Archuleta,United States Senator - DEM,"John Hickenlooper,Julie Gonzales"
Archuleta,Representative to the 120th United States Congress - District 3 - DEM,"Dwayne L. Romero,Alex Kelloff"
Archuleta,Governor - DEM,"Michael Bennet,Phil Weiser"
Archuleta,Secretary of State - DEM,"Jessie Danielson,Amanda Gonzalez"
Archuleta,State Treasurer - DEM,Jeff Bridges
Archuleta,Attorney General - DEM (Archuleta),"Hetal Doshi,Michael Dougherty,David Seligman,Jena Griswold"
Archuleta,State Board of Education Member - Congressional District 3 - DEM,Barb Clementi
Archuleta,State Representative - District 59 - DEM,Katie Stewart
Archuleta,Secretary of State - LBR,"Alex Astley,Sean Vadney"
Archuleta,United States Senator - REP,Mark Baisley
Archuleta,Representative to the 120th United States Congress - District 3 - REP,"Jeff Hurd,Ron Hanks"
Archuleta,Governor - REP,"Kelvin ""K-Man"" Wimberly,Barb Kirkmeyer,Victor Marx,Scott Bottoms"
Archuleta,Secretary of State - REP,James Wiley
Archuleta,State Treasurer - REP,Kevin Grantham
Archuleta,Attorney General - REP,"David Willson,Michael J. Allen"
Archuleta,State Board of Education Member - Congressional District 3 - REP,Sherri M Wright
Archuleta,State Representative - District 59 - REP,Naomi Riess
Archuleta,Archuleta County Commissioner - District 3 - REP,"Randy Betts,Veronica Medina"
Archuleta,Archuleta County Clerk and Recorder - REP,Kristy Archuleta
Archuleta,Archuleta County Treasurer - REP,Elsa P. White
Archuleta,Archuleta County Assessor - REP,Johanna Tully-Elliott
Archuleta,Archuleta County Sheriff - REP,Mike Le Roux
Archuleta,Archuleta County Coroner - REP,Brad Hunt
Archuleta,Governor - UNI,"Jeff Peckman,Paul Noel Fiorino"
Baca,United States Senator - DEM,"John Hickenlooper,Julie Gonzales"
Baca,Representative to the 120th United States Congress - District 4 - DEM,"Jenna Preston,Eileen Laubacher,Write-in"
Baca,Governor - DEM,"Michael Bennet,Phil Weiser"
Baca,Secretary of State - DEM,"Jessie Danielson,Amanda Gonzalez"
Baca,State Treasurer - DEM,Jeff Bridges
Baca,Attorney General - DEM,"Hetal Doshi,Michael Dougherty,David Seligman,Jena Griswold"
Baca,State Senator - District 35 - DEM,Duane L Gurule
Baca,State Representative - District 47 - DEM,Vic Meyers
Baca,Baca County Clerk and Recorder - DEM,Sharon Dubois
Baca,Secretary of State - LBR,"Alex Astley,Sean Vadney"
Baca,United States Senator - REP,Mark Baisley
Baca,Representative to the 120th United States Congress - District 4 - REP,Lauren Boebert
Baca,Governor - REP,"Kelvin ""K-Man"" Wimberly,Barb Kirkmeyer,Victor Marx,Scott Bottoms"
Baca,Secretary of State - REP,James Wiley
Baca,State Treasurer - REP,Kevin Grantham
Baca,Attorney General - REP,"David Willson,Michael J. Allen"
Baca,State Senator - District 35 - REP,Rod Pelton
Baca,State Representative - District 47 - REP,Ty Winter
Baca,Baca County Commissioner - District 2 - REP,"Tyson Chick,Jason T Franklin,Anthony LeBlanc"
Baca,Baca County Treasurer - REP,Jozy Stegman
Baca,Baca County Assessor - REP,Crista D. Figgins
Baca,Baca County Sheriff - REP,Aaron Mack Shiplett
Baca,Baca County Coroner - REP,Everett Brisendine
Baca,Governor - UNI,"Jeff Peckman,Paul Noel Fiorino"
Bent,United States Senator - DEM,"John Hickenlooper,Julie Gonzales"
Bent,Representative to the 120th United States Congress - District 4 - DEM,"Jenna Preston,Eileen Laubacher,Write-in"
Bent,Governor - DEM (Bent),"Michael Bennet,Phil Weiser"
Bent,Secretary of State - DEM,"Jessie Danielson,Amanda Gonzalez"
Bent,State Treasurer - DEM,Jeff Bridges
Bent,Attorney General - DEM,"Hetal Doshi,Michael Dougherty,David Seligman,Jena Griswold"
Bent,State Senator - District 35 - DEM,Duane L Gurule
Bent,State Representative - District 47 - DEM,Vic Meyers
Bent,Secretary of State - LBR,"Alex Astley,Sean Vadney"
Bent,United States Senator - REP,Mark Baisley
Bent,Representative to the 120th United States Congress - District 4 - REP,Lauren Boebert
Bent,Governor - REP,"Kelvin ""K-Man"" Wimberly,Barb Kirkmeyer,Victor Marx,Scott Bottoms"
Bent,Secretary of State - REP,James Wiley
Bent,State Treasurer - REP,Kevin Grantham
Bent,Attorney General - REP (Bent),"David Willson,Michael J. Allen"
Bent,State Senator - District 35 - REP,Rod Pelton
Bent,State Representative - District 47 - REP,Ty Winter
Bent,Bent County Commissioner - District 2 - REP,C J Gallegos
Bent,Bent County Clerk and Recorder - REP,Anne Boswell
Bent,Bent County Treasurer - REP,Jennifer M. Godfrey
Bent,Bent County Sheriff - REP,Jake R. Six
Bent,Bent County Coroner - REP,Jason E. Nichols
Bent,Governor - UNI,"Jeff Peckman,Paul Noel Fiorino"
Boulder,United States Senator - DEM,"John Hickenlooper,Julie Gonzales"
Boulder,Representative to the 120th United States Congress - District 2 - DEM,Joe Neguse
Boulder,Governor - DEM,"Michael Bennet,Phil Weiser"
Boulder,Secretary of State - DEM,"Jessie Danielson,Amanda Gonzalez"
Boulder,State Treasurer - DEM,Jeff Bridges
Boulder,Attorney General - DEM (Boulder),"Hetal Doshi,Michael Dougherty,David Seligman,Jena Griswold"
Boulder,Regent of the University of Colorado - Congressional District 2 - DEM,"Murray Smith,Edie Hooton,Kubs Lalchandani"
Boulder,State Senator - District 15 - DEM,Janice Marchman
Boulder,State Representative - District 11 - DEM,Karen McCormick
Boulder,Boulder County Commissioner - District 3 - DEM,Ashley Stolzmann
Boulder,Boulder County Clerk and Recorder - DEM,Molly Fitzpatrick
Boulder,Boulder County Treasurer - DEM,"Rachel Friend,Jenn Kaaoush"
Boulder,Boulder County Assessor - DEM,Cynthia Braddock
Boulder,Boulder County Sheriff - DEM,Curtis Johnson
Boulder,Boulder County Surveyor - DEM,Kayce D. W. Keane
Boulder,Boulder County Coroner - DEM,Jeff Martin
Boulder,Secretary of State - LBR,"Alex Astley,Sean Vadney"
Boulder,United States Senator - REP,Mark Baisley
Boulder,Representative to the 120th United States Congress - District 2 - REP (Boulder),"Christina Blunt (Ducommun),Kelley Anne Dennison"
Boulder,Governor - REP,"Kelvin ""K-Man"" Wimberly,Barb Kirkmeyer,Victor Marx,Scott Bottoms"
Boulder,Secretary of State - REP,James Wiley
Boulder,State Treasurer - REP,Kevin Grantham
Boulder,Attorney General - REP,"David Willson,Michael J. Allen"
Boulder,Regent of the University of Colorado - Congressional District 2 - REP,Marty Neilson
Boulder,State Senator - District 15 - REP,Rob Woodward
Boulder,Governor - UNI,"Jeff Peckman,Paul Noel Fiorino"
Boulder,State Representative - District 12 - DEM,Kyle Brown
Boulder,State Representative - District 12 - REP,Ryan Rhatigan
Boulder,State Representative - District 19 - DEM,"Colton Jonjak Plahn,Jillaire McMillan,Anil Pesaramelli"
Boulder,State Representative - District 19 - REP,Dan Woog
Boulder,State Representative - District 49 - DEM,Lesley Smith
Boulder,State Representative - District 49 - REP,Michael Sheperek
Boulder,State Senator - District 17 - DEM,Katie Wallace
Boulder,State Senator - District 17 - REP,Pat Miller
Boulder,State Representative - District 10 - DEM,Junie Joseph
Broomfield,United States Senator - DEM,"John Hickenlooper,Julie Gonzales"
Broomfield,Representative to the 120th United States Congress - District 7 - DEM,Brittany Pettersen
Broomfield,Governor - DEM,"Michael Bennet,Phil Weiser"
Broomfield,Secretary of State - DEM,"Jessie Danielson,Amanda Gonzalez"
Broomfield,State Treasurer - DEM,Jeff Bridges
Broomfield,Attorney General - DEM,"Hetal Doshi,Michael Dougherty,David Seligman,Jena Griswold"
Broomfield,State Board of Education Member - Congressional District 7 - DEM,Karla Esser
Broomfield,Regent of the University of Colorado - Congressional District 7 - DEM,Nolbert Chavez
Broomfield,State Senator - District 25 - DEM,William Lindstedt
Broomfield,State Representative - District 33 - DEM (Broomfield),"Kenny Van Nguyen,Heidi Henkel"
Broomfield,Secretary of State - LBR,"Alex Astley,Sean Vadney"
Broomfield,United States Senator - REP,Mark Baisley
Broomfield,Representative to the 120th United States Congress - District 7 - REP,Tim Bennett
Broomfield,Governor - REP,"Kelvin ""K-Man"" Wimberly,Barb Kirkmeyer,Victor Marx,Scott Bottoms"
Broomfield,Secretary of State - REP,James Wiley
Broomfield,State Treasurer - REP,Kevin Grantham
Broomfield,Attorney General - REP (Broomfield),"David Willson,Michael J. Allen"
Broomfield,State Board of Education Member - Congressional District 7 - REP,Steve Barton
Broomfield,Regent of the University of Colorado - Congressional District 7 - REP,"Paul Mueller,Joan Poston"
Broomfield,State Senator - District 25 - REP,Rich Guggenheim
Broomfield,State Representative - District 33 - REP,Nate Jorgensen
Broomfield,Governor - UNI,"Jeff Peckman,Paul Noel Fiorino"
Chaffee,United States Senator - DEM,"John Hickenlooper,Julie Gonzales"
Chaffee,Representative to the 120th United States Congress - District 7 - DEM,Brittany Pettersen
Chaffee,Governor - DEM,"Michael Bennet,Phil Weiser"
Chaffee,Secretary of State - DEM (Chaffee),"Jessie Danielson,Amanda Gonzalez"
Chaffee,State Treasurer - DEM,Jeff Bridges
Chaffee,Attorney General - DEM,"Hetal Doshi,Michael Dougherty,David Seligman,Jena Griswold"
Chaffee,State Board of Education Member - Congressional District 7 - DEM,Karla Esser
Chaffee,Regent of the University of Colorado - Congressional District 7 - DEM,Nolbert Chavez
Chaffee,State Senator - District 4 - DEM,Justin Kurth
Chaffee,State Representative - District 60 - DEM,Kathryn Kester Green
Chaffee,Chaffee County Commissioner - District 3 - DEM,PT Wood
Chaffee,Chaffee County Clerk and Recorder - DEM,Sophia Gibb
Chaffee,Chaffee County Treasurer - DEM,Jolene Ellis
Chaffee,Chaffee County Coroner - DEM,Jeff Graf
Chaffee,Secretary of State - LBR,"Alex Astley,Sean Vadney"
Chaffee,United States Senator - REP,Mark Baisley
Chaffee,Representative to the 120th United States Congress - District 7 - REP,Tim Bennett
Chaffee,Governor - REP,"Kelvin ""K-Man"" Wimberly,Barb Kirkmeyer,Victor Marx,Scott Bottoms"
Chaffee,Secretary of State - REP,James Wiley
Chaffee,State Treasurer - REP,Kevin Grantham
Chaffee,Attorney General - REP,"David Willson,Michael J. Allen"
Chaffee,State Board of Education Member - Congressional District 7 - REP,Steve Barton
Chaffee,Regent of the University of Colorado - Congressional District 7 - REP (Chaffee),"Paul Mueller,Joan Poston"
Chaffee,State Senator - District 4 - REP,Teddy Collins
Chaffee,State Representative - District 60 - REP,"Matt Alexander,Michelle Gray"
Chaffee,Chaffee County Commissioner - District 3 - REP,Toby Taylor
Chaffee,Governor - UNI,"Jeff Peckman,Paul Noel Fiorino"
Chaffee,State Representative - District 13 - DEM,"Consuelo Redhorse,Chris Floyd"
Chaffee,State Representative - District 13 - REP,Miguel Martinez
Cheyenne,United States Senator - DEM,"John Hickenlooper,Julie Gonzales"
Cheyenne,Representative to the 120th United States Congress - District 4 - DEM,"Jenna Preston,Eileen Laubacher,Write-in"
Cheyenne,Governor - DEM,"Michael Bennet,Phil Weiser"
Cheyenne,Secretary of State - DEM,"Jessie Danielson,Amanda Gonzalez"
Cheyenne,State Treasurer - DEM,Jeff Bridges
Cheyenne,Attorney General - DEM,"Hetal Doshi,Michael Dougherty,David Seligman,Jena Griswold"
Cheyenne,State Senator - District 35 - DEM,Duane L Gurule
Cheyenne,Secretary of State - LBR,"Alex Astley,Sean Vadney"
Cheyenne,United States Senator - REP,Mark Baisley
Cheyenne,Representative to the 120th United States Congress - District 4 - REP,Lauren Boebert
Cheyenne,Governor - REP (Cheyenne),"Kelvin ""K-Man"" Wimberly,Barb Kirkmeyer,Victor Marx,Scott Bottoms"
Cheyenne,Secretary of State - REP,James Wiley
Cheyenne,State Treasurer - REP,Kevin Grantham
Cheyenne,Attorney General - REP,"David Willson,Michael J. Allen"
Cheyenne,State Senator - District 35 - REP,Rod Pelton
Cheyenne,State Representative - District 56 - REP,Chris Richardson
Cheyenne,Cheyenne County Commissioner - District 2 - REP,"Sam Mitchek,Ronald R Smith"
Cheyenne,Cheyenne County Clerk and Recorder - REP,Allison Brown
Cheyenne,Cheyenne County Treasurer - REP,Gaila Mitchek
Cheyenne,Cheyenne County Assessor - REP,Lacey Welsh
Cheyenne,Cheyenne County Sheriff - REP,Joseph Conner
Cheyenne,Governor - UNI,"Jeff Peckman,Paul Noel Fiorino"
Clear Creek,United States Senator - DEM,"John Hickenlooper,Julie Gonzales"
Clear Creek,Representative to the 120th United States Congress - District 2 - DEM,Joe Neguse
Clear Creek,Governor - DEM,"Michael Bennet,Phil Weiser"
Clear Creek,Secretary of State - DEM (Clear Creek),"Jessie Danielson,Amanda Gonzalez"
Clear Creek,State Treasurer - DEM,Jeff Bridges
Clear Creek,Attorney General - DEM,"Hetal Doshi,Michael Dougherty,David Seligman,Jena Griswold"
Clear Creek,Regent of the University of Colorado - Congressional District 2 - DEM,"Murray Smith,Edie Hooton,Kubs Lalchandani"
Clear Creek,State Senator - District 8 - DEM,Dylan Roberts
Clear Creek,State Representative - District 49 - DEM,Lesley Smith
Clear Creek,Clear Creek County Commissioner - District 1 - DEM,Chris Gould
Clear Creek,Clear Creek County Clerk and Recorder - DEM,Lisa Manifold
Clear Creek,Clear Creek County Treasurer - DEM,"Keith Vieweg, Jr"
Clear Creek,Secretary of State - LBR,"Alex Astley,Sean Vadney"
Clear Creek,United States Senator - REP,Mark Baisley
Clear Creek,Representative to the 120th United States Congress - District 2 - REP (Clear Creek),"Christina Blunt (Ducommun),Kelley Anne Dennison"
Clear Creek,Governor - REP,"Kelvin ""K-Man"" Wimberly,Barb Kirkmeyer,Victor Marx,Scott Bottoms"
Clear Creek,Secretary of State - REP,James Wiley
Clear Creek,State Treasurer - REP,Kevin Grantham
Clear Creek,Attorney General - REP,"David Willson,Michael J. Allen"
Clear Creek,Regent of the University of Colorado - Congressional District 2 - REP,Marty Neilson
Clear Creek,State Senator - District 8 - REP,Corey Marshall
Clear Creek,State Representative - District 49 - REP,Michael Sheperek
Clear Creek,Clear Creek County Assessor - REP,Donna Gee
Clear Creek,Clear Creek County Sheriff - REP,Ron Thornton
Clear Creek,Clear Creek County Coroner - REP,Chris Hegmann
Clear Creek,Governor - UNI,"Jeff Peckman,Paul Noel Fiorino"
Conejos,United States Senator - DEM,"John Hickenlooper,Julie Gonzales"
Conejos,Representative to the 120th United States Congress - District 3 - DEM,"Dwayne L. Romero,Alex Kelloff"
Conejos,Governor - DEM (Conejos),"Michael Bennet,Phil Weiser"
Conejos,Secretary of State - DEM,"Jessie Danielson,Amanda Gonzalez"
Conejos,State Treasurer - DEM,Jeff Bridges
Conejos,Attorney General - DEM,"Hetal Doshi,Michael Dougherty,David Seligman,Jena Griswold"
Conejos,State Board of Education Member - Congressional District 3 - DEM,Barb Clementi
Conejos,State Representative - District 62 - DEM,Matthew Martinez
Conejos,Conejos County Commissioner District 2 - DEM,Randy Perea
Conejos,Conejos County Clerk and Recorder - DEM,Nathan Ruybal 
Conejos,Conejos County Treasurer - DEM,"Cathy Flores,Donald E. Valdez"
Conejos,Conejos County Assessor - DEM,Naomi Martinez-Keys 
Conejos,Conejos County Sheriff - DEM,Matthew Montoya 
Conejos,Secretary of State - LBR,"Alex Astley,Sean Vadney"
Conejos,United States Senator - REP,Mark Baisley
Conejos,Representative to the 120th United States Congress - District 3 - REP,"Jeff Hurd,Ron Hanks"
Conejos,Governor - REP,"Kelvin ""K-Man"" Wimberly,Barb Kirkmeyer,Victor Marx,Scott Bottoms"
Conejos,Secretary of State - REP,James Wiley
Conejos,State Treasurer - REP,Kevin Grantham
Conejos,Attorney General - REP,"David Willson,Michael J. Allen"
Conejos,State Board of Education Member - Congressional District 3 - REP,Sherri M Wright
Conejos,State Representative - District 62 - REP,"Evans Gonzalez,Steven Rodriguez"
Conejos,Conejos County Commissioner District 2 - REP,"Colton Sutherland ,Mitchell Jarvies"
Conejos,Conejos County Sheriff - REP,Garth Crowther 
Conejos,Conejos County Surveyor - REP,Toby Crowther 
Conejos,Conejos County Coroner - REP,"Richard A. Martin,Ashley Crowther "
Conejos,Governor - UNI,"Jeff Peckman,Paul Noel Fiorino"
Costilla,United States Senator - DEM,"John Hickenlooper,Julie Gonzales"
Costilla,Representative to the 120th United States Congress - District 3 - DEM,"Dwayne L. Romero,Alex Kelloff"
Costilla,Governor - DEM,"Michael Bennet,Phil Weiser"
Costilla,Secretary of State - DEM,"Jessie Danielson,Amanda Gonzalez"
Costilla,State Treasurer - DEM,Jeff Bridges
Costilla,Attorney General - DEM,"Hetal Doshi,Michael Dougherty,David Seligman,Jena Griswold"
Costilla,State Board of Education Member - Congressional District 3 - DEM,Barb Clementi
Costilla,State Representative - District 62 - DEM,Matthew Martinez
Costilla,Costilla County Commissioner District 2 - DEM,"Patrick Maestas,Lorraine A. ""Lorrie"" Quintana,Patrick Roybal"
Costilla,Costilla County Clerk and Recorder - DEM,Adelia Romero
Costilla,Costilla County Treasurer - DEM,Michael Ray Vigil
Costilla,Costilla County Assessor - DEM,"Angelina M. Espinoza,Pamela Vigil"
Costilla,Costilla County Sheriff - DEM,"Cruz Soto ,Jason Maestas"
Costilla,Costilla County Coroner - DEM,Sherri Vigil
Costilla,Secretary of State - LBR,"Alex Astley,Sean Vadney"
Costilla,United States Senator - REP,Mark Baisley
Costilla,Representative to the 120th United States Congress - District 3 - REP (Costilla),"Jeff Hurd,Ron Hanks"
Costilla,Governor - REP,"Kelvin ""K-Man"" Wimberly,Barb Kirkmeyer,Victor Marx,Scott Bottoms"
Costilla,Secretary of State - REP,James Wiley
Costilla,State Treasurer - REP,Kevin Grantham
Costilla,Attorney General - REP,"David Willson,Michael J. Allen"
Costilla,State Board of Education Member - Congressional District 3 - REP,Sherri M Wright
Costilla,State Representative - District 62 - REP,"Evans Gonzalez,Steven Rodriguez"
Costilla,Costilla County Assessor - REP,Gary Myco
Costilla,Costilla County Sheriff - REP,"Joe Smith,Kirk Taylor"
Costilla,Governor - UNI,"Jeff Peckman,Paul Noel Fiorino"
Crowley,United States Senator - DEM,"John Hickenlooper,Julie Gonzales"
Crowley,Representative to the 120th United States Congress - District 4 - DEM,"Jenna Preston,Eileen Laubacher,Write-in"
Crowley,Governor - DEM,"Michael Bennet,Phil Weiser"
Crowley,Secretary of State - DEM,"Jessie Danielson,Amanda Gonzalez"
Crowley,State Treasurer - DEM,Jeff Bridges
Crowley,Attorney General - DEM (Crowley),"Hetal Doshi,Michael Dougherty,David Seligman,Jena Griswold"
Crowley,State Senator - District 35 - DEM,Duane L Gurule
Crowley,State Representative - District 47 - DEM,Vic Meyers
Crowley,Secretary of State - LBR,"Alex Astley,Sean Vadney"
Crowley,United States Senator - REP,Mark Baisley
Crowley,Representative to the 120th United States Congress - District 4 - REP,Lauren Boebert
Crowley,Governor - REP (Crowley),"Kelvin ""K-Man"" Wimberly,Barb Kirkmeyer,Victor Marx,Scott Bottoms"
Crowley,Secretary of State - REP,James Wiley
Crowley,State Treasurer - REP,Kevin Grantham
Crowley,Attorney General - REP,"David Willson,Michael J. Allen"
Crowley,State Senator - District 35 - REP,Rod Pelton
Crowley,State Representative - District 47 - REP,Ty Winter
Crowley,Crowley County Commissioner - District 1 - REP,Roy Elliott
Crowley,Crowley County Clerk and Recorder - REP,"Melinda ""Mindy"" Carter"
Crowley,Crowley County Treasurer - REP,Holly McCuistion
Crowley,Crowley County Assessor - REP,Doug England
Crowley,Crowley County Sheriff - REP,Jonathan Mazzella
Crowley,Governor - UNI,"Jeff Peckman,Paul Noel Fiorino"
Custer,United States Senator - DEM,"John Hickenlooper,Julie Gonzales"
Custer,Representative to the 120th United States Congress - District 7 - DEM,Brittany Pettersen
Custer,Governor - DEM,"Michael Bennet,Phil Weiser"
Custer,Secretary of State - DEM,"Jessie Danielson,Amanda Gonzalez"
Custer,State Treasurer - DEM,Jeff Bridges
Custer,Attorney General - DEM (Custer),"Hetal Doshi,Michael Dougherty,David Seligman,Jena Griswold"
Custer,State Board of Education Member - Congressional District 7 - DEM,Karla Esser
Custer,Regent of the University of Colorado - Congressional District 7 - DEM,Nolbert Chavez
Custer,State Senator - District 4 - DEM,Justin Kurth
Custer,State Representative - District 60 - DEM,Kathryn Kester Green
Custer,Secretary of State - LBR,"Alex Astley,Sean Vadney"
Custer,United States Senator - REP,Mark Baisley
Custer,Representative to the 120th United States Congress - District 7 - REP,Tim Bennett
Custer,Governor - REP,"Kelvin ""K-Man"" Wimberly,Barb Kirkmeyer,Victor Marx,Scott Bottoms"
Custer,Secretary of State - REP,James Wiley
Custer,State Treasurer - REP,Kevin Grantham
Custer,Attorney General - REP,"David Willson,Michael J. Allen"
Custer,State Board of Education Member - Congressional District 7 - REP,Steve Barton
Custer,Regent of the University of Colorado - Congressional District 7 - REP (Custer),"Paul Mueller,Joan Poston"
Custer,State Senator - District 4 - REP,Teddy Collins
Custer,State Representative - District 60 - REP,"Matt Alexander,Michelle Gray"
Custer,Custer County Board of County Commissioners - District 1 - REP,Taylor LoPresti
Custer,Custer County Clerk and Recorder - REP,Kelley S. Camper
Custer,Custer County Treasurer - REP,Virginia Trujillo
Custer,Custer County Assessor - REP,J.D. Henrich
Custer,Custer County Sheriff - REP,Lloyd Rich Smith
Custer,Custer County Coroner - REP,Brad L. Baltzly
Custer,Governor - UNI,"Jeff Peckman,Paul Noel Fiorino"
Delta,United States Senator - DEM,"John Hickenlooper,Julie Gonzales"
Delta,Representative to the 120th United States Congress - District 3 - DEM,"Dwayne L. Romero,Alex Kelloff"
Delta,Governor - DEM,"Michael Bennet,Phil Weiser"
Delta,Secretary of State - DEM (Delta),"Jessie Danielson,Amanda Gonzalez"
Delta,State Treasurer - DEM,Jeff Bridges
Delta,Attorney General - DEM,"Hetal Doshi,Michael Dougherty,David Seligman,Jena Griswold"
Delta,State Board of Education Member - Congressional District 3 - DEM,Barb Clementi
Delta,State Representative - District 58 - DEM,Susannah Smith
Delta,Delta County Commissioner - District 1 - DEM,Nathan Clay
Delta,Delta County Sheriff - DEM,Demitri Stelter
Delta,Delta County Coroner - DEM,Jill Deneau
Delta,Secretary of State - LBR,"Alex Astley,Sean Vadney"
Delta,United States Senator - REP,Mark Baisley
Delta,Representative to the 120th United States Congress - District 3 - REP,"Jeff Hurd,Ron Hanks"
Delta,Governor - REP (Delta),"Kelvin ""K-Man"" Wimberly,Barb Kirkmeyer,Victor Marx,Scott Bottoms"
Delta,Secretary of State - REP,James Wiley
Delta,State Treasurer - REP,Kevin Grantham
Delta,Attorney General - REP,"David Willson,Michael J. Allen"
Delta,State Board of Education Member - Congressional District 3 - REP,Sherri M Wright
Delta,State Representative - District 58 - REP,Larry Don Suckla
Delta,Delta County Commissioner - District 1 - REP,Matt Soper
Delta,Delta County Clerk and Recorder - REP,Rene D. Warner
Delta,Delta County Treasurer - REP,Brittany Kuhn
Delta,Delta County Assessor - REP,Jolene George
Delta,Delta County Sheriff - REP,"Darel Reed,Quinn Archibeque"
Delta,Delta County Coroner - REP,Lance B. Boren
Delta,Governor - UNI,"Jeff Peckman,Paul Noel Fiorino"
Delta,State Representative - District 54 - DEM,Mallory Martin
Delta,State Representative - District 54 - REP,"Nina Anderson,Jason Bias"
Delta,State Senator - District 7 - REP,Janice Rich
Denver,United States Senator - DEM,"John Hickenlooper,Julie Gonzales"
Denver,United States Senator - REP,Mark Baisley
Denver,Representative to the 120th United States Congress - District 1 - DEM,"Wanda James,Diana DeGette,Melat Kiros"
Denver,Representative to the 120th United States Congress - District 1 - REP,Christy Peterson
Denver,Governor - DEM,"Michael Bennet,Phil Weiser"
Denver,Governor - REP (Denver),"Kelvin ""K-Man"" Wimberly,Barb Kirkmeyer,Victor Marx,Scott Bottoms"
Denver,Governor - UNI,"Jeff Peckman,Paul Noel Fiorino"
Denver,Secretary of State - DEM,"Jessie Danielson,Amanda Gonzalez"
Denver,Secretary of State - REP,James Wiley
Denver,Secretary of State - LBR,"Alex Astley,Sean Vadney"
Denver,State Treasurer - DEM,Jeff Bridges
Denver,State Treasurer - REP,Kevin Grantham
Denver,Attorney General - DEM,"Hetal Doshi,Michael Dougherty,David Seligman,Jena Griswold"
Denver,Attorney General - REP,"David Willson,Michael J. Allen"
Denver,State Board of Education Member - Congressional District 1 - DEM,Lisa Escarcega
Denver,State Board of Education Member - Congressional District 1 - REP,Frederick Espinoza
Denver,State Senator - District 34 (DEM),"Andres Carrera,Chela Garcia Irlando"
Denver,State Senator - District 34 (REP),Jack Daus
Denver,State Representative - District 1 - DEM,Javier Mabrey
Denver,State Representative - District 1 - REP,Joseph Montoya
Denver,State Senator - District 32 - DEM,Emily Sirota
Denver,State Senator - District 32 - REP,Sydnnia Wulff
Denver,State Senator - District 31 (DEM),Matt Ball
Denver,State Senator - District 31 (REP),Michael F. DiManna
Denver,State Representative - District 2 (DEM),Scott Baldermann
Denver,State Representative - District 2 (REP),Carey Marin
Denver,State Representative - District 3 - DEM,Gena Ozols
Denver,State Representative - District 3 - REP,Rebecca Winegar
Denver,State Representative - District 4 (DEM),Cecelia Espenoza
Denver,State Representative - District 4 (REP),Ellwood Ervin
Denver,State Representative - District 5 (DEM),"Sterling Thomas Simms,Justine Sandoval"
Denver,State Representative - District 5 (REP),Johnnie W. Johnson
Denver,State Representative - District 6 (DEM),"Iris Halpern,Sean Camacho"
Denver,State Representative - District 6 (REP),Kathleen Angel
Denver,State Representative - District 7 (DEM),Jennifer Bacon
Denver,State Representative - District 7 (REP),No Candidate
Denver,State Representative - District 8 (DEM),Lindsay Gilchrist
Denver,State Representative - District 8 (REP),Carolyn Barnes
Denver,State Representative - District 9 - DEM,"Neal Walia,Monica VanBuskirk"
Denver,State Representative - District 9 - REP,Tom Cowhick
Denver,Representative to the 120th United States Congress - District 6 - DEM,Jason Crow
Denver,Representative to the 120th United States Congress - District 6 - REP,Mel Tewahade
Denver,Regent of the University of Colorado - Congressional District 6 - DEM,Ilana Spiegel
Denver,Regent of the University of Colorado - Congressional District 6 - REP,Veanessa Burbage
Dolores,United States Senator - DEM,"John Hickenlooper,Julie Gonzales"
Dolores,Representative to the 120th United States Congress - District 3 - DEM,"Dwayne L. Romero,Alex Kelloff"
Dolores,Governor - DEM,"Michael Bennet,Phil Weiser"
Dolores,Secretary of State - DEM,"Jessie Danielson,Amanda Gonzalez"
Dolores,State Treasurer - DEM,Jeff Bridges
Dolores,Attorney General - DEM,"Hetal Doshi,Michael Dougherty,David Seligman,Jena Griswold"
Dolores,State Board of Education Member - Congressional District 3 - DEM,Barb Clementi
Dolores,State Representative - District 58 - DEM,Susannah Smith
Dolores,Secretary of State - LBR,"Alex Astley,Sean Vadney"
Dolores,United States Senator - REP,Mark Baisley
Dolores,Representative to the 120th United States Congress - District 3 - REP,"Jeff Hurd,Ron Hanks"
Dolores,Governor - REP (Dolores),"Kelvin ""K-Man"" Wimberly,Barb Kirkmeyer,Victor Marx,Scott Bottoms"
Dolores,Secretary of State - REP,James Wiley
Dolores,State Treasurer - REP,Kevin Grantham
Dolores,Attorney General - REP,"David Willson,Michael J. Allen"
Dolores,State Board of Education Member - Congressional District 3 - REP,Sherri M Wright
Dolores,State Representative - District 58 - REP,Larry Don Suckla
Dolores,Dolores County Commissioner District 1 - REP,Jerry Baxter
Dolores,Dolores County Treasurer - REP,Taylor L. Funk
Dolores,Dolores County Sheriff - REP,Krista M Schear
Dolores,Dolores County Coroner - REP,Aaron Hankins
Dolores,Governor - UNI,"Jeff Peckman,Paul Noel Fiorino"
Douglas,United States Senator - DEM,"John Hickenlooper,Julie Gonzales"
Douglas,Representative to the 120th United States Congress - District 4 - DEM,"Jenna Preston,Eileen Laubacher,Write-in"
Douglas,Representative to the 120th United States Congress - District 6 - DEM,Jason Crow
Douglas,Governor - DEM (Douglas),"Michael Bennet,Phil Weiser"
Douglas,Secretary of State - DEM,"Jessie Danielson,Amanda Gonzalez"
Douglas,State Treasurer - DEM,Jeff Bridges
Douglas,Attorney General - DEM,"Hetal Doshi,Michael Dougherty,David Seligman,Jena Griswold"
Douglas,Regent of the University of Colorado - Congressional District 6 - DEM,Ilana Spiegel
Douglas,State Senator - District 4 - DEM,Justin Kurth
Douglas,State Senator - District 27 - DEM,Tom Sullivan
Douglas,State Senator - District 30 (DEM),Kevin Leung
Douglas,State Representative - District 39 (DEM),Christian Schilder
Douglas,State Representative - District 43 (DEM),"Robert ""Bob"" Marshall"
Douglas,State Representative - District 44 (DEM),Richard Bowness
Douglas,State Representative - District 45 (DEM),Michael Clarkson
Douglas,State Representative - District 61 - DEM,Eliza Hamrick
Douglas,Douglas County Commissioner - District 1 (DEM),Irene Bonham
Douglas,Douglas County Clerk and Recorder (DEM),Jim Oehler
Douglas,Douglas County Treasurer (DEM),Dan Smith
Douglas,Douglas County Assessor (DEM),Kara Garr
Douglas,Secretary of State - LBR,"Alex Astley,Sean Vadney"
Douglas,United States Senator - REP,Mark Baisley
Douglas,Representative to the 120th United States Congress - District 4 - REP,Lauren Boebert
Douglas,Representative to the 120th United States Congress - District 6 - REP,Mel Tewahade
Douglas,Governor - REP,"Kelvin ""K-Man"" Wimberly,Barb Kirkmeyer,Victor Marx,Scott Bottoms"
Douglas,Secretary of State - REP,James Wiley
Douglas,State Treasurer - REP,Kevin Grantham
Douglas,Attorney General - REP,"David Willson,Michael J. Allen"
Douglas,Regent of the University of Colorado - Congressional District 6 - REP,Veanessa Burbage
Douglas,State Senator - District 4 - REP,Teddy Collins
Douglas,State Senator - District 27 - REP,"Darryl Gibbs,Danielle Lammon"
Douglas,State Senator - District 30 (REP),John Carson
Douglas,State Representative - District 39 (REP),Brandi Bradley
Douglas,State Representative - District 43 (REP),Nate Marsh
Douglas,State Representative - District 44 (REP),"Bob Davis,Anthony Hartsook"
Douglas,State Representative - District 45 (REP),Max Brooks
Douglas,State Representative - District 61 - REP,Scott Shamblin
Douglas,Douglas County Commissioner - District 1 (REP),"John Diak,Jake Bockenfeld"
Douglas,Douglas County Clerk and Recorder (REP),Sheri Davis
Douglas,Douglas County Treasurer (REP),"Tim Dietz,Meghann Silverthorn"
Douglas,Douglas County Assessor (REP),Toby Damisch
Douglas,Douglas County Sheriff (REP),Darren M. Weekly
Douglas,Douglas County Surveyor (REP),Darrell E. Roberts
Douglas,Douglas County Coroner (REP),Raeann Brown
Douglas,Governor - UNI,"Jeff Peckman,Paul Noel Fiorino"
Eagle,United States Senator - DEM,"John Hickenlooper,Julie Gonzales"
Eagle,Representative to the 120th United States Congress - District 2 - DEM,Joe Neguse
Eagle,Governor - DEM,"Michael Bennet,Phil Weiser"
Eagle,Secretary of State - DEM,"Jessie Danielson,Amanda Gonzalez"
Eagle,State Treasurer - DEM,Jeff Bridges
Eagle,Attorney General - DEM,"Hetal Doshi,Michael Dougherty,David Seligman,Jena Griswold"
Eagle,Regent of the University of Colorado - Congressional District 2 - DEM,"Murray Smith,Edie Hooton,Kubs Lalchandani"
Eagle,State Senator - District 8 - DEM,Dylan Roberts
Eagle,State Representative - District 57 - DEM,Elizabeth Velasco
Eagle,Eagle County Commissioner - District 3 - DEM,Kathleen Brendza
Eagle,Eagle County Treasurer - DEM,Teak Simonton
Eagle,Eagle County Assessor - DEM,Andie Noakes
Eagle,Eagle County Sheriff - DEM,"Rebecca Anderson,Jason Boston"
Eagle,Eagle County Coroner - DEM,Claire Noble
Eagle,Secretary of State - LBR,"Alex Astley,Sean Vadney"
Eagle,United States Senator - REP,Mark Baisley
Eagle,Representative to the 120th United States Congress - District 2 - REP,"Christina Blunt (Ducommun),Kelley Anne Dennison"
Eagle,Governor - REP,"Kelvin ""K-Man"" Wimberly,Barb Kirkmeyer,Victor Marx,Scott Bottoms"
Eagle,Secretary of State - REP,James Wiley
Eagle,State Treasurer - REP,Kevin Grantham
Eagle,Attorney General - REP (Eagle),"David Willson,Michael J. Allen"
Eagle,Regent of the University of Colorado - Congressional District 2 - REP,Marty Neilson
Eagle,State Senator - District 8 - REP,Corey Marshall
Eagle,State Representative - District 57 - REP,Russ Andrews
Eagle,Eagle County Commissioner - District 3 - REP,Wendy Sacks
Eagle,Eagle County Assessor - REP,Christopher Buono
Eagle,Eagle County Sheriff - REP,James Van Beek
Eagle,Eagle County Coroner - REP,"Christian ""Chris"" Ryan"
Eagle,Governor - UNI,"Jeff Peckman,Paul Noel Fiorino"
Eagle,State Representative - District 26 - DEM,Meghan Lukens
Eagle,State Representative - District 26 - REP,James Kellogg
Eagle,Representative to the 120th United States Congress - District 3 - DEM,"Dwayne L. Romero,Alex Kelloff"
Eagle,State Board of Education Member - Congressional District 3 - DEM,Barb Clementi
Eagle,Representative to the 120th United States Congress - District 3 - REP,"Jeff Hurd,Ron Hanks"
Eagle,State Board of Education Member - Congressional District 3 - REP,Sherri M Wright
El Paso,United States Senator - DEM,"John Hickenlooper,Julie Gonzales"
El Paso,Representative to the 120th United States Congress - District 4 - DEM,"Jenna Preston,Eileen Laubacher,Write-in"
El Paso,Governor - DEM,"Michael Bennet,Phil Weiser"
El Paso,Secretary of State - DEM,"Jessie Danielson,Amanda Gonzalez"
El Paso,State Treasurer - DEM,Jeff Bridges
El Paso,Attorney General - DEM,"Hetal Doshi,Michael Dougherty,David Seligman,Jena Griswold"
El Paso,State Senator - District 35 - DEM,Duane L Gurule
El Paso,El Paso County Clerk and Recorder - DEM,Tracie Woods
El Paso,El Paso County Assessor - DEM,David 'Muka' Traenkle
El Paso,El Paso County Sheriff - DEM,Mateo Montoya-Collis
El Paso,Secretary of State - LBR,"Alex Astley,Sean Vadney"
El Paso,United States Senator - REP,Mark Baisley
El Paso,Representative to the 120th United States Congress - District 4 - REP,Lauren Boebert
El Paso,Governor - REP,"Kelvin ""K-Man"" Wimberly,Barb Kirkmeyer,Victor Marx,Scott Bottoms"
El Paso,Secretary of State - REP,James Wiley
El Paso,State Treasurer - REP,Kevin Grantham
El Paso,Attorney General - REP,"David Willson,Michael J. Allen"
El Paso,State Senator - District 35 - REP,Rod Pelton
El Paso,State Representative - District 56 - REP,Chris Richardson
El Paso,El Paso County Clerk and Recorder - REP,Steve Schleiker
El Paso,El Paso County Treasurer - REP,Chuck Broerman
El Paso,El Paso County Assessor - REP,"Raymond Garcia,Becky Fuller"
El Paso,El Paso County Sheriff - REP,Joe Roybal
El Paso,El Paso County Coroner - REP,Emily Russell-Kinsley
El Paso,Governor - UNI,"Jeff Peckman,Paul Noel Fiorino"
El Paso,Representative to the 120th United States Congress - District 5 - DEM,"Joe Reagan,Jessica Killin"
El Paso,State Senator - District 9 - DEM,William Delano Moses III
El Paso,State Representative - District 14 - DEM,Sarah Emery
El Paso,Representative to the 120th United States Congress - District 5 - REP,Jeff Crank
El Paso,State Senator - District 9 - REP,"Terri Carver,Lynda Zamora Wilson"
El Paso,State Representative - District 14 - REP,"Troy Vanderhule,Ava Flanell"
El Paso,El Paso County Commissioner - District 1 - DEM,Gavin Rainey
El Paso,El Paso County Commissioner - District 1 - REP,"Ryan Graham,Lindsay Moore"
El Paso,State Representative - District 15 - DEM,Jeff K. Livingston
El Paso,State Representative - District 15 - REP,Pricella Tiegen
El Paso,State Representative - District 18 - DEM,Amy T Paschal
El Paso,State Representative - District 18 - REP,Adriana Cuva
El Paso,State Representative - District 20 - REP,Jarvis Caldwell
El Paso,State Representative - District 22 - DEM,Michael Pierson
El Paso,State Representative - District 22 - REP,Ken deGraaf
El Paso,State Representative - District 16 - DEM,Steph Vigil
El Paso,El Paso County Commissioner - District 5 - DEM,"Christian Seale,Yolanda L. Avila"
El Paso,State Representative - District 16 - REP,"Jamie Koch,Jill Haffley"
El Paso,El Paso County Commissioner - District 5 - REP,"Lauren Nelson,Vickie Tonkins"
El Paso,State Senator - District 11 - DEM,Tony Exum Sr
El Paso,State Senator - District 11 - REP,Levon Stilson
El Paso,State Representative - District 17 - DEM,"Regina English,Chauncy Johnson"
El Paso,State Representative - District 17 - REP,Laura Martin
El Paso,State Representative - District 21 - DEM,Michelle Tweed
El Paso,State Representative - District 21 - REP,"Alexander M. Africa,Brenda Miller"
El Paso,Representative to the 120th United States Congress - District 7 - DEM,Brittany Pettersen
El Paso,State Board of Education Member - Congressional District 7 - DEM,Karla Esser
El Paso,Regent of the University of Colorado - Congressional District 7 - DEM,Nolbert Chavez
El Paso,Representative to the 120th United States Congress - District 7 - REP,Tim Bennett
El Paso,State Board of Education Member - Congressional District 7 - REP,Steve Barton
El Paso,Regent of the University of Colorado - Congressional District 7 - REP,"Paul Mueller,Joan Poston"
Elbert,United States Senator - DEM,"John Hickenlooper,Julie Gonzales"
Elbert,United States Senator - REP,Mark Baisley
Elbert,Representative to the 120th United States Congress - District 4 - DEM,"Jenna Preston,Eileen Laubacher,Write-in"
Elbert,Representative to the 120th United States Congress - District 4 - REP,Lauren Boebert
Elbert,Governor - DEM,"Michael Bennet,Phil Weiser"
Elbert,Governor - REP,"Kelvin ""K-Man"" Wimberly,Barb Kirkmeyer,Victor Marx,Scott Bottoms"
Elbert,Governor - UNI,"Jeff Peckman,Paul Noel Fiorino"
Elbert,Secretary of State - DEM,"Jessie Danielson,Amanda Gonzalez"
Elbert,Secretary of State - REP,James Wiley
Elbert,Secretary of State - LBR,"Alex Astley,Sean Vadney"
Elbert,State Treasurer - DEM,Jeff Bridges
Elbert,State Treasurer - REP,Kevin Grantham
Elbert,Attorney General - DEM (Elbert),"Hetal Doshi,Michael Dougherty,David Seligman,Jena Griswold"
Elbert,Attorney General - REP (Elbert),"David Willson,Michael J. Allen"
Elbert,State Senator - District 35 - DEM,Duane L Gurule
Elbert,State Senator - District 35 - REP,Rod Pelton
Elbert,State Representative - District 56 - REP,Chris Richardson
Elbert,Elbert County Commissioner - District 2 (REP),"Ken Madsen,Dallas Schroeder"
Elbert,Elbert County Clerk and Recorder (REP),Rhonda Braun
Elbert,Elbert County Treasurer (REP),Sheryl (Sherry) Hewlett
Elbert,Elbert County Assessor (REP),Susan Murphy
Elbert,Elbert County Sheriff (REP),Timothy D. Norton
Elbert,Elbert County Surveyor (REP),Karl Szyszkoski
Elbert,Elbert County Coroner (DEM),Edmond Charles Hauser
Elbert,Elbert County Coroner (REP),Todd Pederson
Fremont,United States Senator - DEM,"John Hickenlooper,Julie Gonzales"
Fremont,Representative to the 120th United States Congress - District 7 - DEM,Brittany Pettersen
Fremont,Governor - DEM,"Michael Bennet,Phil Weiser"
Fremont,Secretary of State - DEM (Fremont),"Jessie Danielson,Amanda Gonzalez"
Fremont,State Treasurer - DEM,Jeff Bridges
Fremont,Attorney General - DEM,"Hetal Doshi,Michael Dougherty,David Seligman,Jena Griswold"
Fremont,State Board of Education Member - Congressional District 7 - DEM,Karla Esser
Fremont,Regent of the University of Colorado - Congressional District 7 - DEM,Nolbert Chavez
Fremont,State Senator - District 4 - DEM,Justin Kurth
Fremont,State Representative - District 60 - DEM,Kathryn Kester Green
Fremont,Secretary of State - LBR,"Alex Astley,Sean Vadney"
Fremont,United States Senator - REP,Mark Baisley
Fremont,Representative to the 120th United States Congress - District 7 - REP,Tim Bennett
Fremont,Governor - REP,"Kelvin ""K-Man"" Wimberly,Barb Kirkmeyer,Victor Marx,Scott Bottoms"
Fremont,Secretary of State - REP,James Wiley
Fremont,State Treasurer - REP,Kevin Grantham
Fremont,Attorney General - REP (Fremont),"David Willson,Michael J. Allen"
Fremont,State Board of Education Member - Congressional District 7 - REP,Steve Barton
Fremont,Regent of the University of Colorado - Congressional District 7 - REP,"Paul Mueller,Joan Poston"
Fremont,State Senator - District 4 - REP,Teddy Collins
Fremont,State Representative - District 60 - REP,"Matt Alexander,Michelle Gray"
Fremont,Fremont County Board of County Commissioners - District 2 - REP,Gregory Carlson
Fremont,Fremont County Clerk and Recorder - REP,Justin D Grantham
Fremont,Fremont County Treasurer - REP,Kathy Elliot
Fremont,Fremont County Assessor - REP,Stacey Seifert
Fremont,Fremont County Sheriff - REP,"Greg Owen,Derek Irvine"
Fremont,Fremont County Coroner - REP,Randy V. Keller
Fremont,Governor - UNI,"Jeff Peckman,Paul Noel Fiorino"
Garfield,United States Senator - DEM,"John Hickenlooper,Julie Gonzales"
Garfield,United States Senator - REP,Mark Baisley
Garfield,Representative to the 120th United States Congress - District 3 - DEM,"Dwayne L. Romero,Alex Kelloff"
Garfield,Representative to the 120th United States Congress - District 3 - REP,"Jeff Hurd,Ron Hanks"
Garfield,Governor - DEM,"Michael Bennet,Phil Weiser"
Garfield,Governor - REP,"Kelvin ""K-Man"" Wimberly,Barb Kirkmeyer,Victor Marx,Scott Bottoms"
Garfield,Governor - UNI,"Jeff Peckman,Paul Noel Fiorino"
Garfield,Secretary of State - DEM (Garfield),"Jessie Danielson,Amanda Gonzalez"
Garfield,Secretary of State - REP,James Wiley
Garfield,Secretary of State - LBR,"Alex Astley,Sean Vadney"
Garfield,State Treasurer - DEM,Jeff Bridges
Garfield,State Treasurer - REP,Kevin Grantham
Garfield,Attorney General - DEM,"Hetal Doshi,Michael Dougherty,David Seligman,Jena Griswold"
Garfield,Attorney General - REP (Garfield),"David Willson,Michael J. Allen"
Garfield,State Board of Education Member - Congressional District 3 - DEM,Barb Clementi
Garfield,State Board of Education Member - Congressional District 3 - REP,Sherri M Wright
Garfield,State Senator - District 8 - DEM,Dylan Roberts
Garfield,State Senator - District 8 - REP,Corey Marshall
Garfield,State Representative - District 57 - DEM,Elizabeth Velasco
Garfield,State Representative - District 57 - REP,Russ Andrews
Garfield,County Commissioner - District 1 (DEM),Jonathan Godes
Garfield,County Commissioner - District 1 (REP),Eric Rudd
Garfield,County Clerk & Recorder (REP),Jacklyn K. Harmon
Garfield,Garfield County Treasurer (REP),Carrie Couey
Garfield,Garfield County Assessor (REP),Jim Yellico
Garfield,Garfield County Sheriff (REP),"Dan Loya,Brent Baker"
Garfield,County Coroner (REP),Robert Glassmire
Gilpin,United States Senator - DEM,"John Hickenlooper,Julie Gonzales"
Gilpin,Representative to the 120th United States Congress - District 2 - DEM,Joe Neguse
Gilpin,Governor - DEM,"Michael Bennet,Phil Weiser"
Gilpin,Secretary of State - DEM,"Jessie Danielson,Amanda Gonzalez"
Gilpin,State Treasurer - DEM,Jeff Bridges
Gilpin,Attorney General - DEM (Gilpin),"Hetal Doshi,Michael Dougherty,David Seligman,Jena Griswold"
Gilpin,Regent of the University of Colorado - Congressional District 2 - DEM,"Murray Smith,Edie Hooton,Kubs Lalchandani"
Gilpin,State Senator - District 8 - DEM,Dylan Roberts
Gilpin,State Representative - District 49 - DEM,Lesley Smith
Gilpin,County Commissioner - District 2 (DEM),Susan Berumen
Gilpin,County Clerk and Recorder (DEM),Joe Self
Gilpin,County Assessor (DEM),April Nielsen
Gilpin,County Sheriff (DEM),Greg Demo
Gilpin,County Surveyor (DEM),Corey Diekman
Gilpin,County Coroner (DEM),Zane Laubhan
Gilpin,United States Senator - REP,Mark Baisley
Gilpin,Representative to the 120th United States Congress - District 2 - REP,"Christina Blunt (Ducommun),Kelley Anne Dennison"
Gilpin,Governor - REP,"Kelvin ""K-Man"" Wimberly,Barb Kirkmeyer,Victor Marx,Scott Bottoms"
Gilpin,Secretary of State - REP,James Wiley
Gilpin,State Treasurer - REP,Kevin Grantham
Gilpin,Attorney General - REP (Gilpin),"David Willson,Michael J. Allen"
Gilpin,Regent of the University of Colorado - Congressional District 2 - REP,Marty Neilson
Gilpin,State Senator - District 8 - REP,Corey Marshall
Gilpin,State Representative - District 49 - REP,Michael Sheperek
Gilpin,County Commissioner - District 2 (REP),Brady S. Fowler
Gilpin,County Clerk and Recorder (REP),Tara Gillivan
Gilpin,Gilpin County Treasurer (REP),Brenda Diehl
Gilpin,Gilpin County Assessor (REP),Kathleen Balfour
Gilpin,Gilpin County Sheriff (REP),Zach Meyer
Gilpin,Governor - UNI,"Jeff Peckman,Paul Noel Fiorino"
Gilpin,Secretary of State - LBR,"Alex Astley,Sean Vadney"
Grand,United States Senator - DEM,"John Hickenlooper,Julie Gonzales"
Grand,Representative to the 120th United States Congress - District 2 - DEM,Joe Neguse
Grand,Governor - DEM,"Michael Bennet,Phil Weiser"
Grand,Secretary of State - DEM (Grand),"Jessie Danielson,Amanda Gonzalez"
Grand,State Treasurer - DEM,Jeff Bridges
Grand,Attorney General - DEM,"Hetal Doshi,Michael Dougherty,David Seligman,Jena Griswold"
Grand,Regent of the University of Colorado - Congressional District 2 - DEM,"Murray Smith,Edie Hooton,Kubs Lalchandani"
Grand,State Senator - District 8 - DEM,Dylan Roberts
Grand,State Representative - District 13 - DEM,"Consuelo Redhorse,Chris Floyd"
Grand,Clerk and Recorder (DEM),Liz Newsom
Grand,United States Senator - REP,Mark Baisley
Grand,Representative to the 120th United States Congress - District 2 - REP,"Christina Blunt (Ducommun),Kelley Anne Dennison"
Grand,Governor - REP,"Kelvin ""K-Man"" Wimberly,Barb Kirkmeyer,Victor Marx,Scott Bottoms"
Grand,Secretary of State - REP,James Wiley
Grand,State Treasurer - REP,Kevin Grantham
Grand,Attorney General - REP (Grand),"David Willson,Michael J. Allen"
Grand,Regent of the University of Colorado - Congressional District 2 - REP,Marty Neilson
Grand,State Senator - District 8 - REP,Corey Marshall
Grand,State Representative - District 13 - REP,Miguel Martinez
Grand,Commissioner - District 3 (REP),Randy George
Grand,Clerk and Recorder (REP),Jolene Stetson Linke
Grand,Grand County Treasurer (REP),Marcy Wheatley
Grand,Grand County Assessor (REP),Christine Murphy
Grand,Grand County Sheriff (REP),Brett D. Schroetlin
Grand,Surveyor (REP),Warren Ward
Grand,Grand County Coroner (REP),Tawnya Bailey
Grand,Governor - UNI,"Jeff Peckman,Paul Noel Fiorino"
Grand,Secretary of State - LBR,"Alex Astley,Sean Vadney"
Gunnison,United States Senator - DEM,"John Hickenlooper,Julie Gonzales"
Gunnison,Representative to the 120th United States Congress - District 3 - DEM,"Dwayne L. Romero,Alex Kelloff"
Gunnison,Governor - DEM,"Michael Bennet,Phil Weiser"
Gunnison,Secretary of State - DEM (Gunnison),"Jessie Danielson,Amanda Gonzalez"
Gunnison,State Treasurer - DEM,Jeff Bridges
Gunnison,Attorney General - DEM,"Hetal Doshi,Michael Dougherty,David Seligman,Jena Griswold"
Gunnison,State Board of Education Member - Congressional District 3 - DEM,Barb Clementi
Gunnison,State Representative - District 58 - DEM,Susannah Smith
Gunnison,Gunnison County Commissioner District 3 - DEM,Laura Puckett Daniels
Gunnison,Gunnison County Clerk and Recorder - DEM,Kathy Simillion
Gunnison,Gunnison County Assessor - DEM,Alexandra Cohen
Gunnison,Gunnison County Coroner - DEM,Michael Barnes
Gunnison,Secretary of State - LBR,"Alex Astley,Sean Vadney"
Gunnison,United States Senator - REP,Mark Baisley
Gunnison,Representative to the 120th United States Congress - District 3 - REP (Gunnison),"Jeff Hurd,Ron Hanks"
Gunnison,Governor - REP,"Kelvin ""K-Man"" Wimberly,Barb Kirkmeyer,Victor Marx,Scott Bottoms"
Gunnison,Secretary of State - REP,James Wiley
Gunnison,State Treasurer - REP,Kevin Grantham
Gunnison,Attorney General - REP,"David Willson,Michael J. Allen"
Gunnison,State Board of Education Member - Congressional District 3 - REP,Sherri M Wright
Gunnison,State Representative - District 58 - REP,Larry Don Suckla
Gunnison,Governor - UNI,"Jeff Peckman,Paul Noel Fiorino"
Hinsdale,United States Senator - DEM,"John Hickenlooper,Julie Gonzales"
Hinsdale,Representative to the 120th United States Congress - District 3 - DEM,"Dwayne L. Romero,Alex Kelloff"
Hinsdale,Governor - DEM,"Michael Bennet,Phil Weiser"
Hinsdale,Secretary of State - DEM,"Jessie Danielson,Amanda Gonzalez"
Hinsdale,State Treasurer - DEM,Jeff Bridges
Hinsdale,Attorney General - DEM,"Hetal Doshi,Michael Dougherty,David Seligman,Jena Griswold"
Hinsdale,State Board of Education Member - Congressional District 3 - DEM,Barb Clementi
Hinsdale,State Representative - District 58 - DEM,Susannah Smith
Hinsdale,Secretary of State - LBR,"Alex Astley,Sean Vadney"
Hinsdale,United States Senator - REP,Mark Baisley
Hinsdale,Representative to the 120th United States Congress - District 3 - REP (Hinsdale),"Jeff Hurd,Ron Hanks"
Hinsdale,Governor - REP,"Kelvin ""K-Man"" Wimberly,Barb Kirkmeyer,Victor Marx,Scott Bottoms"
Hinsdale,Secretary of State - REP,James Wiley
Hinsdale,State Treasurer - REP,Kevin Grantham
Hinsdale,Attorney General - REP,"David Willson,Michael J. Allen"
Hinsdale,State Board of Education Member - Congressional District 3 - REP,Sherri M Wright
Hinsdale,State Representative - District 58 - REP,Larry Don Suckla
Hinsdale,Hinsdale County Commissioner District 2 - REP,Kristine M Borchers
Hinsdale,Hinsdale County Clerk and Recorder - REP,Joan Roberts
Hinsdale,Hinsdale County Treasurer - REP,Lori Hanko
Hinsdale,Hinsdale County Assessor - REP,Allison Waddington
Hinsdale,Hinsdale County Sheriff - REP,Jordan Kaminski
Hinsdale,Governor - UNI,"Jeff Peckman,Paul Noel Fiorino"
Huerfano,United States Senator - DEM,"John Hickenlooper,Julie Gonzales"
Huerfano,Representative to the 120th United States Congress - District 3 - DEM,"Dwayne L. Romero,Alex Kelloff"
Huerfano,Governor - DEM (Huerfano),"Michael Bennet,Phil Weiser"
Huerfano,Secretary of State - DEM,"Jessie Danielson,Amanda Gonzalez"
Huerfano,State Treasurer - DEM,Jeff Bridges
Huerfano,Attorney General - DEM,"Hetal Doshi,Michael Dougherty,David Seligman,Jena Griswold"
Huerfano,State Board of Education Member - Congressional District 3 - DEM,Barb Clementi
Huerfano,State Senator - District 35 - DEM,Duane L Gurule
Huerfano,State Representative - District 47 - DEM,Vic Meyers
Huerfano,Huerfano County Assessor - DEM,Elisha Meadows
Huerfano,Huerfano County Sheriff - DEM,Bruce Newman
Huerfano,Secretary of State - LBR,"Alex Astley,Sean Vadney"
Huerfano,United States Senator - REP,Mark Baisley
Huerfano,Representative to the 120th United States Congress - District 3 - REP,"Jeff Hurd,Ron Hanks"
Huerfano,Governor - REP,"Kelvin ""K-Man"" Wimberly,Barb Kirkmeyer,Victor Marx,Scott Bottoms"
Huerfano,Secretary of State - REP,James Wiley
Huerfano,State Treasurer - REP,Kevin Grantham
Huerfano,Attorney General - REP,"David Willson,Michael J. Allen"
Huerfano,State Board of Education Member - Congressional District 3 - REP,Sherri M Wright
Huerfano,State Senator - District 35 - REP,Rod Pelton
Huerfano,State Representative - District 47 - REP,Ty Winter
Huerfano,Huerfano County Commissioner - District 3 - REP,Karl Sporleder
Huerfano,Huerfano County Sheriff - REP,"Will Everhart,Jim Chamberlain"
Huerfano,Governor - UNI,"Jeff Peckman,Paul Noel Fiorino"
Huerfano,State Representative - District 62 - DEM,Matthew Martinez
Huerfano,State Representative - District 62 - REP,"Evans Gonzalez,Steven Rodriguez"
Jackson,United States Senator - DEM,"John Hickenlooper,Julie Gonzales"
Jackson,Representative to the 120th United States Congress - District 2 - DEM,Joe Neguse
Jackson,Governor - DEM,"Michael Bennet,Phil Weiser"
Jackson,Secretary of State - DEM,"Jessie Danielson,Amanda Gonzalez"
Jackson,State Treasurer - DEM,Jeff Bridges
Jackson,Attorney General - DEM,"Hetal Doshi,Michael Dougherty,David Seligman,Jena Griswold"
Jackson,Regent of the University of Colorado - Congressional District 2 - DEM,"Murray Smith,Edie Hooton,Kubs Lalchandani"
Jackson,State Senator - District 8 - DEM,Dylan Roberts
Jackson,State Representative - District 13 - DEM,"Consuelo Redhorse,Chris Floyd"
Jackson,Secretary of State - LBR,"Alex Astley,Sean Vadney"
Jackson,United States Senator - REP,Mark Baisley
Jackson,Representative to the 120th United States Congress - District 2 - REP,"Christina Blunt (Ducommun),Kelley Anne Dennison"
Jackson,Governor - REP,"Kelvin ""K-Man"" Wimberly,Barb Kirkmeyer,Victor Marx,Scott Bottoms"
Jackson,Secretary of State - REP,James Wiley
Jackson,State Treasurer - REP,Kevin Grantham
Jackson,Attorney General - REP,"David Willson,Michael J. Allen"
Jackson,Regent of the University of Colorado - Congressional District 2 - REP,Marty Neilson
Jackson,State Senator - District 8 - REP,Corey Marshall
Jackson,State Representative - District 13 - REP,Miguel Martinez
Jackson,Jackson County Commissioner 1 - REP,"Matt Shuler,John Lathrop"
Jackson,Jackson County Clerk and Recorder - REP,"Shelly Juranek,Jo McQueary"
Jackson,Jackson County Treasurer - REP,Ekho Wyatt
Jackson,Jackson County Assessor - REP,Cheryl Corkle
Jackson,Jackson County Sheriff - REP,"Andy Collins,John Symonds"
Jackson,Jackson County Surveyor - REP,Randall R. Miller
Jackson,Jackson County Coroner - REP,"Monica Love,George E. Crocket"
Jackson,Governor - UNI,"Jeff Peckman,Paul Noel Fiorino"
Jefferson,United States Senator - DEM,"John Hickenlooper,Julie Gonzales"
Jefferson,Representative to the 120th United States Congress - District 1 - DEM,"Wanda James,Diana DeGette,Melat Kiros"
Jefferson,Governor - DEM,"Michael Bennet,Phil Weiser"
Jefferson,Secretary of State - DEM,"Jessie Danielson,Amanda Gonzalez"
Jefferson,State Treasurer - DEM,Jeff Bridges
Jefferson,Attorney General - DEM,"Hetal Doshi,Michael Dougherty,David Seligman,Jena Griswold"
Jefferson,State Board of Education Member - Congressional District 1 - DEM,Lisa Escarcega
Jefferson,State Representative - District 1 - DEM,Javier Mabrey
Jefferson,Jefferson County Commissioner - District 3 - DEM,Lisa A. Cutter
Jefferson,Jefferson County Clerk and Recorder - DEM,Nicole Hensel
Jefferson,Jefferson County Treasurer - DEM,Eric Proctor
Jefferson,Jefferson County Assessor - DEM,"Andy Kerr,Sue Flageolle"
Jefferson,Jefferson County Sheriff - DEM,"Regina ""Reggie"" Marinelli"
Jefferson,Jefferson County Coroner - DEM,Nick Lobello
Jefferson,United States Senator - REP,Mark Baisley
Jefferson,Representative to the 120th United States Congress - District 1 - REP,Christy Peterson
Jefferson,Governor - REP (Jefferson),"Kelvin ""K-Man"" Wimberly,Barb Kirkmeyer,Victor Marx,Scott Bottoms"
Jefferson,Secretary of State - REP,James Wiley
Jefferson,State Treasurer - REP,Kevin Grantham
Jefferson,Attorney General - REP,"David Willson,Michael J. Allen"
Jefferson,State Board of Education Member - Congressional District 1 - REP,Frederick Espinoza
Jefferson,State Representative - District 1 - REP,Joseph Montoya
Jefferson,Jefferson County Commissioner - District 3 - REP,Stephanie VandenBerg
Jefferson,Jefferson County Clerk and Recorder - REP,Paul Poston
Jefferson,Jefferson County Treasurer - REP,Bob Szulczewski
Jefferson,Jefferson County Assessor - REP,Vera King
Jefferson,Jefferson County Sheriff - REP,Weston Imer
Jefferson,Jefferson County Surveyor - REP,Robert Hennessy
Jefferson,Jefferson County Coroner - REP,Allison Harmon
Jefferson,Secretary of State - LBR,"Alex Astley,Sean Vadney"
Jefferson,Governor - UNI,"Jeff Peckman,Paul Noel Fiorino"
Jefferson,State Senator - District 32 - DEM,Emily Sirota
Jefferson,State Senator - District 32 - REP,Sydnnia Wulff
Jefferson,Representative to the 120th United States Congress - District 2 - DEM,Joe Neguse
Jefferson,Regent of the University of Colorado - Congressional District 2 - DEM,"Murray Smith,Edie Hooton,Kubs Lalchandani"
Jefferson,State Senator - District 20 - DEM,Sheila Lieder
Jefferson,State Representative - District 27 - DEM,Danielle Varda
Jefferson,Representative to the 120th United States Congress - District 2 - REP,"Christina Blunt (Ducommun),Kelley Anne Dennison"
Jefferson,Regent of the University of Colorado - Congressional District 2 - REP,Marty Neilson
Jefferson,State Senator - District 20 - REP,Richard (Rich) Mancuso
Jefferson,State Representative - District 27 - REP,Eric Bodenstab
Jefferson,Representative to the 120th United States Congress - District 6 - DEM,Jason Crow
Jefferson,Regent of the University of Colorado - Congressional District 6 - DEM,Ilana Spiegel
Jefferson,State Representative - District 25 - DEM,Tammy Story
Jefferson,Representative to the 120th United States Congress - District 6 - REP,Mel Tewahade
Jefferson,Regent of the University of Colorado - Congressional District 6 - REP,Veanessa Burbage
Jefferson,State Representative - District 25 - REP,Mark Herzfeld
Jefferson,State Representative - District 28 - DEM,David Rein
Jefferson,State Representative - District 38 - DEM,Gretchen Rydin
Jefferson,Representative to the 120th United States Congress - District 7 - DEM,Brittany Pettersen
Jefferson,State Board of Education Member - Congressional District 7 - DEM,Karla Esser
Jefferson,Regent of the University of Colorado - Congressional District 7 - DEM,Nolbert Chavez
Jefferson,State Senator - District 4 - DEM,Justin Kurth
Jefferson,Representative to the 120th United States Congress - District 7 - REP,Tim Bennett
Jefferson,State Board of Education Member - Congressional District 7 - REP,Steve Barton
Jefferson,Regent of the University of Colorado - Congressional District 7 - REP,"Paul Mueller,Joan Poston"
Jefferson,State Senator - District 4 - REP,Teddy Collins
Jefferson,State Representative - District 24 - DEM,Lisa Feret
Jefferson,State Representative - District 24 - REP,Kristopher Johnson
Jefferson,State Representative - District 29 - DEM,Lori Goldstein
Jefferson,State Representative - District 29 - REP,Kristine Ireland
Jefferson,State Representative - District 35 - DEM,Lorena Garcia
Jefferson,State Representative - District 23 - DEM,Alexis Hoffkling
Jefferson,State Representative - District 30 - DEM,Rebekah Stewart
Jefferson,State Representative - District 30 - REP,William Tyler Switzer
Jefferson,State Senator - District 22 - DEM,Monica Irasema Duran
Jefferson,State Senator - District 22 - REP,Steve Harkess
Kiowa,United States Senator - DEM,"John Hickenlooper,Julie Gonzales"
Kiowa,Representative to the 120th United States Congress - District 4 - DEM,"Jenna Preston,Eileen Laubacher,Write-in"
Kiowa,Governor - DEM,"Michael Bennet,Phil Weiser"
Kiowa,Secretary of State - DEM,"Jessie Danielson,Amanda Gonzalez"
Kiowa,State Treasurer - DEM,Jeff Bridges
Kiowa,Attorney General - DEM,"Hetal Doshi,Michael Dougherty,David Seligman,Jena Griswold"
Kiowa,State Senator - District 35 - DEM,Duane L Gurule
Kiowa,State Representative - District 47 - DEM,Vic Meyers
Kiowa,Secretary of State - LBR,"Alex Astley,Sean Vadney"
Kiowa,United States Senator - REP,Mark Baisley
Kiowa,Representative to the 120th United States Congress - District 4 - REP,Lauren Boebert
Kiowa,Governor - REP,"Kelvin ""K-Man"" Wimberly,Barb Kirkmeyer,Victor Marx,Scott Bottoms"
Kiowa,Secretary of State - REP,James Wiley
Kiowa,State Treasurer - REP,Kevin Grantham
Kiowa,Attorney General - REP,"David Willson,Michael J. Allen"
Kiowa,State Senator - District 35 - REP,Rod Pelton
Kiowa,State Representative - District 47 - REP,Ty Winter
Kiowa,Kiowa County Commissioner - District 2 - REP,Howard Robertson
Kiowa,Kiowa County Clerk and Recorder - REP,Adrienne Yates
Kiowa,Kiowa County Treasurer - REP,Diana Flory
Kiowa,Kiowa County Assessor - REP,Marci Miller
Kiowa,Kiowa County Sheriff - REP,"Bryan Williams,Joshua Robertson"
Kiowa,Kiowa County Coroner - REP,Jimmy Brown
Kiowa,Governor - UNI,"Jeff Peckman,Paul Noel Fiorino"
Kit Carson,United States Senator - DEM,"John Hickenlooper,Julie Gonzales"
Kit Carson,Representative to the 120th United States Congress - District 4 - DEM,"Jenna Preston,Eileen Laubacher,Write-in"
Kit Carson,Governor - DEM,"Michael Bennet,Phil Weiser"
Kit Carson,Secretary of State - DEM,"Jessie Danielson,Amanda Gonzalez"
Kit Carson,State Treasurer - DEM,Jeff Bridges
Kit Carson,Attorney General - DEM,"Hetal Doshi,Michael Dougherty,David Seligman,Jena Griswold"
Kit Carson,State Senator - District 35 - DEM,Duane L Gurule
Kit Carson,Kit Carson County Assessor - DEM,Abbey Mullis
Kit Carson,Secretary of State - LBR,"Alex Astley,Sean Vadney"
Kit Carson,United States Senator - REP,Mark Baisley
Kit Carson,Representative to the 120th United States Congress - District 4 - REP,Lauren Boebert
Kit Carson,Governor - REP,"Kelvin ""K-Man"" Wimberly,Barb Kirkmeyer,Victor Marx,Scott Bottoms"
Kit Carson,Secretary of State - REP,James Wiley
Kit Carson,State Treasurer - REP,Kevin Grantham
Kit Carson,Attorney General - REP (Kit Carson),"David Willson,Michael J. Allen"
Kit Carson,State Senator - District 35 - REP,Rod Pelton
Kit Carson,State Representative - District 56 - REP,Chris Richardson
Kit Carson,Kit Carson County Commissioner - District 2 - REP,Cory Wall
Kit Carson,Kit Carson County Clerk and Recorder - REP,Susan Corliss
Kit Carson,Kit Carson County Treasurer - REP,Pamela J. Mills
Kit Carson,Kit Carson County Assessor - REP,Alexandra Navarro
Kit Carson,Kit Carson County Sheriff - REP,Travis Belden
Kit Carson,Kit Carson County Coroner - REP,Randy B. Gorton
Kit Carson,Governor - UNI,"Jeff Peckman,Paul Noel Fiorino"
La Plata,United States Senator - DEM,"John Hickenlooper,Julie Gonzales"
La Plata,Representative to the 120th United States Congress - District 3 - DEM (La Plata),"Dwayne L. Romero,Alex Kelloff"
La Plata,Governor - DEM,"Michael Bennet,Phil Weiser"
La Plata,Secretary of State - DEM,"Jessie Danielson,Amanda Gonzalez"
La Plata,State Treasurer - DEM,Jeff Bridges
La Plata,Attorney General - DEM,"Hetal Doshi,Michael Dougherty,David Seligman,Jena Griswold"
La Plata,State Board of Education Member - Congressional District 3 - DEM,Barb Clementi
La Plata,State Representative - District 59 - DEM,Katie Stewart
La Plata,La Plata County Commissioner District 1 - DEM,Elizabeth Philbrick
La Plata,La Plata County Treasurer - DEM,Miles Walsh
La Plata,La Plata County Assessor - DEM,Carrie Woodson
La Plata,La Plata County Sheriff - DEM,Sean Smith
La Plata,La Plata County Coroner - DEM,Trever Nyx
La Plata,Secretary of State - LBR,"Alex Astley,Sean Vadney"
La Plata,United States Senator - REP,Mark Baisley
La Plata,Representative to the 120th United States Congress - District 3 - REP (La Plata),"Jeff Hurd,Ron Hanks"
La Plata,Governor - REP,"Kelvin ""K-Man"" Wimberly,Barb Kirkmeyer,Victor Marx,Scott Bottoms"
La Plata,Secretary of State - REP,James Wiley
La Plata,State Treasurer - REP,Kevin Grantham
La Plata,Attorney General - REP,"David Willson,Michael J. Allen"
La Plata,State Board of Education Member - Congressional District 3 - REP,Sherri M Wright
La Plata,State Representative - District 59 - REP,Naomi Riess
La Plata,La Plata County Surveyor - REP,Daryl Z Crites
La Plata,La Plata County Coroner - REP,Cathy Lynn Seibel
La Plata,Governor - UNI,"Jeff Peckman,Paul Noel Fiorino"
La Plata,City of Durango Ballot Issue 2A,"AGAINST THE ORDINANCE,FOR THE ORDINANCE"
Lake,United States Senator - DEM,"John Hickenlooper,Julie Gonzales"
Lake,Representative to the 120th United States Congress - District 7 - DEM,Brittany Pettersen
Lake,Governor - DEM,"Michael Bennet,Phil Weiser"
Lake,Secretary of State - DEM,"Jessie Danielson,Amanda Gonzalez"
Lake,State Treasurer - DEM,Jeff Bridges
Lake,Attorney General - DEM,"Hetal Doshi,Michael Dougherty,David Seligman,Jena Griswold"
Lake,State Board of Education Member - Congressional District 7 - DEM,Karla Esser
Lake,Regent of the University of Colorado - Congressional District 7 - DEM,Nolbert Chavez
Lake,State Senator - District 4 - DEM,Justin Kurth
Lake,State Representative - District 13 - DEM,"Consuelo Redhorse,Chris Floyd"
Lake,Lake County Commissioner District 1 - DEM,Nathan A Dye
Lake,Lake County Clerk and Recorder - DEM,Andy Higby
Lake,Lake County Treasurer - DEM,Padraic D. Smith
Lake,Lake County Coroner - DEM,"Jeffery Edmonds,Alexander Krieg"
Lake,Secretary of State - LBR,"Alex Astley,Sean Vadney"
Lake,United States Senator - REP,Mark Baisley
Lake,Representative to the 120th United States Congress - District 7 - REP,Tim Bennett
Lake,Governor - REP,"Kelvin ""K-Man"" Wimberly,Barb Kirkmeyer,Victor Marx,Scott Bottoms"
Lake,Secretary of State - REP,James Wiley
Lake,State Treasurer - REP,Kevin Grantham
Lake,Attorney General - REP,"David Willson,Michael J. Allen"
Lake,State Board of Education Member - Congressional District 7 - REP,Steve Barton
Lake,Regent of the University of Colorado - Congressional District 7 - REP,"Paul Mueller,Joan Poston"
Lake,State Senator - District 4 - REP,Teddy Collins
Lake,State Representative - District 13 - REP,Miguel Martinez
Lake,Lake County Commissioner District 1 - REP,Matthew Main
Lake,Lake County Clerk and Recorder - REP,Tina Tekansik
Lake,Lake County Sheriff - REP,"Michael Romero,Heath Speckman"
Lake,Governor - UNI,"Jeff Peckman,Paul Noel Fiorino"
Larimer,United States Senator - DEM,"John Hickenlooper,Julie Gonzales"
Larimer,Representative to the 120th United States Congress - District 2 - DEM,Joe Neguse
Larimer,Governor - DEM (Larimer),"Michael Bennet,Phil Weiser"
Larimer,Secretary of State - DEM,"Jessie Danielson,Amanda Gonzalez"
Larimer,State Treasurer - DEM,Jeff Bridges
Larimer,Attorney General - DEM,"Hetal Doshi,Michael Dougherty,David Seligman,Jena Griswold"
Larimer,Regent of the University of Colorado - Congressional District 2 - DEM,"Murray Smith,Edie Hooton,Kubs Lalchandani"
Larimer,State Representative - District 52 - DEM,Yara Zokaie
Larimer,Larimer County Commissioner - District 1 - DEM,Shane Atkinson
Larimer,Larimer County Clerk and Recorder - DEM,Kenneth Forsythe
Larimer,Larimer County Treasurer - DEM,"Joann Ginal,Conor M. Duffy"
Larimer,Larimer County Assessor - DEM,Bob Overbeck
Larimer,Larimer County Coroner - DEM,Stephen Hanks
Larimer,Secretary of State - LBR,"Alex Astley,Sean Vadney"
Larimer,United States Senator - REP,Mark Baisley
Larimer,Representative to the 120th United States Congress - District 2 - REP,"Christina Blunt (Ducommun),Kelley Anne Dennison"
Larimer,Governor - REP,"Kelvin ""K-Man"" Wimberly,Barb Kirkmeyer,Victor Marx,Scott Bottoms"
Larimer,Secretary of State - REP,James Wiley
Larimer,State Treasurer - REP,Kevin Grantham
Larimer,Attorney General - REP,"David Willson,Michael J. Allen"
Larimer,Regent of the University of Colorado - Congressional District 2 - REP,Marty Neilson
Larimer,Larimer County Commissioner - District 1 - REP,Marc Roberson
Larimer,Larimer County Clerk and Recorder - REP,Tina Harris
Larimer,Larimer County Treasurer - REP,Steve Olson
Larimer,Larimer County Assessor - REP,Patrick Edwards
Larimer,Larimer County Sheriff - REP,John J. Feyen
Larimer,Larimer County Surveyor - REP,Tom Donnelly
Larimer,Governor - UNI,"Jeff Peckman,Paul Noel Fiorino"
Larimer,State Representative - District 53 - DEM,Andy Boesenecker
Larimer,State Representative - District 53 - REP,Daniel Frick
Larimer,State Representative - District 65 - REP,Lori Garcia Sander
Larimer,State Senator - District 15 - DEM,Janice Marchman
Larimer,State Representative - District 49 - DEM,Lesley Smith
Larimer,State Senator - District 15 - REP,Rob Woodward
Larimer,State Representative - District 49 - REP,Michael Sheperek
Larimer,State Representative - District 51 - DEM,Jacki Marsh
Larimer,State Representative - District 51 - REP,"Nancy Rumfelt,Amy Parks"
Larimer,State Representative - District 64 - DEM,Maureen (Mo) Dower
Larimer,State Representative - District 64 - REP,Scott L. Slaugh
Larimer,Representative to the 120th United States Congress - District 4 - DEM,"Jenna Preston,Eileen Laubacher,Write-in"
Larimer,Representative to the 120th United States Congress - District 4 - REP,Lauren Boebert
Larimer,Representative to the 120th United States Congress - District 8 - DEM,"Shannon Bird,Evan Munsing,Manny Rutinel"
Larimer,Representative to the 120th United States Congress - District 8 - REP,Gabe Evans
Las Animas,United States Senator - DEM,"John Hickenlooper,Julie Gonzales"
Las Animas,Representative to the 120th United States Congress - District 3 - DEM (Las Animas),"Dwayne L. Romero,Alex Kelloff"
Las Animas,Governor - DEM,"Michael Bennet,Phil Weiser"
Las Animas,Secretary of State - DEM,"Jessie Danielson,Amanda Gonzalez"
Las Animas,State Treasurer - DEM,Jeff Bridges
Las Animas,Attorney General - DEM,"Hetal Doshi,Michael Dougherty,David Seligman,Jena Griswold"
Las Animas,State Board of Education Member - Congressional District 3 - DEM,Barb Clementi
Las Animas,State Senator - District 35 - DEM,Duane L Gurule
Las Animas,State Representative - District 47 - DEM,Vic Meyers
Las Animas,Las Animas County Commissioner District 3 - DEM,"Phillip Rico,Jim D Montoya"
Las Animas,Las Animas County Clerk and Recorder - DEM,Joseph Mestas
Las Animas,Las Animas County Treasurer - DEM,Sarah A. Martinez
Las Animas,Las Animas County Sheriff - DEM,Derek J. Navarette
Las Animas,Las Animas County Coroner - DEM,Leigh Elliott-Lopez
Las Animas,Secretary of State - LBR,"Alex Astley,Sean Vadney"
Las Animas,United States Senator - REP,Mark Baisley
Las Animas,Representative to the 120th United States Congress - District 3 - REP,"Jeff Hurd,Ron Hanks"
Las Animas,Governor - REP,"Kelvin ""K-Man"" Wimberly,Barb Kirkmeyer,Victor Marx,Scott Bottoms"
Las Animas,Secretary of State - REP,James Wiley
Las Animas,State Treasurer - REP,Kevin Grantham
Las Animas,Attorney General - REP (Las Animas),"David Willson,Michael J. Allen"
Las Animas,State Board of Education Member - Congressional District 3 - REP,Sherri M Wright
Las Animas,State Senator - District 35 - REP,Rod Pelton
Las Animas,State Representative - District 47 - REP,Ty Winter
Las Animas,Las Animas County Commissioner District 3 - REP,Brad Doherty
Las Animas,Las Animas County Clerk and Recorder - REP,Karrie L. Apple
Las Animas,Las Animas County Treasurer - REP,Luis A. Lopez II
Las Animas,Las Animas County Assessor - REP,Jodi M. Amato
Las Animas,Las Animas County Sheriff - REP,John Johnson
Las Animas,Las Animas County Coroner - REP,"Dominic ""Junie"" Verquer"
Las Animas,Governor - UNI,"Jeff Peckman,Paul Noel Fiorino"
Lincoln,United States Senator - DEM,"John Hickenlooper,Julie Gonzales"
Lincoln,Representative to the 120th United States Congress - District 4 - DEM,"Jenna Preston,Eileen Laubacher,Write-in"
Lincoln,Governor - DEM,"Michael Bennet,Phil Weiser"
Lincoln,Secretary of State - DEM,"Jessie Danielson,Amanda Gonzalez"
Lincoln,State Treasurer - DEM,Jeff Bridges
Lincoln,Attorney General - DEM,"Hetal Doshi,Michael Dougherty,David Seligman,Jena Griswold"
Lincoln,State Senator - District 35 - DEM,Duane L Gurule
Lincoln,United States Senator - REP,Mark Baisley
Lincoln,Representative to the 120th United States Congress - District 4 - REP,Lauren Boebert
Lincoln,Governor - REP,"Kelvin ""K-Man"" Wimberly,Barb Kirkmeyer,Victor Marx,Scott Bottoms"
Lincoln,Secretary of State - REP,James Wiley
Lincoln,State Treasurer - REP,Kevin Grantham
Lincoln,Attorney General - REP (Lincoln),"David Willson,Michael J. Allen"
Lincoln,State Senator - District 35 - REP,Rod Pelton
Lincoln,State Representative - District 56 - REP,Chris Richardson
Lincoln,Lincoln County Commissioner - District 1 - REP,"Dan Brent,Rex Rhule,Wayne E. Ewing"
Lincoln,Lincoln County Clerk and Recorder - REP,Corinne M. Lengel
Lincoln,Lincoln County Treasurer - REP,Ashley D. Erwin
Lincoln,Lincoln County Assessor - REP,Jeremiah Higgins
Lincoln,Lincoln County Sheriff - REP,Michael L. Yowell
Lincoln,Lincoln County Coroner - REP,Andrew S. Lorensen
Lincoln,Secretary of State - LBR,"Alex Astley,Sean Vadney"
Lincoln,Governor - UNI,"Jeff Peckman,Paul Noel Fiorino"
Logan,United States Senator - DEM,"John Hickenlooper,Julie Gonzales"
Logan,Representative to the 120th United States Congress - District 4 - DEM,"Jenna Preston,Eileen Laubacher,Write-in"
Logan,Governor - DEM,"Michael Bennet,Phil Weiser"
Logan,Secretary of State - DEM,"Jessie Danielson,Amanda Gonzalez"
Logan,State Treasurer - DEM,Jeff Bridges
Logan,Attorney General - DEM (Logan),"Hetal Doshi,Michael Dougherty,David Seligman,Jena Griswold"
Logan,State Senator - District 1 - DEM,Jamie Jeffery
Logan,Secretary of State - LBR,"Alex Astley,Sean Vadney"
Logan,United States Senator - REP,Mark Baisley
Logan,Representative to the 120th United States Congress - District 4 - REP,Lauren Boebert
Logan,Governor - REP,"Kelvin ""K-Man"" Wimberly,Barb Kirkmeyer,Victor Marx,Scott Bottoms"
Logan,Secretary of State - REP,James Wiley
Logan,State Treasurer - REP,Kevin Grantham
Logan,Attorney General - REP (Logan),"David Willson,Michael J. Allen"
Logan,State Senator - District 1 - REP,Byron Pelton
Logan,State Representative - District 63 - REP,Dusty Johnson
Logan,Logan County Commissioner - District 3 - REP,Jim Santomaso
Logan,Logan County Clerk and Recorder - REP,Pam Bacon
Logan,Logan County Treasurer - REP,Patty Bartlett
Logan,Logan County Assessor - REP,Peggy Michaels
Logan,Logan County Sheriff - REP,Jeremy Leisure
Logan,Governor - UNI,"Jeff Peckman,Paul Noel Fiorino"
Mesa,United States Senator - DEM,"John Hickenlooper,Julie Gonzales"
Mesa,Representative to the 120th United States Congress - District 3 - DEM,"Dwayne L. Romero,Alex Kelloff"
Mesa,Governor - DEM (Mesa),"Michael Bennet,Phil Weiser"
Mesa,Secretary of State - DEM,"Jessie Danielson,Amanda Gonzalez"
Mesa,State Treasurer - DEM,Jeff Bridges
Mesa,Attorney General - DEM,"Hetal Doshi,Michael Dougherty,David Seligman,Jena Griswold"
Mesa,State Board of Education Member - Congressional District 3 - DEM,Barb Clementi
Mesa,State Representative - District 55 - DEM,Brittni Packard
Mesa,Mesa County Treasurer - DEM,Dave Edwards
Mesa,Secretary of State - LBR,"Alex Astley,Sean Vadney"
Mesa,United States Senator - REP,Mark Baisley
Mesa,Representative to the 120th United States Congress - District 3 - REP,"Jeff Hurd,Ron Hanks"
Mesa,Governor - REP,"Kelvin ""K-Man"" Wimberly,Barb Kirkmeyer,Victor Marx,Scott Bottoms"
Mesa,Secretary of State - REP,James Wiley
Mesa,State Treasurer - REP,Kevin Grantham
Mesa,Attorney General - REP (Mesa),"David Willson,Michael J. Allen"
Mesa,State Board of Education Member - Congressional District 3 - REP,Sherri M Wright
Mesa,State Senator - District 7 - REP,Janice Rich
Mesa,State Representative - District 55 - REP,Rick Taggart
Mesa,Mesa County Commissioner - District 2 - REP,Bobbie Daniel
Mesa,Mesa County Clerk and Recorder - REP,"Abby Silzell,Bobbie Gross"
Mesa,Mesa County Treasurer - REP,Greg Haitz
Mesa,Mesa County Assessor - REP,Brent Goff
Mesa,Mesa County Sheriff - REP,Ross Young
Mesa,Mesa County Surveyor - REP,Jon Kobylarz
Mesa,Mesa County Coroner - REP,Dean Havlik
Mesa,Governor - UNI,"Jeff Peckman,Paul Noel Fiorino"
Mesa,State Representative - District 54 - DEM,Mallory Martin
Mesa,State Representative - District 54 - REP,"Nina Anderson,Jason Bias"
Mineral,United States Senator - DEM,"John Hickenlooper,Julie Gonzales"
Mineral,Representative to the 120th United States Congress - District 3 - DEM,"Dwayne L. Romero,Alex Kelloff"
Mineral,Governor - DEM,"Michael Bennet,Phil Weiser"
Mineral,Secretary of State - DEM,"Jessie Danielson,Amanda Gonzalez"
Mineral,State Treasurer - DEM,Jeff Bridges
Mineral,Attorney General - DEM (Mineral),"Hetal Doshi,Michael Dougherty,David Seligman,Jena Griswold"
Mineral,State Board of Education Member - Congressional District 3 - DEM,Barb Clementi
Mineral,State Representative - District 62 - DEM,Matthew Martinez
Mineral,Mineral County Commissioner - District 1 - DEM,R. Scott Lamb
Mineral,Mineral County Coroner - DEM,Jimmy K Adelman
Mineral,Secretary of State - LBR,"Alex Astley,Sean Vadney"
Mineral,United States Senator - REP,Mark Baisley
Mineral,Representative to the 120th United States Congress - District 3 - REP (Mineral),"Jeff Hurd,Ron Hanks"
Mineral,Governor - REP,"Kelvin ""K-Man"" Wimberly,Barb Kirkmeyer,Victor Marx,Scott Bottoms"
Mineral,Secretary of State - REP,James Wiley
Mineral,State Treasurer - REP,Kevin Grantham
Mineral,Attorney General - REP,"David Willson,Michael J. Allen"
Mineral,State Board of Education Member - Congressional District 3 - REP,Sherri M Wright
Mineral,State Representative - District 62 - REP,"Evans Gonzalez,Steven Rodriguez"
Mineral,Mineral County Clerk and Recorder - REP,Eryn K Wintz 
Mineral,Mineral County Assessor - REP,Hendrik Shullts
Mineral,Governor - UNI,"Jeff Peckman,Paul Noel Fiorino"
Moffat,United States Senator - DEM,"John Hickenlooper,Julie Gonzales"
Moffat,Representative to the 120th United States Congress - District 3 - DEM,"Dwayne L. Romero,Alex Kelloff"
Moffat,Governor - DEM,"Michael Bennet,Phil Weiser"
Moffat,Secretary of State - DEM,"Jessie Danielson,Amanda Gonzalez"
Moffat,State Treasurer - DEM,Jeff Bridges
Moffat,Attorney General - DEM,"Hetal Doshi,Michael Dougherty,David Seligman,Jena Griswold"
Moffat,State Board of Education Member - Congressional District 3 - DEM,Barb Clementi
Moffat,State Senator - District 8 - DEM,Dylan Roberts
Moffat,State Representative - District 26 - DEM,Meghan Lukens
Moffat,Secretary of State - LBR,"Alex Astley,Sean Vadney"
Moffat,United States Senator - REP,Mark Baisley
Moffat,Representative to the 120th United States Congress - District 3 - REP,"Jeff Hurd,Ron Hanks"
Moffat,Governor - REP,"Kelvin ""K-Man"" Wimberly,Barb Kirkmeyer,Victor Marx,Scott Bottoms"
Moffat,Secretary of State - REP,James Wiley
Moffat,State Treasurer - REP,Kevin Grantham
Moffat,Attorney General - REP,"David Willson,Michael J. Allen"
Moffat,State Board of Education Member - Congressional District 3 - REP,Sherri M Wright
Moffat,State Senator - District 8 - REP,Corey Marshall
Moffat,State Representative - District 26 - REP,James Kellogg
Moffat,Moffat County Commissioner District 3 - REP,"Doug Winters,Steve Maneotis"
Moffat,Moffat County Clerk and Recorder - REP,Stacy Morgan
Moffat,Moffat County Treasurer - REP,Amy Wilson
Moffat,Moffat County Assessor - REP,Camie Herod
Moffat,Moffat County Sheriff - REP,Chip Dio McIntyre
Moffat,Moffat County Surveyor - REP,"Bill W.A. Baker,Michael Fraher"
Moffat,Moffat County Coroner - REP,Jesse Arthurs
Moffat,Governor - UNI,"Jeff Peckman,Paul Noel Fiorino"
Montezuma,United States Senator - DEM,"John Hickenlooper,Julie Gonzales"
Montezuma,Representative to the 120th United States Congress - District 3 - DEM,"Dwayne L. Romero,Alex Kelloff"
Montezuma,Governor - DEM,"Michael Bennet,Phil Weiser"
Montezuma,Secretary of State - DEM,"Jessie Danielson,Amanda Gonzalez"
Montezuma,State Treasurer - DEM,Jeff Bridges
Montezuma,Attorney General - DEM (Montezuma),"Hetal Doshi,Michael Dougherty,David Seligman,Jena Griswold"
Montezuma,State Board of Education Member - Congressional District 3 - DEM,Barb Clementi
Montezuma,State Representative - District 59 - DEM,Katie Stewart
Montezuma,Montezuma County Commissioner District 1 - DEM,Rebecca Busic
Montezuma,Secretary of State - LBR,"Alex Astley,Sean Vadney"
Montezuma,United States Senator - REP,Mark Baisley
Montezuma,Representative to the 120th United States Congress - District 3 - REP,"Jeff Hurd,Ron Hanks"
Montezuma,Governor - REP,"Kelvin ""K-Man"" Wimberly,Barb Kirkmeyer,Victor Marx,Scott Bottoms"
Montezuma,Secretary of State - REP,James Wiley
Montezuma,State Treasurer - REP,Kevin Grantham
Montezuma,Attorney General - REP,"David Willson,Michael J. Allen"
Montezuma,State Board of Education Member - Congressional District 3 - REP,Sherri M Wright
Montezuma,State Representative - District 59 - REP,Naomi Riess
Montezuma,Montezuma County Commissioner District 1 - REP,"Rodney Cox,Bonnie Anderson,Diane Fox-Spratlen"
Montezuma,Montezuma County Clerk and Recorder - REP,"Lenetta Shull,Jerri Frizzell"
Montezuma,Montezuma County Treasurer - REP,Ellen Black
Montezuma,Montezuma County Sheriff - REP,Tyson Cox
Montezuma,Montezuma County Coroner - REP,George Deavers
Montezuma,Governor - UNI,"Jeff Peckman,Paul Noel Fiorino"
Montezuma,State Representative - District 58 - DEM,Susannah Smith
Montezuma,State Representative - District 58 - REP,Larry Don Suckla
Montrose,United States Senator - DEM,"John Hickenlooper,Julie Gonzales"
Montrose,Representative to the 120th United States Congress - District 3 - DEM,"Dwayne L. Romero,Alex Kelloff"
Montrose,Governor - DEM,"Michael Bennet,Phil Weiser"
Montrose,Secretary of State - DEM (Montrose),"Jessie Danielson,Amanda Gonzalez"
Montrose,State Treasurer - DEM,Jeff Bridges
Montrose,Attorney General - DEM,"Hetal Doshi,Michael Dougherty,David Seligman,Jena Griswold"
Montrose,State Board of Education Member - Congressional District 3 - DEM,Barb Clementi
Montrose,State Representative - District 58 - DEM,Susannah Smith
Montrose,Secretary of State - LBR,"Alex Astley,Sean Vadney"
Montrose,United States Senator - REP,Mark Baisley
Montrose,Representative to the 120th United States Congress - District 3 - REP,"Jeff Hurd,Ron Hanks"
Montrose,Governor - REP (Montrose),"Kelvin ""K-Man"" Wimberly,Barb Kirkmeyer,Victor Marx,Scott Bottoms"
Montrose,Secretary of State - REP,James Wiley
Montrose,State Treasurer - REP,Kevin Grantham
Montrose,Attorney General - REP,"David Willson,Michael J. Allen"
Montrose,State Board of Education Member - Congressional District 3 - REP,Sherri M Wright
Montrose,State Representative - District 58 - REP,Larry Don Suckla
Montrose,Montrose County Commissioner - District 2 - REP,Caryn Webb Gibson
Montrose,Montrose County Commissioner - District 3 - REP,Ed Lafferty
Montrose,Montrose County Clerk and Recorder - REP,Tressa Guynes
Montrose,Montrose County Treasurer - REP,Rosemary Murphy
Montrose,Montrose County Assessor - REP,Brad Hughes
Montrose,Montrose County Sheriff - REP,Gene R. Lillard
Montrose,Montrose County Surveyor - REP,James Pierce Jr.
Montrose,Montrose County Coroner - REP,Shaye Schottel
Montrose,Governor - UNI,"Jeff Peckman,Paul Noel Fiorino"
Morgan,United States Senator - DEM,"John Hickenlooper,Julie Gonzales"
Morgan,Representative to the 120th United States Congress - District 4 - DEM,"Jenna Preston,Eileen Laubacher,Write-in"
Morgan,Governor - DEM,"Michael Bennet,Phil Weiser"
Morgan,Secretary of State - DEM,"Jessie Danielson,Amanda Gonzalez"
Morgan,State Treasurer - DEM,Jeff Bridges
Morgan,Attorney General - DEM (Morgan),"Hetal Doshi,Michael Dougherty,David Seligman,Jena Griswold"
Morgan,State Senator - District 1 - DEM,Jamie Jeffery
Morgan,Secretary of State - LBR,"Alex Astley,Sean Vadney"
Morgan,United States Senator - REP,Mark Baisley
Morgan,Representative to the 120th United States Congress - District 4 - REP,Lauren Boebert
Morgan,Governor - REP,"Kelvin ""K-Man"" Wimberly,Barb Kirkmeyer,Victor Marx,Scott Bottoms"
Morgan,Secretary of State - REP,James Wiley
Morgan,State Treasurer - REP,Kevin Grantham
Morgan,Attorney General - REP (Morgan),"David Willson,Michael J. Allen"
Morgan,State Senator - District 1 - REP,Byron Pelton
Morgan,State Representative - District 63 - REP,Dusty Johnson
Morgan,Morgan County Commissioner District 2 - REP,Robert W Pennington
Morgan,Morgan County Clerk and Recorder - REP,Kevin Strauch
Morgan,Morgan County Treasurer - REP,Kirstin M Watson
Morgan,Morgan County Assessor - REP,Tim Amen
Morgan,Morgan County Sheriff - REP,Dave (David) D. Martin
Morgan,Morgan County Coroner - REP,Mike Dahl
Morgan,Governor - UNI,"Jeff Peckman,Paul Noel Fiorino"
Otero,United States Senator - DEM,"John Hickenlooper,Julie Gonzales"
Otero,Representative to the 120th United States Congress - District 3 - DEM (Otero),"Dwayne L. Romero,Alex Kelloff"
Otero,Governor - DEM,"Michael Bennet,Phil Weiser"
Otero,Secretary of State - DEM,"Jessie Danielson,Amanda Gonzalez"
Otero,State Treasurer - DEM,Jeff Bridges
Otero,Attorney General - DEM,"Hetal Doshi,Michael Dougherty,David Seligman,Jena Griswold"
Otero,State Board of Education Member - Congressional District 3 - DEM,Barb Clementi
Otero,State Board of Education Member - Congressional District 3 - REP,Sherri M Wright
Otero,State Representative - District 47 - DEM,Vic Meyers
Otero,United States Senator - REP,Mark Baisley
Otero,Representative to the 120th United States Congress - District 3 - REP,"Jeff Hurd,Ron Hanks"
Otero,Governor - REP (Otero),"Kelvin ""K-Man"" Wimberly,Barb Kirkmeyer,Victor Marx,Scott Bottoms"
Otero,Secretary of State - REP,James Wiley
Otero,State Treasurer - REP,Kevin Grantham
Otero,Attorney General - REP,"David Willson,Michael J. Allen"
Otero,State Senator - District 35 - DEM,Duane L Gurule
Otero,State Senator - District 35 - REP,Rod Pelton
Otero,State Representative - District 47 - REP,Ty Winter
Otero,Commissioner - District 2 (REP),Timothy Knabenshue
Otero,Clerk & Recorder (REP),"Lynda ""Lyn"" Scott"
Otero,Otero County Treasurer (REP),Shawna Frankmore
Otero,Otero County Assessor (REP),Ken R Hood
Otero,Otero County Sheriff (REP),Brian Lovato
Otero,Otero County Coroner (REP),Robert M Fowler
Otero,Governor - UNI,"Jeff Peckman,Paul Noel Fiorino"
Otero,Secretary of State - LBR,"Alex Astley,Sean Vadney"
Ouray,United States Senator - DEM,"John Hickenlooper,Julie Gonzales"
Ouray,Representative to the 120th United States Congress - District 3 - DEM,"Dwayne L. Romero,Alex Kelloff"
Ouray,Governor - DEM (Ouray),"Michael Bennet,Phil Weiser"
Ouray,Secretary of State - DEM,"Jessie Danielson,Amanda Gonzalez"
Ouray,State Treasurer - DEM,Jeff Bridges
Ouray,Attorney General - DEM,"Hetal Doshi,Michael Dougherty,David Seligman,Jena Griswold"
Ouray,State Board of Education Member - Congressional District 3 - DEM,Barb Clementi
Ouray,State Representative - District 58 - DEM,Susannah Smith
Ouray,Ouray County Commissioner - District 2 - DEM,Glynn Williams
Ouray,Secretary of State - LBR,"Alex Astley,Sean Vadney"
Ouray,United States Senator - REP,Mark Baisley
Ouray,Representative to the 120th United States Congress - District 3 - REP (Ouray),"Jeff Hurd,Ron Hanks"
Ouray,Governor - REP,"Kelvin ""K-Man"" Wimberly,Barb Kirkmeyer,Victor Marx,Scott Bottoms"
Ouray,Secretary of State - REP,James Wiley
Ouray,State Treasurer - REP,Kevin Grantham
Ouray,Attorney General - REP,"David Willson,Michael J. Allen"
Ouray,State Board of Education Member - Congressional District 3 - REP,Sherri M Wright
Ouray,State Representative - District 58 - REP,Larry Don Suckla
Ouray,Governor - UNI,"Jeff Peckman,Paul Noel Fiorino"
Park,United States Senator - DEM,"John Hickenlooper,Julie Gonzales"
Park,Representative to the 120th United States Congress - District 7 - DEM,Brittany Pettersen
Park,Governor - DEM,"Michael Bennet,Phil Weiser"
Park,Secretary of State - DEM (Park),"Jessie Danielson,Amanda Gonzalez"
Park,State Treasurer - DEM,Jeff Bridges
Park,Attorney General - DEM,"Hetal Doshi,Michael Dougherty,David Seligman,Jena Griswold"
Park,State Board of Education Member - Congressional District 7 - DEM,Karla Esser
Park,Regent of the University of Colorado - Congressional District 7 - DEM,Nolbert Chavez
Park,State Senator - District 4 - DEM,Justin Kurth
Park,State Representative - District 13 - DEM,"Consuelo Redhorse,Chris Floyd"
Park,Park County Commissioner District 3 - DEM,Truman Esmond
Park,Park County Clerk and Recorder - DEM,Tali Thomason
Park,Park County Treasurer - DEM,Jim Stockbridge
Park,Park County Assessor - DEM,Natessia Leverington
Park,Park County Sheriff - DEM,Mark Noel
Park,Park County Coroner - DEM,Rob Shearer
Park,Secretary of State - LBR,"Alex Astley,Sean Vadney"
Park,United States Senator - REP,Mark Baisley
Park,Representative to the 120th United States Congress - District 7 - REP,Tim Bennett
Park,Governor - REP,"Kelvin ""K-Man"" Wimberly,Barb Kirkmeyer,Victor Marx,Scott Bottoms"
Park,Secretary of State - REP,James Wiley
Park,State Treasurer - REP,Kevin Grantham
Park,Attorney General - REP,"David Willson,Michael J. Allen"
Park,State Board of Education Member - Congressional District 7 - REP,Steve Barton
Park,Regent of the University of Colorado - Congressional District 7 - REP,"Paul Mueller,Joan Poston"
Park,State Senator - District 4 - REP,Teddy Collins
Park,State Representative - District 13 - REP,Miguel Martinez
Park,Park County Commissioner District 3 - REP,"Wallie Weld,Tyrene Cook"
Park,Park County Clerk and Recorder - REP,"Milena ""Mel"" Kassel"
Park,Park County Treasurer - REP,Amy Flint
Park,Park County Assessor - REP,"Cyndy Weld,Monica Jones"
Park,Park County Sheriff - REP,"Steve Spodyak,Ahmet Susic"
Park,Park County Surveyor - REP,Jack Kirby
Park,Park County Coroner - REP,David E Kintz Jr
Park,Governor - UNI,"Jeff Peckman,Paul Noel Fiorino"
Phillips,United States Senator - DEM,"John Hickenlooper,Julie Gonzales"
Phillips,Representative to the 120th United States Congress - District 4 - DEM,"Jenna Preston,Eileen Laubacher,Write-in"
Phillips,Governor - DEM,"Michael Bennet,Phil Weiser"
Phillips,Secretary of State - DEM,"Jessie Danielson,Amanda Gonzalez"
Phillips,State Treasurer - DEM,Jeff Bridges
Phillips,Attorney General - DEM,"Hetal Doshi,Michael Dougherty,David Seligman,Jena Griswold"
Phillips,State Senator - District 1 - DEM,Jamie Jeffery
Phillips,Secretary of State - LBR,"Alex Astley,Sean Vadney"
Phillips,United States Senator - REP,Mark Baisley
Phillips,Representative to the 120th United States Congress - District 4 - REP,Lauren Boebert
Phillips,Governor - REP,"Kelvin ""K-Man"" Wimberly,Barb Kirkmeyer,Victor Marx,Scott Bottoms"
Phillips,Secretary of State - REP,James Wiley
Phillips,State Treasurer - REP,Kevin Grantham
Phillips,Attorney General - REP (Phillips),"David Willson,Michael J. Allen"
Phillips,State Senator - District 1 - REP,Byron Pelton
Phillips,State Representative - District 63 - REP,Dusty Johnson
Phillips,Phillips County Commissioner - District 1 - REP,Terry L. Hofmeister
Phillips,Phillips County Treasurer - REP,Steve D. Young
Phillips,Phillips County Assessor - REP,Douglas D. Kamery
Phillips,Phillips County Sheriff - REP,"Michael Beard,David Romero Jr."
Phillips,Governor - UNI,"Jeff Peckman,Paul Noel Fiorino"
Pitkin,United States Senator - DEM,"John Hickenlooper,Julie Gonzales"
Pitkin,Representative to the 120th United States Congress - District 3 - DEM,"Dwayne L. Romero,Alex Kelloff"
Pitkin,Governor - DEM,"Michael Bennet,Phil Weiser"
Pitkin,Secretary of State - DEM (Pitkin),"Jessie Danielson,Amanda Gonzalez"
Pitkin,State Treasurer - DEM,Jeff Bridges
Pitkin,Attorney General - DEM,"Hetal Doshi,Michael Dougherty,David Seligman,Jena Griswold"
Pitkin,State Board of Education Member - Congressional District 3 - DEM,Barb Clementi
Pitkin,State Representative - District 57 - DEM,Elizabeth Velasco
Pitkin,Secretary of State - LBR,"Alex Astley,Sean Vadney"
Pitkin,United States Senator - REP,Mark Baisley
Pitkin,Representative to the 120th United States Congress - District 3 - REP (Pitkin),"Jeff Hurd,Ron Hanks"
Pitkin,Governor - REP,"Kelvin ""K-Man"" Wimberly,Barb Kirkmeyer,Victor Marx,Scott Bottoms"
Pitkin,Secretary of State - REP,James Wiley
Pitkin,State Treasurer - REP,Kevin Grantham
Pitkin,Attorney General - REP,"David Willson,Michael J. Allen"
Pitkin,State Board of Education Member - Congressional District 3 - REP,Sherri M Wright
Pitkin,State Representative - District 57 - REP,Russ Andrews
Pitkin,Governor - UNI,"Jeff Peckman,Paul Noel Fiorino"
Pitkin,Pitkin County Commissioner - District 1,"Torre,Rob Ittner,John Doyle"
Prowers,United States Senator - DEM,"John Hickenlooper,Julie Gonzales"
Prowers,Representative to the 120th United States Congress - District 4 - DEM,"Jenna Preston,Eileen Laubacher,Write-in"
Prowers,Governor - DEM,"Michael Bennet,Phil Weiser"
Prowers,Secretary of State - DEM,"Jessie Danielson,Amanda Gonzalez"
Prowers,State Treasurer - DEM,Jeff Bridges
Prowers,Attorney General - DEM (Prowers),"Hetal Doshi,Michael Dougherty,David Seligman,Jena Griswold"
Prowers,State Senator - District 35 - DEM,Duane L Gurule
Prowers,State Representative - District 47 - DEM,Vic Meyers
Prowers,Secretary of State - LBR,"Alex Astley,Sean Vadney"
Prowers,United States Senator - REP,Mark Baisley
Prowers,Representative to the 120th United States Congress - District 4 - REP,Lauren Boebert
Prowers,Governor - REP,"Kelvin ""K-Man"" Wimberly,Barb Kirkmeyer,Victor Marx,Scott Bottoms"
Prowers,Secretary of State - REP,James Wiley
Prowers,State Treasurer - REP,Kevin Grantham
Prowers,Attorney General - REP (Prowers),"David Willson,Michael J. Allen"
Prowers,State Senator - District 35 - REP,Rod Pelton
Prowers,State Representative - District 47 - REP,Ty Winter
Prowers,Prowers County Commissioner - District 2 - REP,Ron Cook
Prowers,Prowers County Clerk and Recorder - REP,Jana Coen
Prowers,Prowers County Treasurer - REP,Abbie Campbell
Prowers,Prowers County Assessor - REP,Wylee Wollert
Prowers,Prowers County Sheriff - REP,Samuel C. Zordel
Prowers,Prowers County Coroner - REP,Anthony Letteer
Prowers,Governor - UNI,"Jeff Peckman,Paul Noel Fiorino"
Pueblo,United States Senator - DEM,"John Hickenlooper,Julie Gonzales"
Pueblo,Representative to the 120th United States Congress - District 3 - DEM,"Dwayne L. Romero,Alex Kelloff"
Pueblo,Governor - DEM,"Michael Bennet,Phil Weiser"
Pueblo,Secretary of State - DEM,"Jessie Danielson,Amanda Gonzalez"
Pueblo,State Treasurer - DEM,Jeff Bridges
Pueblo,Attorney General - DEM,"Hetal Doshi,Michael Dougherty,David Seligman,Jena Griswold"
Pueblo,State Board of Education Member - Congressional District 3 - DEM,Barb Clementi
Pueblo,State Senator - District 3 - DEM,"Taylor Voss,Aaron Gutierrez"
Pueblo,State Representative - District 60 - DEM,Kathryn Kester Green
Pueblo,Pueblo County Commissioner - District 3 - DEM,Angela Giron
Pueblo,Pueblo County Clerk and Recorder - DEM,Candace Rivera
Pueblo,Pueblo County Treasurer - DEM,Kim Archuletta
Pueblo,Pueblo County Assessor - DEM,Naseem Zubi
Pueblo,Pueblo County Sheriff - DEM,"Allen Medina,David J. Lucero"
Pueblo,Pueblo County Surveyor - DEM,Randy Reeves
Pueblo,Pueblo County Coroner - DEM,Zolanye McCulley-Bachicha
Pueblo,Secretary of State - LBR,"Alex Astley,Sean Vadney"
Pueblo,United States Senator - REP,Mark Baisley
Pueblo,Representative to the 120th United States Congress - District 3 - REP,"Jeff Hurd,Ron Hanks"
Pueblo,Governor - REP,"Kelvin ""K-Man"" Wimberly,Barb Kirkmeyer,Victor Marx,Scott Bottoms"
Pueblo,Secretary of State - REP,James Wiley
Pueblo,State Treasurer - REP,Kevin Grantham
Pueblo,Attorney General - REP (Pueblo),"David Willson,Michael J. Allen"
Pueblo,State Board of Education Member - Congressional District 3 - REP,Sherri M Wright
Pueblo,State Senator - District 3 - REP,Dana Charles
Pueblo,State Representative - District 60 - REP,"Matt Alexander,Michelle Gray"
Pueblo,Pueblo County Commissioner - District 3 - REP,Zach Swearingen
Pueblo,Pueblo County Clerk and Recorder - REP,Mary Vieth
Pueblo,Pueblo County Treasurer - REP,Jonathan Ambler
Pueblo,Pueblo County Assessor - REP,Tammi Pando
Pueblo,Pueblo County Coroner - REP,Gregory Grahek
Pueblo,Governor - UNI,"Jeff Peckman,Paul Noel Fiorino"
Pueblo,State Representative - District 62 - DEM,Matthew Martinez
Pueblo,State Representative - District 62 - REP,"Evans Gonzalez,Steven Rodriguez"
Pueblo,State Representative - District 47 - DEM,Vic Meyers
Pueblo,State Representative - District 47 - REP,Ty Winter
Pueblo,State Representative - District 46 - DEM,Tisha Mauro
Pueblo,State Representative - District 46 - REP,Jonathan Post
Rio Blanco,United States Senator - DEM,"John Hickenlooper,Julie Gonzales"
Rio Blanco,Representative to the 120th United States Congress - District 3 - DEM,"Dwayne L. Romero,Alex Kelloff"
Rio Blanco,Governor - DEM,"Michael Bennet,Phil Weiser"
Rio Blanco,Secretary of State - DEM,"Jessie Danielson,Amanda Gonzalez"
Rio Blanco,State Treasurer - DEM,Jeff Bridges
Rio Blanco,Attorney General - DEM,"Hetal Doshi,Michael Dougherty,David Seligman,Jena Griswold"
Rio Blanco,State Board of Education Member - Congressional District 3 - DEM,Barb Clementi
Rio Blanco,State Senator - District 8 - DEM,Dylan Roberts
Rio Blanco,State Representative - District 26 - DEM,Meghan Lukens
Rio Blanco,Secretary of State - LBR,"Alex Astley,Sean Vadney"
Rio Blanco,United States Senator - REP,Mark Baisley
Rio Blanco,Representative to the 120th United States Congress - District 3 - REP,"Jeff Hurd,Ron Hanks"
Rio Blanco,Governor - REP,"Kelvin ""K-Man"" Wimberly,Barb Kirkmeyer,Victor Marx,Scott Bottoms"
Rio Blanco,Secretary of State - REP,James Wiley
Rio Blanco,State Treasurer - REP,Kevin Grantham
Rio Blanco,Attorney General - REP,"David Willson,Michael J. Allen"
Rio Blanco,State Board of Education Member - Congressional District 3 - REP,Sherri M Wright
Rio Blanco,State Senator - District 8 - REP,Corey Marshall
Rio Blanco,State Representative - District 26 - REP,James Kellogg
Rio Blanco,Rio Blanco County Commissioner District 1 - REP,"Travis Day,Richard Ford"
Rio Blanco,Rio Blanco County Clerk and Recorder - REP,Shawn M Luce
Rio Blanco,Rio Blanco County Treasurer - REP,Rebecca Balboa
Rio Blanco,Rio Blanco County Sheriff - REP,"Jim D Amick,Travis Mobley"
Rio Blanco,Rio Blanco County Surveyor - REP,Jonathan Leif Joy
Rio Blanco,Rio Blanco County Coroner - REP,Laura L. Smith
Rio Blanco,Governor - UNI,"Jeff Peckman,Paul Noel Fiorino"
Rio Grande,United States Senator - DEM,"John Hickenlooper,Julie Gonzales"
Rio Grande,Representative to the 120th United States Congress - District 3 - DEM,"Dwayne L. Romero,Alex Kelloff"
Rio Grande,Governor - DEM,"Michael Bennet,Phil Weiser"
Rio Grande,Secretary of State - DEM,"Jessie Danielson,Amanda Gonzalez"
Rio Grande,State Treasurer - DEM,Jeff Bridges
Rio Grande,Attorney General - DEM (Rio Grande),"Hetal Doshi,Michael Dougherty,David Seligman,Jena Griswold"
Rio Grande,State Board of Education Member - Congressional District 3 - DEM,Barb Clementi
Rio Grande,State Representative - District 62 - DEM,Matthew Martinez
Rio Grande,Rio Grande County Sheriff - DEM,Gilbert Eloy Atencio
Rio Grande,Secretary of State - LBR,"Alex Astley,Sean Vadney"
Rio Grande,United States Senator - REP,Mark Baisley
Rio Grande,Representative to the 120th United States Congress - District 3 - REP,"Jeff Hurd,Ron Hanks"
Rio Grande,Governor - REP,"Kelvin ""K-Man"" Wimberly,Barb Kirkmeyer,Victor Marx,Scott Bottoms"
Rio Grande,Secretary of State - REP,James Wiley
Rio Grande,State Treasurer - REP,Kevin Grantham
Rio Grande,Attorney General - REP,"David Willson,Michael J. Allen"
Rio Grande,State Board of Education Member - Congressional District 3 - REP,Sherri M Wright
Rio Grande,State Representative - District 62 - REP,"Evans Gonzalez,Steven Rodriguez"
Rio Grande,Rio Grande County Commissioner District 2 - REP,"Kurt Holland,Tyler Ratzlaff"
Rio Grande,Rio Grande County Clerk and Recorder - REP,Cindy Hill
Rio Grande,Rio Grande County Assessor - REP,J. J. Mondragon
Rio Grande,Rio Grande County Sheriff - REP,"Patrick Martinez,Anne M. Robinson"
Rio Grande,Rio Grande County Coroner - REP,Stephen Hunzeker
Rio Grande,Governor - UNI,"Jeff Peckman,Paul Noel Fiorino"
Routt,United States Senator - DEM,"John Hickenlooper,Julie Gonzales"
Routt,Representative to the 120th United States Congress - District 2 - DEM,Joe Neguse
Routt,Governor - DEM,"Michael Bennet,Phil Weiser"
Routt,Secretary of State - DEM,"Jessie Danielson,Amanda Gonzalez"
Routt,State Treasurer - DEM,Jeff Bridges
Routt,Attorney General - DEM,"Hetal Doshi,Michael Dougherty,David Seligman,Jena Griswold"
Routt,Regent of the University of Colorado - Congressional District 2 - DEM (Routt),"Murray Smith,Edie Hooton,Kubs Lalchandani"
Routt,State Senator - District 8 - DEM,Dylan Roberts
Routt,State Representative - District 26 - DEM,Meghan Lukens
Routt,Routt County Commissioner - District 3 - DEM,Sonja Macys
Routt,Routt County Sheriff - DEM,Doug Scherar
Routt,Secretary of State - LBR,"Alex Astley,Sean Vadney"
Routt,United States Senator - REP,Mark Baisley
Routt,Representative to the 120th United States Congress - District 2 - REP,"Christina Blunt (Ducommun),Kelley Anne Dennison"
Routt,Governor - REP,"Kelvin ""K-Man"" Wimberly,Barb Kirkmeyer,Victor Marx,Scott Bottoms"
Routt,Secretary of State - REP,James Wiley
Routt,State Treasurer - REP,Kevin Grantham
Routt,Attorney General - REP (Routt),"David Willson,Michael J. Allen"
Routt,Regent of the University of Colorado - Congressional District 2 - REP,Marty Neilson
Routt,State Senator - District 8 - REP,Corey Marshall
Routt,State Representative - District 26 - REP,James Kellogg
Routt,Governor - UNI,"Jeff Peckman,Paul Noel Fiorino"
Saguache,United States Senator - DEM,"John Hickenlooper,Julie Gonzales"
Saguache,Representative to the 120th United States Congress - District 3 - DEM,"Dwayne L. Romero,Alex Kelloff"
Saguache,Governor - DEM,"Michael Bennet,Phil Weiser"
Saguache,Secretary of State - DEM (Saguache),"Jessie Danielson,Amanda Gonzalez"
Saguache,State Treasurer - DEM,Jeff Bridges
Saguache,Attorney General - DEM,"Hetal Doshi,Michael Dougherty,David Seligman,Jena Griswold"
Saguache,State Board of Education Member - Congressional District 3 - DEM,Barb Clementi
Saguache,State Representative - District 62 - DEM,Matthew Martinez
Saguache,Saguache County Commissioner District 3 - DEM,"Tim N. Lovato,Liza Marron"
Saguache,Saguache County Assessor - DEM,Peter Peterson
Saguache,Secretary of State - LBR,"Alex Astley,Sean Vadney"
Saguache,United States Senator - REP,Mark Baisley
Saguache,Representative to the 120th United States Congress - District 3 - REP (Saguache),"Jeff Hurd,Ron Hanks"
Saguache,Governor - REP,"Kelvin ""K-Man"" Wimberly,Barb Kirkmeyer,Victor Marx,Scott Bottoms"
Saguache,Secretary of State - REP,James Wiley
Saguache,State Treasurer - REP,Kevin Grantham
Saguache,Attorney General - REP,"David Willson,Michael J. Allen"
Saguache,State Board of Education Member - Congressional District 3 - REP,Sherri M Wright
Saguache,State Representative - District 62 - REP,"Evans Gonzalez,Steven Rodriguez"
Saguache,Saguache County Commissioner District 3 - REP,Jeff Phillips
Saguache,Saguache County Clerk and Recorder - REP,Trish Gilbert
Saguache,Saguache County Treasurer - REP,Regina Swartz
Saguache,Saguache County Sheriff - REP,Dan Warwick
Saguache,Saguache County Coroner - REP,Tania Sanchez
Saguache,Governor - UNI,"Jeff Peckman,Paul Noel Fiorino"
San Miguel,United States Senator - DEM,"John Hickenlooper,Julie Gonzales"
San Miguel,Representative to the 120th United States Congress - District 3 - DEM (San Miguel),"Dwayne L. Romero,Alex Kelloff"
San Miguel,Governor - DEM,"Michael Bennet,Phil Weiser"
San Miguel,Secretary of State - DEM,"Jessie Danielson,Amanda Gonzalez"
San Miguel,State Treasurer - DEM,Jeff Bridges
San Miguel,Attorney General - DEM,"Hetal Doshi,Michael Dougherty,David Seligman,Jena Griswold"
San Miguel,State Board of Education Member - Congressional District 3 - DEM,Barb Clementi
San Miguel,State Representative - District 58 - DEM,Susannah Smith
San Miguel,San Miguel County Commissioner District 2 - DEM,Paul Reich
San Miguel,San Miguel County Clerk and Recorder - DEM,Michael Wyszynski
San Miguel,San Miguel County Treasurer - DEM,Brandi R. Hatfield
San Miguel,San Miguel County Sheriff - DEM,Lane Keith Masters
San Miguel,San Miguel County Surveyor - DEM,J. David Foley
San Miguel,San Miguel County Coroner - DEM,Emil Sante
San Miguel,Secretary of State - LBR,"Alex Astley,Sean Vadney"
San Miguel,United States Senator - REP,Mark Baisley
San Miguel,Representative to the 120th United States Congress - District 3 - REP (San Miguel),"Jeff Hurd,Ron Hanks"
San Miguel,Governor - REP,"Kelvin ""K-Man"" Wimberly,Barb Kirkmeyer,Victor Marx,Scott Bottoms"
San Miguel,Secretary of State - REP,James Wiley
San Miguel,State Treasurer - REP,Kevin Grantham
San Miguel,Attorney General - REP,"David Willson,Michael J. Allen"
San Miguel,State Board of Education Member - Congressional District 3 - REP,Sherri M Wright
San Miguel,State Representative - District 58 - REP,Larry Don Suckla
San Miguel,Governor - UNI,"Jeff Peckman,Paul Noel Fiorino"
San Miguel,Town of Telluride Town Council,"Charles Dalton,Chris Uihlein,Marya Stark"
Sedgwick,United States Senator - DEM,"John Hickenlooper,Julie Gonzales"
Sedgwick,Representative to the 120th United States Congress - District 4 - DEM,"Jenna Preston,Eileen Laubacher,Write-in"
Sedgwick,Governor - DEM,"Michael Bennet,Phil Weiser"
Sedgwick,Secretary of State - DEM,"Jessie Danielson,Amanda Gonzalez"
Sedgwick,State Treasurer - DEM,Jeff Bridges
Sedgwick,Attorney General - DEM,"Hetal Doshi,Michael Dougherty,David Seligman,Jena Griswold"
Sedgwick,State Senator - District 1 - DEM,Jamie Jeffery
Sedgwick,Secretary of State - LBR,"Alex Astley,Sean Vadney"
Sedgwick,United States Senator - REP,Mark Baisley
Sedgwick,Representative to the 120th United States Congress - District 4 - REP,Lauren Boebert
Sedgwick,Governor - REP,"Kelvin ""K-Man"" Wimberly,Barb Kirkmeyer,Victor Marx,Scott Bottoms"
Sedgwick,Secretary of State - REP,James Wiley
Sedgwick,State Treasurer - REP,Kevin Grantham
Sedgwick,Attorney General - REP (Sedgwick),"David Willson,Michael J. Allen"
Sedgwick,State Senator - District 1 - REP,Byron Pelton
Sedgwick,State Representative - District 63 - REP,Dusty Johnson
Sedgwick,Sedgwick County Commissioner - District 1 - REP,Randy R Renquist
Sedgwick,Sedgwick County Treasurer - REP,Lori L Ehmke
Sedgwick,Sedgwick County Assessor - REP,Elmer Ruder
Sedgwick,Sedgwick County Sheriff - REP,"Koby Quayle,Kim Zion"
Sedgwick,Sedgwick County Coroner - REP,Tasha L Harris
Sedgwick,Governor - UNI,"Jeff Peckman,Paul Noel Fiorino"
Summit,United States Senator - DEM,"John Hickenlooper,Julie Gonzales"
Summit,Representative to the 120th United States Congress - District 2 - DEM,Joe Neguse
Summit,Governor - DEM,"Michael Bennet,Phil Weiser"
Summit,Secretary of State - DEM (Summit),"Jessie Danielson,Amanda Gonzalez"
Summit,State Treasurer - DEM,Jeff Bridges
Summit,Attorney General - DEM,"Hetal Doshi,Michael Dougherty,David Seligman,Jena Griswold"
Summit,Regent of the University of Colorado - Congressional District 2 - DEM,"Murray Smith,Edie Hooton,Kubs Lalchandani"
Summit,State Senator - District 8 - DEM,Dylan Roberts
Summit,State Representative - District 13 - DEM,"Consuelo Redhorse,Chris Floyd"
Summit,Summit County Commissioner - District 1 - DEM,Eric Mamula
Summit,Summit County Clerk and Recorder - DEM,Taryn Power
Summit,Summit County Treasurer - DEM,Jacqueline Kosel
Summit,Summit County Assessor - DEM,Lisa M. Eurich
Summit,Summit County Sheriff - DEM,Jaime FitzSimons
Summit,Summit County Coroner - DEM,Amber Flenniken
Summit,Secretary of State - LBR,"Alex Astley,Sean Vadney"
Summit,United States Senator - REP,Mark Baisley
Summit,Representative to the 120th United States Congress - District 2 - REP,"Christina Blunt (Ducommun),Kelley Anne Dennison"
Summit,Governor - REP,"Kelvin ""K-Man"" Wimberly,Barb Kirkmeyer,Victor Marx,Scott Bottoms"
Summit,Secretary of State - REP,James Wiley
Summit,State Treasurer - REP,Kevin Grantham
Summit,Attorney General - REP (Summit),"David Willson,Michael J. Allen"
Summit,Regent of the University of Colorado - Congressional District 2 - REP,Marty Neilson
Summit,State Senator - District 8 - REP,Corey Marshall
Summit,State Representative - District 13 - REP,Miguel Martinez
Summit,Summit County Commissioner - District 1 - REP,Lori Cutunilli
Summit,Governor - UNI,"Jeff Peckman,Paul Noel Fiorino"
Teller,United States Senator - DEM,"John Hickenlooper,Julie Gonzales"
Teller,Representative to the 120th United States Congress - District 7 - DEM,Brittany Pettersen
Teller,Governor - DEM,"Michael Bennet,Phil Weiser"
Teller,Secretary of State - DEM (Teller),"Jessie Danielson,Amanda Gonzalez"
Teller,State Treasurer - DEM,Jeff Bridges
Teller,Attorney General - DEM,"Hetal Doshi,Michael Dougherty,David Seligman,Jena Griswold"
Teller,State Board of Education Member - Congressional District 7 - DEM,Karla Esser
Teller,Regent of the University of Colorado - Congressional District 7 - DEM,Nolbert Chavez
Teller,State Senator - District 4 - DEM,Justin Kurth
Teller,State Representative - District 60 - DEM,Kathryn Kester Green
Teller,Teller County Commissioner District 2 - DEM,Dennis Luttrell
Teller,United States Senator - REP,Mark Baisley
Teller,Representative to the 120th United States Congress - District 7 - REP,Tim Bennett
Teller,Governor - REP (Teller),"Kelvin ""K-Man"" Wimberly,Barb Kirkmeyer,Victor Marx,Scott Bottoms"
Teller,Secretary of State - REP,James Wiley
Teller,State Treasurer - REP,Kevin Grantham
Teller,Attorney General - REP,"David Willson,Michael J. Allen"
Teller,State Board of Education Member - Congressional District 7 - REP,Steve Barton
Teller,Regent of the University of Colorado - Congressional District 7 - REP,"Paul Mueller,Joan Poston"
Teller,State Senator - District 4 - REP,Teddy Collins
Teller,State Representative - District 60 - REP,"Matt Alexander,Michelle Gray"
Teller,Teller County Commissioner District 2 - REP,Carl E Andersen
Teller,Teller County Clerk and Recorder - REP,Stephanie Kees
Teller,Teller County Treasurer - REP,Krystal Brown
Teller,Teller County Assessor - REP,Kurt Schoenberger
Teller,Teller County Sheriff - REP,Kevin Tedesco
Teller,Teller County Coroner - REP,Stephen Tomsky
Teller,Secretary of State - LBR,"Alex Astley,Sean Vadney"
Teller,Governor - UNI,"Jeff Peckman,Paul Noel Fiorino"
Teller,State Representative - District 18 - DEM,Amy T Paschal
Teller,State Representative - District 18 - REP,Adriana Cuva
Washington,United States Senator - DEM,"John Hickenlooper,Julie Gonzales"
Washington,Representative to the 120th United States Congress - District 4 - DEM,"Jenna Preston,Eileen Laubacher,Write-in"
Washington,Governor - DEM,"Michael Bennet,Phil Weiser"
Washington,Secretary of State - DEM,"Jessie Danielson,Amanda Gonzalez"
Washington,State Treasurer - DEM,Jeff Bridges
Washington,Attorney General - DEM,"Hetal Doshi,Michael Dougherty,David Seligman,Jena Griswold"
Washington,State Senator - District 1 - DEM,Jamie Jeffery
Washington,Secretary of State - LBR,"Alex Astley,Sean Vadney"
Washington,United States Senator - REP,Mark Baisley
Washington,Representative to the 120th United States Congress - District 4 - REP,Lauren Boebert
Washington,Governor - REP,"Kelvin ""K-Man"" Wimberly,Barb Kirkmeyer,Victor Marx,Scott Bottoms"
Washington,Secretary of State - REP,James Wiley
Washington,State Treasurer - REP,Kevin Grantham
Washington,Attorney General - REP,"David Willson,Michael J. Allen"
Washington,State Senator - District 1 - REP,Byron Pelton
Washington,State Representative - District 63 - REP,Dusty Johnson
Washington,Washington County Commissioner - District 1 - REP,"Gisele Jefferson,Richard Alonso Holtorf"
Washington,Washington County Clerk and Recorder - REP,Annie Kuntz
Washington,Washington County Treasurer - REP,Michelle Swan
Washington,Washington County Assessor - REP,Hali Thompson
Washington,Washington County Sheriff - REP,Robbie Furrow
Washington,Washington County Coroner - REP,Dallas Bowin
Washington,Governor - UNI,"Jeff Peckman,Paul Noel Fiorino"
Weld,United States Senator - DEM,"John Hickenlooper,Julie Gonzales"
Weld,Representative to the 120th United States Congress - District 4 - DEM,"Jenna Preston,Eileen Laubacher,Write-in"
Weld,Governor - DEM,"Michael Bennet,Phil Weiser"
Weld,Secretary of State - DEM,"Jessie Danielson,Amanda Gonzalez"
Weld,State Treasurer - DEM,Jeff Bridges
Weld,Attorney General - DEM,"Hetal Doshi,Michael Dougherty,David Seligman,Jena Griswold"
Weld,Secretary of State - LBR,"Alex Astley,Sean Vadney"
Weld,United States Senator - REP,Mark Baisley
Weld,Representative to the 120th United States Congress - District 4 - REP,Lauren Boebert
Weld,Governor - REP,"Kelvin ""K-Man"" Wimberly,Barb Kirkmeyer,Victor Marx,Scott Bottoms"
Weld,Secretary of State - REP,James Wiley
Weld,State Treasurer - REP,Kevin Grantham
Weld,Attorney General - REP (Weld),"David Willson,Michael J. Allen"
Weld,State Representative - District 65 - REP,Lori Garcia Sander
Weld,Weld County Commissioner - At-Large - REP,Steve Reams
Weld,Weld County Clerk and Recorder - REP,Rudy Santos
Weld,Weld County Assessor - REP,Jason A Marini
Weld,Weld County Sheriff - REP,Matt Turner
Weld,Governor - UNI,"Jeff Peckman,Paul Noel Fiorino"
Weld,State Representative - District 63 - REP,Dusty Johnson
Weld,State Senator - District 1 - DEM,Jamie Jeffery
Weld,State Senator - District 1 - REP,Byron Pelton
Weld,State Representative - District 64 - DEM,Maureen (Mo) Dower
Weld,State Representative - District 64 - REP,Scott L. Slaugh
Weld,State Representative - District 48 - DEM,Dez Packard
Weld,State Representative - District 48 - REP,Carlos Barron
Weld,Representative to the 120th United States Congress - District 7 - DEM,Brittany Pettersen
Weld,State Board of Education Member - Congressional District 7 - DEM,Karla Esser
Weld,Regent of the University of Colorado - Congressional District 7 - DEM,Nolbert Chavez
Weld,State Senator - District 17 - DEM,Katie Wallace
Weld,State Representative - District 19 - DEM (Weld),"Colton Jonjak Plahn,Jillaire McMillan,Anil Pesaramelli"
Weld,Representative to the 120th United States Congress - District 7 - REP,Tim Bennett
Weld,State Board of Education Member - Congressional District 7 - REP,Steve Barton
Weld,Regent of the University of Colorado - Congressional District 7 - REP,"Paul Mueller,Joan Poston"
Weld,State Senator - District 17 - REP,Pat Miller
Weld,State Representative - District 19 - REP,Dan Woog
Weld,Weld County Commissioner - District 2 - REP,Scott James
Weld,State Senator - District 25 - DEM,William Lindstedt
Weld,State Representative - District 33 - DEM,"Kenny Van Nguyen,Heidi Henkel"
Weld,State Senator - District 25 - REP,Rich Guggenheim
Weld,State Representative - District 33 - REP,Nate Jorgensen
Weld,Representative to the 120th United States Congress - District 2 - DEM,Joe Neguse
Weld,Regent of the University of Colorado - Congressional District 2 - DEM,"Murray Smith,Edie Hooton,Kubs Lalchandani"
Weld,Representative to the 120th United States Congress - District 2 - REP,"Christina Blunt (Ducommun),Kelley Anne Dennison"
Weld,Regent of the University of Colorado - Congressional District 2 - REP,Marty Neilson
Weld,Representative to the 120th United States Congress - District 8 - DEM,"Shannon Bird,Evan Munsing,Manny Rutinel"
Weld,State Representative - District 50 - DEM,Tommy Butler
Weld,Representative to the 120th United States Congress - District 8 - REP,Gabe Evans
Weld,State Representative - District 50 - REP,Ryan Gonzalez
Yuma,United States Senator - DEM,"John Hickenlooper,Julie Gonzales"
Yuma,Representative to the 120th United States Congress - District 4 - DEM,"Jenna Preston,Eileen Laubacher,Write-in"
Yuma,Governor - DEM,"Michael Bennet,Phil Weiser"
Yuma,Secretary of State - DEM,"Jessie Danielson,Amanda Gonzalez"
Yuma,State Treasurer - DEM,Jeff Bridges
Yuma,Attorney General - DEM,"Hetal Doshi,Michael Dougherty,David Seligman,Jena Griswold"
Yuma,State Senator - District 1 - DEM,Jamie Jeffery
Yuma,Secretary of State - LBR,"Alex Astley,Sean Vadney"
Yuma,United States Senator - REP,Mark Baisley
Yuma,Representative to the 120th United States Congress - District 4 - REP,Lauren Boebert
Yuma,Governor - REP,"Kelvin ""K-Man"" Wimberly,Barb Kirkmeyer,Victor Marx,Scott Bottoms"
Yuma,Secretary of State - REP,James Wiley
Yuma,State Treasurer - REP,Kevin Grantham
Yuma,Attorney General - REP (Yuma),"David Willson,Michael J. Allen"
Yuma,State Senator - District 1 - REP,Byron Pelton
Yuma,State Representative - District 63 - REP,Dusty Johnson
Yuma,Yuma County Commissioner - District 1 - REP,Cliff Leonhardt
Yuma,Yuma County Clerk and Recorder - REP,"Haleigh Studer,Sara Vance"
Yuma,Yuma County Treasurer - REP,Chrystal Hammond
Yuma,Yuma County Assessor - REP,Kaci Scholes
Yuma,Yuma County Sheriff - REP,"Matthew W. Hardesty,Larry D. Gilliland"
Yuma,Yuma County Coroner - REP,Javan Jones
Yuma,Governor - UNI,"Jeff Peckman,Paul Noel Fiorino"
