min_margin,contest_name,contest_cvr_ids
0,Lincoln County Treasurer - REP,[]
0,State Senator - District 4 - REP,[]
0,State Senator - District 22 - DEM,[]
0,Rio Blanco County Clerk and Recorder - REP,[]
0,Representative to the 120th United States Congress - District 2 - DEM,[]
0,State Representative - District 36 - REP,[]
0,Summit County Sheriff - DEM,[]
0,Regent of the University of Colorado - Congressional District 2 - REP,[]
0,State Senator - District 35 - DEM,[]
0,San Miguel County Coroner - DEM,[]
0,County Clerk and Recorder (REP),[]
0,Kit Carson County Assessor - DEM,[]
0,Baca County Treasurer - REP,[]
0,Jefferson County Coroner - REP,[]
0,Mesa County Treasurer - REP,[]
0,State Representative - District 49 - REP,[]
84,Jackson County Clerk and Recorder - REP,"[507392,506969,507318,507516,507146,507412,506990,507081,507123,507198,507505,507030,507105,507113,507132,507444,507088,507460,507313,506967,507284,507081,507151,507119,507184,507124,507349,507089,507450,507391,507141,507084,507322,507203,506990,507333,507389,507188,507478,507089,507268,507352,507513,507437,507256,507406,507327,507201,507338,507348,506960,507199]"
0,Alamosa County Coroner - REP,[]
0,Sedgwick County Assessor - REP,[]
0,Sedgwick County Coroner - REP,[]
0,State Representative - District 63 - REP,[]
0,State Representative - District 1 - REP,[]
0,State Representative - District 12 - DEM,[]
0,Custer County Clerk and Recorder - REP,[]
0,State Representative - District 52 - DEM,[]
0,Lake County Clerk and Recorder - DEM,[]
0,Prowers County Clerk and Recorder - REP,[]
0,State Representative - District 31 - REP,[]
0,County Assessor (DEM),[]
0,Custer County Treasurer - REP,[]
0,Ouray County Commissioner - District 2 - DEM,[]
0,Crowley County Sheriff - REP,[]
0,La Plata County Treasurer - DEM,[]
0,Logan County Assessor - REP,[]
0,Arapahoe County Coroner - DEM,[]
0,Douglas County Clerk and Recorder (DEM),[]
0,Prowers County Assessor - REP,[]
0,Saguache County Treasurer - REP,[]
0,Las Animas County Treasurer - REP,[]
0,Mesa County Surveyor - REP,[]
0,Montezuma County Commissioner District 1 - DEM,[]
0,Bent County Sheriff - REP,[]
0,Las Animas County Clerk and Recorder - DEM,[]
0,Representative to the 120th United States Congress - District 7 - REP,[]
0,Jefferson County Commissioner - District 3 - REP,[]
0,Kit Carson County Commissioner - District 2 - REP,[]
0,Dolores County Treasurer - REP,[]
0,Prowers County Commissioner - District 2 - REP,[]
0,Washington County Coroner - REP,[]
0,Delta County Commissioner - District 1 - REP,[]
0,State Representative - District 44 (DEM),[]
0,Clear Creek County Sheriff - REP,[]
0,State Senator - District 34 (REP),[]
0,County Sheriff (DEM),[]
0,Jackson County Assessor - REP,[]
0,Boulder County Commissioner - District 3 - DEM,[]
0,Chaffee County Treasurer - DEM,[]
0,State Representative - District 3 - DEM,[]
0,Kit Carson County Treasurer - REP,[]
0,Boulder County Assessor - DEM,[]
0,Summit County Assessor - DEM,[]
0,State Senator - District 27 - DEM,[]
0,Chaffee County Commissioner - District 3 - REP,[]
0,State Representative - District 57 - DEM,[]
0,Kiowa County Coroner - REP,[]
0,Garfield County Treasurer (REP),[]
0,Sedgwick County Commissioner - District 1 - REP,[]
0,Crowley County Treasurer - REP,[]
0,State Senator - District 29 - DEM,[]
0,Park County Surveyor - REP,[]
0,Bent County Clerk and Recorder - REP,[]
0,Clear Creek County Clerk and Recorder - DEM,[]
0,Larimer County Surveyor - REP,[]
0,Jackson County Treasurer - REP,[]
0,Mesa County Treasurer - DEM,[]
0,Park County Treasurer - DEM,[]
0,Pueblo County Coroner - REP,[]
0,State Representative - District 49 - DEM,[]
0,Logan County Clerk and Recorder - REP,[]
0,Montrose County Treasurer - REP,[]
0,Clerk & Recorder (REP),[]
0,State Representative - District 46 - DEM,[]
0,El Paso County Commissioner - District 1 - DEM,[]
0,Elbert County Treasurer (REP),[]
0,State Senator - District 4 - DEM,[]
0,Saguache County Commissioner District 3 - REP,[]
0,State Representative - District 23 - DEM,[]
0,State Representative - District 4 (REP),[]
0,State Representative - District 47 - REP,[]
0,Larimer County Sheriff - REP,[]
0,State Senator - District 25 - REP,[]
0,Moffat County Coroner - REP,[]
0,Moffat County Assessor - REP,[]
0,Gunnison County Coroner - DEM,[]
0,Adams County Sheriff - REP,[]
0,State Senator - District 11 - DEM,[]
0,State Representative - District 15 - REP,[]
0,Routt County Sheriff - DEM,[]
0,Kit Carson County Sheriff - REP,[]
0,La Plata County Coroner - REP,[]
0,Grand County Coroner (REP),[]
0,Eagle County Commissioner - District 3 - DEM,[]
0,State Representative - District 54 - DEM,[]
0,County Commissioner - District 1 (REP),[]
0,State Representative - District 60 - DEM,[]
0,Yuma County Treasurer - REP,[]
1025,Secretary of State - DEM (Montrose),"[141076,145103,149442,137766,139504,145637,135583,144400,139020,139661,143073,139279,138099,140381,138626,136881,138277,135087,140239,141064,141848,149613,135995,148069,137029,139570,144126,142207,140550,147802,136139,138781,142466,137905,135647,136755,146293,141059,135558,137893,138978,136525,138097,136055,148572,134832,141935,134895,136080,146345,138783,145015,136982,142435,138843,136188,148776,139514,145610,144398,149750,149262,145223,134787,149406,139753,141614,149713,140224,142347,148773,135600,145453,145271,148261,140540,141391,141556,141325,141742,143645,143813,135269,143045,140197,141374,134554,139793,139746]"
0,Mineral County Clerk and Recorder - REP,[]
0,Montrose County Clerk and Recorder - REP,[]
0,Huerfano County Commissioner - District 3 - REP,[]
0,Las Animas County Treasurer - DEM,[]
0,State Representative - District 1 - DEM,[]
0,Lincoln County Clerk and Recorder - REP,[]
0,Lake County Treasurer - DEM,[]
0,Douglas County Sheriff (REP),[]
0,State Representative - District 25 - DEM,[]
0,State Representative - District 17 - REP,[]
0,State Representative - District 2 (REP),[]
0,Gilpin County Sheriff (REP),[]
0,Pueblo County Assessor - REP,[]
0,State Representative - District 50 - REP,[]
0,State Representative - District 46 - REP,[]
0,State Representative - District 13 - REP,[]
0,Morgan County Commissioner District 2 - REP,[]
0,Commissioner - District 3 (REP),[]
0,Eagle County Sheriff - REP,[]
0,Elbert County Assessor (REP),[]
0,State Senator - District 29 - REP,[]
0,State Senator - District 7 - REP,[]
0,Montrose County Commissioner - District 3 - REP,[]
0,Cheyenne County Clerk and Recorder - REP,[]
0,State Board of Education Member - Congressional District 1 - DEM,[]
0,Crowley County Assessor - REP,[]
0,Washington County Treasurer - REP,[]
0,State Representative - District 59 - REP,[]
0,State Representative - District 15 - DEM,[]
0,La Plata County Coroner - DEM,[]
193,Attorney General - REP (Kit Carson),"[108107,107424,108329,107319,107313,108324,107399,107496,107476,107660,107803,108458,108550,107863,108084,107054,108177,107158,108412,108442,107820,106879,107589,108531,106981,108074,108228,108244,108511,108376,107976,107176,108503,108280,107411,107237,106778,107977,107302,108420,108476,108249,108345,108473,107311,108256,108174,108463,106899,108100,107252,108112,107542,108402,108254,107852,106840,107170,107892,108075,106828,107158,107730,107574,107853,107044,107590,107256,107477,107060,106940,107011]"
0,State Representative - District 55 - DEM,[]
0,Douglas County Treasurer (DEM),[]
0,Garfield County Assessor (REP),[]
0,Las Animas County Assessor - REP,[]
0,Regent of the University of Colorado - Congressional District 6 - DEM,[]
0,Park County Coroner - DEM,[]
0,Eagle County Coroner - DEM,[]
0,Teller County Treasurer - REP,[]
0,State Representative - District 20 - REP,[]
0,Jefferson County Assessor - REP,[]
0,State Senator - District 8 - DEM,[]
0,Otero County Coroner (REP),[]
0,Alamosa County Sheriff - DEM,[]
0,Las Animas County Coroner - DEM,[]
0,United States Senator - REP,[]
0,Yuma County Commissioner - District 1 - REP,[]
0,El Paso County Sheriff - REP,[]
0,Elbert County Clerk and Recorder (REP),[]
0,Pueblo County Assessor - DEM,[]
0,Lincoln County Assessor - REP,[]
0,Arapahoe County Sheriff - DEM,[]
0,State Senator - District 9 - DEM,[]
0,Pueblo County Commissioner - District 3 - REP,[]
0,Lake County Clerk and Recorder - REP,[]
0,State Representative - District 6 (REP),[]
0,State Representative - District 21 - DEM,[]
0,Regent of the University of Colorado - Congressional District 7 - DEM,[]
0,La Plata County Sheriff - DEM,[]
0,Hinsdale County Treasurer - REP,[]
0,State Senator - District 35 - REP,[]
0,Archuleta County Treasurer - REP,[]
0,Douglas County Assessor (REP),[]
0,Saguache County Sheriff - REP,[]
0,State Representative - District 10 - DEM,[]
0,Pueblo County Treasurer - REP,[]
0,Secretary of State - REP,[]
0,State Representative - District 53 - REP,[]
0,State Representative - District 22 - DEM,[]
0,Park County Sheriff - DEM,[]
0,County Commissioner - District 2 (DEM),[]
0,Bent County Treasurer - REP,[]
0,State Representative - District 5 (REP),[]
0,Park County Treasurer - REP,[]
0,Cheyenne County Assessor - REP,[]
0,Eagle County Treasurer - DEM,[]
0,Morgan County Assessor - REP,[]
0,State Representative - District 65 - REP,[]
0,Montrose County Commissioner - District 2 - REP,[]
0,State Representative - District 62 - DEM,[]
0,Larimer County Coroner - DEM,[]
0,El Paso County Coroner - REP,[]
0,State Representative - District 16 - DEM,[]
0,County Surveyor (DEM),[]
0,Larimer County Treasurer - REP,[]
0,State Representative - District 43 (REP),[]
0,State Senator - District 30 (REP),[]
0,State Representative - District 59 - DEM,[]
0,Logan County Commissioner - District 3 - REP,[]
0,Adams County Commissioner - District 3 - DEM,[]
0,Weld County Clerk and Recorder - REP,[]
0,Teller County Sheriff - REP,[]
0,State Senator - District 8 - REP,[]
0,Representative to the 120th United States Congress - District 5 - REP,[]
0,Park County Coroner - REP,[]
0,Fremont County Assessor - REP,[]
0,State Representative - District 12 - REP,[]
0,Cheyenne County Treasurer - REP,[]
0,Custer County Coroner - REP,[]
0,Archuleta County Assessor - REP,[]
0,Boulder County Coroner - DEM,[]
0,Montrose County Surveyor - REP,[]
0,Clear Creek County Treasurer - DEM,[]
0,Moffat County Treasurer - REP,[]
0,State Representative - District 58 - REP,[]
0,Gunnison County Clerk and Recorder - DEM,[]
0,Saguache County Coroner - REP,[]
0,State Representative - District 55 - REP,[]
0,Adams County Assessor - DEM,[]
0,State Representative - District 45 (REP),[]
0,Custer County Assessor - REP,[]
0,Representative to the 120th United States Congress - District 4 - REP,[]
0,State Representative - District 14 - DEM,[]
0,San Miguel County Clerk and Recorder - DEM,[]
0,State Representative - District 61 - REP,[]
0,Representative to the 120th United States Congress - District 7 - DEM,[]
0,La Plata County Commissioner District 1 - DEM,[]
0,Clerk and Recorder (REP),[]
0,State Representative - District 64 - DEM,[]
0,Delta County Commissioner - District 1 - DEM,[]
0,Weld County Assessor - REP,[]
0,Mesa County Coroner - REP,[]
0,Baca County Sheriff - REP,[]
0,State Representative - District 39 (REP),[]
0,Otero County Assessor (REP),[]
0,Las Animas County Sheriff - REP,[]
0,Elbert County Sheriff (REP),[]
0,State Senator - District 31 (REP),[]
0,Arapahoe County Sheriff - REP,[]
0,Logan County Treasurer - REP,[]
0,Mineral County Assessor - REP,[]
0,Kiowa County Treasurer - REP,[]
0,Rio Blanco County Surveyor - REP,[]
0,Las Animas County Commissioner District 3 - REP,[]
0,Jefferson County Treasurer - DEM,[]
0,Lincoln County Coroner - REP,[]
0,Weld County Commissioner - District 2 - REP,[]
0,Lincoln County Sheriff - REP,[]
0,Chaffee County Commissioner - District 3 - DEM,[]
0,State Representative - District 57 - REP,[]
0,Representative to the 120th United States Congress - District 6 - DEM,[]
0,Las Animas County Coroner - REP,[]
0,Moffat County Clerk and Recorder - REP,[]
0,Baca County Coroner - REP,[]
0,Delta County Treasurer - REP,[]
0,County Coroner (REP),[]
0,Mesa County Sheriff - REP,[]
0,La Plata County Surveyor - REP,[]
0,Commissioner - District 2 (REP),[]
0,Rio Grande County Assessor - REP,[]
0,Teller County Coroner - REP,[]
0,Elbert County Coroner (REP),[]
0,State Representative - District 8 (REP),[]
0,Larimer County Commissioner - District 1 - DEM,[]
0,Phillips County Assessor - REP,[]
0,Conejos County Commissioner District 2 - DEM,[]
0,Saguache County Clerk and Recorder - REP,[]
0,State Representative - District 56 - REP,[]
0,State Representative - District 43 (DEM),[]
67,Attorney General - DEM (Mineral),"[503605,503621,503446,503551,503494,503490,503412,503566,503477,503474,503494,503669,503579,503464,503699,503519,503481,503563,503382,503546,503455,503372,503637,503376,503472,503506,503411,503498,503368,503332,503633,503706,503380,503596,503657,503692,503592,503649,503675,503335,503635,503322,503553,503581,503556]"
0,State Treasurer - DEM,[]
0,Mesa County Assessor - REP,[]
0,State Senator - District 15 - DEM,[]
0,Adams County Clerk and Recorder - REP,[]
0,Conejos County Surveyor - REP,[]
0,County Commissioner - District 2 (REP),[]
0,State Representative - District 29 - REP,[]
0,Custer County Sheriff - REP,[]
0,Gilpin County Treasurer (REP),[]
0,Costilla County Coroner - DEM,[]
0,State Representative - District 58 - DEM,[]
0,Kiowa County Commissioner - District 2 - REP,[]
0,San Miguel County Treasurer - DEM,[]
0,Alamosa County Surveyor - REP,[]
0,Representative to the 120th United States Congress - District 1 - REP,[]
0,Mesa County Commissioner - District 2 - REP,[]
0,State Board of Education Member - Congressional District 3 - DEM,[]
0,Boulder County Clerk and Recorder - DEM,[]
0,State Representative - District 32 - DEM,[]
0,Morgan County Sheriff - REP,[]
0,State Representative - District 7 (DEM),[]
0,Las Animas County Sheriff - DEM,[]
0,Summit County Treasurer - DEM,[]
0,State Representative - District 48 - REP,[]
0,County Commissioner - District 1 (DEM),[]
0,Montrose County Assessor - REP,[]
0,Eagle County Assessor - DEM,[]
0,State Representative - District 24 - REP,[]
0,State Representative - District 11 - DEM,[]
0,State Representative - District 51 - DEM,[]
0,State Representative - District 18 - DEM,[]
0,Prowers County Treasurer - REP,[]
0,State Representative - District 64 - REP,[]
0,Adams County Treasurer - DEM,[]
44,Representative to the 120th United States Congress - District 3 - REP (Mineral),"[503605,503621,503446,503551,503494,503490,503412,503566,503477,503474,503494,503669,503579,503464,503699,503519,503481,503563,503382,503546,503455,503372,503637,503376,503472,503506,503411,503498,503368,503332,503633,503706,503380,503596,503657,503540,503692,503461,503536,503592,503432,503394,503543,503649,503397,503675,503361,503335,503453,503635,503322,503369,503553,503421,503704,503610,503617,503663,503674,503581,503669,503682,503612,503556,503587,503585,503591]"
0,Boulder County Sheriff - DEM,[]
0,County Clerk & Recorder (REP),[]
0,Larimer County Assessor - DEM,[]
0,Phillips County Treasurer - REP,[]
0,County Coroner (DEM),[]
0,State Representative - District 37 - REP,[]
0,Grand County Treasurer (REP),[]
0,Kit Carson County Clerk and Recorder - REP,[]
0,Huerfano County Assessor - DEM,[]
0,Moffat County Sheriff - REP,[]
0,Clerk and Recorder (DEM),[]
0,Summit County Clerk and Recorder - DEM,[]
0,Washington County Sheriff - REP,[]
0,Yuma County Coroner - REP,[]
0,Custer County Board of County Commissioners - District 1 - REP,[]
0,Representative to the 120th United States Congress - District 6 - REP,[]
0,State Representative - District 2 (DEM),[]
0,State Representative - District 30 - REP,[]
0,Morgan County Clerk and Recorder - REP,[]
0,Eagle County Coroner - REP,[]
0,Adams County Clerk and Recorder - DEM,[]
0,Costilla County Treasurer - DEM,[]
0,Logan County Sheriff - REP,[]
0,Dolores County Commissioner District 1 - REP,[]
0,Boulder County Surveyor - DEM,[]
0,Larimer County Commissioner - District 1 - REP,[]
0,Otero County Sheriff (REP),[]
0,Jefferson County Treasurer - REP,[]
0,State Representative - District 26 - DEM,[]
0,Washington County Assessor - REP,[]
0,Teller County Clerk and Recorder - REP,[]
0,Huerfano County Sheriff - DEM,[]
0,Adams County Commissioner - District 4 - REP,[]
0,Jefferson County Surveyor - REP,[]
0,Hinsdale County Clerk and Recorder - REP,[]
0,Regent of the University of Colorado - Congressional District 6 - REP,[]
0,Clear Creek County Coroner - REP,[]
0,State Board of Education Member - Congressional District 3 - REP,[]
0,State Representative - District 61 - DEM,[]
0,Larimer County Clerk and Recorder - DEM,[]
0,Douglas County Commissioner - District 1 (DEM),[]
0,Representative to the 120th United States Congress - District 8 - REP,[]
0,Surveyor (REP),[]
0,Douglas County Coroner (REP),[]
0,Morgan County Treasurer - REP,[]
0,Saguache County Assessor - DEM,[]
0,State Representative - District 18 - REP,[]
0,Summit County Commissioner - District 1 - DEM,[]
0,Fremont County Treasurer - REP,[]
0,Archuleta County Clerk and Recorder - REP,[]
0,State Representative - District 24 - DEM,[]
0,Bent County Commissioner - District 2 - REP,[]
0,Grand County Assessor (REP),[]
0,Arapahoe County Assessor - DEM,[]
0,San Miguel County Surveyor - DEM,[]
0,Delta County Assessor - REP,[]
0,State Representative - District 9 - REP,[]
0,Baca County Clerk and Recorder - DEM,[]
0,Larimer County Assessor - REP,[]
0,Weld County Sheriff - REP,[]
0,Bent County Coroner - REP,[]
0,Park County Assessor - DEM,[]
0,El Paso County Sheriff - DEM,[]
0,Alamosa County Treasurer - REP,[]
0,State Representative - District 48 - DEM,[]
0,Conejos County Sheriff - REP,[]
0,Grand County Sheriff (REP),[]
0,Montezuma County Treasurer - REP,[]
0,State Representative - District 53 - DEM,[]
0,Fremont County Board of County Commissioners - District 2 - REP,[]
0,State Board of Education Member - Congressional District 1 - REP,[]
0,Gilpin County Assessor (REP),[]
0,Costilla County Clerk and Recorder - DEM,[]
0,Jefferson County Sheriff - REP,[]
0,Weld County Commissioner - At-Large - REP,[]
0,State Senator - District 3 - REP,[]
0,State Representative - District 30 - DEM,[]
0,State Representative - District 22 - REP,[]
0,Mineral County Commissioner - District 1 - DEM,[]
0,El Paso County Clerk and Recorder - REP,[]
0,State Senator - District 32 - REP,[]
0,Kit Carson County Coroner - REP,[]
0,San Miguel County Sheriff - DEM,[]
0,Summit County Coroner - DEM,[]
0,Pueblo County Treasurer - DEM,[]
0,Pueblo County Commissioner - District 3 - DEM,[]
406,Huerfano County Sheriff - REP,"[78194,79057,79175,78368,78928,78169,78998,77079,77370,78249,78880,78931,78955,77394,77954,78477,78126,78720,77105,78229,79090,78870,77497,78704,78911,77757,78486,77608,77402,79274,78812,77899,77256,77427,78513,79259,78886,78274,78370,78660,78514,78310,78397]"
0,Conejos County Clerk and Recorder - DEM,[]
0,Routt County Commissioner - District 3 - DEM,[]
0,Park County Clerk and Recorder - DEM,[]
0,San Miguel County Commissioner District 2 - DEM,[]
0,Jefferson County Clerk and Recorder - REP,[]
0,State Senator - District 32 - DEM,[]
0,Larimer County Clerk and Recorder - REP,[]
0,Kiowa County Assessor - REP,[]
0,Rio Grande County Sheriff - DEM,[]
0,Chaffee County Clerk and Recorder - DEM,[]
0,State Representative - District 26 - REP,[]
0,Rio Grande County Clerk and Recorder - REP,[]
0,State Representative - District 33 - REP,[]
0,Washington County Clerk and Recorder - REP,[]
0,State Senator - District 30 (DEM),[]
0,Yuma County Assessor - REP,[]
0,Pueblo County Surveyor - DEM,[]
0,State Senator - District 25 - DEM,[]
0,Kiowa County Clerk and Recorder - REP,[]
0,Lake County Commissioner District 1 - DEM,[]
0,State Representative - District 19 - REP,[]
0,Douglas County Surveyor (REP),[]
0,Crowley County Commissioner - District 1 - REP,[]
0,Fremont County Clerk and Recorder - REP,[]
0,Pueblo County Clerk and Recorder - DEM,[]
0,Montrose County Coroner - REP,[]
0,Jefferson County Commissioner - District 3 - DEM,[]
0,State Representative - District 35 - DEM,[]
0,Rio Blanco County Coroner - REP,[]
0,State Senator - District 1 - REP,[]
0,State Representative - District 4 (DEM),[]
0,Alamosa County Commissioner - District 2 - REP,[]
0,State Senator - District 17 - DEM,[]
0,Adams County Sheriff - DEM,[]
0,El Paso County Treasurer - REP,[]
0,Chaffee County Coroner - DEM,[]
0,Prowers County Coroner - REP,[]
0,State Representative - District 40 - REP,[]
0,Pueblo County Coroner - DEM,[]
0,State Representative - District 47 - DEM,[]
0,State Representative - District 27 - DEM,[]
0,State Representative - District 34 - DEM,[]
0,Elbert County Coroner (DEM),[]
0,Dolores County Sheriff - REP,[]
0,Teller County Assessor - REP,[]
0,State Representative - District 45 (DEM),[]
0,State Senator - District 24 - REP,[]
0,State Board of Education Member - Congressional District 7 - DEM,[]
0,Dolores County Coroner - REP,[]
0,Gunnison County Commissioner District 3 - DEM,[]
0,Phillips County Commissioner - District 1 - REP,[]
0,Rio Blanco County Treasurer - REP,[]
0,Arapahoe County Treasurer - DEM,[]
0,State Representative - District 50 - DEM,[]
0,State Senator - District 20 - DEM,[]
0,Morgan County Coroner - REP,[]
0,Elbert County Surveyor (REP),[]
0,Delta County Coroner - DEM,[]
0,State Representative - District 28 - DEM,[]
0,State Senator - District 11 - REP,[]
0,Fremont County Coroner - REP,[]
0,Conejos County Assessor - DEM,[]
0,Sedgwick County Treasurer - REP,[]
0,Arapahoe County Clerk and Recorder - REP,[]
0,Park County Clerk and Recorder - REP,[]
0,Park County Commissioner District 3 - DEM,[]
0,Baca County Assessor - REP,[]
0,Delta County Sheriff - DEM,[]
0,El Paso County Clerk and Recorder - DEM,[]
0,El Paso County Assessor - DEM,[]
0,Summit County Commissioner - District 1 - REP,[]
0,State Representative - District 25 - REP,[]
0,Teller County Commissioner District 2 - REP,[]
0,Eagle County Commissioner - District 3 - REP,[]
236,Governor - DEM (Huerfano),"[78194,79057,79175,78368,78928,78169,78998,77079,77370,78249,78880,78931,78955,77394,77954,78477,78126,78720,77105,78229,79090,78870,77497,78704,78911,77757,78486,77608,77402,79274,78812,77899,77256,77977,77427,78513,79259,77075,78886,78189,78274,77481,79186,78131,77101,77415,78075,77512,78205,78370,79277,77338,78660,77869,77789,77195,77500,78514,77371,79195,78310,78730,78397,77141,79303,77248,79244,78380,78949,78656,78772,78316,78316]"
0,State Representative - District 39 (DEM),[]
0,State Senator - District 31 (DEM),[]
0,Jefferson County Sheriff - DEM,[]
0,Otero County Treasurer (REP),[]
0,Cheyenne County Sheriff - REP,[]
0,Crowley County Clerk and Recorder - REP,[]
0,Arapahoe County Assessor - REP,[]
0,Gunnison County Assessor - DEM,[]
0,State Representative - District 8 (DEM),[]
0,Alamosa County Commissioner - District 2 - DEM,[]
0,Mineral County Coroner - DEM,[]
0,State Representative - District 29 - DEM,[]
0,County Clerk and Recorder (DEM),[]
0,Jefferson County Coroner - DEM,[]
0,Costilla County Assessor - REP,[]
0,Prowers County Sheriff - REP,[]
0,Jefferson County Clerk and Recorder - DEM,[]
0,Arapahoe County Clerk and Recorder - DEM,[]
0,State Representative - District 36 - DEM,[]
0,Montrose County Sheriff - REP,[]
0,Adams County Coroner - DEM,[]
1516,Attorney General - REP (Fremont),"[84220,83088,83710,88645,94454,87138,94503,83833,90272,86089,90788,83474,88417,90838,91302,87970,95272,83411,89554,84672,91294,88615,85606,82734,90568,93440,89680,87580,91094,88145,89607,92438,87480,83861,91040,93921,93369,83652,84855,87928,93667,95176,83411,94205,95264,89815,83407,94846,94349,85344,89999,89418,86674,86445,88857,90993,85837,87485,88798,88090,82925,87616,87565,85534,85856]"
0,State Treasurer - REP,[]
0,State Senator - District 1 - DEM,[]
0,Eagle County Assessor - REP,[]
0,Clear Creek County Commissioner - District 1 - DEM,[]
0,State Senator - District 17 - REP,[]
0,Kit Carson County Assessor - REP,[]
0,Lake County Commissioner District 1 - REP,[]
0,Arapahoe County Commissioner - District 2 - REP,[]
0,State Representative - District 27 - REP,[]
0,State Representative - District 40 - DEM,[]
0,Conejos County Sheriff - DEM,[]
0,State Senator - District 22 - REP,[]
0,La Plata County Assessor - DEM,[]
0,Pueblo County Clerk and Recorder - REP,[]
0,Jackson County Surveyor - REP,[]
0,Montezuma County Coroner - REP,[]
0,Montezuma County Sheriff - REP,[]
0,Las Animas County Clerk and Recorder - REP,[]
0,Hinsdale County Assessor - REP,[]
0,Arapahoe County Commissioner - District 4 - REP,[]
0,Hinsdale County Commissioner District 2 - REP,[]
0,State Representative - District 34 - REP,[]
0,Douglas County Clerk and Recorder (REP),[]
0,State Representative - District 38 - DEM,[]
0,State Senator - District 21 - REP,[]
0,Archuleta County Coroner - REP,[]
0,State Senator - District 20 - REP,[]
0,Teller County Commissioner District 2 - DEM,[]
0,Delta County Coroner - REP,[]
0,Archuleta County Sheriff - REP,[]
4078,Attorney General - REP (Adams),"[528557,577796,599797,510811,529771,510335,572897,561286,546019,566269,577706,588114,592134,512346,562577,567106,589018,604583,565605,532267,577385,586893,586645,552914,588787,514153,574189,519252,604881,510533,544872,596187,571510,603153,517147,568493,577945,579322,526926,548672,531204,571286,525517,545261,562841,520115,602704,596339,567897,558894,527487,593203,577165,603246,593951,515595,546763,577787,528417,547528,582820,556435,590536,515715,516464,585448,518780,588464,542647,579247,572784,529945,540209,558571,570861,533530,549633,551837,516203,527604,602234,572153,552094,529712,550203,532498,553841,532981,570987,552527,554937,521031,529229,578995,553434,585206,599239,515496,518758,561615,527644,577922,578377,595012,551377,578412,548724,549480,565273,579397,600276,535075,595851,509816,517710,586021,604037,539006,513959,546467,513777,576358,595494,545565,561248,574417,575401,565462,546010,519087,520917,527255,512386,605285,523117,591956,581329,569638,528882,527810,576997,524414,598531,575047,599414,551538,594435,593455,563384,555546,559878,553058,517538,559235,559873,521358,586538,547388,597971,584975,522898,515399,511347,556080,519155,601159,513836,510665,601518,588343,509877,536935]"
0,Hinsdale County Sheriff - REP,[]
0,Douglas County Assessor (DEM),[]
0,Clear Creek County Assessor - REP,[]
0,Delta County Clerk and Recorder - REP,[]
0,State Representative - District 37 - DEM,[]
0,State Senator - District 15 - REP,[]
0,State Senator - District 24 - DEM,[]
0,Rio Grande County Coroner - REP,[]
0,State Representative - District 3 - REP,[]
3159,State Representative - District 51 - REP,"[1440660,1472225,1429578,1416358,1438583,1381030,1423545,1473594,1416242,1434190,1411737,1467724,1387515,1470033,1385125,1473374,1432392,1429918,1425264,1460951,1396096,1431981,1413670,1406088,1451441,1455024,1475647,1476408,1462091,1419831,1442202,1397878,1417893,1472420,1423263,1442028,1445778,1430601,1387004,1395227,1441722,1478831,1464262,1395645,1433164,1440514,1439263,1455001,1462130,1463253,1381094,1453565,1473218,1473437,1396027,1478545,1451323,1420194,1398093,1386597,1430050,1469849,1446825,1454563,1402957,1418586,1473086,1460134,1425932,1458688,1402781,1424986,1416218,1475835,1414106,1424132,1403417,1397518,1430002,1434981,1382799,1423965,1475646,1475351,1414581,1418395,1427520,1394809,1424452,1439850,1383047,1445211,1470717,1409796,1444092,1445356,1423993,1397103,1438752,1438573,1406021,1431036,1478588,1439330,1459532,1383674,1468741,1401588,1465930,1421459,1468760,1384388,1470125,1442153,1462153,1436689,1456632,1453503,1452982,1380000,1390452,1383621,1416561,1475439,1434423,1403845,1476635,1445310,1433587,1410509,1459815,1445878,1446987,1474632,1476665,1402957,1442747,1464135,1453851,1420312,1470478,1461487,1440812,1398409,1388311,1409354,1416120,1428816,1402963,1413976,1466298,1414219,1456973,1392696,1460398,1476450,1429715,1444824,1398281,1389599,1425629,1441201,1439663,1414273,1431388,1421984,1405309,1380153,1406546,1441251,1443823,1438287,1447717,1436061,1429097,1443742,1430462,1400636,1421348,1387434,1447247,1469862,1428217,1437989,1394554,1413048,1380862,1394758,1397116,1423416,1425962,1427882,1411020,1469929,1425386,1441259,1397584,1398099,1471590,1458978,1471570,1439259,1399692,1399594,1381270,1452239,1382644,1454127,1468293,1428269,1415424,1468056,1423074,1466682,1437233,1423971,1452086,1390564,1448809,1461325,1392065,1465093,1425395,1435429,1416818,1393188,1451498,1404269,1463168,1447478]"
5149,Governor - REP (Jefferson),"[885345,946054,961522,946571,978955,981011,924241,929025,972427,869639,1023538,924453,858544,894213,976234,986994,942504,990978,1024347,984121,952694,915944,888433,898291,994970,904602,898978,1010337,924210,976442,866309,860158,874863,924414,936961,996960,857180,897820,957000,1012211,1006880,969565,908156,941949,1014598,867137,906443,922597,991620,1023231,919243,863154,862354,956652,936183,904006,997420,920940,865268,909822,912925,927443,1008581,864191,938840,969395,862641,864875,1026984,961494,970388,863907,1028368,892047,951881,868653,1001612,939516,956520,883618,984727,941516,925633,871275,1018317,992219,1019989,905440,1020860,881680,864725,940548,1011370,1026339,974515,904994,943394,909902,1006322,1003187,896487,996865,998579,951997,1027639,893446,937911,860430,979687,985689,869429,979779,929945,952873,909875,1018283,947827,943298,955889,949205,950198,983914,1005859,925977,943516,860426,862585,879089,963563,899052,952248,975429,878429,910823,896121,978258,996310,867498,940775,950307,966011,963795,972241,989133,946842,948299,928058,1004656,977363,978284,1004945,1022894,985549,1002846,932740,858048,934183,924471,930673,872028,921098,1000515,879643,882270,1026125,873826,932138,882548,918589,1004842,878375,909120,987920,929752,902135,953206,946985,987563,898037,905695,969550,859563,901743,897244,1006712,873858,981049,932521,965148,920198,958777,984434,867887,986854,927314,877628,921461,866571,911072,953113,970803,995278,1027670,906875,959104,1018006,989091,867976,926789,887638,1027288,876077,863360,914086,914913,881388,988519,922281,928413,872420,995596,914877,1011458,932985,1009965,869153,931999,865580,1010010,1014418,874468,858089,929602,960454,940962,997036,961045,884546,886277,905576,921213]"
211,Jackson County Coroner - REP,[]
171,State Representative - District 13 - DEM,[]
9776,Jefferson County Assessor - DEM,"[885345,946054,961522,946571,978955,981011,924241,929025,972427,869639,1023538,924453,858544,894213,976234,986994,942504,990978,1024347,984121,952694,915944,888433,898291,994970,904602,898978,1010337,924210,976442,866309,860158,874863,924414,936961,996960,857180,897820,957000,1012211,1006880,969565,908156,941949,1014598,867137,906443,922597,991620,1023231,919243,863154,862354,956652,936183,904006,997420,920940,865268,909822,912925,927443,1008581,864191,938840,969395,862641,864875,1026984,961494,970388,863907,1028368,892047,951881,868653,1001612,939516,956520,883618,984727,941516,925633,871275,1018317,992219,1019989,905440,1020860,881680,864725,940548,974515,943394,1003187,896487,998579,951997,1027639,893446,937911,860430,979687,869429,979779,929945,952873,1018283,947827,955889,983914,943516,862585,879089,966011,989133,946842,934183,1000515,873826,932138,918589,987920,905695,873858,965148,927314,911072]"
5213,Attorney General - REP (Weld),"[1314299,1295258,1315625,1324175,1295193,1294634,1326490,1358585,1326144,1342601,1322612,1349427,1300338,1313754,1342247,1316578,1354846,1335035,1304284,1299528,1344695,1315171,1315542,1341374,1362318,1306777,1347227,1355048,1320642,1299435,1313942,1319411,1360381,1356116,1297865,1307055,1353973,1319221,1297536,1294630,1308562,1345067,1320914,1306670,1352201,1339216,1325236,1298822,1357627,1352523,1318407,1296230,1332383,1335345,1325062,1312600,1326614,1325236,1350993,1346285,1350465,1296729,1334733,1352433,1314983,1328524,1360897,1295102,1313881,1303692,1310638,1348859,1327238,1346284,1293605,1322788,1322937,1310519,1325081,1360531,1324192,1295675,1294532,1353198,1336381,1345308,1314370,1348952,1347795,1332945,1346651,1325689,1338521,1339127,1348761,1296800,1357932,1298708,1338060]"
107,Costilla County Assessor - DEM,"[1620015,1620192,1619697,1619398,1619389,1619895,1619405,1619756,1619657,1619980,1619863,1620404,1619970,1620141,1619785,1619531,1620443,1620172,1619662,1620469,1619891,1620468,1620585,1620347,1620601,1620005,1619824,1620422,1619607,1620629,1619985,1620482,1620286,1619300,1619593,1619839,1620528,1619775,1619654,1620272,1620163,1620309,1620563,1619483,1619291,1619562,1620294,1620320,1619401,1620261,1619518,1619625,1620386,1619678,1620491,1619494,1620026,1619996,1619472,1620215,1620296,1619410,1620560,1620346,1619687,1620455,1620594,1619400,1619362,1620586,1619472,1619940,1620111,1619295,1620607,1619940,1620290,1620603,1619991,1619801,1620039,1620337,1620090,1620106,1620516,1620443,1619263,1620411,1619873,1620087,1620170,1620076,1619723,1619893,1619832,1619789,1619746,1619760]"
79,Representative to the 120th United States Congress - District 3 - REP (Costilla),"[1620015,1620192,1619697,1619398,1619389,1619895,1619405,1619756,1619657,1619980,1619863,1620404,1619970,1620141,1619785,1619531,1620443,1620172,1619662,1620469,1619891,1620468,1620585,1620347,1620601,1620005,1619824,1620422,1619607,1620629,1619985,1620482,1620286,1619300,1619593,1619839,1620528,1619775,1619654,1620272,1620163,1620309,1620563,1619483,1619291,1619562,1620294,1620320,1619401,1620261,1619518,1619625,1620386,1619678,1620491,1619494,1620026,1619996,1619472,1620215,1620296,1619410,1620560,1620346,1619687,1620455,1620594,1619400,1619362,1620586,1619472,1619940,1619632,1620111,1619295,1620607,1619940,1619514,1619556,1619553,1620290,1620603,1619991,1619801,1620039,1620337,1620090,1620106,1620516,1620622,1619498,1619564,1620512,1620443,1620616,1620447,1619466,1619263,1619408,1620411,1620625,1620523,1620438,1619873,1619314,1620087,1620170,1620465,1620076,1620320,1620195,1619723,1619893,1619832,1620331,1620300,1620143,1619789,1620185,1620059,1619746,1620192,1619760,1619846,1619843,1619960,1619964,1619839,1619757,1619925,1619238,1619725]"
719,Attorney General - REP (Logan),"[1051653,1053655,1053744,1054026,1053329,1054217,1052057,1052416,1052667,1053205,1056284,1053355,1054875,1052781,1053661,1056362,1054710,1056085,1052899,1051598,1053591,1055001,1051539,1055350,1052540,1054825,1051732,1055622,1055876,1053127,1052376,1055952,1052090,1054509,1052887,1052712,1055647,1052937,1052038,1054137,1052582,1052332,1055398,1056320,1055503,1051944,1056110,1054292,1054229,1054909,1054224]"
2721,Representative to the 120th United States Congress - District 2 - REP (Boulder),"[1533179,1521736,1572729,1570220,1598016,1601287,1535236,1516785,1593499,1564560,1510398,1530017,1549180,1502529,1599946,1527842,1571248,1564305,1566176,1552975,1549145,1582091,1545884,1552920,1571302,1558359,1532461,1554957,1600656,1578098,1551864,1518107,1560488,1552079,1504748,1592381,1591067,1569118,1535647,1520819,1532665,1513683,1602138,1561474,1578586,1524678,1531719,1539328,1553740,1561107,1581140,1552317,1583060,1514836,1592295,1525097,1549122,1511301,1542479,1588790,1580680,1579797,1535066,1583227,1601205,1504351,1534210,1548202,1522801,1590529,1558480,1535136,1514978,1514735,1596786,1558561,1524723,1590141,1597530,1507537,1575872,1566603,1526173,1580798,1583427,1516698,1545210,1587686,1584395,1509632,1587898,1514358,1556719,1511271,1521958,1599734,1549765,1557490,1558832,1536089,1564211,1579487,1521751,1561955,1514104,1599847,1502221,1535496,1528657,1578053,1529825,1541897,1539285,1541907,1535522,1531603,1518688,1586286,1509312,1550878,1574366,1527248,1523031,1549594,1574436,1587334,1526122,1506632,1543675,1591619,1575811,1582862,1507063,1583765,1548687,1600190,1590907,1589699,1504897,1601125,1534313,1540360,1533274,1558557,1502612,1574307,1505571,1583126,1550523,1508753,1591059,1513684,1568463,1514550,1593470,1560590,1560862,1550592,1531819,1582087,1538894,1529993,1572017,1529362,1537184,1502554,1518096,1528077,1555510,1543129,1592692,1545195,1509726,1525172,1503424,1581047,1579127,1536203,1546135,1549757,1577929,1546624,1520666,1534248,1552226,1596314,1526305,1591967,1584626,1596072,1564042,1544221,1515082,1584469,1556636,1553379,1584844,1538229,1523568,1543637,1592276,1505592,1557589,1594727,1574192,1525081,1553016,1573064,1540461,1580304,1579037,1576591,1544347,1519104,1590809,1552487,1556159,1567524,1544714,1524247,1584476,1507351,1535464,1548412,1518809,1509492,1579692,1567899,1593929,1579655,1523526,1566924,1586836,1522692,1597746,1544519,1561916,1569109,1556860,1597795,1510178,1539547,1527487,1551530,1512733,1577866,1591703,1536994,1530405,1569319,1510535,1569554,1526776,1518117,1534607,1559709,1562523,1525699,1593323,1503964,1569537,1513596,1567946,1592970,1522747,1574707,1565673,1574709,1569786,1564213]"
3032,Representative to the 120th United States Congress - District 2 - REP,[]
1676,Governor - REP (Delta),"[1364010,1371088,1370184,1369445,1370634,1364696,1363761,1367926,1370954,1373066,1369702,1368843,1368977,1371810,1363933,1369405,1371288,1369467,1364086,1372941,1370795,1373011,1366212,1368810,1370674,1363846,1366950,1370231,1370013,1371789,1367637,1370276,1367407,1363766,1372329,1368463,1367796,1371276,1364488,1363934,1372065,1372163,1371941,1371299]"
3358,Governor - DEM (Douglas),"[708159,671190,671463,709065,607478,655013,672177,672662,680763,655452,616371,648662,652669,686488,665734,624261,638417,647729,669187,712325,704729,674250,707294,647702,652024,697874,632922,636107,649731,714495,683255,651432,698468,672645,618122,705421,617574,700313,680388,650990,706750,613467,620644,702755,686366,649939,617879,634639,627046,691553,702322,642304,709543,695066,659037,701772,710379,677112,650409,646219,705082,686396,715004,660974,625997,650052,606050,629736,699598,698268,650458,638326,671351,686965,715307,694331,661729,700181,633131,652988,716284,605802,624666,710377,697770,677209,626402,704580,674324,651313,686717,629945,620250,702490,678872,643515,635397,710159,699546,622311,671605,637892,692885,643981,708025,622113,704557,622843,673111,706962,647673,666687,651817,691742,647483,687952,695377,655038,675055,700282,642112,638422,706449,679235,624371,672093,639156,649753,693223,673280,698636,682898,704866,671751,686097,716121,635024,670940,657252,606931,700043,688096,673706,703591,694587,634521,608692,698135,625373,666408,702106,671569,684976,666853,608664,685583,609301,649260,638228,634367,612614,629994,684207,678726,660645,653477,625333,697559,685799,689582,675812,689336,653315,673077,667959,665787,675311,605956,681869,610181,616642,674981,624415,610036,677345,625389,666924,657282,665769,652185,619085,673717,642358,648538,643581,638789,657172,646133,609754,627175,652237,615249,657337,624435,632097,634595,644853,620985,653590,613024,624745,627655,639167,606024,614251,606654,622567,645584,615571,634372,632862,628828,623233,621385,625622,606436,612514,608412,615777]"
478,Rio Blanco County Commissioner District 1 - REP,"[156078,156178,155374,156949,155415,157239,155862,155498,155960,156436,156667,157359,157205,157458,155359,156444,156368,157372,155425,156975,157502,157020,156654,157219,155764,156597,157564,156773,156788,155393,155957,155493,156054,155580,155618,155695,155487]"
50376,United States Senator - DEM,"[574781,528018,536634,557965,595174,534771,550695,513642,549262,577928,566134,579643,584727,522451,573614,540074,518037,593122,522472,769636,842827,846366,743181,828901,831107,714730,813802,790555,791667,772608,774413,726884,769207,749956,854362,727949,767013,803135,1613562,1534705,1518426,1548945,1599491,1555412,1585305,1563554,1583192,1589646,1522033,1563776,1598185,1553597,1546522,1515822,1552251,1593309,1512415,1515068,347410,1038062,1366511,1372288,1371918,184424,324284,307408,274255,295416,320894,259211,337871,236642,328954,280693,178730,181730,252962,337187,190030,336377,236755,169947,330229,271371,255310,343719,301113,307005,330308,264224,334604,325353,222083,661185,689024,715330,679957,698982,619919,675638,697409,688126,620327,661721,687369,613422,351195,110647,1147000,1146193,1161568,1108243,1143601,1205338,1234798,1139267,1184861,1138705,1154692,1089779,1228223,1209706,1113057,1099427,1165340,1155829,1147335,1093534,1162498,1131328,86528,87252,85902,365499,367913,370284,369046,152500,151834,152275,920914,990937,872345,991189,975456,966803,886778,951709,1019185,860924,904680,1013237,1016657,1003923,867274,900117,924979,941292,863491,917457,24159,1435701,1392277,1455893,1472005,1404547,1418585,1472628,1423338,1381486,1453528,1472669,1420731,1381437,95959,46557,59908,72741,61207,29725,42890,503366,1060361,1063350,1060952,1067014,1062572,148939,149760,9963,1036082,1257550,1281703,1246013,155568,162253,1483359,1484616,81329,1361079,1337236,1352419,1316665,1304377,1338364,1344113,1353087,1344489,1347089,492431]"
274,Attorney General - REP (Prowers),"[1045942,1047396,1046354,1046995,1046548,1045787,1046273,1045812,1046798,1047580,1047809,1047557,1046236,1047054,1047158,1045620,1047327,1047075,1047810,1047682,1046060,1046545,1047683,1046994,1046760,1047873,1045768,1047439,1047151,1047509,1045894,1047179,1047227,1047478,1046019,1047734,1045888,1047896,1046175,1045677,1045680,1047532,1047533,1047441,1046074,1045855,1046224,1046690,1046822,1046731,1047025,1047163,1047039,1046462,1046166,1046059,1046797,1046280,1046464,1046557,1046055,1046078,1046414]"
11458,Regent of the University of Colorado - Congressional District 2 - DEM,[]
234,Attorney General - DEM (Prowers),"[1045942,1047396,1046354,1046995,1046548,1045787,1046273,1045812,1046798,1047580,1047809,1047557,1046236,1047054,1047158,1045620,1047327,1047075,1047810,1047682,1046060,1046545,1047683,1046994,1046760,1047873,1045768,1047439,1047151,1047509,1045894,1047179,1047227,1047478,1046019,1047734,1045888,1047896,1046175,1045677,1045680,1047532,1047533,1047441,1046074,1045855,1046224,1046690,1046822,1046731,1047025,1047163,1047194,1047370,1047039,1047356,1046462,1046166,1047087,1046059,1046797,1046280,1046464,1046983,1046557,1046055,1046078,1046515,1046414,1046503,1046464,1046366,1045853]"
772,Attorney General - DEM (Elbert),"[111549,111276,112635,115323,118074,112764,111023,118377,113980,118489,115014,113886,114850,113313,117351,114679,114706,117391,117063,118209,115922,114263,116996,116413,114672,110354,114822,110631,117436,117519,110418,115691,118144,111854,118320,112406,113276,111843,118727,112102,113027,117627,118561,115165,111936,115593,114662,117708,113708,115427,114202,117614,109009,112011,111493,116418,113927,118675,113997,110624,118316,117321,117763,112187,116327,111412,118274,115839,115982,113253,110574,115082,111377,112612,113179,115963,109235,109206,109602,111186,112352,113313,109542,111662,109600,111947,112022,111925,110020,109448,111511,111829,110045,109186,110299]"
1661,State Representative - District 19 - DEM (Weld),"[1314299,1295258,1315625,1324175,1295193,1294634,1326490,1358585,1326144,1342601,1322612,1349427,1300338,1313754,1342247,1316578,1354846,1335035,1304284,1299528,1344695,1315171,1315542,1341374,1362318,1306777,1347227,1355048,1320642,1299435,1313942,1319411,1360381,1356116,1297865,1307055,1353973,1319221,1297536,1294630,1308562,1345067,1320914,1306670,1352201,1339216,1325236,1298822,1357627,1352523,1318407,1296230,1332383,1335345,1325062,1312600,1326614,1325236,1350993,1346285,1350465,1296729,1334733,1352433,1314983,1328524,1360897,1295102,1313881,1303692,1310638,1317293,1348859,1327238,1361513,1346284,1354442,1306774,1293605,1322788,1322937,1310519,1325081,1350730,1360531,1324192,1329028,1295909,1295675,1294532,1353198,1319854,1293446,1336381,1345308,1314370,1348952,1327282,1302937,1347795,1361951,1313621,1312876,1295920,1353531,1332945,1352527,1346651,1299895,1354034,1315738,1327636,1341044,1359193,1309854,1325689,1338521,1336866,1336494,1310836,1295114,1302370,1337128,1353017,1350783,1314090,1299793,1357750,1336074,1310327,1339127,1362125,1293145,1346983,1308950,1353450,1325875,1321869,1352964,1310572,1317996,1343613,1293431,1298624,1338395,1311246,1348761,1317457,1326014,1296800,1357932,1306449,1298708,1317980,1339743,1303517,1360854,1318275,1310283,1344677,1347025,1303720,1355119,1301432,1305132,1338060,1307312,1353738,1328028,1341771,1321901,1359159,1298967,1338924,1338074,1327677,1336217,1297184,1361008,1323476,1339025,1319827,1335787,1298555,1304311,1308048,1302458,1362257,1319448,1328242,1360809,1332478,1337808,1302886,1297555,1353687,1315178,1328436,1317479,1292942,1304811,1360562,1343194,1331505,1345999,1361045,1352801,1320616,1331270,1336408,1296887,1326197,1297645,1312717,1311680,1342672,1344491,1332747,1351703,1319294,1315683,1359716,1301523,1296437,1346365,1341826,1356057,1318408,1298839,1297471,1308679,1318951,1293441,1352166,1340050,1329401,1322697,1336590,1355204,1296021,1341818,1293230,1305021,1325910,1336274,1293968,1298280,1359624,1348046,1321845,1306346,1336126,1352180,1333137,1360912,1342115,1296036,1361666,1303855,1344158,1323736,1345952,1308168,1350294,1320864,1308234,1359928,1320549,1310307,1297802,1335187,1341830,1330713,1310617,1308621,1319233,1355380,1346300,1344200,1337810,1344879,1324731,1351664,1328580,1324248,1333178,1335520,1361686,1313719,1332798,1341309,1358132,1334394,1351895,1320850,1313155,1349263,1322533,1351095,1315389,1311832,1354151,1340012,1351586,1359786,1356247,1337411]"
3666,Attorney General - REP (Mesa),"[56337,65008,69918,46039,57382,61369,37907,72494,71101,68274,42385,64098,50701,39788,62914,58681,31500,60015,51204,34861,56787,38395,70373,66822,42129,32587,33303,57679,43952,43912,65522,59820,71404,46677,71716,33582,32746,35960,46781,53262,58796,32275,54032,29986,61715,52394,39922,35222,54828,67572,62718,67065,56117,57554,51085,30804,62931,59557,33049,63630,60515,39765,69699,53698,65905,34441,40597,48364,32974,39463,56202,57296,39841,44480,40098,32161,47251,41765,45493,33400,42989,32085,29951,32286,38787,34533,34433,32599,31997]"
5,Jackson County Sheriff - REP,[]
314,Secretary of State - DEM (Pitkin),"[122807,121042,122311,120979,122896,119364,119437,123490,122333,120672,119418,124129,120691,119422,120578,122907,119817,123921,122826,121233,120808,124071,123025,120973,124200,121097,124248,119863,120413,119654,121422,123648,122549,121032,121403,121630,121414,119391,120544,121151,122498,121103,123805,122884,120297,121207,119509,121514,123598,124017,121360,122675,121502,120347,124075,124231,121047,119346,121954,120853,120285,119902,122993,120840,122450,120923,120950,122922,123633,122407,123309,120513,120370,119795,121125,121263,123151,120796,122134,119985,121073,120807,123066,120620,122697,120836,120045,119918,123884,123589,123119,122435,121806,120093,119378,124150,119598,119985,121896,121758,122832,122901,123027,119595,123140,119545,121840,121830,122343,122805,122191,121807,122554,121699,121983,121674]"
197896,Attorney General - DEM,[]
457,Secretary of State - DEM (Grand),"[1627008,1623381,1623806,1625126,1626732,1626749,1625744,1624291,1626215,1626210,1624945,1623678,1625976,1626842,1625311,1625040,1623775,1623319,1624013,1623520,1625459,1624862,1624884,1627019,1626069,1623259,1626209,1624775,1625619,1626976,1626309,1622712,1624094,1625843,1626631,1623169,1623782,1623308,1622614,1623294,1626556,1623338,1625440,1626778,1623579,1624583,1624984,1626204,1626387,1624491,1625850,1623356,1626461,1624603,1623191,1622512,1623466,1625564,1622582,1624329,1624327,1625450,1624346,1622574,1624006,1623524,1623819,1623379,1624486,1622560,1623582,1622775,1623287,1623374,1623043,1622568]"
181,Costilla County Sheriff - REP,[]
289,Secretary of State - DEM (Saguache),"[2372,2647,1617,2376,1155,1399,2188,2084,1459,1946,1293,2250,1298,1474,2080,1932,1754,2024,2699,2588,2200,2633,1171,2651,1775,1356,1919,1341,2535,2072,2602,2454,2324,1554,1371,1564,2040,1440,1127,1766,1598,1503,1349]"
361,Representative to the 120th United States Congress - District 3 - REP (Gunnison),"[151723,151941,152172,153460,152152,152279,154351,152385,151777,152484,154510,151855,151844,152948,154488,154124,151945,152829,153394,152382,154798,151928,150649,150614,150648,154155,153801,154462,150913,152558,150670,150616,154554,154681,154150,150968,152038,154007,150656,153431,151518,150532,152316,150352,154561,154631,150865,154584,153111,153509,153624,153249,150473,152154,153965,150389,151896,154157,154407,150577,154559,154069,152428,152058,152509,153841,151871,150899,152167,152375,151943,151059,152049,153371,152928,153573,150344,153278,150812,150398,152171,152178,151897,151905,150330,152038,151963,150690,151384,150261,151266,150369,151532,150786]"
1114,Secretary of State - DEM (Fremont),"[84220,83088,83710,88645,94454,87138,94503,83833,90272,86089,90788,83474,88417,90838,91302,87970,95272,83411,89554,84672,91294,88615,85606,82734,90568,93440,89680,87580,91094,88145,89607,92438,87480,83861,91040,93921,93369,83652,84855,87928,93667,95176,83411,94205,95264,89815,84814,83407,82797,94846,84645,94349,85344,84464,89999,89418,94449,84020,86674,86445,91737,88857,90993,85837,87485,94368,93338,88798,88090,92102,90622,82925,87616,89912,87565,90694,85534,85856,87808,88844,88902,83064,85883,82906,85510,86442,82992,85246]"
2995,Governor - DEM (Mesa),"[56337,65008,69918,46039,57382,61369,37907,72494,71101,68274,42385,64098,50701,39788,62914,58681,31500,60015,51204,34861,56787,38395,70373,66822,42129,32587,33303,57679,43952,43912,65522,59820,71404,46677,71716,33582,32746,35960,46781,53262,58796,32275,54032,29986,61715,52394,39922,35222,54828,67572,62718,67065,56117,57554,51085,30804,62931,59557,33049,63630,60515,39765,69699,53698,65905,34441,40597,48364,32974,39463,67072,60102,56202,57296,39841,44480,40098,32161,47251,41765,45493,33400,42989,32085,55065,29951,53483,32286,45699,38787,34533,34433,40827,41154,44632,40947,41922,32599,34692,31997,37680,37033,32357,35167,31985,29873,30866,31967,29838]"
56,Costilla County Commissioner District 2 - DEM,[]
2034,Moffat County Surveyor - REP,[]
839,Governor - REP (Teller),"[1485874,1482859,1486481,1488946,1483657,1482813,1481393,1483323,1482636,1481419,1485879,1488458,1487504,1487768,1489076,1482628,1486886,1482556,1488610,1482976,1485504,1489081,1483253,1483045,1486467,1483614,1487023,1483248,1483945,1485094,1486242,1483481,1481780,1482926,1484875,1489124,1482806,1483216,1488162,1486272,1483809,1481810,1481284,1485870,1481505,1487915,1481322,1485138,1482282,1487700,1482579,1484290,1485521,1483976,1487881,1487462,1481501,1487612,1485624,1481748,1484866,1486408,1485937,1485014,1484568,1483873,1485765,1484021,1484863,1484454,1481463]"
12516,Regent of the University of Colorado - Congressional District 7 - REP,[]
252,State Representative - District 60 - REP,[]
150,Representative to the 120th United States Congress - District 3 - DEM (San Miguel),"[133316,133240,132983,132384,133193,133531,132706,134183,133440,133956,133480,133819,132960,133683,133969,133076,132736,133958,133297,133693,133388,133611,133943,133555,134165,133883,133378,132473,134013,134099,133581,132394,132713,133439,133105,133874,133012,133051,133938,134113,133937,134140,132345,132510,133448,133586,133476,133893,134143,133578,133399,132442,133828,132882,134151,132597,133122,132420,132922,133569,132346,134185,132722,134048,133507,133304,132401,133019,132658,132741,133173,132914,133507,133004,133569,132580,133569,132887,133494,133252,133057,133051,133301,132882,132913,132338,133092,132768,133069,133015,133086,132860,132755,132606,132538,132641,132587]"
299,Attorney General - REP (Las Animas),"[97875,98661,96626,98724,99639,96765,98441,98456,98036,97434,98016,96228,96299,97955,98985,98695,98392,99531,98848,97935,99426,99838,97368,98389,98998,96985,99205,98052,99379,96043,96143,96206,99106,96589,98039,99683,96733,97057,98893,97395,99473,98139,97889,97520,97907,98152,99284,98519,97990,98737,99689,98221,96998,99717,98988,97693,98930,99571,97205,99365,96306,96136,97456,98664,99730,99155,99500,99324,98600,99319,96098,97466,96918,97069,98400,98262,96847,96044,97085,97914,98091,96689,95976,98161,96082,98221,96858,97008,97621,96818,97437,96833,96775,97156,97145,96853,97397,96558,96604]"
846,Secretary of State - LBR,[]
20,Governor - UNI,[]
6310,Governor - REP,[]
27782,Representative to the 120th United States Congress - District 3 - REP,[]
6124,State Representative - District 62 - REP,[]
106670,Governor - DEM,[]
6825,Representative to the 120th United States Congress - District 3 - DEM,[]
228150,Secretary of State - DEM,[]
63125,Attorney General - REP,[]
746,Secretary of State - DEM (Delta),"[1364010,1371088,1370184,1369445,1370634,1364696,1363761,1367926,1370954,1373066,1369702,1368843,1368977,1371810,1363933,1369405,1371288,1369467,1364086,1372941,1370795,1373011,1366212,1368810,1370674,1363846,1366950,1370231,1370013,1371789,1367637,1370276,1370820,1367407,1363766,1372329,1368463,1367796,1370719,1371131,1369969,1371276,1370326,1364488,1369538,1369682,1363934,1365020,1368960,1372065,1366835,1364879,1365668,1366035,1372163,1369035,1365568,1367023,1371941,1365084,1371299,1369289,1366895,1372499,1365001,1370038,1372978,1367589,1365849,1365512,1364386,1366099,1373190,1366521,1364785,1371253,1371345,1372237,1367502,1364732,1366671,1366087,1366738,1365385,1366268,1364393,1372749,1373220,1364761,1364357,1364961,1373237,1364393,1373007,1368450,1371955,1372016]"
322,Rio Grande County Commissioner District 2 - REP,"[75412,76429,74191,75837,74095,74456,73733,75064,74301,75723,75979,74732,74774,76007,74377,73665,75659,74561,75643,74508,75484,75724,75994,74432,73928,76015,75400,75867,75093,74733,75223,75816,74559,75319,74810,74875,75471,75227,75820,73594,73720,75384,76002,75609,74932,76619,75686,73616,75737,74505,75443,74804,74515,74760,74600,74024,73703,76573,74980,74437,74165,74241,74414,73625,74465,76493,74350,74218,76475,76148,73987,76550,76207]"
24,Town of Telluride Town Council,[]
733,Rio Grande County Sheriff - REP,[]
358,Attorney General - DEM (Rio Grande),"[75412,76429,74191,75837,74095,74456,73733,75064,74301,75723,75979,74732,74774,76007,74377,73665,75659,74561,75643,74508,75484,75724,75994,74432,73928,76015,75400,75867,75093,74733,75223,75816,74559,75319,74810,74875,75471,75227,75820,73594,73720,75384,76002,75609,74932,76619,75686,73616,74505,75443,74804,74515,74760,74600,74024,76573,74437,74165,74241,74414,73625,76493,74350,76475,76148]"
39414,State Board of Education Member - Congressional District 7 - REP,[]
1222,Montezuma County Commissioner District 1 - REP,"[1062157,1062035,1060063,1060377,1062090,1060402,1062084,1066873,1063590,1066215,1062966,1061985,1060336,1061010,1065835,1062844,1066992,1065427,1063229,1061421,1059909,1064510,1060905,1066928,1061092,1064452,1067092,1062776,1063908,1060483,1066092,1063596,1065332,1060688,1060296,1065444,1065254,1062454,1064071,1064706,1060133,1060165,1063613,1064546,1064190,1062282,1062372,1063313]"
538,State Representative - District 54 - REP,[]
72234,Representative to the 120th United States Congress - District 4 - DEM,[]
207,Jackson County Commissioner 1 - REP,[]
662,Secretary of State - DEM (Teller),"[1485874,1482859,1486481,1488946,1483657,1482813,1481393,1483323,1482636,1481419,1485879,1488458,1487504,1487768,1489076,1482628,1486886,1482556,1488610,1482976,1485504,1489081,1483253,1483045,1486467,1483614,1487023,1483248,1483945,1485094,1486242,1483481,1481780,1482926,1484875,1489124,1482806,1483216,1488162,1486272,1483809,1481810,1481284,1485870,1481505,1487915,1481322,1485138,1482282,1487700,1482579,1484290,1485521,1483976,1487881,1481343,1489107,1487462,1481501,1489235,1487612,1482315,1489151,1485624,1481748,1484866,1487584,1486408,1482154,1487084,1487807,1485937,1487566,1485014,1486960,1484568,1483873,1485765,1487220,1486899,1484021,1484863,1486379,1485208,1484454,1481463,1481467,1481575,1484788,1483895]"
1758,Montezuma County Clerk and Recorder - REP,[]
1119,Attorney General - DEM (Montezuma),"[1062157,1062035,1060063,1060377,1062090,1060402,1062084,1066873,1063590,1066215,1062966,1061985,1060336,1061010,1065835,1062844,1066992,1065427,1063229,1061421,1059909,1064510,1060905,1066928,1061092,1064452,1067092,1062776,1063908,1060483,1066092,1063596,1065332,1060688,1060296,1065444,1065254,1062454,1064071,1066282,1064706,1060133,1060165,1063613,1064546,1065081,1064190,1062282,1062372,1063313,1062961,1059915]"
3403,Delta County Sheriff - REP,[]
1463,Rio Blanco County Sheriff - REP,[]
130,Attorney General - DEM (Crowley),"[346916,346931,347674,347542,347375,347705,347629,347444,346961,347697,347126,347733,347288,346913,347511,347407,346924,347734,347648,347576,347721,347253,347365,347746,347800,347554,347699,347443,347510,347363,347496,347127,347587,346966,347289,347207,347707,346946,347699,347658,346955,347269,347544,347232,346945,347518,347408,347310,346928,347213,347304,347274]"
204,Governor - REP (Crowley),"[346916,346931,347674,347542,347375,347705,347629,347444,346961,347697,347126,347733,347288,346913,347511,347407,346924,347734,347648,347576,347721,347253,347365,347554,347699,347443,347510,347363,347496,347289,347207,347269,347232]"
191,Conejos County Coroner - REP,"[505461,504340,505510,504797,506180,505292,505715,504845,505612,504920,503913,505559,506256,504346,504108,504496,504995,504092,505862,506020,504824,506142,505901,506040,504842,504375,504677,504441,505448,504801,504473,504393,504249,504502,505645,504152,504281,504998,505946,505731,505065,505604,504634,504966,505806,505979,504522,504996,504944,505883,504896,506289,503947,504324,504532,505937,505745,504806,505828,504454,505206,504203,505212,505530,504063,506094,504991,504297,506008,506002,505077,505056,505499,505902,505862,505560,503920,505101,505660,504912,505254,503984,504834,505706,503881,504661,505384,504726,505561,503822,505363,504824,504915,505039,505035,503837]"
310,Governor - DEM (Conejos),"[505461,504340,505510,504797,506180,505292,505715,504845,505612,504920,503913,505559,506256,504346,504108,504496,504995,504092,505862,506020,504824,506142,505901,506040,504842,504375,504677,504441,505448,504801,504473,504393,504249,504502,505645,504152,504281,504998,505946,505731,505065,505604,504966,505806,505979,504996,504944,505883,504896,503947,504806,505206,505212,505530,504991,505077,505056,504834,504661,504726]"
22,Representative to the 120th United States Congress - District 3 - REP (Hinsdale),"[1056985,1057055,1057101,1057017,1057117,1056984,1057046,1057046,1056865,1056906,1057050,1057068,1056955,1056990,1056903,1057131,1056842,1056950,1056916,1056926,1057109,1057021,1056960,1056961,1056888,1057016,1057050,1057022,1056911,1057050,1057104,1057127,1057120,1056916,1057020,1056922,1056943,1057023,1057032,1057058,1056925,1057041,1057075,1056999,1056955,1057062,1057103,1057027,1056911,1056904,1057102,1057051,1056952,1056968,1057024,1056937,1056866,1056853,1056843,1057041,1056933,1056974,1057059,1057088,1056943,1057051,1057069,1056908,1057133,1056991,1056935,1056957,1057030,1056892,1056970,1057091,1056915,1056908,1056937,1056846,1056920,1056921,1057107,1056865,1056877,1056933,1056852,1057109,1056868,1056899,1057102,1056857,1056868,1056871,1057067,1057112,1057083,1057069,1057080]"
920,Archuleta County Commissioner - District 3 - REP,"[1609472,1613641,1613231,1610164,1612733,1613698,1612073,1610097,1613224,1611967,1612242,1613243,1612455,1610854,1611210,1613634,1612699,1611158,1609135,1611548,1612556,1611184,1613719,1612140,1610836,1611765,1609877,1613276,1613285,1611998,1612682,1612635,1609257,1611529,1612199,1612117,1612089,1611328]"
728,Attorney General - DEM (Archuleta),"[1609472,1613641,1613231,1610164,1612733,1613698,1612073,1610097,1613224,1611967,1612242,1613243,1612455,1610854,1611210,1613634,1612699,1611158,1609135,1611548,1612556,1611184,1613719,1612140,1610836,1611765,1609877,1613276,1613285,1611998,1612682,1611160,1610692,1612635,1613695,1613322,1609722,1609257,1611529,1612199,1613184,1613234,1612117,1609412,1612089,1611328,1611627,1611359]"
41,Conejos County Treasurer - DEM,[]
123,Conejos County Commissioner District 2 - REP,[]
556,Secretary of State - DEM (Park),"[1034160,1033031,1034209,1034990,1036610,1034181,1033634,1032407,1034465,1031914,1033470,1033521,1036244,1032588,1036428,1032622,1032430,1034206,1037783,1032526,1033419,1035086,1035622,1034063,1033524,1033875,1037154,1035293,1033896,1035741,1037270,1035996,1036179,1036738,1035188,1032884,1037759,1032811,1032614,1032719,1033876,1032912,1037430,1035600,1033459,1037221,1036099,1032643,1034204,1033950,1036935,1037197,1032649,1037566,1034583,1033367,1032196,1034597,1034446,1033255,1035034,1036358,1036004,1036158,1037103,1037005,1032350,1036922,1034955,1035848,1035287,1035587,1031865,1035419,1034964,1035056,1035081,1034385,1034925,1034994]"
994,Park County Sheriff - REP,[]
678,Park County Assessor - REP,[]
596,Governor - REP (Otero),"[1493632,1491394,1492937,1494207,1490201,1492979,1492193,1493009,1492363,1490374,1492393,1493962,1493030,1492797,1492248,1492847,1493934,1494064,1492984,1491182,1492925,1493127,1493848,1493931,1494173,1491304,1492453,1492858,1490974,1492890,1493067,1494254,1493251,1490701,1493685,1492473,1492897,1492785,1492247,1491024,1493025,1492852,1492224,1492865,1491598,1492588,1490749,1490958,1491560,1490174,1490286,1490442]"
145,Representative to the 120th United States Congress - District 3 - REP (Ouray),"[105193,105363,104826,105186,105299,106262,106372,105244,104672,106275,105033,105311,105952,106366,105832,105185,104544,106220,106434,105570,105776,104660,105790,105742,106059,105429,106163,105688,106296,106050,104647,104657,106362,105782,106022,105369,104599,105630,105422,104680,105519,104877,105764,106050,106164,104641,105249,105438,106116,106007,104900,106113,105886,106405,105616,106269,105757,104505,104627,105445,105994,105551,106210,105867,106442,104695,106008,106358,104713,104851,105295,105401,105181,105403,105285,104722,104833,104579,105764,105179,105676,105512,105448,105487,105278,105751,104990,105334,105123,104818,105184,105167,104903,104731,104951,104473,105178,104499,105017,105029,104856,104936,104702,104709]"
189,Regent of the University of Colorado - Congressional District 7 - REP (Custer),"[1039133,1038135,1038125,1039854,1039147,1039091,1039205,1039496,1038011,1039185,1039431,1039004,1039648,1039664,1039741,1038883,1039502,1038097,1038966,1038649,1037986,1038914,1039842,1039164,1038647,1039781,1039226,1039686,1039531,1039727,1038784,1038193,1038051,1039126,1039797,1039901,1038969,1039370,1037928,1039715,1039467,1038575,1039329,1038346,1039747,1038429,1039538,1038864,1038051,1039677,1038093,1038428,1038929,1039482,1038825,1038315,1039073,1038728,1038048,1038011,1039183,1039228,1038371,1037961,1039202,1038651,1038731,1038732,1038290,1038628,1038759,1039029,1038798,1037969,1038490,1038729,1038571,1038337,1037926]"
459,Representative to the 120th United States Congress - District 3 - DEM (Otero),"[1493632,1491394,1492937,1494207,1490201,1492979,1492193,1493009,1492363,1490374,1492393,1493962,1493030,1492797,1492248,1492847,1493934,1494064,1492984,1491182,1492925,1493127,1493848,1493931,1494173,1491304,1492453,1492858,1490974,1492890,1493067,1494254,1493251,1490701,1493685,1492473,1492897,1492785,1492247,1491024,1493025,1493371,1492852,1492224,1492865,1493286,1493711,1493575,1491598,1492997,1492588,1492887,1490749,1490958,1492602,1492974,1491560,1490174,1492556,1491526,1490286,1490442,1491746,1491719,1491071,1490932,1490391]"
322,Attorney General - DEM (Custer),"[1039133,1038135,1038125,1039854,1039147,1039091,1039205,1039496,1038011,1039185,1039431,1039004,1039648,1039664,1039741,1038883,1039502,1038097,1038966,1038649,1037986,1038914,1039842,1039164,1038647,1039781,1039226,1039686,1039531,1039727,1038784,1038193,1038051,1039126,1038969,1039370,1037928,1039467,1038575,1039329,1038346,1038429,1038864,1038428,1038929,1038825,1038315]"
446,Washington County Commissioner - District 1 - REP,"[81306,80105,79977,81388,80391,81099,81285,81445,81141,81557,81153,80771,81626,81413,80176,81501,81517,79895,81570,80406,80595,81502,80356,80675,79933,81310,80175,80292,80294,80191]"
127,Governor - DEM (Ouray),"[105193,105363,104826,105186,105299,106262,106372,105244,104672,106275,105033,105311,105952,106366,105832,105185,104544,106220,106434,105570,105776,104660,105790,105742,106059,105429,106163,105688,106296,106050,104647,104657,106362,105782,106022,105369,104599,105630,105422,104680,105519,104877,105764,106050,106164,104641,105249,105438,106116,106007,104900,106113,105886,106405,105616,106269,105757,104505,104627,105445,105994,105551,106210,105867,106442,104695,104652,106008,106358,106473,104713,104851,105295,105401,105181,105403,105285,104722,104833,104579,105764,105179,105676,105512,106068,105448,105949,105487,105278,105947,105751,105896,104589,104990,105334,105123,104818,105659,104565,105184,105167,105663,104903,104731,105537,104951,104473,105178,105372,104499,105017,105029,104856,104936,104702,104905,104709,104715]"
408,Secretary of State - DEM (Clear Creek),"[377795,379972,379638,380373,380224,377932,379662,380101,378109,380186,378509,378769,380123,380414,380335,378342,379805,378528,380155,379407,380169,380236,380167,379690,378057,379726,378274,378388,379242,378053,380022,379351,378034,377965,378449,379583,379001,379720,379512,378794,378370,379120,378876,377824,378489,377836,377838,378313,378249]"
145,Attorney General - REP (Bent),"[1608745,1608089,1608296,1608180,1608196,1607705,1608287,1608542,1607793,1608388,1608177,1608454,1608014,1608374,1607823,1608348,1608520,1607833,1607739,1608616,1608144,1608574,1608486,1608222,1607970,1607765,1608229,1608731,1608727,1607738,1607849,1608709,1607919,1608737,1608523,1608729,1608543,1608303,1608273,1608724,1607987,1608481,1608683,1608332,1608483,1608511,1608483,1608054,1608181,1608463,1608417,1608066,1608211,1608207,1607896,1608040]"
73,Governor - REP (Cheyenne),"[27508,27540,27882,27505,27937,27803,27556,27573,27455,27749,27395,27756,27415,27456,27967,27509,27448,27687,27575,27483,27574,27890,27842,27527,27925,27643,27803,27942,27496,27493,27745,27870,27800,27435,27502,27564,27793,27897,27501,27527,27523,27922,27460,27403,27662,27726,27756,27373,27834,27747,27867,27780,27379,27884,27823,27650,27644,27796,27745,27385,27635,27610]"
139,Kiowa County Sheriff - REP,"[3536,3427,3460,3438,3294,3610,3729,3389,3599,3336,3396,3665,3490,3410,3763,3601,3752,3702,3578,3413,3706,3309,3395,3737,3321,3286,3699,3562]"
115,Attorney General - REP (Sedgwick),"[4392,4802,4927,4564,4921,4608,4934,4403,4356,4493,4632,4741,4446,4291,4449,4933,4712,4268,4946,4389,4999,4416,4762,4427,4567,4966,4830,4995,4520,4311,4334,4869,4898,4252,4898,4284,4404,4283,4729,4345,4771,4862,4886,4748,4825,4670,4766,4876,4803,4703,4770,4678]"
163,Attorney General - REP (Phillips),"[1030209,1030557,1030160,1030605,1030267,1030945,1029971,1030523,1030986,1030093,1030451,1030880,1030716,1029930,1030942,1030850,1029951,1030881,1030372,1030428,1030933,1030838,1029944,1029957,1029930,1031112,1030265,1030641,1030030,1031076,1030816,1030452,1030994,1030917,1029866,1030799,1031006,1030953,1031144,1031136,1029906,1030341,1031020,1030736,1030471,1030680,1030067,1030852,1030767,1029837,1030151,1030567,1030275,1030545,1030213,1030288,1030336,1030472,1030193,1030199]"
207,Cheyenne County Commissioner - District 2 - REP,[]
313,Sedgwick County Sheriff - REP,[]
111,Phillips County Sheriff - REP,[]
464,Saguache County Commissioner District 3 - DEM,[]
244,Attorney General - REP (Lincoln),"[1375468,1374784,1375571,1374983,1375675,1375495,1375144,1375534,1374881,1375510,1374762,1375759,1375151,1375030,1375871,1375473,1375775,1374756,1375370,1375209,1375572,1375650,1375259,1375594,1374819,1375913,1375819,1374914,1375201,1374850,1375179,1375397,1374665,1375209,1374919,1374890,1375134,1374992,1375152,1375189,1374860]"
367,Attorney General - REP (Yuma),"[1044001,1042043,1043774,1043404,1043337,1042022,1042714,1043820,1043682,1043101,1042030,1042277,1042751,1043545,1042675,1043887,1043070,1042501,1043764,1043281,1043501,1044074,1041849,1043535,1041756,1042528,1042649,1043736,1044150,1043754,1042987,1043794,1042425,1044344,1043012,1044056,1043862,1043640,1043147,1042935,1042881,1043467,1042317,1043194,1043328,1043038,1043407,1044499,1041902,1042360,1042602,1044399,1044463,1042503,1042410,1042381,1041983,1044300]"
237,Attorney General - DEM (Gilpin),"[1057832,1059377,1058007,1058523,1058623,1057708,1058692,1058586,1058963,1059331,1057687,1058135,1059364,1058202,1058986,1058535,1058169,1059199,1058628,1058730,1058688,1057753,1058860,1057947,1057775,1058161,1058880,1058731,1059275,1057824,1058513,1058751,1059066,1059011,1059325,1059373,1058424,1057875,1057795,1058703,1058053,1059099,1057970,1058041,1057756,1057895,1058673,1058229,1058570,1057586,1057829,1057861,1058281,1057645,1057901,1057633,1057625,1057690,1057557,1057545]"
287,Baca County Commissioner - District 2 - REP,"[1602994,1603021,1603101,1603872,1603581,1603448,1603424,1603967,1603638,1603366,1603715,1603886,1603146,1603251,1603846,1602846,1603413,1603510,1603628,1603972,1603678,1603928,1603687,1603354,1603459,1603760,1603562,1603491,1603220,1603244,1603433,1603203]"
406,Lincoln County Commissioner - District 1 - REP,[]
788,Yuma County Sheriff - REP,[]
155,Yuma County Clerk and Recorder - REP,[]
389,State Senator - District 27 - REP,[]
664,Costilla County Sheriff - DEM,[]
307,Regent of the University of Colorado - Congressional District 2 - DEM (Routt),"[1285839,1288877,1289547,1290817,1286711,1286502,1287643,1286012,1287812,1290625,1288883,1288743,1289909,1286276,1287647,1289645,1291569,1285701,1287487,1287774,1287573,1290730,1290521,1288418,1287840,1291601,1286725,1291026,1290121,1289816,1289142,1290655,1291054,1288428,1291410,1291525,1285773,1290348,1289412,1290731,1285787,1287784,1286524,1291109,1287632,1288369,1285641,1287083,1286486,1291708,1288762,1285722,1289828,1290555,1285645,1291015,1291668,1288018,1288962,1291719,1285755,1286551,1291308,1288090,1286898,1286306,1287560,1288504,1286478,1285678,1285926,1285884,1291522,1290550,1291566,1285691,1288761,1289781,1285867,1290614,1287884,1289198,1291638,1288438,1290075,1291886,1291127,1286963,1290162,1287189,1287601,1285707,1285986,1291731,1289777,1286139,1287739,1289009,1286997,1287583,1287883,1287074,1291802,1286487,1287532,1286272,1290047,1286307,1290915,1291322,1286507,1288729,1289855,1287947,1291790,1286310,1291602,1291470,1289925,1288428,1288966,1289764,1288736,1286196,1290829,1289266,1288556,1289702,1290057,1289606,1288322,1289583,1288649,1290013,1289888,1288803,1288690,1290122,1287932,1285925,1288554,1287978,1289302,1289239,1288348,1287951,1288792,1288076,1288054,1287892,1288706]"
68,Governor - REP (Dolores),"[1498574,1498318,1498896,1498834,1498450,1498362,1498441,1498356,1498536,1498326,1498937,1498952,1498928,1498624,1498925,1498871,1498881,1498342,1498718,1498826,1498546,1498439,1498358,1498717,1498871,1498782,1498700,1498816,1498556,1498703,1498366,1498822,1498463,1498822,1498947,1498363,1498684,1498435,1498866,1498947,1498811,1498501,1498963,1498764,1498854,1498794,1498572,1498645,1498842,1498405,1498434,1498561,1498663,1498732,1498893,1498928,1498809,1498818,1498581,1498917,1498667,1498540,1498619,1498756,1498605,1498624,1498649,1498655,1498306,1498702,1498631,1498597,1498596,1498610,1498589,1498530]"
1540,State Representative - District 44 (REP),[]
10723,Douglas County Treasurer (REP),[]
2995,Attorney General - REP (Pueblo),"[1281412,1266899,1274432,1259473,1255834,1253717,1282974,1261178,1277199,1254407,1278513,1257930,1245341,1256750,1270967,1276702,1246429,1260288,1253783,1249739,1257600,1256897,1274058,1270080,1255563,1268525,1247443,1246422,1268707,1251553,1254043,1269371,1274269,1272668,1263560,1252992,1258296,1245509,1259797,1255054,1254578,1262338,1253795,1246793,1263268,1248384,1248775,1276717,1278298,1253972,1273501,1254563,1275884,1280426,1246788,1263488,1280971,1279719,1272656,1275048,1263950,1264448,1273000,1245197,1273968,1252788,1249249,1253422,1249768,1282672,1267251,1256353,1271291,1268032,1279788,1280103,1252906,1263915,1258006,1248206,1258957,1279364,1271204,1281602,1263908,1282419,1245875,1263347,1270198,1283296,1253477,1262931,1282694,1277412,1277240,1263350]"
656,Attorney General - REP (Morgan),"[6838,9714,8164,5508,6828,8895,7570,9243,7654,5569,7110,7142,8080,8802,7312,8316,8394,9061,6341,9102,9609,7134,5383,7844,9699,5630,9921,6562,8581,8917,8403,8062,10122,7456,6414,5487,9339,9792,6243,6168,8557,8335,10013,7409,8111,7115,7436,8264,10014,5392,7315,10040,6632,10421,5740,6768,5967,5812,5675]"
1430,Pueblo County Sheriff - DEM,[]
1586,Governor - REP (Montrose),"[141076,145103,149442,137766,139504,145637,135583,144400,139020,139661,143073,139279,138099,140381,138626,136881,138277,135087,140239,141064,141848,149613,135995,148069,137029,139570,144126,142207,140550,147802,136139,138781,142466,137905,135647,136755,146293,141059,135558,137893,136525,136055,148572,134832,141935,136080,146345,145015,142435,148776,139514,145610,144398,145223,139753,141614,140224,142347]"
451,Attorney General - DEM (Morgan),"[6838,9714,8164,5508,6828,8895,7570,9243,7654,5569,7110,7142,8080,8802,7312,8316,8394,9061,6341,9102,9609,7134,5383,7844,9699,5630,9921,6562,8581,8917,8403,8062,10122,7456,6414,5487,9339,9792,6243,5635,6168,8557,8335,5643,10013,7409,9864,8111,8701,7115,7436,5623,8264,9492,9580,10014,8132,5392,7315,10040,6632,8377,8861,10421,5516,5740,6768,8012,6906,7326,5967,7447,6657,5812,5675,6297,6210,7065,6067,10028,5876,6686,6556,10253,6007,5933]"
4554,Attorney General - DEM (Boulder),"[1533179,1521736,1572729,1570220,1598016,1601287,1535236,1516785,1593499,1564560,1510398,1530017,1549180,1502529,1599946,1527842,1571248,1564305,1566176,1552975,1549145,1582091,1545884,1552920,1571302,1558359,1532461,1554957,1600656,1578098,1551864,1518107,1560488,1552079,1504748,1592381,1591067,1569118,1535647,1520819,1532665,1513683,1602138,1561474,1578586,1524678,1531719,1539328,1553740,1561107,1581140,1552317,1583060,1514836,1592295,1525097,1549122,1511301,1542479,1588790,1580680,1579797,1535066,1583227,1601205,1504351,1534210,1548202,1522801,1590529,1558480,1535136,1514978,1514735,1596786,1558561,1524723,1590141,1597530,1507537,1575872,1566603,1526173,1580798,1583427,1516698,1545210,1587686,1584395,1509632,1587898,1514358,1556719,1511271,1521958,1599734,1549765,1557490,1558832,1536089,1564211,1579487,1521751,1561955,1514104,1599847,1502221,1535496,1528657,1578053,1541897,1539285,1541907,1535522,1531603,1586286,1509312,1550878,1574366,1549594,1574436,1587334,1543675,1591619,1575811,1590907,1504897,1534313,1533274,1502612,1574307,1508753,1591059,1514550,1593470,1560590,1572017,1529362,1528077,1555510,1543129,1592692,1509726,1503424,1579127,1549757,1577929,1596314,1596072,1564042,1544221,1515082,1584469,1553379,1584844,1538229,1594727,1574192,1525081,1540461,1576591,1507351]"
2602,Garfield County Sheriff (REP),[]
24313,Representative to the 120th United States Congress - District 8 - DEM,[]
9873,Governor - DEM (Larimer),"[1440660,1472225,1429578,1416358,1438583,1381030,1423545,1473594,1416242,1434190,1411737,1467724,1387515,1470033,1385125,1473374,1432392,1429918,1425264,1460951,1396096,1431981,1413670,1406088,1451441,1455024,1475647,1476408,1462091,1419831,1442202,1397878,1417893,1472420,1423263,1442028,1445778,1430601,1387004,1395227,1441722,1478831,1464262,1395645,1433164,1440514,1439263,1455001,1462130,1463253,1381094,1453565,1473218,1473437,1396027,1478545,1451323,1398093,1386597,1430050,1469849,1473086,1425932,1458688,1402781,1424986,1416218,1403417,1434981,1382799,1423965,1431036,1401588,1465930,1462153]"
1162,Eagle County Sheriff - DEM,"[353400,353541,353930,359402,359406,356313,352124,353999,351453,349891,355983,351464,356343,357095,353181,350314,352090,353225,357308,349832,357310,351717,356836,358813,350917,351796,351347,353002,353708,354049,357097,354830,350798,351455,353803,349542,351584,354794,358157,357330,357716,358301,355989,352504,353193,358153,357070,355789,351293,353054,352892,352171,349635,351322,356767,359177,350384,356539,356104,359153,356740,357550,356254,349176,354404,355552,354454]"
9500,Larimer County Treasurer - DEM,[]
352,Attorney General - REP (Alamosa),"[1616983,1618462,1617354,1617990,1616493,1617397,1617466,1616691,1618121,1618310,1617609,1616890,1616548,1615886,1615485,1617165,1616955,1616534,1616668,1615914,1618186,1618298,1615933,1616786,1617577,1616812,1615596,1617573,1616840,1616462,1615848,1617569,1616442,1617474,1617491,1618395,1616448,1615503,1615398,1617366,1615703,1616066,1617197,1616134,1615167,1618487,1615799,1615748,1617227,1616090,1615755,1618351,1615199,1617769,1615225,1618563,1615659,1616115,1616179,1617944,1615203,1615432,1618564,1615630,1615481,1618559,1618410,1617869,1618198,1617887,1618083,1617878,1617919]"
405,Representative to the 120th United States Congress - District 3 - DEM (Las Animas),"[97875,98661,96626,98724,99639,96765,98441,98456,98036,97434,98016,96228,96299,97955,98985,98695,98392,99531,98848,97935,99426,99838,97368,98389,98998,96985,99205,98052,99379,96043,96143,96206,99106,96589,98039,99683,96733,97057,98893,97395,99473,98139,97889,97520,97907,98152,99284,98519,97990,98737,98221,96998,98988,97693,98930,97205,96136,97456,98664,96098,97466,96918,97069,96847,96044,97085,97914,96689,95976,96858,97008,96818,96833,96775]"
2453,Fremont County Sheriff - REP,[]
1025,Secretary of State - DEM (Chaffee),"[130771,125094,126818,128453,125663,127430,125064,129627,129575,128531,130601,131442,127951,128233,125379,125109,126553,129144,125923,131937,129530,131014,127732,128271,126109,132044,131796,128520,130200,131713,125920,127506,125828,127986,130790,131596,126440,128523,127882,125556,127084,128377,126246,126289,127410,126498,130128,129704,125896,129904,130597,131054,129840,129744,130041]"
669,Regent of the University of Colorado - Congressional District 7 - REP (Chaffee),"[130771,125094,126818,128453,125663,127430,125064,129627,129575,128531,130601,131442,127951,128233,125379,125109,126553,129144,125923,131937,129530,131014,127732,128271,126109,132044,131796,128520,130200,131713,125920,127506,125828,127986,130790,131596,126440,128523,127882,125556,127084,128377,126246,128207,129032,128536,129144,126289,127410,126498,127672,130128,128526,129495,129019,126960,129704,125896,129904,130597,131054,126936,125505,126260,125613,127128,129840,124868,126141,131831,131148,129744,130041,130875,130738,130010,130177,124673,129862,130097,130343,130012,125121]"
7,Las Animas County Commissioner District 3 - DEM,[]
310,Moffat County Commissioner District 3 - REP,"[1605702,1604961,1605879,1605282,1606341,1606332,1604512,1607354,1606101,1606828,1604509,1605234,1605105,1606105,1606066,1604580,1605300,1606647,1606257,1606668,1604970,1607306,1606461,1606077,1606759,1605841,1606900,1605162,1605662,1605838,1604649,1606771,1605387,1606325,1605135,1605049,1605896,1606775,1604541,1606583,1605132,1604331,1604374,1606589,1605928,1606132,1605114,1606152,1606028,1605960,1604649,1605123,1605065,1604908,1605640,1607051,1605409,1605481,1605682,1604949,1605240,1605170,1607261,1607125,1606612,1604549,1607192,1606599,1607190,1606659,1607255,1606569,1606668]"
21,Alamosa County Clerk and Recorder - REP,[]
224,Lake County Sheriff - REP,"[972201,972520,972742,970340,972551,970927,972510,972280,972741,970354,971628,971584,970418,972314,971617,971067,971677,971737,972408,970350,970484,971895,972313,971435,971812,970301,973114,972921,972558,971812,972209,971843,970341,970346,971152,971163,972739,973107,972882,972198,971986,970510,972151,971836,970890,972277,970624,970151,970750,970189,971132,970860,970174,971178,970760,970151,970492]"
2911,Elbert County Commissioner - District 2 (REP),[]
354,Representative to the 120th United States Congress - District 3 - REP (Pitkin),"[122807,121042,122311,120979,122896,119364,119437,123490,122333,120672,119418,124129,120691,119422,120578,122907,119817,123921,122826,121233,120808,124071,123025,120973,124200,121097,124248,119863,120413,119654,121422,123648,122549,121032,121403,121630,121414,119391,120544,121151,122498,121103,123805,122884,120297,121207,119509,121514,123598,124017,121360,122675,121502,120347,124075,124231,121047,119346,121954,120853,120285,119902,122993,120840,122450,120923,120950,122922,123633,122407,120513,120370,119795,123151,120796,122134,119985,120807,123066,120620,122697,120045,119918,123884,123589,123119,122435,121806,124150,119598,121896,121758,122832,122901,119595,119545,121840,121830,122343,122191,121807,121699,121674]"
726,Attorney General - REP (Elbert),"[111549,111276,112635,115323,118074,112764,111023,118377,113980,118489,115014,113886,114850,113313,117351,114679,114706,117391,117063,118209,115922,114263,116996,116413,114672,110354,114822,110631,117436,117519,110418,115691,118144,111854,118320,112406,113276,111843,118727,112102,113027,117627,118561,115165,111936,115593,114662,117708,113708,115427,114202,117614,109009,112011,111493,116418,113927,118675,113997,110624,118316,117321,117763,112187,116327,111412,118274,115839,115982,113253,117836,110574,115082,111377,112612,113179,115963,109235,109206,109602,111186,112352,113313,114042,109542,111662,109600,111947,113096,112022,111925,112705,112586,110020,109448,111511,111829,110045,109186,110299,109505]"
66,State Representative - District 33 - DEM,[]
76,Pitkin County Commissioner - District 1,[]
9636,Mesa County Clerk and Recorder - REP,[]
386,Lake County Coroner - DEM,"[972201,972520,972742,970340,972551,970927,972510,972280,972741,970354,971628,971584,970418,972314,971617,971067,971677,971737,972408,970350,970484,971895,972313,971435,971812,970301,971812,972209,971843,971152,971163,970510,970890,970624]"
803,State Representative - District 31 - DEM,[]
694,Adams County Commissioner - District 4 - DEM,[]
1079,State Representative - District 32 - REP,[]
1035,Attorney General - REP (Broomfield),"[490529,497410,484453,494877,490464,501038,478935,494736,484097,495800,483426,484233,485863,487960,489798,491798,486946,495385,499434,496586,482038,482373,483602,493016,496795,486675,489512,482888,495517,489923,478472,487894,492592,492958,501127,483042,488347,479655,480231,488000,493134,495331,492327,493328,483517,488992,495902,493131,479774,496152,490622,484975,485122,497183,481640,486919,494160,487767,479923,485943,493957,483939,497651,485804,478582,495481,480589,494398,488671,487496,483147,489517,483983,488663,486125,494848,493266,484324,493697,482280,497499,479365,487764,498932,478783,493652,480598,488598,486904,492384,489877,484615,483831,486254,486988,498732,499581,495338,498388,483267,478913,487813,487662,495947,491516,489483,487458,500358,481940,495160,486749,498453,499227,482786,485856,481457,484770,482932,496922,491435,494534,493717,492707,496139,497992,488402,491831,492678,483672,485789,481845,494802,484513,485153,491218,501215,480540,485222,490857,496531,494221,491230,493351,492227,484077,491590,501240,493711,498830,483946,495722,480534,480133,478657,492806,492984,500244,483317,500869,482379,500782,482302,495267]"
640,State Representative - District 19 - DEM,[]
9127,Boulder County Treasurer - DEM,[]
2902,State Representative - District 9 - DEM,[]
21140,Representative to the 120th United States Congress - District 1 - DEM,[]
81,State Senator - District 21 - DEM,[]
1671,State Representative - District 33 - DEM (Broomfield),"[490529,497410,484453,494877,490464,501038,478935,494736,484097,495800,483426,484233,485863,487960,489798,491798,486946,495385,499434,496586,482038,482373,483602,493016,496795,486675,489512,482888,495517,489923,478472,487894,492592,492958,501127,483042,488347,479655,480231,488000,493134,495331,492327,493328,483517,488992,495902,493131,479774,496152,490622,484975,485122,497183,481640,486919,494160,487767,479923,485943,493957,483939,497651,485804,478582,495481,480589,494398,488671,487496,483147,489517,483983,488663,486125,494848,493266,484324,493697,482280,497499,479365,487764,498932,478783,480598,484615,483831,498732,495338,498388,483267,491516,491435,494534,493717,483672,481845,494802,480540,496531]"
1139,Arapahoe County Commissioner - District 4 - DEM,[]
1070,State Representative - District 41 - DEM,[]
2403,State Representative - District 42 - DEM,[]
1469,State Representative - District 17 - DEM,[]
2687,State Representative - District 21 - REP,[]
3611,Governor - REP (Denver),"[215963,266287,313738,229441,171868,223793,226629,199375,255014,281590,212787,269448,316743,207734,321601,225236,340416,207009,202860,302664,188768,300549,328744,282900,300812,245656,343132,186614,207753,297713,242023,321850,264042,228092,272565,171249,189070,244578,237095,310438,282960,318771,188146,267290,248765,251627,239834,322565,207895,270205,273138,274228,342052,215119,318548,289880,301133,312726,224947,238909,184730,344752,249360,258737,310542,214520,337818,267017,262890,205032,334546,205964,343407,309493,257323,259158,184984,192822,168023,276340,344840,254403,316405,261030,221687,231741,318076,279768,207475,167483,195926,195176,298469,175149,228752,294727,306751,202451,181697,282461,179242,232789,306990,276480,246669,267644,194119,181176,278132,193855,251008,245375,309130,173183,299328,323676,215446,337687,203503,186029,310585,314235,189381,231364,220401,301288,245213,184642,340387,189931,300514,335393,293489,309830,215951,275926,173702,201497,241197,212513,341382,219672,168053,257275,329239,208132,331878,289997,341901,274202,299078,320995,327024,339536,310175,300410,313868,312863,317371,318170,297618,309422,318620,262248,292199,184799,242847,173801,189737,320847,267942,336927,200132,241883,281267,296737,286254,198832,168177,344050,220654,177645,303379,258306,319332,240048,230158,177317,320047,211454,250015,175080,297465,250022,281681,290003,294862,287498,305778,188133,224444,185818,172070,324799,221188,189130,252148,184106,249787,295901,253835,251402,317224,315807,343495,301588,201545,329749,216812,280070,284642,281095,196020,333033,202578,215599,321790,274772,278996,240307,170158,345191,181992,267111,256051,340113,262518,332417,211760,231580,340524,188153,316334,173938,322053,177724,233209,287746,287744,269861,169855,290615,269951,290575,249547,312638,190073,170941,199021,181371,212388,295884,236332,311535,273327,212751,220540,193154,249361,232116,168773,321191,313438,212481,296487,221081,175457,243716,324867,226775,221077,272710,172455,266426,169719,295632,199180,196775,326022,234923,334513,249254,178172,197526,245579,190162,336395,261080,288601,328784,289311,230387,227876,169767,290880,194469,171768,204487,335546,238308,273100,336009,206225,220005,334266,265434,176346,283676,266360,224761,193987,199322,330407,252718,277573,193565,169031,168021,292607,240790,285176,330388,260095,211010,234595,290767,242581,265324,326947,171294,242697,167485,191212,199100,195840,213805,235323,241402,277259,322835,180128,191170,266801,242692,243306,223395,259565,319561,282847,247498,235238]"
16647,Representative to the 120th United States Congress - District 5 - DEM,[]
7006,State Representative - District 14 - REP,[]
2455,El Paso County Commissioner - District 5 - REP,[]
8543,State Senator - District 9 - REP,[]
2296,State Representative - District 16 - REP,[]
38385,El Paso County Assessor - REP,[]
12261,State Senator - District 34 (DEM),[]
2297,State Representative - District 6 (DEM),[]
5,City of Durango Ballot Issue 2A,[]
1739,Representative to the 120th United States Congress - District 3 - REP (La Plata),"[18335,13482,11395,14805,19310,12303,23437,15806,13211,16507,26168,16588,17945,21762,15039,18761,12062,19613,11782,25241,11877,14449,12575,17018,15144,21438,18862,18469,27008,15902,24695,16026,14713,16722,25739,15973,12727,23155,19743,15122,25472,16015,11805,17299,22041,22938,25438,20553,26178,11815,24147,12989,21933,20984,27176,15528,11794,20463,22147,23917,21080,19203,15464,14543,15781,14451,23467,14890,22798]"
935,Representative to the 120th United States Congress - District 3 - DEM (La Plata),"[18335,13482,11395,14805,19310,12303,23437,15806,13211,16507,26168,16588,17945,21762,15039,18761,12062,19613,11782,25241,11877,14449,12575,17018,15144,21438,18862,18469,27008,15902,24695,16026,14713,16722,25739,15973,12727,23155,19743,15122,25472,16015,11805,17299,22041,22938,25438,20553,26178,11815,24147,12989,21933,20984,27176,15528,11794,20463,22147,18580,15935,27060,23917,27054,21080,22270,13191,19203,16719,26654,15464,14543,13080,15781,18092,12370,14451,17236,23467,21431,16115,14283,25267,14890,18276,19873,20751,24762,12139,26440,12043,19699,11592,25494,14526,20760,20732,23008,22798,14892,12464,15473,14209,18063,19546,20048,18738,24676,26056,25919,19086,14845,14543,16089,14244,25487,23069,11551,24556,23554,26003,26196,22748,23403,25609,23136,23489]"
145,Attorney General - REP (Gilpin),"[1057832,1059377,1058007,1058523,1058623,1057708,1058692,1058586,1058963,1059331,1057687,1058135,1059364,1058202,1058986,1058535,1058169,1059199,1058628,1058730,1058688,1057753,1058860,1057947,1057775,1058161,1058880,1058731,1059275,1057824,1058513,1058751,1059066,1059011,1059325,1059373,1058424,1057875,1057795,1058703,1058053,1059099,1057970,1058041,1059326,1057756,1059297,1057895,1058673,1058229,1058570,1058846,1059185,1059047,1059151,1059377,1057586,1058647,1058741,1058642,1057829,1059065,1058882,1057861,1059039,1058281,1058285,1058290,1059151,1058526,1057645,1057901,1058957,1058875,1058640,1057633,1058239,1058364,1058721,1058567,1058383,1057625,1057690,1058340,1057557,1057857,1057545,1057946,1058105,1057938,1057528,1057842,1057928,1057668,1057724,1057573]"
478,Secretary of State - DEM (Gunnison),"[151723,151941,152172,153460,152152,152279,154351,152385,151777,152484,154510,151855,151844,152948,154488,154124,151945,152829,153394,152382,154798,151928,150649,150614,150648,154155,153801,154462,150913,152558,150670,150616,154554,154681,154150,150968,152038,154007,150656,153431,151518,150532,152316,150352,154561,154631,150865,154584,153111,153509,153624,153249,150473,152154,153965,150389,151896,152428,152058,152509,151871,150899,152167,152375,151943,151059,152049,150344,150812,150330,150690]"
291,Attorney General - REP (Eagle),"[353400,353541,353930,359402,359406,356313,352124,353999,351453,349891,355983,351464,356343,357095,353181,350314,352090,353225,357308,349832,357310,351717,356836,358813,350917,351796,351347,353002,353708,354049,357097,354830,350798,351455,353803,349542,351584,354794,358157,357330,357716,358301,355989,352504,353193,358153,353728,353969,357070,355789,351293,353054,352892,352171,349635,351322,351935,356767,359177,350384,349609,351347,356539,351792,356104,353598,359153,352169,350923,356740,352852,357550,353081,356254,353445,352448,353564,349282,349176,358713,354404,359250,349949,351623,354025,353169,353246,353039,350562,358113,349252,359410,353530,351012,359116,351447,355552,353819,352926,354454,359550,352817,357680,356609,352134,356624,358722,351052,355415,350220,355547,351986,353210,349837,353885,359505,352452,353557,353904,358891,354050,357254,358547,352268,355034,352816,352967,358085,349472,350544,351617,358566,356436,354275,352451,350090,353864,353695,358598,353536,349552,349878,352404,358935,359015,355327,356622,359347,357989,352428,350893,359296,357290,357853,358588,358635,353435,350833,352793,351245,350432,354537,352838,351032,359183,352546,353580,352847,351059,353799,355150,358090,357357,351074,355251,351988,353668,352754,349234,349473,356292,351879,357868,354709,356886,351778,351030,355267,351473,355555,352731,358475,350282,356734,357480,351534,352210,359083,355439,349384,354419,358291,349405,358727,356442,359011,351952,351420,359046,358835,357610,355689,356908,358597,355083,357536,354191,359450,350313,357015,358202,349974,354916,354945,358507,355175,355332,358992,355402,350065,358469,357886,359001,354939,357920,357213,358219,349855,349219,354674,349635,355102,355783,357117,355688,357415,355895,349939,349200,356058,356459,356073,354602,356993,349864,349176,355758,354519,354790,354187,355172,354624]"
165,Representative to the 120th United States Congress - District 2 - REP (Clear Creek),"[377795,379972,379638,380373,380224,377932,379662,380101,378109,380186,378509,378769,380123,380414,380335,378342,379805,378528,380155,379407,380169,380236,380167,379690,378057,379726,378274,378388,379242,378053,380022,379351,378034,377965,378449,380250,379583,379001,379720,379512,378027,378794,378086,377950,378370,378080,379120,378876,379962,378067,379699,380230,378119,380248,377986,378154,380087,378023,377824,380355,379122,378116,380067,378489,379807,379703,380421,379504,377836,380189,380408,377838,378313,378743,379848,378961,378982,379710,378414,379517,378403,378548,378249,380197,379482,380049,378707,379523,377945,380089,379458,377849,378278,379832,379963,379446,379360,379641,378351,377865,379010,379433,379252,378329,378980,379432,378376,377888,377865,378953,378805,378410,378848,378720,378371,377851,378394,378287]"
148,Governor - DEM (Bent),"[1608745,1608089,1608296,1608180,1608196,1607705,1608287,1608542,1607793,1608388,1608177,1608454,1608014,1608374,1607823,1608348,1608520,1607833,1607739,1608616,1608144,1608574,1608486,1608222,1607970,1607765,1608229,1608731,1608727,1607738,1607849,1608709,1607919,1608737,1608523,1608729,1608543,1608303,1608273,1608724,1607987,1608481,1608683,1608332,1608483,1608511,1608483,1608054,1608181,1608463,1608066,1608211,1608207,1607896,1608040]"
151,Representative to the 120th United States Congress - District 3 - REP (Saguache),"[2372,2647,1617,2376,1155,1399,2188,2084,1459,1946,1293,2250,1298,1474,2080,1932,1754,2024,2699,2588,2200,2633,1171,2651,1775,1356,1919,1341,2535,2675,2072,2602,2454,2324,1236,1554,1371,2622,2729,2412,2609,1564,2040,1440,2465,1127,1766,1292,2434,1598,2500,1997,1503,1304,1257,1640,2428,1856,1709,2135,2045,1349,2513,2378,1702,2268,1634,2050,1866,2065,1940,1412,1995,1343,1425,1854,1696,1474,1100,1340,1389]"
636,Secretary of State - DEM (Summit),"[159921,164809,161712,159435,158995,158748,162488,162429,161204,160409,158832,162325,161827,160562,158750,159887,160432,163621,162194,162785,162226,159634,164798,159182,163567,161692,165318,160385,164483,163301,165140,159339,162129,163472,162053,163600,159803,159655,160107,162362,162818,162091,162508,158675,159358,161166,163250,160219,161508,160401,159683,163242,160635,165197,159653,160552,161224,165305,163161,163428,159370,163557,164520,163225,161054,164107,159332,158610,163798,163987,161226,165223,164473,161345,163675,161515,163508,162881,162768]"
5950,Arapahoe County Commissioner - District 2 - DEM,"[804566,816776,743934,761610,815544,760905,729741,773719,783957,812564,802617,802017,756281,709880,803079,722989,750440,761126,816859,828407,729957,748342,790466,759256,749292,761705,787701,811229,730891,721680,844571,749574,793600,753609,777311,714615,770629,727700,831586,822457,822323,747835,744442,832261,738230,814710,811397,745740,720470,810228,844607,832123,762446,750376,748800,720443,782814,815507,823639,752266,795600,756056,796252,839517,854331,760495,814942,808981,757941,784944,724917,766453,851062,756752,755080,750723,844848,745586,784386,802158,736068,796197,774588,845995,767135,758889,841879,785568,811162,842570,785666,714089,744578,822270,753711,720711,752459,736756,732755,812995,853268,815432,759621,733911,800791,758030,738300,839127,727756,727039,798781,823681,822883,830656,765965,758270,712192,849343,826746,723129,720447,817232,787890,854074,799924,749101,791202,763079,757217,736805,790112,843426,816423,846379,767253,830753,834770,750189,775482,854038,825568,749635,788256,802889,801099,850312,792511,730405,720054,850403,718262,830402,854072,824756,765855,723285,762399,748140,809547,843242,780612,733343,769681,800647,717505,814540,790759,725221,827370,847069,720698,836204]"
2705,State Senator - District 3 - DEM,"[1281412,1266899,1274432,1259473,1255834,1253717,1282974,1261178,1277199,1254407,1278513,1257930,1245341,1256750,1270967,1276702,1246429,1260288,1253783,1249739,1257600,1256897,1274058,1270080,1255563,1268525,1247443,1246422,1268707,1251553,1254043,1269371,1274269,1272668,1263560,1252992,1258296,1245509,1259797,1255054,1254578,1262338,1253795,1246793,1263268,1248384,1248775,1276717,1278298,1253972,1273501,1254563,1275884,1280426,1246788,1263488,1280971,1279719,1272656,1275048,1263950,1264448,1273000,1245197,1273968,1252788,1249249,1253422,1249768,1282672,1267251,1256353,1271291,1268032,1279788,1280103,1252906,1262299,1263915,1258006,1248206,1258957,1246456,1279364,1271204,1281602,1279632,1263908,1280092,1282419,1245875,1263347,1271461,1270198,1283296,1253477,1255076,1262931,1282694,1277412,1277240,1283804,1263350,1283324,1277323,1261136,1262165]"
5719,Douglas County Commissioner - District 1 (REP),"[708159,671190,671463,709065,607478,655013,672177,672662,680763,655452,616371,648662,652669,686488,665734,624261,638417,647729,669187,712325,704729,674250,707294,647702,652024,697874,632922,636107,649731,714495,683255,651432,698468,672645,618122,705421,617574,700313,680388,650990,706750,613467,620644,702755,686366,649939,617879,634639,627046,691553,702322,642304,709543,695066,659037,701772,710379,677112,650409,646219,705082,686396,715004,660974,625997,650052,606050,629736,699598,698268,650458,638326,671351,686965,715307,694331,661729,700181,633131,652988,716284,605802,624666,710377,697770,677209,626402,704580,674324,651313,686717,629945,620250,702490,678872,643515,635397,699546,622311,671605,637892,692885,643981,622113,622843,673111,647673,666687,651817,647483,655038,642112,638422,624371,639156,649753,635024,606931,634521,608692,625373,608664,609301,638228,634367,612614,629994,625333,605956,610181,616642,624415,610036,619085,609754]"
7317,Attorney General - REP (Arapahoe),"[804566,816776,743934,761610,815544,760905,729741,773719,783957,812564,802617,802017,756281,709880,803079,722989,750440,761126,816859,828407,729957,748342,790466,759256,749292,761705,787701,811229,730891,721680,844571,749574,793600,753609,777311,714615,770629,727700,831586,822457,822323,747835,744442,832261,738230,814710,811397,745740,720470,810228,844607,832123,762446,750376,748800,720443,782814,815507,823639,752266,795600,756056,796252,839517,854331,760495,814942,808981,757941,784944,724917,766453,851062,756752,755080,750723,844848,745586,784386,802158,736068,796197,774588,845995,767135,758889,841879,785568,811162,842570,785666,714089,744578,822270,753711,720711,752459,736756,812995,853268,759621,733911,800791,758030,839127,727756,798781,823681,822883,830656,765965,758270,712192,849343,723129,817232,787890,854074,799924,791202,763079,757217,736805,790112,843426,834770,775482,825568,788256,802889,801099,850312,792511,730405,850403,824756,762399,843242,800647,717505]"
314,Attorney General - REP (Grand),"[1627008,1623381,1623806,1625126,1626732,1626749,1625744,1624291,1626215,1626210,1624945,1623678,1625976,1626842,1625311,1625040,1623775,1623319,1624013,1623520,1625459,1624862,1624884,1627019,1626069,1623259,1626209,1624775,1625619,1626976,1626309,1622712,1624094,1625843,1626631,1623169,1623782,1623308,1622614,1623294,1626556,1623338,1625440,1626778,1623579,1624583,1624984,1626204,1626387,1624491,1627014,1625850,1623356,1626923,1626461,1624603,1623191,1622512,1623466,1625564,1622582,1624329,1624327,1625631,1626070,1626304,1625450,1626282,1624346,1622574,1624006,1625365,1625642,1625294,1623524,1623819,1626172,1626350,1626619,1623379,1624486,1625356,1625870,1625669,1625673,1624647,1625622,1622560,1625006,1625577,1625622,1624719,1623582,1622775,1623287,1625408,1623374,1625012,1624416,1623682,1623043,1622568,1623460,1623487,1622857,1622565,1622937,1622808,1622611]"
4975,El Paso County Commissioner - District 5 - DEM,"[1079373,1144180,1191394,1111858,1149872,1121485,1201672,1146962,1177450,1236748,1187838,1192192,1154417,1095614,1242569,1177725,1140390,1160323,1112860,1224788,1098175,1115973,1233487,1167322,1105235,1240616,1116138,1241118,1120999,1177306,1220379,1207035,1116742,1239246,1207620,1209823,1173910,1161719,1140368,1117050,1092732,1223665,1146367,1224229,1094663,1171765,1079350,1112383,1216731,1085961,1205798,1133708,1088064,1234616,1157721,1129657,1191365,1229755,1088421,1107468,1151910,1151488,1099047,1102180,1135439,1137349,1098826,1078715,1220878,1142588,1113693,1106182,1189899,1162188,1172290,1209235,1084331,1157094,1130564,1228322,1162455,1239146,1195020,1153112,1145374,1079603,1164191,1162103,1221270,1222250,1140943,1166160,1087303,1119907,1106829,1130639,1108584,1193124,1243673,1098892,1171305,1089964,1224383,1207920,1240464,1239611,1117897,1210634,1129203,1192123,1100104,1101804,1179014,1209225,1094654,1196770,1125574,1215345,1237913,1088769,1137156,1111249,1182144,1168171,1162600,1092392,1201164,1081168,1153550,1104255,1079696,1232789,1215672,1195490,1225934,1104826,1143328,1156474,1156830,1144527,1214636,1220710,1118148,1174632,1099446,1196563,1108652,1091602,1223722,1161789,1192634,1197875,1191819,1112319,1202877,1205592,1190840,1189243,1167850,1177151,1120635,1135206,1173162,1235494,1167794,1093168,1174671,1219610,1109585,1192294,1225810,1165015,1154490,1101360,1181128,1239701,1126232,1232525,1082002,1154448,1081659,1207196,1150120,1206588,1154608,1213316,1209304,1129549,1103370,1232290,1211874,1096457,1131798,1103362,1114700,1137179,1120587,1140543,1135665,1241604,1121928,1243880,1233497,1167952,1235593,1234293,1132175,1084991,1159338,1123650,1093977,1151313,1122482,1114202,1090908,1144631,1115879,1206356,1139971,1212324,1158442,1232577,1188692,1131959,1215703,1197628,1161759,1146329,1175003,1089163,1219251,1167374,1145537,1220535,1126998,1191438,1128124,1213877,1139030,1121323,1145574,1116400,1130259,1111214]"
4643,State Senator - District 21 - DEM (Adams),"[528557,577796,599797,510811,529771,510335,572897,561286,546019,566269,577706,588114,592134,512346,562577,567106,589018,604583,565605,532267,577385,586893,586645,552914,588787,514153,574189,519252,604881,510533,544872,596187,571510,603153,517147,568493,577945,579322,526926,548672,531204,571286,525517,545261,562841,520115,602704,596339,567897,558894,527487,593203,577165,603246,593951,515595,546763,577787,528417,547528,582820,556435,590536,515715,516464,585448,518780,588464,542647,579247,572784,529945,540209,558571,570861,533530,549633,551837,516203,527604,602234,572153,552094,529712,550203,532498,553841,532981,570987,552527,554937,521031,529229,578995,553434,585206,599239,515496,518758,561615,527644,577922,578377,595012,551377,548724,549480,565273,579397,600276,535075,509816,517710,586021,604037,539006,513959,546467,513777,576358,595494,561248,574417,575401,546010,519087,520917,527255,512386,605285,523117,591956,569638,527810,576997,524414,598531,551538,593455,555546,559878,553058,559235,559873,521358,586538,547388,515399,511347,556080,510665]"
6357,El Paso County Commissioner - District 1 - REP,"[1079373,1144180,1191394,1111858,1149872,1121485,1201672,1146962,1177450,1236748,1187838,1192192,1154417,1095614,1242569,1177725,1140390,1160323,1112860,1224788,1098175,1115973,1233487,1167322,1105235,1240616,1116138,1241118,1120999,1177306,1220379,1207035,1116742,1239246,1207620,1209823,1173910,1161719,1140368,1117050,1092732,1223665,1146367,1224229,1094663,1171765,1079350,1112383,1216731,1085961,1205798,1133708,1088064,1234616,1157721,1129657,1191365,1229755,1088421,1107468,1151910,1151488,1099047,1102180,1135439,1137349,1098826,1078715,1220878,1142588,1113693,1106182,1189899,1162188,1172290,1209235,1084331,1157094,1130564,1228322,1162455,1239146,1195020,1153112,1145374,1079603,1164191,1162103,1221270,1222250,1140943,1166160,1087303,1119907,1106829,1130639,1108584,1193124,1243673,1098892,1171305,1089964,1224383,1207920,1240464,1239611,1117897,1210634,1129203,1192123,1100104,1101804,1179014,1209225,1094654,1196770,1125574,1215345,1237913,1088769,1137156,1111249,1182144,1168171,1162600,1092392,1201164,1081168,1153550,1104255,1232789,1195490,1104826,1143328,1156474,1156830,1144527,1214636,1220710,1118148,1174632,1099446,1196563,1108652,1161789,1192634,1197875,1191819,1112319,1202877,1205592,1189243,1177151,1120635,1173162,1235494,1167794,1093168,1174671,1225810,1165015,1101360,1232525,1081659,1207196,1150120,1154608,1213316,1209304,1103370,1211874,1096457,1103362,1137179,1140543,1135665,1241604,1243880,1233497,1167952,1235593,1132175,1159338,1123650,1114202,1144631,1158442,1232577,1188692,1215703,1161759,1175003]"
380,Attorney General - DEM (Logan),"[1051653,1053655,1053744,1054026,1053329,1054217,1052057,1052416,1052667,1053205,1056284,1053355,1054875,1052781,1053661,1056362,1054710,1056085,1052899,1051598,1053591,1055001,1051539,1055350,1052540,1054825,1051732,1055622,1055876,1053127,1052376,1055952,1052090,1054509,1052887,1052712,1055647,1052937,1052038,1054137,1052582,1052332,1055398,1056320,1052689,1053664,1052543,1051650,1053253,1055503,1051944,1056110,1054292,1053599,1052362,1053029,1054229,1052523,1053616,1052458,1053613,1052986,1052093,1052713,1052656,1053035,1052565,1056308,1056248,1052062,1054909,1055786,1055562,1054224,1052626,1055378,1054544,1054288,1054773,1054739,1056098,1056158,1053856,1054293,1054280,1055378,1055446,1054779,1054076,1054583,1054183,1054048,1054049,1053821]"
1053,Secretary of State - DEM (Garfield),"[374416,370899,371312,374270,363147,370995,361518,372687,373795,367021,373887,366758,361435,364760,368714,373964,363275,362131,370718,365976,374128,365437,374707,371367,373439,362268,367305,368732,373802,365815,371186,363201,374441,373193,368126,374127,364308,364871,375345,373501,373541,369007,375695,367011,373231,375496,369176,373465,371425,374125,371486,372847,362838,366793,362479,373615,364345,371886,363115,369331,368904,362697,372700,364133,367587,374233,369747,370484,369994,372685,363789,373337,364721,370056,370156,370921,367219,361537,369159,372471,371462,370312,371374,366185,362047,369815,365668,363947,365214,367929,367207,361974,367488,365206,367248,364919,365000,364739,364092,362367,361645]"
194,Park County Commissioner District 3 - REP,"[1034160,1033031,1034209,1034990,1036610,1034181,1033634,1032407,1034465,1031914,1033470,1033521,1036244,1032588,1036428,1032622,1032430,1034206,1037783,1032526,1033419,1035086,1035622,1034063,1033524,1033875,1037154,1035293,1033896,1035741,1037270,1035996,1036179,1036738,1035188,1032884,1037759,1032811,1032614,1032719,1033876,1032912,1037430,1035600,1033459,1037221,1036099,1032643,1034204,1033950,1036935,1037197,1032649,1037566,1034583,1033367,1032196,1034597,1034446,1034105,1033255,1035034,1036358,1036004,1036158,1033432,1037103,1033915,1033449,1033240,1037005,1033666,1032900,1032350,1032576,1036922,1034955,1035848,1035287,1037521,1033263,1033199,1033571,1032652,1033550,1035587,1032607,1036960,1031865,1036783,1033182,1033553,1035419,1034964,1035056,1032971,1035081,1032492,1034175,1033269,1036370,1033336,1032254,1037413,1037570,1033645,1037394,1036334,1033326,1037690,1033044,1035536,1035383,1032692,1033908,1036123,1034385,1037626,1034925,1034994,1036020,1034190,1036850,1033299,1034112,1037448,1036475,1032736,1032029,1036608,1034011,1033769,1035751,1033933,1033209,1034278,1037132,1035673,1034844,1032883,1034117,1034006,1034272,1033626,1033869,1032780,1032683,1036115,1035127,1032639,1033273,1037356,1033435,1036848,1033085,1037570,1036333,1033425,1035615,1032327,1031900,1034322,1035145,1036174,1036559,1032115,1031950,1036980,1037583,1036388,1034365,1032571,1037716,1032303,1035962,1032168,1032144,1036142,1035482,1035701,1035971,1032311,1034906,1036694,1037465,1034574,1037651,1037308,1036302,1034903,1036293,1036964,1034392,1037382,1037177,1035562,1035946,1032308,1034787,1036932,1032237,1034987,1034492,1032082,1035785,1036082,1036474,1034899,1035059,1035431,1034869,1034367,1036016,1034384,1034603,1035352,1032234,1034545,1034296,1035461,1034712,1034451,1034876,1034673,1034372]"
404,Attorney General - REP (Garfield),"[374416,370899,371312,374270,363147,370995,361518,372687,373795,367021,373887,366758,361435,364760,368714,373964,363275,362131,370718,365976,374128,365437,374707,371367,373439,362268,367305,368732,373802,365815,371186,363201,374441,373193,368126,374127,364308,364871,375345,373501,373541,369007,375695,367011,373231,375496,369176,373465,371425,374125,371486,372847,362838,366793,362479,373615,364345,371886,363115,369331,368904,362697,372700,364133,367587,374233,375727,369747,370484,369994,372685,363789,375385,373337,364721,370056,370156,370921,374771,367219,361537,375539,369159,372471,374593,371462,370312,374703,372809,375724,371374,372149,366185,375190,374070,371907,362047,369815,371842,365668,363947,365214,375011,373280,374508,367929,375051,367207,361974,367488,365206,372665,373648,367248,364919,371861,365000,364739,374872,367562,366323,373804,372888,364092,362367,361645,370973,367976,372097,372556,369197,367432,365819,369920,371342,366639,372500,372741,375566,374342,373241,369700,368634,363484,374879,375322,370567,375305,369741,369917,372265,369896,369931,365009,366865,373142,374165,373286,374741,367868,371069,362988,373693,367184,365916,373086,374773,361765,361416,362761,374627,374324,366617,374270,371186,372221,362767,367820,367250,370053,367303,373257,361682,361613,366413,367270,369839,361762,372734,371322,372684,372816,369994,372053,370288,370912,361839,372246,367360,367110,370774,370409,367418,369425,361865,367740,365395,361932,365325,371678,362707,371138,365833,370077,368452,362218,368663,366396,363100,365873,366914,368251,370436,369680,367780,367245,368443,361736,364471,363253,368913,365231,366587,369148,369179,363087,365338,365187,364832,367411,368834,368660,362958,363139,367060,366920,364742,363548,367064,367710,363957,363964,362211,362327,363255,365907,364865,363367,364660,362096,361872]"
274,Attorney General - REP (Routt),"[1285839,1288877,1289547,1290817,1286711,1286502,1287643,1286012,1287812,1290625,1288883,1288743,1289909,1286276,1287647,1289645,1291569,1285701,1287487,1287774,1287573,1290730,1290521,1288418,1287840,1291601,1286725,1291026,1290121,1289816,1289142,1290655,1291054,1288428,1291410,1291525,1285773,1290348,1289412,1290731,1285787,1287784,1286524,1291109,1287632,1288369,1285641,1287083,1286486,1291708,1288762,1285722,1289828,1290555,1285645,1291015,1291668,1288018,1288962,1291719,1285755,1286551,1291308,1288090,1286898,1286306,1287560,1288504,1286478,1285678,1285926,1285884,1291522,1290550,1291566,1285691,1288761,1289781,1285867,1290614,1287884,1289198,1291638,1288438,1290075,1291886,1291127,1286963,1290162,1287189,1287601,1285707,1285986,1291731,1289777,1286139,1287739,1289009,1286997,1287583,1287883,1287074,1291802,1286487,1287532,1286272,1290047,1287431,1286307,1290915,1291322,1286507,1288729,1287393,1289855,1287947,1286841,1291790,1286310,1291602,1291470,1289925,1288428,1288966,1289764,1288736,1286196,1290829,1286258,1289266,1288556,1289702,1286219,1290057,1291315,1289606,1291396,1288322,1289583,1288649,1290013,1289888,1288803,1288690,1290663,1290122,1287932,1285925,1288554,1290673,1287978,1290792,1290410,1289302,1286055,1290013,1289239,1288348,1289355,1287951,1288792,1289585,1288076,1288054,1287892,1288706,1288672,1285909,1288263]"
334,Attorney General - REP (Summit),"[159921,164809,161712,159435,158995,158748,162488,162429,161204,160409,158832,162325,161827,160562,158750,159887,160432,163621,162194,162785,162226,159634,164798,159182,163567,161692,165318,160385,164483,163301,165140,159339,162129,163472,162053,163600,159803,159655,160107,162362,162818,162091,162508,158675,159358,161166,163250,160219,161508,160401,159683,163242,160635,165197,159653,160552,161224,162185,165305,162233,163161,161690,163428,159370,160994,163557,160618,161769,162076,164520,162330,160265,160516,158773,162071,163225,159896,160825,161054,164107,158659,164281,162497,159332,160633,158610,161982,163798,160678,163987,161226,164339,165223,164473,162011,161345,163675,160222,161515,161986,162101,158633,160596,162387,160203,163508,163627,159594,160765,162086,160171,164469,162881,160333,165127,163349,159511,164093,162768,159227,158644,163823,165073,159747,163231,163913,164777,164901,161151,161610,164526,162645,164959,164539,164162,163232,164089,162727,163513,162882,163207,158956,161471,162830,163102,162580,161353,161634,158809]"
8371,State Representative - District 5 (DEM),"[215963,266287,313738,229441,171868,223793,226629,199375,255014,281590,212787,269448,316743,207734,321601,225236,340416,207009,202860,302664,188768,300549,328744,282900,300812,245656,343132,186614,207753,297713,242023,321850,264042,228092,272565,171249,189070,244578,237095,310438,282960,318771,188146,267290,248765,251627,239834,322565,207895,270205,273138,274228,342052,215119,318548,289880,301133,312726,224947,238909,184730,344752,249360,258737,310542,214520,337818,267017,262890,205032,334546,205964,343407,309493,257323,259158,184984,192822,168023,276340,344840,254403,316405,261030,221687,231741,318076,279768,207475,167483,195926,195176,298469,175149,228752,294727,306751,202451,181697,282461,179242,232789,306990,276480,246669,267644,278132,193855,245375,309130,173183,323676,215446,337687,203503,186029,310585,189381,220401,301288,245213,184642,340387,189931,293489,309830,173702,241197,212513,219672,168053,208132,331878,299078,320995,327024,312863,297618,318620,262248,292199,184799,242847,189737,320847,267942,241883,198832,220654,230158,177317,224444,324799,252148,251402,333033,278996]"
110,Representative to the 120th United States Congress - District 3 - REP (San Miguel),"[133316,133240,132983,132384,133193,133531,132706,134183,133440,133956,133480,133819,132960,133683,133969,133076,132736,133958,133297,133693,133388,133611,133943,133555,134165,133883,133378,132473,134013,134099,133581,132394,132713,133439,133105,133874,133012,133051,133938,134113,133937,134140,132345,132510,133448,133586,133476,133893,134143,133578,133399,132442,133828,132882,134151,132597,133122,132420,132922,133569,132346,134185,132722,134048,133507,133304,132401,133019,134124,134193,134140,132658,132741,133173,133976,132914,133507,133004,133816,133569,134077,134227,132580,133569,132887,133494,133252,133057,133051,133301,132882,132913,132338,133092,132768,133069,133427,133015,133086,132388,132375,132860,133258,133456,133358,132404,132755,133101,133271,133198,132606,132538,133279,133115,133237,133053,132641,133039,132806,132587,132709,132882,132977,132291,132919,132720,132671,132698,132624,132557,132304,132600]"
253,Alamosa County Assessor - DEM,"[1616983,1618462,1617354,1617990,1616493,1617397,1617466,1616691,1618121,1618310,1617609,1616890,1616548,1615886,1615485,1617165,1616955,1616534,1616668,1615914,1618186,1618298,1615933,1616786,1617577,1616812,1615596,1617573,1616840,1616462,1615848,1617569,1616442,1617474,1617491,1618395,1616448,1615503,1615398,1617366,1615703,1616066,1617197,1616134,1615167,1618487,1615799,1615748,1617227,1616090,1615755,1618351,1615199,1617769,1617166,1616994,1617449,1617408,1615225,1617562,1618563,1617525,1615659,1617297,1616115,1617454,1616179,1617944,1616910,1616773,1616877,1617318,1615203,1615432,1618564,1615630,1615481,1618559,1615843,1618410,1615267,1615733,1617869,1615524,1616266,1618198,1617887,1615233,1618083,1618486,1617878,1615762,1615619,1617919,1618429,1617909,1618060,1618142,1617973,1618137,1617940,1615411]"
