county_name,scanner_id,batch_id,count_per_manifest,count_per_cvr_file,difference
Adams,101,1,100,100,0
Adams,101,10,1,1,0
Adams,101,100,100,100,0
Adams,101,101,100,100,0
Adams,101,102,97,97,0
Adams,101,103,100,100,0
Adams,101,104,98,98,0
Adams,101,105,100,100,0
Adams,101,106,100,100,0
Adams,101,107,100,100,0
Adams,101,108,100,100,0
Adams,101,109,100,100,0
Adams,101,11,100,100,0
Adams,101,110,100,100,0
Adams,101,111,100,100,0
Adams,101,112,96,96,0
Adams,101,113,100,100,0
Adams,101,114,100,100,0
Adams,101,115,33,33,0
Adams,101,116,98,98,0
Adams,101,117,100,100,0
Adams,101,118,20,20,0
Adams,101,119,39,39,0
Adams,101,12,100,100,0
Adams,101,120,92,92,0
Adams,101,121,100,100,0
Adams,101,122,100,100,0
Adams,101,123,100,100,0
Adams,101,124,97,97,0
Adams,101,125,100,100,0
Adams,101,126,20,20,0
Adams,101,127,91,91,0
Adams,101,128,100,100,0
Adams,101,129,100,100,0
Adams,101,13,34,34,0
Adams,101,130,100,100,0
Adams,101,131,100,100,0
Adams,101,132,98,98,0
Adams,101,133,100,100,0
Adams,101,134,99,99,0
Adams,101,135,100,100,0
Adams,101,136,100,100,0
Adams,101,137,100,100,0
Adams,101,138,99,99,0
Adams,101,139,100,100,0
Adams,101,14,100,100,0
Adams,101,140,97,97,0
Adams,101,141,100,100,0
Adams,101,142,100,100,0
Adams,101,143,100,100,0
Adams,101,144,99,99,0
Adams,101,145,100,100,0
Adams,101,146,98,98,0
Adams,101,147,97,97,0
Adams,101,148,100,100,0
Adams,101,149,100,100,0
Adams,101,15,100,100,0
Adams,101,150,100,100,0
Adams,101,151,100,100,0
Adams,101,152,100,100,0
Adams,101,153,100,100,0
Adams,101,154,95,95,0
Adams,101,155,100,100,0
Adams,101,156,97,97,0
Adams,101,157,100,100,0
Adams,101,158,97,97,0
Adams,101,159,100,100,0
Adams,101,16,29,29,0
Adams,101,160,99,99,0
Adams,101,161,98,98,0
Adams,101,162,100,100,0
Adams,101,163,100,100,0
Adams,101,164,100,100,0
Adams,101,165,100,100,0
Adams,101,166,79,79,0
Adams,101,167,100,100,0
Adams,101,168,100,100,0
Adams,101,169,98,98,0
Adams,101,17,100,100,0
Adams,101,170,100,100,0
Adams,101,171,66,66,0
Adams,101,172,100,100,0
Adams,101,173,95,95,0
Adams,101,174,100,100,0
Adams,101,175,100,100,0
Adams,101,176,97,97,0
Adams,101,177,100,100,0
Adams,101,178,94,94,0
Adams,101,179,99,99,0
Adams,101,18,100,100,0
Adams,101,180,100,100,0
Adams,101,181,100,100,0
Adams,101,182,100,100,0
Adams,101,183,100,100,0
Adams,101,184,100,100,0
Adams,101,185,100,100,0
Adams,101,186,100,100,0
Adams,101,187,100,100,0
Adams,101,188,93,93,0
Adams,101,189,100,100,0
Adams,101,19,100,100,0
Adams,101,190,100,100,0
Adams,101,191,96,96,0
Adams,101,192,100,100,0
Adams,101,193,100,100,0
Adams,101,194,100,100,0
Adams,101,195,24,24,0
Adams,101,196,97,97,0
Adams,101,197,100,100,0
Adams,101,198,94,94,0
Adams,101,199,100,100,0
Adams,101,2,62,62,0
Adams,101,20,100,100,0
Adams,101,200,100,100,0
Adams,101,201,38,38,0
Adams,101,202,100,100,0
Adams,101,203,100,100,0
Adams,101,204,100,100,0
Adams,101,205,99,99,0
Adams,101,206,95,95,0
Adams,101,207,100,100,0
Adams,101,208,100,100,0
Adams,101,209,100,100,0
Adams,101,21,100,100,0
Adams,101,210,100,100,0
Adams,101,211,101,101,0
Adams,101,212,100,100,0
Adams,101,213,100,100,0
Adams,101,214,100,100,0
Adams,101,215,100,100,0
Adams,101,216,100,100,0
Adams,101,217,100,100,0
Adams,101,218,93,93,0
Adams,101,219,100,100,0
Adams,101,22,100,100,0
Adams,101,220,100,100,0
Adams,101,221,99,99,0
Adams,101,222,3,3,0
Adams,101,223,100,100,0
Adams,101,224,100,100,0
Adams,101,225,100,100,0
Adams,101,226,100,100,0
Adams,101,227,100,100,0
Adams,101,228,99,99,0
Adams,101,229,100,100,0
Adams,101,23,100,100,0
Adams,101,230,83,83,0
Adams,101,231,100,100,0
Adams,101,232,100,100,0
Adams,101,233,100,100,0
Adams,101,234,100,100,0
Adams,101,235,100,100,0
Adams,101,236,100,100,0
Adams,101,237,100,100,0
Adams,101,238,100,100,0
Adams,101,239,100,100,0
Adams,101,24,100,100,0
Adams,101,240,100,100,0
Adams,101,241,100,100,0
Adams,101,242,100,100,0
Adams,101,243,100,100,0
Adams,101,244,100,100,0
Adams,101,245,92,92,0
Adams,101,246,100,100,0
Adams,101,247,100,100,0
Adams,101,248,91,91,0
Adams,101,249,100,100,0
Adams,101,25,100,100,0
Adams,101,250,100,100,0
Adams,101,251,100,100,0
Adams,101,252,99,99,0
Adams,101,26,97,97,0
Adams,101,27,97,97,0
Adams,101,28,73,73,0
Adams,101,29,96,96,0
Adams,101,3,100,100,0
Adams,101,30,90,90,0
Adams,101,31,56,56,0
Adams,101,32,100,100,0
Adams,101,33,94,94,0
Adams,101,34,100,100,0
Adams,101,35,99,99,0
Adams,101,36,100,100,0
Adams,101,37,97,97,0
Adams,101,38,96,96,0
Adams,101,39,100,100,0
Adams,101,4,100,100,0
Adams,101,40,97,97,0
Adams,101,41,100,100,0
Adams,101,42,100,100,0
Adams,101,43,55,55,0
Adams,101,44,99,99,0
Adams,101,45,100,100,0
Adams,101,46,14,14,0
Adams,101,47,100,100,0
Adams,101,48,92,92,0
Adams,101,49,99,99,0
Adams,101,5,100,100,0
Adams,101,50,100,100,0
Adams,101,51,100,100,0
Adams,101,52,100,100,0
Adams,101,53,100,100,0
Adams,101,54,100,100,0
Adams,101,55,96,96,0
Adams,101,56,100,100,0
Adams,101,57,100,100,0
Adams,101,58,91,91,0
Adams,101,59,98,98,0
Adams,101,6,100,100,0
Adams,101,60,100,100,0
Adams,101,61,100,100,0
Adams,101,62,100,100,0
Adams,101,63,100,100,0
Adams,101,64,100,100,0
Adams,101,65,100,100,0
Adams,101,66,100,100,0
Adams,101,67,100,100,0
Adams,101,68,100,100,0
Adams,101,69,100,100,0
Adams,101,7,40,40,0
Adams,101,70,100,100,0
Adams,101,71,99,99,0
Adams,101,72,100,100,0
Adams,101,73,98,98,0
Adams,101,74,99,99,0
Adams,101,75,100,100,0
Adams,101,76,100,100,0
Adams,101,77,100,100,0
Adams,101,78,100,100,0
Adams,101,79,100,100,0
Adams,101,8,36,36,0
Adams,101,80,100,100,0
Adams,101,81,100,100,0
Adams,101,82,48,48,0
Adams,101,83,100,100,0
Adams,101,84,100,100,0
Adams,101,85,100,100,0
Adams,101,86,100,100,0
Adams,101,87,100,100,0
Adams,101,88,99,99,0
Adams,101,89,93,93,0
Adams,101,9,100,100,0
Adams,101,90,100,100,0
Adams,101,91,82,82,0
Adams,101,92,100,100,0
Adams,101,93,94,94,0
Adams,101,94,100,100,0
Adams,101,95,96,96,0
Adams,101,96,100,100,0
Adams,101,97,99,99,0
Adams,101,98,100,100,0
Adams,101,99,100,100,0
Adams,103,1,97,97,0
Adams,103,10,92,92,0
Adams,103,100,100,100,0
Adams,103,101,90,90,0
Adams,103,102,100,100,0
Adams,103,103,100,100,0
Adams,103,104,97,97,0
Adams,103,105,99,99,0
Adams,103,106,97,97,0
Adams,103,107,100,100,0
Adams,103,108,100,100,0
Adams,103,109,100,100,0
Adams,103,11,95,95,0
Adams,103,110,100,100,0
Adams,103,111,100,100,0
Adams,103,112,100,100,0
Adams,103,113,100,100,0
Adams,103,114,100,100,0
Adams,103,115,95,95,0
Adams,103,116,100,100,0
Adams,103,117,100,100,0
Adams,103,118,98,98,0
Adams,103,119,100,100,0
Adams,103,12,100,100,0
Adams,103,120,98,98,0
Adams,103,121,100,100,0
Adams,103,122,100,100,0
Adams,103,123,100,100,0
Adams,103,124,100,100,0
Adams,103,125,21,21,0
Adams,103,126,100,100,0
Adams,103,127,100,100,0
Adams,103,128,100,100,0
Adams,103,129,96,96,0
Adams,103,13,100,100,0
Adams,103,130,100,100,0
Adams,103,131,100,100,0
Adams,103,132,96,96,0
Adams,103,133,100,100,0
Adams,103,134,98,98,0
Adams,103,135,100,100,0
Adams,103,136,99,99,0
Adams,103,137,100,100,0
Adams,103,138,100,100,0
Adams,103,139,100,100,0
Adams,103,14,100,100,0
Adams,103,140,100,100,0
Adams,103,141,100,100,0
Adams,103,142,25,25,0
Adams,103,143,97,97,0
Adams,103,144,97,97,0
Adams,103,145,98,98,0
Adams,103,146,99,99,0
Adams,103,147,98,98,0
Adams,103,148,100,100,0
Adams,103,149,100,100,0
Adams,103,15,100,100,0
Adams,103,150,100,100,0
Adams,103,151,100,100,0
Adams,103,152,86,86,0
Adams,103,153,99,99,0
Adams,103,154,100,100,0
Adams,103,155,100,100,0
Adams,103,156,100,100,0
Adams,103,157,99,99,0
Adams,103,158,100,100,0
Adams,103,159,76,76,0
Adams,103,16,9,9,0
Adams,103,160,100,100,0
Adams,103,161,100,100,0
Adams,103,17,100,100,0
Adams,103,18,99,99,0
Adams,103,19,99,99,0
Adams,103,2,94,94,0
Adams,103,20,100,100,0
Adams,103,21,99,99,0
Adams,103,22,95,95,0
Adams,103,23,100,100,0
Adams,103,24,100,100,0
Adams,103,25,100,100,0
Adams,103,26,100,100,0
Adams,103,27,97,97,0
Adams,103,28,98,98,0
Adams,103,29,100,100,0
Adams,103,3,100,100,0
Adams,103,30,100,100,0
Adams,103,31,97,97,0
Adams,103,32,99,99,0
Adams,103,33,100,100,0
Adams,103,34,97,97,0
Adams,103,35,100,100,0
Adams,103,36,99,99,0
Adams,103,37,100,100,0
Adams,103,38,98,98,0
Adams,103,39,95,95,0
Adams,103,4,99,99,0
Adams,103,40,100,100,0
Adams,103,41,100,100,0
Adams,103,42,98,98,0
Adams,103,43,97,97,0
Adams,103,44,100,100,0
Adams,103,45,96,96,0
Adams,103,46,100,100,0
Adams,103,47,100,100,0
Adams,103,48,4,4,0
Adams,103,49,98,98,0
Adams,103,5,98,98,0
Adams,103,50,100,100,0
Adams,103,51,100,100,0
Adams,103,52,98,98,0
Adams,103,53,97,97,0
Adams,103,54,100,100,0
Adams,103,55,100,100,0
Adams,103,56,91,91,0
Adams,103,57,53,53,0
Adams,103,58,97,97,0
Adams,103,59,99,99,0
Adams,103,6,100,100,0
Adams,103,60,96,96,0
Adams,103,61,66,66,0
Adams,103,62,21,21,0
Adams,103,63,100,100,0
Adams,103,64,90,90,0
Adams,103,65,101,101,0
Adams,103,66,100,100,0
Adams,103,67,100,100,0
Adams,103,68,100,100,0
Adams,103,69,101,101,0
Adams,103,7,100,100,0
Adams,103,70,98,98,0
Adams,103,71,97,97,0
Adams,103,72,100,100,0
Adams,103,73,81,81,0
Adams,103,74,100,100,0
Adams,103,75,100,100,0
Adams,103,76,100,100,0
Adams,103,77,31,31,0
Adams,103,78,6,6,0
Adams,103,79,99,99,0
Adams,103,8,100,100,0
Adams,103,80,100,100,0
Adams,103,81,100,100,0
Adams,103,82,98,98,0
Adams,103,83,100,100,0
Adams,103,84,100,100,0
Adams,103,85,100,100,0
Adams,103,86,100,100,0
Adams,103,87,100,100,0
Adams,103,88,99,99,0
Adams,103,89,53,53,0
Adams,103,9,99,99,0
Adams,103,90,99,99,0
Adams,103,91,100,100,0
Adams,103,92,99,99,0
Adams,103,93,96,96,0
Adams,103,94,100,100,0
Adams,103,95,98,98,0
Adams,103,96,100,100,0
Adams,103,97,92,92,0
Adams,103,98,97,97,0
Adams,103,99,100,100,0
Adams,104,1,98,98,0
Adams,104,10,100,100,0
Adams,104,100,98,98,0
Adams,104,11,100,100,0
Adams,104,12,100,100,0
Adams,104,13,100,100,0
Adams,104,14,95,95,0
Adams,104,15,92,92,0
Adams,104,16,97,97,0
Adams,104,17,92,92,0
Adams,104,18,100,100,0
Adams,104,19,100,100,0
Adams,104,2,100,100,0
Adams,104,20,98,98,0
Adams,104,21,100,100,0
Adams,104,22,91,91,0
Adams,104,23,100,100,0
Adams,104,24,96,96,0
Adams,104,25,98,98,0
Adams,104,26,99,99,0
Adams,104,27,96,96,0
Adams,104,28,99,99,0
Adams,104,29,100,100,0
Adams,104,3,96,96,0
Adams,104,30,98,98,0
Adams,104,31,100,100,0
Adams,104,32,100,100,0
Adams,104,33,95,95,0
Adams,104,34,92,92,0
Adams,104,35,99,99,0
Adams,104,36,90,90,0
Adams,104,37,100,100,0
Adams,104,38,99,99,0
Adams,104,39,100,100,0
Adams,104,4,100,100,0
Adams,104,40,99,99,0
Adams,104,41,29,29,0
Adams,104,42,100,100,0
Adams,104,43,100,100,0
Adams,104,44,100,100,0
Adams,104,45,100,100,0
Adams,104,46,100,100,0
Adams,104,47,100,100,0
Adams,104,48,100,100,0
Adams,104,49,97,97,0
Adams,104,5,100,100,0
Adams,104,50,100,100,0
Adams,104,51,100,100,0
Adams,104,52,96,96,0
Adams,104,53,89,89,0
Adams,104,54,100,100,0
Adams,104,55,97,97,0
Adams,104,56,100,100,0
Adams,104,57,100,100,0
Adams,104,58,3,3,0
Adams,104,59,98,98,0
Adams,104,6,100,100,0
Adams,104,60,97,97,0
Adams,104,61,100,100,0
Adams,104,62,100,100,0
Adams,104,63,100,100,0
Adams,104,64,100,100,0
Adams,104,65,96,96,0
Adams,104,66,100,100,0
Adams,104,67,98,98,0
Adams,104,68,96,96,0
Adams,104,69,100,100,0
Adams,104,7,100,100,0
Adams,104,70,100,100,0
Adams,104,71,100,100,0
Adams,104,72,21,21,0
Adams,104,73,100,100,0
Adams,104,74,100,100,0
Adams,104,75,100,100,0
Adams,104,76,100,100,0
Adams,104,77,100,100,0
Adams,104,78,100,100,0
Adams,104,79,100,100,0
Adams,104,8,98,98,0
Adams,104,80,100,100,0
Adams,104,81,100,100,0
Adams,104,82,97,97,0
Adams,104,83,100,100,0
Adams,104,84,100,100,0
Adams,104,85,100,100,0
Adams,104,86,100,100,0
Adams,104,87,99,99,0
Adams,104,88,100,100,0
Adams,104,89,100,100,0
Adams,104,9,100,100,0
Adams,104,90,98,98,0
Adams,104,91,100,100,0
Adams,104,92,100,100,0
Adams,104,93,59,59,0
Adams,104,94,100,100,0
Adams,104,95,100,100,0
Adams,104,96,100,100,0
Adams,104,97,99,99,0
Adams,104,98,41,41,0
Adams,104,99,100,100,0
Adams,106,1,100,100,0
Adams,106,10,95,95,0
Adams,106,100,100,100,0
Adams,106,101,100,100,0
Adams,106,102,100,100,0
Adams,106,103,100,100,0
Adams,106,104,100,100,0
Adams,106,105,100,100,0
Adams,106,106,95,95,0
Adams,106,107,98,98,0
Adams,106,108,100,100,0
Adams,106,109,99,99,0
Adams,106,11,100,100,0
Adams,106,110,20,20,0
Adams,106,111,100,100,0
Adams,106,112,100,100,0
Adams,106,113,100,100,0
Adams,106,114,100,100,0
Adams,106,115,100,100,0
Adams,106,116,94,94,0
Adams,106,117,58,58,0
Adams,106,118,100,100,0
Adams,106,119,100,100,0
Adams,106,12,100,100,0
Adams,106,120,98,98,0
Adams,106,121,94,94,0
Adams,106,122,100,100,0
Adams,106,123,100,100,0
Adams,106,124,97,97,0
Adams,106,125,99,99,0
Adams,106,126,58,58,0
Adams,106,127,83,83,0
Adams,106,128,100,100,0
Adams,106,129,100,100,0
Adams,106,13,100,100,0
Adams,106,130,96,96,0
Adams,106,131,98,98,0
Adams,106,132,100,100,0
Adams,106,133,100,100,0
Adams,106,134,100,100,0
Adams,106,135,36,36,0
Adams,106,136,100,100,0
Adams,106,137,50,50,0
Adams,106,138,100,100,0
Adams,106,139,100,100,0
Adams,106,14,100,100,0
Adams,106,140,100,100,0
Adams,106,141,88,88,0
Adams,106,142,100,100,0
Adams,106,143,92,92,0
Adams,106,144,100,100,0
Adams,106,145,100,100,0
Adams,106,146,100,100,0
Adams,106,147,93,93,0
Adams,106,148,100,100,0
Adams,106,149,100,100,0
Adams,106,15,97,97,0
Adams,106,150,90,90,0
Adams,106,151,100,100,0
Adams,106,152,100,100,0
Adams,106,153,100,100,0
Adams,106,154,94,94,0
Adams,106,155,100,100,0
Adams,106,156,88,88,0
Adams,106,157,100,100,0
Adams,106,158,100,100,0
Adams,106,159,100,100,0
Adams,106,16,100,100,0
Adams,106,160,100,100,0
Adams,106,161,100,100,0
Adams,106,162,100,100,0
Adams,106,163,100,100,0
Adams,106,164,87,87,0
Adams,106,165,100,100,0
Adams,106,166,100,100,0
Adams,106,167,100,100,0
Adams,106,168,99,99,0
Adams,106,169,100,100,0
Adams,106,17,100,100,0
Adams,106,170,100,100,0
Adams,106,171,100,100,0
Adams,106,172,100,100,0
Adams,106,173,100,100,0
Adams,106,174,100,100,0
Adams,106,175,99,99,0
Adams,106,176,100,100,0
Adams,106,177,100,100,0
Adams,106,178,29,29,0
Adams,106,179,71,71,0
Adams,106,18,101,101,0
Adams,106,180,50,50,0
Adams,106,181,88,88,0
Adams,106,182,95,95,0
Adams,106,183,50,50,0
Adams,106,184,91,91,0
Adams,106,185,100,100,0
Adams,106,186,55,55,0
Adams,106,187,100,100,0
Adams,106,188,49,49,0
Adams,106,189,89,89,0
Adams,106,19,100,100,0
Adams,106,190,2,2,0
Adams,106,2,100,100,0
Adams,106,20,85,85,0
Adams,106,21,100,100,0
Adams,106,22,100,100,0
Adams,106,23,99,99,0
Adams,106,24,100,100,0
Adams,106,25,100,100,0
Adams,106,26,100,100,0
Adams,106,27,100,100,0
Adams,106,28,100,100,0
Adams,106,29,99,99,0
Adams,106,3,100,100,0
Adams,106,30,100,100,0
Adams,106,31,100,100,0
Adams,106,32,93,93,0
Adams,106,33,46,46,0
Adams,106,34,100,100,0
Adams,106,35,100,100,0
Adams,106,36,100,100,0
Adams,106,37,97,97,0
Adams,106,38,100,100,0
Adams,106,39,98,98,0
Adams,106,4,98,98,0
Adams,106,40,100,100,0
Adams,106,41,100,100,0
Adams,106,42,96,96,0
Adams,106,43,94,94,0
Adams,106,44,99,99,0
Adams,106,45,94,94,0
Adams,106,46,100,100,0
Adams,106,47,99,99,0
Adams,106,48,97,97,0
Adams,106,49,96,96,0
Adams,106,5,95,95,0
Adams,106,50,40,40,0
Adams,106,51,100,100,0
Adams,106,52,100,100,0
Adams,106,53,100,100,0
Adams,106,54,100,100,0
Adams,106,55,100,100,0
Adams,106,56,100,100,0
Adams,106,57,100,100,0
Adams,106,58,96,96,0
Adams,106,59,96,96,0
Adams,106,6,100,100,0
Adams,106,60,99,99,0
Adams,106,61,19,19,0
Adams,106,62,66,66,0
Adams,106,63,100,100,0
Adams,106,64,100,100,0
Adams,106,65,84,84,0
Adams,106,66,100,100,0
Adams,106,67,121,121,0
Adams,106,68,100,100,0
Adams,106,69,100,100,0
Adams,106,7,100,100,0
Adams,106,70,100,100,0
Adams,106,71,94,94,0
Adams,106,72,68,68,0
Adams,106,73,19,19,0
Adams,106,74,96,96,0
Adams,106,75,99,99,0
Adams,106,76,27,27,0
Adams,106,77,100,100,0
Adams,106,78,96,96,0
Adams,106,79,94,94,0
Adams,106,8,98,98,0
Adams,106,80,95,95,0
Adams,106,81,100,100,0
Adams,106,82,100,100,0
Adams,106,83,100,100,0
Adams,106,84,96,96,0
Adams,106,85,97,97,0
Adams,106,86,95,95,0
Adams,106,87,99,99,0
Adams,106,88,96,96,0
Adams,106,89,53,53,0
Adams,106,9,100,100,0
Adams,106,90,100,100,0
Adams,106,91,100,100,0
Adams,106,92,100,100,0
Adams,106,93,100,100,0
Adams,106,94,98,98,0
Adams,106,95,51,51,0
Adams,106,96,100,100,0
Adams,106,97,20,20,0
Adams,106,98,96,96,0
Adams,106,99,100,100,0
Adams,107,1,96,96,0
Adams,107,10,100,100,0
Adams,107,100,100,100,0
Adams,107,101,33,33,0
Adams,107,102,100,100,0
Adams,107,103,100,100,0
Adams,107,104,100,100,0
Adams,107,105,100,100,0
Adams,107,106,100,100,0
Adams,107,107,100,100,0
Adams,107,108,98,98,0
Adams,107,109,100,100,0
Adams,107,11,100,100,0
Adams,107,110,100,100,0
Adams,107,111,100,100,0
Adams,107,112,100,100,0
Adams,107,113,100,100,0
Adams,107,114,100,100,0
Adams,107,115,50,50,0
Adams,107,116,100,100,0
Adams,107,117,100,100,0
Adams,107,118,100,100,0
Adams,107,119,100,100,0
Adams,107,12,97,97,0
Adams,107,120,100,100,0
Adams,107,121,100,100,0
Adams,107,122,100,100,0
Adams,107,123,99,99,0
Adams,107,124,97,97,0
Adams,107,125,93,93,0
Adams,107,126,100,100,0
Adams,107,127,100,100,0
Adams,107,128,5,5,0
Adams,107,129,100,100,0
Adams,107,13,96,96,0
Adams,107,130,100,100,0
Adams,107,131,97,97,0
Adams,107,132,80,80,0
Adams,107,133,101,101,0
Adams,107,134,100,100,0
Adams,107,135,100,100,0
Adams,107,136,100,100,0
Adams,107,137,100,100,0
Adams,107,138,100,100,0
Adams,107,139,100,100,0
Adams,107,14,100,100,0
Adams,107,140,56,56,0
Adams,107,141,89,89,0
Adams,107,142,100,100,0
Adams,107,143,85,85,0
Adams,107,144,100,100,0
Adams,107,145,100,100,0
Adams,107,146,100,100,0
Adams,107,147,91,91,0
Adams,107,148,86,86,0
Adams,107,149,100,100,0
Adams,107,15,100,100,0
Adams,107,150,96,96,0
Adams,107,151,100,100,0
Adams,107,152,100,100,0
Adams,107,153,100,100,0
Adams,107,154,99,99,0
Adams,107,16,100,100,0
Adams,107,17,100,100,0
Adams,107,18,96,96,0
Adams,107,19,100,100,0
Adams,107,2,97,97,0
Adams,107,20,100,100,0
Adams,107,21,100,100,0
Adams,107,22,96,96,0
Adams,107,23,99,99,0
Adams,107,24,100,100,0
Adams,107,25,95,95,0
Adams,107,26,100,100,0
Adams,107,27,100,100,0
Adams,107,28,93,93,0
Adams,107,29,97,97,0
Adams,107,3,96,96,0
Adams,107,30,100,100,0
Adams,107,31,100,100,0
Adams,107,32,95,95,0
Adams,107,33,97,97,0
Adams,107,34,100,100,0
Adams,107,35,50,50,0
Adams,107,36,100,100,0
Adams,107,37,100,100,0
Adams,107,38,100,100,0
Adams,107,39,100,100,0
Adams,107,4,93,93,0
Adams,107,40,100,100,0
Adams,107,41,100,100,0
Adams,107,42,100,100,0
Adams,107,43,98,98,0
Adams,107,44,100,100,0
Adams,107,45,99,99,0
Adams,107,46,98,98,0
Adams,107,47,100,100,0
Adams,107,48,100,100,0
Adams,107,49,97,97,0
Adams,107,5,100,100,0
Adams,107,50,73,73,0
Adams,107,51,50,50,0
Adams,107,52,99,99,0
Adams,107,53,100,100,0
Adams,107,54,72,72,0
Adams,107,55,3,3,0
Adams,107,56,100,100,0
Adams,107,57,100,100,0
Adams,107,58,99,99,0
Adams,107,59,100,100,0
Adams,107,6,100,100,0
Adams,107,60,99,99,0
Adams,107,61,26,26,0
Adams,107,62,100,100,0
Adams,107,63,34,34,0
Adams,107,64,100,100,0
Adams,107,65,100,100,0
Adams,107,66,100,100,0
Adams,107,67,100,100,0
Adams,107,68,100,100,0
Adams,107,69,100,100,0
Adams,107,7,95,95,0
Adams,107,70,100,100,0
Adams,107,71,79,79,0
Adams,107,72,99,99,0
Adams,107,73,93,93,0
Adams,107,74,96,96,0
Adams,107,75,100,100,0
Adams,107,76,94,94,0
Adams,107,77,98,98,0
Adams,107,78,97,97,0
Adams,107,79,100,100,0
Adams,107,8,100,100,0
Adams,107,80,100,100,0
Adams,107,81,100,100,0
Adams,107,82,100,100,0
Adams,107,83,100,100,0
Adams,107,84,8,8,0
Adams,107,85,95,95,0
Adams,107,86,96,96,0
Adams,107,87,100,100,0
Adams,107,88,98,98,0
Adams,107,89,100,100,0
Adams,107,9,100,100,0
Adams,107,90,99,99,0
Adams,107,91,99,99,0
Adams,107,92,100,100,0
Adams,107,93,100,100,0
Adams,107,94,100,100,0
Adams,107,95,100,100,0
Adams,107,96,100,100,0
Adams,107,97,100,100,0
Adams,107,98,100,100,0
Adams,107,99,100,100,0
Adams,108,1,99,99,0
Adams,108,10,100,100,0
Adams,108,100,33,33,0
Adams,108,101,100,100,0
Adams,108,102,100,100,0
Adams,108,103,100,100,0
Adams,108,104,100,100,0
Adams,108,105,100,100,0
Adams,108,106,100,100,0
Adams,108,107,100,100,0
Adams,108,108,100,100,0
Adams,108,109,86,86,0
Adams,108,11,100,100,0
Adams,108,110,100,100,0
Adams,108,111,100,100,0
Adams,108,112,100,100,0
Adams,108,113,99,99,0
Adams,108,114,99,99,0
Adams,108,115,100,100,0
Adams,108,116,100,100,0
Adams,108,117,100,100,0
Adams,108,118,100,100,0
Adams,108,119,100,100,0
Adams,108,12,99,99,0
Adams,108,120,82,82,0
Adams,108,121,100,100,0
Adams,108,122,100,100,0
Adams,108,123,100,100,0
Adams,108,124,100,100,0
Adams,108,125,91,91,0
Adams,108,126,79,79,0
Adams,108,127,100,100,0
Adams,108,128,100,100,0
Adams,108,129,100,100,0
Adams,108,13,97,97,0
Adams,108,130,99,99,0
Adams,108,131,100,100,0
Adams,108,133,100,100,0
Adams,108,14,100,100,0
Adams,108,15,100,100,0
Adams,108,16,100,100,0
Adams,108,17,100,100,0
Adams,108,18,99,99,0
Adams,108,19,98,98,0
Adams,108,2,94,94,0
Adams,108,20,100,100,0
Adams,108,21,100,100,0
Adams,108,22,92,92,0
Adams,108,23,100,100,0
Adams,108,24,100,100,0
Adams,108,25,100,100,0
Adams,108,26,99,99,0
Adams,108,27,100,100,0
Adams,108,28,80,80,0
Adams,108,29,100,100,0
Adams,108,3,100,100,0
Adams,108,30,100,100,0
Adams,108,31,100,100,0
Adams,108,32,100,100,0
Adams,108,33,100,100,0
Adams,108,34,100,100,0
Adams,108,35,100,100,0
Adams,108,36,34,34,0
Adams,108,37,100,100,0
Adams,108,38,100,100,0
Adams,108,39,46,46,0
Adams,108,4,93,93,0
Adams,108,40,100,100,0
Adams,108,41,100,100,0
Adams,108,42,100,100,0
Adams,108,43,100,100,0
Adams,108,44,99,99,0
Adams,108,45,100,100,0
Adams,108,46,100,100,0
Adams,108,47,100,100,0
Adams,108,48,100,100,0
Adams,108,49,100,100,0
Adams,108,5,93,93,0
Adams,108,50,100,100,0
Adams,108,51,100,100,0
Adams,108,52,100,100,0
Adams,108,53,97,97,0
Adams,108,54,100,100,0
Adams,108,55,100,100,0
Adams,108,56,100,100,0
Adams,108,57,100,100,0
Adams,108,58,100,100,0
Adams,108,59,96,96,0
Adams,108,6,76,76,0
Adams,108,60,100,100,0
Adams,108,61,100,100,0
Adams,108,62,100,100,0
Adams,108,63,97,97,0
Adams,108,64,100,100,0
Adams,108,65,100,100,0
Adams,108,66,100,100,0
Adams,108,67,98,98,0
Adams,108,68,96,96,0
Adams,108,69,100,100,0
Adams,108,7,100,100,0
Adams,108,70,100,100,0
Adams,108,71,100,100,0
Adams,108,72,100,100,0
Adams,108,73,88,88,0
Adams,108,74,100,100,0
Adams,108,75,100,100,0
Adams,108,76,101,101,0
Adams,108,77,100,100,0
Adams,108,78,100,100,0
Adams,108,79,100,100,0
Adams,108,8,100,100,0
Adams,108,80,100,100,0
Adams,108,81,96,96,0
Adams,108,82,89,89,0
Adams,108,83,100,100,0
Adams,108,84,100,100,0
Adams,108,85,100,100,0
Adams,108,86,100,100,0
Adams,108,87,93,93,0
Adams,108,88,100,100,0
Adams,108,89,100,100,0
Adams,108,9,46,46,0
Adams,108,90,100,100,0
Adams,108,91,92,92,0
Adams,108,92,100,100,0
Adams,108,93,100,100,0
Adams,108,94,100,100,0
Adams,108,95,100,100,0
Adams,108,96,92,92,0
Adams,108,97,98,98,0
Adams,108,98,100,100,0
Adams,108,99,100,100,0
Adams,109,1,58,58,0
Adams,109,10,9,9,0
Adams,109,11,47,47,0
Adams,109,12,46,46,0
Adams,109,13,2,2,0
Adams,109,2,58,58,0
Adams,109,3,10,10,0
Adams,109,4,9,9,0
Adams,109,5,7,7,0
Adams,109,6,13,13,0
Adams,109,7,2,2,0
Adams,109,8,4,4,0
Adams,109,9,13,13,0
Adams,110,1,48,48,0
Adams,110,10,100,100,0
Adams,110,11,100,100,0
Adams,110,12,100,100,0
Adams,110,13,84,84,0
Adams,110,14,100,100,0
Adams,110,15,100,100,0
Adams,110,16,100,100,0
Adams,110,17,100,100,0
Adams,110,18,100,100,0
Adams,110,19,100,100,0
Adams,110,2,97,97,0
Adams,110,20,100,100,0
Adams,110,21,81,81,0
Adams,110,22,100,100,0
Adams,110,23,98,98,0
Adams,110,3,100,100,0
Adams,110,4,100,100,0
Adams,110,5,100,100,0
Adams,110,6,100,100,0
Adams,110,7,100,100,0
Adams,110,8,100,100,0
Adams,110,9,100,100,0
Alamosa,102,1,25,25,0
Alamosa,102,10,25,25,0
Alamosa,102,100,25,25,0
Alamosa,102,101,25,25,0
Alamosa,102,102,25,25,0
Alamosa,102,103,25,25,0
Alamosa,102,104,25,25,0
Alamosa,102,105,25,25,0
Alamosa,102,106,25,25,0
Alamosa,102,107,25,25,0
Alamosa,102,108,25,25,0
Alamosa,102,109,25,25,0
Alamosa,102,11,25,25,0
Alamosa,102,110,25,25,0
Alamosa,102,111,25,25,0
Alamosa,102,112,25,25,0
Alamosa,102,113,25,25,0
Alamosa,102,114,25,25,0
Alamosa,102,115,25,25,0
Alamosa,102,116,25,25,0
Alamosa,102,117,25,25,0
Alamosa,102,118,25,25,0
Alamosa,102,119,25,25,0
Alamosa,102,12,25,25,0
Alamosa,102,120,25,25,0
Alamosa,102,121,25,25,0
Alamosa,102,122,25,25,0
Alamosa,102,123,25,25,0
Alamosa,102,124,25,25,0
Alamosa,102,125,25,25,0
Alamosa,102,126,25,25,0
Alamosa,102,127,25,25,0
Alamosa,102,128,25,25,0
Alamosa,102,129,25,25,0
Alamosa,102,13,25,25,0
Alamosa,102,130,25,25,0
Alamosa,102,131,25,25,0
Alamosa,102,132,25,25,0
Alamosa,102,133,25,25,0
Alamosa,102,134,25,25,0
Alamosa,102,135,25,25,0
Alamosa,102,136,25,25,0
Alamosa,102,137,34,34,0
Alamosa,102,138,30,30,0
Alamosa,102,139,11,11,0
Alamosa,102,14,25,25,0
Alamosa,102,15,25,25,0
Alamosa,102,16,25,25,0
Alamosa,102,17,25,25,0
Alamosa,102,18,25,25,0
Alamosa,102,19,25,25,0
Alamosa,102,2,25,25,0
Alamosa,102,20,25,25,0
Alamosa,102,21,25,25,0
Alamosa,102,22,25,25,0
Alamosa,102,23,25,25,0
Alamosa,102,24,25,25,0
Alamosa,102,25,25,25,0
Alamosa,102,26,25,25,0
Alamosa,102,27,25,25,0
Alamosa,102,28,25,25,0
Alamosa,102,29,25,25,0
Alamosa,102,3,25,25,0
Alamosa,102,30,25,25,0
Alamosa,102,31,25,25,0
Alamosa,102,32,25,25,0
Alamosa,102,33,25,25,0
Alamosa,102,34,25,25,0
Alamosa,102,35,25,25,0
Alamosa,102,36,25,25,0
Alamosa,102,37,25,25,0
Alamosa,102,38,25,25,0
Alamosa,102,39,25,25,0
Alamosa,102,4,25,25,0
Alamosa,102,40,25,25,0
Alamosa,102,41,25,25,0
Alamosa,102,42,25,25,0
Alamosa,102,43,25,25,0
Alamosa,102,44,25,25,0
Alamosa,102,45,25,25,0
Alamosa,102,46,25,25,0
Alamosa,102,47,25,25,0
Alamosa,102,48,25,25,0
Alamosa,102,49,25,25,0
Alamosa,102,5,25,25,0
Alamosa,102,50,25,25,0
Alamosa,102,51,25,25,0
Alamosa,102,52,25,25,0
Alamosa,102,53,25,25,0
Alamosa,102,54,25,25,0
Alamosa,102,55,25,25,0
Alamosa,102,56,25,25,0
Alamosa,102,57,25,25,0
Alamosa,102,58,25,25,0
Alamosa,102,59,25,25,0
Alamosa,102,6,25,25,0
Alamosa,102,60,25,25,0
Alamosa,102,61,25,25,0
Alamosa,102,62,25,25,0
Alamosa,102,63,25,25,0
Alamosa,102,64,25,25,0
Alamosa,102,65,25,25,0
Alamosa,102,66,25,25,0
Alamosa,102,67,25,25,0
Alamosa,102,68,25,25,0
Alamosa,102,69,25,25,0
Alamosa,102,7,25,25,0
Alamosa,102,70,25,25,0
Alamosa,102,71,25,25,0
Alamosa,102,72,25,25,0
Alamosa,102,73,25,25,0
Alamosa,102,74,25,25,0
Alamosa,102,75,25,25,0
Alamosa,102,76,25,25,0
Alamosa,102,77,25,25,0
Alamosa,102,78,25,25,0
Alamosa,102,79,25,25,0
Alamosa,102,8,25,25,0
Alamosa,102,80,25,25,0
Alamosa,102,81,25,25,0
Alamosa,102,82,25,25,0
Alamosa,102,83,25,25,0
Alamosa,102,84,25,25,0
Alamosa,102,85,25,25,0
Alamosa,102,86,25,25,0
Alamosa,102,87,25,25,0
Alamosa,102,88,25,25,0
Alamosa,102,89,25,25,0
Alamosa,102,9,25,25,0
Alamosa,102,90,25,25,0
Alamosa,102,91,25,25,0
Alamosa,102,92,25,25,0
Alamosa,102,93,25,25,0
Alamosa,102,94,25,25,0
Alamosa,102,95,25,25,0
Alamosa,102,96,25,25,0
Alamosa,102,97,25,25,0
Alamosa,102,98,25,25,0
Alamosa,102,99,25,25,0
Arapahoe,101,1,90,90,0
Arapahoe,101,10,91,91,0
Arapahoe,101,100,100,100,0
Arapahoe,101,101,100,100,0
Arapahoe,101,102,100,100,0
Arapahoe,101,103,100,100,0
Arapahoe,101,104,96,96,0
Arapahoe,101,105,97,97,0
Arapahoe,101,106,100,100,0
Arapahoe,101,107,100,100,0
Arapahoe,101,108,95,95,0
Arapahoe,101,109,100,100,0
Arapahoe,101,11,93,93,0
Arapahoe,101,110,100,100,0
Arapahoe,101,111,94,94,0
Arapahoe,101,112,94,94,0
Arapahoe,101,113,100,100,0
Arapahoe,101,114,100,100,0
Arapahoe,101,115,100,100,0
Arapahoe,101,116,97,97,0
Arapahoe,101,117,100,100,0
Arapahoe,101,118,95,95,0
Arapahoe,101,119,95,95,0
Arapahoe,101,12,95,95,0
Arapahoe,101,120,100,100,0
Arapahoe,101,121,98,98,0
Arapahoe,101,122,100,100,0
Arapahoe,101,123,100,100,0
Arapahoe,101,124,96,96,0
Arapahoe,101,125,99,99,0
Arapahoe,101,126,98,98,0
Arapahoe,101,127,99,99,0
Arapahoe,101,128,100,100,0
Arapahoe,101,129,100,100,0
Arapahoe,101,13,90,90,0
Arapahoe,101,130,93,93,0
Arapahoe,101,131,100,100,0
Arapahoe,101,132,1,1,0
Arapahoe,101,133,98,98,0
Arapahoe,101,134,91,91,0
Arapahoe,101,135,94,94,0
Arapahoe,101,136,99,99,0
Arapahoe,101,137,88,88,0
Arapahoe,101,138,100,100,0
Arapahoe,101,139,100,100,0
Arapahoe,101,14,75,75,0
Arapahoe,101,140,97,97,0
Arapahoe,101,141,95,95,0
Arapahoe,101,142,70,70,0
Arapahoe,101,143,72,72,0
Arapahoe,101,144,99,99,0
Arapahoe,101,145,99,99,0
Arapahoe,101,146,100,100,0
Arapahoe,101,147,100,100,0
Arapahoe,101,148,100,100,0
Arapahoe,101,149,100,100,0
Arapahoe,101,15,95,95,0
Arapahoe,101,150,46,46,0
Arapahoe,101,151,99,99,0
Arapahoe,101,152,100,100,0
Arapahoe,101,153,99,99,0
Arapahoe,101,154,100,100,0
Arapahoe,101,155,100,100,0
Arapahoe,101,156,99,99,0
Arapahoe,101,157,99,99,0
Arapahoe,101,158,100,100,0
Arapahoe,101,159,99,99,0
Arapahoe,101,16,78,78,0
Arapahoe,101,160,100,100,0
Arapahoe,101,161,99,99,0
Arapahoe,101,162,100,100,0
Arapahoe,101,163,100,100,0
Arapahoe,101,164,98,98,0
Arapahoe,101,165,97,97,0
Arapahoe,101,166,99,99,0
Arapahoe,101,167,100,100,0
Arapahoe,101,168,100,100,0
Arapahoe,101,169,100,100,0
Arapahoe,101,17,125,125,0
Arapahoe,101,170,98,98,0
Arapahoe,101,171,99,99,0
Arapahoe,101,172,100,100,0
Arapahoe,101,173,99,99,0
Arapahoe,101,174,98,98,0
Arapahoe,101,175,100,100,0
Arapahoe,101,176,98,98,0
Arapahoe,101,177,99,99,0
Arapahoe,101,178,98,98,0
Arapahoe,101,179,100,100,0
Arapahoe,101,18,89,89,0
Arapahoe,101,180,95,95,0
Arapahoe,101,181,100,100,0
Arapahoe,101,182,97,97,0
Arapahoe,101,183,98,98,0
Arapahoe,101,184,100,100,0
Arapahoe,101,185,97,97,0
Arapahoe,101,186,91,91,0
Arapahoe,101,187,100,100,0
Arapahoe,101,188,11,11,0
Arapahoe,101,189,97,97,0
Arapahoe,101,19,90,90,0
Arapahoe,101,190,100,100,0
Arapahoe,101,191,97,97,0
Arapahoe,101,192,95,95,0
Arapahoe,101,193,100,100,0
Arapahoe,101,194,100,100,0
Arapahoe,101,195,95,95,0
Arapahoe,101,196,95,95,0
Arapahoe,101,197,97,97,0
Arapahoe,101,198,95,95,0
Arapahoe,101,199,96,96,0
Arapahoe,101,2,1,1,0
Arapahoe,101,20,41,41,0
Arapahoe,101,200,95,95,0
Arapahoe,101,201,96,96,0
Arapahoe,101,202,94,94,0
Arapahoe,101,203,95,95,0
Arapahoe,101,204,95,95,0
Arapahoe,101,205,96,96,0
Arapahoe,101,206,100,100,0
Arapahoe,101,207,92,92,0
Arapahoe,101,208,98,98,0
Arapahoe,101,209,100,100,0
Arapahoe,101,21,83,83,0
Arapahoe,101,210,99,99,0
Arapahoe,101,22,83,83,0
Arapahoe,101,23,88,88,0
Arapahoe,101,24,2,2,0
Arapahoe,101,25,83,83,0
Arapahoe,101,26,93,93,0
Arapahoe,101,27,85,85,0
Arapahoe,101,28,85,85,0
Arapahoe,101,29,26,26,0
Arapahoe,101,3,5,5,0
Arapahoe,101,30,100,100,0
Arapahoe,101,31,85,85,0
Arapahoe,101,32,7,7,0
Arapahoe,101,33,37,37,0
Arapahoe,101,34,98,98,0
Arapahoe,101,35,100,100,0
Arapahoe,101,36,100,100,0
Arapahoe,101,37,100,100,0
Arapahoe,101,38,100,100,0
Arapahoe,101,39,98,98,0
Arapahoe,101,4,100,100,0
Arapahoe,101,40,100,100,0
Arapahoe,101,41,100,100,0
Arapahoe,101,42,100,100,0
Arapahoe,101,43,95,95,0
Arapahoe,101,44,98,98,0
Arapahoe,101,45,96,96,0
Arapahoe,101,46,100,100,0
Arapahoe,101,47,100,100,0
Arapahoe,101,48,100,100,0
Arapahoe,101,49,99,99,0
Arapahoe,101,5,81,81,0
Arapahoe,101,50,91,91,0
Arapahoe,101,51,96,96,0
Arapahoe,101,52,100,100,0
Arapahoe,101,53,97,97,0
Arapahoe,101,54,99,99,0
Arapahoe,101,55,100,100,0
Arapahoe,101,56,99,99,0
Arapahoe,101,57,65,65,0
Arapahoe,101,58,99,99,0
Arapahoe,101,59,93,93,0
Arapahoe,101,6,87,87,0
Arapahoe,101,60,100,100,0
Arapahoe,101,61,99,99,0
Arapahoe,101,62,97,97,0
Arapahoe,101,63,99,99,0
Arapahoe,101,64,100,100,0
Arapahoe,101,65,100,100,0
Arapahoe,101,66,100,100,0
Arapahoe,101,67,97,97,0
Arapahoe,101,68,96,96,0
Arapahoe,101,69,98,98,0
Arapahoe,101,7,75,75,0
Arapahoe,101,70,90,90,0
Arapahoe,101,71,97,97,0
Arapahoe,101,72,1,1,0
Arapahoe,101,73,93,93,0
Arapahoe,101,74,95,95,0
Arapahoe,101,75,94,94,0
Arapahoe,101,76,92,92,0
Arapahoe,101,77,97,97,0
Arapahoe,101,78,88,88,0
Arapahoe,101,79,100,100,0
Arapahoe,101,8,38,38,0
Arapahoe,101,80,99,99,0
Arapahoe,101,81,100,100,0
Arapahoe,101,82,96,96,0
Arapahoe,101,83,99,99,0
Arapahoe,101,84,99,99,0
Arapahoe,101,85,100,100,0
Arapahoe,101,86,86,86,0
Arapahoe,101,87,100,100,0
Arapahoe,101,88,95,95,0
Arapahoe,101,89,99,99,0
Arapahoe,101,9,74,74,0
Arapahoe,101,90,100,100,0
Arapahoe,101,91,96,96,0
Arapahoe,101,92,99,99,0
Arapahoe,101,93,95,95,0
Arapahoe,101,94,42,42,0
Arapahoe,101,95,98,98,0
Arapahoe,101,96,97,97,0
Arapahoe,101,97,98,98,0
Arapahoe,101,98,70,70,0
Arapahoe,101,99,100,100,0
Arapahoe,102,1,61,61,0
Arapahoe,102,10,94,94,0
Arapahoe,102,100,100,100,0
Arapahoe,102,101,100,100,0
Arapahoe,102,102,100,100,0
Arapahoe,102,103,100,100,0
Arapahoe,102,104,99,99,0
Arapahoe,102,105,100,100,0
Arapahoe,102,106,99,99,0
Arapahoe,102,107,100,100,0
Arapahoe,102,108,91,91,0
Arapahoe,102,109,99,99,0
Arapahoe,102,11,82,82,0
Arapahoe,102,110,100,100,0
Arapahoe,102,111,99,99,0
Arapahoe,102,112,100,100,0
Arapahoe,102,113,99,99,0
Arapahoe,102,114,100,100,0
Arapahoe,102,115,96,96,0
Arapahoe,102,116,99,99,0
Arapahoe,102,117,100,100,0
Arapahoe,102,118,100,100,0
Arapahoe,102,119,84,84,0
Arapahoe,102,12,70,70,0
Arapahoe,102,120,99,99,0
Arapahoe,102,121,98,98,0
Arapahoe,102,122,98,98,0
Arapahoe,102,123,100,100,0
Arapahoe,102,124,100,100,0
Arapahoe,102,125,100,100,0
Arapahoe,102,126,100,100,0
Arapahoe,102,127,72,72,0
Arapahoe,102,128,100,100,0
Arapahoe,102,129,100,100,0
Arapahoe,102,13,98,98,0
Arapahoe,102,130,100,100,0
Arapahoe,102,131,100,100,0
Arapahoe,102,132,91,91,0
Arapahoe,102,133,94,94,0
Arapahoe,102,134,100,100,0
Arapahoe,102,135,100,100,0
Arapahoe,102,136,96,96,0
Arapahoe,102,137,98,98,0
Arapahoe,102,138,99,99,0
Arapahoe,102,139,96,96,0
Arapahoe,102,14,83,83,0
Arapahoe,102,140,97,97,0
Arapahoe,102,141,100,100,0
Arapahoe,102,142,100,100,0
Arapahoe,102,143,98,98,0
Arapahoe,102,144,98,98,0
Arapahoe,102,145,99,99,0
Arapahoe,102,146,95,95,0
Arapahoe,102,147,100,100,0
Arapahoe,102,148,96,96,0
Arapahoe,102,149,99,99,0
Arapahoe,102,15,69,69,0
Arapahoe,102,150,100,100,0
Arapahoe,102,151,98,98,0
Arapahoe,102,152,58,58,0
Arapahoe,102,153,100,100,0
Arapahoe,102,154,100,100,0
Arapahoe,102,155,100,100,0
Arapahoe,102,156,99,99,0
Arapahoe,102,157,100,100,0
Arapahoe,102,158,100,100,0
Arapahoe,102,159,100,100,0
Arapahoe,102,16,98,98,0
Arapahoe,102,160,100,100,0
Arapahoe,102,161,97,97,0
Arapahoe,102,162,100,100,0
Arapahoe,102,163,99,99,0
Arapahoe,102,164,100,100,0
Arapahoe,102,165,100,100,0
Arapahoe,102,166,100,100,0
Arapahoe,102,167,96,96,0
Arapahoe,102,168,99,99,0
Arapahoe,102,169,100,100,0
Arapahoe,102,17,74,74,0
Arapahoe,102,170,99,99,0
Arapahoe,102,171,100,100,0
Arapahoe,102,172,99,99,0
Arapahoe,102,173,98,98,0
Arapahoe,102,174,100,100,0
Arapahoe,102,175,100,100,0
Arapahoe,102,176,98,98,0
Arapahoe,102,177,100,100,0
Arapahoe,102,178,92,92,0
Arapahoe,102,179,97,97,0
Arapahoe,102,18,87,87,0
Arapahoe,102,180,95,95,0
Arapahoe,102,181,99,99,0
Arapahoe,102,182,100,100,0
Arapahoe,102,183,97,97,0
Arapahoe,102,184,100,100,0
Arapahoe,102,185,99,99,0
Arapahoe,102,186,51,51,0
Arapahoe,102,187,99,99,0
Arapahoe,102,188,94,94,0
Arapahoe,102,189,96,96,0
Arapahoe,102,19,81,81,0
Arapahoe,102,190,95,95,0
Arapahoe,102,191,93,93,0
Arapahoe,102,192,90,90,0
Arapahoe,102,193,99,99,0
Arapahoe,102,194,88,88,0
Arapahoe,102,195,88,88,0
Arapahoe,102,2,69,69,0
Arapahoe,102,20,49,49,0
Arapahoe,102,21,83,83,0
Arapahoe,102,22,81,81,0
Arapahoe,102,23,95,95,0
Arapahoe,102,24,96,96,0
Arapahoe,102,25,82,82,0
Arapahoe,102,26,93,93,0
Arapahoe,102,27,39,39,0
Arapahoe,102,28,93,93,0
Arapahoe,102,29,82,82,0
Arapahoe,102,3,80,80,0
Arapahoe,102,30,39,39,0
Arapahoe,102,31,86,86,0
Arapahoe,102,32,95,95,0
Arapahoe,102,33,98,98,0
Arapahoe,102,34,98,98,0
Arapahoe,102,35,100,100,0
Arapahoe,102,36,94,94,0
Arapahoe,102,37,85,85,0
Arapahoe,102,38,99,99,0
Arapahoe,102,39,93,93,0
Arapahoe,102,4,64,64,0
Arapahoe,102,40,99,99,0
Arapahoe,102,41,56,56,0
Arapahoe,102,42,45,45,0
Arapahoe,102,43,96,96,0
Arapahoe,102,44,92,92,0
Arapahoe,102,45,99,99,0
Arapahoe,102,46,100,100,0
Arapahoe,102,47,94,94,0
Arapahoe,102,48,83,83,0
Arapahoe,102,49,99,99,0
Arapahoe,102,5,40,40,0
Arapahoe,102,50,98,98,0
Arapahoe,102,51,96,96,0
Arapahoe,102,52,96,96,0
Arapahoe,102,53,100,100,0
Arapahoe,102,54,95,95,0
Arapahoe,102,55,100,100,0
Arapahoe,102,56,97,97,0
Arapahoe,102,57,95,95,0
Arapahoe,102,58,98,98,0
Arapahoe,102,59,100,100,0
Arapahoe,102,6,76,76,0
Arapahoe,102,60,100,100,0
Arapahoe,102,61,98,98,0
Arapahoe,102,62,97,97,0
Arapahoe,102,63,99,99,0
Arapahoe,102,64,97,97,0
Arapahoe,102,65,98,98,0
Arapahoe,102,66,95,95,0
Arapahoe,102,67,100,100,0
Arapahoe,102,68,95,95,0
Arapahoe,102,69,98,98,0
Arapahoe,102,7,91,91,0
Arapahoe,102,70,98,98,0
Arapahoe,102,71,98,98,0
Arapahoe,102,72,91,91,0
Arapahoe,102,73,99,99,0
Arapahoe,102,74,96,96,0
Arapahoe,102,75,100,100,0
Arapahoe,102,76,89,89,0
Arapahoe,102,77,99,99,0
Arapahoe,102,78,100,100,0
Arapahoe,102,79,100,100,0
Arapahoe,102,8,61,61,0
Arapahoe,102,80,93,93,0
Arapahoe,102,81,100,100,0
Arapahoe,102,82,99,99,0
Arapahoe,102,83,94,94,0
Arapahoe,102,84,96,96,0
Arapahoe,102,85,100,100,0
Arapahoe,102,86,91,91,0
Arapahoe,102,87,100,100,0
Arapahoe,102,88,100,100,0
Arapahoe,102,89,100,100,0
Arapahoe,102,9,85,85,0
Arapahoe,102,90,100,100,0
Arapahoe,102,91,100,100,0
Arapahoe,102,92,100,100,0
Arapahoe,102,93,97,97,0
Arapahoe,102,94,100,100,0
Arapahoe,102,95,95,95,0
Arapahoe,102,96,97,97,0
Arapahoe,102,97,100,100,0
Arapahoe,102,98,100,100,0
Arapahoe,102,99,100,100,0
Arapahoe,104,1,91,91,0
Arapahoe,104,10,85,85,0
Arapahoe,104,100,98,98,0
Arapahoe,104,101,99,99,0
Arapahoe,104,102,94,94,0
Arapahoe,104,103,98,98,0
Arapahoe,104,104,100,100,0
Arapahoe,104,105,91,91,0
Arapahoe,104,106,100,100,0
Arapahoe,104,107,100,100,0
Arapahoe,104,108,94,94,0
Arapahoe,104,109,100,100,0
Arapahoe,104,11,53,53,0
Arapahoe,104,110,100,100,0
Arapahoe,104,111,100,100,0
Arapahoe,104,112,100,100,0
Arapahoe,104,113,100,100,0
Arapahoe,104,114,100,100,0
Arapahoe,104,115,100,100,0
Arapahoe,104,116,100,100,0
Arapahoe,104,117,100,100,0
Arapahoe,104,118,100,100,0
Arapahoe,104,119,99,99,0
Arapahoe,104,12,89,89,0
Arapahoe,104,120,97,97,0
Arapahoe,104,121,96,96,0
Arapahoe,104,122,100,100,0
Arapahoe,104,123,100,100,0
Arapahoe,104,124,95,95,0
Arapahoe,104,125,100,100,0
Arapahoe,104,126,95,95,0
Arapahoe,104,127,98,98,0
Arapahoe,104,128,100,100,0
Arapahoe,104,129,100,100,0
Arapahoe,104,13,79,79,0
Arapahoe,104,130,100,100,0
Arapahoe,104,131,92,92,0
Arapahoe,104,132,100,100,0
Arapahoe,104,133,97,97,0
Arapahoe,104,134,100,100,0
Arapahoe,104,135,97,97,0
Arapahoe,104,136,100,100,0
Arapahoe,104,137,100,100,0
Arapahoe,104,138,100,100,0
Arapahoe,104,139,100,100,0
Arapahoe,104,14,82,82,0
Arapahoe,104,140,98,98,0
Arapahoe,104,141,100,100,0
Arapahoe,104,142,100,100,0
Arapahoe,104,143,100,100,0
Arapahoe,104,144,100,100,0
Arapahoe,104,145,100,100,0
Arapahoe,104,146,96,96,0
Arapahoe,104,147,97,97,0
Arapahoe,104,148,91,91,0
Arapahoe,104,149,100,100,0
Arapahoe,104,15,90,90,0
Arapahoe,104,150,98,98,0
Arapahoe,104,151,100,100,0
Arapahoe,104,152,100,100,0
Arapahoe,104,153,99,99,0
Arapahoe,104,154,100,100,0
Arapahoe,104,155,100,100,0
Arapahoe,104,156,52,52,0
Arapahoe,104,157,96,96,0
Arapahoe,104,158,100,100,0
Arapahoe,104,159,100,100,0
Arapahoe,104,16,76,76,0
Arapahoe,104,160,100,100,0
Arapahoe,104,161,98,98,0
Arapahoe,104,162,100,100,0
Arapahoe,104,163,99,99,0
Arapahoe,104,164,97,97,0
Arapahoe,104,165,100,100,0
Arapahoe,104,166,100,100,0
Arapahoe,104,167,99,99,0
Arapahoe,104,168,100,100,0
Arapahoe,104,169,99,99,0
Arapahoe,104,17,75,75,0
Arapahoe,104,170,96,96,0
Arapahoe,104,171,99,99,0
Arapahoe,104,172,97,97,0
Arapahoe,104,173,96,96,0
Arapahoe,104,174,95,95,0
Arapahoe,104,175,100,100,0
Arapahoe,104,176,92,92,0
Arapahoe,104,177,97,97,0
Arapahoe,104,178,97,97,0
Arapahoe,104,179,100,100,0
Arapahoe,104,18,75,75,0
Arapahoe,104,180,100,100,0
Arapahoe,104,181,99,99,0
Arapahoe,104,182,100,100,0
Arapahoe,104,183,100,100,0
Arapahoe,104,184,100,100,0
Arapahoe,104,185,100,100,0
Arapahoe,104,186,95,95,0
Arapahoe,104,187,100,100,0
Arapahoe,104,188,96,96,0
Arapahoe,104,189,100,100,0
Arapahoe,104,19,93,93,0
Arapahoe,104,190,100,100,0
Arapahoe,104,191,12,12,0
Arapahoe,104,192,100,100,0
Arapahoe,104,193,100,100,0
Arapahoe,104,194,100,100,0
Arapahoe,104,195,4,4,0
Arapahoe,104,196,98,98,0
Arapahoe,104,197,100,100,0
Arapahoe,104,198,100,100,0
Arapahoe,104,199,100,100,0
Arapahoe,104,2,80,80,0
Arapahoe,104,20,99,99,0
Arapahoe,104,200,100,100,0
Arapahoe,104,201,100,100,0
Arapahoe,104,202,100,100,0
Arapahoe,104,203,100,100,0
Arapahoe,104,204,100,100,0
Arapahoe,104,205,100,100,0
Arapahoe,104,206,100,100,0
Arapahoe,104,207,100,100,0
Arapahoe,104,208,100,100,0
Arapahoe,104,209,100,100,0
Arapahoe,104,21,74,74,0
Arapahoe,104,210,100,100,0
Arapahoe,104,211,100,100,0
Arapahoe,104,212,100,100,0
Arapahoe,104,213,100,100,0
Arapahoe,104,214,100,100,0
Arapahoe,104,215,100,100,0
Arapahoe,104,216,100,100,0
Arapahoe,104,217,100,100,0
Arapahoe,104,218,100,100,0
Arapahoe,104,219,100,100,0
Arapahoe,104,22,94,94,0
Arapahoe,104,220,100,100,0
Arapahoe,104,221,100,100,0
Arapahoe,104,222,100,100,0
Arapahoe,104,223,100,100,0
Arapahoe,104,224,98,98,0
Arapahoe,104,225,93,93,0
Arapahoe,104,226,95,95,0
Arapahoe,104,227,100,100,0
Arapahoe,104,228,100,100,0
Arapahoe,104,229,95,95,0
Arapahoe,104,23,86,86,0
Arapahoe,104,230,94,94,0
Arapahoe,104,231,55,55,0
Arapahoe,104,232,100,100,0
Arapahoe,104,233,98,98,0
Arapahoe,104,234,97,97,0
Arapahoe,104,235,96,96,0
Arapahoe,104,236,100,100,0
Arapahoe,104,237,100,100,0
Arapahoe,104,238,100,100,0
Arapahoe,104,239,89,89,0
Arapahoe,104,24,67,67,0
Arapahoe,104,240,100,100,0
Arapahoe,104,241,100,100,0
Arapahoe,104,242,100,100,0
Arapahoe,104,243,100,100,0
Arapahoe,104,244,100,100,0
Arapahoe,104,245,100,100,0
Arapahoe,104,246,95,95,0
Arapahoe,104,247,48,48,0
Arapahoe,104,248,97,97,0
Arapahoe,104,249,100,100,0
Arapahoe,104,25,98,98,0
Arapahoe,104,250,100,100,0
Arapahoe,104,251,98,98,0
Arapahoe,104,252,94,94,0
Arapahoe,104,253,91,91,0
Arapahoe,104,254,96,96,0
Arapahoe,104,255,94,94,0
Arapahoe,104,256,91,91,0
Arapahoe,104,257,98,98,0
Arapahoe,104,258,98,98,0
Arapahoe,104,259,94,94,0
Arapahoe,104,26,65,65,0
Arapahoe,104,260,94,94,0
Arapahoe,104,261,97,97,0
Arapahoe,104,262,93,93,0
Arapahoe,104,263,92,92,0
Arapahoe,104,264,100,100,0
Arapahoe,104,265,100,100,0
Arapahoe,104,266,100,100,0
Arapahoe,104,267,100,100,0
Arapahoe,104,268,100,100,0
Arapahoe,104,269,100,100,0
Arapahoe,104,27,83,83,0
Arapahoe,104,270,100,100,0
Arapahoe,104,28,75,75,0
Arapahoe,104,29,89,89,0
Arapahoe,104,3,86,86,0
Arapahoe,104,30,78,78,0
Arapahoe,104,31,61,61,0
Arapahoe,104,32,39,39,0
Arapahoe,104,33,38,38,0
Arapahoe,104,34,99,99,0
Arapahoe,104,35,100,100,0
Arapahoe,104,36,94,94,0
Arapahoe,104,37,100,100,0
Arapahoe,104,38,88,88,0
Arapahoe,104,39,87,87,0
Arapahoe,104,4,50,50,0
Arapahoe,104,40,75,75,0
Arapahoe,104,41,94,94,0
Arapahoe,104,42,42,42,0
Arapahoe,104,43,91,91,0
Arapahoe,104,44,95,95,0
Arapahoe,104,45,99,99,0
Arapahoe,104,46,100,100,0
Arapahoe,104,47,94,94,0
Arapahoe,104,48,61,61,0
Arapahoe,104,49,100,100,0
Arapahoe,104,5,74,74,0
Arapahoe,104,50,94,94,0
Arapahoe,104,51,86,86,0
Arapahoe,104,52,43,43,0
Arapahoe,104,53,54,54,0
Arapahoe,104,54,100,100,0
Arapahoe,104,55,90,90,0
Arapahoe,104,56,100,100,0
Arapahoe,104,57,100,100,0
Arapahoe,104,58,100,100,0
Arapahoe,104,59,90,90,0
Arapahoe,104,6,57,57,0
Arapahoe,104,60,60,60,0
Arapahoe,104,61,100,100,0
Arapahoe,104,62,100,100,0
Arapahoe,104,63,100,100,0
Arapahoe,104,64,100,100,0
Arapahoe,104,65,99,99,0
Arapahoe,104,66,100,100,0
Arapahoe,104,67,99,99,0
Arapahoe,104,68,100,100,0
Arapahoe,104,69,98,98,0
Arapahoe,104,7,88,88,0
Arapahoe,104,70,93,93,0
Arapahoe,104,71,100,100,0
Arapahoe,104,72,61,61,0
Arapahoe,104,73,100,100,0
Arapahoe,104,74,99,99,0
Arapahoe,104,75,100,100,0
Arapahoe,104,76,96,96,0
Arapahoe,104,77,99,99,0
Arapahoe,104,78,96,96,0
Arapahoe,104,79,100,100,0
Arapahoe,104,8,93,93,0
Arapahoe,104,80,97,97,0
Arapahoe,104,81,83,83,0
Arapahoe,104,82,100,100,0
Arapahoe,104,83,100,100,0
Arapahoe,104,84,98,98,0
Arapahoe,104,85,100,100,0
Arapahoe,104,86,74,74,0
Arapahoe,104,87,99,99,0
Arapahoe,104,88,99,99,0
Arapahoe,104,89,98,98,0
Arapahoe,104,9,62,62,0
Arapahoe,104,90,96,96,0
Arapahoe,104,91,99,99,0
Arapahoe,104,92,99,99,0
Arapahoe,104,93,99,99,0
Arapahoe,104,94,94,94,0
Arapahoe,104,95,96,96,0
Arapahoe,104,96,97,97,0
Arapahoe,104,97,100,100,0
Arapahoe,104,98,100,100,0
Arapahoe,104,99,100,100,0
Arapahoe,105,1,85,85,0
Arapahoe,105,10,87,87,0
Arapahoe,105,100,98,98,0
Arapahoe,105,101,98,98,0
Arapahoe,105,102,100,100,0
Arapahoe,105,103,95,95,0
Arapahoe,105,104,93,93,0
Arapahoe,105,105,100,100,0
Arapahoe,105,106,99,99,0
Arapahoe,105,107,100,100,0
Arapahoe,105,108,99,99,0
Arapahoe,105,109,95,95,0
Arapahoe,105,11,100,100,0
Arapahoe,105,110,96,96,0
Arapahoe,105,111,100,100,0
Arapahoe,105,112,98,98,0
Arapahoe,105,113,100,100,0
Arapahoe,105,114,100,100,0
Arapahoe,105,115,99,99,0
Arapahoe,105,116,100,100,0
Arapahoe,105,117,100,100,0
Arapahoe,105,118,100,100,0
Arapahoe,105,119,99,99,0
Arapahoe,105,12,76,76,0
Arapahoe,105,120,93,93,0
Arapahoe,105,121,99,99,0
Arapahoe,105,122,100,100,0
Arapahoe,105,123,96,96,0
Arapahoe,105,124,100,100,0
Arapahoe,105,125,66,66,0
Arapahoe,105,126,100,100,0
Arapahoe,105,127,98,98,0
Arapahoe,105,128,100,100,0
Arapahoe,105,129,100,100,0
Arapahoe,105,13,91,91,0
Arapahoe,105,130,100,100,0
Arapahoe,105,131,100,100,0
Arapahoe,105,132,95,95,0
Arapahoe,105,133,100,100,0
Arapahoe,105,134,98,98,0
Arapahoe,105,135,99,99,0
Arapahoe,105,136,100,100,0
Arapahoe,105,137,100,100,0
Arapahoe,105,138,100,100,0
Arapahoe,105,139,100,100,0
Arapahoe,105,14,87,87,0
Arapahoe,105,140,97,97,0
Arapahoe,105,141,100,100,0
Arapahoe,105,142,99,99,0
Arapahoe,105,143,100,100,0
Arapahoe,105,144,100,100,0
Arapahoe,105,145,100,100,0
Arapahoe,105,146,99,99,0
Arapahoe,105,147,94,94,0
Arapahoe,105,148,98,98,0
Arapahoe,105,149,98,98,0
Arapahoe,105,15,80,80,0
Arapahoe,105,150,96,96,0
Arapahoe,105,151,100,100,0
Arapahoe,105,152,100,100,0
Arapahoe,105,153,99,99,0
Arapahoe,105,154,99,99,0
Arapahoe,105,155,100,100,0
Arapahoe,105,156,100,100,0
Arapahoe,105,157,100,100,0
Arapahoe,105,158,100,100,0
Arapahoe,105,159,100,100,0
Arapahoe,105,16,77,77,0
Arapahoe,105,160,98,98,0
Arapahoe,105,161,100,100,0
Arapahoe,105,162,100,100,0
Arapahoe,105,163,99,99,0
Arapahoe,105,164,100,100,0
Arapahoe,105,165,100,100,0
Arapahoe,105,166,100,100,0
Arapahoe,105,167,95,95,0
Arapahoe,105,168,91,91,0
Arapahoe,105,169,96,96,0
Arapahoe,105,17,90,90,0
Arapahoe,105,170,100,100,0
Arapahoe,105,171,94,94,0
Arapahoe,105,172,98,98,0
Arapahoe,105,173,100,100,0
Arapahoe,105,174,100,100,0
Arapahoe,105,175,22,22,0
Arapahoe,105,176,100,100,0
Arapahoe,105,177,97,97,0
Arapahoe,105,178,96,96,0
Arapahoe,105,179,100,100,0
Arapahoe,105,18,79,79,0
Arapahoe,105,180,99,99,0
Arapahoe,105,181,94,94,0
Arapahoe,105,182,100,100,0
Arapahoe,105,183,97,97,0
Arapahoe,105,184,100,100,0
Arapahoe,105,185,100,100,0
Arapahoe,105,186,92,92,0
Arapahoe,105,187,95,95,0
Arapahoe,105,188,100,100,0
Arapahoe,105,189,100,100,0
Arapahoe,105,19,89,89,0
Arapahoe,105,190,98,98,0
Arapahoe,105,191,100,100,0
Arapahoe,105,192,100,100,0
Arapahoe,105,193,99,99,0
Arapahoe,105,194,100,100,0
Arapahoe,105,195,100,100,0
Arapahoe,105,196,99,99,0
Arapahoe,105,197,100,100,0
Arapahoe,105,198,96,96,0
Arapahoe,105,199,100,100,0
Arapahoe,105,2,93,93,0
Arapahoe,105,20,87,87,0
Arapahoe,105,200,99,99,0
Arapahoe,105,201,100,100,0
Arapahoe,105,202,100,100,0
Arapahoe,105,203,100,100,0
Arapahoe,105,204,100,100,0
Arapahoe,105,205,100,100,0
Arapahoe,105,206,100,100,0
Arapahoe,105,207,96,96,0
Arapahoe,105,208,99,99,0
Arapahoe,105,209,100,100,0
Arapahoe,105,21,80,80,0
Arapahoe,105,210,100,100,0
Arapahoe,105,211,100,100,0
Arapahoe,105,212,100,100,0
Arapahoe,105,213,100,100,0
Arapahoe,105,214,100,100,0
Arapahoe,105,215,97,97,0
Arapahoe,105,216,100,100,0
Arapahoe,105,217,100,100,0
Arapahoe,105,218,100,100,0
Arapahoe,105,219,95,95,0
Arapahoe,105,22,83,83,0
Arapahoe,105,220,100,100,0
Arapahoe,105,221,97,97,0
Arapahoe,105,222,99,99,0
Arapahoe,105,223,100,100,0
Arapahoe,105,224,98,98,0
Arapahoe,105,225,100,100,0
Arapahoe,105,226,94,94,0
Arapahoe,105,227,95,95,0
Arapahoe,105,228,97,97,0
Arapahoe,105,229,96,96,0
Arapahoe,105,23,78,78,0
Arapahoe,105,230,98,98,0
Arapahoe,105,231,101,101,0
Arapahoe,105,232,93,93,0
Arapahoe,105,233,95,95,0
Arapahoe,105,234,100,100,0
Arapahoe,105,235,56,56,0
Arapahoe,105,236,64,64,0
Arapahoe,105,237,19,19,0
Arapahoe,105,238,1,1,0
Arapahoe,105,24,92,92,0
Arapahoe,105,25,80,80,0
Arapahoe,105,26,72,72,0
Arapahoe,105,27,99,99,0
Arapahoe,105,28,97,97,0
Arapahoe,105,29,63,63,0
Arapahoe,105,3,87,87,0
Arapahoe,105,30,100,100,0
Arapahoe,105,31,90,90,0
Arapahoe,105,32,89,89,0
Arapahoe,105,33,100,100,0
Arapahoe,105,34,93,93,0
Arapahoe,105,35,92,92,0
Arapahoe,105,36,98,98,0
Arapahoe,105,37,87,87,0
Arapahoe,105,38,100,100,0
Arapahoe,105,39,90,90,0
Arapahoe,105,4,86,86,0
Arapahoe,105,40,100,100,0
Arapahoe,105,41,96,96,0
Arapahoe,105,42,94,94,0
Arapahoe,105,43,100,100,0
Arapahoe,105,44,68,68,0
Arapahoe,105,45,95,95,0
Arapahoe,105,46,100,100,0
Arapahoe,105,47,100,100,0
Arapahoe,105,48,100,100,0
Arapahoe,105,49,100,100,0
Arapahoe,105,5,95,95,0
Arapahoe,105,50,92,92,0
Arapahoe,105,51,100,100,0
Arapahoe,105,52,59,59,0
Arapahoe,105,53,96,96,0
Arapahoe,105,54,98,98,0
Arapahoe,105,55,99,99,0
Arapahoe,105,56,98,98,0
Arapahoe,105,57,100,100,0
Arapahoe,105,58,99,99,0
Arapahoe,105,59,95,95,0
Arapahoe,105,6,95,95,0
Arapahoe,105,60,99,99,0
Arapahoe,105,61,100,100,0
Arapahoe,105,62,100,100,0
Arapahoe,105,63,97,97,0
Arapahoe,105,64,97,97,0
Arapahoe,105,65,96,96,0
Arapahoe,105,66,99,99,0
Arapahoe,105,67,99,99,0
Arapahoe,105,68,85,85,0
Arapahoe,105,69,99,99,0
Arapahoe,105,7,92,92,0
Arapahoe,105,70,91,91,0
Arapahoe,105,71,92,92,0
Arapahoe,105,72,97,97,0
Arapahoe,105,73,95,95,0
Arapahoe,105,74,75,75,0
Arapahoe,105,75,89,89,0
Arapahoe,105,76,100,100,0
Arapahoe,105,77,97,97,0
Arapahoe,105,78,98,98,0
Arapahoe,105,79,100,100,0
Arapahoe,105,8,97,97,0
Arapahoe,105,80,100,100,0
Arapahoe,105,81,38,38,0
Arapahoe,105,82,97,97,0
Arapahoe,105,83,97,97,0
Arapahoe,105,84,100,100,0
Arapahoe,105,85,100,100,0
Arapahoe,105,86,100,100,0
Arapahoe,105,87,100,100,0
Arapahoe,105,88,100,100,0
Arapahoe,105,89,100,100,0
Arapahoe,105,9,96,96,0
Arapahoe,105,90,100,100,0
Arapahoe,105,91,96,96,0
Arapahoe,105,92,100,100,0
Arapahoe,105,93,99,99,0
Arapahoe,105,94,93,93,0
Arapahoe,105,95,100,100,0
Arapahoe,105,96,98,98,0
Arapahoe,105,97,100,100,0
Arapahoe,105,98,96,96,0
Arapahoe,105,99,100,100,0
Arapahoe,107,1,83,83,0
Arapahoe,107,10,84,84,0
Arapahoe,107,100,100,100,0
Arapahoe,107,101,100,100,0
Arapahoe,107,102,97,97,0
Arapahoe,107,103,100,100,0
Arapahoe,107,104,100,100,0
Arapahoe,107,105,100,100,0
Arapahoe,107,106,99,99,0
Arapahoe,107,107,100,100,0
Arapahoe,107,108,98,98,0
Arapahoe,107,109,100,100,0
Arapahoe,107,11,65,65,0
Arapahoe,107,110,97,97,0
Arapahoe,107,111,17,17,0
Arapahoe,107,112,89,89,0
Arapahoe,107,113,100,100,0
Arapahoe,107,114,98,98,0
Arapahoe,107,115,100,100,0
Arapahoe,107,116,100,100,0
Arapahoe,107,117,100,100,0
Arapahoe,107,118,96,96,0
Arapahoe,107,119,100,100,0
Arapahoe,107,12,94,94,0
Arapahoe,107,120,100,100,0
Arapahoe,107,121,92,92,0
Arapahoe,107,122,96,96,0
Arapahoe,107,123,100,100,0
Arapahoe,107,124,92,92,0
Arapahoe,107,125,100,100,0
Arapahoe,107,126,100,100,0
Arapahoe,107,127,95,95,0
Arapahoe,107,128,99,99,0
Arapahoe,107,129,100,100,0
Arapahoe,107,13,29,29,0
Arapahoe,107,130,100,100,0
Arapahoe,107,131,99,99,0
Arapahoe,107,132,98,98,0
Arapahoe,107,133,100,100,0
Arapahoe,107,134,94,94,0
Arapahoe,107,135,97,97,0
Arapahoe,107,136,100,100,0
Arapahoe,107,137,95,95,0
Arapahoe,107,138,100,100,0
Arapahoe,107,139,97,97,0
Arapahoe,107,14,82,82,0
Arapahoe,107,140,100,100,0
Arapahoe,107,141,100,100,0
Arapahoe,107,142,97,97,0
Arapahoe,107,143,100,100,0
Arapahoe,107,144,99,99,0
Arapahoe,107,145,96,96,0
Arapahoe,107,146,99,99,0
Arapahoe,107,147,100,100,0
Arapahoe,107,148,100,100,0
Arapahoe,107,149,100,100,0
Arapahoe,107,15,72,72,0
Arapahoe,107,150,100,100,0
Arapahoe,107,151,99,99,0
Arapahoe,107,152,95,95,0
Arapahoe,107,153,100,100,0
Arapahoe,107,154,100,100,0
Arapahoe,107,155,99,99,0
Arapahoe,107,156,100,100,0
Arapahoe,107,157,100,100,0
Arapahoe,107,158,97,97,0
Arapahoe,107,159,88,88,0
Arapahoe,107,16,91,91,0
Arapahoe,107,160,100,100,0
Arapahoe,107,161,54,54,0
Arapahoe,107,162,100,100,0
Arapahoe,107,163,100,100,0
Arapahoe,107,164,100,100,0
Arapahoe,107,165,99,99,0
Arapahoe,107,166,100,100,0
Arapahoe,107,167,99,99,0
Arapahoe,107,168,100,100,0
Arapahoe,107,169,100,100,0
Arapahoe,107,17,88,88,0
Arapahoe,107,170,96,96,0
Arapahoe,107,171,100,100,0
Arapahoe,107,172,100,100,0
Arapahoe,107,173,99,99,0
Arapahoe,107,174,95,95,0
Arapahoe,107,175,97,97,0
Arapahoe,107,176,100,100,0
Arapahoe,107,177,96,96,0
Arapahoe,107,178,100,100,0
Arapahoe,107,179,100,100,0
Arapahoe,107,18,99,99,0
Arapahoe,107,180,99,99,0
Arapahoe,107,181,97,97,0
Arapahoe,107,182,94,94,0
Arapahoe,107,183,93,93,0
Arapahoe,107,184,96,96,0
Arapahoe,107,185,100,100,0
Arapahoe,107,186,100,100,0
Arapahoe,107,187,100,100,0
Arapahoe,107,188,100,100,0
Arapahoe,107,189,96,96,0
Arapahoe,107,19,30,30,0
Arapahoe,107,190,100,100,0
Arapahoe,107,191,100,100,0
Arapahoe,107,192,98,98,0
Arapahoe,107,193,100,100,0
Arapahoe,107,194,97,97,0
Arapahoe,107,195,100,100,0
Arapahoe,107,196,99,99,0
Arapahoe,107,197,98,98,0
Arapahoe,107,198,100,100,0
Arapahoe,107,199,100,100,0
Arapahoe,107,2,69,69,0
Arapahoe,107,20,92,92,0
Arapahoe,107,200,100,100,0
Arapahoe,107,201,100,100,0
Arapahoe,107,202,100,100,0
Arapahoe,107,203,33,33,0
Arapahoe,107,204,100,100,0
Arapahoe,107,205,100,100,0
Arapahoe,107,206,100,100,0
Arapahoe,107,207,100,100,0
Arapahoe,107,208,100,100,0
Arapahoe,107,209,97,97,0
Arapahoe,107,21,91,91,0
Arapahoe,107,210,84,84,0
Arapahoe,107,211,100,100,0
Arapahoe,107,212,100,100,0
Arapahoe,107,213,98,98,0
Arapahoe,107,214,97,97,0
Arapahoe,107,215,99,99,0
Arapahoe,107,216,100,100,0
Arapahoe,107,217,100,100,0
Arapahoe,107,218,99,99,0
Arapahoe,107,219,100,100,0
Arapahoe,107,22,79,79,0
Arapahoe,107,220,93,93,0
Arapahoe,107,221,99,99,0
Arapahoe,107,222,98,98,0
Arapahoe,107,223,96,96,0
Arapahoe,107,224,96,96,0
Arapahoe,107,225,97,97,0
Arapahoe,107,226,94,94,0
Arapahoe,107,227,96,96,0
Arapahoe,107,228,100,100,0
Arapahoe,107,229,99,99,0
Arapahoe,107,23,85,85,0
Arapahoe,107,230,100,100,0
Arapahoe,107,231,100,100,0
Arapahoe,107,232,100,100,0
Arapahoe,107,233,99,99,0
Arapahoe,107,234,100,100,0
Arapahoe,107,235,96,96,0
Arapahoe,107,236,100,100,0
Arapahoe,107,237,100,100,0
Arapahoe,107,238,100,100,0
Arapahoe,107,239,100,100,0
Arapahoe,107,24,88,88,0
Arapahoe,107,240,52,52,0
Arapahoe,107,241,96,96,0
Arapahoe,107,242,93,93,0
Arapahoe,107,243,97,97,0
Arapahoe,107,244,99,99,0
Arapahoe,107,245,100,100,0
Arapahoe,107,246,96,96,0
Arapahoe,107,247,100,100,0
Arapahoe,107,248,100,100,0
Arapahoe,107,249,100,100,0
Arapahoe,107,25,67,67,0
Arapahoe,107,250,100,100,0
Arapahoe,107,251,100,100,0
Arapahoe,107,252,98,98,0
Arapahoe,107,253,98,98,0
Arapahoe,107,254,92,92,0
Arapahoe,107,255,100,100,0
Arapahoe,107,256,99,99,0
Arapahoe,107,257,100,100,0
Arapahoe,107,258,100,100,0
Arapahoe,107,259,100,100,0
Arapahoe,107,26,79,79,0
Arapahoe,107,260,98,98,0
Arapahoe,107,261,100,100,0
Arapahoe,107,262,100,100,0
Arapahoe,107,263,99,99,0
Arapahoe,107,264,100,100,0
Arapahoe,107,265,99,99,0
Arapahoe,107,266,100,100,0
Arapahoe,107,267,100,100,0
Arapahoe,107,268,100,100,0
Arapahoe,107,269,100,100,0
Arapahoe,107,27,75,75,0
Arapahoe,107,270,100,100,0
Arapahoe,107,271,100,100,0
Arapahoe,107,272,100,100,0
Arapahoe,107,273,100,100,0
Arapahoe,107,274,100,100,0
Arapahoe,107,275,100,100,0
Arapahoe,107,276,100,100,0
Arapahoe,107,277,2,2,0
Arapahoe,107,278,100,100,0
Arapahoe,107,279,100,100,0
Arapahoe,107,28,71,71,0
Arapahoe,107,280,99,99,0
Arapahoe,107,281,100,100,0
Arapahoe,107,282,100,100,0
Arapahoe,107,283,100,100,0
Arapahoe,107,284,100,100,0
Arapahoe,107,285,100,100,0
Arapahoe,107,286,99,99,0
Arapahoe,107,287,100,100,0
Arapahoe,107,288,100,100,0
Arapahoe,107,289,99,99,0
Arapahoe,107,29,93,93,0
Arapahoe,107,290,99,99,0
Arapahoe,107,291,100,100,0
Arapahoe,107,292,100,100,0
Arapahoe,107,293,100,100,0
Arapahoe,107,294,100,100,0
Arapahoe,107,295,100,100,0
Arapahoe,107,296,95,95,0
Arapahoe,107,297,99,99,0
Arapahoe,107,298,100,100,0
Arapahoe,107,299,100,100,0
Arapahoe,107,3,84,84,0
Arapahoe,107,30,100,100,0
Arapahoe,107,300,100,100,0
Arapahoe,107,301,95,95,0
Arapahoe,107,302,100,100,0
Arapahoe,107,303,100,100,0
Arapahoe,107,304,25,25,0
Arapahoe,107,305,98,98,0
Arapahoe,107,306,88,88,0
Arapahoe,107,307,97,97,0
Arapahoe,107,308,98,98,0
Arapahoe,107,309,100,100,0
Arapahoe,107,31,89,89,0
Arapahoe,107,310,94,94,0
Arapahoe,107,311,100,100,0
Arapahoe,107,312,98,98,0
Arapahoe,107,313,99,99,0
Arapahoe,107,314,100,100,0
Arapahoe,107,315,99,99,0
Arapahoe,107,316,7,7,0
Arapahoe,107,317,94,94,0
Arapahoe,107,318,96,96,0
Arapahoe,107,319,95,95,0
Arapahoe,107,32,76,76,0
Arapahoe,107,320,97,97,0
Arapahoe,107,321,97,97,0
Arapahoe,107,322,97,97,0
Arapahoe,107,323,88,88,0
Arapahoe,107,324,94,94,0
Arapahoe,107,325,96,96,0
Arapahoe,107,326,96,96,0
Arapahoe,107,327,94,94,0
Arapahoe,107,328,95,95,0
Arapahoe,107,329,98,98,0
Arapahoe,107,33,90,90,0
Arapahoe,107,330,15,15,0
Arapahoe,107,331,98,98,0
Arapahoe,107,332,97,97,0
Arapahoe,107,333,4,4,0
Arapahoe,107,334,93,93,0
Arapahoe,107,335,97,97,0
Arapahoe,107,336,96,96,0
Arapahoe,107,337,98,98,0
Arapahoe,107,338,1,1,0
Arapahoe,107,339,43,43,0
Arapahoe,107,34,89,89,0
Arapahoe,107,340,57,57,0
Arapahoe,107,341,97,97,0
Arapahoe,107,342,2,2,0
Arapahoe,107,343,5,5,0
Arapahoe,107,344,94,94,0
Arapahoe,107,345,94,94,0
Arapahoe,107,35,86,86,0
Arapahoe,107,36,81,81,0
Arapahoe,107,37,84,84,0
Arapahoe,107,38,89,89,0
Arapahoe,107,39,44,44,0
Arapahoe,107,4,62,62,0
Arapahoe,107,40,99,99,0
Arapahoe,107,41,79,79,0
Arapahoe,107,42,98,98,0
Arapahoe,107,43,76,76,0
Arapahoe,107,44,100,100,0
Arapahoe,107,45,99,99,0
Arapahoe,107,46,85,85,0
Arapahoe,107,47,49,49,0
Arapahoe,107,48,79,79,0
Arapahoe,107,49,56,56,0
Arapahoe,107,5,87,87,0
Arapahoe,107,50,88,88,0
Arapahoe,107,51,91,91,0
Arapahoe,107,52,94,94,0
Arapahoe,107,53,75,75,0
Arapahoe,107,54,95,95,0
Arapahoe,107,55,97,97,0
Arapahoe,107,56,97,97,0
Arapahoe,107,57,93,93,0
Arapahoe,107,58,99,99,0
Arapahoe,107,59,97,97,0
Arapahoe,107,6,100,100,0
Arapahoe,107,60,6,6,0
Arapahoe,107,61,100,100,0
Arapahoe,107,62,91,91,0
Arapahoe,107,63,100,100,0
Arapahoe,107,64,100,100,0
Arapahoe,107,65,78,78,0
Arapahoe,107,66,22,22,0
Arapahoe,107,67,52,52,0
Arapahoe,107,68,84,84,0
Arapahoe,107,69,93,93,0
Arapahoe,107,7,87,87,0
Arapahoe,107,70,35,35,0
Arapahoe,107,71,78,78,0
Arapahoe,107,72,100,100,0
Arapahoe,107,73,100,100,0
Arapahoe,107,74,100,100,0
Arapahoe,107,75,100,100,0
Arapahoe,107,76,100,100,0
Arapahoe,107,77,100,100,0
Arapahoe,107,78,100,100,0
Arapahoe,107,79,100,100,0
Arapahoe,107,8,88,88,0
Arapahoe,107,80,96,96,0
Arapahoe,107,81,38,38,0
Arapahoe,107,82,91,91,0
Arapahoe,107,83,79,79,0
Arapahoe,107,84,100,100,0
Arapahoe,107,85,100,100,0
Arapahoe,107,86,99,99,0
Arapahoe,107,87,100,100,0
Arapahoe,107,88,99,99,0
Arapahoe,107,89,100,100,0
Arapahoe,107,9,55,55,0
Arapahoe,107,90,96,96,0
Arapahoe,107,91,100,100,0
Arapahoe,107,92,100,100,0
Arapahoe,107,93,100,100,0
Arapahoe,107,94,100,100,0
Arapahoe,107,95,99,99,0
Arapahoe,107,96,99,99,0
Arapahoe,107,97,100,100,0
Arapahoe,107,98,27,27,0
Arapahoe,107,99,40,40,0
Arapahoe,109,1,94,94,0
Arapahoe,109,10,91,91,0
Arapahoe,109,100,100,100,0
Arapahoe,109,101,100,100,0
Arapahoe,109,102,98,98,0
Arapahoe,109,103,98,98,0
Arapahoe,109,104,18,18,0
Arapahoe,109,105,100,100,0
Arapahoe,109,106,98,98,0
Arapahoe,109,107,100,100,0
Arapahoe,109,108,100,100,0
Arapahoe,109,109,97,97,0
Arapahoe,109,11,95,95,0
Arapahoe,109,110,92,92,0
Arapahoe,109,111,95,95,0
Arapahoe,109,112,98,98,0
Arapahoe,109,113,98,98,0
Arapahoe,109,114,100,100,0
Arapahoe,109,115,18,18,0
Arapahoe,109,116,99,99,0
Arapahoe,109,117,96,96,0
Arapahoe,109,118,100,100,0
Arapahoe,109,119,99,99,0
Arapahoe,109,12,92,92,0
Arapahoe,109,120,98,98,0
Arapahoe,109,121,99,99,0
Arapahoe,109,122,92,92,0
Arapahoe,109,123,100,100,0
Arapahoe,109,124,100,100,0
Arapahoe,109,125,100,100,0
Arapahoe,109,126,100,100,0
Arapahoe,109,127,98,98,0
Arapahoe,109,128,96,96,0
Arapahoe,109,129,100,100,0
Arapahoe,109,13,46,46,0
Arapahoe,109,130,96,96,0
Arapahoe,109,131,95,95,0
Arapahoe,109,132,100,100,0
Arapahoe,109,133,42,42,0
Arapahoe,109,134,99,99,0
Arapahoe,109,135,100,100,0
Arapahoe,109,136,100,100,0
Arapahoe,109,137,98,98,0
Arapahoe,109,138,100,100,0
Arapahoe,109,139,100,100,0
Arapahoe,109,14,76,76,0
Arapahoe,109,140,85,85,0
Arapahoe,109,141,95,95,0
Arapahoe,109,142,100,100,0
Arapahoe,109,143,100,100,0
Arapahoe,109,144,100,100,0
Arapahoe,109,145,100,100,0
Arapahoe,109,146,99,99,0
Arapahoe,109,147,95,95,0
Arapahoe,109,148,100,100,0
Arapahoe,109,149,100,100,0
Arapahoe,109,15,87,87,0
Arapahoe,109,150,100,100,0
Arapahoe,109,151,95,95,0
Arapahoe,109,152,100,100,0
Arapahoe,109,153,100,100,0
Arapahoe,109,154,100,100,0
Arapahoe,109,155,100,100,0
Arapahoe,109,156,98,98,0
Arapahoe,109,157,100,100,0
Arapahoe,109,158,100,100,0
Arapahoe,109,159,100,100,0
Arapahoe,109,16,85,85,0
Arapahoe,109,160,99,99,0
Arapahoe,109,161,100,100,0
Arapahoe,109,162,100,100,0
Arapahoe,109,163,100,100,0
Arapahoe,109,164,100,100,0
Arapahoe,109,165,100,100,0
Arapahoe,109,166,100,100,0
Arapahoe,109,167,100,100,0
Arapahoe,109,168,100,100,0
Arapahoe,109,169,99,99,0
Arapahoe,109,17,77,77,0
Arapahoe,109,170,100,100,0
Arapahoe,109,171,100,100,0
Arapahoe,109,172,100,100,0
Arapahoe,109,173,100,100,0
Arapahoe,109,174,94,94,0
Arapahoe,109,175,100,100,0
Arapahoe,109,176,100,100,0
Arapahoe,109,177,100,100,0
Arapahoe,109,178,100,100,0
Arapahoe,109,179,100,100,0
Arapahoe,109,18,73,73,0
Arapahoe,109,180,100,100,0
Arapahoe,109,181,93,93,0
Arapahoe,109,182,100,100,0
Arapahoe,109,183,100,100,0
Arapahoe,109,184,96,96,0
Arapahoe,109,185,100,100,0
Arapahoe,109,186,99,99,0
Arapahoe,109,187,99,99,0
Arapahoe,109,188,100,100,0
Arapahoe,109,189,100,100,0
Arapahoe,109,19,87,87,0
Arapahoe,109,190,99,99,0
Arapahoe,109,191,100,100,0
Arapahoe,109,192,100,100,0
Arapahoe,109,193,100,100,0
Arapahoe,109,194,86,86,0
Arapahoe,109,195,99,99,0
Arapahoe,109,196,98,98,0
Arapahoe,109,197,100,100,0
Arapahoe,109,198,100,100,0
Arapahoe,109,199,95,95,0
Arapahoe,109,2,93,93,0
Arapahoe,109,20,91,91,0
Arapahoe,109,200,100,100,0
Arapahoe,109,201,99,99,0
Arapahoe,109,202,97,97,0
Arapahoe,109,203,96,96,0
Arapahoe,109,204,99,99,0
Arapahoe,109,205,100,100,0
Arapahoe,109,206,100,100,0
Arapahoe,109,207,98,98,0
Arapahoe,109,208,100,100,0
Arapahoe,109,209,98,98,0
Arapahoe,109,21,81,81,0
Arapahoe,109,210,89,89,0
Arapahoe,109,211,96,96,0
Arapahoe,109,212,96,96,0
Arapahoe,109,213,97,97,0
Arapahoe,109,214,95,95,0
Arapahoe,109,215,99,99,0
Arapahoe,109,216,95,95,0
Arapahoe,109,217,96,96,0
Arapahoe,109,218,98,98,0
Arapahoe,109,219,90,90,0
Arapahoe,109,22,55,55,0
Arapahoe,109,23,50,50,0
Arapahoe,109,24,95,95,0
Arapahoe,109,25,82,82,0
Arapahoe,109,26,100,100,0
Arapahoe,109,27,50,50,0
Arapahoe,109,28,100,100,0
Arapahoe,109,29,93,93,0
Arapahoe,109,3,82,82,0
Arapahoe,109,30,86,86,0
Arapahoe,109,31,95,95,0
Arapahoe,109,32,94,94,0
Arapahoe,109,33,100,100,0
Arapahoe,109,34,100,100,0
Arapahoe,109,35,100,100,0
Arapahoe,109,36,95,95,0
Arapahoe,109,37,96,96,0
Arapahoe,109,38,99,99,0
Arapahoe,109,39,97,97,0
Arapahoe,109,4,85,85,0
Arapahoe,109,40,100,100,0
Arapahoe,109,41,45,45,0
Arapahoe,109,42,100,100,0
Arapahoe,109,43,95,95,0
Arapahoe,109,44,100,100,0
Arapahoe,109,45,100,100,0
Arapahoe,109,46,100,100,0
Arapahoe,109,47,95,95,0
Arapahoe,109,48,100,100,0
Arapahoe,109,49,99,99,0
Arapahoe,109,5,52,52,0
Arapahoe,109,50,81,81,0
Arapahoe,109,51,98,98,0
Arapahoe,109,52,100,100,0
Arapahoe,109,53,100,100,0
Arapahoe,109,54,100,100,0
Arapahoe,109,55,98,98,0
Arapahoe,109,56,100,100,0
Arapahoe,109,57,99,99,0
Arapahoe,109,58,100,100,0
Arapahoe,109,59,98,98,0
Arapahoe,109,6,87,87,0
Arapahoe,109,60,96,96,0
Arapahoe,109,61,93,93,0
Arapahoe,109,62,100,100,0
Arapahoe,109,63,100,100,0
Arapahoe,109,64,92,92,0
Arapahoe,109,65,11,11,0
Arapahoe,109,66,98,98,0
Arapahoe,109,67,100,100,0
Arapahoe,109,68,99,99,0
Arapahoe,109,69,99,99,0
Arapahoe,109,7,23,23,0
Arapahoe,109,70,100,100,0
Arapahoe,109,71,99,99,0
Arapahoe,109,72,94,94,0
Arapahoe,109,73,96,96,0
Arapahoe,109,74,99,99,0
Arapahoe,109,75,100,100,0
Arapahoe,109,76,100,100,0
Arapahoe,109,77,100,100,0
Arapahoe,109,78,95,95,0
Arapahoe,109,79,94,94,0
Arapahoe,109,8,97,97,0
Arapahoe,109,80,40,40,0
Arapahoe,109,81,92,92,0
Arapahoe,109,82,93,93,0
Arapahoe,109,83,94,94,0
Arapahoe,109,84,96,96,0
Arapahoe,109,85,100,100,0
Arapahoe,109,86,100,100,0
Arapahoe,109,87,100,100,0
Arapahoe,109,88,98,98,0
Arapahoe,109,89,99,99,0
Arapahoe,109,9,100,100,0
Arapahoe,109,90,98,98,0
Arapahoe,109,91,100,100,0
Arapahoe,109,92,97,97,0
Arapahoe,109,93,100,100,0
Arapahoe,109,94,99,99,0
Arapahoe,109,95,96,96,0
Arapahoe,109,96,93,93,0
Arapahoe,109,97,100,100,0
Arapahoe,109,98,93,93,0
Arapahoe,109,99,94,94,0
Arapahoe,120,1,26,26,0
Arapahoe,120,10,59,59,0
Arapahoe,120,11,76,76,0
Arapahoe,120,12,114,114,0
Arapahoe,120,13,100,100,0
Arapahoe,120,14,105,105,0
Arapahoe,120,15,100,100,0
Arapahoe,120,16,76,76,0
Arapahoe,120,17,110,110,0
Arapahoe,120,18,110,110,0
Arapahoe,120,19,111,111,0
Arapahoe,120,2,47,47,0
Arapahoe,120,20,100,100,0
Arapahoe,120,21,106,106,0
Arapahoe,120,22,110,110,0
Arapahoe,120,23,101,101,0
Arapahoe,120,24,21,21,0
Arapahoe,120,25,56,56,0
Arapahoe,120,26,96,96,0
Arapahoe,120,27,100,100,0
Arapahoe,120,28,58,58,0
Arapahoe,120,3,58,58,0
Arapahoe,120,4,82,82,0
Arapahoe,120,5,61,61,0
Arapahoe,120,6,26,26,0
Arapahoe,120,7,81,81,0
Arapahoe,120,8,79,79,0
Arapahoe,120,9,96,96,0
Archuleta,102,1,24,24,0
Archuleta,102,10,25,25,0
Archuleta,102,100,25,25,0
Archuleta,102,101,25,25,0
Archuleta,102,102,25,25,0
Archuleta,102,103,25,25,0
Archuleta,102,104,25,25,0
Archuleta,102,105,10,10,0
Archuleta,102,106,5,5,0
Archuleta,102,107,25,25,0
Archuleta,102,108,25,25,0
Archuleta,102,109,24,24,0
Archuleta,102,11,24,24,0
Archuleta,102,110,25,25,0
Archuleta,102,111,25,25,0
Archuleta,102,112,5,5,0
Archuleta,102,113,25,25,0
Archuleta,102,114,25,25,0
Archuleta,102,115,25,25,0
Archuleta,102,116,25,25,0
Archuleta,102,117,25,25,0
Archuleta,102,118,25,25,0
Archuleta,102,119,25,25,0
Archuleta,102,12,24,24,0
Archuleta,102,120,23,23,0
Archuleta,102,121,5,5,0
Archuleta,102,122,25,25,0
Archuleta,102,123,7,7,0
Archuleta,102,124,25,25,0
Archuleta,102,125,4,4,0
Archuleta,102,126,24,24,0
Archuleta,102,127,22,22,0
Archuleta,102,128,24,24,0
Archuleta,102,129,25,25,0
Archuleta,102,13,24,24,0
Archuleta,102,130,25,25,0
Archuleta,102,131,25,25,0
Archuleta,102,132,24,24,0
Archuleta,102,133,23,23,0
Archuleta,102,134,25,25,0
Archuleta,102,135,14,14,0
Archuleta,102,136,19,19,0
Archuleta,102,137,7,7,0
Archuleta,102,138,14,14,0
Archuleta,102,139,25,25,0
Archuleta,102,14,24,24,0
Archuleta,102,140,25,25,0
Archuleta,102,141,25,25,0
Archuleta,102,142,25,25,0
Archuleta,102,143,22,22,0
Archuleta,102,144,25,25,0
Archuleta,102,145,24,24,0
Archuleta,102,146,23,23,0
Archuleta,102,147,24,24,0
Archuleta,102,148,11,11,0
Archuleta,102,149,10,10,0
Archuleta,102,15,22,22,0
Archuleta,102,150,22,22,0
Archuleta,102,151,23,23,0
Archuleta,102,152,23,23,0
Archuleta,102,153,25,25,0
Archuleta,102,154,21,21,0
Archuleta,102,155,25,25,0
Archuleta,102,156,24,24,0
Archuleta,102,157,25,25,0
Archuleta,102,158,8,8,0
Archuleta,102,159,25,25,0
Archuleta,102,16,8,8,0
Archuleta,102,160,25,25,0
Archuleta,102,161,24,24,0
Archuleta,102,162,25,25,0
Archuleta,102,163,24,24,0
Archuleta,102,164,25,25,0
Archuleta,102,165,25,25,0
Archuleta,102,166,24,24,0
Archuleta,102,167,25,25,0
Archuleta,102,168,18,18,0
Archuleta,102,169,21,21,0
Archuleta,102,17,24,24,0
Archuleta,102,170,3,3,0
Archuleta,102,171,25,25,0
Archuleta,102,172,10,10,0
Archuleta,102,173,21,21,0
Archuleta,102,174,24,24,0
Archuleta,102,175,17,17,0
Archuleta,102,176,6,6,0
Archuleta,102,177,24,24,0
Archuleta,102,178,25,25,0
Archuleta,102,179,11,11,0
Archuleta,102,18,25,25,0
Archuleta,102,180,9,9,0
Archuleta,102,181,24,24,0
Archuleta,102,182,20,20,0
Archuleta,102,183,23,23,0
Archuleta,102,184,7,7,0
Archuleta,102,185,25,25,0
Archuleta,102,186,11,11,0
Archuleta,102,187,25,25,0
Archuleta,102,188,25,25,0
Archuleta,102,189,25,25,0
Archuleta,102,19,25,25,0
Archuleta,102,190,25,25,0
Archuleta,102,191,25,25,0
Archuleta,102,192,20,20,0
Archuleta,102,193,23,23,0
Archuleta,102,194,23,23,0
Archuleta,102,195,22,22,0
Archuleta,102,196,134,134,0
Archuleta,102,197,16,16,0
Archuleta,102,198,25,25,0
Archuleta,102,199,20,20,0
Archuleta,102,2,23,23,0
Archuleta,102,20,25,25,0
Archuleta,102,200,14,14,0
Archuleta,102,201,16,16,0
Archuleta,102,202,22,22,0
Archuleta,102,203,15,15,0
Archuleta,102,204,8,8,0
Archuleta,102,205,20,20,0
Archuleta,102,206,15,15,0
Archuleta,102,207,21,21,0
Archuleta,102,208,24,24,0
Archuleta,102,209,7,7,0
Archuleta,102,21,24,24,0
Archuleta,102,210,14,14,0
Archuleta,102,211,26,26,0
Archuleta,102,212,10,10,0
Archuleta,102,213,24,24,0
Archuleta,102,214,46,46,0
Archuleta,102,22,25,25,0
Archuleta,102,23,24,24,0
Archuleta,102,24,7,7,0
Archuleta,102,25,25,25,0
Archuleta,102,26,25,25,0
Archuleta,102,27,17,17,0
Archuleta,102,28,25,25,0
Archuleta,102,29,25,25,0
Archuleta,102,3,16,16,0
Archuleta,102,30,14,14,0
Archuleta,102,31,24,24,0
Archuleta,102,32,25,25,0
Archuleta,102,33,25,25,0
Archuleta,102,34,24,24,0
Archuleta,102,35,25,25,0
Archuleta,102,36,20,20,0
Archuleta,102,37,25,25,0
Archuleta,102,38,13,13,0
Archuleta,102,39,25,25,0
Archuleta,102,4,20,20,0
Archuleta,102,40,23,23,0
Archuleta,102,41,25,25,0
Archuleta,102,42,24,24,0
Archuleta,102,43,18,18,0
Archuleta,102,44,25,25,0
Archuleta,102,45,25,25,0
Archuleta,102,46,25,25,0
Archuleta,102,47,24,24,0
Archuleta,102,48,18,18,0
Archuleta,102,49,24,24,0
Archuleta,102,5,15,15,0
Archuleta,102,50,25,25,0
Archuleta,102,51,25,25,0
Archuleta,102,52,22,22,0
Archuleta,102,53,25,25,0
Archuleta,102,54,25,25,0
Archuleta,102,55,25,25,0
Archuleta,102,56,6,6,0
Archuleta,102,57,24,24,0
Archuleta,102,58,25,25,0
Archuleta,102,59,24,24,0
Archuleta,102,6,23,23,0
Archuleta,102,60,11,11,0
Archuleta,102,61,25,25,0
Archuleta,102,62,25,25,0
Archuleta,102,63,15,15,0
Archuleta,102,64,25,25,0
Archuleta,102,65,24,24,0
Archuleta,102,66,22,22,0
Archuleta,102,67,23,23,0
Archuleta,102,68,24,24,0
Archuleta,102,69,25,25,0
Archuleta,102,7,12,12,0
Archuleta,102,70,24,24,0
Archuleta,102,71,25,25,0
Archuleta,102,72,10,10,0
Archuleta,102,73,8,8,0
Archuleta,102,74,25,25,0
Archuleta,102,75,8,8,0
Archuleta,102,76,23,23,0
Archuleta,102,77,12,12,0
Archuleta,102,78,25,25,0
Archuleta,102,79,23,23,0
Archuleta,102,8,10,10,0
Archuleta,102,80,17,17,0
Archuleta,102,81,23,23,0
Archuleta,102,82,25,25,0
Archuleta,102,83,25,25,0
Archuleta,102,84,25,25,0
Archuleta,102,85,25,25,0
Archuleta,102,86,25,25,0
Archuleta,102,87,25,25,0
Archuleta,102,88,25,25,0
Archuleta,102,89,17,17,0
Archuleta,102,9,24,24,0
Archuleta,102,90,24,24,0
Archuleta,102,91,24,24,0
Archuleta,102,92,18,18,0
Archuleta,102,93,25,25,0
Archuleta,102,94,24,24,0
Archuleta,102,95,25,25,0
Archuleta,102,96,25,25,0
Archuleta,102,97,25,25,0
Archuleta,102,98,22,22,0
Archuleta,102,99,25,25,0
Baca,102,1,25,25,0
Baca,102,10,25,25,0
Baca,102,11,25,25,0
Baca,102,12,25,25,0
Baca,102,13,25,25,0
Baca,102,14,25,25,0
Baca,102,15,25,25,0
Baca,102,16,25,25,0
Baca,102,17,25,25,0
Baca,102,18,25,25,0
Baca,102,19,25,25,0
Baca,102,2,25,25,0
Baca,102,20,25,25,0
Baca,102,21,25,25,0
Baca,102,22,25,25,0
Baca,102,23,25,25,0
Baca,102,24,25,25,0
Baca,102,25,25,25,0
Baca,102,26,25,25,0
Baca,102,27,25,25,0
Baca,102,28,25,25,0
Baca,102,29,25,25,0
Baca,102,3,25,25,0
Baca,102,30,25,25,0
Baca,102,31,25,25,0
Baca,102,32,25,25,0
Baca,102,33,25,25,0
Baca,102,34,25,25,0
Baca,102,35,25,25,0
Baca,102,36,25,25,0
Baca,102,37,25,25,0
Baca,102,38,25,25,0
Baca,102,39,25,25,0
Baca,102,4,25,25,0
Baca,102,40,25,25,0
Baca,102,41,25,25,0
Baca,102,42,25,25,0
Baca,102,43,25,25,0
Baca,102,44,25,25,0
Baca,102,45,25,25,0
Baca,102,46,25,25,0
Baca,102,47,25,25,0
Baca,102,48,14,14,0
Baca,102,49,26,26,0
Baca,102,5,25,25,0
Baca,102,6,25,25,0
Baca,102,7,25,25,0
Baca,102,8,25,25,0
Baca,102,9,25,25,0
Bent,102,1,25,25,0
Bent,102,10,25,25,0
Bent,102,11,25,25,0
Bent,102,12,25,25,0
Bent,102,13,25,25,0
Bent,102,14,25,25,0
Bent,102,15,25,25,0
Bent,102,16,25,25,0
Bent,102,17,25,25,0
Bent,102,18,25,25,0
Bent,102,19,25,25,0
Bent,102,2,25,25,0
Bent,102,20,25,25,0
Bent,102,21,25,25,0
Bent,102,22,25,25,0
Bent,102,23,25,25,0
Bent,102,24,25,25,0
Bent,102,25,25,25,0
Bent,102,26,25,25,0
Bent,102,27,25,25,0
Bent,102,28,25,25,0
Bent,102,29,25,25,0
Bent,102,3,25,25,0
Bent,102,30,25,25,0
Bent,102,31,25,25,0
Bent,102,32,25,25,0
Bent,102,33,25,25,0
Bent,102,34,25,25,0
Bent,102,35,25,25,0
Bent,102,36,25,25,0
Bent,102,37,25,25,0
Bent,102,38,25,25,0
Bent,102,39,25,25,0
Bent,102,4,25,25,0
Bent,102,40,25,25,0
Bent,102,41,25,25,0
Bent,102,42,25,25,0
Bent,102,43,10,10,0
Bent,102,44,27,27,0
Bent,102,5,25,25,0
Bent,102,6,25,25,0
Bent,102,7,25,25,0
Bent,102,8,25,25,0
Bent,102,9,25,25,0
Boulder,103,1,95,95,0
Boulder,103,10,100,100,0
Boulder,103,100,100,100,0
Boulder,103,101,100,100,0
Boulder,103,102,100,100,0
Boulder,103,103,100,100,0
Boulder,103,104,100,100,0
Boulder,103,105,100,100,0
Boulder,103,106,100,100,0
Boulder,103,107,100,100,0
Boulder,103,108,100,100,0
Boulder,103,109,99,99,0
Boulder,103,11,98,98,0
Boulder,103,110,100,100,0
Boulder,103,111,100,100,0
Boulder,103,112,100,100,0
Boulder,103,113,100,100,0
Boulder,103,114,100,100,0
Boulder,103,115,100,100,0
Boulder,103,116,100,100,0
Boulder,103,117,100,100,0
Boulder,103,118,100,100,0
Boulder,103,119,100,100,0
Boulder,103,12,99,99,0
Boulder,103,120,100,100,0
Boulder,103,121,100,100,0
Boulder,103,122,100,100,0
Boulder,103,123,100,100,0
Boulder,103,124,100,100,0
Boulder,103,125,100,100,0
Boulder,103,126,99,99,0
Boulder,103,127,100,100,0
Boulder,103,128,99,99,0
Boulder,103,129,100,100,0
Boulder,103,13,95,95,0
Boulder,103,130,100,100,0
Boulder,103,131,100,100,0
Boulder,103,132,99,99,0
Boulder,103,133,100,100,0
Boulder,103,134,100,100,0
Boulder,103,135,100,100,0
Boulder,103,136,99,99,0
Boulder,103,137,100,100,0
Boulder,103,138,100,100,0
Boulder,103,139,100,100,0
Boulder,103,14,100,100,0
Boulder,103,140,100,100,0
Boulder,103,141,100,100,0
Boulder,103,142,100,100,0
Boulder,103,143,100,100,0
Boulder,103,144,100,100,0
Boulder,103,145,100,100,0
Boulder,103,146,100,100,0
Boulder,103,147,100,100,0
Boulder,103,148,100,100,0
Boulder,103,149,100,100,0
Boulder,103,15,100,100,0
Boulder,103,150,100,100,0
Boulder,103,151,99,99,0
Boulder,103,152,100,100,0
Boulder,103,153,99,99,0
Boulder,103,154,99,99,0
Boulder,103,155,100,100,0
Boulder,103,156,100,100,0
Boulder,103,157,100,100,0
Boulder,103,158,100,100,0
Boulder,103,159,100,100,0
Boulder,103,16,98,98,0
Boulder,103,160,100,100,0
Boulder,103,161,100,100,0
Boulder,103,162,99,99,0
Boulder,103,163,100,100,0
Boulder,103,164,100,100,0
Boulder,103,165,100,100,0
Boulder,103,166,100,100,0
Boulder,103,167,100,100,0
Boulder,103,168,100,100,0
Boulder,103,17,100,100,0
Boulder,103,18,96,96,0
Boulder,103,19,99,99,0
Boulder,103,2,100,100,0
Boulder,103,20,100,100,0
Boulder,103,21,99,99,0
Boulder,103,22,98,98,0
Boulder,103,23,100,100,0
Boulder,103,24,100,100,0
Boulder,103,25,100,100,0
Boulder,103,26,100,100,0
Boulder,103,27,97,97,0
Boulder,103,28,100,100,0
Boulder,103,29,96,96,0
Boulder,103,3,98,98,0
Boulder,103,30,100,100,0
Boulder,103,31,99,99,0
Boulder,103,32,100,100,0
Boulder,103,33,97,97,0
Boulder,103,34,95,95,0
Boulder,103,35,99,99,0
Boulder,103,36,99,99,0
Boulder,103,37,99,99,0
Boulder,103,38,98,98,0
Boulder,103,39,99,99,0
Boulder,103,4,100,100,0
Boulder,103,40,100,100,0
Boulder,103,41,98,98,0
Boulder,103,42,100,100,0
Boulder,103,43,100,100,0
Boulder,103,44,100,100,0
Boulder,103,45,100,100,0
Boulder,103,46,100,100,0
Boulder,103,47,100,100,0
Boulder,103,48,99,99,0
Boulder,103,49,100,100,0
Boulder,103,5,97,97,0
Boulder,103,50,98,98,0
Boulder,103,51,98,98,0
Boulder,103,52,100,100,0
Boulder,103,53,100,100,0
Boulder,103,54,100,100,0
Boulder,103,55,99,99,0
Boulder,103,56,100,100,0
Boulder,103,57,99,99,0
Boulder,103,58,99,99,0
Boulder,103,59,100,100,0
Boulder,103,6,100,100,0
Boulder,103,60,100,100,0
Boulder,103,61,98,98,0
Boulder,103,62,100,100,0
Boulder,103,63,100,100,0
Boulder,103,64,100,100,0
Boulder,103,65,98,98,0
Boulder,103,66,99,99,0
Boulder,103,67,94,94,0
Boulder,103,68,99,99,0
Boulder,103,69,100,100,0
Boulder,103,7,100,100,0
Boulder,103,70,99,99,0
Boulder,103,71,100,100,0
Boulder,103,72,100,100,0
Boulder,103,73,100,100,0
Boulder,103,74,100,100,0
Boulder,103,75,100,100,0
Boulder,103,76,100,100,0
Boulder,103,77,99,99,0
Boulder,103,78,98,98,0
Boulder,103,79,99,99,0
Boulder,103,8,100,100,0
Boulder,103,80,100,100,0
Boulder,103,81,100,100,0
Boulder,103,82,100,100,0
Boulder,103,83,100,100,0
Boulder,103,84,100,100,0
Boulder,103,85,100,100,0
Boulder,103,86,100,100,0
Boulder,103,87,100,100,0
Boulder,103,88,99,99,0
Boulder,103,89,100,100,0
Boulder,103,9,99,99,0
Boulder,103,90,100,100,0
Boulder,103,91,100,100,0
Boulder,103,92,100,100,0
Boulder,103,93,100,100,0
Boulder,103,94,100,100,0
Boulder,103,95,100,100,0
Boulder,103,96,100,100,0
Boulder,103,97,100,100,0
Boulder,103,98,100,100,0
Boulder,103,99,100,100,0
Boulder,104,1,100,100,0
Boulder,104,10,98,98,0
Boulder,104,100,100,100,0
Boulder,104,101,100,100,0
Boulder,104,102,100,100,0
Boulder,104,103,100,100,0
Boulder,104,104,100,100,0
Boulder,104,105,99,99,0
Boulder,104,106,100,100,0
Boulder,104,107,100,100,0
Boulder,104,108,100,100,0
Boulder,104,109,100,100,0
Boulder,104,11,100,100,0
Boulder,104,110,100,100,0
Boulder,104,111,98,98,0
Boulder,104,112,100,100,0
Boulder,104,113,100,100,0
Boulder,104,114,79,79,0
Boulder,104,115,97,97,0
Boulder,104,116,100,100,0
Boulder,104,117,125,125,0
Boulder,104,118,100,100,0
Boulder,104,119,99,99,0
Boulder,104,12,99,99,0
Boulder,104,120,99,99,0
Boulder,104,121,100,100,0
Boulder,104,122,99,99,0
Boulder,104,123,100,100,0
Boulder,104,124,97,97,0
Boulder,104,125,100,100,0
Boulder,104,126,99,99,0
Boulder,104,127,100,100,0
Boulder,104,128,100,100,0
Boulder,104,129,100,100,0
Boulder,104,13,100,100,0
Boulder,104,130,100,100,0
Boulder,104,131,99,99,0
Boulder,104,132,100,100,0
Boulder,104,133,100,100,0
Boulder,104,134,100,100,0
Boulder,104,135,99,99,0
Boulder,104,136,100,100,0
Boulder,104,137,100,100,0
Boulder,104,138,100,100,0
Boulder,104,139,100,100,0
Boulder,104,14,99,99,0
Boulder,104,140,99,99,0
Boulder,104,141,100,100,0
Boulder,104,142,100,100,0
Boulder,104,143,100,100,0
Boulder,104,144,100,100,0
Boulder,104,145,86,86,0
Boulder,104,146,100,100,0
Boulder,104,147,100,100,0
Boulder,104,148,100,100,0
Boulder,104,149,98,98,0
Boulder,104,15,100,100,0
Boulder,104,150,99,99,0
Boulder,104,151,100,100,0
Boulder,104,152,100,100,0
Boulder,104,153,107,107,0
Boulder,104,154,100,100,0
Boulder,104,155,99,99,0
Boulder,104,156,100,100,0
Boulder,104,157,99,99,0
Boulder,104,158,99,99,0
Boulder,104,159,100,100,0
Boulder,104,16,100,100,0
Boulder,104,160,100,100,0
Boulder,104,161,97,97,0
Boulder,104,162,99,99,0
Boulder,104,163,124,124,0
Boulder,104,164,100,100,0
Boulder,104,165,100,100,0
Boulder,104,166,100,100,0
Boulder,104,167,99,99,0
Boulder,104,168,100,100,0
Boulder,104,169,100,100,0
Boulder,104,17,100,100,0
Boulder,104,170,100,100,0
Boulder,104,171,100,100,0
Boulder,104,172,99,99,0
Boulder,104,173,98,98,0
Boulder,104,174,100,100,0
Boulder,104,175,100,100,0
Boulder,104,176,99,99,0
Boulder,104,177,100,100,0
Boulder,104,178,99,99,0
Boulder,104,179,99,99,0
Boulder,104,18,100,100,0
Boulder,104,180,100,100,0
Boulder,104,181,100,100,0
Boulder,104,182,102,102,0
Boulder,104,183,99,99,0
Boulder,104,184,100,100,0
Boulder,104,19,99,99,0
Boulder,104,2,97,97,0
Boulder,104,20,100,100,0
Boulder,104,21,100,100,0
Boulder,104,22,98,98,0
Boulder,104,23,100,100,0
Boulder,104,24,99,99,0
Boulder,104,25,98,98,0
Boulder,104,26,98,98,0
Boulder,104,27,100,100,0
Boulder,104,28,97,97,0
Boulder,104,29,100,100,0
Boulder,104,3,99,99,0
Boulder,104,30,98,98,0
Boulder,104,31,98,98,0
Boulder,104,32,99,99,0
Boulder,104,33,100,100,0
Boulder,104,34,100,100,0
Boulder,104,35,99,99,0
Boulder,104,36,100,100,0
Boulder,104,37,100,100,0
Boulder,104,38,100,100,0
Boulder,104,39,100,100,0
Boulder,104,4,100,100,0
Boulder,104,40,100,100,0
Boulder,104,41,99,99,0
Boulder,104,42,100,100,0
Boulder,104,43,99,99,0
Boulder,104,44,99,99,0
Boulder,104,45,98,98,0
Boulder,104,46,100,100,0
Boulder,104,47,99,99,0
Boulder,104,48,100,100,0
Boulder,104,49,100,100,0
Boulder,104,5,100,100,0
Boulder,104,50,100,100,0
Boulder,104,51,100,100,0
Boulder,104,52,100,100,0
Boulder,104,53,98,98,0
Boulder,104,54,99,99,0
Boulder,104,55,100,100,0
Boulder,104,56,100,100,0
Boulder,104,57,99,99,0
Boulder,104,58,99,99,0
Boulder,104,59,100,100,0
Boulder,104,6,99,99,0
Boulder,104,60,100,100,0
Boulder,104,61,99,99,0
Boulder,104,62,99,99,0
Boulder,104,63,100,100,0
Boulder,104,64,100,100,0
Boulder,104,65,100,100,0
Boulder,104,66,99,99,0
Boulder,104,67,100,100,0
Boulder,104,68,100,100,0
Boulder,104,69,100,100,0
Boulder,104,7,99,99,0
Boulder,104,70,99,99,0
Boulder,104,71,100,100,0
Boulder,104,72,99,99,0
Boulder,104,73,99,99,0
Boulder,104,74,100,100,0
Boulder,104,75,98,98,0
Boulder,104,76,100,100,0
Boulder,104,77,100,100,0
Boulder,104,78,100,100,0
Boulder,104,79,99,99,0
Boulder,104,8,99,99,0
Boulder,104,80,100,100,0
Boulder,104,81,100,100,0
Boulder,104,82,100,100,0
Boulder,104,83,100,100,0
Boulder,104,84,99,99,0
Boulder,104,85,100,100,0
Boulder,104,86,100,100,0
Boulder,104,87,100,100,0
Boulder,104,88,100,100,0
Boulder,104,89,100,100,0
Boulder,104,9,99,99,0
Boulder,104,90,100,100,0
Boulder,104,91,100,100,0
Boulder,104,92,100,100,0
Boulder,104,93,107,107,0
Boulder,104,94,99,99,0
Boulder,104,95,81,81,0
Boulder,104,96,99,99,0
Boulder,104,97,98,98,0
Boulder,104,98,100,100,0
Boulder,104,99,100,100,0
Boulder,105,1,92,92,0
Boulder,105,10,100,100,0
Boulder,105,100,100,100,0
Boulder,105,101,100,100,0
Boulder,105,102,100,100,0
Boulder,105,103,100,100,0
Boulder,105,104,100,100,0
Boulder,105,105,100,100,0
Boulder,105,106,100,100,0
Boulder,105,107,100,100,0
Boulder,105,108,100,100,0
Boulder,105,109,100,100,0
Boulder,105,11,100,100,0
Boulder,105,110,100,100,0
Boulder,105,111,100,100,0
Boulder,105,112,100,100,0
Boulder,105,113,100,100,0
Boulder,105,114,100,100,0
Boulder,105,115,99,99,0
Boulder,105,116,100,100,0
Boulder,105,117,100,100,0
Boulder,105,118,100,100,0
Boulder,105,119,100,100,0
Boulder,105,12,100,100,0
Boulder,105,120,100,100,0
Boulder,105,121,100,100,0
Boulder,105,122,100,100,0
Boulder,105,123,100,100,0
Boulder,105,124,100,100,0
Boulder,105,125,100,100,0
Boulder,105,126,100,100,0
Boulder,105,127,100,100,0
Boulder,105,128,100,100,0
Boulder,105,129,100,100,0
Boulder,105,13,100,100,0
Boulder,105,130,100,100,0
Boulder,105,131,100,100,0
Boulder,105,132,99,99,0
Boulder,105,133,100,100,0
Boulder,105,134,100,100,0
Boulder,105,135,100,100,0
Boulder,105,136,100,100,0
Boulder,105,137,100,100,0
Boulder,105,138,100,100,0
Boulder,105,139,100,100,0
Boulder,105,14,100,100,0
Boulder,105,140,99,99,0
Boulder,105,141,100,100,0
Boulder,105,142,100,100,0
Boulder,105,143,99,99,0
Boulder,105,144,98,98,0
Boulder,105,145,100,100,0
Boulder,105,146,100,100,0
Boulder,105,147,100,100,0
Boulder,105,148,100,100,0
Boulder,105,149,100,100,0
Boulder,105,15,98,98,0
Boulder,105,150,100,100,0
Boulder,105,151,100,100,0
Boulder,105,152,99,99,0
Boulder,105,153,100,100,0
Boulder,105,154,100,100,0
Boulder,105,155,100,100,0
Boulder,105,156,100,100,0
Boulder,105,157,100,100,0
Boulder,105,158,96,96,0
Boulder,105,159,100,100,0
Boulder,105,16,100,100,0
Boulder,105,160,100,100,0
Boulder,105,161,99,99,0
Boulder,105,162,125,125,0
Boulder,105,17,100,100,0
Boulder,105,18,99,99,0
Boulder,105,19,97,97,0
Boulder,105,2,99,99,0
Boulder,105,20,98,98,0
Boulder,105,21,100,100,0
Boulder,105,22,100,100,0
Boulder,105,23,100,100,0
Boulder,105,24,99,99,0
Boulder,105,25,100,100,0
Boulder,105,26,100,100,0
Boulder,105,27,100,100,0
Boulder,105,28,100,100,0
Boulder,105,3,100,100,0
Boulder,105,30,100,100,0
Boulder,105,31,98,98,0
Boulder,105,32,100,100,0
Boulder,105,33,100,100,0
Boulder,105,34,100,100,0
Boulder,105,35,94,94,0
Boulder,105,36,99,99,0
Boulder,105,37,98,98,0
Boulder,105,38,100,100,0
Boulder,105,39,100,100,0
Boulder,105,4,100,100,0
Boulder,105,40,100,100,0
Boulder,105,41,100,100,0
Boulder,105,42,100,100,0
Boulder,105,43,100,100,0
Boulder,105,44,100,100,0
Boulder,105,45,100,100,0
Boulder,105,46,100,100,0
Boulder,105,47,100,100,0
Boulder,105,48,99,99,0
Boulder,105,49,100,100,0
Boulder,105,5,98,98,0
Boulder,105,50,100,100,0
Boulder,105,51,100,100,0
Boulder,105,52,99,99,0
Boulder,105,53,100,100,0
Boulder,105,54,100,100,0
Boulder,105,55,100,100,0
Boulder,105,56,100,100,0
Boulder,105,57,98,98,0
Boulder,105,58,100,100,0
Boulder,105,59,99,99,0
Boulder,105,6,100,100,0
Boulder,105,60,98,98,0
Boulder,105,61,100,100,0
Boulder,105,62,98,98,0
Boulder,105,63,98,98,0
Boulder,105,64,100,100,0
Boulder,105,65,100,100,0
Boulder,105,66,100,100,0
Boulder,105,68,100,100,0
Boulder,105,69,99,99,0
Boulder,105,7,100,100,0
Boulder,105,70,100,100,0
Boulder,105,71,100,100,0
Boulder,105,72,100,100,0
Boulder,105,73,100,100,0
Boulder,105,74,100,100,0
Boulder,105,75,100,100,0
Boulder,105,76,100,100,0
Boulder,105,77,99,99,0
Boulder,105,78,99,99,0
Boulder,105,79,100,100,0
Boulder,105,8,100,100,0
Boulder,105,80,99,99,0
Boulder,105,81,100,100,0
Boulder,105,82,100,100,0
Boulder,105,83,100,100,0
Boulder,105,84,99,99,0
Boulder,105,85,83,83,0
Boulder,105,86,100,100,0
Boulder,105,87,100,100,0
Boulder,105,88,99,99,0
Boulder,105,89,97,97,0
Boulder,105,9,100,100,0
Boulder,105,90,100,100,0
Boulder,105,91,99,99,0
Boulder,105,92,100,100,0
Boulder,105,93,98,98,0
Boulder,105,94,100,100,0
Boulder,105,95,100,100,0
Boulder,105,96,100,100,0
Boulder,105,97,100,100,0
Boulder,105,99,100,100,0
Boulder,106,1,100,100,0
Boulder,106,10,97,97,0
Boulder,106,100,99,99,0
Boulder,106,101,100,100,0
Boulder,106,102,100,100,0
Boulder,106,103,100,100,0
Boulder,106,104,100,100,0
Boulder,106,105,100,100,0
Boulder,106,106,100,100,0
Boulder,106,107,99,99,0
Boulder,106,108,100,100,0
Boulder,106,109,99,99,0
Boulder,106,11,100,100,0
Boulder,106,110,100,100,0
Boulder,106,111,100,100,0
Boulder,106,112,99,99,0
Boulder,106,113,100,100,0
Boulder,106,114,100,100,0
Boulder,106,115,100,100,0
Boulder,106,116,100,100,0
Boulder,106,117,100,100,0
Boulder,106,118,100,100,0
Boulder,106,119,100,100,0
Boulder,106,12,100,100,0
Boulder,106,120,100,100,0
Boulder,106,121,100,100,0
Boulder,106,122,100,100,0
Boulder,106,123,98,98,0
Boulder,106,124,99,99,0
Boulder,106,125,100,100,0
Boulder,106,126,99,99,0
Boulder,106,127,100,100,0
Boulder,106,128,100,100,0
Boulder,106,129,100,100,0
Boulder,106,13,98,98,0
Boulder,106,130,99,99,0
Boulder,106,131,100,100,0
Boulder,106,132,100,100,0
Boulder,106,133,100,100,0
Boulder,106,134,100,100,0
Boulder,106,135,100,100,0
Boulder,106,136,99,99,0
Boulder,106,137,100,100,0
Boulder,106,138,100,100,0
Boulder,106,139,99,99,0
Boulder,106,14,99,99,0
Boulder,106,140,100,100,0
Boulder,106,141,100,100,0
Boulder,106,142,100,100,0
Boulder,106,143,100,100,0
Boulder,106,144,100,100,0
Boulder,106,145,100,100,0
Boulder,106,146,98,98,0
Boulder,106,147,99,99,0
Boulder,106,148,99,99,0
Boulder,106,149,100,100,0
Boulder,106,15,100,100,0
Boulder,106,150,100,100,0
Boulder,106,151,100,100,0
Boulder,106,152,99,99,0
Boulder,106,153,100,100,0
Boulder,106,154,100,100,0
Boulder,106,155,100,100,0
Boulder,106,156,100,100,0
Boulder,106,157,100,100,0
Boulder,106,158,100,100,0
Boulder,106,159,96,96,0
Boulder,106,16,99,99,0
Boulder,106,160,99,99,0
Boulder,106,161,100,100,0
Boulder,106,162,100,100,0
Boulder,106,163,94,94,0
Boulder,106,164,99,99,0
Boulder,106,165,98,98,0
Boulder,106,166,99,99,0
Boulder,106,167,99,99,0
Boulder,106,168,98,98,0
Boulder,106,169,100,100,0
Boulder,106,17,100,100,0
Boulder,106,170,95,95,0
Boulder,106,171,99,99,0
Boulder,106,172,99,99,0
Boulder,106,173,98,98,0
Boulder,106,18,100,100,0
Boulder,106,19,100,100,0
Boulder,106,2,99,99,0
Boulder,106,20,100,100,0
Boulder,106,21,106,106,0
Boulder,106,22,95,95,0
Boulder,106,23,100,100,0
Boulder,106,24,98,98,0
Boulder,106,25,98,98,0
Boulder,106,26,100,100,0
Boulder,106,27,100,100,0
Boulder,106,28,100,100,0
Boulder,106,29,99,99,0
Boulder,106,3,98,98,0
Boulder,106,30,99,99,0
Boulder,106,32,99,99,0
Boulder,106,33,100,100,0
Boulder,106,34,100,100,0
Boulder,106,35,100,100,0
Boulder,106,36,95,95,0
Boulder,106,37,96,96,0
Boulder,106,38,100,100,0
Boulder,106,39,100,100,0
Boulder,106,4,99,99,0
Boulder,106,40,100,100,0
Boulder,106,41,100,100,0
Boulder,106,42,99,99,0
Boulder,106,43,99,99,0
Boulder,106,44,100,100,0
Boulder,106,45,100,100,0
Boulder,106,46,99,99,0
Boulder,106,47,99,99,0
Boulder,106,49,100,100,0
Boulder,106,5,100,100,0
Boulder,106,50,100,100,0
Boulder,106,51,100,100,0
Boulder,106,52,100,100,0
Boulder,106,53,99,99,0
Boulder,106,54,100,100,0
Boulder,106,55,100,100,0
Boulder,106,56,100,100,0
Boulder,106,57,100,100,0
Boulder,106,58,99,99,0
Boulder,106,59,100,100,0
Boulder,106,6,100,100,0
Boulder,106,60,100,100,0
Boulder,106,61,100,100,0
Boulder,106,62,100,100,0
Boulder,106,63,100,100,0
Boulder,106,64,100,100,0
Boulder,106,65,99,99,0
Boulder,106,66,99,99,0
Boulder,106,67,100,100,0
Boulder,106,68,99,99,0
Boulder,106,69,99,99,0
Boulder,106,7,99,99,0
Boulder,106,70,97,97,0
Boulder,106,71,100,100,0
Boulder,106,72,99,99,0
Boulder,106,73,100,100,0
Boulder,106,74,99,99,0
Boulder,106,75,100,100,0
Boulder,106,76,98,98,0
Boulder,106,77,95,95,0
Boulder,106,78,99,99,0
Boulder,106,79,100,100,0
Boulder,106,8,98,98,0
Boulder,106,80,100,100,0
Boulder,106,81,100,100,0
Boulder,106,82,99,99,0
Boulder,106,83,99,99,0
Boulder,106,84,99,99,0
Boulder,106,85,99,99,0
Boulder,106,86,99,99,0
Boulder,106,87,100,100,0
Boulder,106,88,100,100,0
Boulder,106,89,100,100,0
Boulder,106,9,98,98,0
Boulder,106,90,99,99,0
Boulder,106,91,100,100,0
Boulder,106,92,100,100,0
Boulder,106,93,100,100,0
Boulder,106,94,100,100,0
Boulder,106,95,100,100,0
Boulder,106,96,98,98,0
Boulder,106,97,100,100,0
Boulder,106,98,100,100,0
Boulder,106,99,100,100,0
Boulder,108,1,99,99,0
Boulder,108,10,100,100,0
Boulder,108,100,100,100,0
Boulder,108,101,100,100,0
Boulder,108,102,100,100,0
Boulder,108,103,146,146,0
Boulder,108,104,293,293,0
Boulder,108,105,98,98,0
Boulder,108,106,100,100,0
Boulder,108,107,100,100,0
Boulder,108,108,100,100,0
Boulder,108,109,100,100,0
Boulder,108,11,100,100,0
Boulder,108,110,100,100,0
Boulder,108,111,100,100,0
Boulder,108,112,100,100,0
Boulder,108,113,100,100,0
Boulder,108,114,100,100,0
Boulder,108,115,100,100,0
Boulder,108,116,100,100,0
Boulder,108,117,100,100,0
Boulder,108,118,100,100,0
Boulder,108,119,100,100,0
Boulder,108,12,100,100,0
Boulder,108,120,100,100,0
Boulder,108,121,100,100,0
Boulder,108,122,100,100,0
Boulder,108,123,100,100,0
Boulder,108,124,100,100,0
Boulder,108,125,100,100,0
Boulder,108,126,100,100,0
Boulder,108,127,100,100,0
Boulder,108,128,100,100,0
Boulder,108,129,100,100,0
Boulder,108,13,100,100,0
Boulder,108,130,99,99,0
Boulder,108,131,100,100,0
Boulder,108,132,100,100,0
Boulder,108,133,100,100,0
Boulder,108,134,100,100,0
Boulder,108,135,100,100,0
Boulder,108,136,100,100,0
Boulder,108,137,100,100,0
Boulder,108,138,99,99,0
Boulder,108,139,100,100,0
Boulder,108,140,100,100,0
Boulder,108,141,100,100,0
Boulder,108,142,100,100,0
Boulder,108,143,100,100,0
Boulder,108,144,100,100,0
Boulder,108,145,100,100,0
Boulder,108,146,99,99,0
Boulder,108,147,100,100,0
Boulder,108,148,99,99,0
Boulder,108,149,100,100,0
Boulder,108,15,98,98,0
Boulder,108,150,100,100,0
Boulder,108,151,100,100,0
Boulder,108,152,100,100,0
Boulder,108,153,100,100,0
Boulder,108,154,100,100,0
Boulder,108,155,100,100,0
Boulder,108,156,100,100,0
Boulder,108,157,100,100,0
Boulder,108,158,100,100,0
Boulder,108,159,100,100,0
Boulder,108,16,96,96,0
Boulder,108,160,100,100,0
Boulder,108,161,100,100,0
Boulder,108,162,100,100,0
Boulder,108,163,100,100,0
Boulder,108,164,100,100,0
Boulder,108,165,100,100,0
Boulder,108,166,100,100,0
Boulder,108,167,100,100,0
Boulder,108,168,100,100,0
Boulder,108,169,100,100,0
Boulder,108,17,100,100,0
Boulder,108,170,169,169,0
Boulder,108,171,100,100,0
Boulder,108,172,100,100,0
Boulder,108,173,100,100,0
Boulder,108,174,100,100,0
Boulder,108,175,100,100,0
Boulder,108,176,100,100,0
Boulder,108,177,100,100,0
Boulder,108,178,100,100,0
Boulder,108,179,100,100,0
Boulder,108,18,100,100,0
Boulder,108,180,100,100,0
Boulder,108,181,71,71,0
Boulder,108,182,179,179,0
Boulder,108,183,77,77,0
Boulder,108,184,194,194,0
Boulder,108,185,226,226,0
Boulder,108,186,201,201,0
Boulder,108,187,163,163,0
Boulder,108,188,86,86,0
Boulder,108,19,99,99,0
Boulder,108,2,100,100,0
Boulder,108,20,100,100,0
Boulder,108,21,100,100,0
Boulder,108,22,100,100,0
Boulder,108,23,100,100,0
Boulder,108,24,100,100,0
Boulder,108,25,100,100,0
Boulder,108,26,98,98,0
Boulder,108,27,100,100,0
Boulder,108,28,100,100,0
Boulder,108,29,100,100,0
Boulder,108,3,100,100,0
Boulder,108,30,98,98,0
Boulder,108,31,100,100,0
Boulder,108,32,86,86,0
Boulder,108,33,100,100,0
Boulder,108,34,99,99,0
Boulder,108,35,100,100,0
Boulder,108,36,100,100,0
Boulder,108,37,100,100,0
Boulder,108,38,100,100,0
Boulder,108,39,100,100,0
Boulder,108,4,100,100,0
Boulder,108,40,99,99,0
Boulder,108,41,100,100,0
Boulder,108,42,99,99,0
Boulder,108,43,100,100,0
Boulder,108,44,99,99,0
Boulder,108,45,99,99,0
Boulder,108,46,100,100,0
Boulder,108,47,100,100,0
Boulder,108,48,100,100,0
Boulder,108,49,100,100,0
Boulder,108,5,100,100,0
Boulder,108,50,100,100,0
Boulder,108,51,100,100,0
Boulder,108,52,100,100,0
Boulder,108,53,100,100,0
Boulder,108,54,100,100,0
Boulder,108,55,100,100,0
Boulder,108,56,100,100,0
Boulder,108,57,100,100,0
Boulder,108,58,74,74,0
Boulder,108,59,100,100,0
Boulder,108,6,100,100,0
Boulder,108,60,100,100,0
Boulder,108,61,100,100,0
Boulder,108,62,99,99,0
Boulder,108,63,99,99,0
Boulder,108,64,100,100,0
Boulder,108,65,100,100,0
Boulder,108,66,100,100,0
Boulder,108,67,127,127,0
Boulder,108,68,100,100,0
Boulder,108,69,100,100,0
Boulder,108,7,100,100,0
Boulder,108,70,100,100,0
Boulder,108,71,100,100,0
Boulder,108,72,100,100,0
Boulder,108,73,100,100,0
Boulder,108,74,100,100,0
Boulder,108,75,99,99,0
Boulder,108,76,100,100,0
Boulder,108,77,100,100,0
Boulder,108,78,100,100,0
Boulder,108,79,100,100,0
Boulder,108,8,100,100,0
Boulder,108,80,100,100,0
Boulder,108,81,100,100,0
Boulder,108,82,99,99,0
Boulder,108,83,100,100,0
Boulder,108,84,100,100,0
Boulder,108,85,100,100,0
Boulder,108,86,100,100,0
Boulder,108,87,99,99,0
Boulder,108,88,100,100,0
Boulder,108,89,100,100,0
Boulder,108,9,100,100,0
Boulder,108,90,100,100,0
Boulder,108,91,100,100,0
Boulder,108,92,100,100,0
Boulder,108,93,100,100,0
Boulder,108,94,100,100,0
Boulder,108,95,100,100,0
Boulder,108,96,100,100,0
Boulder,108,97,100,100,0
Boulder,108,98,100,100,0
Boulder,108,99,99,99,0
Boulder,109,1,123,123,0
Boulder,109,10,100,100,0
Boulder,109,100,100,100,0
Boulder,109,101,134,134,0
Boulder,109,102,100,100,0
Boulder,109,103,100,100,0
Boulder,109,104,100,100,0
Boulder,109,105,100,100,0
Boulder,109,106,100,100,0
Boulder,109,107,100,100,0
Boulder,109,109,127,127,0
Boulder,109,11,99,99,0
Boulder,109,110,116,116,0
Boulder,109,111,100,100,0
Boulder,109,112,100,100,0
Boulder,109,113,100,100,0
Boulder,109,114,114,114,0
Boulder,109,115,32,32,0
Boulder,109,116,48,48,0
Boulder,109,117,145,145,0
Boulder,109,118,218,218,0
Boulder,109,119,186,186,0
Boulder,109,12,100,100,0
Boulder,109,120,131,131,0
Boulder,109,121,157,157,0
Boulder,109,122,170,170,0
Boulder,109,123,253,253,0
Boulder,109,124,240,240,0
Boulder,109,125,4,4,0
Boulder,109,13,97,97,0
Boulder,109,14,100,100,0
Boulder,109,15,101,101,0
Boulder,109,16,99,99,0
Boulder,109,17,98,98,0
Boulder,109,18,100,100,0
Boulder,109,19,100,100,0
Boulder,109,2,100,100,0
Boulder,109,20,99,99,0
Boulder,109,21,99,99,0
Boulder,109,22,100,100,0
Boulder,109,23,185,185,0
Boulder,109,24,100,100,0
Boulder,109,25,100,100,0
Boulder,109,26,100,100,0
Boulder,109,27,100,100,0
Boulder,109,28,100,100,0
Boulder,109,29,98,98,0
Boulder,109,3,98,98,0
Boulder,109,30,100,100,0
Boulder,109,31,100,100,0
Boulder,109,32,119,119,0
Boulder,109,33,139,139,0
Boulder,109,34,100,100,0
Boulder,109,35,100,100,0
Boulder,109,36,99,99,0
Boulder,109,37,100,100,0
Boulder,109,38,100,100,0
Boulder,109,39,99,99,0
Boulder,109,4,100,100,0
Boulder,109,40,100,100,0
Boulder,109,41,100,100,0
Boulder,109,42,100,100,0
Boulder,109,43,66,66,0
Boulder,109,44,118,118,0
Boulder,109,45,100,100,0
Boulder,109,46,100,100,0
Boulder,109,47,100,100,0
Boulder,109,48,100,100,0
Boulder,109,49,99,99,0
Boulder,109,5,99,99,0
Boulder,109,50,115,115,0
Boulder,109,51,97,97,0
Boulder,109,52,100,100,0
Boulder,109,53,100,100,0
Boulder,109,54,99,99,0
Boulder,109,55,100,100,0
Boulder,109,56,100,100,0
Boulder,109,57,99,99,0
Boulder,109,58,100,100,0
Boulder,109,59,100,100,0
Boulder,109,6,99,99,0
Boulder,109,60,100,100,0
Boulder,109,61,100,100,0
Boulder,109,62,100,100,0
Boulder,109,63,100,100,0
Boulder,109,64,100,100,0
Boulder,109,65,103,103,0
Boulder,109,66,100,100,0
Boulder,109,67,96,96,0
Boulder,109,68,83,83,0
Boulder,109,69,139,139,0
Boulder,109,7,100,100,0
Boulder,109,70,100,100,0
Boulder,109,71,100,100,0
Boulder,109,72,99,99,0
Boulder,109,73,100,100,0
Boulder,109,74,99,99,0
Boulder,109,75,99,99,0
Boulder,109,76,100,100,0
Boulder,109,77,100,100,0
Boulder,109,78,99,99,0
Boulder,109,79,119,119,0
Boulder,109,8,100,100,0
Boulder,109,80,100,100,0
Boulder,109,81,100,100,0
Boulder,109,82,100,100,0
Boulder,109,83,100,100,0
Boulder,109,84,140,140,0
Boulder,109,85,100,100,0
Boulder,109,86,99,99,0
Boulder,109,87,98,98,0
Boulder,109,88,100,100,0
Boulder,109,89,99,99,0
Boulder,109,9,100,100,0
Boulder,109,90,100,100,0
Boulder,109,91,100,100,0
Boulder,109,92,100,100,0
Boulder,109,93,100,100,0
Boulder,109,94,100,100,0
Boulder,109,95,99,99,0
Boulder,109,96,100,100,0
Boulder,109,97,100,100,0
Boulder,109,98,100,100,0
Boulder,109,99,99,99,0
Broomfield,102,1,50,50,0
Broomfield,102,10,49,49,0
Broomfield,102,100,50,50,0
Broomfield,102,101,50,50,0
Broomfield,102,102,50,50,0
Broomfield,102,103,50,50,0
Broomfield,102,104,48,48,0
Broomfield,102,105,50,50,0
Broomfield,102,106,49,49,0
Broomfield,102,107,47,47,0
Broomfield,102,108,50,50,0
Broomfield,102,109,59,59,0
Broomfield,102,11,50,50,0
Broomfield,102,110,50,50,0
Broomfield,102,112,50,50,0
Broomfield,102,113,50,50,0
Broomfield,102,114,50,50,0
Broomfield,102,115,48,48,0
Broomfield,102,116,50,50,0
Broomfield,102,117,48,48,0
Broomfield,102,118,50,50,0
Broomfield,102,119,44,44,0
Broomfield,102,12,50,50,0
Broomfield,102,120,48,48,0
Broomfield,102,121,50,50,0
Broomfield,102,122,49,49,0
Broomfield,102,123,48,48,0
Broomfield,102,124,48,48,0
Broomfield,102,125,46,46,0
Broomfield,102,126,50,50,0
Broomfield,102,127,59,59,0
Broomfield,102,128,50,50,0
Broomfield,102,129,50,50,0
Broomfield,102,13,50,50,0
Broomfield,102,130,47,47,0
Broomfield,102,131,50,50,0
Broomfield,102,132,50,50,0
Broomfield,102,133,50,50,0
Broomfield,102,134,49,49,0
Broomfield,102,135,50,50,0
Broomfield,102,136,49,49,0
Broomfield,102,137,50,50,0
Broomfield,102,138,50,50,0
Broomfield,102,139,50,50,0
Broomfield,102,14,50,50,0
Broomfield,102,140,50,50,0
Broomfield,102,141,48,48,0
Broomfield,102,142,50,50,0
Broomfield,102,143,50,50,0
Broomfield,102,15,49,49,0
Broomfield,102,16,28,28,0
Broomfield,102,17,50,50,0
Broomfield,102,18,50,50,0
Broomfield,102,19,50,50,0
Broomfield,102,2,50,50,0
Broomfield,102,20,50,50,0
Broomfield,102,21,49,49,0
Broomfield,102,22,50,50,0
Broomfield,102,23,50,50,0
Broomfield,102,24,50,50,0
Broomfield,102,25,49,49,0
Broomfield,102,26,48,48,0
Broomfield,102,27,44,44,0
Broomfield,102,28,48,48,0
Broomfield,102,29,50,50,0
Broomfield,102,3,49,49,0
Broomfield,102,30,50,50,0
Broomfield,102,31,32,32,0
Broomfield,102,32,50,50,0
Broomfield,102,33,50,50,0
Broomfield,102,34,48,48,0
Broomfield,102,35,50,50,0
Broomfield,102,36,50,50,0
Broomfield,102,37,50,50,0
Broomfield,102,38,37,37,0
Broomfield,102,39,34,34,0
Broomfield,102,4,49,49,0
Broomfield,102,40,50,50,0
Broomfield,102,41,49,49,0
Broomfield,102,42,49,49,0
Broomfield,102,43,50,50,0
Broomfield,102,44,50,50,0
Broomfield,102,45,49,49,0
Broomfield,102,46,49,49,0
Broomfield,102,47,49,49,0
Broomfield,102,48,49,49,0
Broomfield,102,49,46,46,0
Broomfield,102,5,50,50,0
Broomfield,102,50,49,49,0
Broomfield,102,51,47,47,0
Broomfield,102,52,48,48,0
Broomfield,102,53,50,50,0
Broomfield,102,54,58,58,0
Broomfield,102,55,50,50,0
Broomfield,102,56,50,50,0
Broomfield,102,57,41,41,0
Broomfield,102,58,50,50,0
Broomfield,102,59,46,46,0
Broomfield,102,6,50,50,0
Broomfield,102,60,50,50,0
Broomfield,102,61,50,50,0
Broomfield,102,62,49,49,0
Broomfield,102,63,50,50,0
Broomfield,102,64,40,40,0
Broomfield,102,65,50,50,0
Broomfield,102,66,43,43,0
Broomfield,102,67,28,28,0
Broomfield,102,68,47,47,0
Broomfield,102,69,49,49,0
Broomfield,102,7,37,37,0
Broomfield,102,70,50,50,0
Broomfield,102,71,49,49,0
Broomfield,102,72,49,49,0
Broomfield,102,73,52,52,0
Broomfield,102,74,49,49,0
Broomfield,102,75,49,49,0
Broomfield,102,76,50,50,0
Broomfield,102,77,50,50,0
Broomfield,102,78,50,50,0
Broomfield,102,79,49,49,0
Broomfield,102,8,50,50,0
Broomfield,102,80,50,50,0
Broomfield,102,81,50,50,0
Broomfield,102,82,50,50,0
Broomfield,102,83,50,50,0
Broomfield,102,84,50,50,0
Broomfield,102,85,50,50,0
Broomfield,102,86,28,28,0
Broomfield,102,87,50,50,0
Broomfield,102,88,50,50,0
Broomfield,102,89,50,50,0
Broomfield,102,9,50,50,0
Broomfield,102,90,49,49,0
Broomfield,102,91,50,50,0
Broomfield,102,92,50,50,0
Broomfield,102,93,50,50,0
Broomfield,102,94,50,50,0
Broomfield,102,95,50,50,0
Broomfield,102,96,49,49,0
Broomfield,102,97,48,48,0
Broomfield,102,98,50,50,0
Broomfield,102,99,50,50,0
Broomfield,103,1,49,49,0
Broomfield,103,10,49,49,0
Broomfield,103,100,50,50,0
Broomfield,103,101,50,50,0
Broomfield,103,102,48,48,0
Broomfield,103,103,50,50,0
Broomfield,103,104,49,49,0
Broomfield,103,105,50,50,0
Broomfield,103,106,50,50,0
Broomfield,103,107,49,49,0
Broomfield,103,108,49,49,0
Broomfield,103,109,50,50,0
Broomfield,103,11,50,50,0
Broomfield,103,110,50,50,0
Broomfield,103,111,50,50,0
Broomfield,103,112,50,50,0
Broomfield,103,113,50,50,0
Broomfield,103,114,50,50,0
Broomfield,103,115,50,50,0
Broomfield,103,116,49,49,0
Broomfield,103,117,43,43,0
Broomfield,103,118,49,49,0
Broomfield,103,119,50,50,0
Broomfield,103,12,50,50,0
Broomfield,103,120,49,49,0
Broomfield,103,121,50,50,0
Broomfield,103,122,49,49,0
Broomfield,103,123,50,50,0
Broomfield,103,124,44,44,0
Broomfield,103,125,50,50,0
Broomfield,103,126,50,50,0
Broomfield,103,127,50,50,0
Broomfield,103,128,43,43,0
Broomfield,103,129,50,50,0
Broomfield,103,13,50,50,0
Broomfield,103,130,49,49,0
Broomfield,103,131,50,50,0
Broomfield,103,132,50,50,0
Broomfield,103,133,49,49,0
Broomfield,103,134,50,50,0
Broomfield,103,135,50,50,0
Broomfield,103,136,49,49,0
Broomfield,103,137,50,50,0
Broomfield,103,138,50,50,0
Broomfield,103,139,49,49,0
Broomfield,103,14,50,50,0
Broomfield,103,140,49,49,0
Broomfield,103,141,50,50,0
Broomfield,103,142,37,37,0
Broomfield,103,143,50,50,0
Broomfield,103,144,50,50,0
Broomfield,103,145,50,50,0
Broomfield,103,146,50,50,0
Broomfield,103,147,49,49,0
Broomfield,103,148,50,50,0
Broomfield,103,149,49,49,0
Broomfield,103,15,50,50,0
Broomfield,103,150,49,49,0
Broomfield,103,151,49,49,0
Broomfield,103,152,50,50,0
Broomfield,103,153,50,50,0
Broomfield,103,154,50,50,0
Broomfield,103,155,50,50,0
Broomfield,103,157,49,49,0
Broomfield,103,158,49,49,0
Broomfield,103,159,57,57,0
Broomfield,103,16,50,50,0
Broomfield,103,160,50,50,0
Broomfield,103,161,50,50,0
Broomfield,103,162,45,45,0
Broomfield,103,163,49,49,0
Broomfield,103,164,49,49,0
Broomfield,103,165,44,44,0
Broomfield,103,166,50,50,0
Broomfield,103,167,49,49,0
Broomfield,103,168,38,38,0
Broomfield,103,169,33,33,0
Broomfield,103,17,50,50,0
Broomfield,103,170,14,14,0
Broomfield,103,171,39,39,0
Broomfield,103,18,49,49,0
Broomfield,103,19,49,49,0
Broomfield,103,2,50,50,0
Broomfield,103,20,50,50,0
Broomfield,103,21,49,49,0
Broomfield,103,22,50,50,0
Broomfield,103,23,50,50,0
Broomfield,103,24,50,50,0
Broomfield,103,25,44,44,0
Broomfield,103,26,48,48,0
Broomfield,103,27,50,50,0
Broomfield,103,28,50,50,0
Broomfield,103,29,48,48,0
Broomfield,103,3,50,50,0
Broomfield,103,30,50,50,0
Broomfield,103,31,50,50,0
Broomfield,103,32,50,50,0
Broomfield,103,33,50,50,0
Broomfield,103,34,50,50,0
Broomfield,103,35,48,48,0
Broomfield,103,36,50,50,0
Broomfield,103,37,50,50,0
Broomfield,103,38,50,50,0
Broomfield,103,39,49,49,0
Broomfield,103,4,28,28,0
Broomfield,103,40,41,41,0
Broomfield,103,41,49,49,0
Broomfield,103,42,19,19,0
Broomfield,103,43,49,49,0
Broomfield,103,44,50,50,0
Broomfield,103,45,50,50,0
Broomfield,103,46,50,50,0
Broomfield,103,47,50,50,0
Broomfield,103,48,48,48,0
Broomfield,103,49,49,49,0
Broomfield,103,5,50,50,0
Broomfield,103,50,50,50,0
Broomfield,103,51,50,50,0
Broomfield,103,52,50,50,0
Broomfield,103,53,50,50,0
Broomfield,103,54,50,50,0
Broomfield,103,55,47,47,0
Broomfield,103,56,50,50,0
Broomfield,103,57,50,50,0
Broomfield,103,58,50,50,0
Broomfield,103,59,50,50,0
Broomfield,103,6,50,50,0
Broomfield,103,60,49,49,0
Broomfield,103,61,47,47,0
Broomfield,103,62,50,50,0
Broomfield,103,63,50,50,0
Broomfield,103,64,47,47,0
Broomfield,103,65,50,50,0
Broomfield,103,66,49,49,0
Broomfield,103,67,49,49,0
Broomfield,103,68,50,50,0
Broomfield,103,69,50,50,0
Broomfield,103,7,49,49,0
Broomfield,103,70,49,49,0
Broomfield,103,71,50,50,0
Broomfield,103,72,50,50,0
Broomfield,103,73,50,50,0
Broomfield,103,74,50,50,0
Broomfield,103,75,50,50,0
Broomfield,103,76,49,49,0
Broomfield,103,77,50,50,0
Broomfield,103,78,50,50,0
Broomfield,103,79,50,50,0
Broomfield,103,8,50,50,0
Broomfield,103,80,41,41,0
Broomfield,103,81,39,39,0
Broomfield,103,82,40,40,0
Broomfield,103,83,50,50,0
Broomfield,103,84,50,50,0
Broomfield,103,85,50,50,0
Broomfield,103,86,50,50,0
Broomfield,103,87,50,50,0
Broomfield,103,88,50,50,0
Broomfield,103,89,50,50,0
Broomfield,103,9,47,47,0
Broomfield,103,90,50,50,0
Broomfield,103,91,50,50,0
Broomfield,103,92,50,50,0
Broomfield,103,93,50,50,0
Broomfield,103,94,49,49,0
Broomfield,103,95,50,50,0
Broomfield,103,96,50,50,0
Broomfield,103,97,50,50,0
Broomfield,103,98,50,50,0
Broomfield,103,99,50,50,0
Broomfield,104,1,40,40,0
Broomfield,104,10,40,40,0
Broomfield,104,100,50,50,0
Broomfield,104,101,49,49,0
Broomfield,104,102,50,50,0
Broomfield,104,103,50,50,0
Broomfield,104,104,50,50,0
Broomfield,104,105,50,50,0
Broomfield,104,106,50,50,0
Broomfield,104,107,49,49,0
Broomfield,104,108,50,50,0
Broomfield,104,109,50,50,0
Broomfield,104,11,50,50,0
Broomfield,104,110,49,49,0
Broomfield,104,111,49,49,0
Broomfield,104,112,50,50,0
Broomfield,104,113,50,50,0
Broomfield,104,114,49,49,0
Broomfield,104,115,50,50,0
Broomfield,104,116,50,50,0
Broomfield,104,117,50,50,0
Broomfield,104,118,49,49,0
Broomfield,104,119,45,45,0
Broomfield,104,12,50,50,0
Broomfield,104,120,50,50,0
Broomfield,104,121,50,50,0
Broomfield,104,122,50,50,0
Broomfield,104,123,44,44,0
Broomfield,104,124,50,50,0
Broomfield,104,125,49,49,0
Broomfield,104,126,49,49,0
Broomfield,104,127,49,49,0
Broomfield,104,128,49,49,0
Broomfield,104,129,50,50,0
Broomfield,104,13,50,50,0
Broomfield,104,130,47,47,0
Broomfield,104,131,49,49,0
Broomfield,104,132,43,43,0
Broomfield,104,133,50,50,0
Broomfield,104,134,50,50,0
Broomfield,104,135,50,50,0
Broomfield,104,136,50,50,0
Broomfield,104,137,50,50,0
Broomfield,104,138,48,48,0
Broomfield,104,139,50,50,0
Broomfield,104,14,50,50,0
Broomfield,104,140,50,50,0
Broomfield,104,141,50,50,0
Broomfield,104,142,50,50,0
Broomfield,104,143,48,48,0
Broomfield,104,144,46,46,0
Broomfield,104,145,50,50,0
Broomfield,104,146,49,49,0
Broomfield,104,147,49,49,0
Broomfield,104,148,50,50,0
Broomfield,104,149,50,50,0
Broomfield,104,15,50,50,0
Broomfield,104,150,50,50,0
Broomfield,104,16,50,50,0
Broomfield,104,17,46,46,0
Broomfield,104,18,50,50,0
Broomfield,104,19,50,50,0
Broomfield,104,2,50,50,0
Broomfield,104,20,50,50,0
Broomfield,104,21,50,50,0
Broomfield,104,22,50,50,0
Broomfield,104,23,50,50,0
Broomfield,104,24,50,50,0
Broomfield,104,25,48,48,0
Broomfield,104,26,50,50,0
Broomfield,104,27,50,50,0
Broomfield,104,28,49,49,0
Broomfield,104,29,50,50,0
Broomfield,104,3,50,50,0
Broomfield,104,30,50,50,0
Broomfield,104,31,50,50,0
Broomfield,104,32,50,50,0
Broomfield,104,33,42,42,0
Broomfield,104,34,50,50,0
Broomfield,104,35,50,50,0
Broomfield,104,36,31,31,0
Broomfield,104,37,49,49,0
Broomfield,104,38,50,50,0
Broomfield,104,39,50,50,0
Broomfield,104,4,50,50,0
Broomfield,104,40,49,49,0
Broomfield,104,41,50,50,0
Broomfield,104,42,50,50,0
Broomfield,104,43,50,50,0
Broomfield,104,44,50,50,0
Broomfield,104,45,30,30,0
Broomfield,104,46,50,50,0
Broomfield,104,47,50,50,0
Broomfield,104,48,50,50,0
Broomfield,104,49,50,50,0
Broomfield,104,5,49,49,0
Broomfield,104,50,50,50,0
Broomfield,104,51,49,49,0
Broomfield,104,52,50,50,0
Broomfield,104,53,50,50,0
Broomfield,104,54,48,48,0
Broomfield,104,55,78,78,0
Broomfield,104,56,50,50,0
Broomfield,104,57,50,50,0
Broomfield,104,58,50,50,0
Broomfield,104,59,50,50,0
Broomfield,104,6,50,50,0
Broomfield,104,60,50,50,0
Broomfield,104,61,50,50,0
Broomfield,104,62,50,50,0
Broomfield,104,63,50,50,0
Broomfield,104,64,50,50,0
Broomfield,104,65,50,50,0
Broomfield,104,66,50,50,0
Broomfield,104,67,50,50,0
Broomfield,104,68,48,48,0
Broomfield,104,69,49,49,0
Broomfield,104,7,50,50,0
Broomfield,104,70,49,49,0
Broomfield,104,71,50,50,0
Broomfield,104,72,50,50,0
Broomfield,104,73,50,50,0
Broomfield,104,74,49,49,0
Broomfield,104,75,50,50,0
Broomfield,104,76,50,50,0
Broomfield,104,77,50,50,0
Broomfield,104,78,50,50,0
Broomfield,104,79,50,50,0
Broomfield,104,8,50,50,0
Broomfield,104,80,50,50,0
Broomfield,104,81,49,49,0
Broomfield,104,82,47,47,0
Broomfield,104,83,50,50,0
Broomfield,104,84,50,50,0
Broomfield,104,85,50,50,0
Broomfield,104,86,49,49,0
Broomfield,104,87,50,50,0
Broomfield,104,88,45,45,0
Broomfield,104,89,50,50,0
Broomfield,104,9,50,50,0
Broomfield,104,90,50,50,0
Broomfield,104,91,50,50,0
Broomfield,104,92,50,50,0
Broomfield,104,93,50,50,0
Broomfield,104,94,49,49,0
Broomfield,104,95,42,42,0
Broomfield,104,96,50,50,0
Broomfield,104,97,50,50,0
Broomfield,104,98,49,49,0
Broomfield,104,99,50,50,0
Broomfield,110,1,46,46,0
Broomfield,110,2,46,46,0
Broomfield,110,3,50,50,0
Broomfield,110,4,50,50,0
Broomfield,110,5,50,50,0
Broomfield,110,6,49,49,0
Broomfield,110,7,43,43,0
Broomfield,110,8,47,47,0
Broomfield,110,9,24,24,0
Chaffee,101,1,50,50,0
Chaffee,101,10,50,50,0
Chaffee,101,100,50,50,0
Chaffee,101,101,50,50,0
Chaffee,101,102,50,50,0
Chaffee,101,103,50,50,0
Chaffee,101,104,50,50,0
Chaffee,101,105,50,50,0
Chaffee,101,106,50,50,0
Chaffee,101,107,50,50,0
Chaffee,101,108,50,50,0
Chaffee,101,109,50,50,0
Chaffee,101,11,50,50,0
Chaffee,101,110,50,50,0
Chaffee,101,111,50,50,0
Chaffee,101,112,50,50,0
Chaffee,101,113,50,50,0
Chaffee,101,114,50,50,0
Chaffee,101,115,50,50,0
Chaffee,101,116,50,50,0
Chaffee,101,117,50,50,0
Chaffee,101,118,50,50,0
Chaffee,101,119,50,50,0
Chaffee,101,12,50,50,0
Chaffee,101,120,50,50,0
Chaffee,101,121,50,50,0
Chaffee,101,122,50,50,0
Chaffee,101,123,50,50,0
Chaffee,101,124,50,50,0
Chaffee,101,125,50,50,0
Chaffee,101,126,50,50,0
Chaffee,101,127,50,50,0
Chaffee,101,128,50,50,0
Chaffee,101,129,50,50,0
Chaffee,101,13,50,50,0
Chaffee,101,130,50,50,0
Chaffee,101,131,50,50,0
Chaffee,101,132,50,50,0
Chaffee,101,133,50,50,0
Chaffee,101,134,50,50,0
Chaffee,101,135,50,50,0
Chaffee,101,136,50,50,0
Chaffee,101,137,50,50,0
Chaffee,101,138,50,50,0
Chaffee,101,139,50,50,0
Chaffee,101,14,50,50,0
Chaffee,101,140,50,50,0
Chaffee,101,141,50,50,0
Chaffee,101,142,50,50,0
Chaffee,101,143,50,50,0
Chaffee,101,144,50,50,0
Chaffee,101,145,51,51,0
Chaffee,101,146,50,50,0
Chaffee,101,147,50,50,0
Chaffee,101,148,50,50,0
Chaffee,101,149,8,8,0
Chaffee,101,15,50,50,0
Chaffee,101,150,66,66,0
Chaffee,101,151,16,16,0
Chaffee,101,152,1,1,0
Chaffee,101,16,50,50,0
Chaffee,101,17,49,49,0
Chaffee,101,18,50,50,0
Chaffee,101,19,50,50,0
Chaffee,101,2,50,50,0
Chaffee,101,20,50,50,0
Chaffee,101,21,50,50,0
Chaffee,101,22,50,50,0
Chaffee,101,23,50,50,0
Chaffee,101,24,50,50,0
Chaffee,101,25,50,50,0
Chaffee,101,26,50,50,0
Chaffee,101,27,50,50,0
Chaffee,101,28,50,50,0
Chaffee,101,29,50,50,0
Chaffee,101,3,50,50,0
Chaffee,101,30,50,50,0
Chaffee,101,31,50,50,0
Chaffee,101,32,50,50,0
Chaffee,101,33,50,50,0
Chaffee,101,34,50,50,0
Chaffee,101,35,50,50,0
Chaffee,101,36,50,50,0
Chaffee,101,37,50,50,0
Chaffee,101,38,50,50,0
Chaffee,101,39,50,50,0
Chaffee,101,4,50,50,0
Chaffee,101,40,50,50,0
Chaffee,101,41,50,50,0
Chaffee,101,42,50,50,0
Chaffee,101,43,50,50,0
Chaffee,101,44,50,50,0
Chaffee,101,45,50,50,0
Chaffee,101,46,50,50,0
Chaffee,101,47,50,50,0
Chaffee,101,48,50,50,0
Chaffee,101,49,50,50,0
Chaffee,101,5,50,50,0
Chaffee,101,50,50,50,0
Chaffee,101,51,50,50,0
Chaffee,101,52,50,50,0
Chaffee,101,53,50,50,0
Chaffee,101,54,50,50,0
Chaffee,101,55,50,50,0
Chaffee,101,56,50,50,0
Chaffee,101,57,50,50,0
Chaffee,101,58,50,50,0
Chaffee,101,59,50,50,0
Chaffee,101,6,50,50,0
Chaffee,101,60,50,50,0
Chaffee,101,61,50,50,0
Chaffee,101,62,50,50,0
Chaffee,101,63,50,50,0
Chaffee,101,64,50,50,0
Chaffee,101,65,50,50,0
Chaffee,101,66,50,50,0
Chaffee,101,67,50,50,0
Chaffee,101,68,50,50,0
Chaffee,101,69,50,50,0
Chaffee,101,7,50,50,0
Chaffee,101,70,50,50,0
Chaffee,101,71,50,50,0
Chaffee,101,72,50,50,0
Chaffee,101,73,50,50,0
Chaffee,101,74,50,50,0
Chaffee,101,75,50,50,0
Chaffee,101,76,50,50,0
Chaffee,101,77,50,50,0
Chaffee,101,78,50,50,0
Chaffee,101,79,50,50,0
Chaffee,101,8,50,50,0
Chaffee,101,80,50,50,0
Chaffee,101,81,50,50,0
Chaffee,101,82,50,50,0
Chaffee,101,83,50,50,0
Chaffee,101,84,50,50,0
Chaffee,101,85,50,50,0
Chaffee,101,86,50,50,0
Chaffee,101,87,50,50,0
Chaffee,101,88,50,50,0
Chaffee,101,89,50,50,0
Chaffee,101,9,50,50,0
Chaffee,101,90,50,50,0
Chaffee,101,91,50,50,0
Chaffee,101,92,50,50,0
Chaffee,101,93,50,50,0
Chaffee,101,94,50,50,0
Chaffee,101,95,50,50,0
Chaffee,101,96,50,50,0
Chaffee,101,97,50,50,0
Chaffee,101,98,50,50,0
Chaffee,101,99,50,50,0
Cheyenne,102,1,25,25,0
Cheyenne,102,10,25,25,0
Cheyenne,102,11,25,25,0
Cheyenne,102,12,25,25,0
Cheyenne,102,13,25,25,0
Cheyenne,102,14,25,25,0
Cheyenne,102,15,25,25,0
Cheyenne,102,16,25,25,0
Cheyenne,102,17,25,25,0
Cheyenne,102,18,25,25,0
Cheyenne,102,19,25,25,0
Cheyenne,102,2,25,25,0
Cheyenne,102,20,25,25,0
Cheyenne,102,21,25,25,0
Cheyenne,102,22,25,25,0
Cheyenne,102,23,30,30,0
Cheyenne,102,24,29,29,0
Cheyenne,102,3,25,25,0
Cheyenne,102,4,25,25,0
Cheyenne,102,5,25,25,0
Cheyenne,102,6,25,25,0
Cheyenne,102,7,25,25,0
Cheyenne,102,8,25,25,0
Cheyenne,102,9,25,25,0
Clear Creek,102,1,50,50,0
Clear Creek,102,10,50,50,0
Clear Creek,102,11,50,50,0
Clear Creek,102,12,50,50,0
Clear Creek,102,13,50,50,0
Clear Creek,102,14,50,50,0
Clear Creek,102,15,50,50,0
Clear Creek,102,16,50,50,0
Clear Creek,102,17,50,50,0
Clear Creek,102,18,50,50,0
Clear Creek,102,19,50,50,0
Clear Creek,102,2,50,50,0
Clear Creek,102,20,50,50,0
Clear Creek,102,21,50,50,0
Clear Creek,102,22,50,50,0
Clear Creek,102,23,50,50,0
Clear Creek,102,24,50,50,0
Clear Creek,102,25,50,50,0
Clear Creek,102,26,50,50,0
Clear Creek,102,27,50,50,0
Clear Creek,102,28,50,50,0
Clear Creek,102,29,50,50,0
Clear Creek,102,3,50,50,0
Clear Creek,102,30,50,50,0
Clear Creek,102,31,50,50,0
Clear Creek,102,32,50,50,0
Clear Creek,102,33,50,50,0
Clear Creek,102,34,50,50,0
Clear Creek,102,35,50,50,0
Clear Creek,102,36,50,50,0
Clear Creek,102,37,50,50,0
Clear Creek,102,38,50,50,0
Clear Creek,102,39,50,50,0
Clear Creek,102,4,50,50,0
Clear Creek,102,40,50,50,0
Clear Creek,102,41,50,50,0
Clear Creek,102,42,50,50,0
Clear Creek,102,43,50,50,0
Clear Creek,102,44,50,50,0
Clear Creek,102,45,50,50,0
Clear Creek,102,46,50,50,0
Clear Creek,102,47,50,50,0
Clear Creek,102,48,50,50,0
Clear Creek,102,49,50,50,0
Clear Creek,102,5,50,50,0
Clear Creek,102,50,50,50,0
Clear Creek,102,51,50,50,0
Clear Creek,102,52,12,12,0
Clear Creek,102,53,50,50,0
Clear Creek,102,54,29,29,0
Clear Creek,102,6,50,50,0
Clear Creek,102,7,50,50,0
Clear Creek,102,8,50,50,0
Clear Creek,102,9,50,50,0
Conejos,102,1,100,100,0
Conejos,102,10,50,50,0
Conejos,102,11,50,50,0
Conejos,102,12,50,50,0
Conejos,102,13,50,50,0
Conejos,102,14,50,50,0
Conejos,102,15,50,50,0
Conejos,102,16,50,50,0
Conejos,102,17,50,50,0
Conejos,102,18,50,50,0
Conejos,102,19,50,50,0
Conejos,102,2,100,100,0
Conejos,102,20,50,50,0
Conejos,102,21,50,50,0
Conejos,102,22,50,50,0
Conejos,102,23,50,50,0
Conejos,102,24,50,50,0
Conejos,102,25,50,50,0
Conejos,102,26,50,50,0
Conejos,102,27,50,50,0
Conejos,102,28,50,50,0
Conejos,102,29,50,50,0
Conejos,102,3,100,100,0
Conejos,102,30,50,50,0
Conejos,102,31,50,50,0
Conejos,102,32,50,50,0
Conejos,102,33,50,50,0
Conejos,102,34,50,50,0
Conejos,102,35,50,50,0
Conejos,102,36,50,50,0
Conejos,102,37,50,50,0
Conejos,102,38,50,50,0
Conejos,102,39,50,50,0
Conejos,102,4,100,100,0
Conejos,102,40,50,50,0
Conejos,102,41,59,59,0
Conejos,102,42,30,30,0
Conejos,102,5,100,100,0
Conejos,102,6,100,100,0
Conejos,102,7,100,100,0
Conejos,102,8,100,100,0
Conejos,102,9,50,50,0
Costilla,102,1,50,50,0
Costilla,102,10,50,50,0
Costilla,102,11,50,50,0
Costilla,102,12,50,50,0
Costilla,102,13,50,50,0
Costilla,102,14,50,50,0
Costilla,102,15,50,50,0
Costilla,102,16,50,50,0
Costilla,102,17,50,50,0
Costilla,102,18,50,50,0
Costilla,102,19,50,50,0
Costilla,102,2,50,50,0
Costilla,102,20,50,50,0
Costilla,102,21,50,50,0
Costilla,102,22,50,50,0
Costilla,102,23,50,50,0
Costilla,102,24,50,50,0
Costilla,102,25,50,50,0
Costilla,102,26,50,50,0
Costilla,102,27,50,50,0
Costilla,102,28,50,50,0
Costilla,102,29,16,16,0
Costilla,102,3,50,50,0
Costilla,102,4,50,50,0
Costilla,102,5,50,50,0
Costilla,102,6,50,50,0
Costilla,102,7,50,50,0
Costilla,102,8,50,50,0
Costilla,102,9,50,50,0
Crowley,102,1,25,25,0
Crowley,102,10,25,25,0
Crowley,102,11,25,25,0
Crowley,102,12,25,25,0
Crowley,102,13,25,25,0
Crowley,102,14,25,25,0
Crowley,102,15,25,25,0
Crowley,102,16,25,25,0
Crowley,102,17,25,25,0
Crowley,102,18,25,25,0
Crowley,102,19,25,25,0
Crowley,102,2,25,25,0
Crowley,102,20,25,25,0
Crowley,102,21,25,25,0
Crowley,102,22,25,25,0
Crowley,102,23,25,25,0
Crowley,102,24,25,25,0
Crowley,102,25,25,25,0
Crowley,102,26,25,25,0
Crowley,102,27,25,25,0
Crowley,102,28,25,25,0
Crowley,102,29,25,25,0
Crowley,102,3,25,25,0
Crowley,102,30,25,25,0
Crowley,102,31,25,25,0
Crowley,102,32,25,25,0
Crowley,102,33,25,25,0
Crowley,102,34,25,25,0
Crowley,102,35,25,25,0
Crowley,102,36,6,6,0
Crowley,102,37,4,4,0
Crowley,102,38,10,10,0
Crowley,102,4,25,25,0
Crowley,102,5,25,25,0
Crowley,102,6,25,25,0
Crowley,102,7,25,25,0
Crowley,102,8,25,25,0
Crowley,102,9,25,25,0
Custer,102,1,25,25,0
Custer,102,10,25,25,0
Custer,102,11,25,25,0
Custer,102,12,25,25,0
Custer,102,13,25,25,0
Custer,102,14,25,25,0
Custer,102,15,25,25,0
Custer,102,16,25,25,0
Custer,102,17,25,25,0
Custer,102,18,25,25,0
Custer,102,19,25,25,0
Custer,102,2,25,25,0
Custer,102,20,25,25,0
Custer,102,21,25,25,0
Custer,102,22,25,25,0
Custer,102,23,25,25,0
Custer,102,24,25,25,0
Custer,102,25,25,25,0
Custer,102,26,25,25,0
Custer,102,27,25,25,0
Custer,102,28,25,25,0
Custer,102,29,25,25,0
Custer,102,3,25,25,0
Custer,102,30,25,25,0
Custer,102,31,25,25,0
Custer,102,32,25,25,0
Custer,102,33,25,25,0
Custer,102,34,25,25,0
Custer,102,35,25,25,0
Custer,102,36,25,25,0
Custer,102,37,25,25,0
Custer,102,38,25,25,0
Custer,102,39,25,25,0
Custer,102,4,25,25,0
Custer,102,40,25,25,0
Custer,102,41,25,25,0
Custer,102,42,25,25,0
Custer,102,43,25,25,0
Custer,102,44,25,25,0
Custer,102,45,25,25,0
Custer,102,46,25,25,0
Custer,102,47,25,25,0
Custer,102,48,25,25,0
Custer,102,49,25,25,0
Custer,102,5,25,25,0
Custer,102,50,25,25,0
Custer,102,51,25,25,0
Custer,102,52,25,25,0
Custer,102,53,25,25,0
Custer,102,54,25,25,0
Custer,102,55,25,25,0
Custer,102,56,25,25,0
Custer,102,57,25,25,0
Custer,102,58,25,25,0
Custer,102,59,25,25,0
Custer,102,6,25,25,0
Custer,102,60,25,25,0
Custer,102,61,25,25,0
Custer,102,62,25,25,0
Custer,102,63,25,25,0
Custer,102,64,25,25,0
Custer,102,65,25,25,0
Custer,102,66,25,25,0
Custer,102,67,25,25,0
Custer,102,68,25,25,0
Custer,102,69,25,25,0
Custer,102,7,25,25,0
Custer,102,70,25,25,0
Custer,102,71,25,25,0
Custer,102,72,25,25,0
Custer,102,73,25,25,0
Custer,102,74,25,25,0
Custer,102,75,25,25,0
Custer,102,76,25,25,0
Custer,102,77,25,25,0
Custer,102,78,25,25,0
Custer,102,79,25,25,0
Custer,102,8,25,25,0
Custer,102,80,27,27,0
Custer,102,9,25,25,0
Delta,102,1,50,50,0
Delta,102,10,50,50,0
Delta,102,100,50,50,0
Delta,102,101,49,49,0
Delta,102,102,50,50,0
Delta,102,103,49,49,0
Delta,102,104,50,50,0
Delta,102,105,50,50,0
Delta,102,106,33,33,0
Delta,102,107,50,50,0
Delta,102,108,36,36,0
Delta,102,109,49,49,0
Delta,102,11,50,50,0
Delta,102,110,50,50,0
Delta,102,111,49,49,0
Delta,102,112,52,52,0
Delta,102,113,50,50,0
Delta,102,114,18,18,0
Delta,102,115,50,50,0
Delta,102,116,49,49,0
Delta,102,117,50,50,0
Delta,102,118,42,42,0
Delta,102,119,50,50,0
Delta,102,12,50,50,0
Delta,102,120,48,48,0
Delta,102,121,50,50,0
Delta,102,122,49,49,0
Delta,102,123,50,50,0
Delta,102,124,50,50,0
Delta,102,125,5,5,0
Delta,102,126,34,34,0
Delta,102,127,50,50,0
Delta,102,128,55,55,0
Delta,102,129,50,50,0
Delta,102,13,50,50,0
Delta,102,130,44,44,0
Delta,102,131,50,50,0
Delta,102,132,50,50,0
Delta,102,133,35,35,0
Delta,102,134,42,42,0
Delta,102,135,50,50,0
Delta,102,136,48,48,0
Delta,102,137,48,48,0
Delta,102,138,49,49,0
Delta,102,139,47,47,0
Delta,102,14,50,50,0
Delta,102,140,50,50,0
Delta,102,141,50,50,0
Delta,102,142,50,50,0
Delta,102,143,50,50,0
Delta,102,144,50,50,0
Delta,102,145,50,50,0
Delta,102,146,22,22,0
Delta,102,147,49,49,0
Delta,102,148,50,50,0
Delta,102,149,49,49,0
Delta,102,15,50,50,0
Delta,102,150,51,51,0
Delta,102,151,51,51,0
Delta,102,152,14,14,0
Delta,102,153,3,3,0
Delta,102,154,5,5,0
Delta,102,155,10,10,0
Delta,102,156,44,44,0
Delta,102,157,2,2,0
Delta,102,16,50,50,0
Delta,102,17,50,50,0
Delta,102,18,50,50,0
Delta,102,19,50,50,0
Delta,102,2,52,52,0
Delta,102,20,57,57,0
Delta,102,21,50,50,0
Delta,102,22,50,50,0
Delta,102,23,50,50,0
Delta,102,24,53,53,0
Delta,102,25,50,50,0
Delta,102,26,50,50,0
Delta,102,27,50,50,0
Delta,102,28,50,50,0
Delta,102,29,50,50,0
Delta,102,3,50,50,0
Delta,102,30,49,49,0
Delta,102,31,50,50,0
Delta,102,32,47,47,0
Delta,102,33,50,50,0
Delta,102,34,48,48,0
Delta,102,35,57,57,0
Delta,102,36,49,49,0
Delta,102,37,50,50,0
Delta,102,38,47,47,0
Delta,102,39,49,49,0
Delta,102,4,50,50,0
Delta,102,40,50,50,0
Delta,102,41,47,47,0
Delta,102,42,48,48,0
Delta,102,43,50,50,0
Delta,102,44,49,49,0
Delta,102,45,49,49,0
Delta,102,46,49,49,0
Delta,102,47,50,50,0
Delta,102,48,50,50,0
Delta,102,49,50,50,0
Delta,102,5,50,50,0
Delta,102,50,50,50,0
Delta,102,51,50,50,0
Delta,102,52,50,50,0
Delta,102,53,48,48,0
Delta,102,54,48,48,0
Delta,102,55,50,50,0
Delta,102,56,47,47,0
Delta,102,57,49,49,0
Delta,102,58,46,46,0
Delta,102,59,50,50,0
Delta,102,6,48,48,0
Delta,102,60,51,51,0
Delta,102,61,50,50,0
Delta,102,62,50,50,0
Delta,102,63,50,50,0
Delta,102,64,50,50,0
Delta,102,65,50,50,0
Delta,102,66,26,26,0
Delta,102,67,50,50,0
Delta,102,68,50,50,0
Delta,102,69,50,50,0
Delta,102,7,50,50,0
Delta,102,70,50,50,0
Delta,102,71,48,48,0
Delta,102,72,50,50,0
Delta,102,73,48,48,0
Delta,102,74,50,50,0
Delta,102,75,50,50,0
Delta,102,76,50,50,0
Delta,102,77,50,50,0
Delta,102,78,50,50,0
Delta,102,79,50,50,0
Delta,102,8,50,50,0
Delta,102,80,50,50,0
Delta,102,81,50,50,0
Delta,102,82,50,50,0
Delta,102,83,44,44,0
Delta,102,84,52,52,0
Delta,102,85,50,50,0
Delta,102,86,50,50,0
Delta,102,87,50,50,0
Delta,102,88,14,14,0
Delta,102,89,49,49,0
Delta,102,9,48,48,0
Delta,102,90,50,50,0
Delta,102,91,50,50,0
Delta,102,92,50,50,0
Delta,102,93,50,50,0
Delta,102,94,50,50,0
Delta,102,95,50,50,0
Delta,102,96,50,50,0
Delta,102,97,50,50,0
Delta,102,98,49,49,0
Delta,102,99,50,50,0
Delta,104,1,50,50,0
Delta,104,10,50,50,0
Delta,104,11,49,49,0
Delta,104,12,60,60,0
Delta,104,13,50,50,0
Delta,104,14,50,50,0
Delta,104,15,50,50,0
Delta,104,16,47,47,0
Delta,104,17,50,50,0
Delta,104,18,50,50,0
Delta,104,19,50,50,0
Delta,104,2,49,49,0
Delta,104,20,50,50,0
Delta,104,21,50,50,0
Delta,104,22,50,50,0
Delta,104,23,50,50,0
Delta,104,24,50,50,0
Delta,104,25,19,19,0
Delta,104,26,50,50,0
Delta,104,27,50,50,0
Delta,104,28,50,50,0
Delta,104,29,49,49,0
Delta,104,3,50,50,0
Delta,104,30,51,51,0
Delta,104,31,60,60,0
Delta,104,32,50,50,0
Delta,104,33,56,56,0
Delta,104,34,49,49,0
Delta,104,35,42,42,0
Delta,104,36,50,50,0
Delta,104,37,13,13,0
Delta,104,38,33,33,0
Delta,104,39,46,46,0
Delta,104,4,49,49,0
Delta,104,40,49,49,0
Delta,104,41,48,48,0
Delta,104,42,50,50,0
Delta,104,43,50,50,0
Delta,104,44,50,50,0
Delta,104,45,13,13,0
Delta,104,46,51,51,0
Delta,104,47,50,50,0
Delta,104,48,39,39,0
Delta,104,49,49,49,0
Delta,104,5,50,50,0
Delta,104,50,50,50,0
Delta,104,51,49,49,0
Delta,104,52,50,50,0
Delta,104,6,50,50,0
Delta,104,7,47,47,0
Delta,104,8,48,48,0
Delta,104,9,46,46,0
Denver,101,1,100,100,0
Denver,101,10,100,100,0
Denver,101,100,100,100,0
Denver,101,101,100,100,0
Denver,101,102,100,100,0
Denver,101,103,100,100,0
Denver,101,104,100,100,0
Denver,101,105,100,100,0
Denver,101,106,100,100,0
Denver,101,107,100,100,0
Denver,101,108,100,100,0
Denver,101,109,100,100,0
Denver,101,11,100,100,0
Denver,101,110,100,100,0
Denver,101,111,100,100,0
Denver,101,112,100,100,0
Denver,101,113,100,100,0
Denver,101,114,100,100,0
Denver,101,115,100,100,0
Denver,101,116,100,100,0
Denver,101,117,100,100,0
Denver,101,118,100,100,0
Denver,101,119,100,100,0
Denver,101,12,100,100,0
Denver,101,120,100,100,0
Denver,101,121,100,100,0
Denver,101,122,100,100,0
Denver,101,123,100,100,0
Denver,101,124,100,100,0
Denver,101,125,100,100,0
Denver,101,126,100,100,0
Denver,101,127,100,100,0
Denver,101,128,100,100,0
Denver,101,129,100,100,0
Denver,101,13,100,100,0
Denver,101,130,100,100,0
Denver,101,131,100,100,0
Denver,101,132,100,100,0
Denver,101,133,100,100,0
Denver,101,134,100,100,0
Denver,101,135,100,100,0
Denver,101,136,100,100,0
Denver,101,137,100,100,0
Denver,101,138,100,100,0
Denver,101,139,100,100,0
Denver,101,14,100,100,0
Denver,101,140,100,100,0
Denver,101,141,100,100,0
Denver,101,142,100,100,0
Denver,101,143,100,100,0
Denver,101,144,100,100,0
Denver,101,145,100,100,0
Denver,101,146,100,100,0
Denver,101,147,100,100,0
Denver,101,148,100,100,0
Denver,101,149,100,100,0
Denver,101,15,100,100,0
Denver,101,150,100,100,0
Denver,101,151,100,100,0
Denver,101,152,100,100,0
Denver,101,153,100,100,0
Denver,101,154,100,100,0
Denver,101,155,100,100,0
Denver,101,156,100,100,0
Denver,101,157,100,100,0
Denver,101,158,100,100,0
Denver,101,159,100,100,0
Denver,101,16,100,100,0
Denver,101,160,100,100,0
Denver,101,161,100,100,0
Denver,101,162,100,100,0
Denver,101,163,100,100,0
Denver,101,164,100,100,0
Denver,101,165,100,100,0
Denver,101,166,100,100,0
Denver,101,167,100,100,0
Denver,101,168,100,100,0
Denver,101,169,100,100,0
Denver,101,17,100,100,0
Denver,101,170,100,100,0
Denver,101,171,100,100,0
Denver,101,172,100,100,0
Denver,101,173,100,100,0
Denver,101,174,100,100,0
Denver,101,175,100,100,0
Denver,101,176,100,100,0
Denver,101,177,100,100,0
Denver,101,178,100,100,0
Denver,101,179,100,100,0
Denver,101,18,100,100,0
Denver,101,180,100,100,0
Denver,101,181,100,100,0
Denver,101,182,100,100,0
Denver,101,183,100,100,0
Denver,101,184,100,100,0
Denver,101,185,100,100,0
Denver,101,186,100,100,0
Denver,101,187,100,100,0
Denver,101,188,100,100,0
Denver,101,189,100,100,0
Denver,101,19,100,100,0
Denver,101,190,100,100,0
Denver,101,191,100,100,0
Denver,101,192,100,100,0
Denver,101,193,100,100,0
Denver,101,194,100,100,0
Denver,101,195,100,100,0
Denver,101,196,100,100,0
Denver,101,197,100,100,0
Denver,101,198,100,100,0
Denver,101,199,100,100,0
Denver,101,2,100,100,0
Denver,101,20,100,100,0
Denver,101,200,100,100,0
Denver,101,201,100,100,0
Denver,101,202,100,100,0
Denver,101,203,100,100,0
Denver,101,204,100,100,0
Denver,101,205,100,100,0
Denver,101,206,100,100,0
Denver,101,207,100,100,0
Denver,101,208,100,100,0
Denver,101,209,100,100,0
Denver,101,21,100,100,0
Denver,101,210,100,100,0
Denver,101,211,100,100,0
Denver,101,212,100,100,0
Denver,101,213,100,100,0
Denver,101,214,100,100,0
Denver,101,215,100,100,0
Denver,101,216,100,100,0
Denver,101,217,101,101,0
Denver,101,218,100,100,0
Denver,101,219,100,100,0
Denver,101,22,100,100,0
Denver,101,220,100,100,0
Denver,101,221,100,100,0
Denver,101,222,100,100,0
Denver,101,223,100,100,0
Denver,101,224,100,100,0
Denver,101,225,100,100,0
Denver,101,226,100,100,0
Denver,101,227,100,100,0
Denver,101,228,100,100,0
Denver,101,229,100,100,0
Denver,101,23,100,100,0
Denver,101,230,100,100,0
Denver,101,231,100,100,0
Denver,101,232,100,100,0
Denver,101,233,100,100,0
Denver,101,234,100,100,0
Denver,101,235,100,100,0
Denver,101,236,100,100,0
Denver,101,237,100,100,0
Denver,101,238,100,100,0
Denver,101,239,100,100,0
Denver,101,24,100,100,0
Denver,101,240,100,100,0
Denver,101,241,100,100,0
Denver,101,242,100,100,0
Denver,101,243,100,100,0
Denver,101,244,100,100,0
Denver,101,245,100,100,0
Denver,101,246,100,100,0
Denver,101,247,100,100,0
Denver,101,248,100,100,0
Denver,101,249,100,100,0
Denver,101,25,100,100,0
Denver,101,250,100,100,0
Denver,101,251,100,100,0
Denver,101,252,100,100,0
Denver,101,253,100,100,0
Denver,101,254,100,100,0
Denver,101,255,100,100,0
Denver,101,256,100,100,0
Denver,101,257,100,100,0
Denver,101,258,100,100,0
Denver,101,259,100,100,0
Denver,101,26,100,100,0
Denver,101,260,100,100,0
Denver,101,261,100,100,0
Denver,101,262,100,100,0
Denver,101,263,100,100,0
Denver,101,264,100,100,0
Denver,101,265,100,100,0
Denver,101,266,100,100,0
Denver,101,267,100,100,0
Denver,101,268,100,100,0
Denver,101,269,100,100,0
Denver,101,27,100,100,0
Denver,101,270,100,100,0
Denver,101,271,100,100,0
Denver,101,272,100,100,0
Denver,101,273,101,101,0
Denver,101,274,100,100,0
Denver,101,275,100,100,0
Denver,101,276,100,100,0
Denver,101,277,100,100,0
Denver,101,278,100,100,0
Denver,101,279,100,100,0
Denver,101,28,100,100,0
Denver,101,280,100,100,0
Denver,101,281,100,100,0
Denver,101,282,100,100,0
Denver,101,283,100,100,0
Denver,101,284,100,100,0
Denver,101,285,100,100,0
Denver,101,286,100,100,0
Denver,101,287,100,100,0
Denver,101,288,100,100,0
Denver,101,289,100,100,0
Denver,101,29,100,100,0
Denver,101,290,100,100,0
Denver,101,291,100,100,0
Denver,101,292,100,100,0
Denver,101,293,100,100,0
Denver,101,294,100,100,0
Denver,101,295,100,100,0
Denver,101,296,100,100,0
Denver,101,297,100,100,0
Denver,101,3,100,100,0
Denver,101,30,100,100,0
Denver,101,31,100,100,0
Denver,101,32,100,100,0
Denver,101,33,100,100,0
Denver,101,34,100,100,0
Denver,101,35,100,100,0
Denver,101,36,100,100,0
Denver,101,37,100,100,0
Denver,101,38,100,100,0
Denver,101,39,100,100,0
Denver,101,4,100,100,0
Denver,101,40,100,100,0
Denver,101,41,100,100,0
Denver,101,42,100,100,0
Denver,101,43,100,100,0
Denver,101,44,100,100,0
Denver,101,45,100,100,0
Denver,101,46,100,100,0
Denver,101,47,100,100,0
Denver,101,48,100,100,0
Denver,101,49,100,100,0
Denver,101,5,102,102,0
Denver,101,50,100,100,0
Denver,101,51,100,100,0
Denver,101,52,100,100,0
Denver,101,53,100,100,0
Denver,101,54,100,100,0
Denver,101,55,100,100,0
Denver,101,56,100,100,0
Denver,101,57,100,100,0
Denver,101,58,100,100,0
Denver,101,59,100,100,0
Denver,101,6,100,100,0
Denver,101,60,100,100,0
Denver,101,61,100,100,0
Denver,101,62,100,100,0
Denver,101,63,100,100,0
Denver,101,64,100,100,0
Denver,101,65,100,100,0
Denver,101,66,100,100,0
Denver,101,67,100,100,0
Denver,101,68,100,100,0
Denver,101,69,100,100,0
Denver,101,7,100,100,0
Denver,101,70,100,100,0
Denver,101,71,100,100,0
Denver,101,72,100,100,0
Denver,101,73,100,100,0
Denver,101,74,100,100,0
Denver,101,75,100,100,0
Denver,101,76,100,100,0
Denver,101,77,100,100,0
Denver,101,78,100,100,0
Denver,101,79,100,100,0
Denver,101,8,100,100,0
Denver,101,80,100,100,0
Denver,101,81,100,100,0
Denver,101,82,100,100,0
Denver,101,83,100,100,0
Denver,101,84,100,100,0
Denver,101,85,100,100,0
Denver,101,86,100,100,0
Denver,101,87,100,100,0
Denver,101,88,100,100,0
Denver,101,89,100,100,0
Denver,101,9,100,100,0
Denver,101,90,100,100,0
Denver,101,91,100,100,0
Denver,101,92,100,100,0
Denver,101,93,100,100,0
Denver,101,94,100,100,0
Denver,101,95,100,100,0
Denver,101,96,100,100,0
Denver,101,97,100,100,0
Denver,101,98,100,100,0
Denver,101,99,100,100,0
Denver,102,1,100,100,0
Denver,102,10,100,100,0
Denver,102,11,100,100,0
Denver,102,12,100,100,0
Denver,102,13,100,100,0
Denver,102,14,100,100,0
Denver,102,15,100,100,0
Denver,102,16,100,100,0
Denver,102,17,100,100,0
Denver,102,18,100,100,0
Denver,102,19,100,100,0
Denver,102,2,100,100,0
Denver,102,20,100,100,0
Denver,102,21,100,100,0
Denver,102,22,100,100,0
Denver,102,23,100,100,0
Denver,102,24,100,100,0
Denver,102,25,100,100,0
Denver,102,26,100,100,0
Denver,102,27,100,100,0
Denver,102,28,100,100,0
Denver,102,29,100,100,0
Denver,102,3,100,100,0
Denver,102,30,100,100,0
Denver,102,31,100,100,0
Denver,102,32,100,100,0
Denver,102,33,100,100,0
Denver,102,34,100,100,0
Denver,102,35,100,100,0
Denver,102,36,100,100,0
Denver,102,37,100,100,0
Denver,102,38,100,100,0
Denver,102,39,100,100,0
Denver,102,4,100,100,0
Denver,102,40,100,100,0
Denver,102,41,100,100,0
Denver,102,42,100,100,0
Denver,102,43,100,100,0
Denver,102,44,100,100,0
Denver,102,45,100,100,0
Denver,102,46,100,100,0
Denver,102,47,100,100,0
Denver,102,48,100,100,0
Denver,102,49,100,100,0
Denver,102,5,100,100,0
Denver,102,50,100,100,0
Denver,102,51,100,100,0
Denver,102,52,100,100,0
Denver,102,53,100,100,0
Denver,102,54,100,100,0
Denver,102,55,100,100,0
Denver,102,56,100,100,0
Denver,102,57,100,100,0
Denver,102,58,100,100,0
Denver,102,59,100,100,0
Denver,102,6,100,100,0
Denver,102,60,100,100,0
Denver,102,61,100,100,0
Denver,102,63,100,100,0
Denver,102,64,100,100,0
Denver,102,65,100,100,0
Denver,102,66,100,100,0
Denver,102,7,100,100,0
Denver,102,8,100,100,0
Denver,102,9,100,100,0
Denver,103,1,100,100,0
Denver,103,10,100,100,0
Denver,103,100,100,100,0
Denver,103,101,100,100,0
Denver,103,102,100,100,0
Denver,103,103,100,100,0
Denver,103,104,100,100,0
Denver,103,105,100,100,0
Denver,103,106,100,100,0
Denver,103,107,100,100,0
Denver,103,109,100,100,0
Denver,103,11,100,100,0
Denver,103,110,100,100,0
Denver,103,111,100,100,0
Denver,103,112,100,100,0
Denver,103,113,100,100,0
Denver,103,114,100,100,0
Denver,103,115,100,100,0
Denver,103,116,100,100,0
Denver,103,117,100,100,0
Denver,103,118,100,100,0
Denver,103,119,100,100,0
Denver,103,12,100,100,0
Denver,103,120,100,100,0
Denver,103,121,100,100,0
Denver,103,122,100,100,0
Denver,103,123,100,100,0
Denver,103,124,100,100,0
Denver,103,125,100,100,0
Denver,103,126,100,100,0
Denver,103,127,100,100,0
Denver,103,128,100,100,0
Denver,103,129,100,100,0
Denver,103,13,100,100,0
Denver,103,130,100,100,0
Denver,103,131,100,100,0
Denver,103,132,100,100,0
Denver,103,133,100,100,0
Denver,103,134,100,100,0
Denver,103,135,100,100,0
Denver,103,136,100,100,0
Denver,103,137,100,100,0
Denver,103,138,100,100,0
Denver,103,139,100,100,0
Denver,103,14,100,100,0
Denver,103,140,100,100,0
Denver,103,141,100,100,0
Denver,103,142,100,100,0
Denver,103,143,100,100,0
Denver,103,144,100,100,0
Denver,103,145,100,100,0
Denver,103,146,100,100,0
Denver,103,147,100,100,0
Denver,103,148,100,100,0
Denver,103,149,100,100,0
Denver,103,15,100,100,0
Denver,103,150,100,100,0
Denver,103,151,100,100,0
Denver,103,152,100,100,0
Denver,103,153,100,100,0
Denver,103,154,100,100,0
Denver,103,155,100,100,0
Denver,103,156,100,100,0
Denver,103,157,100,100,0
Denver,103,158,100,100,0
Denver,103,159,100,100,0
Denver,103,16,100,100,0
Denver,103,160,100,100,0
Denver,103,161,100,100,0
Denver,103,162,100,100,0
Denver,103,163,100,100,0
Denver,103,164,100,100,0
Denver,103,165,100,100,0
Denver,103,166,100,100,0
Denver,103,167,100,100,0
Denver,103,168,100,100,0
Denver,103,169,100,100,0
Denver,103,17,100,100,0
Denver,103,170,100,100,0
Denver,103,171,100,100,0
Denver,103,172,100,100,0
Denver,103,173,100,100,0
Denver,103,174,100,100,0
Denver,103,175,100,100,0
Denver,103,176,100,100,0
Denver,103,177,100,100,0
Denver,103,178,100,100,0
Denver,103,179,100,100,0
Denver,103,18,100,100,0
Denver,103,180,100,100,0
Denver,103,181,100,100,0
Denver,103,182,100,100,0
Denver,103,183,100,100,0
Denver,103,184,100,100,0
Denver,103,185,100,100,0
Denver,103,186,100,100,0
Denver,103,187,100,100,0
Denver,103,188,100,100,0
Denver,103,189,100,100,0
Denver,103,19,100,100,0
Denver,103,190,100,100,0
Denver,103,191,100,100,0
Denver,103,192,100,100,0
Denver,103,193,100,100,0
Denver,103,194,100,100,0
Denver,103,195,100,100,0
Denver,103,196,100,100,0
Denver,103,197,100,100,0
Denver,103,198,100,100,0
Denver,103,199,100,100,0
Denver,103,2,100,100,0
Denver,103,20,100,100,0
Denver,103,200,100,100,0
Denver,103,201,100,100,0
Denver,103,202,100,100,0
Denver,103,21,100,100,0
Denver,103,22,100,100,0
Denver,103,23,100,100,0
Denver,103,24,100,100,0
Denver,103,25,100,100,0
Denver,103,26,100,100,0
Denver,103,27,100,100,0
Denver,103,28,100,100,0
Denver,103,29,100,100,0
Denver,103,3,100,100,0
Denver,103,30,100,100,0
Denver,103,31,100,100,0
Denver,103,32,100,100,0
Denver,103,33,100,100,0
Denver,103,34,100,100,0
Denver,103,35,100,100,0
Denver,103,36,100,100,0
Denver,103,37,100,100,0
Denver,103,38,100,100,0
Denver,103,39,100,100,0
Denver,103,4,100,100,0
Denver,103,40,100,100,0
Denver,103,41,100,100,0
Denver,103,42,100,100,0
Denver,103,43,100,100,0
Denver,103,44,100,100,0
Denver,103,45,100,100,0
Denver,103,46,100,100,0
Denver,103,47,100,100,0
Denver,103,48,100,100,0
Denver,103,49,100,100,0
Denver,103,5,100,100,0
Denver,103,50,100,100,0
Denver,103,51,100,100,0
Denver,103,52,100,100,0
Denver,103,53,100,100,0
Denver,103,54,100,100,0
Denver,103,55,100,100,0
Denver,103,56,100,100,0
Denver,103,57,100,100,0
Denver,103,58,100,100,0
Denver,103,59,100,100,0
Denver,103,6,100,100,0
Denver,103,60,100,100,0
Denver,103,61,100,100,0
Denver,103,62,100,100,0
Denver,103,63,100,100,0
Denver,103,64,100,100,0
Denver,103,65,100,100,0
Denver,103,66,100,100,0
Denver,103,67,100,100,0
Denver,103,68,100,100,0
Denver,103,69,100,100,0
Denver,103,7,100,100,0
Denver,103,70,100,100,0
Denver,103,71,100,100,0
Denver,103,72,100,100,0
Denver,103,73,100,100,0
Denver,103,74,100,100,0
Denver,103,75,100,100,0
Denver,103,76,100,100,0
Denver,103,77,100,100,0
Denver,103,78,100,100,0
Denver,103,79,100,100,0
Denver,103,8,100,100,0
Denver,103,80,100,100,0
Denver,103,81,100,100,0
Denver,103,82,100,100,0
Denver,103,83,100,100,0
Denver,103,84,100,100,0
Denver,103,85,100,100,0
Denver,103,86,100,100,0
Denver,103,87,100,100,0
Denver,103,88,100,100,0
Denver,103,89,100,100,0
Denver,103,9,100,100,0
Denver,103,90,100,100,0
Denver,103,91,100,100,0
Denver,103,92,100,100,0
Denver,103,93,100,100,0
Denver,103,94,100,100,0
Denver,103,95,100,100,0
Denver,103,96,100,100,0
Denver,103,97,100,100,0
Denver,103,98,100,100,0
Denver,103,99,100,100,0
Denver,104,1,100,100,0
Denver,104,10,100,100,0
Denver,104,100,100,100,0
Denver,104,101,100,100,0
Denver,104,102,100,100,0
Denver,104,103,100,100,0
Denver,104,104,100,100,0
Denver,104,105,100,100,0
Denver,104,106,100,100,0
Denver,104,107,100,100,0
Denver,104,108,100,100,0
Denver,104,109,100,100,0
Denver,104,11,100,100,0
Denver,104,110,100,100,0
Denver,104,111,100,100,0
Denver,104,112,100,100,0
Denver,104,113,100,100,0
Denver,104,114,100,100,0
Denver,104,115,100,100,0
Denver,104,116,100,100,0
Denver,104,117,100,100,0
Denver,104,118,100,100,0
Denver,104,119,100,100,0
Denver,104,12,100,100,0
Denver,104,120,100,100,0
Denver,104,121,100,100,0
Denver,104,122,100,100,0
Denver,104,13,100,100,0
Denver,104,14,100,100,0
Denver,104,15,100,100,0
Denver,104,16,100,100,0
Denver,104,17,100,100,0
Denver,104,18,100,100,0
Denver,104,19,100,100,0
Denver,104,2,100,100,0
Denver,104,20,100,100,0
Denver,104,21,100,100,0
Denver,104,22,100,100,0
Denver,104,23,100,100,0
Denver,104,24,100,100,0
Denver,104,25,100,100,0
Denver,104,26,100,100,0
Denver,104,27,100,100,0
Denver,104,28,100,100,0
Denver,104,29,100,100,0
Denver,104,3,100,100,0
Denver,104,30,100,100,0
Denver,104,31,100,100,0
Denver,104,32,100,100,0
Denver,104,33,100,100,0
Denver,104,35,100,100,0
Denver,104,36,100,100,0
Denver,104,37,100,100,0
Denver,104,38,100,100,0
Denver,104,39,100,100,0
Denver,104,4,100,100,0
Denver,104,40,100,100,0
Denver,104,41,100,100,0
Denver,104,42,100,100,0
Denver,104,43,100,100,0
Denver,104,44,100,100,0
Denver,104,45,100,100,0
Denver,104,46,100,100,0
Denver,104,47,100,100,0
Denver,104,48,100,100,0
Denver,104,49,100,100,0
Denver,104,5,100,100,0
Denver,104,50,100,100,0
Denver,104,51,100,100,0
Denver,104,52,100,100,0
Denver,104,53,100,100,0
Denver,104,54,100,100,0
Denver,104,55,100,100,0
Denver,104,56,100,100,0
Denver,104,57,100,100,0
Denver,104,58,100,100,0
Denver,104,59,100,100,0
Denver,104,6,100,100,0
Denver,104,60,100,100,0
Denver,104,61,100,100,0
Denver,104,62,100,100,0
Denver,104,63,100,100,0
Denver,104,64,100,100,0
Denver,104,65,100,100,0
Denver,104,66,100,100,0
Denver,104,67,100,100,0
Denver,104,68,100,100,0
Denver,104,69,100,100,0
Denver,104,7,100,100,0
Denver,104,70,100,100,0
Denver,104,71,100,100,0
Denver,104,72,100,100,0
Denver,104,73,100,100,0
Denver,104,74,100,100,0
Denver,104,75,100,100,0
Denver,104,76,100,100,0
Denver,104,77,100,100,0
Denver,104,78,100,100,0
Denver,104,79,100,100,0
Denver,104,8,100,100,0
Denver,104,80,100,100,0
Denver,104,81,100,100,0
Denver,104,82,100,100,0
Denver,104,83,100,100,0
Denver,104,84,100,100,0
Denver,104,85,100,100,0
Denver,104,86,100,100,0
Denver,104,87,100,100,0
Denver,104,88,100,100,0
Denver,104,89,100,100,0
Denver,104,9,100,100,0
Denver,104,90,100,100,0
Denver,104,91,100,100,0
Denver,104,92,100,100,0
Denver,104,93,100,100,0
Denver,104,94,100,100,0
Denver,104,95,100,100,0
Denver,104,96,100,100,0
Denver,104,97,100,100,0
Denver,104,98,100,100,0
Denver,104,99,100,100,0
Denver,105,1,100,100,0
Denver,105,10,100,100,0
Denver,105,11,100,100,0
Denver,105,12,100,100,0
Denver,105,13,100,100,0
Denver,105,14,100,100,0
Denver,105,15,100,100,0
Denver,105,16,100,100,0
Denver,105,17,100,100,0
Denver,105,18,100,100,0
Denver,105,19,100,100,0
Denver,105,2,100,100,0
Denver,105,20,100,100,0
Denver,105,21,100,100,0
Denver,105,22,100,100,0
Denver,105,23,100,100,0
Denver,105,24,100,100,0
Denver,105,25,100,100,0
Denver,105,26,100,100,0
Denver,105,27,100,100,0
Denver,105,28,100,100,0
Denver,105,29,100,100,0
Denver,105,3,100,100,0
Denver,105,30,100,100,0
Denver,105,31,100,100,0
Denver,105,32,100,100,0
Denver,105,33,100,100,0
Denver,105,4,100,100,0
Denver,105,5,100,100,0
Denver,105,6,100,100,0
Denver,105,7,100,100,0
Denver,105,8,100,100,0
Denver,105,9,100,100,0
Denver,106,1,100,100,0
Denver,106,10,100,100,0
Denver,106,11,100,100,0
Denver,106,12,100,100,0
Denver,106,13,100,100,0
Denver,106,14,100,100,0
Denver,106,15,100,100,0
Denver,106,16,100,100,0
Denver,106,17,100,100,0
Denver,106,18,100,100,0
Denver,106,19,100,100,0
Denver,106,2,100,100,0
Denver,106,20,100,100,0
Denver,106,21,100,100,0
Denver,106,22,100,100,0
Denver,106,23,100,100,0
Denver,106,24,100,100,0
Denver,106,25,100,100,0
Denver,106,26,100,100,0
Denver,106,27,100,100,0
Denver,106,28,100,100,0
Denver,106,29,100,100,0
Denver,106,3,100,100,0
Denver,106,30,100,100,0
Denver,106,31,100,100,0
Denver,106,32,100,100,0
Denver,106,4,100,100,0
Denver,106,5,100,100,0
Denver,106,6,100,100,0
Denver,106,7,100,100,0
Denver,106,8,100,100,0
Denver,106,9,100,100,0
Denver,107,1,100,100,0
Denver,107,10,100,100,0
Denver,107,11,101,101,0
Denver,107,12,100,100,0
Denver,107,13,100,100,0
Denver,107,14,100,100,0
Denver,107,15,100,100,0
Denver,107,16,100,100,0
Denver,107,17,100,100,0
Denver,107,18,100,100,0
Denver,107,19,100,100,0
Denver,107,2,100,100,0
Denver,107,20,100,100,0
Denver,107,21,100,100,0
Denver,107,22,100,100,0
Denver,107,23,100,100,0
Denver,107,24,100,100,0
Denver,107,25,100,100,0
Denver,107,26,100,100,0
Denver,107,27,100,100,0
Denver,107,28,100,100,0
Denver,107,29,100,100,0
Denver,107,3,101,101,0
Denver,107,30,100,100,0
Denver,107,31,100,100,0
Denver,107,32,100,100,0
Denver,107,33,100,100,0
Denver,107,34,100,100,0
Denver,107,35,100,100,0
Denver,107,36,100,100,0
Denver,107,37,100,100,0
Denver,107,38,100,100,0
Denver,107,39,100,100,0
Denver,107,4,100,100,0
Denver,107,40,100,100,0
Denver,107,41,100,100,0
Denver,107,42,100,100,0
Denver,107,43,100,100,0
Denver,107,44,100,100,0
Denver,107,45,100,100,0
Denver,107,46,100,100,0
Denver,107,47,100,100,0
Denver,107,48,100,100,0
Denver,107,49,100,100,0
Denver,107,5,100,100,0
Denver,107,50,100,100,0
Denver,107,51,100,100,0
Denver,107,52,100,100,0
Denver,107,53,100,100,0
Denver,107,54,100,100,0
Denver,107,55,100,100,0
Denver,107,56,100,100,0
Denver,107,57,100,100,0
Denver,107,58,100,100,0
Denver,107,59,100,100,0
Denver,107,6,100,100,0
Denver,107,60,100,100,0
Denver,107,61,100,100,0
Denver,107,62,100,100,0
Denver,107,63,100,100,0
Denver,107,64,100,100,0
Denver,107,65,100,100,0
Denver,107,66,100,100,0
Denver,107,67,100,100,0
Denver,107,68,100,100,0
Denver,107,69,100,100,0
Denver,107,7,100,100,0
Denver,107,70,100,100,0
Denver,107,71,100,100,0
Denver,107,72,100,100,0
Denver,107,73,100,100,0
Denver,107,74,100,100,0
Denver,107,75,100,100,0
Denver,107,76,100,100,0
Denver,107,77,100,100,0
Denver,107,78,100,100,0
Denver,107,79,100,100,0
Denver,107,8,100,100,0
Denver,107,80,100,100,0
Denver,107,81,100,100,0
Denver,107,82,100,100,0
Denver,107,83,100,100,0
Denver,107,84,100,100,0
Denver,107,85,100,100,0
Denver,107,86,100,100,0
Denver,107,87,100,100,0
Denver,107,88,100,100,0
Denver,107,89,100,100,0
Denver,107,9,100,100,0
Denver,107,90,100,100,0
Denver,108,1,100,100,0
Denver,108,10,100,100,0
Denver,108,100,100,100,0
Denver,108,101,100,100,0
Denver,108,102,100,100,0
Denver,108,103,100,100,0
Denver,108,104,100,100,0
Denver,108,105,100,100,0
Denver,108,106,100,100,0
Denver,108,107,100,100,0
Denver,108,108,100,100,0
Denver,108,109,100,100,0
Denver,108,11,100,100,0
Denver,108,110,100,100,0
Denver,108,111,100,100,0
Denver,108,112,100,100,0
Denver,108,113,100,100,0
Denver,108,114,100,100,0
Denver,108,115,100,100,0
Denver,108,116,100,100,0
Denver,108,117,100,100,0
Denver,108,118,100,100,0
Denver,108,119,100,100,0
Denver,108,12,100,100,0
Denver,108,120,100,100,0
Denver,108,121,100,100,0
Denver,108,122,100,100,0
Denver,108,123,100,100,0
Denver,108,124,100,100,0
Denver,108,125,100,100,0
Denver,108,126,100,100,0
Denver,108,127,100,100,0
Denver,108,128,100,100,0
Denver,108,129,100,100,0
Denver,108,13,100,100,0
Denver,108,130,100,100,0
Denver,108,131,100,100,0
Denver,108,132,100,100,0
Denver,108,133,100,100,0
Denver,108,134,100,100,0
Denver,108,135,100,100,0
Denver,108,136,100,100,0
Denver,108,137,100,100,0
Denver,108,138,100,100,0
Denver,108,139,100,100,0
Denver,108,14,100,100,0
Denver,108,140,100,100,0
Denver,108,141,100,100,0
Denver,108,142,100,100,0
Denver,108,143,100,100,0
Denver,108,144,100,100,0
Denver,108,145,100,100,0
Denver,108,146,100,100,0
Denver,108,147,100,100,0
Denver,108,148,100,100,0
Denver,108,149,100,100,0
Denver,108,15,100,100,0
Denver,108,150,100,100,0
Denver,108,151,100,100,0
Denver,108,152,100,100,0
Denver,108,153,100,100,0
Denver,108,154,100,100,0
Denver,108,155,101,101,0
Denver,108,156,100,100,0
Denver,108,157,100,100,0
Denver,108,158,100,100,0
Denver,108,159,100,100,0
Denver,108,16,100,100,0
Denver,108,160,100,100,0
Denver,108,161,100,100,0
Denver,108,162,100,100,0
Denver,108,163,100,100,0
Denver,108,164,100,100,0
Denver,108,165,100,100,0
Denver,108,166,100,100,0
Denver,108,167,100,100,0
Denver,108,168,100,100,0
Denver,108,169,100,100,0
Denver,108,17,100,100,0
Denver,108,170,100,100,0
Denver,108,171,100,100,0
Denver,108,172,100,100,0
Denver,108,173,100,100,0
Denver,108,174,100,100,0
Denver,108,175,100,100,0
Denver,108,176,100,100,0
Denver,108,177,100,100,0
Denver,108,178,100,100,0
Denver,108,179,100,100,0
Denver,108,18,100,100,0
Denver,108,180,100,100,0
Denver,108,181,100,100,0
Denver,108,182,100,100,0
Denver,108,183,100,100,0
Denver,108,184,100,100,0
Denver,108,185,100,100,0
Denver,108,186,100,100,0
Denver,108,187,100,100,0
Denver,108,188,100,100,0
Denver,108,189,100,100,0
Denver,108,19,100,100,0
Denver,108,190,100,100,0
Denver,108,191,100,100,0
Denver,108,192,100,100,0
Denver,108,193,100,100,0
Denver,108,194,100,100,0
Denver,108,195,100,100,0
Denver,108,196,100,100,0
Denver,108,197,100,100,0
Denver,108,198,100,100,0
Denver,108,199,100,100,0
Denver,108,2,100,100,0
Denver,108,20,100,100,0
Denver,108,200,100,100,0
Denver,108,201,100,100,0
Denver,108,202,100,100,0
Denver,108,203,100,100,0
Denver,108,204,100,100,0
Denver,108,205,100,100,0
Denver,108,206,101,101,0
Denver,108,207,100,100,0
Denver,108,208,100,100,0
Denver,108,209,100,100,0
Denver,108,21,100,100,0
Denver,108,210,100,100,0
Denver,108,211,100,100,0
Denver,108,212,100,100,0
Denver,108,213,100,100,0
Denver,108,214,100,100,0
Denver,108,215,100,100,0
Denver,108,216,100,100,0
Denver,108,217,100,100,0
Denver,108,218,100,100,0
Denver,108,219,100,100,0
Denver,108,22,100,100,0
Denver,108,220,100,100,0
Denver,108,221,100,100,0
Denver,108,222,100,100,0
Denver,108,223,100,100,0
Denver,108,224,100,100,0
Denver,108,225,100,100,0
Denver,108,226,100,100,0
Denver,108,227,100,100,0
Denver,108,228,100,100,0
Denver,108,229,100,100,0
Denver,108,23,100,100,0
Denver,108,230,100,100,0
Denver,108,231,100,100,0
Denver,108,232,100,100,0
Denver,108,233,100,100,0
Denver,108,234,100,100,0
Denver,108,235,100,100,0
Denver,108,236,100,100,0
Denver,108,237,100,100,0
Denver,108,238,100,100,0
Denver,108,239,100,100,0
Denver,108,24,100,100,0
Denver,108,240,100,100,0
Denver,108,241,100,100,0
Denver,108,242,100,100,0
Denver,108,243,100,100,0
Denver,108,244,100,100,0
Denver,108,245,100,100,0
Denver,108,246,100,100,0
Denver,108,247,100,100,0
Denver,108,248,100,100,0
Denver,108,249,100,100,0
Denver,108,25,100,100,0
Denver,108,250,100,100,0
Denver,108,251,100,100,0
Denver,108,252,100,100,0
Denver,108,253,100,100,0
Denver,108,254,100,100,0
Denver,108,255,100,100,0
Denver,108,256,100,100,0
Denver,108,257,100,100,0
Denver,108,258,100,100,0
Denver,108,259,100,100,0
Denver,108,26,100,100,0
Denver,108,27,100,100,0
Denver,108,28,100,100,0
Denver,108,29,100,100,0
Denver,108,3,100,100,0
Denver,108,30,100,100,0
Denver,108,31,100,100,0
Denver,108,32,100,100,0
Denver,108,33,100,100,0
Denver,108,34,100,100,0
Denver,108,35,100,100,0
Denver,108,36,100,100,0
Denver,108,37,100,100,0
Denver,108,38,100,100,0
Denver,108,39,100,100,0
Denver,108,4,100,100,0
Denver,108,40,100,100,0
Denver,108,41,100,100,0
Denver,108,42,100,100,0
Denver,108,43,100,100,0
Denver,108,44,100,100,0
Denver,108,45,100,100,0
Denver,108,46,100,100,0
Denver,108,47,100,100,0
Denver,108,48,100,100,0
Denver,108,49,100,100,0
Denver,108,5,100,100,0
Denver,108,50,100,100,0
Denver,108,51,100,100,0
Denver,108,52,100,100,0
Denver,108,53,100,100,0
Denver,108,54,100,100,0
Denver,108,55,100,100,0
Denver,108,56,100,100,0
Denver,108,57,100,100,0
Denver,108,58,100,100,0
Denver,108,59,100,100,0
Denver,108,6,100,100,0
Denver,108,60,100,100,0
Denver,108,61,100,100,0
Denver,108,62,100,100,0
Denver,108,63,100,100,0
Denver,108,64,100,100,0
Denver,108,65,100,100,0
Denver,108,66,100,100,0
Denver,108,67,100,100,0
Denver,108,68,100,100,0
Denver,108,69,100,100,0
Denver,108,7,100,100,0
Denver,108,70,100,100,0
Denver,108,71,100,100,0
Denver,108,72,100,100,0
Denver,108,73,100,100,0
Denver,108,74,100,100,0
Denver,108,75,100,100,0
Denver,108,76,100,100,0
Denver,108,77,100,100,0
Denver,108,78,100,100,0
Denver,108,79,100,100,0
Denver,108,8,100,100,0
Denver,108,80,100,100,0
Denver,108,81,100,100,0
Denver,108,82,100,100,0
Denver,108,83,100,100,0
Denver,108,84,100,100,0
Denver,108,85,100,100,0
Denver,108,86,100,100,0
Denver,108,87,100,100,0
Denver,108,88,100,100,0
Denver,108,89,100,100,0
Denver,108,9,100,100,0
Denver,108,90,100,100,0
Denver,108,91,100,100,0
Denver,108,92,100,100,0
Denver,108,93,100,100,0
Denver,108,94,100,100,0
Denver,108,95,100,100,0
Denver,108,96,100,100,0
Denver,108,97,100,100,0
Denver,108,98,100,100,0
Denver,108,99,100,100,0
Denver,109,1,100,100,0
Denver,109,10,100,100,0
Denver,109,11,100,100,0
Denver,109,12,100,100,0
Denver,109,13,100,100,0
Denver,109,14,100,100,0
Denver,109,15,100,100,0
Denver,109,16,100,100,0
Denver,109,17,100,100,0
Denver,109,18,100,100,0
Denver,109,19,100,100,0
Denver,109,2,100,100,0
Denver,109,20,100,100,0
Denver,109,21,100,100,0
Denver,109,22,100,100,0
Denver,109,23,100,100,0
Denver,109,24,100,100,0
Denver,109,25,100,100,0
Denver,109,26,100,100,0
Denver,109,27,100,100,0
Denver,109,28,100,100,0
Denver,109,29,100,100,0
Denver,109,3,100,100,0
Denver,109,30,100,100,0
Denver,109,31,100,100,0
Denver,109,32,100,100,0
Denver,109,33,100,100,0
Denver,109,34,100,100,0
Denver,109,35,100,100,0
Denver,109,36,100,100,0
Denver,109,37,100,100,0
Denver,109,38,100,100,0
Denver,109,39,100,100,0
Denver,109,4,100,100,0
Denver,109,40,100,100,0
Denver,109,41,100,100,0
Denver,109,42,100,100,0
Denver,109,43,100,100,0
Denver,109,44,100,100,0
Denver,109,45,100,100,0
Denver,109,46,100,100,0
Denver,109,47,100,100,0
Denver,109,48,100,100,0
Denver,109,49,100,100,0
Denver,109,5,100,100,0
Denver,109,50,100,100,0
Denver,109,51,100,100,0
Denver,109,52,100,100,0
Denver,109,53,100,100,0
Denver,109,54,100,100,0
Denver,109,55,100,100,0
Denver,109,56,100,100,0
Denver,109,57,100,100,0
Denver,109,58,100,100,0
Denver,109,59,100,100,0
Denver,109,6,100,100,0
Denver,109,60,100,100,0
Denver,109,61,100,100,0
Denver,109,62,100,100,0
Denver,109,63,100,100,0
Denver,109,64,100,100,0
Denver,109,65,100,100,0
Denver,109,66,100,100,0
Denver,109,67,100,100,0
Denver,109,68,100,100,0
Denver,109,69,100,100,0
Denver,109,7,100,100,0
Denver,109,70,100,100,0
Denver,109,71,100,100,0
Denver,109,72,100,100,0
Denver,109,73,100,100,0
Denver,109,74,100,100,0
Denver,109,75,100,100,0
Denver,109,76,100,100,0
Denver,109,77,100,100,0
Denver,109,78,100,100,0
Denver,109,79,100,100,0
Denver,109,8,100,100,0
Denver,109,80,100,100,0
Denver,109,81,100,100,0
Denver,109,82,100,100,0
Denver,109,83,100,100,0
Denver,109,84,100,100,0
Denver,109,85,100,100,0
Denver,109,86,100,100,0
Denver,109,87,100,100,0
Denver,109,88,100,100,0
Denver,109,89,100,100,0
Denver,109,9,100,100,0
Denver,109,90,100,100,0
Denver,109,91,100,100,0
Denver,109,92,100,100,0
Denver,109,93,100,100,0
Denver,109,94,100,100,0
Denver,109,95,100,100,0
Denver,110,1,100,100,0
Denver,110,10,100,100,0
Denver,110,11,100,100,0
Denver,110,12,100,100,0
Denver,110,13,100,100,0
Denver,110,14,100,100,0
Denver,110,15,100,100,0
Denver,110,16,100,100,0
Denver,110,17,100,100,0
Denver,110,18,100,100,0
Denver,110,19,100,100,0
Denver,110,2,100,100,0
Denver,110,20,100,100,0
Denver,110,21,100,100,0
Denver,110,22,100,100,0
Denver,110,23,100,100,0
Denver,110,24,100,100,0
Denver,110,25,100,100,0
Denver,110,26,100,100,0
Denver,110,27,100,100,0
Denver,110,28,100,100,0
Denver,110,29,100,100,0
Denver,110,3,100,100,0
Denver,110,30,100,100,0
Denver,110,31,100,100,0
Denver,110,32,100,100,0
Denver,110,33,100,100,0
Denver,110,34,100,100,0
Denver,110,35,100,100,0
Denver,110,36,100,100,0
Denver,110,37,100,100,0
Denver,110,38,100,100,0
Denver,110,39,100,100,0
Denver,110,4,100,100,0
Denver,110,40,100,100,0
Denver,110,41,100,100,0
Denver,110,42,100,100,0
Denver,110,43,100,100,0
Denver,110,44,100,100,0
Denver,110,45,100,100,0
Denver,110,46,100,100,0
Denver,110,47,100,100,0
Denver,110,48,100,100,0
Denver,110,49,100,100,0
Denver,110,5,100,100,0
Denver,110,50,100,100,0
Denver,110,51,100,100,0
Denver,110,52,100,100,0
Denver,110,53,100,100,0
Denver,110,54,100,100,0
Denver,110,55,100,100,0
Denver,110,56,100,100,0
Denver,110,57,100,100,0
Denver,110,58,100,100,0
Denver,110,59,60,60,0
Denver,110,6,100,100,0
Denver,110,60,100,100,0
Denver,110,61,100,100,0
Denver,110,62,100,100,0
Denver,110,63,100,100,0
Denver,110,64,100,100,0
Denver,110,65,100,100,0
Denver,110,66,100,100,0
Denver,110,67,100,100,0
Denver,110,68,100,100,0
Denver,110,69,100,100,0
Denver,110,7,100,100,0
Denver,110,70,55,55,0
Denver,110,71,100,100,0
Denver,110,72,100,100,0
Denver,110,73,99,99,0
Denver,110,74,100,100,0
Denver,110,75,100,100,0
Denver,110,76,100,100,0
Denver,110,77,100,100,0
Denver,110,79,36,36,0
Denver,110,8,100,100,0
Denver,110,9,100,100,0
Denver,111,1,100,100,0
Denver,111,10,100,100,0
Denver,111,100,100,100,0
Denver,111,101,100,100,0
Denver,111,102,100,100,0
Denver,111,103,100,100,0
Denver,111,104,100,100,0
Denver,111,105,100,100,0
Denver,111,106,100,100,0
Denver,111,107,100,100,0
Denver,111,108,100,100,0
Denver,111,109,100,100,0
Denver,111,11,100,100,0
Denver,111,110,100,100,0
Denver,111,111,100,100,0
Denver,111,112,100,100,0
Denver,111,113,100,100,0
Denver,111,114,100,100,0
Denver,111,115,100,100,0
Denver,111,116,100,100,0
Denver,111,117,100,100,0
Denver,111,118,100,100,0
Denver,111,119,100,100,0
Denver,111,12,100,100,0
Denver,111,120,100,100,0
Denver,111,121,100,100,0
Denver,111,122,100,100,0
Denver,111,123,100,100,0
Denver,111,124,100,100,0
Denver,111,125,100,100,0
Denver,111,126,100,100,0
Denver,111,127,100,100,0
Denver,111,128,100,100,0
Denver,111,129,100,100,0
Denver,111,13,100,100,0
Denver,111,130,100,100,0
Denver,111,131,100,100,0
Denver,111,132,100,100,0
Denver,111,133,100,100,0
Denver,111,134,100,100,0
Denver,111,135,100,100,0
Denver,111,136,100,100,0
Denver,111,137,100,100,0
Denver,111,138,100,100,0
Denver,111,139,100,100,0
Denver,111,14,100,100,0
Denver,111,140,100,100,0
Denver,111,141,100,100,0
Denver,111,142,100,100,0
Denver,111,143,100,100,0
Denver,111,144,100,100,0
Denver,111,145,100,100,0
Denver,111,146,100,100,0
Denver,111,147,100,100,0
Denver,111,148,100,100,0
Denver,111,149,34,34,0
Denver,111,15,100,100,0
Denver,111,150,100,100,0
Denver,111,151,100,100,0
Denver,111,152,116,116,0
Denver,111,16,100,100,0
Denver,111,17,100,100,0
Denver,111,18,100,100,0
Denver,111,19,100,100,0
Denver,111,2,100,100,0
Denver,111,20,100,100,0
Denver,111,21,100,100,0
Denver,111,22,100,100,0
Denver,111,23,100,100,0
Denver,111,24,100,100,0
Denver,111,25,100,100,0
Denver,111,26,100,100,0
Denver,111,27,100,100,0
Denver,111,28,100,100,0
Denver,111,29,100,100,0
Denver,111,3,100,100,0
Denver,111,30,100,100,0
Denver,111,31,100,100,0
Denver,111,32,100,100,0
Denver,111,33,100,100,0
Denver,111,34,100,100,0
Denver,111,35,100,100,0
Denver,111,36,100,100,0
Denver,111,37,100,100,0
Denver,111,38,100,100,0
Denver,111,39,100,100,0
Denver,111,4,100,100,0
Denver,111,40,100,100,0
Denver,111,41,100,100,0
Denver,111,42,100,100,0
Denver,111,43,100,100,0
Denver,111,44,100,100,0
Denver,111,45,100,100,0
Denver,111,46,100,100,0
Denver,111,47,100,100,0
Denver,111,48,100,100,0
Denver,111,49,100,100,0
Denver,111,5,100,100,0
Denver,111,50,100,100,0
Denver,111,51,100,100,0
Denver,111,52,100,100,0
Denver,111,53,100,100,0
Denver,111,54,100,100,0
Denver,111,55,100,100,0
Denver,111,56,100,100,0
Denver,111,57,100,100,0
Denver,111,58,100,100,0
Denver,111,59,100,100,0
Denver,111,6,100,100,0
Denver,111,60,100,100,0
Denver,111,61,100,100,0
Denver,111,62,100,100,0
Denver,111,63,100,100,0
Denver,111,64,100,100,0
Denver,111,65,100,100,0
Denver,111,66,100,100,0
Denver,111,67,100,100,0
Denver,111,68,100,100,0
Denver,111,69,100,100,0
Denver,111,7,100,100,0
Denver,111,70,100,100,0
Denver,111,71,100,100,0
Denver,111,72,100,100,0
Denver,111,73,100,100,0
Denver,111,74,100,100,0
Denver,111,75,100,100,0
Denver,111,76,100,100,0
Denver,111,77,100,100,0
Denver,111,78,100,100,0
Denver,111,79,100,100,0
Denver,111,8,100,100,0
Denver,111,80,100,100,0
Denver,111,81,100,100,0
Denver,111,82,100,100,0
Denver,111,83,100,100,0
Denver,111,84,100,100,0
Denver,111,85,100,100,0
Denver,111,86,100,100,0
Denver,111,87,100,100,0
Denver,111,88,100,100,0
Denver,111,89,100,100,0
Denver,111,9,100,100,0
Denver,111,90,100,100,0
Denver,111,91,100,100,0
Denver,111,92,100,100,0
Denver,111,93,100,100,0
Denver,111,94,100,100,0
Denver,111,95,100,100,0
Denver,111,96,100,100,0
Denver,111,97,100,100,0
Denver,111,98,100,100,0
Denver,111,99,100,100,0
Denver,112,1,100,100,0
Denver,112,10,100,100,0
Denver,112,100,100,100,0
Denver,112,101,100,100,0
Denver,112,102,100,100,0
Denver,112,103,100,100,0
Denver,112,104,100,100,0
Denver,112,105,100,100,0
Denver,112,106,100,100,0
Denver,112,107,100,100,0
Denver,112,108,100,100,0
Denver,112,109,100,100,0
Denver,112,11,100,100,0
Denver,112,110,100,100,0
Denver,112,111,100,100,0
Denver,112,112,100,100,0
Denver,112,113,100,100,0
Denver,112,114,100,100,0
Denver,112,115,100,100,0
Denver,112,116,100,100,0
Denver,112,117,100,100,0
Denver,112,118,100,100,0
Denver,112,119,100,100,0
Denver,112,12,100,100,0
Denver,112,120,100,100,0
Denver,112,121,100,100,0
Denver,112,122,100,100,0
Denver,112,123,100,100,0
Denver,112,124,100,100,0
Denver,112,125,100,100,0
Denver,112,126,100,100,0
Denver,112,127,100,100,0
Denver,112,128,100,100,0
Denver,112,129,100,100,0
Denver,112,13,100,100,0
Denver,112,130,100,100,0
Denver,112,131,100,100,0
Denver,112,132,100,100,0
Denver,112,133,100,100,0
Denver,112,134,100,100,0
Denver,112,135,100,100,0
Denver,112,136,100,100,0
Denver,112,137,100,100,0
Denver,112,138,100,100,0
Denver,112,139,100,100,0
Denver,112,14,100,100,0
Denver,112,140,100,100,0
Denver,112,141,100,100,0
Denver,112,142,100,100,0
Denver,112,144,100,100,0
Denver,112,145,100,100,0
Denver,112,146,100,100,0
Denver,112,147,100,100,0
Denver,112,148,100,100,0
Denver,112,149,100,100,0
Denver,112,15,100,100,0
Denver,112,150,100,100,0
Denver,112,151,100,100,0
Denver,112,152,100,100,0
Denver,112,153,100,100,0
Denver,112,154,100,100,0
Denver,112,155,100,100,0
Denver,112,156,100,100,0
Denver,112,157,100,100,0
Denver,112,158,100,100,0
Denver,112,159,100,100,0
Denver,112,16,100,100,0
Denver,112,160,100,100,0
Denver,112,161,100,100,0
Denver,112,162,100,100,0
Denver,112,163,100,100,0
Denver,112,164,100,100,0
Denver,112,165,100,100,0
Denver,112,166,100,100,0
Denver,112,167,100,100,0
Denver,112,168,100,100,0
Denver,112,169,100,100,0
Denver,112,17,100,100,0
Denver,112,170,100,100,0
Denver,112,171,100,100,0
Denver,112,172,100,100,0
Denver,112,173,100,100,0
Denver,112,174,100,100,0
Denver,112,175,101,101,0
Denver,112,176,100,100,0
Denver,112,177,100,100,0
Denver,112,178,100,100,0
Denver,112,179,100,100,0
Denver,112,18,100,100,0
Denver,112,19,100,100,0
Denver,112,2,100,100,0
Denver,112,20,100,100,0
Denver,112,21,100,100,0
Denver,112,22,100,100,0
Denver,112,23,100,100,0
Denver,112,24,100,100,0
Denver,112,25,100,100,0
Denver,112,26,100,100,0
Denver,112,27,100,100,0
Denver,112,28,100,100,0
Denver,112,29,100,100,0
Denver,112,3,100,100,0
Denver,112,30,100,100,0
Denver,112,31,100,100,0
Denver,112,32,100,100,0
Denver,112,33,100,100,0
Denver,112,34,100,100,0
Denver,112,35,100,100,0
Denver,112,36,100,100,0
Denver,112,37,100,100,0
Denver,112,38,100,100,0
Denver,112,39,100,100,0
Denver,112,4,100,100,0
Denver,112,40,100,100,0
Denver,112,41,100,100,0
Denver,112,42,100,100,0
Denver,112,43,100,100,0
Denver,112,44,100,100,0
Denver,112,45,100,100,0
Denver,112,46,100,100,0
Denver,112,47,100,100,0
Denver,112,48,100,100,0
Denver,112,49,100,100,0
Denver,112,5,100,100,0
Denver,112,50,100,100,0
Denver,112,51,100,100,0
Denver,112,52,100,100,0
Denver,112,53,100,100,0
Denver,112,54,100,100,0
Denver,112,55,100,100,0
Denver,112,56,100,100,0
Denver,112,57,100,100,0
Denver,112,58,100,100,0
Denver,112,59,100,100,0
Denver,112,6,100,100,0
Denver,112,60,100,100,0
Denver,112,61,100,100,0
Denver,112,62,100,100,0
Denver,112,63,100,100,0
Denver,112,64,100,100,0
Denver,112,65,100,100,0
Denver,112,66,100,100,0
Denver,112,67,100,100,0
Denver,112,68,100,100,0
Denver,112,69,100,100,0
Denver,112,7,100,100,0
Denver,112,70,100,100,0
Denver,112,71,100,100,0
Denver,112,72,100,100,0
Denver,112,73,100,100,0
Denver,112,74,100,100,0
Denver,112,75,100,100,0
Denver,112,76,100,100,0
Denver,112,77,100,100,0
Denver,112,78,100,100,0
Denver,112,79,100,100,0
Denver,112,8,100,100,0
Denver,112,80,100,100,0
Denver,112,81,100,100,0
Denver,112,82,100,100,0
Denver,112,83,100,100,0
Denver,112,84,100,100,0
Denver,112,85,100,100,0
Denver,112,86,100,100,0
Denver,112,87,100,100,0
Denver,112,88,100,100,0
Denver,112,89,100,100,0
Denver,112,9,100,100,0
Denver,112,90,100,100,0
Denver,112,91,100,100,0
Denver,112,92,100,100,0
Denver,112,93,100,100,0
Denver,112,94,100,100,0
Denver,112,95,100,100,0
Denver,112,96,100,100,0
Denver,112,97,100,100,0
Denver,112,98,100,100,0
Denver,112,99,100,100,0
Denver,113,1,100,100,0
Denver,113,10,100,100,0
Denver,113,11,100,100,0
Denver,113,12,100,100,0
Denver,113,13,100,100,0
Denver,113,14,100,100,0
Denver,113,15,100,100,0
Denver,113,16,100,100,0
Denver,113,17,100,100,0
Denver,113,18,100,100,0
Denver,113,19,100,100,0
Denver,113,2,100,100,0
Denver,113,20,100,100,0
Denver,113,21,100,100,0
Denver,113,22,100,100,0
Denver,113,23,100,100,0
Denver,113,24,100,100,0
Denver,113,25,100,100,0
Denver,113,26,100,100,0
Denver,113,27,100,100,0
Denver,113,28,100,100,0
Denver,113,29,100,100,0
Denver,113,3,100,100,0
Denver,113,30,100,100,0
Denver,113,31,100,100,0
Denver,113,32,100,100,0
Denver,113,33,100,100,0
Denver,113,34,100,100,0
Denver,113,35,100,100,0
Denver,113,36,100,100,0
Denver,113,37,100,100,0
Denver,113,38,100,100,0
Denver,113,39,100,100,0
Denver,113,4,100,100,0
Denver,113,40,100,100,0
Denver,113,41,100,100,0
Denver,113,42,100,100,0
Denver,113,43,100,100,0
Denver,113,44,100,100,0
Denver,113,45,100,100,0
Denver,113,46,100,100,0
Denver,113,47,100,100,0
Denver,113,48,100,100,0
Denver,113,49,100,100,0
Denver,113,5,100,100,0
Denver,113,50,100,100,0
Denver,113,51,100,100,0
Denver,113,52,100,100,0
Denver,113,53,100,100,0
Denver,113,54,100,100,0
Denver,113,55,100,100,0
Denver,113,56,100,100,0
Denver,113,57,100,100,0
Denver,113,58,100,100,0
Denver,113,59,100,100,0
Denver,113,6,100,100,0
Denver,113,60,100,100,0
Denver,113,61,100,100,0
Denver,113,62,100,100,0
Denver,113,63,100,100,0
Denver,113,64,100,100,0
Denver,113,65,46,46,0
Denver,113,66,100,100,0
Denver,113,67,100,100,0
Denver,113,68,100,100,0
Denver,113,69,100,100,0
Denver,113,7,100,100,0
Denver,113,70,100,100,0
Denver,113,71,100,100,0
Denver,113,72,100,100,0
Denver,113,73,100,100,0
Denver,113,74,100,100,0
Denver,113,75,100,100,0
Denver,113,76,100,100,0
Denver,113,77,100,100,0
Denver,113,78,100,100,0
Denver,113,79,100,100,0
Denver,113,8,100,100,0
Denver,113,80,100,100,0
Denver,113,81,100,100,0
Denver,113,9,100,100,0
Denver,114,1,100,100,0
Denver,114,10,100,100,0
Denver,114,11,100,100,0
Denver,114,12,100,100,0
Denver,114,13,100,100,0
Denver,114,14,100,100,0
Denver,114,15,100,100,0
Denver,114,16,100,100,0
Denver,114,17,100,100,0
Denver,114,18,100,100,0
Denver,114,19,100,100,0
Denver,114,2,100,100,0
Denver,114,20,100,100,0
Denver,114,21,100,100,0
Denver,114,22,100,100,0
Denver,114,23,100,100,0
Denver,114,24,100,100,0
Denver,114,25,100,100,0
Denver,114,26,100,100,0
Denver,114,27,100,100,0
Denver,114,28,100,100,0
Denver,114,29,100,100,0
Denver,114,3,100,100,0
Denver,114,30,100,100,0
Denver,114,31,100,100,0
Denver,114,32,101,101,0
Denver,114,33,100,100,0
Denver,114,34,100,100,0
Denver,114,35,100,100,0
Denver,114,36,100,100,0
Denver,114,37,100,100,0
Denver,114,38,100,100,0
Denver,114,39,100,100,0
Denver,114,4,100,100,0
Denver,114,40,100,100,0
Denver,114,41,100,100,0
Denver,114,5,100,100,0
Denver,114,6,100,100,0
Denver,114,7,100,100,0
Denver,114,8,100,100,0
Denver,114,9,100,100,0
Denver,120,10,83,83,0
Denver,120,11,100,100,0
Denver,120,12,100,100,0
Denver,120,13,100,100,0
Denver,120,14,100,100,0
Denver,120,19,100,100,0
Denver,120,2,61,61,0
Denver,120,20,100,100,0
Denver,120,21,100,100,0
Denver,120,22,100,100,0
Denver,120,23,100,100,0
Denver,120,24,100,100,0
Denver,120,25,100,100,0
Denver,120,26,100,100,0
Denver,120,27,100,100,0
Denver,120,28,100,100,0
Denver,120,29,100,100,0
Denver,120,3,100,100,0
Denver,120,30,100,100,0
Denver,120,31,100,100,0
Denver,120,32,100,100,0
Denver,120,33,100,100,0
Denver,120,34,100,100,0
Denver,120,35,100,100,0
Denver,120,36,100,100,0
Denver,120,37,100,100,0
Denver,120,38,100,100,0
Denver,120,39,100,100,0
Denver,120,4,100,100,0
Denver,120,40,100,100,0
Denver,120,41,100,100,0
Denver,120,42,100,100,0
Denver,120,43,100,100,0
Denver,120,44,100,100,0
Denver,120,45,100,100,0
Denver,120,46,100,100,0
Denver,120,47,100,100,0
Denver,120,48,100,100,0
Denver,120,49,100,100,0
Denver,120,5,100,100,0
Denver,120,50,100,100,0
Denver,120,51,100,100,0
Denver,120,52,98,98,0
Denver,120,53,100,100,0
Denver,120,54,100,100,0
Denver,120,55,100,100,0
Denver,120,56,100,100,0
Denver,120,57,100,100,0
Denver,120,58,100,100,0
Denver,120,59,100,100,0
Denver,120,6,100,100,0
Denver,120,60,100,100,0
Denver,120,61,70,70,0
Denver,120,62,100,100,0
Denver,120,63,100,100,0
Denver,120,64,100,100,0
Denver,120,65,100,100,0
Denver,120,66,100,100,0
Denver,120,7,100,100,0
Denver,120,8,100,100,0
Denver,120,9,100,100,0
Dolores,102,1,24,24,0
Dolores,102,10,25,25,0
Dolores,102,11,25,25,0
Dolores,102,12,25,25,0
Dolores,102,13,25,25,0
Dolores,102,14,25,25,0
Dolores,102,15,25,25,0
Dolores,102,16,25,25,0
Dolores,102,17,25,25,0
Dolores,102,18,21,21,0
Dolores,102,19,25,25,0
Dolores,102,2,25,25,0
Dolores,102,20,25,25,0
Dolores,102,21,25,25,0
Dolores,102,22,17,17,0
Dolores,102,23,25,25,0
Dolores,102,24,25,25,0
Dolores,102,25,25,25,0
Dolores,102,26,25,25,0
Dolores,102,27,25,25,0
Dolores,102,28,27,27,0
Dolores,102,29,2,2,0
Dolores,102,3,25,25,0
Dolores,102,4,25,25,0
Dolores,102,5,25,25,0
Dolores,102,6,25,25,0
Dolores,102,7,25,25,0
Dolores,102,8,26,26,0
Dolores,102,9,26,26,0
Douglas,1,PRI-0001,100,100,0
Douglas,1,PRI-0002,100,100,0
Douglas,1,PRI-0003,100,100,0
Douglas,1,PRI-0004,100,100,0
Douglas,1,PRI-0005,100,100,0
Douglas,1,PRI-0006,100,100,0
Douglas,1,PRI-0007,100,100,0
Douglas,1,PRI-0008,100,100,0
Douglas,1,PRI-0009,100,100,0
Douglas,1,PRI-0010,100,100,0
Douglas,1,PRI-0011,100,100,0
Douglas,1,PRI-0012,100,100,0
Douglas,1,PRI-0013,100,100,0
Douglas,1,PRI-0014,100,100,0
Douglas,1,PRI-0015,100,100,0
Douglas,1,PRI-0016,100,100,0
Douglas,1,PRI-0017,100,100,0
Douglas,1,PRI-0018,100,100,0
Douglas,1,PRI-0019,100,100,0
Douglas,1,PRI-0020,100,100,0
Douglas,1,PRI-0021,40,40,0
Douglas,1,PRI-0022,100,100,0
Douglas,1,PRI-0023,100,100,0
Douglas,1,PRI-0024,100,100,0
Douglas,1,PRI-0025,100,100,0
Douglas,1,PRI-0026,100,100,0
Douglas,1,PRI-0027,100,100,0
Douglas,1,PRI-0028,100,100,0
Douglas,1,PRI-0029,100,100,0
Douglas,1,PRI-0030,100,100,0
Douglas,1,PRI-0031,100,100,0
Douglas,1,PRI-0032,100,100,0
Douglas,1,PRI-0033,100,100,0
Douglas,1,PRI-0034,100,100,0
Douglas,1,PRI-0035,100,100,0
Douglas,1,PRI-0036,102,102,0
Douglas,1,PRI-0037,100,100,0
Douglas,1,PRI-0038,100,100,0
Douglas,1,PRI-0039,100,100,0
Douglas,1,PRI-0040,99,99,0
Douglas,1,PRI-0041,100,100,0
Douglas,1,PRI-0042,100,100,0
Douglas,1,PRI-0043,100,100,0
Douglas,1,PRI-0044,100,100,0
Douglas,1,PRI-0045,101,101,0
Douglas,1,PRI-0046,100,100,0
Douglas,1,PRI-0047,100,100,0
Douglas,1,PRI-0048,100,100,0
Douglas,1,PRI-0049,100,100,0
Douglas,1,PRI-0050,100,100,0
Douglas,1,PRI-0051,100,100,0
Douglas,1,PRI-0052,100,100,0
Douglas,1,PRI-0053,100,100,0
Douglas,1,PRI-0054,100,100,0
Douglas,1,PRI-0055,100,100,0
Douglas,1,PRI-0056,100,100,0
Douglas,1,PRI-0057,100,100,0
Douglas,1,PRI-0058,100,100,0
Douglas,1,PRI-0059,100,100,0
Douglas,1,PRI-0060,100,100,0
Douglas,1,PRI-0061,100,100,0
Douglas,1,PRI-0062,99,99,0
Douglas,1,PRI-0063,100,100,0
Douglas,1,PRI-0064,100,100,0
Douglas,1,PRI-0065,100,100,0
Douglas,1,PRI-0066,100,100,0
Douglas,1,PRI-0067,100,100,0
Douglas,1,PRI-0068,100,100,0
Douglas,1,PRI-0069,100,100,0
Douglas,1,PRI-0070,100,100,0
Douglas,1,PRI-0071,100,100,0
Douglas,1,PRI-0072,100,100,0
Douglas,1,PRI-0073,100,100,0
Douglas,1,PRI-0074,100,100,0
Douglas,1,PRI-0075,100,100,0
Douglas,1,PRI-0076,100,100,0
Douglas,1,PRI-0077,100,100,0
Douglas,1,PRI-0078,100,100,0
Douglas,1,PRI-0079,100,100,0
Douglas,1,PRI-0080,100,100,0
Douglas,1,PRI-0081,100,100,0
Douglas,1,PRI-0082,100,100,0
Douglas,1,PRI-0083,99,99,0
Douglas,1,PRI-0084,100,100,0
Douglas,1,PRI-0085,100,100,0
Douglas,1,PRI-0086,100,100,0
Douglas,1,PRI-0087,100,100,0
Douglas,1,PRI-0088,100,100,0
Douglas,1,PRI-0089,100,100,0
Douglas,1,PRI-0090,100,100,0
Douglas,1,PRI-0091,100,100,0
Douglas,1,PRI-0092,100,100,0
Douglas,1,PRI-0093,90,90,0
Douglas,1,PRI-0094,100,100,0
Douglas,1,PRI-0095,100,100,0
Douglas,1,PRI-0096,100,100,0
Douglas,1,PRI-0097,100,100,0
Douglas,1,PRI-0098,100,100,0
Douglas,1,PRI-0099,102,102,0
Douglas,1,PRI-0100,100,100,0
Douglas,1,PRI-0101,100,100,0
Douglas,1,PRI-0102,100,100,0
Douglas,1,PRI-0103,101,101,0
Douglas,1,PRI-0104,100,100,0
Douglas,1,PRI-0105,100,100,0
Douglas,1,PRI-0106,100,100,0
Douglas,1,PRI-0107,100,100,0
Douglas,1,PRI-0108,100,100,0
Douglas,1,PRI-0109,100,100,0
Douglas,1,PRI-0110,100,100,0
Douglas,1,PRI-0111,100,100,0
Douglas,1,PRI-0112,100,100,0
Douglas,1,PRI-0113,100,100,0
Douglas,1,PRI-0114,100,100,0
Douglas,1,PRI-0115,100,100,0
Douglas,1,PRI-0116,100,100,0
Douglas,1,PRI-0117,101,101,0
Douglas,1,PRI-0118,100,100,0
Douglas,1,PRI-0119,100,100,0
Douglas,1,PRI-0120,100,100,0
Douglas,1,PRI-0121,99,99,0
Douglas,1,PRI-0122,100,100,0
Douglas,1,PRI-0123,101,101,0
Douglas,1,PRI-0124,100,100,0
Douglas,1,PRI-0125,100,100,0
Douglas,1,PRI-0126,100,100,0
Douglas,1,PRI-0127,100,100,0
Douglas,1,PRI-0128,100,100,0
Douglas,1,PRI-0129,100,100,0
Douglas,1,PRI-0130,100,100,0
Douglas,1,PRI-0131,100,100,0
Douglas,1,PRI-0132,100,100,0
Douglas,1,PRI-0133,101,101,0
Douglas,1,PRI-0134,100,100,0
Douglas,1,PRI-0135,100,100,0
Douglas,1,PRI-0136,100,100,0
Douglas,1,PRI-0137,100,100,0
Douglas,1,PRI-0138,100,100,0
Douglas,1,PRI-0139,100,100,0
Douglas,1,PRI-0140,100,100,0
Douglas,1,PRI-0141,100,100,0
Douglas,1,PRI-0142,100,100,0
Douglas,1,PRI-0143,100,100,0
Douglas,1,PRI-0144,100,100,0
Douglas,1,PRI-0145,99,99,0
Douglas,1,PRI-0146,100,100,0
Douglas,1,PRI-0147,100,100,0
Douglas,1,PRI-0148,100,100,0
Douglas,1,PRI-0149,100,100,0
Douglas,1,PRI-0150,100,100,0
Douglas,1,PRI-0151,100,100,0
Douglas,1,PRI-0152,100,100,0
Douglas,1,PRI-0153,100,100,0
Douglas,1,PRI-0154,100,100,0
Douglas,1,PRI-0155,100,100,0
Douglas,1,PRI-0156,100,100,0
Douglas,1,PRI-0157,100,100,0
Douglas,1,PRI-0158,100,100,0
Douglas,1,PRI-0159,100,100,0
Douglas,1,PRI-0160,100,100,0
Douglas,1,PRI-0161,100,100,0
Douglas,1,PRI-0162,100,100,0
Douglas,1,PRI-0163,62,62,0
Douglas,1,PRI-0164,101,101,0
Douglas,1,PRI-0165,40,40,0
Douglas,1,PRI-0166,100,100,0
Douglas,1,PRI-0167,100,100,0
Douglas,1,PRI-0168,99,99,0
Douglas,1,PRI-0169,100,100,0
Douglas,1,PRI-0170,100,100,0
Douglas,1,PRI-0171,100,100,0
Douglas,1,PRI-0172,100,100,0
Douglas,1,PRI-0173,100,100,0
Douglas,1,PRI-0174,100,100,0
Douglas,1,PRI-0175,100,100,0
Douglas,1,PRI-0176,100,100,0
Douglas,1,PRI-0177,85,85,0
Douglas,1,PRI-0178,100,100,0
Douglas,1,PRI-0179,100,100,0
Douglas,1,PRI-0180,100,100,0
Douglas,1,PRI-0181,100,100,0
Douglas,1,PRI-0182,100,100,0
Douglas,1,PRI-0183,100,100,0
Douglas,1,PRI-0184,100,100,0
Douglas,1,PRI-0185,100,100,0
Douglas,1,PRI-0186,100,100,0
Douglas,1,PRI-0187,100,100,0
Douglas,1,PRI-0188,100,100,0
Douglas,1,PRI-0189,87,87,0
Douglas,1,PRI-0190,100,100,0
Douglas,1,PRI-0191,100,100,0
Douglas,1,PRI-0192,101,101,0
Douglas,1,PRI-0193,100,100,0
Douglas,1,PRI-0194,100,100,0
Douglas,1,PRI-0195,100,100,0
Douglas,1,PRI-0196,98,98,0
Douglas,1,PRI-0197,99,99,0
Douglas,1,PRI-0198,100,100,0
Douglas,1,PRI-0199,100,100,0
Douglas,1,PRI-0200,100,100,0
Douglas,1,PRI-0201,100,100,0
Douglas,1,PRI-0202,100,100,0
Douglas,1,PRI-0203,100,100,0
Douglas,1,PRI-0204,100,100,0
Douglas,1,PRI-0205,100,100,0
Douglas,1,PRI-0206,66,66,0
Douglas,1,PRI-0207,100,100,0
Douglas,1,PRI-0208,100,100,0
Douglas,1,PRI-0209,100,100,0
Douglas,1,PRI-0210,100,100,0
Douglas,1,PRI-0211,100,100,0
Douglas,1,PRI-0212,63,63,0
Douglas,1,PRI-0213,100,100,0
Douglas,1,PRI-0214,100,100,0
Douglas,1,PRI-0215,100,100,0
Douglas,1,PRI-0216,100,100,0
Douglas,1,PRI-0217,100,100,0
Douglas,1,PRI-0218,100,100,0
Douglas,1,PRI-0219,100,100,0
Douglas,1,PRI-0220,100,100,0
Douglas,1,PRI-0221,41,41,0
Douglas,1,PRI-0222,100,100,0
Douglas,1,PRI-0223,100,100,0
Douglas,1,PRI-0224,100,100,0
Douglas,1,PRI-0225,100,100,0
Douglas,1,PRI-0226,100,100,0
Douglas,1,PRI-0227,100,100,0
Douglas,1,PRI-0228,100,100,0
Douglas,1,PRI-0229,100,100,0
Douglas,1,PRI-0230,100,100,0
Douglas,1,PRI-0231,100,100,0
Douglas,1,PRI-0232,100,100,0
Douglas,1,PRI-0233,100,100,0
Douglas,1,PRI-0234,100,100,0
Douglas,1,PRI-0235,100,100,0
Douglas,1,PRI-0236,100,100,0
Douglas,1,PRI-0237,89,89,0
Douglas,1,PRI-0238,100,100,0
Douglas,1,PRI-0239,57,57,0
Douglas,1,PRI-0240,100,100,0
Douglas,1,PRI-0241,100,100,0
Douglas,1,PRI-0242,100,100,0
Douglas,1,PRI-0243,100,100,0
Douglas,1,PRI-0244,100,100,0
Douglas,1,PRI-0245,100,100,0
Douglas,1,PRI-0246,100,100,0
Douglas,1,PRI-0247,100,100,0
Douglas,1,PRI-0248,90,90,0
Douglas,1,PRI-0249,100,100,0
Douglas,1,PRI-0250,100,100,0
Douglas,1,PRI-0251,100,100,0
Douglas,1,PRI-0252,100,100,0
Douglas,1,PRI-0253,100,100,0
Douglas,1,PRI-0254,100,100,0
Douglas,1,PRI-0255,99,99,0
Douglas,1,PRI-0256,100,100,0
Douglas,1,PRI-0257,100,100,0
Douglas,1,PRI-0258,100,100,0
Douglas,1,PRI-0259,100,100,0
Douglas,1,PRI-0260,100,100,0
Douglas,1,PRI-0261,100,100,0
Douglas,1,PRI-0262,100,100,0
Douglas,1,PRI-0263,100,100,0
Douglas,1,PRI-0264,100,100,0
Douglas,1,PRI-0265,100,100,0
Douglas,1,PRI-0266,100,100,0
Douglas,1,PRI-0267,100,100,0
Douglas,1,PRI-0268,100,100,0
Douglas,1,PRI-0269,100,100,0
Douglas,1,PRI-0270,100,100,0
Douglas,1,PRI-0271,100,100,0
Douglas,1,PRI-0272,100,100,0
Douglas,1,PRI-0273,100,100,0
Douglas,1,PRI-0274,100,100,0
Douglas,1,PRI-0275,50,50,0
Douglas,1,PRI-0276,100,100,0
Douglas,1,PRI-0277,100,100,0
Douglas,1,PRI-0278,100,100,0
Douglas,1,PRI-0279,100,100,0
Douglas,1,PRI-0280,100,100,0
Douglas,1,PRI-0281,100,100,0
Douglas,1,PRI-0282,100,100,0
Douglas,1,PRI-0283,100,100,0
Douglas,1,PRI-0284,99,99,0
Douglas,1,PRI-0285,100,100,0
Douglas,1,PRI-0286,100,100,0
Douglas,1,PRI-0287,100,100,0
Douglas,1,PRI-0288,100,100,0
Douglas,1,PRI-0289,100,100,0
Douglas,1,PRI-0290,100,100,0
Douglas,1,PRI-0291,100,100,0
Douglas,1,PRI-0292,100,100,0
Douglas,1,PRI-0293,100,100,0
Douglas,1,PRI-0294,100,100,0
Douglas,1,PRI-0295,100,100,0
Douglas,1,PRI-0296,49,49,0
Douglas,1,PRI-0297,48,48,0
Douglas,1,PRI-0298,49,49,0
Douglas,1,PRI-0299,100,100,0
Douglas,1,PRI-0300,100,100,0
Douglas,1,PRI-0301,46,46,0
Douglas,1,PRI-0302,100,100,0
Douglas,1,PRI-0303,100,100,0
Douglas,1,PRI-0304,100,100,0
Douglas,1,PRI-0305,100,100,0
Douglas,1,PRI-0306,100,100,0
Douglas,1,PRI-0307,100,100,0
Douglas,1,PRI-0308,100,100,0
Douglas,1,PRI-0309,100,100,0
Douglas,1,PRI-0310,92,92,0
Douglas,1,PRI-0311,100,100,0
Douglas,1,PRI-0312,100,100,0
Douglas,1,PRI-0313,100,100,0
Douglas,1,PRI-0314,100,100,0
Douglas,1,PRI-0315,100,100,0
Douglas,1,PRI-0316,100,100,0
Douglas,1,PRI-0317,100,100,0
Douglas,1,PRI-0318,100,100,0
Douglas,1,PRI-0319,100,100,0
Douglas,1,PRI-0320,100,100,0
Douglas,1,PRI-0321,88,88,0
Douglas,1,PRI-0322,100,100,0
Douglas,1,PRI-0323,100,100,0
Douglas,1,PRI-0324,100,100,0
Douglas,1,PRI-0325,100,100,0
Douglas,1,PRI-0326,100,100,0
Douglas,1,PRI-0327,100,100,0
Douglas,1,PRI-0328,73,73,0
Douglas,1,PRI-0329,100,100,0
Douglas,1,PRI-0330,100,100,0
Douglas,1,PRI-0331,99,99,0
Douglas,1,PRI-0332,100,100,0
Douglas,1,PRI-0333,100,100,0
Douglas,1,PRI-0334,100,100,0
Douglas,1,PRI-0335,100,100,0
Douglas,1,PRI-0336,100,100,0
Douglas,1,PRI-0337,100,100,0
Douglas,1,PRI-0338,84,84,0
Douglas,1,PRI-0339,53,53,0
Douglas,1,PRI-0340,100,100,0
Douglas,1,PRI-0341,86,86,0
Douglas,1,PRI-0342,100,100,0
Douglas,1,PRI-0343,100,100,0
Douglas,1,PRI-0344,100,100,0
Douglas,1,PRI-0345,100,100,0
Douglas,1,PRI-0346,99,99,0
Douglas,1,PRI-0347,99,99,0
Douglas,1,PRI-0348,100,100,0
Douglas,1,PRI-0349,100,100,0
Douglas,1,PRI-0350,100,100,0
Douglas,1,PRI-0351,100,100,0
Douglas,1,PRI-0352,100,100,0
Douglas,1,PRI-0353,100,100,0
Douglas,1,PRI-0354,100,100,0
Douglas,1,PRI-0355,90,90,0
Douglas,1,PRI-0356,100,100,0
Douglas,1,PRI-0357,100,100,0
Douglas,1,PRI-0358,99,99,0
Douglas,1,PRI-0359,100,100,0
Douglas,1,PRI-0360,100,100,0
Douglas,1,PRI-0361,100,100,0
Douglas,1,PRI-0362,99,99,0
Douglas,1,PRI-0363,100,100,0
Douglas,1,PRI-0364,99,99,0
Douglas,1,PRI-0365,100,100,0
Douglas,1,PRI-0366,100,100,0
Douglas,1,PRI-0367,100,100,0
Douglas,1,PRI-0368,100,100,0
Douglas,1,PRI-0369,60,60,0
Douglas,1,PRI-0370,76,76,0
Douglas,1,PRI-0371,100,100,0
Douglas,1,PRI-0372,100,100,0
Douglas,1,PRI-0373,100,100,0
Douglas,1,PRI-0374,100,100,0
Douglas,1,PRI-0375,99,99,0
Douglas,1,PRI-0376,100,100,0
Douglas,1,PRI-0377,100,100,0
Douglas,1,PRI-0378,100,100,0
Douglas,1,PRI-0379,99,99,0
Douglas,1,PRI-0380,59,59,0
Douglas,1,PRI-0381,100,100,0
Douglas,1,PRI-0382,82,82,0
Douglas,1,PRI-0383,52,52,0
Douglas,1,PRI-0384,88,88,0
Douglas,1,PRI-0385,100,100,0
Douglas,1,PRI-0386,100,100,0
Douglas,1,PRI-0387,100,100,0
Douglas,1,PRI-0388,100,100,0
Douglas,1,PRI-0389,100,100,0
Douglas,1,PRI-0390,100,100,0
Douglas,1,PRI-0391,100,100,0
Douglas,1,PRI-0392,100,100,0
Douglas,1,PRI-0393,100,100,0
Douglas,1,PRI-0394,100,100,0
Douglas,1,PRI-0395,53,53,0
Douglas,1,PRI-0396,100,100,0
Douglas,1,PRI-0397,100,100,0
Douglas,1,PRI-0398,100,100,0
Douglas,1,PRI-0399,100,100,0
Douglas,1,PRI-0400,100,100,0
Douglas,1,PRI-0401,100,100,0
Douglas,1,PRI-0402,100,100,0
Douglas,1,PRI-0403,94,94,0
Douglas,1,PRI-0404,99,99,0
Douglas,1,PRI-0405,53,53,0
Douglas,1,PRI-0406,100,100,0
Douglas,1,PRI-0407,99,99,0
Douglas,1,PRI-0408,100,100,0
Douglas,1,PRI-0409,100,100,0
Douglas,1,PRI-0410,100,100,0
Douglas,1,PRI-0411,100,100,0
Douglas,1,PRI-0412,100,100,0
Douglas,1,PRI-0413,100,100,0
Douglas,1,PRI-0414,100,100,0
Douglas,1,PRI-0415,100,100,0
Douglas,1,PRI-0416,41,41,0
Douglas,1,PRI-0417,100,100,0
Douglas,1,PRI-0418,100,100,0
Douglas,1,PRI-0419,100,100,0
Douglas,1,PRI-0420,100,100,0
Douglas,1,PRI-0421,100,100,0
Douglas,1,PRI-0422,100,100,0
Douglas,1,PRI-0423,100,100,0
Douglas,1,PRI-0424,100,100,0
Douglas,1,PRI-0425,100,100,0
Douglas,1,PRI-0426,61,61,0
Douglas,1,PRI-0427,100,100,0
Douglas,1,PRI-0428,100,100,0
Douglas,1,PRI-0429,100,100,0
Douglas,1,PRI-0430,47,47,0
Douglas,1,PRI-0431,100,100,0
Douglas,1,PRI-0432,100,100,0
Douglas,1,PRI-0433,100,100,0
Douglas,1,PRI-0434,100,100,0
Douglas,1,PRI-0435,100,100,0
Douglas,1,PRI-0436,79,79,0
Douglas,1,PRI-0437,98,98,0
Douglas,1,PRI-0438,100,100,0
Douglas,1,PRI-0439,100,100,0
Douglas,1,PRI-0440,100,100,0
Douglas,1,PRI-0441,100,100,0
Douglas,1,PRI-0442,100,100,0
Douglas,1,PRI-0443,59,59,0
Douglas,1,PRI-0444,100,100,0
Douglas,1,PRI-0445,98,98,0
Douglas,1,PRI-0446,100,100,0
Douglas,1,PRI-0447,100,100,0
Douglas,1,PRI-0448,100,100,0
Douglas,1,PRI-0449,100,100,0
Douglas,1,PRI-0450,100,100,0
Douglas,1,PRI-0451,100,100,0
Douglas,1,PRI-0452,64,64,0
Douglas,1,PRI-0453,100,100,0
Douglas,1,PRI-0454,100,100,0
Douglas,1,PRI-0455,100,100,0
Douglas,1,PRI-0456,100,100,0
Douglas,1,PRI-0457,100,100,0
Douglas,1,PRI-0458,100,100,0
Douglas,1,PRI-0459,100,100,0
Douglas,1,PRI-0460,100,100,0
Douglas,1,PRI-0461,100,100,0
Douglas,1,PRI-0462,82,82,0
Douglas,1,PRI-0463,62,62,0
Douglas,1,PRI-0464,100,100,0
Douglas,1,PRI-0465,100,100,0
Douglas,1,PRI-0466,100,100,0
Douglas,1,PRI-0467,100,100,0
Douglas,1,PRI-0468,100,100,0
Douglas,1,PRI-0469,100,100,0
Douglas,1,PRI-0470,100,100,0
Douglas,1,PRI-0471,100,100,0
Douglas,1,PRI-0472,100,100,0
Douglas,1,PRI-0473,100,100,0
Douglas,1,PRI-0474,100,100,0
Douglas,1,PRI-0475,100,100,0
Douglas,1,PRI-0476,100,100,0
Douglas,1,PRI-0477,100,100,0
Douglas,1,PRI-0478,100,100,0
Douglas,1,PRI-0479,100,100,0
Douglas,1,PRI-0480,100,100,0
Douglas,1,PRI-0481,100,100,0
Douglas,1,PRI-0482,100,100,0
Douglas,1,PRI-0483,100,100,0
Douglas,1,PRI-0484,77,77,0
Douglas,1,PRI-0485,84,84,0
Douglas,1,PRI-0486,61,61,0
Douglas,1,PRI-0487,100,100,0
Douglas,1,PRI-0488,100,100,0
Douglas,1,PRI-0489,100,100,0
Douglas,1,PRI-0490,100,100,0
Douglas,1,PRI-0491,100,100,0
Douglas,1,PRI-0492,87,87,0
Douglas,1,PRI-0493,51,51,0
Douglas,1,PRI-0494,100,100,0
Douglas,1,PRI-0495,100,100,0
Douglas,1,PRI-0496,100,100,0
Douglas,1,PRI-0497,100,100,0
Douglas,1,PRI-0498,100,100,0
Douglas,1,PRI-0499,100,100,0
Douglas,1,PRI-0500,49,49,0
Douglas,1,PRI-0501,100,100,0
Douglas,1,PRI-0502,100,100,0
Douglas,1,PRI-0503,100,100,0
Douglas,1,PRI-0504,78,78,0
Douglas,1,PRI-0505,100,100,0
Douglas,1,PRI-0506,100,100,0
Douglas,1,PRI-0507,100,100,0
Douglas,1,PRI-0508,100,100,0
Douglas,1,PRI-0509,100,100,0
Douglas,1,PRI-0510,100,100,0
Douglas,1,PRI-0511,100,100,0
Douglas,1,PRI-0512,99,99,0
Douglas,1,PRI-0513,100,100,0
Douglas,1,PRI-0514,100,100,0
Douglas,1,PRI-0515,100,100,0
Douglas,1,PRI-0516,100,100,0
Douglas,1,PRI-0517,100,100,0
Douglas,1,PRI-0518,100,100,0
Douglas,1,PRI-0519,100,100,0
Douglas,1,PRI-0520,100,100,0
Douglas,1,PRI-0521,100,100,0
Douglas,1,PRI-0522,100,100,0
Douglas,1,PRI-0523,100,100,0
Douglas,1,PRI-0524,100,100,0
Douglas,1,PRI-0525,100,100,0
Douglas,1,PRI-0526,100,100,0
Douglas,1,PRI-0527,100,100,0
Douglas,1,PRI-0528,65,65,0
Douglas,1,PRI-0529,100,100,0
Douglas,1,PRI-0530,100,100,0
Douglas,1,PRI-0531,100,100,0
Douglas,1,PRI-0532,101,101,0
Douglas,1,PRI-0533,100,100,0
Douglas,1,PRI-0534,100,100,0
Douglas,1,PRI-0535,100,100,0
Douglas,1,PRI-0536,100,100,0
Douglas,1,PRI-0537,100,100,0
Douglas,1,PRI-0538,100,100,0
Douglas,1,PRI-0539,100,100,0
Douglas,1,PRI-0540,100,100,0
Douglas,1,PRI-0541,66,66,0
Douglas,1,PRI-0542,50,50,0
Douglas,1,PRI-0543,100,100,0
Douglas,1,PRI-0544,100,100,0
Douglas,1,PRI-0545,58,58,0
Douglas,1,PRI-0546,100,100,0
Douglas,1,PRI-0547,85,85,0
Douglas,1,PRI-0548,91,91,0
Douglas,1,PRI-0549,100,100,0
Douglas,1,PRI-0550,100,100,0
Douglas,1,PRI-0551,100,100,0
Douglas,1,PRI-0552,100,100,0
Douglas,1,PRI-0553,72,72,0
Douglas,1,PRI-0554,100,100,0
Douglas,1,PRI-0555,92,92,0
Douglas,1,PRI-0556,100,100,0
Douglas,1,PRI-0557,100,100,0
Douglas,1,PRI-0558,100,100,0
Douglas,1,PRI-0559,100,100,0
Douglas,1,PRI-0560,100,100,0
Douglas,1,PRI-0561,100,100,0
Douglas,1,PRI-0562,98,98,0
Douglas,1,PRI-0563,100,100,0
Douglas,1,PRI-0564,100,100,0
Douglas,1,PRI-0565,100,100,0
Douglas,1,PRI-0566,100,100,0
Douglas,1,PRI-0567,100,100,0
Douglas,1,PRI-0568,100,100,0
Douglas,1,PRI-0569,100,100,0
Douglas,1,PRI-0570,100,100,0
Douglas,1,PRI-0571,100,100,0
Douglas,1,PRI-0572,59,59,0
Douglas,1,PRI-0573,76,76,0
Douglas,1,PRI-0574,100,100,0
Douglas,1,PRI-0575,100,100,0
Douglas,1,PRI-0576,91,91,0
Douglas,1,PRI-0577,100,100,0
Douglas,1,PRI-0578,100,100,0
Douglas,1,PRI-0579,56,56,0
Douglas,1,PRI-0580,100,100,0
Douglas,1,PRI-0581,74,74,0
Douglas,1,PRI-0582,100,100,0
Douglas,1,PRI-0583,100,100,0
Douglas,1,PRI-0584,100,100,0
Douglas,1,PRI-0585,100,100,0
Douglas,1,PRI-0586,100,100,0
Douglas,1,PRI-0587,100,100,0
Douglas,1,PRI-0588,100,100,0
Douglas,1,PRI-0589,94,94,0
Douglas,1,PRI-0590,100,100,0
Douglas,1,PRI-0591,100,100,0
Douglas,1,PRI-0592,100,100,0
Douglas,1,PRI-0593,100,100,0
Douglas,1,PRI-0594,100,100,0
Douglas,1,PRI-0595,100,100,0
Douglas,1,PRI-0596,100,100,0
Douglas,1,PRI-0597,100,100,0
Douglas,1,PRI-0598,100,100,0
Douglas,1,PRI-0599,100,100,0
Douglas,1,PRI-0600,100,100,0
Douglas,1,PRI-0601,100,100,0
Douglas,1,PRI-0602,100,100,0
Douglas,1,PRI-0603,100,100,0
Douglas,1,PRI-0604,100,100,0
Douglas,1,PRI-0605,100,100,0
Douglas,1,PRI-0606,100,100,0
Douglas,1,PRI-0607,100,100,0
Douglas,1,PRI-0608,100,100,0
Douglas,1,PRI-0609,100,100,0
Douglas,1,PRI-0610,100,100,0
Douglas,1,PRI-0611,100,100,0
Douglas,1,PRI-0612,101,101,0
Douglas,1,PRI-0613,87,87,0
Douglas,1,PRI-0614,63,63,0
Douglas,1,PRI-0615,100,100,0
Douglas,1,PRI-0616,100,100,0
Douglas,1,PRI-0617,100,100,0
Douglas,1,PRI-0618,100,100,0
Douglas,1,PRI-0619,100,100,0
Douglas,1,PRI-0620,100,100,0
Douglas,1,PRI-0621,100,100,0
Douglas,1,PRI-0622,100,100,0
Douglas,1,PRI-0623,93,93,0
Douglas,1,PRI-0624,100,100,0
Douglas,1,PRI-0625,100,100,0
Douglas,1,PRI-0626,100,100,0
Douglas,1,PRI-0627,76,76,0
Douglas,1,PRI-0628,100,100,0
Douglas,1,PRI-0629,100,100,0
Douglas,1,PRI-0630,69,69,0
Douglas,1,PRI-0631,100,100,0
Douglas,1,PRI-0632,100,100,0
Douglas,1,PRI-0633,100,100,0
Douglas,1,PRI-0634,100,100,0
Douglas,1,PRI-0635,100,100,0
Douglas,1,PRI-0636,100,100,0
Douglas,1,PRI-0637,100,100,0
Douglas,1,PRI-0638,100,100,0
Douglas,1,PRI-0639,100,100,0
Douglas,1,PRI-0640,46,46,0
Douglas,1,PRI-0641,100,100,0
Douglas,1,PRI-0642,99,99,0
Douglas,1,PRI-0643,100,100,0
Douglas,1,PRI-0644,100,100,0
Douglas,1,PRI-0645,100,100,0
Douglas,1,PRI-0646,88,88,0
Douglas,1,PRI-0647,56,56,0
Douglas,1,PRI-0648,100,100,0
Douglas,1,PRI-0649,100,100,0
Douglas,1,PRI-0650,100,100,0
Douglas,1,PRI-0651,100,100,0
Douglas,1,PRI-0652,100,100,0
Douglas,1,PRI-0653,100,100,0
Douglas,1,PRI-0654,100,100,0
Douglas,1,PRI-0655,100,100,0
Douglas,1,PRI-0656,100,100,0
Douglas,1,PRI-0657,100,100,0
Douglas,1,PRI-0658,100,100,0
Douglas,1,PRI-0659,100,100,0
Douglas,1,PRI-0660,100,100,0
Douglas,1,PRI-0661,81,81,0
Douglas,1,PRI-0662,100,100,0
Douglas,1,PRI-0663,66,66,0
Douglas,1,PRI-0664,100,100,0
Douglas,1,PRI-0665,100,100,0
Douglas,1,PRI-0666,100,100,0
Douglas,1,PRI-0667,100,100,0
Douglas,1,PRI-0668,100,100,0
Douglas,1,PRI-0669,100,100,0
Douglas,1,PRI-0670,100,100,0
Douglas,1,PRI-0671,99,99,0
Douglas,1,PRI-0672,94,94,0
Douglas,1,PRI-0673,91,91,0
Douglas,1,PRI-0674,100,100,0
Douglas,1,PRI-0675,100,100,0
Douglas,1,PRI-0676,100,100,0
Douglas,1,PRI-0677,100,100,0
Douglas,1,PRI-0678,100,100,0
Douglas,1,PRI-0679,100,100,0
Douglas,1,PRI-0680,100,100,0
Douglas,1,PRI-0681,100,100,0
Douglas,1,PRI-0682,80,80,0
Douglas,1,PRI-0683,100,100,0
Douglas,1,PRI-0684,54,54,0
Douglas,1,PRI-0685,80,80,0
Douglas,1,PRI-0686,100,100,0
Douglas,1,PRI-0687,100,100,0
Douglas,1,PRI-0688,100,100,0
Douglas,1,PRI-0689,100,100,0
Douglas,1,PRI-0690,100,100,0
Douglas,1,PRI-0691,100,100,0
Douglas,1,PRI-0692,99,99,0
Douglas,1,PRI-0693,100,100,0
Douglas,1,PRI-0694,100,100,0
Douglas,1,PRI-0695,100,100,0
Douglas,1,PRI-0696,100,100,0
Douglas,1,PRI-0697,100,100,0
Douglas,1,PRI-0698,100,100,0
Douglas,1,PRI-0699,60,60,0
Douglas,1,PRI-0700,100,100,0
Douglas,1,PRI-0701,85,85,0
Douglas,1,PRI-0702,100,100,0
Douglas,1,PRI-0703,100,100,0
Douglas,1,PRI-0704,100,100,0
Douglas,1,PRI-0705,100,100,0
Douglas,1,PRI-0706,100,100,0
Douglas,1,PRI-0707,100,100,0
Douglas,1,PRI-0708,100,100,0
Douglas,1,PRI-0709,100,100,0
Douglas,1,PRI-0710,100,100,0
Douglas,1,PRI-0711,74,74,0
Douglas,1,PRI-0712,66,66,0
Douglas,1,PRI-0713,100,100,0
Douglas,1,PRI-0714,100,100,0
Douglas,1,PRI-0715,100,100,0
Douglas,1,PRI-0716,100,100,0
Douglas,1,PRI-0717,62,62,0
Douglas,1,PRI-0718,100,100,0
Douglas,1,PRI-0719,100,100,0
Douglas,1,PRI-0720,100,100,0
Douglas,1,PRI-0721,100,100,0
Douglas,1,PRI-0722,100,100,0
Douglas,1,PRI-0723,100,100,0
Douglas,1,PRI-0724,100,100,0
Douglas,1,PRI-0725,100,100,0
Douglas,1,PRI-0726,100,100,0
Douglas,1,PRI-0727,100,100,0
Douglas,1,PRI-0728,50,50,0
Douglas,1,PRI-0729,100,100,0
Douglas,1,PRI-0730,100,100,0
Douglas,1,PRI-0731,100,100,0
Douglas,1,PRI-0732,100,100,0
Douglas,1,PRI-0733,100,100,0
Douglas,1,PRI-0734,100,100,0
Douglas,1,PRI-0735,100,100,0
Douglas,1,PRI-0736,63,63,0
Douglas,1,PRI-0737,100,100,0
Douglas,1,PRI-0738,100,100,0
Douglas,1,PRI-0739,100,100,0
Douglas,1,PRI-0740,100,100,0
Douglas,1,PRI-0741,100,100,0
Douglas,1,PRI-0742,100,100,0
Douglas,1,PRI-0743,100,100,0
Douglas,1,PRI-0744,100,100,0
Douglas,1,PRI-0745,100,100,0
Douglas,1,PRI-0746,51,51,0
Douglas,1,PRI-0747,62,62,0
Douglas,1,PRI-0748,100,100,0
Douglas,1,PRI-0749,100,100,0
Douglas,1,PRI-0750,100,100,0
Douglas,1,PRI-0751,100,100,0
Douglas,1,PRI-0752,100,100,0
Douglas,1,PRI-0753,100,100,0
Douglas,1,PRI-0754,100,100,0
Douglas,1,PRI-0755,100,100,0
Douglas,1,PRI-0756,100,100,0
Douglas,1,PRI-0757,77,77,0
Douglas,1,PRI-0758,64,64,0
Douglas,1,PRI-0759,100,100,0
Douglas,1,PRI-0760,100,100,0
Douglas,1,PRI-0761,100,100,0
Douglas,1,PRI-0762,90,90,0
Douglas,1,PRI-0763,100,100,0
Douglas,1,PRI-0764,100,100,0
Douglas,1,PRI-0765,100,100,0
Douglas,1,PRI-0766,100,100,0
Douglas,1,PRI-0767,100,100,0
Douglas,1,PRI-0768,100,100,0
Douglas,1,PRI-0769,53,53,0
Douglas,1,PRI-0770,100,100,0
Douglas,1,PRI-0771,100,100,0
Douglas,1,PRI-0772,100,100,0
Douglas,1,PRI-0773,100,100,0
Douglas,1,PRI-0774,100,100,0
Douglas,1,PRI-0775,88,88,0
Douglas,1,PRI-0776,99,99,0
Douglas,1,PRI-0777,100,100,0
Douglas,1,PRI-0778,100,100,0
Douglas,1,PRI-0779,100,100,0
Douglas,1,PRI-0780,90,90,0
Douglas,1,PRI-0781,100,100,0
Douglas,1,PRI-0782,100,100,0
Douglas,1,PRI-0783,100,100,0
Douglas,1,PRI-0784,100,100,0
Douglas,1,PRI-0785,100,100,0
Douglas,1,PRI-0786,100,100,0
Douglas,1,PRI-0787,100,100,0
Douglas,1,PRI-0788,100,100,0
Douglas,1,PRI-0789,100,100,0
Douglas,1,PRI-0790,98,98,0
Douglas,1,PRI-0791,100,100,0
Douglas,1,PRI-0792,100,100,0
Douglas,1,PRI-0793,100,100,0
Douglas,1,PRI-0794,100,100,0
Douglas,1,PRI-0795,100,100,0
Douglas,1,PRI-0796,100,100,0
Douglas,1,PRI-0797,100,100,0
Douglas,1,PRI-0798,100,100,0
Douglas,1,PRI-0799,100,100,0
Douglas,1,PRI-0800,100,100,0
Douglas,1,PRI-0801,100,100,0
Douglas,1,PRI-0802,81,81,0
Douglas,1,PRI-0803,100,100,0
Douglas,1,PRI-0804,100,100,0
Douglas,1,PRI-0805,100,100,0
Douglas,1,PRI-0806,100,100,0
Douglas,1,PRI-0807,100,100,0
Douglas,1,PRI-0808,91,91,0
Douglas,1,PRI-0809,100,100,0
Douglas,1,PRI-0810,100,100,0
Douglas,1,PRI-0811,100,100,0
Douglas,1,PRI-0812,100,100,0
Douglas,1,PRI-0813,100,100,0
Douglas,1,PRI-0814,100,100,0
Douglas,1,PRI-0815,100,100,0
Douglas,1,PRI-0816,100,100,0
Douglas,1,PRI-0817,100,100,0
Douglas,1,PRI-0818,82,82,0
Douglas,1,PRI-0819,100,100,0
Douglas,1,PRI-0820,100,100,0
Douglas,1,PRI-0821,100,100,0
Douglas,1,PRI-0822,100,100,0
Douglas,1,PRI-0823,100,100,0
Douglas,1,PRI-0824,100,100,0
Douglas,1,PRI-0825,77,77,0
Douglas,1,PRI-0826,100,100,0
Douglas,1,PRI-0827,100,100,0
Douglas,1,PRI-0828,100,100,0
Douglas,1,PRI-0829,100,100,0
Douglas,1,PRI-0830,100,100,0
Douglas,1,PRI-0831,99,99,0
Douglas,1,PRI-0832,100,100,0
Douglas,1,PRI-0833,100,100,0
Douglas,1,PRI-0834,100,100,0
Douglas,1,PRI-0835,100,100,0
Douglas,1,PRI-0836,100,100,0
Douglas,1,PRI-0837,100,100,0
Douglas,1,PRI-0838,100,100,0
Douglas,1,PRI-0839,100,100,0
Douglas,1,PRI-0840,100,100,0
Douglas,1,PRI-0841,100,100,0
Douglas,1,PRI-0842,100,100,0
Douglas,1,PRI-0843,100,100,0
Douglas,1,PRI-0844,100,100,0
Douglas,1,PRI-0845,84,84,0
Douglas,1,PRI-0846,100,100,0
Douglas,1,PRI-0847,100,100,0
Douglas,1,PRI-0848,100,100,0
Douglas,1,PRI-0849,100,100,0
Douglas,1,PRI-0850,100,100,0
Douglas,1,PRI-0851,100,100,0
Douglas,1,PRI-0852,100,100,0
Douglas,1,PRI-0853,100,100,0
Douglas,1,PRI-0854,100,100,0
Douglas,1,PRI-0855,100,100,0
Douglas,1,PRI-0856,100,100,0
Douglas,1,PRI-0857,100,100,0
Douglas,1,PRI-0858,100,100,0
Douglas,1,PRI-0859,100,100,0
Douglas,1,PRI-0860,100,100,0
Douglas,1,PRI-0861,100,100,0
Douglas,1,PRI-0862,79,79,0
Douglas,1,PRI-0863,100,100,0
Douglas,1,PRI-0864,100,100,0
Douglas,1,PRI-0865,100,100,0
Douglas,1,PRI-0866,69,69,0
Douglas,1,PRI-0867,79,79,0
Douglas,1,PRI-0868,100,100,0
Douglas,1,PRI-0869,10,10,0
Douglas,1,PRI-0870,100,100,0
Douglas,1,PRI-0871,100,100,0
Douglas,1,PRI-0872,100,100,0
Douglas,1,PRI-0873,100,100,0
Douglas,1,PRI-0874,100,100,0
Douglas,1,PRI-0875,100,100,0
Douglas,1,PRI-0876,100,100,0
Douglas,1,PRI-0877,100,100,0
Douglas,1,PRI-0878,100,100,0
Douglas,1,PRI-0879,96,96,0
Douglas,1,PRI-0880,100,100,0
Douglas,1,PRI-0881,100,100,0
Douglas,1,PRI-0882,98,98,0
Douglas,1,PRI-0883,100,100,0
Douglas,1,PRI-0884,100,100,0
Douglas,1,PRI-0885,100,100,0
Douglas,1,PRI-0886,91,91,0
Douglas,1,PRI-0887,100,100,0
Douglas,1,PRI-0888,100,100,0
Douglas,1,PRI-0889,100,100,0
Douglas,1,PRI-0890,100,100,0
Douglas,1,PRI-0891,100,100,0
Douglas,1,PRI-0892,100,100,0
Douglas,1,PRI-0893,100,100,0
Douglas,1,PRI-0894,100,100,0
Douglas,1,PRI-0895,50,50,0
Douglas,1,PRI-0896,100,100,0
Douglas,1,PRI-0897,100,100,0
Douglas,1,PRI-0898,100,100,0
Douglas,1,PRI-0899,100,100,0
Douglas,1,PRI-0900,71,71,0
Douglas,1,PRI-0901,100,100,0
Douglas,1,PRI-0902,100,100,0
Douglas,1,PRI-0903,100,100,0
Douglas,1,PRI-0904,100,100,0
Douglas,1,PRI-0905,100,100,0
Douglas,1,PRI-0906,100,100,0
Douglas,1,PRI-0907,100,100,0
Douglas,1,PRI-0908,100,100,0
Douglas,1,PRI-0909,100,100,0
Douglas,1,PRI-0910,100,100,0
Douglas,1,PRI-0911,100,100,0
Douglas,1,PRI-0912,84,84,0
Douglas,1,PRI-0913,100,100,0
Douglas,1,PRI-0914,100,100,0
Douglas,1,PRI-0915,100,100,0
Douglas,1,PRI-0916,100,100,0
Douglas,1,PRI-0917,100,100,0
Douglas,1,PRI-0918,100,100,0
Douglas,1,PRI-0919,101,101,0
Douglas,1,PRI-0920,52,52,0
Douglas,1,PRI-0921,100,100,0
Douglas,1,PRI-0922,100,100,0
Douglas,1,PRI-0923,100,100,0
Douglas,1,PRI-0924,100,100,0
Douglas,1,PRI-0925,100,100,0
Douglas,1,PRI-0926,100,100,0
Douglas,1,PRI-0927,63,63,0
Douglas,1,PRI-0928,95,95,0
Douglas,1,PRI-0929,100,100,0
Douglas,1,PRI-0930,100,100,0
Douglas,1,PRI-0931,100,100,0
Douglas,1,PRI-0932,100,100,0
Douglas,1,PRI-0933,57,57,0
Douglas,1,PRI-0934,100,100,0
Douglas,1,PRI-0935,100,100,0
Douglas,1,PRI-0936,100,100,0
Douglas,1,PRI-0937,100,100,0
Douglas,1,PRI-0938,100,100,0
Douglas,1,PRI-0939,100,100,0
Douglas,1,PRI-0940,100,100,0
Douglas,1,PRI-0941,100,100,0
Douglas,1,PRI-0942,100,100,0
Douglas,1,PRI-0943,100,100,0
Douglas,1,PRI-0944,100,100,0
Douglas,1,PRI-0945,100,100,0
Douglas,1,PRI-0946,94,94,0
Douglas,1,PRI-0947,100,100,0
Douglas,1,PRI-0948,100,100,0
Douglas,1,PRI-0949,100,100,0
Douglas,1,PRI-0950,100,100,0
Douglas,1,PRI-0951,100,100,0
Douglas,1,PRI-0952,100,100,0
Douglas,1,PRI-0953,95,95,0
Douglas,1,PRI-0954,100,100,0
Douglas,1,PRI-0955,100,100,0
Douglas,1,PRI-0956,100,100,0
Douglas,1,PRI-0957,100,100,0
Douglas,1,PRI-0958,100,100,0
Douglas,1,PRI-0959,100,100,0
Douglas,1,PRI-0960,97,97,0
Douglas,1,PRI-0961,100,100,0
Douglas,1,PRI-0962,100,100,0
Douglas,1,PRI-0963,100,100,0
Douglas,1,PRI-0964,100,100,0
Douglas,1,PRI-0965,100,100,0
Douglas,1,PRI-0966,100,100,0
Douglas,1,PRI-0967,95,95,0
Douglas,1,PRI-0968,100,100,0
Douglas,1,PRI-0969,100,100,0
Douglas,1,PRI-0970,100,100,0
Douglas,1,PRI-0971,100,100,0
Douglas,1,PRI-0972,100,100,0
Douglas,1,PRI-0973,100,100,0
Douglas,1,PRI-0974,100,100,0
Douglas,1,PRI-0975,100,100,0
Douglas,1,PRI-0976,100,100,0
Douglas,1,PRI-0977,100,100,0
Douglas,1,PRI-0978,91,91,0
Douglas,1,PRI-0979,100,100,0
Douglas,1,PRI-0980,100,100,0
Douglas,1,PRI-0981,100,100,0
Douglas,1,PRI-0982,100,100,0
Douglas,1,PRI-0983,101,101,0
Douglas,1,PRI-0984,100,100,0
Douglas,1,PRI-0985,100,100,0
Douglas,1,PRI-0986,100,100,0
Douglas,1,PRI-0987,100,100,0
Douglas,1,PRI-0988,78,78,0
Douglas,1,PRI-0989,100,100,0
Douglas,1,PRI-0990,100,100,0
Douglas,1,PRI-0991,100,100,0
Douglas,1,PRI-0992,100,100,0
Douglas,1,PRI-0993,100,100,0
Douglas,1,PRI-0994,100,100,0
Douglas,1,PRI-0995,87,87,0
Douglas,1,PRI-0996,100,100,0
Douglas,1,PRI-0997,100,100,0
Douglas,1,PRI-0998,100,100,0
Douglas,1,PRI-0999,100,100,0
Douglas,1,PRI-1000,100,100,0
Douglas,1,PRI-1001,100,100,0
Douglas,1,PRI-1002,100,100,0
Douglas,1,PRI-1003,100,100,0
Douglas,1,PRI-1004,54,54,0
Douglas,1,PRI-1005,100,100,0
Douglas,1,PRI-1006,100,100,0
Douglas,1,PRI-1007,100,100,0
Douglas,1,PRI-1008,100,100,0
Douglas,1,PRI-1009,100,100,0
Douglas,1,PRI-1010,100,100,0
Douglas,1,PRI-1011,100,100,0
Douglas,1,PRI-1012,100,100,0
Douglas,1,PRI-1013,100,100,0
Douglas,1,PRI-1014,100,100,0
Douglas,1,PRI-1015,100,100,0
Douglas,1,PRI-1016,100,100,0
Douglas,1,PRI-1017,99,99,0
Douglas,1,PRI-1018,100,100,0
Douglas,1,PRI-1019,61,61,0
Douglas,1,PRI-1020,100,100,0
Douglas,1,PRI-1021,67,67,0
Douglas,1,PRI-1022,100,100,0
Douglas,1,PRI-1023,100,100,0
Douglas,1,PRI-1024,100,100,0
Douglas,1,PRI-1025,46,46,0
Douglas,1,PRI-1026,100,100,0
Douglas,1,PRI-1027,100,100,0
Douglas,1,PRI-1028,101,101,0
Douglas,1,PRI-1029,42,42,0
Douglas,1,PRI-1030,100,100,0
Douglas,1,PRI-1031,100,100,0
Douglas,1,PRI-1032,100,100,0
Douglas,1,PRI-1033,100,100,0
Douglas,1,PRI-1034,100,100,0
Douglas,1,PRI-1035,100,100,0
Douglas,1,PRI-1036,56,56,0
Douglas,1,PRI-1037,100,100,0
Douglas,1,PRI-1038,100,100,0
Douglas,1,PRI-1039,100,100,0
Douglas,1,PRI-1040,100,100,0
Douglas,1,PRI-1041,99,99,0
Douglas,1,PRI-1042,100,100,0
Douglas,1,PRI-1043,100,100,0
Douglas,1,PRI-1044,100,100,0
Douglas,1,PRI-1045,100,100,0
Douglas,1,PRI-1046,99,99,0
Douglas,1,PRI-1047,100,100,0
Douglas,1,PRI-1048,100,100,0
Douglas,1,PRI-1049,99,99,0
Douglas,1,PRI-1050,100,100,0
Douglas,1,PRI-1051,100,100,0
Douglas,1,PRI-1052,100,100,0
Douglas,1,PRI-1053,100,100,0
Douglas,1,PRI-1054,88,88,0
Douglas,1,PRI-1055,35,35,0
Douglas,1,PRI-1056,35,35,0
Douglas,1,PRI-1057,100,100,0
Douglas,1,PRI-1058,100,100,0
Douglas,1,PRI-1059,100,100,0
Douglas,1,PRI-1060,57,57,0
Douglas,1,PRI-1061,100,100,0
Douglas,1,PRI-1062,99,99,0
Douglas,1,PRI-1063,100,100,0
Douglas,1,PRI-1064,60,60,0
Douglas,1,PRI-1065,106,106,0
Douglas,1,PRI-1066,99,99,0
Douglas,1,PRI-1067,100,100,0
Douglas,1,PRI-1068,100,100,0
Douglas,1,PRI-1069,107,107,0
Douglas,1,PRI-1070,100,100,0
Douglas,1,PRI-1071,100,100,0
Douglas,1,PRI-1072,100,100,0
Douglas,1,PRI-1073,60,60,0
Douglas,1,PRI-1074,94,94,0
Douglas,1,PRI-1075,100,100,0
Douglas,1,PRI-1076,2,2,0
Douglas,1,PRI-1077,64,64,0
Douglas,1,PRI-1078,97,97,0
Douglas,1,PRI-1079,37,37,0
Douglas,1,PRI-1150,4,4,0
Douglas,1,PRI-1151,7,7,0
Douglas,1,PRI-1152,3,3,0
Douglas,1,PRI-1153,20,20,0
Douglas,1,PRI-1154,10,10,0
Douglas,1,PRI-1155,11,11,0
Douglas,1,PRI-1156,10,10,0
Douglas,1,PRI-1157,6,6,0
Douglas,1,PRI-1158,7,7,0
Douglas,1,PRI-1159,13,13,0
Douglas,1,PRI-1160,7,7,0
Douglas,1,PRI-1161,6,6,0
Douglas,1,PRI-1162,7,7,0
Douglas,1,PRI-1163,9,9,0
Douglas,1,PRI-1164,9,9,0
Douglas,1,PRI-1165,8,8,0
Douglas,1,PRI-1166,7,7,0
Douglas,1,PRI-1167,18,18,0
Douglas,1,PRI-1168,3,3,0
Douglas,1,PRI-1169,38,38,0
Douglas,1,PRI-1170,33,33,0
Douglas,1,PRI-1171,224,224,0
Douglas,1,PRI-1172,308,308,0
Douglas,1,PRI-1173,197,197,0
Eagle,101,1,6,6,0
Eagle,101,2,4,4,0
Eagle,101,3,5,5,0
Eagle,103,1,50,50,0
Eagle,103,10,50,50,0
Eagle,103,100,20,20,0
Eagle,103,101,50,50,0
Eagle,103,102,4,4,0
Eagle,103,103,50,50,0
Eagle,103,104,50,50,0
Eagle,103,105,50,50,0
Eagle,103,106,50,50,0
Eagle,103,107,50,50,0
Eagle,103,108,50,50,0
Eagle,103,109,50,50,0
Eagle,103,11,50,50,0
Eagle,103,110,50,50,0
Eagle,103,111,50,50,0
Eagle,103,112,50,50,0
Eagle,103,113,50,50,0
Eagle,103,114,50,50,0
Eagle,103,115,50,50,0
Eagle,103,116,50,50,0
Eagle,103,117,50,50,0
Eagle,103,118,50,50,0
Eagle,103,119,50,50,0
Eagle,103,12,50,50,0
Eagle,103,120,50,50,0
Eagle,103,121,50,50,0
Eagle,103,122,50,50,0
Eagle,103,123,50,50,0
Eagle,103,124,50,50,0
Eagle,103,125,50,50,0
Eagle,103,126,50,50,0
Eagle,103,127,50,50,0
Eagle,103,128,50,50,0
Eagle,103,129,50,50,0
Eagle,103,13,50,50,0
Eagle,103,130,50,50,0
Eagle,103,131,50,50,0
Eagle,103,132,50,50,0
Eagle,103,133,50,50,0
Eagle,103,134,50,50,0
Eagle,103,135,16,16,0
Eagle,103,136,22,22,0
Eagle,103,137,50,50,0
Eagle,103,138,50,50,0
Eagle,103,139,50,50,0
Eagle,103,14,50,50,0
Eagle,103,140,50,50,0
Eagle,103,141,50,50,0
Eagle,103,142,50,50,0
Eagle,103,143,50,50,0
Eagle,103,144,50,50,0
Eagle,103,145,50,50,0
Eagle,103,146,50,50,0
Eagle,103,147,50,50,0
Eagle,103,148,50,50,0
Eagle,103,149,50,50,0
Eagle,103,15,50,50,0
Eagle,103,150,50,50,0
Eagle,103,151,50,50,0
Eagle,103,152,50,50,0
Eagle,103,153,50,50,0
Eagle,103,154,50,50,0
Eagle,103,155,50,50,0
Eagle,103,156,50,50,0
Eagle,103,157,50,50,0
Eagle,103,158,50,50,0
Eagle,103,159,50,50,0
Eagle,103,16,50,50,0
Eagle,103,160,50,50,0
Eagle,103,161,50,50,0
Eagle,103,162,50,50,0
Eagle,103,163,50,50,0
Eagle,103,164,50,50,0
Eagle,103,165,50,50,0
Eagle,103,166,50,50,0
Eagle,103,167,50,50,0
Eagle,103,168,50,50,0
Eagle,103,169,50,50,0
Eagle,103,17,50,50,0
Eagle,103,170,50,50,0
Eagle,103,171,50,50,0
Eagle,103,172,50,50,0
Eagle,103,173,50,50,0
Eagle,103,174,50,50,0
Eagle,103,175,50,50,0
Eagle,103,176,50,50,0
Eagle,103,177,50,50,0
Eagle,103,178,50,50,0
Eagle,103,179,50,50,0
Eagle,103,18,50,50,0
Eagle,103,180,50,50,0
Eagle,103,181,50,50,0
Eagle,103,182,50,50,0
Eagle,103,183,50,50,0
Eagle,103,184,50,50,0
Eagle,103,185,50,50,0
Eagle,103,186,50,50,0
Eagle,103,187,50,50,0
Eagle,103,188,50,50,0
Eagle,103,189,50,50,0
Eagle,103,19,50,50,0
Eagle,103,190,50,50,0
Eagle,103,191,50,50,0
Eagle,103,192,50,50,0
Eagle,103,193,50,50,0
Eagle,103,194,50,50,0
Eagle,103,195,50,50,0
Eagle,103,196,50,50,0
Eagle,103,197,50,50,0
Eagle,103,198,50,50,0
Eagle,103,199,50,50,0
Eagle,103,2,50,50,0
Eagle,103,20,50,50,0
Eagle,103,200,50,50,0
Eagle,103,201,50,50,0
Eagle,103,202,50,50,0
Eagle,103,203,50,50,0
Eagle,103,204,50,50,0
Eagle,103,205,50,50,0
Eagle,103,206,50,50,0
Eagle,103,207,50,50,0
Eagle,103,208,50,50,0
Eagle,103,209,24,24,0
Eagle,103,21,50,50,0
Eagle,103,210,24,24,0
Eagle,103,211,50,50,0
Eagle,103,212,50,50,0
Eagle,103,213,20,20,0
Eagle,103,214,23,23,0
Eagle,103,22,50,50,0
Eagle,103,23,50,50,0
Eagle,103,24,50,50,0
Eagle,103,25,50,50,0
Eagle,103,26,50,50,0
Eagle,103,27,50,50,0
Eagle,103,28,50,50,0
Eagle,103,29,50,50,0
Eagle,103,3,50,50,0
Eagle,103,30,50,50,0
Eagle,103,31,50,50,0
Eagle,103,32,50,50,0
Eagle,103,33,50,50,0
Eagle,103,34,50,50,0
Eagle,103,35,50,50,0
Eagle,103,36,50,50,0
Eagle,103,37,50,50,0
Eagle,103,38,50,50,0
Eagle,103,39,50,50,0
Eagle,103,4,50,50,0
Eagle,103,40,50,50,0
Eagle,103,41,50,50,0
Eagle,103,42,50,50,0
Eagle,103,43,50,50,0
Eagle,103,44,50,50,0
Eagle,103,45,50,50,0
Eagle,103,46,50,50,0
Eagle,103,47,50,50,0
Eagle,103,48,50,50,0
Eagle,103,49,50,50,0
Eagle,103,5,50,50,0
Eagle,103,50,50,50,0
Eagle,103,51,50,50,0
Eagle,103,52,50,50,0
Eagle,103,53,50,50,0
Eagle,103,54,50,50,0
Eagle,103,55,50,50,0
Eagle,103,56,50,50,0
Eagle,103,57,50,50,0
Eagle,103,58,50,50,0
Eagle,103,59,50,50,0
Eagle,103,6,50,50,0
Eagle,103,60,50,50,0
Eagle,103,61,50,50,0
Eagle,103,62,50,50,0
Eagle,103,63,50,50,0
Eagle,103,64,50,50,0
Eagle,103,65,50,50,0
Eagle,103,66,50,50,0
Eagle,103,67,34,34,0
Eagle,103,68,10,10,0
Eagle,103,69,50,50,0
Eagle,103,7,50,50,0
Eagle,103,70,50,50,0
Eagle,103,71,50,50,0
Eagle,103,72,50,50,0
Eagle,103,73,50,50,0
Eagle,103,74,50,50,0
Eagle,103,75,50,50,0
Eagle,103,76,50,50,0
Eagle,103,77,50,50,0
Eagle,103,78,50,50,0
Eagle,103,79,50,50,0
Eagle,103,8,50,50,0
Eagle,103,80,50,50,0
Eagle,103,81,50,50,0
Eagle,103,82,50,50,0
Eagle,103,83,50,50,0
Eagle,103,84,50,50,0
Eagle,103,85,50,50,0
Eagle,103,86,50,50,0
Eagle,103,87,50,50,0
Eagle,103,88,50,50,0
Eagle,103,89,50,50,0
Eagle,103,9,50,50,0
Eagle,103,90,50,50,0
Eagle,103,91,50,50,0
Eagle,103,92,50,50,0
Eagle,103,93,50,50,0
Eagle,103,94,50,50,0
Eagle,103,95,50,50,0
Eagle,103,96,50,50,0
Eagle,103,97,50,50,0
Eagle,103,98,50,50,0
Eagle,103,99,50,50,0
Elbert,1,VBM-0001,50,50,0
Elbert,1,VBM-0002,50,50,0
Elbert,1,VBM-0003,50,50,0
Elbert,1,VBM-0004,50,50,0
Elbert,1,VBM-0005,50,50,0
Elbert,1,VBM-0006,50,50,0
Elbert,1,VBM-0007,50,50,0
Elbert,1,VBM-0008,50,50,0
Elbert,1,VBM-0009,50,50,0
Elbert,1,VBM-0010,50,50,0
Elbert,1,VBM-0011,50,50,0
Elbert,1,VBM-0012,50,50,0
Elbert,1,VBM-0013,50,50,0
Elbert,1,VBM-0014,50,50,0
Elbert,1,VBM-0015,50,50,0
Elbert,1,VBM-0016,50,50,0
Elbert,1,VBM-0017,50,50,0
Elbert,1,VBM-0018,50,50,0
Elbert,1,VBM-0019,50,50,0
Elbert,1,VBM-0020,50,50,0
Elbert,1,VBM-0021,50,50,0
Elbert,1,VBM-0022,50,50,0
Elbert,1,VBM-0023,50,50,0
Elbert,1,VBM-0024,50,50,0
Elbert,1,VBM-0025,50,50,0
Elbert,1,VBM-0026,50,50,0
Elbert,1,VBM-0027,50,50,0
Elbert,1,VBM-0028,50,50,0
Elbert,1,VBM-0029,50,50,0
Elbert,1,VBM-0030,50,50,0
Elbert,1,VBM-0031,50,50,0
Elbert,1,VBM-0032,50,50,0
Elbert,1,VBM-0033,50,50,0
Elbert,1,VBM-0034,50,50,0
Elbert,1,VBM-0035,50,50,0
Elbert,1,VBM-0036,50,50,0
Elbert,1,VBM-0037,50,50,0
Elbert,1,VBM-0038,50,50,0
Elbert,1,VBM-0039,50,50,0
Elbert,1,VBM-0040,50,50,0
Elbert,1,VBM-0041,50,50,0
Elbert,1,VBM-0042,50,50,0
Elbert,1,VBM-0043,50,50,0
Elbert,1,VBM-0044,50,50,0
Elbert,1,VBM-0045,50,50,0
Elbert,1,VBM-0046,50,50,0
Elbert,1,VBM-0047,50,50,0
Elbert,1,VBM-0048,50,50,0
Elbert,1,VBM-0049,50,50,0
Elbert,1,VBM-0050,50,50,0
Elbert,1,VBM-0051,50,50,0
Elbert,1,VBM-0052,50,50,0
Elbert,1,VBM-0053,50,50,0
Elbert,1,VBM-0054,50,50,0
Elbert,1,VBM-0055,50,50,0
Elbert,1,VBM-0056,50,50,0
Elbert,1,VBM-0057,50,50,0
Elbert,1,VBM-0058,50,50,0
Elbert,1,VBM-0059,50,50,0
Elbert,1,VBM-0060,50,50,0
Elbert,1,VBM-0061,50,50,0
Elbert,1,VBM-0062,50,50,0
Elbert,1,VBM-0063,50,50,0
Elbert,1,VBM-0064,50,50,0
Elbert,1,VBM-0065,50,50,0
Elbert,1,VBM-0066,50,50,0
Elbert,1,VBM-0067,50,50,0
Elbert,1,VBM-0068,50,50,0
Elbert,1,VBM-0069,50,50,0
Elbert,1,VBM-0070,50,50,0
Elbert,1,VBM-0071,50,50,0
Elbert,1,VBM-0072,50,50,0
Elbert,1,VBM-0073,50,50,0
Elbert,1,VBM-0074,50,50,0
Elbert,1,VBM-0075,50,50,0
Elbert,1,VBM-0076,50,50,0
Elbert,1,VBM-0077,50,50,0
Elbert,1,VBM-0078,50,50,0
Elbert,1,VBM-0079,50,50,0
Elbert,1,VBM-0080,50,50,0
Elbert,1,VBM-0081,50,50,0
Elbert,1,VBM-0082,50,50,0
Elbert,1,VBM-0083,50,50,0
Elbert,1,VBM-0084,50,50,0
Elbert,1,VBM-0085,50,50,0
Elbert,1,VBM-0086,50,50,0
Elbert,1,VBM-0087,50,50,0
Elbert,1,VBM-0088,50,50,0
Elbert,1,VBM-0089,50,50,0
Elbert,1,VBM-0090,50,50,0
Elbert,1,VBM-0091,50,50,0
Elbert,1,VBM-0092,50,50,0
Elbert,1,VBM-0093,50,50,0
Elbert,1,VBM-0094,50,50,0
Elbert,1,VBM-0095,50,50,0
Elbert,1,VBM-0096,50,50,0
Elbert,1,VBM-0097,50,50,0
Elbert,1,VBM-0098,50,50,0
Elbert,1,VBM-0099,50,50,0
Elbert,1,VBM-0100,50,50,0
Elbert,1,VBM-0101,50,50,0
Elbert,1,VBM-0102,50,50,0
Elbert,1,VBM-0103,50,50,0
Elbert,1,VBM-0104,50,50,0
Elbert,1,VBM-0105,50,50,0
Elbert,1,VBM-0106,50,50,0
Elbert,1,VBM-0107,50,50,0
Elbert,1,VBM-0108,50,50,0
Elbert,1,VBM-0109,50,50,0
Elbert,1,VBM-0110,50,50,0
Elbert,1,VBM-0111,50,50,0
Elbert,1,VBM-0112,50,50,0
Elbert,1,VBM-0113,50,50,0
Elbert,1,VBM-0114,50,50,0
Elbert,1,VBM-0115,50,50,0
Elbert,1,VBM-0116,50,50,0
Elbert,1,VBM-0117,50,50,0
Elbert,1,VBM-0118,50,50,0
Elbert,1,VBM-0119,50,50,0
Elbert,1,VBM-0120,50,50,0
Elbert,1,VBM-0121,50,50,0
Elbert,1,VBM-0122,50,50,0
Elbert,1,VBM-0123,50,50,0
Elbert,1,VBM-0124,50,50,0
Elbert,1,VBM-0125,50,50,0
Elbert,1,VBM-0126,50,50,0
Elbert,1,VBM-0127,50,50,0
Elbert,1,VBM-0128,50,50,0
Elbert,1,VBM-0129,50,50,0
Elbert,1,VBM-0130,50,50,0
Elbert,1,VBM-0131,50,50,0
Elbert,1,VBM-0132,50,50,0
Elbert,1,VBM-0133,50,50,0
Elbert,1,VBM-0134,50,50,0
Elbert,1,VBM-0135,50,50,0
Elbert,1,VBM-0136,50,50,0
Elbert,1,VBM-0137,50,50,0
Elbert,1,VBM-0138,50,50,0
Elbert,1,VBM-0139,50,50,0
Elbert,1,VBM-0140,50,50,0
Elbert,1,VBM-0141,50,50,0
Elbert,1,VBM-0142,50,50,0
Elbert,1,VBM-0143,50,50,0
Elbert,1,VBM-0144,50,50,0
Elbert,1,VBM-0145,50,50,0
Elbert,1,VBM-0146,50,50,0
Elbert,1,VBM-0147,50,50,0
Elbert,1,VBM-0148,50,50,0
Elbert,1,VBM-0149,50,50,0
Elbert,1,VBM-0150,50,50,0
Elbert,1,VBM-0151,50,50,0
Elbert,1,VBM-0152,50,50,0
Elbert,1,VBM-0153,50,50,0
Elbert,1,VBM-0154,50,50,0
Elbert,1,VBM-0155,50,50,0
Elbert,1,VBM-0156,50,50,0
Elbert,1,VBM-0157,50,50,0
Elbert,1,VBM-0158,50,50,0
Elbert,1,VBM-0159,50,50,0
Elbert,1,VBM-0160,50,50,0
Elbert,1,VBM-0161,50,50,0
Elbert,1,VBM-0162,50,50,0
Elbert,1,VBM-0163,50,50,0
Elbert,1,VBM-0164,50,50,0
Elbert,1,VBM-0165,50,50,0
Elbert,1,VBM-0166,50,50,0
Elbert,1,VBM-0167,50,50,0
Elbert,1,VBM-0168,50,50,0
Elbert,1,VBM-0169,50,50,0
Elbert,1,VBM-0170,50,50,0
Elbert,1,VBM-0171,50,50,0
Elbert,1,VBM-0172,50,50,0
Elbert,1,VBM-0173,50,50,0
Elbert,1,VBM-0174,50,50,0
Elbert,1,VBM-0175,50,50,0
Elbert,1,VBM-0176,50,50,0
Elbert,1,VBM-0177,50,50,0
Elbert,1,VBM-0178,50,50,0
Elbert,1,VBM-0179,50,50,0
Elbert,1,VBM-0180,50,50,0
Elbert,1,VBM-0181,50,50,0
Elbert,1,VBM-0182,50,50,0
Elbert,1,VBM-0183,50,50,0
Elbert,1,VBM-0184,50,50,0
Elbert,1,VBM-0185,50,50,0
Elbert,1,VBM-0186,50,50,0
Elbert,1,VBM-0187,50,50,0
Elbert,1,VBM-0188,50,50,0
Elbert,1,VBM-0189,50,50,0
Elbert,1,VBM-0190,50,50,0
Elbert,1,VBM-0191,50,50,0
Elbert,1,VBM-0192,50,50,0
Elbert,1,VBM-0193,50,50,0
Elbert,1,VBM-0194,50,50,0
Elbert,1,VBM-0195,50,50,0
Elbert,1,VBM-0196,50,50,0
Elbert,1,VBM-0197,50,50,0
Elbert,1,VBM-0198,50,50,0
Elbert,1,VBM-0199,19,19,0
El Paso,101,1,74,74,0
El Paso,101,10,98,98,0
El Paso,101,100,88,88,0
El Paso,101,101,99,99,0
El Paso,101,102,96,96,0
El Paso,101,103,92,92,0
El Paso,101,104,96,96,0
El Paso,101,105,99,99,0
El Paso,101,106,100,100,0
El Paso,101,107,99,99,0
El Paso,101,108,94,94,0
El Paso,101,109,95,95,0
El Paso,101,11,25,25,0
El Paso,101,110,95,95,0
El Paso,101,111,96,96,0
El Paso,101,112,99,99,0
El Paso,101,113,100,100,0
El Paso,101,114,100,100,0
El Paso,101,115,98,98,0
El Paso,101,116,98,98,0
El Paso,101,117,97,97,0
El Paso,101,118,99,99,0
El Paso,101,119,96,96,0
El Paso,101,12,25,25,0
El Paso,101,120,100,100,0
El Paso,101,121,99,99,0
El Paso,101,122,99,99,0
El Paso,101,123,99,99,0
El Paso,101,124,99,99,0
El Paso,101,125,62,62,0
El Paso,101,126,100,100,0
El Paso,101,127,100,100,0
El Paso,101,128,97,97,0
El Paso,101,129,100,100,0
El Paso,101,13,25,25,0
El Paso,101,130,76,76,0
El Paso,101,131,99,99,0
El Paso,101,132,97,97,0
El Paso,101,133,99,99,0
El Paso,101,134,93,93,0
El Paso,101,135,98,98,0
El Paso,101,136,95,95,0
El Paso,101,137,100,100,0
El Paso,101,138,98,98,0
El Paso,101,139,99,99,0
El Paso,101,14,25,25,0
El Paso,101,140,100,100,0
El Paso,101,141,99,99,0
El Paso,101,142,93,93,0
El Paso,101,143,99,99,0
El Paso,101,144,100,100,0
El Paso,101,145,100,100,0
El Paso,101,146,99,99,0
El Paso,101,147,100,100,0
El Paso,101,148,95,95,0
El Paso,101,149,28,28,0
El Paso,101,15,97,97,0
El Paso,101,150,99,99,0
El Paso,101,151,95,95,0
El Paso,101,152,100,100,0
El Paso,101,153,99,99,0
El Paso,101,154,98,98,0
El Paso,101,155,99,99,0
El Paso,101,156,39,39,0
El Paso,101,157,97,97,0
El Paso,101,158,98,98,0
El Paso,101,159,98,98,0
El Paso,101,16,91,91,0
El Paso,101,160,99,99,0
El Paso,101,161,95,95,0
El Paso,101,162,100,100,0
El Paso,101,163,95,95,0
El Paso,101,164,99,99,0
El Paso,101,165,99,99,0
El Paso,101,166,99,99,0
El Paso,101,167,96,96,0
El Paso,101,168,100,100,0
El Paso,101,169,96,96,0
El Paso,101,17,96,96,0
El Paso,101,170,98,98,0
El Paso,101,171,99,99,0
El Paso,101,172,99,99,0
El Paso,101,173,99,99,0
El Paso,101,174,99,99,0
El Paso,101,175,100,100,0
El Paso,101,176,99,99,0
El Paso,101,177,99,99,0
El Paso,101,178,97,97,0
El Paso,101,179,100,100,0
El Paso,101,18,92,92,0
El Paso,101,180,99,99,0
El Paso,101,181,98,98,0
El Paso,101,182,100,100,0
El Paso,101,183,96,96,0
El Paso,101,184,91,91,0
El Paso,101,185,90,90,0
El Paso,101,186,100,100,0
El Paso,101,187,98,98,0
El Paso,101,188,99,99,0
El Paso,101,189,99,99,0
El Paso,101,19,4,4,0
El Paso,101,190,99,99,0
El Paso,101,191,94,94,0
El Paso,101,192,99,99,0
El Paso,101,193,95,95,0
El Paso,101,194,98,98,0
El Paso,101,195,93,93,0
El Paso,101,196,88,88,0
El Paso,101,197,95,95,0
El Paso,101,198,99,99,0
El Paso,101,199,99,99,0
El Paso,101,2,89,89,0
El Paso,101,20,99,99,0
El Paso,101,200,99,99,0
El Paso,101,201,99,99,0
El Paso,101,202,97,97,0
El Paso,101,203,17,17,0
El Paso,101,204,98,98,0
El Paso,101,205,97,97,0
El Paso,101,206,94,94,0
El Paso,101,207,74,74,0
El Paso,101,208,97,97,0
El Paso,101,209,91,91,0
El Paso,101,21,25,25,0
El Paso,101,210,97,97,0
El Paso,101,211,99,99,0
El Paso,101,212,86,86,0
El Paso,101,213,94,94,0
El Paso,101,214,99,99,0
El Paso,101,215,91,91,0
El Paso,101,216,90,90,0
El Paso,101,217,97,97,0
El Paso,101,218,92,92,0
El Paso,101,219,97,97,0
El Paso,101,22,25,25,0
El Paso,101,220,96,96,0
El Paso,101,221,95,95,0
El Paso,101,222,93,93,0
El Paso,101,223,98,98,0
El Paso,101,224,100,100,0
El Paso,101,225,97,97,0
El Paso,101,226,99,99,0
El Paso,101,227,100,100,0
El Paso,101,228,99,99,0
El Paso,101,23,97,97,0
El Paso,101,230,94,94,0
El Paso,101,231,98,98,0
El Paso,101,232,100,100,0
El Paso,101,233,100,100,0
El Paso,101,234,94,94,0
El Paso,101,235,99,99,0
El Paso,101,236,95,95,0
El Paso,101,237,98,98,0
El Paso,101,238,100,100,0
El Paso,101,239,100,100,0
El Paso,101,24,98,98,0
El Paso,101,240,99,99,0
El Paso,101,241,100,100,0
El Paso,101,242,97,97,0
El Paso,101,243,100,100,0
El Paso,101,244,100,100,0
El Paso,101,245,100,100,0
El Paso,101,246,100,100,0
El Paso,101,247,99,99,0
El Paso,101,248,100,100,0
El Paso,101,249,72,72,0
El Paso,101,25,4,4,0
El Paso,101,250,99,99,0
El Paso,101,251,99,99,0
El Paso,101,252,99,99,0
El Paso,101,253,100,100,0
El Paso,101,254,100,100,0
El Paso,101,255,92,92,0
El Paso,101,256,97,97,0
El Paso,101,257,98,98,0
El Paso,101,258,96,96,0
El Paso,101,259,96,96,0
El Paso,101,26,24,24,0
El Paso,101,260,95,95,0
El Paso,101,261,100,100,0
El Paso,101,262,99,99,0
El Paso,101,263,99,99,0
El Paso,101,264,98,98,0
El Paso,101,265,97,97,0
El Paso,101,266,13,13,0
El Paso,101,268,98,98,0
El Paso,101,269,99,99,0
El Paso,101,27,92,92,0
El Paso,101,270,100,100,0
El Paso,101,271,94,94,0
El Paso,101,272,98,98,0
El Paso,101,273,95,95,0
El Paso,101,274,98,98,0
El Paso,101,275,100,100,0
El Paso,101,276,95,95,0
El Paso,101,277,99,99,0
El Paso,101,278,99,99,0
El Paso,101,279,98,98,0
El Paso,101,28,95,95,0
El Paso,101,280,100,100,0
El Paso,101,281,96,96,0
El Paso,101,282,98,98,0
El Paso,101,283,100,100,0
El Paso,101,284,94,94,0
El Paso,101,285,99,99,0
El Paso,101,286,99,99,0
El Paso,101,287,50,50,0
El Paso,101,288,95,95,0
El Paso,101,289,98,98,0
El Paso,101,29,95,95,0
El Paso,101,290,100,100,0
El Paso,101,292,98,98,0
El Paso,101,293,99,99,0
El Paso,101,294,99,99,0
El Paso,101,295,95,95,0
El Paso,101,296,98,98,0
El Paso,101,297,91,91,0
El Paso,101,298,98,98,0
El Paso,101,299,41,41,0
El Paso,101,3,74,74,0
El Paso,101,30,95,95,0
El Paso,101,300,99,99,0
El Paso,101,301,25,25,0
El Paso,101,302,98,98,0
El Paso,101,303,99,99,0
El Paso,101,304,97,97,0
El Paso,101,305,97,97,0
El Paso,101,306,95,95,0
El Paso,101,307,93,93,0
El Paso,101,308,99,99,0
El Paso,101,309,98,98,0
El Paso,101,31,25,25,0
El Paso,101,310,99,99,0
El Paso,101,312,90,90,0
El Paso,101,313,93,93,0
El Paso,101,314,1,1,0
El Paso,101,315,99,99,0
El Paso,101,316,48,48,0
El Paso,101,317,100,100,0
El Paso,101,318,94,94,0
El Paso,101,319,2,2,0
El Paso,101,32,25,25,0
El Paso,101,320,99,99,0
El Paso,101,321,99,99,0
El Paso,101,322,95,95,0
El Paso,101,323,99,99,0
El Paso,101,324,93,93,0
El Paso,101,325,98,98,0
El Paso,101,326,99,99,0
El Paso,101,327,99,99,0
El Paso,101,328,99,99,0
El Paso,101,329,95,95,0
El Paso,101,33,99,99,0
El Paso,101,330,100,100,0
El Paso,101,331,100,100,0
El Paso,101,332,95,95,0
El Paso,101,333,98,98,0
El Paso,101,334,85,85,0
El Paso,101,335,97,97,0
El Paso,101,336,97,97,0
El Paso,101,337,93,93,0
El Paso,101,338,99,99,0
El Paso,101,339,97,97,0
El Paso,101,34,98,98,0
El Paso,101,340,100,100,0
El Paso,101,342,96,96,0
El Paso,101,343,98,98,0
El Paso,101,344,98,98,0
El Paso,101,345,100,100,0
El Paso,101,346,95,95,0
El Paso,101,347,99,99,0
El Paso,101,348,98,98,0
El Paso,101,349,100,100,0
El Paso,101,35,95,95,0
El Paso,101,350,100,100,0
El Paso,101,351,23,23,0
El Paso,101,352,94,94,0
El Paso,101,353,99,99,0
El Paso,101,354,98,98,0
El Paso,101,355,95,95,0
El Paso,101,356,100,100,0
El Paso,101,357,99,99,0
El Paso,101,358,92,92,0
El Paso,101,359,41,41,0
El Paso,101,36,91,91,0
El Paso,101,360,98,98,0
El Paso,101,361,97,97,0
El Paso,101,362,96,96,0
El Paso,101,363,99,99,0
El Paso,101,364,98,98,0
El Paso,101,365,98,98,0
El Paso,101,366,96,96,0
El Paso,101,367,98,98,0
El Paso,101,368,97,97,0
El Paso,101,369,99,99,0
El Paso,101,37,96,96,0
El Paso,101,370,98,98,0
El Paso,101,371,98,98,0
El Paso,101,372,97,97,0
El Paso,101,373,97,97,0
El Paso,101,374,96,96,0
El Paso,101,375,98,98,0
El Paso,101,376,64,64,0
El Paso,101,377,99,99,0
El Paso,101,378,98,98,0
El Paso,101,379,96,96,0
El Paso,101,38,86,86,0
El Paso,101,380,99,99,0
El Paso,101,381,88,88,0
El Paso,101,382,99,99,0
El Paso,101,383,99,99,0
El Paso,101,384,97,97,0
El Paso,101,385,98,98,0
El Paso,101,386,97,97,0
El Paso,101,387,97,97,0
El Paso,101,388,100,100,0
El Paso,101,389,94,94,0
El Paso,101,39,99,99,0
El Paso,101,390,98,98,0
El Paso,101,391,99,99,0
El Paso,101,392,98,98,0
El Paso,101,393,99,99,0
El Paso,101,394,98,98,0
El Paso,101,395,100,100,0
El Paso,101,396,59,59,0
El Paso,101,397,97,97,0
El Paso,101,398,100,100,0
El Paso,101,399,99,99,0
El Paso,101,4,97,97,0
El Paso,101,40,98,98,0
El Paso,101,400,100,100,0
El Paso,101,402,99,99,0
El Paso,101,403,96,96,0
El Paso,101,404,99,99,0
El Paso,101,405,31,31,0
El Paso,101,406,94,94,0
El Paso,101,407,98,98,0
El Paso,101,408,93,93,0
El Paso,101,409,97,97,0
El Paso,101,41,99,99,0
El Paso,101,410,92,92,0
El Paso,101,411,98,98,0
El Paso,101,412,97,97,0
El Paso,101,413,98,98,0
El Paso,101,414,99,99,0
El Paso,101,415,99,99,0
El Paso,101,416,96,96,0
El Paso,101,417,98,98,0
El Paso,101,418,99,99,0
El Paso,101,419,90,90,0
El Paso,101,42,99,99,0
El Paso,101,420,96,96,0
El Paso,101,421,100,100,0
El Paso,101,422,98,98,0
El Paso,101,423,100,100,0
El Paso,101,424,96,96,0
El Paso,101,425,25,25,0
El Paso,101,427,96,96,0
El Paso,101,428,99,99,0
El Paso,101,429,95,95,0
El Paso,101,43,94,94,0
El Paso,101,430,71,71,0
El Paso,101,431,100,100,0
El Paso,101,432,96,96,0
El Paso,101,433,97,97,0
El Paso,101,434,95,95,0
El Paso,101,435,98,98,0
El Paso,101,436,96,96,0
El Paso,101,437,96,96,0
El Paso,101,439,100,100,0
El Paso,101,44,95,95,0
El Paso,101,440,97,97,0
El Paso,101,441,96,96,0
El Paso,101,442,100,100,0
El Paso,101,443,98,98,0
El Paso,101,444,73,73,0
El Paso,101,445,95,95,0
El Paso,101,446,97,97,0
El Paso,101,447,100,100,0
El Paso,101,449,100,100,0
El Paso,101,45,97,97,0
El Paso,101,450,94,94,0
El Paso,101,451,98,98,0
El Paso,101,452,99,99,0
El Paso,101,453,96,96,0
El Paso,101,454,94,94,0
El Paso,101,455,98,98,0
El Paso,101,456,8,8,0
El Paso,101,457,82,82,0
El Paso,101,458,90,90,0
El Paso,101,459,97,97,0
El Paso,101,46,100,100,0
El Paso,101,460,99,99,0
El Paso,101,461,98,98,0
El Paso,101,462,100,100,0
El Paso,101,463,99,99,0
El Paso,101,464,97,97,0
El Paso,101,465,100,100,0
El Paso,101,466,100,100,0
El Paso,101,467,99,99,0
El Paso,101,468,97,97,0
El Paso,101,469,2,2,0
El Paso,101,47,97,97,0
El Paso,101,470,96,96,0
El Paso,101,471,97,97,0
El Paso,101,472,48,48,0
El Paso,101,473,100,100,0
El Paso,101,474,98,98,0
El Paso,101,475,94,94,0
El Paso,101,476,100,100,0
El Paso,101,477,96,96,0
El Paso,101,478,100,100,0
El Paso,101,479,99,99,0
El Paso,101,48,95,95,0
El Paso,101,480,93,93,0
El Paso,101,481,98,98,0
El Paso,101,482,95,95,0
El Paso,101,483,98,98,0
El Paso,101,484,95,95,0
El Paso,101,485,94,94,0
El Paso,101,486,99,99,0
El Paso,101,487,94,94,0
El Paso,101,488,94,94,0
El Paso,101,489,96,96,0
El Paso,101,49,100,100,0
El Paso,101,490,99,99,0
El Paso,101,491,96,96,0
El Paso,101,492,94,94,0
El Paso,101,493,97,97,0
El Paso,101,494,97,97,0
El Paso,101,495,99,99,0
El Paso,101,496,96,96,0
El Paso,101,497,99,99,0
El Paso,101,498,93,93,0
El Paso,101,499,92,92,0
El Paso,101,5,99,99,0
El Paso,101,50,93,93,0
El Paso,101,500,95,95,0
El Paso,101,501,98,98,0
El Paso,101,502,93,93,0
El Paso,101,503,98,98,0
El Paso,101,504,99,99,0
El Paso,101,505,99,99,0
El Paso,101,506,99,99,0
El Paso,101,507,100,100,0
El Paso,101,508,94,94,0
El Paso,101,509,95,95,0
El Paso,101,51,99,99,0
El Paso,101,510,100,100,0
El Paso,101,511,96,96,0
El Paso,101,512,90,90,0
El Paso,101,513,95,95,0
El Paso,101,514,96,96,0
El Paso,101,515,100,100,0
El Paso,101,516,46,46,0
El Paso,101,517,95,95,0
El Paso,101,518,96,96,0
El Paso,101,519,99,99,0
El Paso,101,52,99,99,0
El Paso,101,520,100,100,0
El Paso,101,521,100,100,0
El Paso,101,522,98,98,0
El Paso,101,523,42,42,0
El Paso,101,524,95,95,0
El Paso,101,525,90,90,0
El Paso,101,526,99,99,0
El Paso,101,527,99,99,0
El Paso,101,528,90,90,0
El Paso,101,529,95,95,0
El Paso,101,53,100,100,0
El Paso,101,530,96,96,0
El Paso,101,531,91,91,0
El Paso,101,532,91,91,0
El Paso,101,533,100,100,0
El Paso,101,534,98,98,0
El Paso,101,535,90,90,0
El Paso,101,536,91,91,0
El Paso,101,537,91,91,0
El Paso,101,538,95,95,0
El Paso,101,539,95,95,0
El Paso,101,54,100,100,0
El Paso,101,540,95,95,0
El Paso,101,541,95,95,0
El Paso,101,542,94,94,0
El Paso,101,543,92,92,0
El Paso,101,544,92,92,0
El Paso,101,545,97,97,0
El Paso,101,546,99,99,0
El Paso,101,547,94,94,0
El Paso,101,548,98,98,0
El Paso,101,549,94,94,0
El Paso,101,55,99,99,0
El Paso,101,550,92,92,0
El Paso,101,551,96,96,0
El Paso,101,552,95,95,0
El Paso,101,553,75,75,0
El Paso,101,554,54,54,0
El Paso,101,555,95,95,0
El Paso,101,556,69,69,0
El Paso,101,557,71,71,0
El Paso,101,558,73,73,0
El Paso,101,559,70,70,0
El Paso,101,56,99,99,0
El Paso,101,560,72,72,0
El Paso,101,561,71,71,0
El Paso,101,562,25,25,0
El Paso,101,563,71,71,0
El Paso,101,564,71,71,0
El Paso,101,565,70,70,0
El Paso,101,566,67,67,0
El Paso,101,567,71,71,0
El Paso,101,568,71,71,0
El Paso,101,569,67,67,0
El Paso,101,57,59,59,0
El Paso,101,570,72,72,0
El Paso,101,571,73,73,0
El Paso,101,572,25,25,0
El Paso,101,573,9,9,0
El Paso,101,574,25,25,0
El Paso,101,575,25,25,0
El Paso,101,576,90,90,0
El Paso,101,577,40,40,0
El Paso,101,578,100,100,0
El Paso,101,579,22,22,0
El Paso,101,58,100,100,0
El Paso,101,580,30,30,0
El Paso,101,581,36,36,0
El Paso,101,582,26,26,0
El Paso,101,583,59,59,0
El Paso,101,584,21,21,0
El Paso,101,585,37,37,0
El Paso,101,586,1,1,0
El Paso,101,587,17,17,0
El Paso,101,588,19,19,0
El Paso,101,589,76,76,0
El Paso,101,59,99,99,0
El Paso,101,590,44,44,0
El Paso,101,591,1,1,0
El Paso,101,592,25,25,0
El Paso,101,593,75,75,0
El Paso,101,594,26,26,0
El Paso,101,595,31,31,0
El Paso,101,596,36,36,0
El Paso,101,597,88,88,0
El Paso,101,598,93,93,0
El Paso,101,599,1,1,0
El Paso,101,6,100,100,0
El Paso,101,60,100,100,0
El Paso,101,600,14,14,0
El Paso,101,601,1,1,0
El Paso,101,602,2,2,0
El Paso,101,603,3,3,0
El Paso,101,61,98,98,0
El Paso,101,62,98,98,0
El Paso,101,63,96,96,0
El Paso,101,64,1,1,0
El Paso,101,65,99,99,0
El Paso,101,66,95,95,0
El Paso,101,67,98,98,0
El Paso,101,68,97,97,0
El Paso,101,69,96,96,0
El Paso,101,7,74,74,0
El Paso,101,70,97,97,0
El Paso,101,71,99,99,0
El Paso,101,72,34,34,0
El Paso,101,73,97,97,0
El Paso,101,74,95,95,0
El Paso,101,76,96,96,0
El Paso,101,77,100,100,0
El Paso,101,78,99,99,0
El Paso,101,79,100,100,0
El Paso,101,8,100,100,0
El Paso,101,80,100,100,0
El Paso,101,81,100,100,0
El Paso,101,82,100,100,0
El Paso,101,83,100,100,0
El Paso,101,84,96,96,0
El Paso,101,85,98,98,0
El Paso,101,86,95,95,0
El Paso,101,87,94,94,0
El Paso,101,88,100,100,0
El Paso,101,89,98,98,0
El Paso,101,9,99,99,0
El Paso,101,90,98,98,0
El Paso,101,91,78,78,0
El Paso,101,92,86,86,0
El Paso,101,93,98,98,0
El Paso,101,94,100,100,0
El Paso,101,95,65,65,0
El Paso,101,96,97,97,0
El Paso,101,97,94,94,0
El Paso,101,98,99,99,0
El Paso,101,99,98,98,0
El Paso,201,1,100,100,0
El Paso,201,10,100,100,0
El Paso,201,100,97,97,0
El Paso,201,101,97,97,0
El Paso,201,102,94,94,0
El Paso,201,103,49,49,0
El Paso,201,104,93,93,0
El Paso,201,105,93,93,0
El Paso,201,106,93,93,0
El Paso,201,107,95,95,0
El Paso,201,108,86,86,0
El Paso,201,109,88,88,0
El Paso,201,11,4,4,0
El Paso,201,110,100,100,0
El Paso,201,111,98,98,0
El Paso,201,112,100,100,0
El Paso,201,113,54,54,0
El Paso,201,114,96,96,0
El Paso,201,115,98,98,0
El Paso,201,116,98,98,0
El Paso,201,117,100,100,0
El Paso,201,118,10,10,0
El Paso,201,119,98,98,0
El Paso,201,12,98,98,0
El Paso,201,120,99,99,0
El Paso,201,121,25,25,0
El Paso,201,122,98,98,0
El Paso,201,123,99,99,0
El Paso,201,124,100,100,0
El Paso,201,125,72,72,0
El Paso,201,126,100,100,0
El Paso,201,127,91,91,0
El Paso,201,128,98,98,0
El Paso,201,129,95,95,0
El Paso,201,13,78,78,0
El Paso,201,130,99,99,0
El Paso,201,131,100,100,0
El Paso,201,132,97,97,0
El Paso,201,133,97,97,0
El Paso,201,134,98,98,0
El Paso,201,135,100,100,0
El Paso,201,136,95,95,0
El Paso,201,137,97,97,0
El Paso,201,138,100,100,0
El Paso,201,139,98,98,0
El Paso,201,14,16,16,0
El Paso,201,140,50,50,0
El Paso,201,141,94,94,0
El Paso,201,142,99,99,0
El Paso,201,143,99,99,0
El Paso,201,144,95,95,0
El Paso,201,145,26,26,0
El Paso,201,147,98,98,0
El Paso,201,148,90,90,0
El Paso,201,149,95,95,0
El Paso,201,15,100,100,0
El Paso,201,150,100,100,0
El Paso,201,151,91,91,0
El Paso,201,152,99,99,0
El Paso,201,153,98,98,0
El Paso,201,154,97,97,0
El Paso,201,155,17,17,0
El Paso,201,156,96,96,0
El Paso,201,157,97,97,0
El Paso,201,158,94,94,0
El Paso,201,159,95,95,0
El Paso,201,16,97,97,0
El Paso,201,160,99,99,0
El Paso,201,161,90,90,0
El Paso,201,162,98,98,0
El Paso,201,163,97,97,0
El Paso,201,164,95,95,0
El Paso,201,165,99,99,0
El Paso,201,166,99,99,0
El Paso,201,167,94,94,0
El Paso,201,168,95,95,0
El Paso,201,169,99,99,0
El Paso,201,17,99,99,0
El Paso,201,170,96,96,0
El Paso,201,171,100,100,0
El Paso,201,172,98,98,0
El Paso,201,173,91,91,0
El Paso,201,174,99,99,0
El Paso,201,175,99,99,0
El Paso,201,176,98,98,0
El Paso,201,177,100,100,0
El Paso,201,178,98,98,0
El Paso,201,179,4,4,0
El Paso,201,18,95,95,0
El Paso,201,180,45,45,0
El Paso,201,181,99,99,0
El Paso,201,182,99,99,0
El Paso,201,183,63,63,0
El Paso,201,184,100,100,0
El Paso,201,185,100,100,0
El Paso,201,186,99,99,0
El Paso,201,187,100,100,0
El Paso,201,188,99,99,0
El Paso,201,189,98,98,0
El Paso,201,19,4,4,0
El Paso,201,190,100,100,0
El Paso,201,191,96,96,0
El Paso,201,192,99,99,0
El Paso,201,193,97,97,0
El Paso,201,194,90,90,0
El Paso,201,195,97,97,0
El Paso,201,196,100,100,0
El Paso,201,197,99,99,0
El Paso,201,198,100,100,0
El Paso,201,199,100,100,0
El Paso,201,2,95,95,0
El Paso,201,20,96,96,0
El Paso,201,200,100,100,0
El Paso,201,201,99,99,0
El Paso,201,202,97,97,0
El Paso,201,203,96,96,0
El Paso,201,204,99,99,0
El Paso,201,205,97,97,0
El Paso,201,206,99,99,0
El Paso,201,207,94,94,0
El Paso,201,208,98,98,0
El Paso,201,209,99,99,0
El Paso,201,21,100,100,0
El Paso,201,210,17,17,0
El Paso,201,211,96,96,0
El Paso,201,212,99,99,0
El Paso,201,213,98,98,0
El Paso,201,214,99,99,0
El Paso,201,215,98,98,0
El Paso,201,216,95,95,0
El Paso,201,217,100,100,0
El Paso,201,218,98,98,0
El Paso,201,219,99,99,0
El Paso,201,22,96,96,0
El Paso,201,220,87,87,0
El Paso,201,221,98,98,0
El Paso,201,222,88,88,0
El Paso,201,223,99,99,0
El Paso,201,224,98,98,0
El Paso,201,225,94,94,0
El Paso,201,226,100,100,0
El Paso,201,227,98,98,0
El Paso,201,228,97,97,0
El Paso,201,229,100,100,0
El Paso,201,23,98,98,0
El Paso,201,230,97,97,0
El Paso,201,231,81,81,0
El Paso,201,232,11,11,0
El Paso,201,233,98,98,0
El Paso,201,234,96,96,0
El Paso,201,235,98,98,0
El Paso,201,236,95,95,0
El Paso,201,237,98,98,0
El Paso,201,238,98,98,0
El Paso,201,239,99,99,0
El Paso,201,24,100,100,0
El Paso,201,240,97,97,0
El Paso,201,241,99,99,0
El Paso,201,242,99,99,0
El Paso,201,243,60,60,0
El Paso,201,244,96,96,0
El Paso,201,245,94,94,0
El Paso,201,246,100,100,0
El Paso,201,247,100,100,0
El Paso,201,248,98,98,0
El Paso,201,249,98,98,0
El Paso,201,25,98,98,0
El Paso,201,250,99,99,0
El Paso,201,251,96,96,0
El Paso,201,252,94,94,0
El Paso,201,253,82,82,0
El Paso,201,254,99,99,0
El Paso,201,255,100,100,0
El Paso,201,256,25,25,0
El Paso,201,257,91,91,0
El Paso,201,258,100,100,0
El Paso,201,259,99,99,0
El Paso,201,26,99,99,0
El Paso,201,260,99,99,0
El Paso,201,261,100,100,0
El Paso,201,262,91,91,0
El Paso,201,263,99,99,0
El Paso,201,264,98,98,0
El Paso,201,265,95,95,0
El Paso,201,266,96,96,0
El Paso,201,267,99,99,0
El Paso,201,268,97,97,0
El Paso,201,269,24,24,0
El Paso,201,27,97,97,0
El Paso,201,270,97,97,0
El Paso,201,271,100,100,0
El Paso,201,272,98,98,0
El Paso,201,273,75,75,0
El Paso,201,274,95,95,0
El Paso,201,275,95,95,0
El Paso,201,276,95,95,0
El Paso,201,277,99,99,0
El Paso,201,278,97,97,0
El Paso,201,279,98,98,0
El Paso,201,28,100,100,0
El Paso,201,280,98,98,0
El Paso,201,282,96,96,0
El Paso,201,283,98,98,0
El Paso,201,284,100,100,0
El Paso,201,285,97,97,0
El Paso,201,286,99,99,0
El Paso,201,287,96,96,0
El Paso,201,288,96,96,0
El Paso,201,289,99,99,0
El Paso,201,29,91,91,0
El Paso,201,290,98,98,0
El Paso,201,291,99,99,0
El Paso,201,292,98,98,0
El Paso,201,293,100,100,0
El Paso,201,294,100,100,0
El Paso,201,295,98,98,0
El Paso,201,296,94,94,0
El Paso,201,297,100,100,0
El Paso,201,298,20,20,0
El Paso,201,299,99,99,0
El Paso,201,3,10,10,0
El Paso,201,30,95,95,0
El Paso,201,300,98,98,0
El Paso,201,301,98,98,0
El Paso,201,302,95,95,0
El Paso,201,303,94,94,0
El Paso,201,304,26,26,0
El Paso,201,305,98,98,0
El Paso,201,306,97,97,0
El Paso,201,307,100,100,0
El Paso,201,308,98,98,0
El Paso,201,309,98,98,0
El Paso,201,31,1,1,0
El Paso,201,310,98,98,0
El Paso,201,311,100,100,0
El Paso,201,312,25,25,0
El Paso,201,313,96,96,0
El Paso,201,314,100,100,0
El Paso,201,315,100,100,0
El Paso,201,316,99,99,0
El Paso,201,317,91,91,0
El Paso,201,318,97,97,0
El Paso,201,319,96,96,0
El Paso,201,32,99,99,0
El Paso,201,320,100,100,0
El Paso,201,321,97,97,0
El Paso,201,322,98,98,0
El Paso,201,323,98,98,0
El Paso,201,324,100,100,0
El Paso,201,325,99,99,0
El Paso,201,326,100,100,0
El Paso,201,327,99,99,0
El Paso,201,328,97,97,0
El Paso,201,329,99,99,0
El Paso,201,33,98,98,0
El Paso,201,330,100,100,0
El Paso,201,331,25,25,0
El Paso,201,332,98,98,0
El Paso,201,333,25,25,0
El Paso,201,334,97,97,0
El Paso,201,335,99,99,0
El Paso,201,336,99,99,0
El Paso,201,337,97,97,0
El Paso,201,338,97,97,0
El Paso,201,339,97,97,0
El Paso,201,34,100,100,0
El Paso,201,340,98,98,0
El Paso,201,341,95,95,0
El Paso,201,342,100,100,0
El Paso,201,343,100,100,0
El Paso,201,344,97,97,0
El Paso,201,345,100,100,0
El Paso,201,346,96,96,0
El Paso,201,347,100,100,0
El Paso,201,348,100,100,0
El Paso,201,349,98,98,0
El Paso,201,35,99,99,0
El Paso,201,350,100,100,0
El Paso,201,351,95,95,0
El Paso,201,352,97,97,0
El Paso,201,353,97,97,0
El Paso,201,354,100,100,0
El Paso,201,355,97,97,0
El Paso,201,356,95,95,0
El Paso,201,357,99,99,0
El Paso,201,358,98,98,0
El Paso,201,359,97,97,0
El Paso,201,36,17,17,0
El Paso,201,360,99,99,0
El Paso,201,361,98,98,0
El Paso,201,362,98,98,0
El Paso,201,363,99,99,0
El Paso,201,364,95,95,0
El Paso,201,365,97,97,0
El Paso,201,366,98,98,0
El Paso,201,367,99,99,0
El Paso,201,368,95,95,0
El Paso,201,369,98,98,0
El Paso,201,37,99,99,0
El Paso,201,370,99,99,0
El Paso,201,371,4,4,0
El Paso,201,372,98,98,0
El Paso,201,373,98,98,0
El Paso,201,374,94,94,0
El Paso,201,375,95,95,0
El Paso,201,376,93,93,0
El Paso,201,377,95,95,0
El Paso,201,378,99,99,0
El Paso,201,379,96,96,0
El Paso,201,38,100,100,0
El Paso,201,380,96,96,0
El Paso,201,381,98,98,0
El Paso,201,382,96,96,0
El Paso,201,383,98,98,0
El Paso,201,384,98,98,0
El Paso,201,385,97,97,0
El Paso,201,386,98,98,0
El Paso,201,387,29,29,0
El Paso,201,388,99,99,0
El Paso,201,389,96,96,0
El Paso,201,39,100,100,0
El Paso,201,390,91,91,0
El Paso,201,391,91,91,0
El Paso,201,392,95,95,0
El Paso,201,393,95,95,0
El Paso,201,394,75,75,0
El Paso,201,395,92,92,0
El Paso,201,396,99,99,0
El Paso,201,397,98,98,0
El Paso,201,398,98,98,0
El Paso,201,399,99,99,0
El Paso,201,4,100,100,0
El Paso,201,40,99,99,0
El Paso,201,400,98,98,0
El Paso,201,401,100,100,0
El Paso,201,402,98,98,0
El Paso,201,403,98,98,0
El Paso,201,404,96,96,0
El Paso,201,405,98,98,0
El Paso,201,406,100,100,0
El Paso,201,407,92,92,0
El Paso,201,408,95,95,0
El Paso,201,409,98,98,0
El Paso,201,41,95,95,0
El Paso,201,410,98,98,0
El Paso,201,411,93,93,0
El Paso,201,412,95,95,0
El Paso,201,413,92,92,0
El Paso,201,414,92,92,0
El Paso,201,415,92,92,0
El Paso,201,416,34,34,0
El Paso,201,417,97,97,0
El Paso,201,418,91,91,0
El Paso,201,419,98,98,0
El Paso,201,42,94,94,0
El Paso,201,420,97,97,0
El Paso,201,421,96,96,0
El Paso,201,422,96,96,0
El Paso,201,423,92,92,0
El Paso,201,424,96,96,0
El Paso,201,425,99,99,0
El Paso,201,426,25,25,0
El Paso,201,43,98,98,0
El Paso,201,44,3,3,0
El Paso,201,45,98,98,0
El Paso,201,46,96,96,0
El Paso,201,47,46,46,0
El Paso,201,48,100,100,0
El Paso,201,49,100,100,0
El Paso,201,5,100,100,0
El Paso,201,50,98,98,0
El Paso,201,51,100,100,0
El Paso,201,52,97,97,0
El Paso,201,53,98,98,0
El Paso,201,54,7,7,0
El Paso,201,55,94,94,0
El Paso,201,56,89,89,0
El Paso,201,57,100,100,0
El Paso,201,58,96,96,0
El Paso,201,59,93,93,0
El Paso,201,6,97,97,0
El Paso,201,60,99,99,0
El Paso,201,61,90,90,0
El Paso,201,62,100,100,0
El Paso,201,63,92,92,0
El Paso,201,64,87,87,0
El Paso,201,65,99,99,0
El Paso,201,66,94,94,0
El Paso,201,67,97,97,0
El Paso,201,68,99,99,0
El Paso,201,69,96,96,0
El Paso,201,7,99,99,0
El Paso,201,70,100,100,0
El Paso,201,71,90,90,0
El Paso,201,72,94,94,0
El Paso,201,73,98,98,0
El Paso,201,74,80,80,0
El Paso,201,75,100,100,0
El Paso,201,76,7,7,0
El Paso,201,77,97,97,0
El Paso,201,78,97,97,0
El Paso,201,79,92,92,0
El Paso,201,8,91,91,0
El Paso,201,80,99,99,0
El Paso,201,81,100,100,0
El Paso,201,82,100,100,0
El Paso,201,83,93,93,0
El Paso,201,84,100,100,0
El Paso,201,85,15,15,0
El Paso,201,86,100,100,0
El Paso,201,87,100,100,0
El Paso,201,88,100,100,0
El Paso,201,89,98,98,0
El Paso,201,9,100,100,0
El Paso,201,90,100,100,0
El Paso,201,91,100,100,0
El Paso,201,92,99,99,0
El Paso,201,93,100,100,0
El Paso,201,94,98,98,0
El Paso,201,95,97,97,0
El Paso,201,96,100,100,0
El Paso,201,97,98,98,0
El Paso,201,98,97,97,0
El Paso,201,99,98,98,0
El Paso,301,1,100,100,0
El Paso,301,10,96,96,0
El Paso,301,100,98,98,0
El Paso,301,101,87,87,0
El Paso,301,102,99,99,0
El Paso,301,103,98,98,0
El Paso,301,104,97,97,0
El Paso,301,105,99,99,0
El Paso,301,106,97,97,0
El Paso,301,107,98,98,0
El Paso,301,108,94,94,0
El Paso,301,109,98,98,0
El Paso,301,11,100,100,0
El Paso,301,110,88,88,0
El Paso,301,111,97,97,0
El Paso,301,112,98,98,0
El Paso,301,113,95,95,0
El Paso,301,114,99,99,0
El Paso,301,115,99,99,0
El Paso,301,116,99,99,0
El Paso,301,117,98,98,0
El Paso,301,118,100,100,0
El Paso,301,119,99,99,0
El Paso,301,12,98,98,0
El Paso,301,120,98,98,0
El Paso,301,121,95,95,0
El Paso,301,122,97,97,0
El Paso,301,123,95,95,0
El Paso,301,124,100,100,0
El Paso,301,125,96,96,0
El Paso,301,126,99,99,0
El Paso,301,127,98,98,0
El Paso,301,128,97,97,0
El Paso,301,129,96,96,0
El Paso,301,13,100,100,0
El Paso,301,130,100,100,0
El Paso,301,131,97,97,0
El Paso,301,132,100,100,0
El Paso,301,133,99,99,0
El Paso,301,134,95,95,0
El Paso,301,135,98,98,0
El Paso,301,136,97,97,0
El Paso,301,137,98,98,0
El Paso,301,138,100,100,0
El Paso,301,139,94,94,0
El Paso,301,14,100,100,0
El Paso,301,140,98,98,0
El Paso,301,141,98,98,0
El Paso,301,142,96,96,0
El Paso,301,143,64,64,0
El Paso,301,144,100,100,0
El Paso,301,145,98,98,0
El Paso,301,146,99,99,0
El Paso,301,147,100,100,0
El Paso,301,148,98,98,0
El Paso,301,149,98,98,0
El Paso,301,15,100,100,0
El Paso,301,150,98,98,0
El Paso,301,151,99,99,0
El Paso,301,152,15,15,0
El Paso,301,153,96,96,0
El Paso,301,154,6,6,0
El Paso,301,155,95,95,0
El Paso,301,156,100,100,0
El Paso,301,157,100,100,0
El Paso,301,158,99,99,0
El Paso,301,159,99,99,0
El Paso,301,16,94,94,0
El Paso,301,160,97,97,0
El Paso,301,161,76,76,0
El Paso,301,162,100,100,0
El Paso,301,163,96,96,0
El Paso,301,164,99,99,0
El Paso,301,165,99,99,0
El Paso,301,166,89,89,0
El Paso,301,167,36,36,0
El Paso,301,168,84,84,0
El Paso,301,169,99,99,0
El Paso,301,17,97,97,0
El Paso,301,170,99,99,0
El Paso,301,171,100,100,0
El Paso,301,172,98,98,0
El Paso,301,173,98,98,0
El Paso,301,174,98,98,0
El Paso,301,175,99,99,0
El Paso,301,176,99,99,0
El Paso,301,177,97,97,0
El Paso,301,178,97,97,0
El Paso,301,179,100,100,0
El Paso,301,18,99,99,0
El Paso,301,180,95,95,0
El Paso,301,181,96,96,0
El Paso,301,182,100,100,0
El Paso,301,183,93,93,0
El Paso,301,184,100,100,0
El Paso,301,185,99,99,0
El Paso,301,186,99,99,0
El Paso,301,187,66,66,0
El Paso,301,188,100,100,0
El Paso,301,189,98,98,0
El Paso,301,19,93,93,0
El Paso,301,190,100,100,0
El Paso,301,191,94,94,0
El Paso,301,192,93,93,0
El Paso,301,193,97,97,0
El Paso,301,194,98,98,0
El Paso,301,195,96,96,0
El Paso,301,196,91,91,0
El Paso,301,197,98,98,0
El Paso,301,198,100,100,0
El Paso,301,199,96,96,0
El Paso,301,2,97,97,0
El Paso,301,20,100,100,0
El Paso,301,200,97,97,0
El Paso,301,201,98,98,0
El Paso,301,202,100,100,0
El Paso,301,203,92,92,0
El Paso,301,204,98,98,0
El Paso,301,205,97,97,0
El Paso,301,206,86,86,0
El Paso,301,207,99,99,0
El Paso,301,208,99,99,0
El Paso,301,209,93,93,0
El Paso,301,21,97,97,0
El Paso,301,210,96,96,0
El Paso,301,211,99,99,0
El Paso,301,212,100,100,0
El Paso,301,213,96,96,0
El Paso,301,214,100,100,0
El Paso,301,215,100,100,0
El Paso,301,216,90,90,0
El Paso,301,217,99,99,0
El Paso,301,218,100,100,0
El Paso,301,219,100,100,0
El Paso,301,22,99,99,0
El Paso,301,220,99,99,0
El Paso,301,221,25,25,0
El Paso,301,222,99,99,0
El Paso,301,223,100,100,0
El Paso,301,224,96,96,0
El Paso,301,225,94,94,0
El Paso,301,226,98,98,0
El Paso,301,227,98,98,0
El Paso,301,228,99,99,0
El Paso,301,229,98,98,0
El Paso,301,23,99,99,0
El Paso,301,230,92,92,0
El Paso,301,231,85,85,0
El Paso,301,232,100,100,0
El Paso,301,233,100,100,0
El Paso,301,234,98,98,0
El Paso,301,235,98,98,0
El Paso,301,236,4,4,0
El Paso,301,237,99,99,0
El Paso,301,238,97,97,0
El Paso,301,239,97,97,0
El Paso,301,24,100,100,0
El Paso,301,240,99,99,0
El Paso,301,241,98,98,0
El Paso,301,242,97,97,0
El Paso,301,243,94,94,0
El Paso,301,244,99,99,0
El Paso,301,245,99,99,0
El Paso,301,246,98,98,0
El Paso,301,247,99,99,0
El Paso,301,248,100,100,0
El Paso,301,249,98,98,0
El Paso,301,25,100,100,0
El Paso,301,250,40,40,0
El Paso,301,251,96,96,0
El Paso,301,252,98,98,0
El Paso,301,253,97,97,0
El Paso,301,254,98,98,0
El Paso,301,255,94,94,0
El Paso,301,256,98,98,0
El Paso,301,257,90,90,0
El Paso,301,258,100,100,0
El Paso,301,259,98,98,0
El Paso,301,26,100,100,0
El Paso,301,260,100,100,0
El Paso,301,261,100,100,0
El Paso,301,262,93,93,0
El Paso,301,263,93,93,0
El Paso,301,264,97,97,0
El Paso,301,265,100,100,0
El Paso,301,266,100,100,0
El Paso,301,267,100,100,0
El Paso,301,268,100,100,0
El Paso,301,269,100,100,0
El Paso,301,27,100,100,0
El Paso,301,270,99,99,0
El Paso,301,271,96,96,0
El Paso,301,272,100,100,0
El Paso,301,273,97,97,0
El Paso,301,274,97,97,0
El Paso,301,275,100,100,0
El Paso,301,276,97,97,0
El Paso,301,277,94,94,0
El Paso,301,278,99,99,0
El Paso,301,279,98,98,0
El Paso,301,28,98,98,0
El Paso,301,280,97,97,0
El Paso,301,281,99,99,0
El Paso,301,282,100,100,0
El Paso,301,283,98,98,0
El Paso,301,284,99,99,0
El Paso,301,285,100,100,0
El Paso,301,286,98,98,0
El Paso,301,287,96,96,0
El Paso,301,288,100,100,0
El Paso,301,289,99,99,0
El Paso,301,29,100,100,0
El Paso,301,290,100,100,0
El Paso,301,291,98,98,0
El Paso,301,292,100,100,0
El Paso,301,293,100,100,0
El Paso,301,294,96,96,0
El Paso,301,295,96,96,0
El Paso,301,296,98,98,0
El Paso,301,297,98,98,0
El Paso,301,298,94,94,0
El Paso,301,299,98,98,0
El Paso,301,3,100,100,0
El Paso,301,30,100,100,0
El Paso,301,300,97,97,0
El Paso,301,301,97,97,0
El Paso,301,302,95,95,0
El Paso,301,303,89,89,0
El Paso,301,304,99,99,0
El Paso,301,305,100,100,0
El Paso,301,306,94,94,0
El Paso,301,307,99,99,0
El Paso,301,308,95,95,0
El Paso,301,309,100,100,0
El Paso,301,31,100,100,0
El Paso,301,310,98,98,0
El Paso,301,311,95,95,0
El Paso,301,312,100,100,0
El Paso,301,313,95,95,0
El Paso,301,314,96,96,0
El Paso,301,315,90,90,0
El Paso,301,316,100,100,0
El Paso,301,317,100,100,0
El Paso,301,318,97,97,0
El Paso,301,319,96,96,0
El Paso,301,32,98,98,0
El Paso,301,320,99,99,0
El Paso,301,321,99,99,0
El Paso,301,322,98,98,0
El Paso,301,323,99,99,0
El Paso,301,324,53,53,0
El Paso,301,325,100,100,0
El Paso,301,326,95,95,0
El Paso,301,327,98,98,0
El Paso,301,328,97,97,0
El Paso,301,329,99,99,0
El Paso,301,33,100,100,0
El Paso,301,330,99,99,0
El Paso,301,331,96,96,0
El Paso,301,332,93,93,0
El Paso,301,333,97,97,0
El Paso,301,334,96,96,0
El Paso,301,335,93,93,0
El Paso,301,336,98,98,0
El Paso,301,337,99,99,0
El Paso,301,338,98,98,0
El Paso,301,339,97,97,0
El Paso,301,34,52,52,0
El Paso,301,340,96,96,0
El Paso,301,341,94,94,0
El Paso,301,342,95,95,0
El Paso,301,343,98,98,0
El Paso,301,344,96,96,0
El Paso,301,345,95,95,0
El Paso,301,346,96,96,0
El Paso,301,347,96,96,0
El Paso,301,348,87,87,0
El Paso,301,349,92,92,0
El Paso,301,35,99,99,0
El Paso,301,350,100,100,0
El Paso,301,351,100,100,0
El Paso,301,352,98,98,0
El Paso,301,353,98,98,0
El Paso,301,354,60,60,0
El Paso,301,355,75,75,0
El Paso,301,356,100,100,0
El Paso,301,357,96,96,0
El Paso,301,358,92,92,0
El Paso,301,359,99,99,0
El Paso,301,36,98,98,0
El Paso,301,360,94,94,0
El Paso,301,361,100,100,0
El Paso,301,362,92,92,0
El Paso,301,363,96,96,0
El Paso,301,364,98,98,0
El Paso,301,365,96,96,0
El Paso,301,366,96,96,0
El Paso,301,367,99,99,0
El Paso,301,368,100,100,0
El Paso,301,369,98,98,0
El Paso,301,37,98,98,0
El Paso,301,370,97,97,0
El Paso,301,371,97,97,0
El Paso,301,372,98,98,0
El Paso,301,373,96,96,0
El Paso,301,374,95,95,0
El Paso,301,375,96,96,0
El Paso,301,376,99,99,0
El Paso,301,377,96,96,0
El Paso,301,378,6,6,0
El Paso,301,379,100,100,0
El Paso,301,38,93,93,0
El Paso,301,380,97,97,0
El Paso,301,381,97,97,0
El Paso,301,382,100,100,0
El Paso,301,383,99,99,0
El Paso,301,384,96,96,0
El Paso,301,385,98,98,0
El Paso,301,386,93,93,0
El Paso,301,387,99,99,0
El Paso,301,388,98,98,0
El Paso,301,389,96,96,0
El Paso,301,39,99,99,0
El Paso,301,390,97,97,0
El Paso,301,391,96,96,0
El Paso,301,392,99,99,0
El Paso,301,393,96,96,0
El Paso,301,394,96,96,0
El Paso,301,395,89,89,0
El Paso,301,396,97,97,0
El Paso,301,397,97,97,0
El Paso,301,398,95,95,0
El Paso,301,399,94,94,0
El Paso,301,4,100,100,0
El Paso,301,40,97,97,0
El Paso,301,400,100,100,0
El Paso,301,401,95,95,0
El Paso,301,402,94,94,0
El Paso,301,403,93,93,0
El Paso,301,404,92,92,0
El Paso,301,405,25,25,0
El Paso,301,406,11,11,0
El Paso,301,407,90,90,0
El Paso,301,408,91,91,0
El Paso,301,409,95,95,0
El Paso,301,41,100,100,0
El Paso,301,410,97,97,0
El Paso,301,411,100,100,0
El Paso,301,412,97,97,0
El Paso,301,413,48,48,0
El Paso,301,414,5,5,0
El Paso,301,415,92,92,0
El Paso,301,42,98,98,0
El Paso,301,43,99,99,0
El Paso,301,44,46,46,0
El Paso,301,45,93,93,0
El Paso,301,46,98,98,0
El Paso,301,47,89,89,0
El Paso,301,48,98,98,0
El Paso,301,49,94,94,0
El Paso,301,50,93,93,0
El Paso,301,51,1,1,0
El Paso,301,52,100,100,0
El Paso,301,53,98,98,0
El Paso,301,54,99,99,0
El Paso,301,55,89,89,0
El Paso,301,56,100,100,0
El Paso,301,57,98,98,0
El Paso,301,58,93,93,0
El Paso,301,59,93,93,0
El Paso,301,6,100,100,0
El Paso,301,60,96,96,0
El Paso,301,61,98,98,0
El Paso,301,62,98,98,0
El Paso,301,63,99,99,0
El Paso,301,64,82,82,0
El Paso,301,65,92,92,0
El Paso,301,66,94,94,0
El Paso,301,67,99,99,0
El Paso,301,68,100,100,0
El Paso,301,69,98,98,0
El Paso,301,7,92,92,0
El Paso,301,70,97,97,0
El Paso,301,71,100,100,0
El Paso,301,72,98,98,0
El Paso,301,73,99,99,0
El Paso,301,74,99,99,0
El Paso,301,75,99,99,0
El Paso,301,76,98,98,0
El Paso,301,77,99,99,0
El Paso,301,78,93,93,0
El Paso,301,79,98,98,0
El Paso,301,8,98,98,0
El Paso,301,80,100,100,0
El Paso,301,81,97,97,0
El Paso,301,82,99,99,0
El Paso,301,83,100,100,0
El Paso,301,84,100,100,0
El Paso,301,85,100,100,0
El Paso,301,86,99,99,0
El Paso,301,87,99,99,0
El Paso,301,88,97,97,0
El Paso,301,89,93,93,0
El Paso,301,9,100,100,0
El Paso,301,90,99,99,0
El Paso,301,91,99,99,0
El Paso,301,92,98,98,0
El Paso,301,93,96,96,0
El Paso,301,94,98,98,0
El Paso,301,96,96,96,0
El Paso,301,97,88,88,0
El Paso,301,98,100,100,0
El Paso,301,99,99,99,0
El Paso,401,1,100,100,0
El Paso,401,10,94,94,0
El Paso,401,100,95,95,0
El Paso,401,101,98,98,0
El Paso,401,102,95,95,0
El Paso,401,103,98,98,0
El Paso,401,104,97,97,0
El Paso,401,105,98,98,0
El Paso,401,106,99,99,0
El Paso,401,107,96,96,0
El Paso,401,108,95,95,0
El Paso,401,109,97,97,0
El Paso,401,11,100,100,0
El Paso,401,110,100,100,0
El Paso,401,111,99,99,0
El Paso,401,112,93,93,0
El Paso,401,113,98,98,0
El Paso,401,114,100,100,0
El Paso,401,115,99,99,0
El Paso,401,116,97,97,0
El Paso,401,117,98,98,0
El Paso,401,118,100,100,0
El Paso,401,119,99,99,0
El Paso,401,12,97,97,0
El Paso,401,120,95,95,0
El Paso,401,121,25,25,0
El Paso,401,123,100,100,0
El Paso,401,124,96,96,0
El Paso,401,125,81,81,0
El Paso,401,126,100,100,0
El Paso,401,127,96,96,0
El Paso,401,128,100,100,0
El Paso,401,129,97,97,0
El Paso,401,13,93,93,0
El Paso,401,130,99,99,0
El Paso,401,131,98,98,0
El Paso,401,132,98,98,0
El Paso,401,133,98,98,0
El Paso,401,134,98,98,0
El Paso,401,135,96,96,0
El Paso,401,136,95,95,0
El Paso,401,137,98,98,0
El Paso,401,138,93,93,0
El Paso,401,139,96,96,0
El Paso,401,14,99,99,0
El Paso,401,140,88,88,0
El Paso,401,141,94,94,0
El Paso,401,142,99,99,0
El Paso,401,143,98,98,0
El Paso,401,144,90,90,0
El Paso,401,145,97,97,0
El Paso,401,146,99,99,0
El Paso,401,147,94,94,0
El Paso,401,148,92,92,0
El Paso,401,149,99,99,0
El Paso,401,15,100,100,0
El Paso,401,150,98,98,0
El Paso,401,151,14,14,0
El Paso,401,152,99,99,0
El Paso,401,153,97,97,0
El Paso,401,154,98,98,0
El Paso,401,155,93,93,0
El Paso,401,156,100,100,0
El Paso,401,157,95,95,0
El Paso,401,158,94,94,0
El Paso,401,159,97,97,0
El Paso,401,16,80,80,0
El Paso,401,160,96,96,0
El Paso,401,161,55,55,0
El Paso,401,162,99,99,0
El Paso,401,163,99,99,0
El Paso,401,164,100,100,0
El Paso,401,165,98,98,0
El Paso,401,166,98,98,0
El Paso,401,167,96,96,0
El Paso,401,168,98,98,0
El Paso,401,169,100,100,0
El Paso,401,17,62,62,0
El Paso,401,170,99,99,0
El Paso,401,172,98,98,0
El Paso,401,173,99,99,0
El Paso,401,174,97,97,0
El Paso,401,175,98,98,0
El Paso,401,176,97,97,0
El Paso,401,177,99,99,0
El Paso,401,178,100,100,0
El Paso,401,179,98,98,0
El Paso,401,18,96,96,0
El Paso,401,180,100,100,0
El Paso,401,181,97,97,0
El Paso,401,182,97,97,0
El Paso,401,183,92,92,0
El Paso,401,184,96,96,0
El Paso,401,185,97,97,0
El Paso,401,186,100,100,0
El Paso,401,187,100,100,0
El Paso,401,188,97,97,0
El Paso,401,189,99,99,0
El Paso,401,19,5,5,0
El Paso,401,190,100,100,0
El Paso,401,191,25,25,0
El Paso,401,192,100,100,0
El Paso,401,193,98,98,0
El Paso,401,194,99,99,0
El Paso,401,195,95,95,0
El Paso,401,196,99,99,0
El Paso,401,197,99,99,0
El Paso,401,198,98,98,0
El Paso,401,199,87,87,0
El Paso,401,2,100,100,0
El Paso,401,20,6,6,0
El Paso,401,200,98,98,0
El Paso,401,201,98,98,0
El Paso,401,202,98,98,0
El Paso,401,203,96,96,0
El Paso,401,204,99,99,0
El Paso,401,205,3,3,0
El Paso,401,206,97,97,0
El Paso,401,207,99,99,0
El Paso,401,208,95,95,0
El Paso,401,209,99,99,0
El Paso,401,21,99,99,0
El Paso,401,210,99,99,0
El Paso,401,211,97,97,0
El Paso,401,212,47,47,0
El Paso,401,213,95,95,0
El Paso,401,214,94,94,0
El Paso,401,215,93,93,0
El Paso,401,216,100,100,0
El Paso,401,217,98,98,0
El Paso,401,218,100,100,0
El Paso,401,219,99,99,0
El Paso,401,22,99,99,0
El Paso,401,220,96,96,0
El Paso,401,221,91,91,0
El Paso,401,222,96,96,0
El Paso,401,223,99,99,0
El Paso,401,224,95,95,0
El Paso,401,225,97,97,0
El Paso,401,226,100,100,0
El Paso,401,227,53,53,0
El Paso,401,228,96,96,0
El Paso,401,229,97,97,0
El Paso,401,23,98,98,0
El Paso,401,230,100,100,0
El Paso,401,231,99,99,0
El Paso,401,232,94,94,0
El Paso,401,233,94,94,0
El Paso,401,234,99,99,0
El Paso,401,235,35,35,0
El Paso,401,236,99,99,0
El Paso,401,237,98,98,0
El Paso,401,238,97,97,0
El Paso,401,239,100,100,0
El Paso,401,24,99,99,0
El Paso,401,240,100,100,0
El Paso,401,241,98,98,0
El Paso,401,242,97,97,0
El Paso,401,243,95,95,0
El Paso,401,244,100,100,0
El Paso,401,245,99,99,0
El Paso,401,246,98,98,0
El Paso,401,247,99,99,0
El Paso,401,248,100,100,0
El Paso,401,249,96,96,0
El Paso,401,25,98,98,0
El Paso,401,250,99,99,0
El Paso,401,251,99,99,0
El Paso,401,252,98,98,0
El Paso,401,253,96,96,0
El Paso,401,254,98,98,0
El Paso,401,255,91,91,0
El Paso,401,256,100,100,0
El Paso,401,257,96,96,0
El Paso,401,258,100,100,0
El Paso,401,259,100,100,0
El Paso,401,26,98,98,0
El Paso,401,260,25,25,0
El Paso,401,261,94,94,0
El Paso,401,262,96,96,0
El Paso,401,263,97,97,0
El Paso,401,264,100,100,0
El Paso,401,265,94,94,0
El Paso,401,266,99,99,0
El Paso,401,267,96,96,0
El Paso,401,268,99,99,0
El Paso,401,269,99,99,0
El Paso,401,27,97,97,0
El Paso,401,270,100,100,0
El Paso,401,271,91,91,0
El Paso,401,272,99,99,0
El Paso,401,273,99,99,0
El Paso,401,274,25,25,0
El Paso,401,275,98,98,0
El Paso,401,276,96,96,0
El Paso,401,277,98,98,0
El Paso,401,278,99,99,0
El Paso,401,279,100,100,0
El Paso,401,28,97,97,0
El Paso,401,280,95,95,0
El Paso,401,281,97,97,0
El Paso,401,282,97,97,0
El Paso,401,283,96,96,0
El Paso,401,284,100,100,0
El Paso,401,285,97,97,0
El Paso,401,286,99,99,0
El Paso,401,287,96,96,0
El Paso,401,288,100,100,0
El Paso,401,289,99,99,0
El Paso,401,29,92,92,0
El Paso,401,290,91,91,0
El Paso,401,291,98,98,0
El Paso,401,292,96,96,0
El Paso,401,293,96,96,0
El Paso,401,294,99,99,0
El Paso,401,295,98,98,0
El Paso,401,296,99,99,0
El Paso,401,297,91,91,0
El Paso,401,298,99,99,0
El Paso,401,299,97,97,0
El Paso,401,3,99,99,0
El Paso,401,30,98,98,0
El Paso,401,300,93,93,0
El Paso,401,301,97,97,0
El Paso,401,302,96,96,0
El Paso,401,303,91,91,0
El Paso,401,304,97,97,0
El Paso,401,305,98,98,0
El Paso,401,306,93,93,0
El Paso,401,307,97,97,0
El Paso,401,308,94,94,0
El Paso,401,309,96,96,0
El Paso,401,31,98,98,0
El Paso,401,310,95,95,0
El Paso,401,311,96,96,0
El Paso,401,312,98,98,0
El Paso,401,313,96,96,0
El Paso,401,314,99,99,0
El Paso,401,315,96,96,0
El Paso,401,316,100,100,0
El Paso,401,317,98,98,0
El Paso,401,318,95,95,0
El Paso,401,319,91,91,0
El Paso,401,32,99,99,0
El Paso,401,320,99,99,0
El Paso,401,321,1,1,0
El Paso,401,322,96,96,0
El Paso,401,323,98,98,0
El Paso,401,324,95,95,0
El Paso,401,325,99,99,0
El Paso,401,326,97,97,0
El Paso,401,327,96,96,0
El Paso,401,328,98,98,0
El Paso,401,329,99,99,0
El Paso,401,33,100,100,0
El Paso,401,330,98,98,0
El Paso,401,331,71,71,0
El Paso,401,332,99,99,0
El Paso,401,333,99,99,0
El Paso,401,334,100,100,0
El Paso,401,335,93,93,0
El Paso,401,336,97,97,0
El Paso,401,337,96,96,0
El Paso,401,338,96,96,0
El Paso,401,339,99,99,0
El Paso,401,34,100,100,0
El Paso,401,340,99,99,0
El Paso,401,341,92,92,0
El Paso,401,342,99,99,0
El Paso,401,343,75,75,0
El Paso,401,344,99,99,0
El Paso,401,345,99,99,0
El Paso,401,346,97,97,0
El Paso,401,347,93,93,0
El Paso,401,348,94,94,0
El Paso,401,349,86,86,0
El Paso,401,35,100,100,0
El Paso,401,350,94,94,0
El Paso,401,351,92,92,0
El Paso,401,352,99,99,0
El Paso,401,353,98,98,0
El Paso,401,354,97,97,0
El Paso,401,355,96,96,0
El Paso,401,356,94,94,0
El Paso,401,357,91,91,0
El Paso,401,358,98,98,0
El Paso,401,359,93,93,0
El Paso,401,36,98,98,0
El Paso,401,360,91,91,0
El Paso,401,361,8,8,0
El Paso,401,362,92,92,0
El Paso,401,363,95,95,0
El Paso,401,37,99,99,0
El Paso,401,38,99,99,0
El Paso,401,39,100,100,0
El Paso,401,4,99,99,0
El Paso,401,40,100,100,0
El Paso,401,41,100,100,0
El Paso,401,42,97,97,0
El Paso,401,43,98,98,0
El Paso,401,44,98,98,0
El Paso,401,45,98,98,0
El Paso,401,46,99,99,0
El Paso,401,47,97,97,0
El Paso,401,48,97,97,0
El Paso,401,49,94,94,0
El Paso,401,5,98,98,0
El Paso,401,50,94,94,0
El Paso,401,51,98,98,0
El Paso,401,52,100,100,0
El Paso,401,53,99,99,0
El Paso,401,54,90,90,0
El Paso,401,55,98,98,0
El Paso,401,56,98,98,0
El Paso,401,57,100,100,0
El Paso,401,58,96,96,0
El Paso,401,59,99,99,0
El Paso,401,6,90,90,0
El Paso,401,60,100,100,0
El Paso,401,61,100,100,0
El Paso,401,62,97,97,0
El Paso,401,63,97,97,0
El Paso,401,64,99,99,0
El Paso,401,65,6,6,0
El Paso,401,66,99,99,0
El Paso,401,67,92,92,0
El Paso,401,68,90,90,0
El Paso,401,69,98,98,0
El Paso,401,7,99,99,0
El Paso,401,70,99,99,0
El Paso,401,71,99,99,0
El Paso,401,72,99,99,0
El Paso,401,73,100,100,0
El Paso,401,74,80,80,0
El Paso,401,75,100,100,0
El Paso,401,76,91,91,0
El Paso,401,77,100,100,0
El Paso,401,78,1,1,0
El Paso,401,79,97,97,0
El Paso,401,8,98,98,0
El Paso,401,80,100,100,0
El Paso,401,81,100,100,0
El Paso,401,82,100,100,0
El Paso,401,83,92,92,0
El Paso,401,84,99,99,0
El Paso,401,85,98,98,0
El Paso,401,86,100,100,0
El Paso,401,87,100,100,0
El Paso,401,88,92,92,0
El Paso,401,89,96,96,0
El Paso,401,9,100,100,0
El Paso,401,90,97,97,0
El Paso,401,91,98,98,0
El Paso,401,92,93,93,0
El Paso,401,93,94,94,0
El Paso,401,94,96,96,0
El Paso,401,95,95,95,0
El Paso,401,96,86,86,0
El Paso,401,97,92,92,0
El Paso,401,98,97,97,0
El Paso,401,99,92,92,0
El Paso,501,1,1,1,0
El Paso,501,10,3,3,0
El Paso,501,11,31,31,0
El Paso,501,12,4,4,0
El Paso,501,13,13,13,0
El Paso,501,14,5,5,0
El Paso,501,15,5,5,0
El Paso,501,16,5,5,0
El Paso,501,17,25,25,0
El Paso,501,18,5,5,0
El Paso,501,19,5,5,0
El Paso,501,2,2,2,0
El Paso,501,20,1,1,0
El Paso,501,21,20,20,0
El Paso,501,22,25,25,0
El Paso,501,23,11,11,0
El Paso,501,24,3,3,0
El Paso,501,25,17,17,0
El Paso,501,26,7,7,0
El Paso,501,27,3,3,0
El Paso,501,28,7,7,0
El Paso,501,29,18,18,0
El Paso,501,3,2,2,0
El Paso,501,30,3,3,0
El Paso,501,31,10,10,0
El Paso,501,32,30,30,0
El Paso,501,33,24,24,0
El Paso,501,34,9,9,0
El Paso,501,35,2,2,0
El Paso,501,36,12,12,0
El Paso,501,37,14,14,0
El Paso,501,38,11,11,0
El Paso,501,39,1,1,0
El Paso,501,4,4,4,0
El Paso,501,40,34,34,0
El Paso,501,41,45,45,0
El Paso,501,42,27,27,0
El Paso,501,43,15,15,0
El Paso,501,44,18,18,0
El Paso,501,45,79,79,0
El Paso,501,46,93,93,0
El Paso,501,47,96,96,0
El Paso,501,48,24,24,0
El Paso,501,49,90,90,0
El Paso,501,5,3,3,0
El Paso,501,50,83,83,0
El Paso,501,51,104,104,0
El Paso,501,52,67,67,0
El Paso,501,53,27,27,0
El Paso,501,54,121,121,0
El Paso,501,55,133,133,0
El Paso,501,56,110,110,0
El Paso,501,57,104,104,0
El Paso,501,58,106,106,0
El Paso,501,59,76,76,0
El Paso,501,6,3,3,0
El Paso,501,60,58,58,0
El Paso,501,61,86,86,0
El Paso,501,62,79,79,0
El Paso,501,63,97,97,0
El Paso,501,65,106,106,0
El Paso,501,66,134,134,0
El Paso,501,7,1,1,0
El Paso,501,8,5,5,0
El Paso,501,9,3,3,0
Fremont,102,1,25,25,0
Fremont,102,10,25,25,0
Fremont,102,100,25,25,0
Fremont,102,101,25,25,0
Fremont,102,102,25,25,0
Fremont,102,103,25,25,0
Fremont,102,104,25,25,0
Fremont,102,105,25,25,0
Fremont,102,106,25,25,0
Fremont,102,107,25,25,0
Fremont,102,108,25,25,0
Fremont,102,109,25,25,0
Fremont,102,11,25,25,0
Fremont,102,110,25,25,0
Fremont,102,111,25,25,0
Fremont,102,112,25,25,0
Fremont,102,113,25,25,0
Fremont,102,114,25,25,0
Fremont,102,115,25,25,0
Fremont,102,116,25,25,0
Fremont,102,117,25,25,0
Fremont,102,118,25,25,0
Fremont,102,119,25,25,0
Fremont,102,12,25,25,0
Fremont,102,120,25,25,0
Fremont,102,121,25,25,0
Fremont,102,122,25,25,0
Fremont,102,123,25,25,0
Fremont,102,124,25,25,0
Fremont,102,125,25,25,0
Fremont,102,126,25,25,0
Fremont,102,127,25,25,0
Fremont,102,128,25,25,0
Fremont,102,129,25,25,0
Fremont,102,13,25,25,0
Fremont,102,130,25,25,0
Fremont,102,131,25,25,0
Fremont,102,132,25,25,0
Fremont,102,133,25,25,0
Fremont,102,134,25,25,0
Fremont,102,135,25,25,0
Fremont,102,136,25,25,0
Fremont,102,137,25,25,0
Fremont,102,138,25,25,0
Fremont,102,139,25,25,0
Fremont,102,14,25,25,0
Fremont,102,140,25,25,0
Fremont,102,141,25,25,0
Fremont,102,142,25,25,0
Fremont,102,143,25,25,0
Fremont,102,144,25,25,0
Fremont,102,145,25,25,0
Fremont,102,146,25,25,0
Fremont,102,147,25,25,0
Fremont,102,148,25,25,0
Fremont,102,149,25,25,0
Fremont,102,15,25,25,0
Fremont,102,150,25,25,0
Fremont,102,151,25,25,0
Fremont,102,152,25,25,0
Fremont,102,153,25,25,0
Fremont,102,154,25,25,0
Fremont,102,155,25,25,0
Fremont,102,156,25,25,0
Fremont,102,157,25,25,0
Fremont,102,158,25,25,0
Fremont,102,159,25,25,0
Fremont,102,16,25,25,0
Fremont,102,160,25,25,0
Fremont,102,161,25,25,0
Fremont,102,162,25,25,0
Fremont,102,163,25,25,0
Fremont,102,164,25,25,0
Fremont,102,165,25,25,0
Fremont,102,166,25,25,0
Fremont,102,167,25,25,0
Fremont,102,168,25,25,0
Fremont,102,169,25,25,0
Fremont,102,17,25,25,0
Fremont,102,170,25,25,0
Fremont,102,171,25,25,0
Fremont,102,172,25,25,0
Fremont,102,173,25,25,0
Fremont,102,174,25,25,0
Fremont,102,175,25,25,0
Fremont,102,176,25,25,0
Fremont,102,177,25,25,0
Fremont,102,178,25,25,0
Fremont,102,179,25,25,0
Fremont,102,18,25,25,0
Fremont,102,180,25,25,0
Fremont,102,181,25,25,0
Fremont,102,182,25,25,0
Fremont,102,183,25,25,0
Fremont,102,184,25,25,0
Fremont,102,185,25,25,0
Fremont,102,186,25,25,0
Fremont,102,187,25,25,0
Fremont,102,188,25,25,0
Fremont,102,189,25,25,0
Fremont,102,19,25,25,0
Fremont,102,190,25,25,0
Fremont,102,191,25,25,0
Fremont,102,192,25,25,0
Fremont,102,193,25,25,0
Fremont,102,194,25,25,0
Fremont,102,195,25,25,0
Fremont,102,196,25,25,0
Fremont,102,197,25,25,0
Fremont,102,198,25,25,0
Fremont,102,199,25,25,0
Fremont,102,2,25,25,0
Fremont,102,20,25,25,0
Fremont,102,200,25,25,0
Fremont,102,201,25,25,0
Fremont,102,202,25,25,0
Fremont,102,203,25,25,0
Fremont,102,204,25,25,0
Fremont,102,205,25,25,0
Fremont,102,206,25,25,0
Fremont,102,207,25,25,0
Fremont,102,208,25,25,0
Fremont,102,209,25,25,0
Fremont,102,21,25,25,0
Fremont,102,210,25,25,0
Fremont,102,211,25,25,0
Fremont,102,212,25,25,0
Fremont,102,213,25,25,0
Fremont,102,214,25,25,0
Fremont,102,215,25,25,0
Fremont,102,216,25,25,0
Fremont,102,217,25,25,0
Fremont,102,218,25,25,0
Fremont,102,219,25,25,0
Fremont,102,22,25,25,0
Fremont,102,220,25,25,0
Fremont,102,221,25,25,0
Fremont,102,222,25,25,0
Fremont,102,223,25,25,0
Fremont,102,224,25,25,0
Fremont,102,225,25,25,0
Fremont,102,226,25,25,0
Fremont,102,227,25,25,0
Fremont,102,228,25,25,0
Fremont,102,229,25,25,0
Fremont,102,23,25,25,0
Fremont,102,230,25,25,0
Fremont,102,231,25,25,0
Fremont,102,232,25,25,0
Fremont,102,233,25,25,0
Fremont,102,234,25,25,0
Fremont,102,235,25,25,0
Fremont,102,236,25,25,0
Fremont,102,237,25,25,0
Fremont,102,238,25,25,0
Fremont,102,239,25,25,0
Fremont,102,24,25,25,0
Fremont,102,240,25,25,0
Fremont,102,241,25,25,0
Fremont,102,242,25,25,0
Fremont,102,243,25,25,0
Fremont,102,244,25,25,0
Fremont,102,245,25,25,0
Fremont,102,246,25,25,0
Fremont,102,247,25,25,0
Fremont,102,248,25,25,0
Fremont,102,249,25,25,0
Fremont,102,25,25,25,0
Fremont,102,250,25,25,0
Fremont,102,251,25,25,0
Fremont,102,252,25,25,0
Fremont,102,253,25,25,0
Fremont,102,254,25,25,0
Fremont,102,255,25,25,0
Fremont,102,256,25,25,0
Fremont,102,257,25,25,0
Fremont,102,258,25,25,0
Fremont,102,259,25,25,0
Fremont,102,26,25,25,0
Fremont,102,260,25,25,0
Fremont,102,261,25,25,0
Fremont,102,262,25,25,0
Fremont,102,263,25,25,0
Fremont,102,264,25,25,0
Fremont,102,265,25,25,0
Fremont,102,266,25,25,0
Fremont,102,267,25,25,0
Fremont,102,268,25,25,0
Fremont,102,269,25,25,0
Fremont,102,27,25,25,0
Fremont,102,270,25,25,0
Fremont,102,271,25,25,0
Fremont,102,272,25,25,0
Fremont,102,273,25,25,0
Fremont,102,274,25,25,0
Fremont,102,275,25,25,0
Fremont,102,276,25,25,0
Fremont,102,277,25,25,0
Fremont,102,278,25,25,0
Fremont,102,279,25,25,0
Fremont,102,28,25,25,0
Fremont,102,280,25,25,0
Fremont,102,281,25,25,0
Fremont,102,282,25,25,0
Fremont,102,283,25,25,0
Fremont,102,284,25,25,0
Fremont,102,285,25,25,0
Fremont,102,286,25,25,0
Fremont,102,287,25,25,0
Fremont,102,288,25,25,0
Fremont,102,289,25,25,0
Fremont,102,29,25,25,0
Fremont,102,290,25,25,0
Fremont,102,291,25,25,0
Fremont,102,292,25,25,0
Fremont,102,293,25,25,0
Fremont,102,294,25,25,0
Fremont,102,295,25,25,0
Fremont,102,296,25,25,0
Fremont,102,297,25,25,0
Fremont,102,298,25,25,0
Fremont,102,299,25,25,0
Fremont,102,3,25,25,0
Fremont,102,30,25,25,0
Fremont,102,300,25,25,0
Fremont,102,301,25,25,0
Fremont,102,302,25,25,0
Fremont,102,303,25,25,0
Fremont,102,304,25,25,0
Fremont,102,305,25,25,0
Fremont,102,306,25,25,0
Fremont,102,307,25,25,0
Fremont,102,308,25,25,0
Fremont,102,309,25,25,0
Fremont,102,31,25,25,0
Fremont,102,310,25,25,0
Fremont,102,311,25,25,0
Fremont,102,312,25,25,0
Fremont,102,313,25,25,0
Fremont,102,314,25,25,0
Fremont,102,315,25,25,0
Fremont,102,316,25,25,0
Fremont,102,317,25,25,0
Fremont,102,318,25,25,0
Fremont,102,319,25,25,0
Fremont,102,32,25,25,0
Fremont,102,320,25,25,0
Fremont,102,321,25,25,0
Fremont,102,322,25,25,0
Fremont,102,323,25,25,0
Fremont,102,324,25,25,0
Fremont,102,325,25,25,0
Fremont,102,326,25,25,0
Fremont,102,327,25,25,0
Fremont,102,328,25,25,0
Fremont,102,329,25,25,0
Fremont,102,33,25,25,0
Fremont,102,330,25,25,0
Fremont,102,331,25,25,0
Fremont,102,332,25,25,0
Fremont,102,333,25,25,0
Fremont,102,334,25,25,0
Fremont,102,335,25,25,0
Fremont,102,336,25,25,0
Fremont,102,337,25,25,0
Fremont,102,338,25,25,0
Fremont,102,339,25,25,0
Fremont,102,34,25,25,0
Fremont,102,340,25,25,0
Fremont,102,341,25,25,0
Fremont,102,342,25,25,0
Fremont,102,343,25,25,0
Fremont,102,344,25,25,0
Fremont,102,345,25,25,0
Fremont,102,346,25,25,0
Fremont,102,347,25,25,0
Fremont,102,348,25,25,0
Fremont,102,349,25,25,0
Fremont,102,35,25,25,0
Fremont,102,350,25,25,0
Fremont,102,351,25,25,0
Fremont,102,352,25,25,0
Fremont,102,353,25,25,0
Fremont,102,354,25,25,0
Fremont,102,355,25,25,0
Fremont,102,356,25,25,0
Fremont,102,357,25,25,0
Fremont,102,358,25,25,0
Fremont,102,359,25,25,0
Fremont,102,36,25,25,0
Fremont,102,360,25,25,0
Fremont,102,361,25,25,0
Fremont,102,362,25,25,0
Fremont,102,363,25,25,0
Fremont,102,364,25,25,0
Fremont,102,365,25,25,0
Fremont,102,366,25,25,0
Fremont,102,367,25,25,0
Fremont,102,368,25,25,0
Fremont,102,369,25,25,0
Fremont,102,37,25,25,0
Fremont,102,370,25,25,0
Fremont,102,371,25,25,0
Fremont,102,372,25,25,0
Fremont,102,373,25,25,0
Fremont,102,374,25,25,0
Fremont,102,375,25,25,0
Fremont,102,376,25,25,0
Fremont,102,377,25,25,0
Fremont,102,378,25,25,0
Fremont,102,379,25,25,0
Fremont,102,38,25,25,0
Fremont,102,380,25,25,0
Fremont,102,381,25,25,0
Fremont,102,382,25,25,0
Fremont,102,383,25,25,0
Fremont,102,384,25,25,0
Fremont,102,385,25,25,0
Fremont,102,386,25,25,0
Fremont,102,387,25,25,0
Fremont,102,388,25,25,0
Fremont,102,389,25,25,0
Fremont,102,39,25,25,0
Fremont,102,390,25,25,0
Fremont,102,391,25,25,0
Fremont,102,392,25,25,0
Fremont,102,393,25,25,0
Fremont,102,394,25,25,0
Fremont,102,395,25,25,0
Fremont,102,396,25,25,0
Fremont,102,397,25,25,0
Fremont,102,398,25,25,0
Fremont,102,399,25,25,0
Fremont,102,4,25,25,0
Fremont,102,40,25,25,0
Fremont,102,400,25,25,0
Fremont,102,401,25,25,0
Fremont,102,402,25,25,0
Fremont,102,403,25,25,0
Fremont,102,404,25,25,0
Fremont,102,405,25,25,0
Fremont,102,406,25,25,0
Fremont,102,407,25,25,0
Fremont,102,408,25,25,0
Fremont,102,409,25,25,0
Fremont,102,41,25,25,0
Fremont,102,410,25,25,0
Fremont,102,411,25,25,0
Fremont,102,412,25,25,0
Fremont,102,413,25,25,0
Fremont,102,414,25,25,0
Fremont,102,415,25,25,0
Fremont,102,416,25,25,0
Fremont,102,417,25,25,0
Fremont,102,418,25,25,0
Fremont,102,419,25,25,0
Fremont,102,42,25,25,0
Fremont,102,420,25,25,0
Fremont,102,421,25,25,0
Fremont,102,422,25,25,0
Fremont,102,423,25,25,0
Fremont,102,424,25,25,0
Fremont,102,425,25,25,0
Fremont,102,426,25,25,0
Fremont,102,427,25,25,0
Fremont,102,428,25,25,0
Fremont,102,429,25,25,0
Fremont,102,43,25,25,0
Fremont,102,430,25,25,0
Fremont,102,431,25,25,0
Fremont,102,432,25,25,0
Fremont,102,433,25,25,0
Fremont,102,434,25,25,0
Fremont,102,435,25,25,0
Fremont,102,436,25,25,0
Fremont,102,437,25,25,0
Fremont,102,438,25,25,0
Fremont,102,439,25,25,0
Fremont,102,44,25,25,0
Fremont,102,440,25,25,0
Fremont,102,441,25,25,0
Fremont,102,442,25,25,0
Fremont,102,443,25,25,0
Fremont,102,444,25,25,0
Fremont,102,445,25,25,0
Fremont,102,446,25,25,0
Fremont,102,447,25,25,0
Fremont,102,448,25,25,0
Fremont,102,449,25,25,0
Fremont,102,45,25,25,0
Fremont,102,450,25,25,0
Fremont,102,451,25,25,0
Fremont,102,452,25,25,0
Fremont,102,453,25,25,0
Fremont,102,454,25,25,0
Fremont,102,455,25,25,0
Fremont,102,456,25,25,0
Fremont,102,457,25,25,0
Fremont,102,458,25,25,0
Fremont,102,459,25,25,0
Fremont,102,46,25,25,0
Fremont,102,460,25,25,0
Fremont,102,461,25,25,0
Fremont,102,462,25,25,0
Fremont,102,463,25,25,0
Fremont,102,464,25,25,0
Fremont,102,465,25,25,0
Fremont,102,466,25,25,0
Fremont,102,467,25,25,0
Fremont,102,468,25,25,0
Fremont,102,469,25,25,0
Fremont,102,47,25,25,0
Fremont,102,470,25,25,0
Fremont,102,471,25,25,0
Fremont,102,472,25,25,0
Fremont,102,473,25,25,0
Fremont,102,474,25,25,0
Fremont,102,475,25,25,0
Fremont,102,476,25,25,0
Fremont,102,477,25,25,0
Fremont,102,478,25,25,0
Fremont,102,479,25,25,0
Fremont,102,48,25,25,0
Fremont,102,480,25,25,0
Fremont,102,481,25,25,0
Fremont,102,482,25,25,0
Fremont,102,483,25,25,0
Fremont,102,484,25,25,0
Fremont,102,485,25,25,0
Fremont,102,486,25,25,0
Fremont,102,487,25,25,0
Fremont,102,488,25,25,0
Fremont,102,489,25,25,0
Fremont,102,49,25,25,0
Fremont,102,490,25,25,0
Fremont,102,491,25,25,0
Fremont,102,492,25,25,0
Fremont,102,493,25,25,0
Fremont,102,494,25,25,0
Fremont,102,495,25,25,0
Fremont,102,496,25,25,0
Fremont,102,497,25,25,0
Fremont,102,498,25,25,0
Fremont,102,499,25,25,0
Fremont,102,5,25,25,0
Fremont,102,50,25,25,0
Fremont,102,500,25,25,0
Fremont,102,501,25,25,0
Fremont,102,502,25,25,0
Fremont,102,503,25,25,0
Fremont,102,504,25,25,0
Fremont,102,505,25,25,0
Fremont,102,506,25,25,0
Fremont,102,507,25,25,0
Fremont,102,508,25,25,0
Fremont,102,509,25,25,0
Fremont,102,51,25,25,0
Fremont,102,510,25,25,0
Fremont,102,511,25,25,0
Fremont,102,512,25,25,0
Fremont,102,513,25,25,0
Fremont,102,514,25,25,0
Fremont,102,515,21,21,0
Fremont,102,516,25,25,0
Fremont,102,517,25,25,0
Fremont,102,518,25,25,0
Fremont,102,519,25,25,0
Fremont,102,52,25,25,0
Fremont,102,520,25,25,0
Fremont,102,521,25,25,0
Fremont,102,522,25,25,0
Fremont,102,523,25,25,0
Fremont,102,524,11,11,0
Fremont,102,525,25,25,0
Fremont,102,526,25,25,0
Fremont,102,527,25,25,0
Fremont,102,528,17,17,0
Fremont,102,53,25,25,0
Fremont,102,54,25,25,0
Fremont,102,55,25,25,0
Fremont,102,56,25,25,0
Fremont,102,57,25,25,0
Fremont,102,58,25,25,0
Fremont,102,59,25,25,0
Fremont,102,6,25,25,0
Fremont,102,60,25,25,0
Fremont,102,61,25,25,0
Fremont,102,62,25,25,0
Fremont,102,63,25,25,0
Fremont,102,64,25,25,0
Fremont,102,65,25,25,0
Fremont,102,66,25,25,0
Fremont,102,67,25,25,0
Fremont,102,68,25,25,0
Fremont,102,69,25,25,0
Fremont,102,7,25,25,0
Fremont,102,70,25,25,0
Fremont,102,71,25,25,0
Fremont,102,72,25,25,0
Fremont,102,73,25,25,0
Fremont,102,74,25,25,0
Fremont,102,75,25,25,0
Fremont,102,76,25,25,0
Fremont,102,77,25,25,0
Fremont,102,78,25,25,0
Fremont,102,79,25,25,0
Fremont,102,8,25,25,0
Fremont,102,80,25,25,0
Fremont,102,81,25,25,0
Fremont,102,82,25,25,0
Fremont,102,83,25,25,0
Fremont,102,84,25,25,0
Fremont,102,85,25,25,0
Fremont,102,86,25,25,0
Fremont,102,87,25,25,0
Fremont,102,88,25,25,0
Fremont,102,89,25,25,0
Fremont,102,9,25,25,0
Fremont,102,90,25,25,0
Fremont,102,91,25,25,0
Fremont,102,92,25,25,0
Fremont,102,93,25,25,0
Fremont,102,94,25,25,0
Fremont,102,95,25,25,0
Fremont,102,96,25,25,0
Fremont,102,97,25,25,0
Fremont,102,98,25,25,0
Fremont,102,99,25,25,0
Garfield,1,VBM-0001,50,50,0
Garfield,1,VBM-0002,50,50,0
Garfield,1,VBM-0003,50,50,0
Garfield,1,VBM-0004,50,50,0
Garfield,1,VBM-0005,50,50,0
Garfield,1,VBM-0006,50,50,0
Garfield,1,VBM-0007,50,50,0
Garfield,1,VBM-0008,50,50,0
Garfield,1,VBM-0009,50,50,0
Garfield,1,VBM-0010,50,50,0
Garfield,1,VBM-0011,50,50,0
Garfield,1,VBM-0012,50,50,0
Garfield,1,VBM-0013,50,50,0
Garfield,1,VBM-0014,50,50,0
Garfield,1,VBM-0015,50,50,0
Garfield,1,VBM-0016,50,50,0
Garfield,1,VBM-0017,50,50,0
Garfield,1,VBM-0018,50,50,0
Garfield,1,VBM-0019,50,50,0
Garfield,1,VBM-0020,50,50,0
Garfield,1,VBM-0021,50,50,0
Garfield,1,VBM-0022,50,50,0
Garfield,1,VBM-0023,50,50,0
Garfield,1,VBM-0024,50,50,0
Garfield,1,VBM-0025,50,50,0
Garfield,1,VBM-0026,50,50,0
Garfield,1,VBM-0027,50,50,0
Garfield,1,VBM-0028,50,50,0
Garfield,1,VBM-0029,50,50,0
Garfield,1,VBM-0030,50,50,0
Garfield,1,VBM-0031,50,50,0
Garfield,1,VBM-0032,50,50,0
Garfield,1,VBM-0033,50,50,0
Garfield,1,VBM-0034,50,50,0
Garfield,1,VBM-0035,50,50,0
Garfield,1,VBM-0036,50,50,0
Garfield,1,VBM-0037,50,50,0
Garfield,1,VBM-0038,50,50,0
Garfield,1,VBM-0039,50,50,0
Garfield,1,VBM-0040,50,50,0
Garfield,1,VBM-0041,50,50,0
Garfield,1,VBM-0042,50,50,0
Garfield,1,VBM-0043,50,50,0
Garfield,1,VBM-0044,50,50,0
Garfield,1,VBM-0045,50,50,0
Garfield,1,VBM-0046,50,50,0
Garfield,1,VBM-0047,50,50,0
Garfield,1,VBM-0048,50,50,0
Garfield,1,VBM-0049,50,50,0
Garfield,1,VBM-0050,50,50,0
Garfield,1,VBM-0051,50,50,0
Garfield,1,VBM-0052,50,50,0
Garfield,1,VBM-0053,50,50,0
Garfield,1,VBM-0054,50,50,0
Garfield,1,VBM-0055,50,50,0
Garfield,1,VBM-0056,50,50,0
Garfield,1,VBM-0057,50,50,0
Garfield,1,VBM-0058,50,50,0
Garfield,1,VBM-0059,50,50,0
Garfield,1,VBM-0060,50,50,0
Garfield,1,VBM-0061,50,50,0
Garfield,1,VBM-0062,50,50,0
Garfield,1,VBM-0063,50,50,0
Garfield,1,VBM-0064,50,50,0
Garfield,1,VBM-0065,50,50,0
Garfield,1,VBM-0066,50,50,0
Garfield,1,VBM-0067,50,50,0
Garfield,1,VBM-0068,50,50,0
Garfield,1,VBM-0069,50,50,0
Garfield,1,VBM-0070,50,50,0
Garfield,1,VBM-0071,50,50,0
Garfield,1,VBM-0072,50,50,0
Garfield,1,VBM-0073,50,50,0
Garfield,1,VBM-0074,50,50,0
Garfield,1,VBM-0075,50,50,0
Garfield,1,VBM-0076,50,50,0
Garfield,1,VBM-0077,50,50,0
Garfield,1,VBM-0078,50,50,0
Garfield,1,VBM-0079,50,50,0
Garfield,1,VBM-0080,50,50,0
Garfield,1,VBM-0081,50,50,0
Garfield,1,VBM-0082,50,50,0
Garfield,1,VBM-0083,50,50,0
Garfield,1,VBM-0084,50,50,0
Garfield,1,VBM-0085,50,50,0
Garfield,1,VBM-0086,50,50,0
Garfield,1,VBM-0087,50,50,0
Garfield,1,VBM-0088,50,50,0
Garfield,1,VBM-0089,50,50,0
Garfield,1,VBM-0090,50,50,0
Garfield,1,VBM-0091,50,50,0
Garfield,1,VBM-0092,50,50,0
Garfield,1,VBM-0093,50,50,0
Garfield,1,VBM-0094,50,50,0
Garfield,1,VBM-0095,50,50,0
Garfield,1,VBM-0096,50,50,0
Garfield,1,VBM-0097,50,50,0
Garfield,1,VBM-0098,50,50,0
Garfield,1,VBM-0099,50,50,0
Garfield,1,VBM-0100,50,50,0
Garfield,1,VBM-0101,50,50,0
Garfield,1,VBM-0102,50,50,0
Garfield,1,VBM-0103,50,50,0
Garfield,1,VBM-0104,50,50,0
Garfield,1,VBM-0105,50,50,0
Garfield,1,VBM-0106,50,50,0
Garfield,1,VBM-0107,50,50,0
Garfield,1,VBM-0108,50,50,0
Garfield,1,VBM-0109,50,50,0
Garfield,1,VBM-0110,50,50,0
Garfield,1,VBM-0111,50,50,0
Garfield,1,VBM-0112,50,50,0
Garfield,1,VBM-0113,50,50,0
Garfield,1,VBM-0114,50,50,0
Garfield,1,VBM-0115,50,50,0
Garfield,1,VBM-0116,50,50,0
Garfield,1,VBM-0117,50,50,0
Garfield,1,VBM-0118,50,50,0
Garfield,1,VBM-0119,50,50,0
Garfield,1,VBM-0120,50,50,0
Garfield,1,VBM-0121,50,50,0
Garfield,1,VBM-0122,50,50,0
Garfield,1,VBM-0123,50,50,0
Garfield,1,VBM-0124,50,50,0
Garfield,1,VBM-0125,50,50,0
Garfield,1,VBM-0126,50,50,0
Garfield,1,VBM-0127,50,50,0
Garfield,1,VBM-0128,50,50,0
Garfield,1,VBM-0129,50,50,0
Garfield,1,VBM-0130,50,50,0
Garfield,1,VBM-0131,50,50,0
Garfield,1,VBM-0132,50,50,0
Garfield,1,VBM-0133,50,50,0
Garfield,1,VBM-0134,50,50,0
Garfield,1,VBM-0135,50,50,0
Garfield,1,VBM-0136,50,50,0
Garfield,1,VBM-0137,50,50,0
Garfield,1,VBM-0138,50,50,0
Garfield,1,VBM-0139,50,50,0
Garfield,1,VBM-0140,50,50,0
Garfield,1,VBM-0141,50,50,0
Garfield,1,VBM-0142,50,50,0
Garfield,1,VBM-0143,50,50,0
Garfield,1,VBM-0144,50,50,0
Garfield,1,VBM-0145,50,50,0
Garfield,1,VBM-0146,50,50,0
Garfield,1,VBM-0147,50,50,0
Garfield,1,VBM-0148,50,50,0
Garfield,1,VBM-0149,50,50,0
Garfield,1,VBM-0150,50,50,0
Garfield,1,VBM-0151,50,50,0
Garfield,1,VBM-0152,50,50,0
Garfield,1,VBM-0153,50,50,0
Garfield,1,VBM-0154,50,50,0
Garfield,1,VBM-0155,50,50,0
Garfield,1,VBM-0156,50,50,0
Garfield,1,VBM-0157,50,50,0
Garfield,1,VBM-0158,50,50,0
Garfield,1,VBM-0159,50,50,0
Garfield,1,VBM-0160,50,50,0
Garfield,1,VBM-0161,50,50,0
Garfield,1,VBM-0162,50,50,0
Garfield,1,VBM-0163,50,50,0
Garfield,1,VBM-0164,50,50,0
Garfield,1,VBM-0165,50,50,0
Garfield,1,VBM-0166,50,50,0
Garfield,1,VBM-0167,50,50,0
Garfield,1,VBM-0168,50,50,0
Garfield,1,VBM-0169,50,50,0
Garfield,1,VBM-0170,50,50,0
Garfield,1,VBM-0171,50,50,0
Garfield,1,VBM-0172,50,50,0
Garfield,1,VBM-0173,50,50,0
Garfield,1,VBM-0174,50,50,0
Garfield,1,VBM-0175,50,50,0
Garfield,1,VBM-0176,50,50,0
Garfield,1,VBM-0177,50,50,0
Garfield,1,VBM-0178,50,50,0
Garfield,1,VBM-0179,50,50,0
Garfield,1,VBM-0180,50,50,0
Garfield,1,VBM-0181,50,50,0
Garfield,1,VBM-0182,50,50,0
Garfield,1,VBM-0183,50,50,0
Garfield,1,VBM-0184,50,50,0
Garfield,1,VBM-0185,50,50,0
Garfield,1,VBM-0186,50,50,0
Garfield,1,VBM-0187,50,50,0
Garfield,1,VBM-0188,50,50,0
Garfield,1,VBM-0189,50,50,0
Garfield,1,VBM-0190,50,50,0
Garfield,1,VBM-0191,50,50,0
Garfield,1,VBM-0192,50,50,0
Garfield,1,VBM-0193,50,50,0
Garfield,1,VBM-0194,50,50,0
Garfield,1,VBM-0195,50,50,0
Garfield,1,VBM-0196,50,50,0
Garfield,1,VBM-0197,50,50,0
Garfield,1,VBM-0198,50,50,0
Garfield,1,VBM-0199,50,50,0
Garfield,1,VBM-0200,50,50,0
Garfield,1,VBM-0201,50,50,0
Garfield,1,VBM-0202,50,50,0
Garfield,1,VBM-0203,50,50,0
Garfield,1,VBM-0204,50,50,0
Garfield,1,VBM-0205,50,50,0
Garfield,1,VBM-0206,50,50,0
Garfield,1,VBM-0207,50,50,0
Garfield,1,VBM-0208,50,50,0
Garfield,1,VBM-0209,50,50,0
Garfield,1,VBM-0210,50,50,0
Garfield,1,VBM-0211,50,50,0
Garfield,1,VBM-0212,50,50,0
Garfield,1,VBM-0213,50,50,0
Garfield,1,VBM-0214,50,50,0
Garfield,1,VBM-0215,50,50,0
Garfield,1,VBM-0216,50,50,0
Garfield,1,VBM-0217,50,50,0
Garfield,1,VBM-0218,50,50,0
Garfield,1,VBM-0219,50,50,0
Garfield,1,VBM-0220,50,50,0
Garfield,1,VBM-0221,50,50,0
Garfield,1,VBM-0222,50,50,0
Garfield,1,VBM-0223,50,50,0
Garfield,1,VBM-0224,50,50,0
Garfield,1,VBM-0225,50,50,0
Garfield,1,VBM-0226,50,50,0
Garfield,1,VBM-0227,50,50,0
Garfield,1,VBM-0228,50,50,0
Garfield,1,VBM-0229,50,50,0
Garfield,1,VBM-0230,50,50,0
Garfield,1,VBM-0231,50,50,0
Garfield,1,VBM-0232,50,50,0
Garfield,1,VBM-0233,50,50,0
Garfield,1,VBM-0234,50,50,0
Garfield,1,VBM-0235,50,50,0
Garfield,1,VBM-0236,50,50,0
Garfield,1,VBM-0237,50,50,0
Garfield,1,VBM-0238,50,50,0
Garfield,1,VBM-0239,50,50,0
Garfield,1,VBM-0240,50,50,0
Garfield,1,VBM-0241,50,50,0
Garfield,1,VBM-0242,50,50,0
Garfield,1,VBM-0243,50,50,0
Garfield,1,VBM-0244,50,50,0
Garfield,1,VBM-0245,50,50,0
Garfield,1,VBM-0246,50,50,0
Garfield,1,VBM-0247,50,50,0
Garfield,1,VBM-0248,50,50,0
Garfield,1,VBM-0249,50,50,0
Garfield,1,VBM-0250,50,50,0
Garfield,1,VBM-0251,50,50,0
Garfield,1,VBM-0252,50,50,0
Garfield,1,VBM-0253,50,50,0
Garfield,1,VBM-0254,50,50,0
Garfield,1,VBM-0255,50,50,0
Garfield,1,VBM-0256,50,50,0
Garfield,1,VBM-0257,50,50,0
Garfield,1,VBM-0258,50,50,0
Garfield,1,VBM-0259,50,50,0
Garfield,1,VBM-0260,50,50,0
Garfield,1,VBM-0261,50,50,0
Garfield,1,VBM-0262,50,50,0
Garfield,1,VBM-0263,50,50,0
Garfield,1,VBM-0264,50,50,0
Garfield,1,VBM-0265,50,50,0
Garfield,1,VBM-0266,50,50,0
Garfield,1,VBM-0267,50,50,0
Garfield,1,VBM-0268,50,50,0
Garfield,1,VBM-0269,50,50,0
Garfield,1,VBM-0270,50,50,0
Garfield,1,VBM-0271,50,50,0
Garfield,1,VBM-0272,50,50,0
Garfield,1,VBM-0273,50,50,0
Garfield,1,VBM-0274,50,50,0
Garfield,1,VBM-0275,50,50,0
Garfield,1,VBM-0276,50,50,0
Garfield,1,VBM-0277,50,50,0
Garfield,1,VBM-0278,50,50,0
Garfield,1,VBM-0279,50,50,0
Garfield,1,VBM-0280,50,50,0
Garfield,1,VBM-0281,50,50,0
Garfield,1,VBM-0282,50,50,0
Garfield,1,VBM-0283,50,50,0
Garfield,1,VBM-0284,50,50,0
Garfield,1,VBM-0285,50,50,0
Garfield,1,VBM-0286,50,50,0
Garfield,1,VBM-0287,50,50,0
Garfield,1,VBM-0288,48,48,0
Gilpin,1,VBM-0001,25,25,0
Gilpin,1,VBM-0002,25,25,0
Gilpin,1,VBM-0003,25,25,0
Gilpin,1,VBM-0004,25,25,0
Gilpin,1,VBM-0005,25,25,0
Gilpin,1,VBM-0006,25,25,0
Gilpin,1,VBM-0007,25,25,0
Gilpin,1,VBM-0008,25,25,0
Gilpin,1,VBM-0009,25,25,0
Gilpin,1,VBM-0010,25,25,0
Gilpin,1,VBM-0011,24,24,0
Gilpin,1,VBM-0012,25,25,0
Gilpin,1,VBM-0013,25,25,0
Gilpin,1,VBM-0014,25,25,0
Gilpin,1,VBM-0015,25,25,0
Gilpin,1,VBM-0016,25,25,0
Gilpin,1,VBM-0017,25,25,0
Gilpin,1,VBM-0018,25,25,0
Gilpin,1,VBM-0019,26,26,0
Gilpin,1,VBM-0020,25,25,0
Gilpin,1,VBM-0021,25,25,0
Gilpin,1,VBM-0022,25,25,0
Gilpin,1,VBM-0023,25,25,0
Gilpin,1,VBM-0024,25,25,0
Gilpin,1,VBM-0025,25,25,0
Gilpin,1,VBM-0026,25,25,0
Gilpin,1,VBM-0027,25,25,0
Gilpin,1,VBM-0028,25,25,0
Gilpin,1,VBM-0029,25,25,0
Gilpin,1,VBM-0030,25,25,0
Gilpin,1,VBM-0031,25,25,0
Gilpin,1,VBM-0032,25,25,0
Gilpin,1,VBM-0033,25,25,0
Gilpin,1,VBM-0034,20,20,0
Gilpin,1,VBM-0035,25,25,0
Gilpin,1,VBM-0036,25,25,0
Gilpin,1,VBM-0037,25,25,0
Gilpin,1,VBM-0038,25,25,0
Gilpin,1,VBM-0039,25,25,0
Gilpin,1,VBM-0040,25,25,0
Gilpin,1,VBM-0041,25,25,0
Gilpin,1,VBM-0042,25,25,0
Gilpin,1,VBM-0043,25,25,0
Gilpin,1,VBM-0044,25,25,0
Gilpin,1,VBM-0045,25,25,0
Gilpin,1,VBM-0046,25,25,0
Gilpin,1,VBM-0047,25,25,0
Gilpin,1,VBM-0048,25,25,0
Gilpin,1,VBM-0049,25,25,0
Gilpin,1,VBM-0050,25,25,0
Gilpin,1,VBM-0051,25,25,0
Gilpin,1,VBM-0052,25,25,0
Gilpin,1,VBM-0053,23,23,0
Gilpin,1,VBM-0054,25,25,0
Gilpin,1,VBM-0055,25,25,0
Gilpin,1,VBM-0056,25,25,0
Gilpin,1,VBM-0057,25,25,0
Gilpin,1,VBM-0058,25,25,0
Gilpin,1,VBM-0059,25,25,0
Gilpin,1,VBM-0060,25,25,0
Gilpin,1,VBM-0061,25,25,0
Gilpin,1,VBM-0062,25,25,0
Gilpin,1,VBM-0063,25,25,0
Gilpin,1,VBM-0064,25,25,0
Gilpin,1,VBM-0065,25,25,0
Gilpin,1,VBM-0066,25,25,0
Gilpin,1,VBM-0067,25,25,0
Gilpin,1,VBM-0068,15,15,0
Gilpin,1,VBM-0069,25,25,0
Gilpin,1,VBM-0070,25,25,0
Gilpin,1,VBM-0071,25,25,0
Gilpin,1,VBM-0072,25,25,0
Gilpin,1,VBM-0073,25,25,0
Gilpin,1,VBM-0074,25,25,0
Gilpin,1,VBM-0075,25,25,0
Gilpin,1,VBM-0076,30,30,0
Grand,1,VBM-0001,47,47,0
Grand,1,VBM-0002,55,55,0
Grand,1,VBM-0003,49,49,0
Grand,1,VBM-0004,58,58,0
Grand,1,VBM-0005,66,66,0
Grand,1,VBM-0006,50,50,0
Grand,1,VBM-0007,56,56,0
Grand,1,VBM-0008,49,49,0
Grand,1,VBM-0009,45,45,0
Grand,1,VBM-0010,36,36,0
Grand,1,VBM-0011,42,42,0
Grand,1,VBM-0012,58,58,0
Grand,1,VBM-0013,53,53,0
Grand,1,VBM-0014,62,62,0
Grand,1,VBM-0015,57,57,0
Grand,1,VBM-0016,49,49,0
Grand,1,VBM-0017,41,41,0
Grand,1,VBM-0018,51,51,0
Grand,1,VBM-0019,59,59,0
Grand,1,VBM-0020,61,61,0
Grand,1,VBM-0021,44,44,0
Grand,1,VBM-0022,45,45,0
Grand,1,VBM-0023,44,44,0
Grand,1,VBM-0024,42,42,0
Grand,1,VBM-0025,62,62,0
Grand,1,VBM-0026,44,44,0
Grand,1,VBM-0027,38,38,0
Grand,1,VBM-0028,27,27,0
Grand,1,VBM-0029,48,48,0
Grand,1,VBM-0030,53,53,0
Grand,1,VBM-0031,57,57,0
Grand,1,VBM-0032,66,66,0
Grand,1,VBM-0033,48,48,0
Grand,1,VBM-0034,58,58,0
Grand,1,VBM-0035,42,42,0
Grand,1,VBM-0036,47,47,0
Grand,1,VBM-0037,45,45,0
Grand,1,VBM-0038,40,40,0
Grand,1,VBM-0039,35,35,0
Grand,1,VBM-0040,32,32,0
Grand,1,VBM-0041,54,54,0
Grand,1,VBM-0042,33,33,0
Grand,1,VBM-0043,48,48,0
Grand,1,VBM-0044,62,62,0
Grand,1,VBM-0045,37,37,0
Grand,1,VBM-0046,56,56,0
Grand,1,VBM-0047,48,48,0
Grand,1,VBM-0048,58,58,0
Grand,1,VBM-0049,47,47,0
Grand,1,VBM-0050,49,49,0
Grand,1,VBM-0051,56,56,0
Grand,1,VBM-0052,50,50,0
Grand,1,VBM-0053,22,22,0
Grand,1,VBM-0054,51,51,0
Grand,1,VBM-0055,48,48,0
Grand,1,VBM-0056,49,49,0
Grand,1,VBM-0057,40,40,0
Grand,1,VBM-0058,54,54,0
Grand,1,VBM-0059,58,58,0
Grand,1,VBM-0060,30,30,0
Grand,1,VBM-0061,48,48,0
Grand,1,VBM-0062,49,49,0
Grand,1,VBM-0063,45,45,0
Grand,1,VBM-0064,51,51,0
Grand,1,VBM-0065,53,53,0
Grand,1,VBM-0066,46,46,0
Grand,1,VBM-0067,46,46,0
Grand,1,VBM-0068,44,44,0
Grand,1,VBM-0069,59,59,0
Grand,1,VBM-0070,45,45,0
Grand,1,VBM-0071,45,45,0
Grand,1,VBM-0072,47,47,0
Grand,1,VBM-0073,21,21,0
Grand,1,VBM-0074,48,48,0
Grand,1,VBM-0075,46,46,0
Grand,1,VBM-0076,25,25,0
Grand,1,VBM-0077,49,49,0
Grand,1,VBM-0078,41,41,0
Grand,1,VBM-0079,8,8,0
Grand,1,VBM-0080,47,47,0
Grand,1,VBM-0081,49,49,0
Grand,1,VBM-0082,48,48,0
Grand,1,VBM-0083,51,51,0
Grand,1,VBM-0084,48,48,0
Grand,1,VBM-0085,47,47,0
Grand,1,VBM-0086,19,19,0
Grand,1,VBM-0087,50,50,0
Grand,1,VBM-0088,60,60,0
Grand,1,VBM-0089,48,48,0
Grand,1,VBM-0090,17,17,0
Grand,1,VBM-0091,47,47,0
Grand,1,VBM-0092,48,48,0
Grand,1,VBM-0093,26,26,0
Grand,1,VBM-0094,35,35,0
Grand,1,VBM-0095,32,32,0
Grand,1,VBM-0096,47,47,0
Grand,1,VBM-0097,47,47,0
Grand,1,VBM-0098,47,47,0
Grand,1,VBM-0099,9,9,0
Grand,1,VBM-0100,53,53,0
Grand,1,VBM-0101,7,7,0
Grand,1,VBM-0102,4,4,0
Grand,1,VBM-0103,17,17,0
Grand,1,VBM-0104,13,13,0
Grand,1,VBM-0105,2,2,0
Gunnison,104,1,49,49,0
Gunnison,104,10,49,49,0
Gunnison,104,11,48,48,0
Gunnison,104,12,49,49,0
Gunnison,104,13,49,49,0
Gunnison,104,14,49,49,0
Gunnison,104,15,50,50,0
Gunnison,104,16,29,29,0
Gunnison,104,17,50,50,0
Gunnison,104,18,50,50,0
Gunnison,104,19,49,49,0
Gunnison,104,2,50,50,0
Gunnison,104,20,48,48,0
Gunnison,104,21,47,47,0
Gunnison,104,22,48,48,0
Gunnison,104,23,50,50,0
Gunnison,104,24,49,49,0
Gunnison,104,25,50,50,0
Gunnison,104,26,49,49,0
Gunnison,104,27,48,48,0
Gunnison,104,28,49,49,0
Gunnison,104,29,49,49,0
Gunnison,104,3,49,49,0
Gunnison,104,30,48,48,0
Gunnison,104,31,49,49,0
Gunnison,104,32,50,50,0
Gunnison,104,33,14,14,0
Gunnison,104,34,50,50,0
Gunnison,104,35,50,50,0
Gunnison,104,36,49,49,0
Gunnison,104,37,50,50,0
Gunnison,104,38,48,48,0
Gunnison,104,39,46,46,0
Gunnison,104,4,49,49,0
Gunnison,104,40,48,48,0
Gunnison,104,41,48,48,0
Gunnison,104,42,48,48,0
Gunnison,104,43,50,50,0
Gunnison,104,44,49,49,0
Gunnison,104,45,49,49,0
Gunnison,104,46,49,49,0
Gunnison,104,47,48,48,0
Gunnison,104,48,49,49,0
Gunnison,104,49,50,50,0
Gunnison,104,5,50,50,0
Gunnison,104,50,48,48,0
Gunnison,104,51,48,48,0
Gunnison,104,52,48,48,0
Gunnison,104,53,21,21,0
Gunnison,104,54,50,50,0
Gunnison,104,55,50,50,0
Gunnison,104,56,50,50,0
Gunnison,104,57,49,49,0
Gunnison,104,58,50,50,0
Gunnison,104,59,50,50,0
Gunnison,104,6,49,49,0
Gunnison,104,60,49,49,0
Gunnison,104,61,50,50,0
Gunnison,104,62,50,50,0
Gunnison,104,63,48,48,0
Gunnison,104,64,48,48,0
Gunnison,104,65,47,47,0
Gunnison,104,66,50,50,0
Gunnison,104,67,49,49,0
Gunnison,104,68,50,50,0
Gunnison,104,69,50,50,0
Gunnison,104,7,49,49,0
Gunnison,104,70,47,47,0
Gunnison,104,71,49,49,0
Gunnison,104,72,50,50,0
Gunnison,104,73,50,50,0
Gunnison,104,74,50,50,0
Gunnison,104,75,48,48,0
Gunnison,104,76,50,50,0
Gunnison,104,77,49,49,0
Gunnison,104,78,49,49,0
Gunnison,104,79,50,50,0
Gunnison,104,8,44,44,0
Gunnison,104,80,49,49,0
Gunnison,104,81,48,48,0
Gunnison,104,82,49,49,0
Gunnison,104,83,50,50,0
Gunnison,104,84,50,50,0
Gunnison,104,85,48,48,0
Gunnison,104,86,47,47,0
Gunnison,104,87,47,47,0
Gunnison,104,88,47,47,0
Gunnison,104,89,49,49,0
Gunnison,104,9,49,49,0
Gunnison,104,90,46,46,0
Gunnison,104,91,49,49,0
Gunnison,104,92,49,49,0
Gunnison,104,93,39,39,0
Gunnison,104,94,24,24,0
Gunnison,104,95,37,37,0
Gunnison,104,96,44,44,0
Hinsdale,102,1,25,25,0
Hinsdale,102,10,25,25,0
Hinsdale,102,11,25,25,0
Hinsdale,102,12,20,20,0
Hinsdale,102,2,25,25,0
Hinsdale,102,3,25,25,0
Hinsdale,102,4,25,25,0
Hinsdale,102,5,25,25,0
Hinsdale,102,6,25,25,0
Hinsdale,102,7,25,25,0
Hinsdale,102,8,25,25,0
Hinsdale,102,9,25,25,0
Huerfano,102,1,1,1,0
Huerfano,102,10,4,4,0
Huerfano,102,100,12,12,0
Huerfano,102,101,22,22,0
Huerfano,102,102,12,12,0
Huerfano,102,103,10,10,0
Huerfano,102,104,8,8,0
Huerfano,102,105,13,13,0
Huerfano,102,106,9,9,0
Huerfano,102,107,1,1,0
Huerfano,102,108,2,2,0
Huerfano,102,109,3,3,0
Huerfano,102,11,3,3,0
Huerfano,102,110,25,25,0
Huerfano,102,111,25,25,0
Huerfano,102,112,6,6,0
Huerfano,102,113,18,18,0
Huerfano,102,114,5,5,0
Huerfano,102,115,9,9,0
Huerfano,102,116,24,24,0
Huerfano,102,117,1,1,0
Huerfano,102,118,25,25,0
Huerfano,102,119,23,23,0
Huerfano,102,12,5,5,0
Huerfano,102,120,25,25,0
Huerfano,102,121,24,24,0
Huerfano,102,122,11,11,0
Huerfano,102,123,25,25,0
Huerfano,102,124,20,20,0
Huerfano,102,125,24,24,0
Huerfano,102,126,7,7,0
Huerfano,102,127,25,25,0
Huerfano,102,128,13,13,0
Huerfano,102,129,17,17,0
Huerfano,102,13,8,8,0
Huerfano,102,130,25,25,0
Huerfano,102,131,15,15,0
Huerfano,102,132,17,17,0
Huerfano,102,133,19,19,0
Huerfano,102,134,2,2,0
Huerfano,102,135,17,17,0
Huerfano,102,136,24,24,0
Huerfano,102,137,3,3,0
Huerfano,102,138,1,1,0
Huerfano,102,139,7,7,0
Huerfano,102,14,4,4,0
Huerfano,102,140,25,25,0
Huerfano,102,141,7,7,0
Huerfano,102,142,24,24,0
Huerfano,102,143,1,1,0
Huerfano,102,144,1,1,0
Huerfano,102,145,20,20,0
Huerfano,102,146,14,14,0
Huerfano,102,147,6,6,0
Huerfano,102,148,3,3,0
Huerfano,102,149,25,25,0
Huerfano,102,15,4,4,0
Huerfano,102,150,18,18,0
Huerfano,102,151,8,8,0
Huerfano,102,152,7,7,0
Huerfano,102,153,25,25,0
Huerfano,102,154,25,25,0
Huerfano,102,155,1,1,0
Huerfano,102,156,20,20,0
Huerfano,102,157,10,10,0
Huerfano,102,158,17,17,0
Huerfano,102,159,15,15,0
Huerfano,102,16,3,3,0
Huerfano,102,160,8,8,0
Huerfano,102,161,10,10,0
Huerfano,102,162,12,12,0
Huerfano,102,163,16,16,0
Huerfano,102,164,1,1,0
Huerfano,102,165,3,3,0
Huerfano,102,166,2,2,0
Huerfano,102,167,25,25,0
Huerfano,102,168,8,8,0
Huerfano,102,169,17,17,0
Huerfano,102,17,25,25,0
Huerfano,102,170,6,6,0
Huerfano,102,171,2,2,0
Huerfano,102,172,14,14,0
Huerfano,102,173,11,11,0
Huerfano,102,174,22,22,0
Huerfano,102,175,10,10,0
Huerfano,102,176,22,22,0
Huerfano,102,177,14,14,0
Huerfano,102,178,7,7,0
Huerfano,102,179,2,2,0
Huerfano,102,18,19,19,0
Huerfano,102,180,24,24,0
Huerfano,102,181,8,8,0
Huerfano,102,182,2,2,0
Huerfano,102,183,1,1,0
Huerfano,102,19,21,21,0
Huerfano,102,2,4,4,0
Huerfano,102,20,12,12,0
Huerfano,102,21,4,4,0
Huerfano,102,22,12,12,0
Huerfano,102,23,8,8,0
Huerfano,102,24,1,1,0
Huerfano,102,25,1,1,0
Huerfano,102,26,25,25,0
Huerfano,102,27,25,25,0
Huerfano,102,28,2,2,0
Huerfano,102,29,21,21,0
Huerfano,102,3,20,20,0
Huerfano,102,30,2,2,0
Huerfano,102,31,13,13,0
Huerfano,102,32,12,12,0
Huerfano,102,33,9,9,0
Huerfano,102,34,16,16,0
Huerfano,102,35,2,2,0
Huerfano,102,36,24,24,0
Huerfano,102,37,25,25,0
Huerfano,102,38,6,6,0
Huerfano,102,39,24,24,0
Huerfano,102,4,11,11,0
Huerfano,102,40,4,4,0
Huerfano,102,41,13,13,0
Huerfano,102,42,8,8,0
Huerfano,102,43,25,25,0
Huerfano,102,44,25,25,0
Huerfano,102,45,4,4,0
Huerfano,102,46,25,25,0
Huerfano,102,47,25,25,0
Huerfano,102,48,25,25,0
Huerfano,102,49,9,9,0
Huerfano,102,5,3,3,0
Huerfano,102,50,21,21,0
Huerfano,102,51,24,24,0
Huerfano,102,52,5,5,0
Huerfano,102,53,25,25,0
Huerfano,102,54,25,25,0
Huerfano,102,55,15,15,0
Huerfano,102,56,22,22,0
Huerfano,102,57,23,23,0
Huerfano,102,58,6,6,0
Huerfano,102,59,5,5,0
Huerfano,102,6,25,25,0
Huerfano,102,60,1,1,0
Huerfano,102,61,1,1,0
Huerfano,102,62,1,1,0
Huerfano,102,63,19,19,0
Huerfano,102,64,3,3,0
Huerfano,102,65,16,16,0
Huerfano,102,66,5,5,0
Huerfano,102,67,9,9,0
Huerfano,102,68,9,9,0
Huerfano,102,69,1,1,0
Huerfano,102,7,16,16,0
Huerfano,102,70,19,19,0
Huerfano,102,71,8,8,0
Huerfano,102,72,22,22,0
Huerfano,102,73,15,15,0
Huerfano,102,74,8,8,0
Huerfano,102,75,25,25,0
Huerfano,102,76,25,25,0
Huerfano,102,77,15,15,0
Huerfano,102,78,5,5,0
Huerfano,102,79,25,25,0
Huerfano,102,8,17,17,0
Huerfano,102,80,1,1,0
Huerfano,102,81,6,6,0
Huerfano,102,82,14,14,0
Huerfano,102,83,8,8,0
Huerfano,102,84,21,21,0
Huerfano,102,85,17,17,0
Huerfano,102,86,7,7,0
Huerfano,102,87,17,17,0
Huerfano,102,88,9,9,0
Huerfano,102,89,6,6,0
Huerfano,102,9,10,10,0
Huerfano,102,90,9,9,0
Huerfano,102,91,8,8,0
Huerfano,102,92,18,18,0
Huerfano,102,93,3,3,0
Huerfano,102,94,4,4,0
Huerfano,102,95,10,10,0
Huerfano,102,96,16,16,0
Huerfano,102,97,23,23,0
Huerfano,102,98,8,8,0
Huerfano,102,99,4,4,0
Jackson,102,1,25,25,0
Jackson,102,10,25,25,0
Jackson,102,11,25,25,0
Jackson,102,12,25,25,0
Jackson,102,13,25,25,0
Jackson,102,14,25,25,0
Jackson,102,15,25,25,0
Jackson,102,16,25,25,0
Jackson,102,17,25,25,0
Jackson,102,18,25,25,0
Jackson,102,19,25,25,0
Jackson,102,2,25,25,0
Jackson,102,20,25,25,0
Jackson,102,21,25,25,0
Jackson,102,22,25,25,0
Jackson,102,23,24,24,0
Jackson,102,24,5,5,0
Jackson,102,25,1,1,0
Jackson,102,3,25,25,0
Jackson,102,4,25,25,0
Jackson,102,5,25,25,0
Jackson,102,6,25,25,0
Jackson,102,7,25,25,0
Jackson,102,8,25,25,0
Jackson,102,9,25,25,0
Jefferson,101,1,200,200,0
Jefferson,101,10,199,199,0
Jefferson,101,100,200,200,0
Jefferson,101,101,231,231,0
Jefferson,101,102,200,200,0
Jefferson,101,103,188,188,0
Jefferson,101,104,189,189,0
Jefferson,101,105,204,204,0
Jefferson,101,106,200,200,0
Jefferson,101,107,200,200,0
Jefferson,101,108,200,200,0
Jefferson,101,109,198,198,0
Jefferson,101,11,200,200,0
Jefferson,101,110,199,199,0
Jefferson,101,111,199,199,0
Jefferson,101,112,200,200,0
Jefferson,101,12,200,200,0
Jefferson,101,13,198,198,0
Jefferson,101,14,200,200,0
Jefferson,101,15,199,199,0
Jefferson,101,16,165,165,0
Jefferson,101,17,200,200,0
Jefferson,101,18,103,103,0
Jefferson,101,19,202,202,0
Jefferson,101,2,205,205,0
Jefferson,101,20,199,199,0
Jefferson,101,21,199,199,0
Jefferson,101,22,200,200,0
Jefferson,101,23,200,200,0
Jefferson,101,24,196,196,0
Jefferson,101,25,200,200,0
Jefferson,101,26,200,200,0
Jefferson,101,27,200,200,0
Jefferson,101,28,200,200,0
Jefferson,101,29,200,200,0
Jefferson,101,3,200,200,0
Jefferson,101,30,200,200,0
Jefferson,101,31,197,197,0
Jefferson,101,32,197,197,0
Jefferson,101,33,199,199,0
Jefferson,101,34,244,244,0
Jefferson,101,35,211,211,0
Jefferson,101,36,198,198,0
Jefferson,101,37,197,197,0
Jefferson,101,38,198,198,0
Jefferson,101,39,197,197,0
Jefferson,101,4,219,219,0
Jefferson,101,40,200,200,0
Jefferson,101,41,199,199,0
Jefferson,101,42,199,199,0
Jefferson,101,43,200,200,0
Jefferson,101,44,199,199,0
Jefferson,101,45,197,197,0
Jefferson,101,46,236,236,0
Jefferson,101,47,215,215,0
Jefferson,101,48,200,200,0
Jefferson,101,49,200,200,0
Jefferson,101,5,200,200,0
Jefferson,101,50,200,200,0
Jefferson,101,51,200,200,0
Jefferson,101,52,200,200,0
Jefferson,101,53,200,200,0
Jefferson,101,54,215,215,0
Jefferson,101,55,196,196,0
Jefferson,101,56,200,200,0
Jefferson,101,57,213,213,0
Jefferson,101,58,199,199,0
Jefferson,101,59,200,200,0
Jefferson,101,6,202,202,0
Jefferson,101,60,200,200,0
Jefferson,101,61,197,197,0
Jefferson,101,62,198,198,0
Jefferson,101,63,200,200,0
Jefferson,101,64,200,200,0
Jefferson,101,65,197,197,0
Jefferson,101,66,200,200,0
Jefferson,101,67,200,200,0
Jefferson,101,68,198,198,0
Jefferson,101,69,199,199,0
Jefferson,101,7,200,200,0
Jefferson,101,70,200,200,0
Jefferson,101,71,200,200,0
Jefferson,101,72,200,200,0
Jefferson,101,73,200,200,0
Jefferson,101,74,200,200,0
Jefferson,101,75,249,249,0
Jefferson,101,76,200,200,0
Jefferson,101,77,200,200,0
Jefferson,101,78,200,200,0
Jefferson,101,79,199,199,0
Jefferson,101,8,200,200,0
Jefferson,101,80,200,200,0
Jefferson,101,81,200,200,0
Jefferson,101,82,200,200,0
Jefferson,101,83,194,194,0
Jefferson,101,84,194,194,0
Jefferson,101,85,199,199,0
Jefferson,101,86,200,200,0
Jefferson,101,87,200,200,0
Jefferson,101,88,200,200,0
Jefferson,101,89,200,200,0
Jefferson,101,9,128,128,0
Jefferson,101,90,190,190,0
Jefferson,101,91,194,194,0
Jefferson,101,92,196,196,0
Jefferson,101,93,200,200,0
Jefferson,101,94,190,190,0
Jefferson,101,95,195,195,0
Jefferson,101,96,200,200,0
Jefferson,101,97,192,192,0
Jefferson,101,98,199,199,0
Jefferson,101,99,200,200,0
Jefferson,102,1,201,201,0
Jefferson,102,10,199,199,0
Jefferson,102,11,200,200,0
Jefferson,102,12,200,200,0
Jefferson,102,13,199,199,0
Jefferson,102,15,198,198,0
Jefferson,102,16,200,200,0
Jefferson,102,17,226,226,0
Jefferson,102,18,200,200,0
Jefferson,102,19,200,200,0
Jefferson,102,2,228,228,0
Jefferson,102,20,200,200,0
Jefferson,102,21,199,199,0
Jefferson,102,22,200,200,0
Jefferson,102,23,207,207,0
Jefferson,102,24,213,213,0
Jefferson,102,25,200,200,0
Jefferson,102,26,200,200,0
Jefferson,102,27,200,200,0
Jefferson,102,28,200,200,0
Jefferson,102,29,200,200,0
Jefferson,102,3,200,200,0
Jefferson,102,30,226,226,0
Jefferson,102,31,200,200,0
Jefferson,102,32,207,207,0
Jefferson,102,33,199,199,0
Jefferson,102,34,200,200,0
Jefferson,102,35,200,200,0
Jefferson,102,36,200,200,0
Jefferson,102,37,200,200,0
Jefferson,102,38,200,200,0
Jefferson,102,39,215,215,0
Jefferson,102,4,200,200,0
Jefferson,102,40,106,106,0
Jefferson,102,41,200,200,0
Jefferson,102,42,200,200,0
Jefferson,102,43,199,199,0
Jefferson,102,44,199,199,0
Jefferson,102,45,200,200,0
Jefferson,102,46,200,200,0
Jefferson,102,47,200,200,0
Jefferson,102,48,200,200,0
Jefferson,102,49,200,200,0
Jefferson,102,5,199,199,0
Jefferson,102,50,200,200,0
Jefferson,102,51,200,200,0
Jefferson,102,52,197,197,0
Jefferson,102,53,195,195,0
Jefferson,102,54,200,200,0
Jefferson,102,55,198,198,0
Jefferson,102,56,200,200,0
Jefferson,102,57,268,268,0
Jefferson,102,58,209,209,0
Jefferson,102,59,183,183,0
Jefferson,102,6,200,200,0
Jefferson,102,60,191,191,0
Jefferson,102,61,198,198,0
Jefferson,102,62,200,200,0
Jefferson,102,63,200,200,0
Jefferson,102,64,196,196,0
Jefferson,102,7,200,200,0
Jefferson,102,8,207,207,0
Jefferson,102,9,200,200,0
Jefferson,103,1,218,218,0
Jefferson,103,10,200,200,0
Jefferson,103,100,200,200,0
Jefferson,103,101,190,190,0
Jefferson,103,102,200,200,0
Jefferson,103,103,172,172,0
Jefferson,103,104,200,200,0
Jefferson,103,105,200,200,0
Jefferson,103,11,200,200,0
Jefferson,103,12,200,200,0
Jefferson,103,13,200,200,0
Jefferson,103,14,200,200,0
Jefferson,103,15,200,200,0
Jefferson,103,16,200,200,0
Jefferson,103,17,199,199,0
Jefferson,103,18,200,200,0
Jefferson,103,19,199,199,0
Jefferson,103,2,200,200,0
Jefferson,103,20,198,198,0
Jefferson,103,21,180,180,0
Jefferson,103,28,200,200,0
Jefferson,103,29,200,200,0
Jefferson,103,3,200,200,0
Jefferson,103,30,119,119,0
Jefferson,103,31,200,200,0
Jefferson,103,32,200,200,0
Jefferson,103,33,199,199,0
Jefferson,103,34,101,101,0
Jefferson,103,35,200,200,0
Jefferson,103,36,200,200,0
Jefferson,103,37,198,198,0
Jefferson,103,38,200,200,0
Jefferson,103,39,200,200,0
Jefferson,103,4,199,199,0
Jefferson,103,40,200,200,0
Jefferson,103,41,188,188,0
Jefferson,103,42,199,199,0
Jefferson,103,43,199,199,0
Jefferson,103,44,200,200,0
Jefferson,103,45,200,200,0
Jefferson,103,46,190,190,0
Jefferson,103,47,198,198,0
Jefferson,103,48,200,200,0
Jefferson,103,49,199,199,0
Jefferson,103,5,200,200,0
Jefferson,103,50,198,198,0
Jefferson,103,51,199,199,0
Jefferson,103,52,198,198,0
Jefferson,103,53,200,200,0
Jefferson,103,54,199,199,0
Jefferson,103,55,195,195,0
Jefferson,103,56,199,199,0
Jefferson,103,57,200,200,0
Jefferson,103,58,200,200,0
Jefferson,103,59,198,198,0
Jefferson,103,6,206,206,0
Jefferson,103,60,200,200,0
Jefferson,103,61,195,195,0
Jefferson,103,62,199,199,0
Jefferson,103,63,194,194,0
Jefferson,103,64,199,199,0
Jefferson,103,65,200,200,0
Jefferson,103,66,200,200,0
Jefferson,103,67,200,200,0
Jefferson,103,68,199,199,0
Jefferson,103,69,200,200,0
Jefferson,103,7,172,172,0
Jefferson,103,70,200,200,0
Jefferson,103,71,200,200,0
Jefferson,103,72,200,200,0
Jefferson,103,73,202,202,0
Jefferson,103,74,200,200,0
Jefferson,103,75,204,204,0
Jefferson,103,76,200,200,0
Jefferson,103,77,199,199,0
Jefferson,103,78,200,200,0
Jefferson,103,79,206,206,0
Jefferson,103,8,200,200,0
Jefferson,103,80,194,194,0
Jefferson,103,81,200,200,0
Jefferson,103,82,194,194,0
Jefferson,103,83,200,200,0
Jefferson,103,84,199,199,0
Jefferson,103,86,200,200,0
Jefferson,103,87,200,200,0
Jefferson,103,88,200,200,0
Jefferson,103,89,200,200,0
Jefferson,103,9,200,200,0
Jefferson,103,90,200,200,0
Jefferson,103,91,198,198,0
Jefferson,103,92,197,197,0
Jefferson,103,93,200,200,0
Jefferson,103,94,193,193,0
Jefferson,103,95,200,200,0
Jefferson,103,96,200,200,0
Jefferson,103,97,200,200,0
Jefferson,103,98,199,199,0
Jefferson,103,99,200,200,0
Jefferson,104,1,200,200,0
Jefferson,104,10,200,200,0
Jefferson,104,100,199,199,0
Jefferson,104,101,200,200,0
Jefferson,104,102,199,199,0
Jefferson,104,103,230,230,0
Jefferson,104,104,197,197,0
Jefferson,104,105,200,200,0
Jefferson,104,11,200,200,0
Jefferson,104,12,200,200,0
Jefferson,104,13,200,200,0
Jefferson,104,14,200,200,0
Jefferson,104,15,199,199,0
Jefferson,104,16,199,199,0
Jefferson,104,17,200,200,0
Jefferson,104,18,200,200,0
Jefferson,104,19,200,200,0
Jefferson,104,2,200,200,0
Jefferson,104,20,200,200,0
Jefferson,104,21,198,198,0
Jefferson,104,22,200,200,0
Jefferson,104,23,200,200,0
Jefferson,104,24,200,200,0
Jefferson,104,25,199,199,0
Jefferson,104,26,200,200,0
Jefferson,104,27,214,214,0
Jefferson,104,28,199,199,0
Jefferson,104,29,200,200,0
Jefferson,104,3,175,175,0
Jefferson,104,30,199,199,0
Jefferson,104,31,200,200,0
Jefferson,104,32,200,200,0
Jefferson,104,33,200,200,0
Jefferson,104,34,200,200,0
Jefferson,104,35,200,200,0
Jefferson,104,36,200,200,0
Jefferson,104,37,200,200,0
Jefferson,104,38,200,200,0
Jefferson,104,39,199,199,0
Jefferson,104,4,200,200,0
Jefferson,104,40,199,199,0
Jefferson,104,41,200,200,0
Jefferson,104,42,199,199,0
Jefferson,104,43,200,200,0
Jefferson,104,44,200,200,0
Jefferson,104,45,200,200,0
Jefferson,104,46,200,200,0
Jefferson,104,47,200,200,0
Jefferson,104,48,200,200,0
Jefferson,104,49,200,200,0
Jefferson,104,5,199,199,0
Jefferson,104,50,200,200,0
Jefferson,104,51,200,200,0
Jefferson,104,52,200,200,0
Jefferson,104,53,200,200,0
Jefferson,104,54,199,199,0
Jefferson,104,55,200,200,0
Jefferson,104,56,200,200,0
Jefferson,104,57,199,199,0
Jefferson,104,58,200,200,0
Jefferson,104,59,200,200,0
Jefferson,104,6,198,198,0
Jefferson,104,60,199,199,0
Jefferson,104,61,147,147,0
Jefferson,104,62,200,200,0
Jefferson,104,63,200,200,0
Jefferson,104,64,202,202,0
Jefferson,104,65,197,197,0
Jefferson,104,66,199,199,0
Jefferson,104,67,196,196,0
Jefferson,104,68,199,199,0
Jefferson,104,69,200,200,0
Jefferson,104,7,200,200,0
Jefferson,104,70,200,200,0
Jefferson,104,71,200,200,0
Jefferson,104,72,200,200,0
Jefferson,104,73,200,200,0
Jefferson,104,74,182,182,0
Jefferson,104,75,199,199,0
Jefferson,104,76,200,200,0
Jefferson,104,77,196,196,0
Jefferson,104,78,200,200,0
Jefferson,104,79,183,183,0
Jefferson,104,8,200,200,0
Jefferson,104,80,190,190,0
Jefferson,104,81,192,192,0
Jefferson,104,82,199,199,0
Jefferson,104,83,187,187,0
Jefferson,104,84,200,200,0
Jefferson,104,85,193,193,0
Jefferson,104,86,193,193,0
Jefferson,104,87,200,200,0
Jefferson,104,88,200,200,0
Jefferson,104,89,194,194,0
Jefferson,104,9,199,199,0
Jefferson,104,90,196,196,0
Jefferson,104,91,197,197,0
Jefferson,104,92,202,202,0
Jefferson,104,93,182,182,0
Jefferson,104,94,200,200,0
Jefferson,104,95,200,200,0
Jefferson,104,96,199,199,0
Jefferson,104,97,200,200,0
Jefferson,104,98,186,186,0
Jefferson,104,99,200,200,0
Jefferson,105,1,199,199,0
Jefferson,105,10,117,117,0
Jefferson,105,11,200,200,0
Jefferson,105,12,200,200,0
Jefferson,105,13,199,199,0
Jefferson,105,14,205,205,0
Jefferson,105,15,200,200,0
Jefferson,105,16,199,199,0
Jefferson,105,17,199,199,0
Jefferson,105,18,200,200,0
Jefferson,105,19,178,178,0
Jefferson,105,2,200,200,0
Jefferson,105,20,181,181,0
Jefferson,105,21,200,200,0
Jefferson,105,22,199,199,0
Jefferson,105,4,200,200,0
Jefferson,105,5,199,199,0
Jefferson,105,6,200,200,0
Jefferson,105,7,200,200,0
Jefferson,105,8,200,200,0
Jefferson,105,9,200,200,0
Jefferson,106,1,200,200,0
Jefferson,106,10,200,200,0
Jefferson,106,100,200,200,0
Jefferson,106,101,200,200,0
Jefferson,106,102,200,200,0
Jefferson,106,103,199,199,0
Jefferson,106,104,214,214,0
Jefferson,106,105,199,199,0
Jefferson,106,106,199,199,0
Jefferson,106,107,199,199,0
Jefferson,106,108,194,194,0
Jefferson,106,109,200,200,0
Jefferson,106,11,157,157,0
Jefferson,106,110,104,104,0
Jefferson,106,111,200,200,0
Jefferson,106,112,223,223,0
Jefferson,106,113,200,200,0
Jefferson,106,114,199,199,0
Jefferson,106,115,144,144,0
Jefferson,106,116,2,2,0
Jefferson,106,12,200,200,0
Jefferson,106,13,228,228,0
Jefferson,106,14,303,303,0
Jefferson,106,15,200,200,0
Jefferson,106,16,200,200,0
Jefferson,106,17,200,200,0
Jefferson,106,18,199,199,0
Jefferson,106,19,200,200,0
Jefferson,106,2,199,199,0
Jefferson,106,20,200,200,0
Jefferson,106,21,200,200,0
Jefferson,106,22,199,199,0
Jefferson,106,23,200,200,0
Jefferson,106,24,200,200,0
Jefferson,106,25,200,200,0
Jefferson,106,26,173,173,0
Jefferson,106,27,200,200,0
Jefferson,106,28,154,154,0
Jefferson,106,29,200,200,0
Jefferson,106,3,200,200,0
Jefferson,106,30,200,200,0
Jefferson,106,31,200,200,0
Jefferson,106,32,199,199,0
Jefferson,106,33,199,199,0
Jefferson,106,34,200,200,0
Jefferson,106,35,200,200,0
Jefferson,106,36,199,199,0
Jefferson,106,37,200,200,0
Jefferson,106,38,200,200,0
Jefferson,106,39,200,200,0
Jefferson,106,4,199,199,0
Jefferson,106,40,193,193,0
Jefferson,106,41,199,199,0
Jefferson,106,42,200,200,0
Jefferson,106,43,200,200,0
Jefferson,106,44,196,196,0
Jefferson,106,45,194,194,0
Jefferson,106,46,199,199,0
Jefferson,106,47,200,200,0
Jefferson,106,48,200,200,0
Jefferson,106,49,200,200,0
Jefferson,106,5,186,186,0
Jefferson,106,50,199,199,0
Jefferson,106,51,199,199,0
Jefferson,106,52,200,200,0
Jefferson,106,53,217,217,0
Jefferson,106,54,199,199,0
Jefferson,106,55,200,200,0
Jefferson,106,56,194,194,0
Jefferson,106,57,200,200,0
Jefferson,106,58,200,200,0
Jefferson,106,59,200,200,0
Jefferson,106,6,200,200,0
Jefferson,106,60,200,200,0
Jefferson,106,62,199,199,0
Jefferson,106,63,200,200,0
Jefferson,106,64,200,200,0
Jefferson,106,65,200,200,0
Jefferson,106,66,200,200,0
Jefferson,106,67,200,200,0
Jefferson,106,68,200,200,0
Jefferson,106,69,200,200,0
Jefferson,106,7,200,200,0
Jefferson,106,70,199,199,0
Jefferson,106,71,200,200,0
Jefferson,106,72,199,199,0
Jefferson,106,73,200,200,0
Jefferson,106,74,200,200,0
Jefferson,106,75,200,200,0
Jefferson,106,76,200,200,0
Jefferson,106,77,183,183,0
Jefferson,106,78,200,200,0
Jefferson,106,79,185,185,0
Jefferson,106,8,200,200,0
Jefferson,106,80,200,200,0
Jefferson,106,81,200,200,0
Jefferson,106,82,190,190,0
Jefferson,106,83,200,200,0
Jefferson,106,84,190,190,0
Jefferson,106,85,198,198,0
Jefferson,106,86,199,199,0
Jefferson,106,87,200,200,0
Jefferson,106,88,200,200,0
Jefferson,106,89,198,198,0
Jefferson,106,90,200,200,0
Jefferson,106,91,199,199,0
Jefferson,106,92,199,199,0
Jefferson,106,93,200,200,0
Jefferson,106,94,192,192,0
Jefferson,106,95,190,190,0
Jefferson,106,96,200,200,0
Jefferson,106,97,200,200,0
Jefferson,106,98,199,199,0
Jefferson,106,99,200,200,0
Jefferson,107,1,225,225,0
Jefferson,107,10,230,230,0
Jefferson,107,11,161,161,0
Jefferson,107,12,200,200,0
Jefferson,107,13,204,204,0
Jefferson,107,14,142,142,0
Jefferson,107,15,199,199,0
Jefferson,107,16,200,200,0
Jefferson,107,17,199,199,0
Jefferson,107,18,200,200,0
Jefferson,107,19,198,198,0
Jefferson,107,2,182,182,0
Jefferson,107,20,199,199,0
Jefferson,107,21,207,207,0
Jefferson,107,22,199,199,0
Jefferson,107,23,199,199,0
Jefferson,107,24,195,195,0
Jefferson,107,25,177,177,0
Jefferson,107,26,199,199,0
Jefferson,107,27,194,194,0
Jefferson,107,28,193,193,0
Jefferson,107,29,152,152,0
Jefferson,107,3,200,200,0
Jefferson,107,30,200,200,0
Jefferson,107,31,200,200,0
Jefferson,107,32,200,200,0
Jefferson,107,33,200,200,0
Jefferson,107,34,210,210,0
Jefferson,107,35,216,216,0
Jefferson,107,36,200,200,0
Jefferson,107,37,200,200,0
Jefferson,107,38,200,200,0
Jefferson,107,4,199,199,0
Jefferson,107,40,200,200,0
Jefferson,107,41,200,200,0
Jefferson,107,42,200,200,0
Jefferson,107,43,200,200,0
Jefferson,107,44,200,200,0
Jefferson,107,45,200,200,0
Jefferson,107,46,199,199,0
Jefferson,107,47,200,200,0
Jefferson,107,48,200,200,0
Jefferson,107,49,199,199,0
Jefferson,107,5,200,200,0
Jefferson,107,50,199,199,0
Jefferson,107,51,199,199,0
Jefferson,107,52,199,199,0
Jefferson,107,53,200,200,0
Jefferson,107,54,200,200,0
Jefferson,107,55,200,200,0
Jefferson,107,56,200,200,0
Jefferson,107,57,215,215,0
Jefferson,107,58,198,198,0
Jefferson,107,59,200,200,0
Jefferson,107,6,200,200,0
Jefferson,107,60,194,194,0
Jefferson,107,61,200,200,0
Jefferson,107,62,191,191,0
Jefferson,107,63,191,191,0
Jefferson,107,64,197,197,0
Jefferson,107,65,197,197,0
Jefferson,107,66,200,200,0
Jefferson,107,67,198,198,0
Jefferson,107,68,200,200,0
Jefferson,107,69,192,192,0
Jefferson,107,7,200,200,0
Jefferson,107,70,196,196,0
Jefferson,107,71,200,200,0
Jefferson,107,72,200,200,0
Jefferson,107,73,232,232,0
Jefferson,107,74,199,199,0
Jefferson,107,75,193,193,0
Jefferson,107,76,200,200,0
Jefferson,107,77,200,200,0
Jefferson,107,78,200,200,0
Jefferson,107,79,203,203,0
Jefferson,107,8,200,200,0
Jefferson,107,80,199,199,0
Jefferson,107,81,198,198,0
Jefferson,107,82,200,200,0
Jefferson,107,83,200,200,0
Jefferson,107,84,199,199,0
Jefferson,107,85,200,200,0
Jefferson,107,9,200,200,0
Jefferson,108,1,200,200,0
Jefferson,108,10,200,200,0
Jefferson,108,11,200,200,0
Jefferson,108,12,220,220,0
Jefferson,108,13,200,200,0
Jefferson,108,14,226,226,0
Jefferson,108,15,213,213,0
Jefferson,108,16,217,217,0
Jefferson,108,17,222,222,0
Jefferson,108,18,200,200,0
Jefferson,108,19,198,198,0
Jefferson,108,2,200,200,0
Jefferson,108,20,200,200,0
Jefferson,108,21,200,200,0
Jefferson,108,22,200,200,0
Jefferson,108,23,200,200,0
Jefferson,108,24,232,232,0
Jefferson,108,25,198,198,0
Jefferson,108,26,200,200,0
Jefferson,108,27,200,200,0
Jefferson,108,28,272,272,0
Jefferson,108,29,200,200,0
Jefferson,108,3,207,207,0
Jefferson,108,30,207,207,0
Jefferson,108,31,197,197,0
Jefferson,108,32,198,198,0
Jefferson,108,33,200,200,0
Jefferson,108,34,200,200,0
Jefferson,108,35,200,200,0
Jefferson,108,36,216,216,0
Jefferson,108,37,198,198,0
Jefferson,108,38,200,200,0
Jefferson,108,39,199,199,0
Jefferson,108,4,200,200,0
Jefferson,108,40,199,199,0
Jefferson,108,41,198,198,0
Jefferson,108,42,204,204,0
Jefferson,108,43,200,200,0
Jefferson,108,44,206,206,0
Jefferson,108,45,200,200,0
Jefferson,108,46,200,200,0
Jefferson,108,47,239,239,0
Jefferson,108,48,241,241,0
Jefferson,108,49,200,200,0
Jefferson,108,5,199,199,0
Jefferson,108,50,201,201,0
Jefferson,108,51,200,200,0
Jefferson,108,52,200,200,0
Jefferson,108,53,200,200,0
Jefferson,108,54,200,200,0
Jefferson,108,55,216,216,0
Jefferson,108,56,199,199,0
Jefferson,108,57,200,200,0
Jefferson,108,58,200,200,0
Jefferson,108,59,207,207,0
Jefferson,108,6,200,200,0
Jefferson,108,60,200,200,0
Jefferson,108,61,200,200,0
Jefferson,108,62,198,198,0
Jefferson,108,63,218,218,0
Jefferson,108,64,200,200,0
Jefferson,108,65,223,223,0
Jefferson,108,66,200,200,0
Jefferson,108,67,196,196,0
Jefferson,108,68,235,235,0
Jefferson,108,69,200,200,0
Jefferson,108,7,200,200,0
Jefferson,108,70,247,247,0
Jefferson,108,71,200,200,0
Jefferson,108,72,200,200,0
Jefferson,108,73,189,189,0
Jefferson,108,74,200,200,0
Jefferson,108,75,200,200,0
Jefferson,108,76,191,191,0
Jefferson,108,77,200,200,0
Jefferson,108,78,190,190,0
Jefferson,108,79,192,192,0
Jefferson,108,8,200,200,0
Jefferson,108,80,200,200,0
Jefferson,108,81,197,197,0
Jefferson,108,82,197,197,0
Jefferson,108,83,197,197,0
Jefferson,108,84,200,200,0
Jefferson,108,85,200,200,0
Jefferson,108,86,194,194,0
Jefferson,108,87,227,227,0
Jefferson,108,88,200,200,0
Jefferson,108,89,200,200,0
Jefferson,108,9,200,200,0
Jefferson,108,90,198,198,0
Jefferson,108,91,199,199,0
Jefferson,108,92,198,198,0
Jefferson,108,93,200,200,0
Jefferson,108,94,199,199,0
Jefferson,108,95,198,198,0
Jefferson,108,96,200,200,0
Jefferson,108,97,200,200,0
Jefferson,108,98,200,200,0
Jefferson,109,1,200,200,0
Jefferson,109,10,200,200,0
Jefferson,109,100,187,187,0
Jefferson,109,101,190,190,0
Jefferson,109,102,198,198,0
Jefferson,109,103,225,225,0
Jefferson,109,104,196,196,0
Jefferson,109,105,217,217,0
Jefferson,109,106,200,200,0
Jefferson,109,107,199,199,0
Jefferson,109,108,292,292,0
Jefferson,109,109,197,197,0
Jefferson,109,11,198,198,0
Jefferson,109,110,200,200,0
Jefferson,109,111,200,200,0
Jefferson,109,112,154,154,0
Jefferson,109,113,200,200,0
Jefferson,109,114,189,189,0
Jefferson,109,115,197,197,0
Jefferson,109,116,193,193,0
Jefferson,109,117,197,197,0
Jefferson,109,118,190,190,0
Jefferson,109,119,294,294,0
Jefferson,109,12,200,200,0
Jefferson,109,120,200,200,0
Jefferson,109,121,199,199,0
Jefferson,109,122,200,200,0
Jefferson,109,123,228,228,0
Jefferson,109,124,199,199,0
Jefferson,109,125,213,213,0
Jefferson,109,126,209,209,0
Jefferson,109,127,200,200,0
Jefferson,109,128,187,187,0
Jefferson,109,129,200,200,0
Jefferson,109,13,198,198,0
Jefferson,109,130,200,200,0
Jefferson,109,131,200,200,0
Jefferson,109,132,274,274,0
Jefferson,109,133,200,200,0
Jefferson,109,134,190,190,0
Jefferson,109,135,200,200,0
Jefferson,109,136,196,196,0
Jefferson,109,137,225,225,0
Jefferson,109,138,193,193,0
Jefferson,109,139,209,209,0
Jefferson,109,14,279,279,0
Jefferson,109,140,56,56,0
Jefferson,109,15,200,200,0
Jefferson,109,16,200,200,0
Jefferson,109,17,258,258,0
Jefferson,109,18,200,200,0
Jefferson,109,19,200,200,0
Jefferson,109,2,190,190,0
Jefferson,109,20,200,200,0
Jefferson,109,21,199,199,0
Jefferson,109,22,200,200,0
Jefferson,109,23,200,200,0
Jefferson,109,24,200,200,0
Jefferson,109,25,200,200,0
Jefferson,109,26,210,210,0
Jefferson,109,27,195,195,0
Jefferson,109,28,200,200,0
Jefferson,109,29,200,200,0
Jefferson,109,3,200,200,0
Jefferson,109,30,198,198,0
Jefferson,109,31,224,224,0
Jefferson,109,32,199,199,0
Jefferson,109,33,200,200,0
Jefferson,109,34,198,198,0
Jefferson,109,35,199,199,0
Jefferson,109,36,200,200,0
Jefferson,109,37,228,228,0
Jefferson,109,38,215,215,0
Jefferson,109,39,200,200,0
Jefferson,109,4,200,200,0
Jefferson,109,40,200,200,0
Jefferson,109,41,199,199,0
Jefferson,109,42,200,200,0
Jefferson,109,43,217,217,0
Jefferson,109,44,201,201,0
Jefferson,109,45,200,200,0
Jefferson,109,46,200,200,0
Jefferson,109,47,200,200,0
Jefferson,109,48,197,197,0
Jefferson,109,49,270,270,0
Jefferson,109,5,199,199,0
Jefferson,109,50,209,209,0
Jefferson,109,51,199,199,0
Jefferson,109,52,200,200,0
Jefferson,109,53,206,206,0
Jefferson,109,54,216,216,0
Jefferson,109,55,200,200,0
Jefferson,109,56,198,198,0
Jefferson,109,57,199,199,0
Jefferson,109,58,193,193,0
Jefferson,109,59,200,200,0
Jefferson,109,6,200,200,0
Jefferson,109,60,200,200,0
Jefferson,109,61,211,211,0
Jefferson,109,62,200,200,0
Jefferson,109,63,200,200,0
Jefferson,109,64,265,265,0
Jefferson,109,65,200,200,0
Jefferson,109,66,200,200,0
Jefferson,109,67,200,200,0
Jefferson,109,68,200,200,0
Jefferson,109,69,199,199,0
Jefferson,109,7,200,200,0
Jefferson,109,70,286,286,0
Jefferson,109,71,198,198,0
Jefferson,109,72,200,200,0
Jefferson,109,73,199,199,0
Jefferson,109,74,200,200,0
Jefferson,109,75,200,200,0
Jefferson,109,76,200,200,0
Jefferson,109,77,210,210,0
Jefferson,109,78,199,199,0
Jefferson,109,79,200,200,0
Jefferson,109,8,251,251,0
Jefferson,109,80,194,194,0
Jefferson,109,81,200,200,0
Jefferson,109,82,200,200,0
Jefferson,109,83,199,199,0
Jefferson,109,84,191,191,0
Jefferson,109,85,197,197,0
Jefferson,109,86,200,200,0
Jefferson,109,87,300,300,0
Jefferson,109,88,197,197,0
Jefferson,109,89,204,204,0
Jefferson,109,9,200,200,0
Jefferson,109,90,200,200,0
Jefferson,109,91,218,218,0
Jefferson,109,92,200,200,0
Jefferson,109,93,200,200,0
Jefferson,109,94,191,191,0
Jefferson,109,95,183,183,0
Jefferson,109,96,193,193,0
Jefferson,109,97,203,203,0
Jefferson,109,98,264,264,0
Jefferson,109,99,202,202,0
Jefferson,110,1,257,257,0
Jefferson,110,10,120,120,0
Jefferson,110,11,179,179,0
Jefferson,110,12,211,211,0
Jefferson,110,13,187,187,0
Jefferson,110,2,149,149,0
Jefferson,110,3,275,275,0
Jefferson,110,4,130,130,0
Jefferson,110,5,228,228,0
Jefferson,110,6,148,148,0
Jefferson,110,7,210,210,0
Jefferson,110,8,160,160,0
Jefferson,110,9,165,165,0
Kiowa,102,1,25,25,0
Kiowa,102,10,25,25,0
Kiowa,102,11,25,25,0
Kiowa,102,12,25,25,0
Kiowa,102,13,25,25,0
Kiowa,102,14,25,25,0
Kiowa,102,15,25,25,0
Kiowa,102,16,25,25,0
Kiowa,102,17,25,25,0
Kiowa,102,18,26,26,0
Kiowa,102,19,23,23,0
Kiowa,102,2,25,25,0
Kiowa,102,20,25,25,0
Kiowa,102,21,12,12,0
Kiowa,102,3,25,25,0
Kiowa,102,4,25,25,0
Kiowa,102,5,25,25,0
Kiowa,102,6,25,25,0
Kiowa,102,7,25,25,0
Kiowa,102,8,25,25,0
Kiowa,102,9,25,25,0
Kit Carson,101,1,25,25,0
Kit Carson,101,10,25,25,0
Kit Carson,101,11,25,25,0
Kit Carson,101,12,23,23,0
Kit Carson,101,13,25,25,0
Kit Carson,101,14,25,25,0
Kit Carson,101,15,25,25,0
Kit Carson,101,16,25,25,0
Kit Carson,101,17,9,9,0
Kit Carson,101,18,25,25,0
Kit Carson,101,19,25,25,0
Kit Carson,101,2,25,25,0
Kit Carson,101,20,25,25,0
Kit Carson,101,21,25,25,0
Kit Carson,101,22,10,10,0
Kit Carson,101,23,25,25,0
Kit Carson,101,24,25,25,0
Kit Carson,101,25,25,25,0
Kit Carson,101,26,25,25,0
Kit Carson,101,27,3,3,0
Kit Carson,101,28,25,25,0
Kit Carson,101,29,25,25,0
Kit Carson,101,3,8,8,0
Kit Carson,101,30,25,25,0
Kit Carson,101,31,25,25,0
Kit Carson,101,32,15,15,0
Kit Carson,101,33,25,25,0
Kit Carson,101,34,25,25,0
Kit Carson,101,35,25,25,0
Kit Carson,101,36,25,25,0
Kit Carson,101,37,23,23,0
Kit Carson,101,38,25,25,0
Kit Carson,101,39,25,25,0
Kit Carson,101,4,25,25,0
Kit Carson,101,40,25,25,0
Kit Carson,101,41,5,5,0
Kit Carson,101,42,2,2,0
Kit Carson,101,43,25,25,0
Kit Carson,101,44,25,25,0
Kit Carson,101,45,7,7,0
Kit Carson,101,46,25,25,0
Kit Carson,101,47,25,25,0
Kit Carson,101,48,25,25,0
Kit Carson,101,49,25,25,0
Kit Carson,101,5,25,25,0
Kit Carson,101,50,24,24,0
Kit Carson,101,51,25,25,0
Kit Carson,101,52,25,25,0
Kit Carson,101,53,25,25,0
Kit Carson,101,54,14,14,0
Kit Carson,101,55,1,1,0
Kit Carson,101,56,25,25,0
Kit Carson,101,57,7,7,0
Kit Carson,101,58,25,25,0
Kit Carson,101,59,25,25,0
Kit Carson,101,6,25,25,0
Kit Carson,101,60,20,20,0
Kit Carson,101,61,25,25,0
Kit Carson,101,62,25,25,0
Kit Carson,101,63,25,25,0
Kit Carson,101,64,11,11,0
Kit Carson,101,65,25,25,0
Kit Carson,101,66,25,25,0
Kit Carson,101,67,25,25,0
Kit Carson,101,68,25,25,0
Kit Carson,101,69,22,22,0
Kit Carson,101,7,22,22,0
Kit Carson,101,70,25,25,0
Kit Carson,101,71,25,25,0
Kit Carson,101,72,25,25,0
Kit Carson,101,73,25,25,0
Kit Carson,101,74,4,4,0
Kit Carson,101,75,25,25,0
Kit Carson,101,76,25,25,0
Kit Carson,101,77,25,25,0
Kit Carson,101,78,25,25,0
Kit Carson,101,79,9,9,0
Kit Carson,101,8,25,25,0
Kit Carson,101,80,25,25,0
Kit Carson,101,81,25,25,0
Kit Carson,101,82,9,9,0
Kit Carson,101,83,25,25,0
Kit Carson,101,84,25,25,0
Kit Carson,101,85,16,16,0
Kit Carson,101,86,3,3,0
Kit Carson,101,87,8,8,0
Kit Carson,101,88,17,17,0
Kit Carson,101,9,25,25,0
Lake,102,1,25,25,0
Lake,102,10,25,25,0
Lake,102,11,25,25,0
Lake,102,12,25,25,0
Lake,102,13,25,25,0
Lake,102,14,25,25,0
Lake,102,15,25,25,0
Lake,102,16,20,20,0
Lake,102,17,30,30,0
Lake,102,18,25,25,0
Lake,102,19,25,25,0
Lake,102,2,25,25,0
Lake,102,20,25,25,0
Lake,102,21,25,25,0
Lake,102,22,25,25,0
Lake,102,23,25,25,0
Lake,102,24,25,25,0
Lake,102,25,25,25,0
Lake,102,26,25,25,0
Lake,102,27,25,25,0
Lake,102,28,25,25,0
Lake,102,29,25,25,0
Lake,102,3,25,25,0
Lake,102,30,25,25,0
Lake,102,31,25,25,0
Lake,102,32,25,25,0
Lake,102,33,25,25,0
Lake,102,34,25,25,0
Lake,102,35,25,25,0
Lake,102,36,25,25,0
Lake,102,37,31,31,0
Lake,102,38,25,25,0
Lake,102,39,25,25,0
Lake,102,4,25,25,0
Lake,102,40,25,25,0
Lake,102,41,25,25,0
Lake,102,42,19,19,0
Lake,102,43,25,25,0
Lake,102,44,25,25,0
Lake,102,45,25,25,0
Lake,102,46,25,25,0
Lake,102,47,25,25,0
Lake,102,48,25,25,0
Lake,102,49,25,25,0
Lake,102,5,25,25,0
Lake,102,50,25,25,0
Lake,102,51,25,25,0
Lake,102,52,25,25,0
Lake,102,53,25,25,0
Lake,102,54,25,25,0
Lake,102,55,25,25,0
Lake,102,56,25,25,0
Lake,102,57,25,25,0
Lake,102,58,25,25,0
Lake,102,59,25,25,0
Lake,102,6,25,25,0
Lake,102,60,25,25,0
Lake,102,61,25,25,0
Lake,102,62,25,25,0
Lake,102,63,25,25,0
Lake,102,64,8,8,0
Lake,102,65,25,25,0
Lake,102,66,25,25,0
Lake,102,67,25,25,0
Lake,102,68,25,25,0
Lake,102,69,26,26,0
Lake,102,7,25,25,0
Lake,102,70,9,9,0
Lake,102,8,25,25,0
Lake,102,9,25,25,0
La Plata,102,1,50,50,0
La Plata,102,10,50,50,0
La Plata,102,100,50,50,0
La Plata,102,101,50,50,0
La Plata,102,102,50,50,0
La Plata,102,103,50,50,0
La Plata,102,104,50,50,0
La Plata,102,105,50,50,0
La Plata,102,106,50,50,0
La Plata,102,107,50,50,0
La Plata,102,108,50,50,0
La Plata,102,109,50,50,0
La Plata,102,11,50,50,0
La Plata,102,110,50,50,0
La Plata,102,111,50,50,0
La Plata,102,112,50,50,0
La Plata,102,113,50,50,0
La Plata,102,114,50,50,0
La Plata,102,115,50,50,0
La Plata,102,116,50,50,0
La Plata,102,117,50,50,0
La Plata,102,118,50,50,0
La Plata,102,119,50,50,0
La Plata,102,12,50,50,0
La Plata,102,120,50,50,0
La Plata,102,121,50,50,0
La Plata,102,122,50,50,0
La Plata,102,123,50,50,0
La Plata,102,124,50,50,0
La Plata,102,125,50,50,0
La Plata,102,126,50,50,0
La Plata,102,127,50,50,0
La Plata,102,128,50,50,0
La Plata,102,129,50,50,0
La Plata,102,13,50,50,0
La Plata,102,130,50,50,0
La Plata,102,131,50,50,0
La Plata,102,132,50,50,0
La Plata,102,133,50,50,0
La Plata,102,134,50,50,0
La Plata,102,135,50,50,0
La Plata,102,136,50,50,0
La Plata,102,137,50,50,0
La Plata,102,138,50,50,0
La Plata,102,139,50,50,0
La Plata,102,14,50,50,0
La Plata,102,140,50,50,0
La Plata,102,141,50,50,0
La Plata,102,142,50,50,0
La Plata,102,143,50,50,0
La Plata,102,144,50,50,0
La Plata,102,145,50,50,0
La Plata,102,146,50,50,0
La Plata,102,147,50,50,0
La Plata,102,148,50,50,0
La Plata,102,149,50,50,0
La Plata,102,15,50,50,0
La Plata,102,150,50,50,0
La Plata,102,16,50,50,0
La Plata,102,17,50,50,0
La Plata,102,18,50,50,0
La Plata,102,19,50,50,0
La Plata,102,2,50,50,0
La Plata,102,20,50,50,0
La Plata,102,21,50,50,0
La Plata,102,22,50,50,0
La Plata,102,23,50,50,0
La Plata,102,24,50,50,0
La Plata,102,25,50,50,0
La Plata,102,26,50,50,0
La Plata,102,27,50,50,0
La Plata,102,28,50,50,0
La Plata,102,29,50,50,0
La Plata,102,3,50,50,0
La Plata,102,30,50,50,0
La Plata,102,31,50,50,0
La Plata,102,32,50,50,0
La Plata,102,33,50,50,0
La Plata,102,34,50,50,0
La Plata,102,35,50,50,0
La Plata,102,36,50,50,0
La Plata,102,37,50,50,0
La Plata,102,38,50,50,0
La Plata,102,39,50,50,0
La Plata,102,4,50,50,0
La Plata,102,40,50,50,0
La Plata,102,41,50,50,0
La Plata,102,42,50,50,0
La Plata,102,43,50,50,0
La Plata,102,44,50,50,0
La Plata,102,45,50,50,0
La Plata,102,46,50,50,0
La Plata,102,47,50,50,0
La Plata,102,48,50,50,0
La Plata,102,49,50,50,0
La Plata,102,5,50,50,0
La Plata,102,50,50,50,0
La Plata,102,51,50,50,0
La Plata,102,52,50,50,0
La Plata,102,53,50,50,0
La Plata,102,54,50,50,0
La Plata,102,55,50,50,0
La Plata,102,56,50,50,0
La Plata,102,57,50,50,0
La Plata,102,58,50,50,0
La Plata,102,59,50,50,0
La Plata,102,6,50,50,0
La Plata,102,60,50,50,0
La Plata,102,61,50,50,0
La Plata,102,62,50,50,0
La Plata,102,63,50,50,0
La Plata,102,64,50,50,0
La Plata,102,65,50,50,0
La Plata,102,66,50,50,0
La Plata,102,67,50,50,0
La Plata,102,68,50,50,0
La Plata,102,69,50,50,0
La Plata,102,7,50,50,0
La Plata,102,70,50,50,0
La Plata,102,71,50,50,0
La Plata,102,72,50,50,0
La Plata,102,73,50,50,0
La Plata,102,74,50,50,0
La Plata,102,75,50,50,0
La Plata,102,76,50,50,0
La Plata,102,77,50,50,0
La Plata,102,78,50,50,0
La Plata,102,79,50,50,0
La Plata,102,8,50,50,0
La Plata,102,80,50,50,0
La Plata,102,81,50,50,0
La Plata,102,82,50,50,0
La Plata,102,83,50,50,0
La Plata,102,84,50,50,0
La Plata,102,85,50,50,0
La Plata,102,86,50,50,0
La Plata,102,87,50,50,0
La Plata,102,88,50,50,0
La Plata,102,89,50,50,0
La Plata,102,9,50,50,0
La Plata,102,90,50,50,0
La Plata,102,91,50,50,0
La Plata,102,92,50,50,0
La Plata,102,93,50,50,0
La Plata,102,94,50,50,0
La Plata,102,95,50,50,0
La Plata,102,96,50,50,0
La Plata,102,97,50,50,0
La Plata,102,98,50,50,0
La Plata,102,99,50,50,0
La Plata,103,1,50,50,0
La Plata,103,10,50,50,0
La Plata,103,100,50,50,0
La Plata,103,101,50,50,0
La Plata,103,102,50,50,0
La Plata,103,103,50,50,0
La Plata,103,104,50,50,0
La Plata,103,105,50,50,0
La Plata,103,106,50,50,0
La Plata,103,107,50,50,0
La Plata,103,108,50,50,0
La Plata,103,109,50,50,0
La Plata,103,11,50,50,0
La Plata,103,110,50,50,0
La Plata,103,111,50,50,0
La Plata,103,112,50,50,0
La Plata,103,113,50,50,0
La Plata,103,114,50,50,0
La Plata,103,115,50,50,0
La Plata,103,116,50,50,0
La Plata,103,117,50,50,0
La Plata,103,118,50,50,0
La Plata,103,119,50,50,0
La Plata,103,12,50,50,0
La Plata,103,120,50,50,0
La Plata,103,121,50,50,0
La Plata,103,122,50,50,0
La Plata,103,123,50,50,0
La Plata,103,124,50,50,0
La Plata,103,125,50,50,0
La Plata,103,126,50,50,0
La Plata,103,127,50,50,0
La Plata,103,128,50,50,0
La Plata,103,129,50,50,0
La Plata,103,13,50,50,0
La Plata,103,130,50,50,0
La Plata,103,131,50,50,0
La Plata,103,132,50,50,0
La Plata,103,133,50,50,0
La Plata,103,134,50,50,0
La Plata,103,135,50,50,0
La Plata,103,136,50,50,0
La Plata,103,137,50,50,0
La Plata,103,138,50,50,0
La Plata,103,139,50,50,0
La Plata,103,14,50,50,0
La Plata,103,140,50,50,0
La Plata,103,141,50,50,0
La Plata,103,142,50,50,0
La Plata,103,143,50,50,0
La Plata,103,144,50,50,0
La Plata,103,145,50,50,0
La Plata,103,146,50,50,0
La Plata,103,147,50,50,0
La Plata,103,148,50,50,0
La Plata,103,149,50,50,0
La Plata,103,15,50,50,0
La Plata,103,150,50,50,0
La Plata,103,151,50,50,0
La Plata,103,152,50,50,0
La Plata,103,153,50,50,0
La Plata,103,154,50,50,0
La Plata,103,155,50,50,0
La Plata,103,156,50,50,0
La Plata,103,157,50,50,0
La Plata,103,158,50,50,0
La Plata,103,159,50,50,0
La Plata,103,16,50,50,0
La Plata,103,160,50,50,0
La Plata,103,161,50,50,0
La Plata,103,162,50,50,0
La Plata,103,163,50,50,0
La Plata,103,164,50,50,0
La Plata,103,165,50,50,0
La Plata,103,166,50,50,0
La Plata,103,167,50,50,0
La Plata,103,168,50,50,0
La Plata,103,169,50,50,0
La Plata,103,17,50,50,0
La Plata,103,170,50,50,0
La Plata,103,171,50,50,0
La Plata,103,172,50,50,0
La Plata,103,173,46,46,0
La Plata,103,18,50,50,0
La Plata,103,19,50,50,0
La Plata,103,2,50,50,0
La Plata,103,20,50,50,0
La Plata,103,21,50,50,0
La Plata,103,22,50,50,0
La Plata,103,23,50,50,0
La Plata,103,24,50,50,0
La Plata,103,25,50,50,0
La Plata,103,26,50,50,0
La Plata,103,27,50,50,0
La Plata,103,28,50,50,0
La Plata,103,29,50,50,0
La Plata,103,3,50,50,0
La Plata,103,30,50,50,0
La Plata,103,31,50,50,0
La Plata,103,32,50,50,0
La Plata,103,33,50,50,0
La Plata,103,34,50,50,0
La Plata,103,35,50,50,0
La Plata,103,36,50,50,0
La Plata,103,37,50,50,0
La Plata,103,38,50,50,0
La Plata,103,39,50,50,0
La Plata,103,4,50,50,0
La Plata,103,40,50,50,0
La Plata,103,41,50,50,0
La Plata,103,42,50,50,0
La Plata,103,43,50,50,0
La Plata,103,44,50,50,0
La Plata,103,45,50,50,0
La Plata,103,46,50,50,0
La Plata,103,47,50,50,0
La Plata,103,48,50,50,0
La Plata,103,49,50,50,0
La Plata,103,5,50,50,0
La Plata,103,50,50,50,0
La Plata,103,51,50,50,0
La Plata,103,52,50,50,0
La Plata,103,53,50,50,0
La Plata,103,54,50,50,0
La Plata,103,55,50,50,0
La Plata,103,56,50,50,0
La Plata,103,57,50,50,0
La Plata,103,58,50,50,0
La Plata,103,59,50,50,0
La Plata,103,6,50,50,0
La Plata,103,60,50,50,0
La Plata,103,61,50,50,0
La Plata,103,62,50,50,0
La Plata,103,63,50,50,0
La Plata,103,64,50,50,0
La Plata,103,65,50,50,0
La Plata,103,66,50,50,0
La Plata,103,67,50,50,0
La Plata,103,68,50,50,0
La Plata,103,69,50,50,0
La Plata,103,7,50,50,0
La Plata,103,70,50,50,0
La Plata,103,71,50,50,0
La Plata,103,72,50,50,0
La Plata,103,73,50,50,0
La Plata,103,74,50,50,0
La Plata,103,75,50,50,0
La Plata,103,76,50,50,0
La Plata,103,77,50,50,0
La Plata,103,78,50,50,0
La Plata,103,79,50,50,0
La Plata,103,8,50,50,0
La Plata,103,80,50,50,0
La Plata,103,81,50,50,0
La Plata,103,82,50,50,0
La Plata,103,83,50,50,0
La Plata,103,84,50,50,0
La Plata,103,85,50,50,0
La Plata,103,86,50,50,0
La Plata,103,87,50,50,0
La Plata,103,88,50,50,0
La Plata,103,89,50,50,0
La Plata,103,9,50,50,0
La Plata,103,90,50,50,0
La Plata,103,91,50,50,0
La Plata,103,92,50,50,0
La Plata,103,93,50,50,0
La Plata,103,94,50,50,0
La Plata,103,95,50,50,0
La Plata,103,96,50,50,0
La Plata,103,97,50,50,0
La Plata,103,98,50,50,0
La Plata,103,99,50,50,0
Larimer,101,1,100,100,0
Larimer,101,10,2,2,0
Larimer,101,100,100,100,0
Larimer,101,101,99,99,0
Larimer,101,102,100,100,0
Larimer,101,103,99,99,0
Larimer,101,104,100,100,0
Larimer,101,105,99,99,0
Larimer,101,106,100,100,0
Larimer,101,107,100,100,0
Larimer,101,108,45,45,0
Larimer,101,109,100,100,0
Larimer,101,11,100,100,0
Larimer,101,110,99,99,0
Larimer,101,111,86,86,0
Larimer,101,112,100,100,0
Larimer,101,113,100,100,0
Larimer,101,114,100,100,0
Larimer,101,115,100,100,0
Larimer,101,116,100,100,0
Larimer,101,117,100,100,0
Larimer,101,118,100,100,0
Larimer,101,119,99,99,0
Larimer,101,12,100,100,0
Larimer,101,120,100,100,0
Larimer,101,121,100,100,0
Larimer,101,122,100,100,0
Larimer,101,123,100,100,0
Larimer,101,124,99,99,0
Larimer,101,125,100,100,0
Larimer,101,126,100,100,0
Larimer,101,127,100,100,0
Larimer,101,128,85,85,0
Larimer,101,129,100,100,0
Larimer,101,13,100,100,0
Larimer,101,130,99,99,0
Larimer,101,131,100,100,0
Larimer,101,132,100,100,0
Larimer,101,133,100,100,0
Larimer,101,134,100,100,0
Larimer,101,135,100,100,0
Larimer,101,136,94,94,0
Larimer,101,137,100,100,0
Larimer,101,138,100,100,0
Larimer,101,139,100,100,0
Larimer,101,14,100,100,0
Larimer,101,140,100,100,0
Larimer,101,141,100,100,0
Larimer,101,142,100,100,0
Larimer,101,143,99,99,0
Larimer,101,144,100,100,0
Larimer,101,145,100,100,0
Larimer,101,146,100,100,0
Larimer,101,147,100,100,0
Larimer,101,148,99,99,0
Larimer,101,149,100,100,0
Larimer,101,15,100,100,0
Larimer,101,150,100,100,0
Larimer,101,16,100,100,0
Larimer,101,17,100,100,0
Larimer,101,18,96,96,0
Larimer,101,19,100,100,0
Larimer,101,2,100,100,0
Larimer,101,20,100,100,0
Larimer,101,21,2,2,0
Larimer,101,22,100,100,0
Larimer,101,23,34,34,0
Larimer,101,24,100,100,0
Larimer,101,25,100,100,0
Larimer,101,26,99,99,0
Larimer,101,27,98,98,0
Larimer,101,28,98,98,0
Larimer,101,29,3,3,0
Larimer,101,3,100,100,0
Larimer,101,30,100,100,0
Larimer,101,31,99,99,0
Larimer,101,32,100,100,0
Larimer,101,33,100,100,0
Larimer,101,34,100,100,0
Larimer,101,35,100,100,0
Larimer,101,36,99,99,0
Larimer,101,37,100,100,0
Larimer,101,38,100,100,0
Larimer,101,39,100,100,0
Larimer,101,4,3,3,0
Larimer,101,40,100,100,0
Larimer,101,41,98,98,0
Larimer,101,42,100,100,0
Larimer,101,43,100,100,0
Larimer,101,44,12,12,0
Larimer,101,45,100,100,0
Larimer,101,46,100,100,0
Larimer,101,47,100,100,0
Larimer,101,48,100,100,0
Larimer,101,49,100,100,0
Larimer,101,5,99,99,0
Larimer,101,50,3,3,0
Larimer,101,51,100,100,0
Larimer,101,52,100,100,0
Larimer,101,53,100,100,0
Larimer,101,54,98,98,0
Larimer,101,55,100,100,0
Larimer,101,56,100,100,0
Larimer,101,57,100,100,0
Larimer,101,58,43,43,0
Larimer,101,59,100,100,0
Larimer,101,6,100,100,0
Larimer,101,60,100,100,0
Larimer,101,61,100,100,0
Larimer,101,62,99,99,0
Larimer,101,63,100,100,0
Larimer,101,64,100,100,0
Larimer,101,65,2,2,0
Larimer,101,66,100,100,0
Larimer,101,67,98,98,0
Larimer,101,68,98,98,0
Larimer,101,69,100,100,0
Larimer,101,7,97,97,0
Larimer,101,70,100,100,0
Larimer,101,71,100,100,0
Larimer,101,72,100,100,0
Larimer,101,73,17,17,0
Larimer,101,74,100,100,0
Larimer,101,75,100,100,0
Larimer,101,76,100,100,0
Larimer,101,77,100,100,0
Larimer,101,78,100,100,0
Larimer,101,79,100,100,0
Larimer,101,8,99,99,0
Larimer,101,80,100,100,0
Larimer,101,81,100,100,0
Larimer,101,82,100,100,0
Larimer,101,83,100,100,0
Larimer,101,84,100,100,0
Larimer,101,85,100,100,0
Larimer,101,86,100,100,0
Larimer,101,87,100,100,0
Larimer,101,88,100,100,0
Larimer,101,89,100,100,0
Larimer,101,9,2,2,0
Larimer,101,90,100,100,0
Larimer,101,91,100,100,0
Larimer,101,92,26,26,0
Larimer,101,93,2,2,0
Larimer,101,94,100,100,0
Larimer,101,95,92,92,0
Larimer,101,96,6,6,0
Larimer,101,97,100,100,0
Larimer,101,98,100,100,0
Larimer,101,99,100,100,0
Larimer,102,1,100,100,0
Larimer,102,10,99,99,0
Larimer,102,100,100,100,0
Larimer,102,101,100,100,0
Larimer,102,102,18,18,0
Larimer,102,103,100,100,0
Larimer,102,104,99,99,0
Larimer,102,105,100,100,0
Larimer,102,106,100,100,0
Larimer,102,107,99,99,0
Larimer,102,108,100,100,0
Larimer,102,109,100,100,0
Larimer,102,11,100,100,0
Larimer,102,110,100,100,0
Larimer,102,111,100,100,0
Larimer,102,112,100,100,0
Larimer,102,113,100,100,0
Larimer,102,114,100,100,0
Larimer,102,115,100,100,0
Larimer,102,116,100,100,0
Larimer,102,117,100,100,0
Larimer,102,118,100,100,0
Larimer,102,119,99,99,0
Larimer,102,12,100,100,0
Larimer,102,120,99,99,0
Larimer,102,121,100,100,0
Larimer,102,122,100,100,0
Larimer,102,123,99,99,0
Larimer,102,124,100,100,0
Larimer,102,125,100,100,0
Larimer,102,126,99,99,0
Larimer,102,127,100,100,0
Larimer,102,128,100,100,0
Larimer,102,129,97,97,0
Larimer,102,13,100,100,0
Larimer,102,130,100,100,0
Larimer,102,131,100,100,0
Larimer,102,132,100,100,0
Larimer,102,133,100,100,0
Larimer,102,134,100,100,0
Larimer,102,135,100,100,0
Larimer,102,136,99,99,0
Larimer,102,137,100,100,0
Larimer,102,138,100,100,0
Larimer,102,139,49,49,0
Larimer,102,14,100,100,0
Larimer,102,140,99,99,0
Larimer,102,141,99,99,0
Larimer,102,15,100,100,0
Larimer,102,16,100,100,0
Larimer,102,17,100,100,0
Larimer,102,18,100,100,0
Larimer,102,19,100,100,0
Larimer,102,2,97,97,0
Larimer,102,20,100,100,0
Larimer,102,21,100,100,0
Larimer,102,22,100,100,0
Larimer,102,23,55,55,0
Larimer,102,24,39,39,0
Larimer,102,25,99,99,0
Larimer,102,26,99,99,0
Larimer,102,27,79,79,0
Larimer,102,28,100,100,0
Larimer,102,29,100,100,0
Larimer,102,3,95,95,0
Larimer,102,30,100,100,0
Larimer,102,31,100,100,0
Larimer,102,32,18,18,0
Larimer,102,33,100,100,0
Larimer,102,34,100,100,0
Larimer,102,35,100,100,0
Larimer,102,36,100,100,0
Larimer,102,37,100,100,0
Larimer,102,38,100,100,0
Larimer,102,39,12,12,0
Larimer,102,4,3,3,0
Larimer,102,40,100,100,0
Larimer,102,41,100,100,0
Larimer,102,42,100,100,0
Larimer,102,43,99,99,0
Larimer,102,44,96,96,0
Larimer,102,45,100,100,0
Larimer,102,46,100,100,0
Larimer,102,47,100,100,0
Larimer,102,48,100,100,0
Larimer,102,49,100,100,0
Larimer,102,5,100,100,0
Larimer,102,50,100,100,0
Larimer,102,51,1,1,0
Larimer,102,52,100,100,0
Larimer,102,53,99,99,0
Larimer,102,54,100,100,0
Larimer,102,55,100,100,0
Larimer,102,56,97,97,0
Larimer,102,57,96,96,0
Larimer,102,58,100,100,0
Larimer,102,59,100,100,0
Larimer,102,6,99,99,0
Larimer,102,60,100,100,0
Larimer,102,61,100,100,0
Larimer,102,62,100,100,0
Larimer,102,63,9,9,0
Larimer,102,64,100,100,0
Larimer,102,65,100,100,0
Larimer,102,66,99,99,0
Larimer,102,67,100,100,0
Larimer,102,68,100,100,0
Larimer,102,69,100,100,0
Larimer,102,7,98,98,0
Larimer,102,70,100,100,0
Larimer,102,71,100,100,0
Larimer,102,72,100,100,0
Larimer,102,73,100,100,0
Larimer,102,74,100,100,0
Larimer,102,75,100,100,0
Larimer,102,76,100,100,0
Larimer,102,77,100,100,0
Larimer,102,78,81,81,0
Larimer,102,79,99,99,0
Larimer,102,8,100,100,0
Larimer,102,80,100,100,0
Larimer,102,81,98,98,0
Larimer,102,82,100,100,0
Larimer,102,83,99,99,0
Larimer,102,84,100,100,0
Larimer,102,85,100,100,0
Larimer,102,86,100,100,0
Larimer,102,87,100,100,0
Larimer,102,88,89,89,0
Larimer,102,89,98,98,0
Larimer,102,9,2,2,0
Larimer,102,90,100,100,0
Larimer,102,91,100,100,0
Larimer,102,92,100,100,0
Larimer,102,93,100,100,0
Larimer,102,94,100,100,0
Larimer,102,95,100,100,0
Larimer,102,96,100,100,0
Larimer,102,97,100,100,0
Larimer,102,98,96,96,0
Larimer,102,99,100,100,0
Larimer,103,1,65,65,0
Larimer,103,10,100,100,0
Larimer,103,100,100,100,0
Larimer,103,101,100,100,0
Larimer,103,102,100,100,0
Larimer,103,103,100,100,0
Larimer,103,104,100,100,0
Larimer,103,105,100,100,0
Larimer,103,106,98,98,0
Larimer,103,11,100,100,0
Larimer,103,12,22,22,0
Larimer,103,13,99,99,0
Larimer,103,14,100,100,0
Larimer,103,15,98,98,0
Larimer,103,16,100,100,0
Larimer,103,17,98,98,0
Larimer,103,18,100,100,0
Larimer,103,19,100,100,0
Larimer,103,2,80,80,0
Larimer,103,20,100,100,0
Larimer,103,21,100,100,0
Larimer,103,22,99,99,0
Larimer,103,23,100,100,0
Larimer,103,24,100,100,0
Larimer,103,25,100,100,0
Larimer,103,26,98,98,0
Larimer,103,27,100,100,0
Larimer,103,28,99,99,0
Larimer,103,29,39,39,0
Larimer,103,3,98,98,0
Larimer,103,30,100,100,0
Larimer,103,31,100,100,0
Larimer,103,32,100,100,0
Larimer,103,33,100,100,0
Larimer,103,34,100,100,0
Larimer,103,35,100,100,0
Larimer,103,36,97,97,0
Larimer,103,37,72,72,0
Larimer,103,38,100,100,0
Larimer,103,39,100,100,0
Larimer,103,4,99,99,0
Larimer,103,40,100,100,0
Larimer,103,41,100,100,0
Larimer,103,42,100,100,0
Larimer,103,43,100,100,0
Larimer,103,44,100,100,0
Larimer,103,45,100,100,0
Larimer,103,46,99,99,0
Larimer,103,47,100,100,0
Larimer,103,48,100,100,0
Larimer,103,49,100,100,0
Larimer,103,5,100,100,0
Larimer,103,50,100,100,0
Larimer,103,51,100,100,0
Larimer,103,52,99,99,0
Larimer,103,53,100,100,0
Larimer,103,54,99,99,0
Larimer,103,55,100,100,0
Larimer,103,56,100,100,0
Larimer,103,57,100,100,0
Larimer,103,58,100,100,0
Larimer,103,59,100,100,0
Larimer,103,6,100,100,0
Larimer,103,60,100,100,0
Larimer,103,61,100,100,0
Larimer,103,62,100,100,0
Larimer,103,63,100,100,0
Larimer,103,64,100,100,0
Larimer,103,65,100,100,0
Larimer,103,66,99,99,0
Larimer,103,67,99,99,0
Larimer,103,68,100,100,0
Larimer,103,69,99,99,0
Larimer,103,7,100,100,0
Larimer,103,70,100,100,0
Larimer,103,71,100,100,0
Larimer,103,72,100,100,0
Larimer,103,73,12,12,0
Larimer,103,74,100,100,0
Larimer,103,75,100,100,0
Larimer,103,76,100,100,0
Larimer,103,77,99,99,0
Larimer,103,78,99,99,0
Larimer,103,79,100,100,0
Larimer,103,8,100,100,0
Larimer,103,80,100,100,0
Larimer,103,81,98,98,0
Larimer,103,82,100,100,0
Larimer,103,83,100,100,0
Larimer,103,84,100,100,0
Larimer,103,85,100,100,0
Larimer,103,86,100,100,0
Larimer,103,87,100,100,0
Larimer,103,88,100,100,0
Larimer,103,89,100,100,0
Larimer,103,9,99,99,0
Larimer,103,90,100,100,0
Larimer,103,91,100,100,0
Larimer,103,92,100,100,0
Larimer,103,93,100,100,0
Larimer,103,94,100,100,0
Larimer,103,95,99,99,0
Larimer,103,96,100,100,0
Larimer,103,97,100,100,0
Larimer,103,98,100,100,0
Larimer,103,99,100,100,0
Larimer,104,1,98,98,0
Larimer,104,10,100,100,0
Larimer,104,11,100,100,0
Larimer,104,12,100,100,0
Larimer,104,13,100,100,0
Larimer,104,14,96,96,0
Larimer,104,15,12,12,0
Larimer,104,16,99,99,0
Larimer,104,17,60,60,0
Larimer,104,18,100,100,0
Larimer,104,19,98,98,0
Larimer,104,2,99,99,0
Larimer,104,20,100,100,0
Larimer,104,21,100,100,0
Larimer,104,22,100,100,0
Larimer,104,23,98,98,0
Larimer,104,24,100,100,0
Larimer,104,25,100,100,0
Larimer,104,26,99,99,0
Larimer,104,27,100,100,0
Larimer,104,28,99,99,0
Larimer,104,29,99,99,0
Larimer,104,3,100,100,0
Larimer,104,30,99,99,0
Larimer,104,31,99,99,0
Larimer,104,32,100,100,0
Larimer,104,33,100,100,0
Larimer,104,34,100,100,0
Larimer,104,35,100,100,0
Larimer,104,36,100,100,0
Larimer,104,37,100,100,0
Larimer,104,38,100,100,0
Larimer,104,39,78,78,0
Larimer,104,4,99,99,0
Larimer,104,40,100,100,0
Larimer,104,41,100,100,0
Larimer,104,42,100,100,0
Larimer,104,43,100,100,0
Larimer,104,44,100,100,0
Larimer,104,45,100,100,0
Larimer,104,46,99,99,0
Larimer,104,47,99,99,0
Larimer,104,48,99,99,0
Larimer,104,49,99,99,0
Larimer,104,5,100,100,0
Larimer,104,50,100,100,0
Larimer,104,51,100,100,0
Larimer,104,52,100,100,0
Larimer,104,53,100,100,0
Larimer,104,54,100,100,0
Larimer,104,55,100,100,0
Larimer,104,56,100,100,0
Larimer,104,57,100,100,0
Larimer,104,58,100,100,0
Larimer,104,59,100,100,0
Larimer,104,6,99,99,0
Larimer,104,60,100,100,0
Larimer,104,61,100,100,0
Larimer,104,62,100,100,0
Larimer,104,63,100,100,0
Larimer,104,64,100,100,0
Larimer,104,65,100,100,0
Larimer,104,66,100,100,0
Larimer,104,67,100,100,0
Larimer,104,68,100,100,0
Larimer,104,69,100,100,0
Larimer,104,7,100,100,0
Larimer,104,70,100,100,0
Larimer,104,71,98,98,0
Larimer,104,72,98,98,0
Larimer,104,73,100,100,0
Larimer,104,74,100,100,0
Larimer,104,75,100,100,0
Larimer,104,76,100,100,0
Larimer,104,77,97,97,0
Larimer,104,78,99,99,0
Larimer,104,79,100,100,0
Larimer,104,8,100,100,0
Larimer,104,80,100,100,0
Larimer,104,81,100,100,0
Larimer,104,82,100,100,0
Larimer,104,83,100,100,0
Larimer,104,84,100,100,0
Larimer,104,85,99,99,0
Larimer,104,86,99,99,0
Larimer,104,87,100,100,0
Larimer,104,88,100,100,0
Larimer,104,89,100,100,0
Larimer,104,9,100,100,0
Larimer,104,90,98,98,0
Larimer,104,91,100,100,0
Larimer,104,92,100,100,0
Larimer,104,93,100,100,0
Larimer,104,94,100,100,0
Larimer,104,95,100,100,0
Larimer,104,96,100,100,0
Larimer,104,97,100,100,0
Larimer,105,1,62,62,0
Larimer,105,10,76,76,0
Larimer,105,11,95,95,0
Larimer,105,12,67,67,0
Larimer,105,13,100,100,0
Larimer,105,14,100,100,0
Larimer,105,15,100,100,0
Larimer,105,16,99,99,0
Larimer,105,17,100,100,0
Larimer,105,18,42,42,0
Larimer,105,19,100,100,0
Larimer,105,2,98,98,0
Larimer,105,20,100,100,0
Larimer,105,21,100,100,0
Larimer,105,22,4,4,0
Larimer,105,23,28,28,0
Larimer,105,24,1,1,0
Larimer,105,25,5,5,0
Larimer,105,26,39,39,0
Larimer,105,27,27,27,0
Larimer,105,28,22,22,0
Larimer,105,29,23,23,0
Larimer,105,3,37,37,0
Larimer,105,30,17,17,0
Larimer,105,31,10,10,0
Larimer,105,32,8,8,0
Larimer,105,33,8,8,0
Larimer,105,34,26,26,0
Larimer,105,35,18,18,0
Larimer,105,36,13,13,0
Larimer,105,37,14,14,0
Larimer,105,38,6,6,0
Larimer,105,39,73,73,0
Larimer,105,4,15,15,0
Larimer,105,40,100,100,0
Larimer,105,41,5,5,0
Larimer,105,5,76,76,0
Larimer,105,6,98,98,0
Larimer,105,7,3,3,0
Larimer,105,8,19,19,0
Larimer,105,9,6,6,0
Larimer,106,1,100,100,0
Larimer,106,2,99,99,0
Larimer,106,3,95,95,0
Larimer,106,4,99,99,0
Larimer,107,1,100,100,0
Larimer,107,10,100,100,0
Larimer,107,100,99,99,0
Larimer,107,101,100,100,0
Larimer,107,102,86,86,0
Larimer,107,103,100,100,0
Larimer,107,104,100,100,0
Larimer,107,105,100,100,0
Larimer,107,106,100,100,0
Larimer,107,107,88,88,0
Larimer,107,108,99,99,0
Larimer,107,109,100,100,0
Larimer,107,11,100,100,0
Larimer,107,110,100,100,0
Larimer,107,111,99,99,0
Larimer,107,112,99,99,0
Larimer,107,113,78,78,0
Larimer,107,114,100,100,0
Larimer,107,115,100,100,0
Larimer,107,116,100,100,0
Larimer,107,117,81,81,0
Larimer,107,118,100,100,0
Larimer,107,119,100,100,0
Larimer,107,12,4,4,0
Larimer,107,120,100,100,0
Larimer,107,121,99,99,0
Larimer,107,122,50,50,0
Larimer,107,123,99,99,0
Larimer,107,124,100,100,0
Larimer,107,125,100,100,0
Larimer,107,126,100,100,0
Larimer,107,127,100,100,0
Larimer,107,128,99,99,0
Larimer,107,129,68,68,0
Larimer,107,13,59,59,0
Larimer,107,130,100,100,0
Larimer,107,131,99,99,0
Larimer,107,132,98,98,0
Larimer,107,133,99,99,0
Larimer,107,134,97,97,0
Larimer,107,135,56,56,0
Larimer,107,14,100,100,0
Larimer,107,15,100,100,0
Larimer,107,16,100,100,0
Larimer,107,17,100,100,0
Larimer,107,18,100,100,0
Larimer,107,19,99,99,0
Larimer,107,2,99,99,0
Larimer,107,20,100,100,0
Larimer,107,21,100,100,0
Larimer,107,22,99,99,0
Larimer,107,23,94,94,0
Larimer,107,24,100,100,0
Larimer,107,25,65,65,0
Larimer,107,26,100,100,0
Larimer,107,27,100,100,0
Larimer,107,28,100,100,0
Larimer,107,29,97,97,0
Larimer,107,3,98,98,0
Larimer,107,30,100,100,0
Larimer,107,31,100,100,0
Larimer,107,32,99,99,0
Larimer,107,33,100,100,0
Larimer,107,34,100,100,0
Larimer,107,35,100,100,0
Larimer,107,36,100,100,0
Larimer,107,37,100,100,0
Larimer,107,38,100,100,0
Larimer,107,39,100,100,0
Larimer,107,4,95,95,0
Larimer,107,40,100,100,0
Larimer,107,41,100,100,0
Larimer,107,42,99,99,0
Larimer,107,43,3,3,0
Larimer,107,44,41,41,0
Larimer,107,45,7,7,0
Larimer,107,46,100,100,0
Larimer,107,47,100,100,0
Larimer,107,48,100,100,0
Larimer,107,49,100,100,0
Larimer,107,5,100,100,0
Larimer,107,50,100,100,0
Larimer,107,51,100,100,0
Larimer,107,52,100,100,0
Larimer,107,53,100,100,0
Larimer,107,54,100,100,0
Larimer,107,55,98,98,0
Larimer,107,56,100,100,0
Larimer,107,57,100,100,0
Larimer,107,58,100,100,0
Larimer,107,59,100,100,0
Larimer,107,6,99,99,0
Larimer,107,60,99,99,0
Larimer,107,61,100,100,0
Larimer,107,62,100,100,0
Larimer,107,63,100,100,0
Larimer,107,64,100,100,0
Larimer,107,65,99,99,0
Larimer,107,66,99,99,0
Larimer,107,67,96,96,0
Larimer,107,68,97,97,0
Larimer,107,69,99,99,0
Larimer,107,7,100,100,0
Larimer,107,70,100,100,0
Larimer,107,71,93,93,0
Larimer,107,72,100,100,0
Larimer,107,73,100,100,0
Larimer,107,74,100,100,0
Larimer,107,75,100,100,0
Larimer,107,76,100,100,0
Larimer,107,77,100,100,0
Larimer,107,78,100,100,0
Larimer,107,79,100,100,0
Larimer,107,8,12,12,0
Larimer,107,80,100,100,0
Larimer,107,81,54,54,0
Larimer,107,82,100,100,0
Larimer,107,83,100,100,0
Larimer,107,84,100,100,0
Larimer,107,85,98,98,0
Larimer,107,86,100,100,0
Larimer,107,87,76,76,0
Larimer,107,88,98,98,0
Larimer,107,89,100,100,0
Larimer,107,9,100,100,0
Larimer,107,90,98,98,0
Larimer,107,91,100,100,0
Larimer,107,92,100,100,0
Larimer,107,93,100,100,0
Larimer,107,94,100,100,0
Larimer,107,95,99,99,0
Larimer,107,96,100,100,0
Larimer,107,97,100,100,0
Larimer,107,98,100,100,0
Larimer,107,99,99,99,0
Larimer,108,1,100,100,0
Larimer,108,10,100,100,0
Larimer,108,100,100,100,0
Larimer,108,101,91,91,0
Larimer,108,102,100,100,0
Larimer,108,103,100,100,0
Larimer,108,104,100,100,0
Larimer,108,105,99,99,0
Larimer,108,106,100,100,0
Larimer,108,107,100,100,0
Larimer,108,108,100,100,0
Larimer,108,109,100,100,0
Larimer,108,11,99,99,0
Larimer,108,110,100,100,0
Larimer,108,111,100,100,0
Larimer,108,112,100,100,0
Larimer,108,113,32,32,0
Larimer,108,114,99,99,0
Larimer,108,115,98,98,0
Larimer,108,116,99,99,0
Larimer,108,117,100,100,0
Larimer,108,118,99,99,0
Larimer,108,119,99,99,0
Larimer,108,12,100,100,0
Larimer,108,120,99,99,0
Larimer,108,121,100,100,0
Larimer,108,122,100,100,0
Larimer,108,123,100,100,0
Larimer,108,124,100,100,0
Larimer,108,125,100,100,0
Larimer,108,126,100,100,0
Larimer,108,127,100,100,0
Larimer,108,128,100,100,0
Larimer,108,129,100,100,0
Larimer,108,13,100,100,0
Larimer,108,130,99,99,0
Larimer,108,131,100,100,0
Larimer,108,132,100,100,0
Larimer,108,133,100,100,0
Larimer,108,134,100,100,0
Larimer,108,135,17,17,0
Larimer,108,136,100,100,0
Larimer,108,137,100,100,0
Larimer,108,138,100,100,0
Larimer,108,139,100,100,0
Larimer,108,14,98,98,0
Larimer,108,15,63,63,0
Larimer,108,16,100,100,0
Larimer,108,17,100,100,0
Larimer,108,18,100,100,0
Larimer,108,19,100,100,0
Larimer,108,2,99,99,0
Larimer,108,20,100,100,0
Larimer,108,21,99,99,0
Larimer,108,22,100,100,0
Larimer,108,23,100,100,0
Larimer,108,24,100,100,0
Larimer,108,25,100,100,0
Larimer,108,26,100,100,0
Larimer,108,27,100,100,0
Larimer,108,28,100,100,0
Larimer,108,29,100,100,0
Larimer,108,3,100,100,0
Larimer,108,30,100,100,0
Larimer,108,31,99,99,0
Larimer,108,32,100,100,0
Larimer,108,33,100,100,0
Larimer,108,34,100,100,0
Larimer,108,35,99,99,0
Larimer,108,36,100,100,0
Larimer,108,37,100,100,0
Larimer,108,38,99,99,0
Larimer,108,39,100,100,0
Larimer,108,4,99,99,0
Larimer,108,40,100,100,0
Larimer,108,41,100,100,0
Larimer,108,42,100,100,0
Larimer,108,43,100,100,0
Larimer,108,44,100,100,0
Larimer,108,45,100,100,0
Larimer,108,46,100,100,0
Larimer,108,47,100,100,0
Larimer,108,48,100,100,0
Larimer,108,49,100,100,0
Larimer,108,5,100,100,0
Larimer,108,50,100,100,0
Larimer,108,51,99,99,0
Larimer,108,52,100,100,0
Larimer,108,53,100,100,0
Larimer,108,54,100,100,0
Larimer,108,55,99,99,0
Larimer,108,56,100,100,0
Larimer,108,57,100,100,0
Larimer,108,58,99,99,0
Larimer,108,59,19,19,0
Larimer,108,6,94,94,0
Larimer,108,60,4,4,0
Larimer,108,61,99,99,0
Larimer,108,62,100,100,0
Larimer,108,63,100,100,0
Larimer,108,64,100,100,0
Larimer,108,65,100,100,0
Larimer,108,66,100,100,0
Larimer,108,67,100,100,0
Larimer,108,68,100,100,0
Larimer,108,69,100,100,0
Larimer,108,7,100,100,0
Larimer,108,70,100,100,0
Larimer,108,71,100,100,0
Larimer,108,72,100,100,0
Larimer,108,73,59,59,0
Larimer,108,74,100,100,0
Larimer,108,75,100,100,0
Larimer,108,76,100,100,0
Larimer,108,77,99,99,0
Larimer,108,78,100,100,0
Larimer,108,79,100,100,0
Larimer,108,8,100,100,0
Larimer,108,80,100,100,0
Larimer,108,81,100,100,0
Larimer,108,82,100,100,0
Larimer,108,83,100,100,0
Larimer,108,84,100,100,0
Larimer,108,85,100,100,0
Larimer,108,86,100,100,0
Larimer,108,87,100,100,0
Larimer,108,88,100,100,0
Larimer,108,89,100,100,0
Larimer,108,9,100,100,0
Larimer,108,90,92,92,0
Larimer,108,91,100,100,0
Larimer,108,92,100,100,0
Larimer,108,93,99,99,0
Larimer,108,94,100,100,0
Larimer,108,95,100,100,0
Larimer,108,96,100,100,0
Larimer,108,97,100,100,0
Larimer,108,98,99,99,0
Larimer,108,99,98,98,0
Larimer,109,1,95,95,0
Larimer,109,10,100,100,0
Larimer,109,100,100,100,0
Larimer,109,101,99,99,0
Larimer,109,102,99,99,0
Larimer,109,103,100,100,0
Larimer,109,104,99,99,0
Larimer,109,105,100,100,0
Larimer,109,106,100,100,0
Larimer,109,107,100,100,0
Larimer,109,108,100,100,0
Larimer,109,109,99,99,0
Larimer,109,11,99,99,0
Larimer,109,110,100,100,0
Larimer,109,111,100,100,0
Larimer,109,112,100,100,0
Larimer,109,113,99,99,0
Larimer,109,114,100,100,0
Larimer,109,115,99,99,0
Larimer,109,116,99,99,0
Larimer,109,117,100,100,0
Larimer,109,118,100,100,0
Larimer,109,119,98,98,0
Larimer,109,12,100,100,0
Larimer,109,120,99,99,0
Larimer,109,13,100,100,0
Larimer,109,14,100,100,0
Larimer,109,15,100,100,0
Larimer,109,16,100,100,0
Larimer,109,17,99,99,0
Larimer,109,18,36,36,0
Larimer,109,19,100,100,0
Larimer,109,2,99,99,0
Larimer,109,20,98,98,0
Larimer,109,21,99,99,0
Larimer,109,22,100,100,0
Larimer,109,23,100,100,0
Larimer,109,24,100,100,0
Larimer,109,25,100,100,0
Larimer,109,26,90,90,0
Larimer,109,27,100,100,0
Larimer,109,28,3,3,0
Larimer,109,29,100,100,0
Larimer,109,3,100,100,0
Larimer,109,30,100,100,0
Larimer,109,31,100,100,0
Larimer,109,32,100,100,0
Larimer,109,33,100,100,0
Larimer,109,34,18,18,0
Larimer,109,35,100,100,0
Larimer,109,36,99,99,0
Larimer,109,37,100,100,0
Larimer,109,38,29,29,0
Larimer,109,39,99,99,0
Larimer,109,4,99,99,0
Larimer,109,40,100,100,0
Larimer,109,41,100,100,0
Larimer,109,42,16,16,0
Larimer,109,43,100,100,0
Larimer,109,44,100,100,0
Larimer,109,45,100,100,0
Larimer,109,46,100,100,0
Larimer,109,47,99,99,0
Larimer,109,48,100,100,0
Larimer,109,49,100,100,0
Larimer,109,5,100,100,0
Larimer,109,50,29,29,0
Larimer,109,51,99,99,0
Larimer,109,52,99,99,0
Larimer,109,53,98,98,0
Larimer,109,54,29,29,0
Larimer,109,55,8,8,0
Larimer,109,56,4,4,0
Larimer,109,57,3,3,0
Larimer,109,58,100,100,0
Larimer,109,59,100,100,0
Larimer,109,6,100,100,0
Larimer,109,60,100,100,0
Larimer,109,61,100,100,0
Larimer,109,62,99,99,0
Larimer,109,63,98,98,0
Larimer,109,64,99,99,0
Larimer,109,65,98,98,0
Larimer,109,66,100,100,0
Larimer,109,67,99,99,0
Larimer,109,68,100,100,0
Larimer,109,69,100,100,0
Larimer,109,7,5,5,0
Larimer,109,70,100,100,0
Larimer,109,71,98,98,0
Larimer,109,72,20,20,0
Larimer,109,73,100,100,0
Larimer,109,74,100,100,0
Larimer,109,75,97,97,0
Larimer,109,76,100,100,0
Larimer,109,77,100,100,0
Larimer,109,78,99,99,0
Larimer,109,79,7,7,0
Larimer,109,8,100,100,0
Larimer,109,80,100,100,0
Larimer,109,81,100,100,0
Larimer,109,82,100,100,0
Larimer,109,83,100,100,0
Larimer,109,84,100,100,0
Larimer,109,85,99,99,0
Larimer,109,86,100,100,0
Larimer,109,87,99,99,0
Larimer,109,88,100,100,0
Larimer,109,89,7,7,0
Larimer,109,9,100,100,0
Larimer,109,90,100,100,0
Larimer,109,91,98,98,0
Larimer,109,92,100,100,0
Larimer,109,93,100,100,0
Larimer,109,94,99,99,0
Larimer,109,95,100,100,0
Larimer,109,96,100,100,0
Larimer,109,97,100,100,0
Larimer,109,98,100,100,0
Larimer,109,99,100,100,0
Larimer,110,1,99,99,0
Larimer,110,10,99,99,0
Larimer,110,100,99,99,0
Larimer,110,101,100,100,0
Larimer,110,102,33,33,0
Larimer,110,103,100,100,0
Larimer,110,104,98,98,0
Larimer,110,105,99,99,0
Larimer,110,106,100,100,0
Larimer,110,107,100,100,0
Larimer,110,108,100,100,0
Larimer,110,109,98,98,0
Larimer,110,11,100,100,0
Larimer,110,110,100,100,0
Larimer,110,111,100,100,0
Larimer,110,112,99,99,0
Larimer,110,113,100,100,0
Larimer,110,114,100,100,0
Larimer,110,115,100,100,0
Larimer,110,116,99,99,0
Larimer,110,117,100,100,0
Larimer,110,118,100,100,0
Larimer,110,119,100,100,0
Larimer,110,12,100,100,0
Larimer,110,120,100,100,0
Larimer,110,121,100,100,0
Larimer,110,122,34,34,0
Larimer,110,123,99,99,0
Larimer,110,124,100,100,0
Larimer,110,125,100,100,0
Larimer,110,126,100,100,0
Larimer,110,127,100,100,0
Larimer,110,128,100,100,0
Larimer,110,129,100,100,0
Larimer,110,13,100,100,0
Larimer,110,130,99,99,0
Larimer,110,131,100,100,0
Larimer,110,132,100,100,0
Larimer,110,133,100,100,0
Larimer,110,134,100,100,0
Larimer,110,135,98,98,0
Larimer,110,136,100,100,0
Larimer,110,137,100,100,0
Larimer,110,138,100,100,0
Larimer,110,139,100,100,0
Larimer,110,14,100,100,0
Larimer,110,140,100,100,0
Larimer,110,141,100,100,0
Larimer,110,142,99,99,0
Larimer,110,143,100,100,0
Larimer,110,144,98,98,0
Larimer,110,145,100,100,0
Larimer,110,146,98,98,0
Larimer,110,147,90,90,0
Larimer,110,15,100,100,0
Larimer,110,16,100,100,0
Larimer,110,17,100,100,0
Larimer,110,18,48,48,0
Larimer,110,19,100,100,0
Larimer,110,2,60,60,0
Larimer,110,20,99,99,0
Larimer,110,21,100,100,0
Larimer,110,22,98,98,0
Larimer,110,23,100,100,0
Larimer,110,24,100,100,0
Larimer,110,25,100,100,0
Larimer,110,26,100,100,0
Larimer,110,27,100,100,0
Larimer,110,28,100,100,0
Larimer,110,29,100,100,0
Larimer,110,3,99,99,0
Larimer,110,30,5,5,0
Larimer,110,31,94,94,0
Larimer,110,32,1,1,0
Larimer,110,33,17,17,0
Larimer,110,34,100,100,0
Larimer,110,35,100,100,0
Larimer,110,36,100,100,0
Larimer,110,37,100,100,0
Larimer,110,38,99,99,0
Larimer,110,39,100,100,0
Larimer,110,4,100,100,0
Larimer,110,40,100,100,0
Larimer,110,41,87,87,0
Larimer,110,42,12,12,0
Larimer,110,43,100,100,0
Larimer,110,44,100,100,0
Larimer,110,45,100,100,0
Larimer,110,46,99,99,0
Larimer,110,47,100,100,0
Larimer,110,48,100,100,0
Larimer,110,49,99,99,0
Larimer,110,5,100,100,0
Larimer,110,50,100,100,0
Larimer,110,51,100,100,0
Larimer,110,52,76,76,0
Larimer,110,53,100,100,0
Larimer,110,54,100,100,0
Larimer,110,55,100,100,0
Larimer,110,56,98,98,0
Larimer,110,57,100,100,0
Larimer,110,58,100,100,0
Larimer,110,59,100,100,0
Larimer,110,6,100,100,0
Larimer,110,60,13,13,0
Larimer,110,61,6,6,0
Larimer,110,62,99,99,0
Larimer,110,63,4,4,0
Larimer,110,64,100,100,0
Larimer,110,65,100,100,0
Larimer,110,66,100,100,0
Larimer,110,67,1,1,0
Larimer,110,68,100,100,0
Larimer,110,69,100,100,0
Larimer,110,7,99,99,0
Larimer,110,70,100,100,0
Larimer,110,71,100,100,0
Larimer,110,72,100,100,0
Larimer,110,73,100,100,0
Larimer,110,74,100,100,0
Larimer,110,75,100,100,0
Larimer,110,76,100,100,0
Larimer,110,77,100,100,0
Larimer,110,78,100,100,0
Larimer,110,79,56,56,0
Larimer,110,8,100,100,0
Larimer,110,80,70,70,0
Larimer,110,81,18,18,0
Larimer,110,82,100,100,0
Larimer,110,83,100,100,0
Larimer,110,84,100,100,0
Larimer,110,85,100,100,0
Larimer,110,86,100,100,0
Larimer,110,87,100,100,0
Larimer,110,88,100,100,0
Larimer,110,89,100,100,0
Larimer,110,9,42,42,0
Larimer,110,90,100,100,0
Larimer,110,91,100,100,0
Larimer,110,92,99,99,0
Larimer,110,93,100,100,0
Larimer,110,94,99,99,0
Larimer,110,95,99,99,0
Larimer,110,96,100,100,0
Larimer,110,97,100,100,0
Larimer,110,98,100,100,0
Larimer,110,99,98,98,0
Las Animas,104,1,50,50,0
Las Animas,104,10,50,50,0
Las Animas,104,11,50,50,0
Las Animas,104,12,50,50,0
Las Animas,104,13,50,50,0
Las Animas,104,14,50,50,0
Las Animas,104,15,50,50,0
Las Animas,104,16,50,50,0
Las Animas,104,17,50,50,0
Las Animas,104,18,50,50,0
Las Animas,104,19,50,50,0
Las Animas,104,2,50,50,0
Las Animas,104,20,50,50,0
Las Animas,104,21,50,50,0
Las Animas,104,22,50,50,0
Las Animas,104,23,50,50,0
Las Animas,104,24,50,50,0
Las Animas,104,25,50,50,0
Las Animas,104,26,50,50,0
Las Animas,104,27,50,50,0
Las Animas,104,28,50,50,0
Las Animas,104,29,50,50,0
Las Animas,104,3,50,50,0
Las Animas,104,30,50,50,0
Las Animas,104,31,50,50,0
Las Animas,104,32,50,50,0
Las Animas,104,33,50,50,0
Las Animas,104,34,50,50,0
Las Animas,104,35,50,50,0
Las Animas,104,36,50,50,0
Las Animas,104,37,50,50,0
Las Animas,104,38,50,50,0
Las Animas,104,39,50,50,0
Las Animas,104,4,50,50,0
Las Animas,104,40,50,50,0
Las Animas,104,41,50,50,0
Las Animas,104,42,50,50,0
Las Animas,104,43,50,50,0
Las Animas,104,44,50,50,0
Las Animas,104,45,50,50,0
Las Animas,104,46,50,50,0
Las Animas,104,47,50,50,0
Las Animas,104,48,50,50,0
Las Animas,104,49,50,50,0
Las Animas,104,5,50,50,0
Las Animas,104,50,50,50,0
Las Animas,104,51,50,50,0
Las Animas,104,52,50,50,0
Las Animas,104,53,50,50,0
Las Animas,104,54,50,50,0
Las Animas,104,55,50,50,0
Las Animas,104,56,50,50,0
Las Animas,104,57,50,50,0
Las Animas,104,58,50,50,0
Las Animas,104,59,50,50,0
Las Animas,104,6,50,50,0
Las Animas,104,60,50,50,0
Las Animas,104,61,50,50,0
Las Animas,104,62,50,50,0
Las Animas,104,63,50,50,0
Las Animas,104,64,50,50,0
Las Animas,104,65,50,50,0
Las Animas,104,66,50,50,0
Las Animas,104,67,50,50,0
Las Animas,104,68,50,50,0
Las Animas,104,69,50,50,0
Las Animas,104,7,50,50,0
Las Animas,104,70,50,50,0
Las Animas,104,71,50,50,0
Las Animas,104,72,50,50,0
Las Animas,104,73,50,50,0
Las Animas,104,74,50,50,0
Las Animas,104,75,50,50,0
Las Animas,104,76,50,50,0
Las Animas,104,77,50,50,0
Las Animas,104,78,26,26,0
Las Animas,104,79,78,78,0
Las Animas,104,8,50,50,0
Las Animas,104,80,53,53,0
Las Animas,104,9,50,50,0
Lincoln,102,1,25,25,0
Lincoln,102,10,25,25,0
Lincoln,102,11,25,25,0
Lincoln,102,12,25,25,0
Lincoln,102,13,25,25,0
Lincoln,102,14,25,25,0
Lincoln,102,15,25,25,0
Lincoln,102,16,25,25,0
Lincoln,102,17,25,25,0
Lincoln,102,18,25,25,0
Lincoln,102,19,25,25,0
Lincoln,102,2,25,25,0
Lincoln,102,20,25,25,0
Lincoln,102,21,25,25,0
Lincoln,102,22,25,25,0
Lincoln,102,23,25,25,0
Lincoln,102,24,25,25,0
Lincoln,102,25,25,25,0
Lincoln,102,26,25,25,0
Lincoln,102,27,25,25,0
Lincoln,102,28,25,25,0
Lincoln,102,29,25,25,0
Lincoln,102,3,25,25,0
Lincoln,102,30,25,25,0
Lincoln,102,31,25,25,0
Lincoln,102,32,25,25,0
Lincoln,102,33,25,25,0
Lincoln,102,34,25,25,0
Lincoln,102,35,25,25,0
Lincoln,102,36,25,25,0
Lincoln,102,37,25,25,0
Lincoln,102,38,25,25,0
Lincoln,102,39,25,25,0
Lincoln,102,4,25,25,0
Lincoln,102,40,25,25,0
Lincoln,102,41,25,25,0
Lincoln,102,42,25,25,0
Lincoln,102,43,25,25,0
Lincoln,102,44,25,25,0
Lincoln,102,45,25,25,0
Lincoln,102,46,25,25,0
Lincoln,102,47,25,25,0
Lincoln,102,48,25,25,0
Lincoln,102,49,25,25,0
Lincoln,102,5,25,25,0
Lincoln,102,50,25,25,0
Lincoln,102,51,25,25,0
Lincoln,102,52,21,21,0
Lincoln,102,53,8,8,0
Lincoln,102,54,13,13,0
Lincoln,102,6,25,25,0
Lincoln,102,7,25,25,0
Lincoln,102,8,25,25,0
Lincoln,102,9,25,25,0
Logan,104,1,26,26,0
Logan,104,10,11,11,0
Logan,104,100,25,25,0
Logan,104,101,1,1,0
Logan,104,102,27,27,0
Logan,104,103,18,18,0
Logan,104,104,27,27,0
Logan,104,105,25,25,0
Logan,104,106,25,25,0
Logan,104,107,26,26,0
Logan,104,108,25,25,0
Logan,104,109,1,1,0
Logan,104,11,17,17,0
Logan,104,110,12,12,0
Logan,104,111,29,29,0
Logan,104,112,25,25,0
Logan,104,113,31,31,0
Logan,104,114,25,25,0
Logan,104,115,25,25,0
Logan,104,116,25,25,0
Logan,104,117,25,25,0
Logan,104,118,1,1,0
Logan,104,119,22,22,0
Logan,104,12,25,25,0
Logan,104,120,30,30,0
Logan,104,121,19,19,0
Logan,104,122,25,25,0
Logan,104,123,30,30,0
Logan,104,124,24,24,0
Logan,104,125,25,25,0
Logan,104,126,25,25,0
Logan,104,127,2,2,0
Logan,104,128,16,16,0
Logan,104,129,27,27,0
Logan,104,13,25,25,0
Logan,104,130,24,24,0
Logan,104,131,25,25,0
Logan,104,132,25,25,0
Logan,104,133,25,25,0
Logan,104,134,25,25,0
Logan,104,135,25,25,0
Logan,104,136,25,25,0
Logan,104,137,25,25,0
Logan,104,138,3,3,0
Logan,104,139,26,26,0
Logan,104,14,23,23,0
Logan,104,140,25,25,0
Logan,104,141,28,28,0
Logan,104,142,24,24,0
Logan,104,143,33,33,0
Logan,104,144,35,35,0
Logan,104,145,25,25,0
Logan,104,146,25,25,0
Logan,104,147,25,25,0
Logan,104,148,25,25,0
Logan,104,149,25,25,0
Logan,104,15,30,30,0
Logan,104,150,1,1,0
Logan,104,151,18,18,0
Logan,104,152,27,27,0
Logan,104,153,24,24,0
Logan,104,154,25,25,0
Logan,104,155,22,22,0
Logan,104,156,25,25,0
Logan,104,157,25,25,0
Logan,104,158,27,27,0
Logan,104,159,25,25,0
Logan,104,16,25,25,0
Logan,104,160,25,25,0
Logan,104,161,25,25,0
Logan,104,162,25,25,0
Logan,104,163,3,3,0
Logan,104,164,19,19,0
Logan,104,165,20,20,0
Logan,104,166,24,24,0
Logan,104,167,23,23,0
Logan,104,168,25,25,0
Logan,104,169,26,26,0
Logan,104,17,25,25,0
Logan,104,170,25,25,0
Logan,104,171,25,25,0
Logan,104,172,24,24,0
Logan,104,173,12,12,0
Logan,104,174,1,1,0
Logan,104,175,10,10,0
Logan,104,176,25,25,0
Logan,104,177,24,24,0
Logan,104,178,25,25,0
Logan,104,179,25,25,0
Logan,104,18,25,25,0
Logan,104,180,24,24,0
Logan,104,181,29,29,0
Logan,104,182,25,25,0
Logan,104,183,1,1,0
Logan,104,184,7,7,0
Logan,104,185,25,25,0
Logan,104,186,25,25,0
Logan,104,187,25,25,0
Logan,104,188,24,24,0
Logan,104,189,24,24,0
Logan,104,19,1,1,0
Logan,104,190,24,24,0
Logan,104,191,24,24,0
Logan,104,192,2,2,0
Logan,104,193,14,14,0
Logan,104,194,17,17,0
Logan,104,195,25,25,0
Logan,104,196,25,25,0
Logan,104,197,34,34,0
Logan,104,198,1,1,0
Logan,104,199,19,19,0
Logan,104,2,28,28,0
Logan,104,20,25,25,0
Logan,104,200,25,25,0
Logan,104,201,15,15,0
Logan,104,202,33,33,0
Logan,104,203,25,25,0
Logan,104,204,4,4,0
Logan,104,205,12,12,0
Logan,104,206,21,21,0
Logan,104,207,25,25,0
Logan,104,208,10,10,0
Logan,104,209,14,14,0
Logan,104,21,25,25,0
Logan,104,210,16,16,0
Logan,104,211,23,23,0
Logan,104,212,25,25,0
Logan,104,213,1,1,0
Logan,104,214,9,9,0
Logan,104,215,25,25,0
Logan,104,216,24,24,0
Logan,104,217,11,11,0
Logan,104,218,25,25,0
Logan,104,219,14,14,0
Logan,104,22,20,20,0
Logan,104,220,1,1,0
Logan,104,221,5,5,0
Logan,104,222,27,27,0
Logan,104,223,3,3,0
Logan,104,224,15,15,0
Logan,104,225,30,30,0
Logan,104,226,20,20,0
Logan,104,227,1,1,0
Logan,104,23,25,25,0
Logan,104,24,23,23,0
Logan,104,25,24,24,0
Logan,104,26,24,24,0
Logan,104,27,25,25,0
Logan,104,28,33,33,0
Logan,104,29,25,25,0
Logan,104,3,23,23,0
Logan,104,30,25,25,0
Logan,104,31,25,25,0
Logan,104,32,24,24,0
Logan,104,33,3,3,0
Logan,104,34,17,17,0
Logan,104,35,23,23,0
Logan,104,36,25,25,0
Logan,104,37,25,25,0
Logan,104,38,25,25,0
Logan,104,39,30,30,0
Logan,104,4,25,25,0
Logan,104,40,1,1,0
Logan,104,41,25,25,0
Logan,104,42,25,25,0
Logan,104,43,26,26,0
Logan,104,44,31,31,0
Logan,104,45,25,25,0
Logan,104,46,25,25,0
Logan,104,47,25,25,0
Logan,104,48,26,26,0
Logan,104,49,26,26,0
Logan,104,5,31,31,0
Logan,104,50,15,15,0
Logan,104,51,25,25,0
Logan,104,52,18,18,0
Logan,104,53,23,23,0
Logan,104,54,25,25,0
Logan,104,55,25,25,0
Logan,104,56,23,23,0
Logan,104,57,23,23,0
Logan,104,58,26,26,0
Logan,104,59,19,19,0
Logan,104,6,25,25,0
Logan,104,60,19,19,0
Logan,104,61,25,25,0
Logan,104,62,27,27,0
Logan,104,63,11,11,0
Logan,104,64,24,24,0
Logan,104,65,24,24,0
Logan,104,66,25,25,0
Logan,104,67,25,25,0
Logan,104,68,25,25,0
Logan,104,69,25,25,0
Logan,104,7,25,25,0
Logan,104,70,25,25,0
Logan,104,71,1,1,0
Logan,104,72,19,19,0
Logan,104,73,31,31,0
Logan,104,74,24,24,0
Logan,104,75,24,24,0
Logan,104,76,18,18,0
Logan,104,77,25,25,0
Logan,104,78,25,25,0
Logan,104,79,2,2,0
Logan,104,8,25,25,0
Logan,104,80,19,19,0
Logan,104,81,33,33,0
Logan,104,82,12,12,0
Logan,104,83,24,24,0
Logan,104,84,25,25,0
Logan,104,85,24,24,0
Logan,104,86,25,25,0
Logan,104,87,25,25,0
Logan,104,88,25,25,0
Logan,104,89,25,25,0
Logan,104,9,4,4,0
Logan,104,90,25,25,0
Logan,104,91,25,25,0
Logan,104,92,25,25,0
Logan,104,93,2,2,0
Logan,104,94,20,20,0
Logan,104,95,25,25,0
Logan,104,96,16,16,0
Logan,104,97,26,26,0
Logan,104,98,25,25,0
Logan,104,99,25,25,0
Mesa,101,1001,16,16,0
Mesa,101,1002,87,87,0
Mesa,101,1003,33,33,0
Mesa,101,1004,79,79,0
Mesa,101,1005,2,2,0
Mesa,101,1006,2,2,0
Mesa,101,1007,158,158,0
Mesa,101,1008,140,140,0
Mesa,101,1009,75,75,0
Mesa,101,1010,80,80,0
Mesa,202,2001,8,8,0
Mesa,202,2002,4,4,0
Mesa,202,2003,67,67,0
Mesa,202,2004,3,3,0
Mesa,202,2005,2,2,0
Mesa,202,2006,1,1,0
Mesa,202,2007,3,3,0
Mesa,202,2008,19,19,0
Mesa,202,2009,6,6,0
Mesa,202,2010,3,3,0
Mesa,402,4001,84,84,0
Mesa,402,4002,97,97,0
Mesa,402,4003,99,99,0
Mesa,402,4004,100,100,0
Mesa,402,4005,27,27,0
Mesa,402,4006,100,100,0
Mesa,402,4007,99,99,0
Mesa,402,4008,100,100,0
Mesa,402,4009,23,23,0
Mesa,402,4010,97,97,0
Mesa,402,4011,100,100,0
Mesa,402,4012,15,15,0
Mesa,402,4013,100,100,0
Mesa,402,4014,100,100,0
Mesa,402,4015,100,100,0
Mesa,402,4016,95,95,0
Mesa,402,4017,91,91,0
Mesa,402,4018,42,42,0
Mesa,402,4019,94,94,0
Mesa,402,4020,69,69,0
Mesa,402,4021,99,99,0
Mesa,402,4022,99,99,0
Mesa,402,4023,93,93,0
Mesa,402,4024,27,27,0
Mesa,402,4025,44,44,0
Mesa,402,4026,93,93,0
Mesa,402,4027,100,100,0
Mesa,402,4028,100,100,0
Mesa,402,4029,99,99,0
Mesa,402,4030,100,100,0
Mesa,402,4031,99,99,0
Mesa,402,4032,38,38,0
Mesa,402,4033,96,96,0
Mesa,402,4034,98,98,0
Mesa,402,4035,31,31,0
Mesa,402,4036,85,85,0
Mesa,402,4037,5,5,0
Mesa,402,4038,11,11,0
Mesa,402,4039,5,5,0
Mesa,402,4040,14,14,0
Mesa,402,4041,23,23,0
Mesa,402,4042,10,10,0
Mesa,402,4043,2,2,0
Mesa,402,4044,1,1,0
Mesa,402,4045,12,12,0
Mesa,402,4046,2,2,0
Mesa,402,4047,100,100,0
Mesa,402,4048,100,100,0
Mesa,402,4049,100,100,0
Mesa,402,4050,99,99,0
Mesa,402,4051,100,100,0
Mesa,402,4052,25,25,0
Mesa,402,4053,100,100,0
Mesa,402,4054,10,10,0
Mesa,402,4055,15,15,0
Mesa,402,4056,7,7,0
Mesa,402,4057,100,100,0
Mesa,402,4058,100,100,0
Mesa,402,4059,100,100,0
Mesa,402,4060,99,99,0
Mesa,402,4061,100,100,0
Mesa,402,4062,11,11,0
Mesa,402,4063,100,100,0
Mesa,402,4064,100,100,0
Mesa,402,4065,100,100,0
Mesa,402,4066,99,99,0
Mesa,402,4067,100,100,0
Mesa,402,4068,99,99,0
Mesa,402,4069,29,29,0
Mesa,402,4070,100,100,0
Mesa,402,4071,23,23,0
Mesa,402,4072,15,15,0
Mesa,402,4073,99,99,0
Mesa,402,4074,18,18,0
Mesa,402,4075,100,100,0
Mesa,402,4076,99,99,0
Mesa,402,4077,29,29,0
Mesa,402,4078,100,100,0
Mesa,402,4079,100,100,0
Mesa,402,4080,100,100,0
Mesa,402,4081,100,100,0
Mesa,402,4082,77,77,0
Mesa,402,4083,100,100,0
Mesa,402,4084,100,100,0
Mesa,402,4085,99,99,0
Mesa,402,4086,97,97,0
Mesa,402,4087,100,100,0
Mesa,402,4088,77,77,0
Mesa,402,4089,100,100,0
Mesa,402,4090,9,9,0
Mesa,402,4091,5,5,0
Mesa,402,4092,100,100,0
Mesa,402,4093,100,100,0
Mesa,402,4094,100,100,0
Mesa,402,4095,100,100,0
Mesa,402,4096,100,100,0
Mesa,402,4097,29,29,0
Mesa,402,4098,100,100,0
Mesa,402,4099,100,100,0
Mesa,402,4100,100,100,0
Mesa,402,4101,99,99,0
Mesa,402,4102,99,99,0
Mesa,402,4103,100,100,0
Mesa,402,4104,100,100,0
Mesa,402,4105,100,100,0
Mesa,402,4106,100,100,0
Mesa,402,4107,100,100,0
Mesa,402,4108,99,99,0
Mesa,402,4109,99,99,0
Mesa,402,4110,98,98,0
Mesa,402,4111,48,48,0
Mesa,402,4112,100,100,0
Mesa,402,4113,100,100,0
Mesa,402,4114,100,100,0
Mesa,402,4115,100,100,0
Mesa,402,4116,100,100,0
Mesa,402,4117,100,100,0
Mesa,402,4118,100,100,0
Mesa,402,4119,100,100,0
Mesa,402,4120,98,98,0
Mesa,402,4121,100,100,0
Mesa,402,4122,100,100,0
Mesa,402,4123,99,99,0
Mesa,402,4124,100,100,0
Mesa,402,4125,9,9,0
Mesa,402,4126,79,79,0
Mesa,402,4127,1,1,0
Mesa,402,4128,100,100,0
Mesa,402,4129,3,3,0
Mesa,402,4130,100,100,0
Mesa,402,4131,40,40,0
Mesa,402,4132,99,99,0
Mesa,402,4133,6,6,0
Mesa,402,4134,99,99,0
Mesa,402,4135,59,59,0
Mesa,402,4136,11,11,0
Mesa,402,4137,100,100,0
Mesa,402,4138,68,68,0
Mesa,402,4139,100,100,0
Mesa,402,4140,10,10,0
Mesa,402,4141,100,100,0
Mesa,402,4142,100,100,0
Mesa,402,4143,100,100,0
Mesa,402,4144,15,15,0
Mesa,402,4145,100,100,0
Mesa,402,4146,99,99,0
Mesa,402,4147,99,99,0
Mesa,402,4148,100,100,0
Mesa,402,4149,100,100,0
Mesa,402,4150,98,98,0
Mesa,402,4151,99,99,0
Mesa,402,4152,88,88,0
Mesa,402,4153,20,20,0
Mesa,402,4154,100,100,0
Mesa,402,4155,65,65,0
Mesa,402,4156,100,100,0
Mesa,402,4157,100,100,0
Mesa,402,4158,100,100,0
Mesa,402,4159,100,100,0
Mesa,402,4160,99,99,0
Mesa,402,4161,8,8,0
Mesa,402,4162,29,29,0
Mesa,402,4163,49,49,0
Mesa,402,4164,98,98,0
Mesa,402,4165,32,32,0
Mesa,402,4166,100,100,0
Mesa,402,4167,12,12,0
Mesa,402,4168,99,99,0
Mesa,402,4169,5,5,0
Mesa,402,4170,90,90,0
Mesa,402,4171,21,21,0
Mesa,402,4172,100,100,0
Mesa,402,4173,5,5,0
Mesa,402,4174,99,99,0
Mesa,402,4175,14,14,0
Mesa,402,4176,98,98,0
Mesa,402,4177,44,44,0
Mesa,402,4178,89,89,0
Mesa,402,4179,99,99,0
Mesa,402,4180,99,99,0
Mesa,402,4181,3,3,0
Mesa,402,4182,21,21,0
Mesa,402,4183,100,100,0
Mesa,402,4184,27,27,0
Mesa,402,4185,100,100,0
Mesa,402,4186,100,100,0
Mesa,402,4187,100,100,0
Mesa,402,4188,100,100,0
Mesa,402,4189,14,14,0
Mesa,402,4190,100,100,0
Mesa,402,4191,100,100,0
Mesa,402,4192,100,100,0
Mesa,402,4193,15,15,0
Mesa,402,4194,100,100,0
Mesa,402,4195,100,100,0
Mesa,402,4196,100,100,0
Mesa,402,4197,98,98,0
Mesa,402,4198,7,7,0
Mesa,402,4199,99,99,0
Mesa,402,4200,2,2,0
Mesa,402,4201,100,100,0
Mesa,402,4202,13,13,0
Mesa,402,4203,97,97,0
Mesa,402,4204,99,99,0
Mesa,402,4205,100,100,0
Mesa,402,4206,100,100,0
Mesa,402,4207,100,100,0
Mesa,402,4208,97,97,0
Mesa,402,4209,14,14,0
Mesa,402,4210,100,100,0
Mesa,402,4211,58,58,0
Mesa,402,4212,71,71,0
Mesa,402,4213,100,100,0
Mesa,402,4214,98,98,0
Mesa,402,4215,99,99,0
Mesa,402,4216,13,13,0
Mesa,402,4217,99,99,0
Mesa,402,4218,92,92,0
Mesa,402,4219,99,99,0
Mesa,402,4220,99,99,0
Mesa,402,4221,100,100,0
Mesa,402,4222,20,20,0
Mesa,402,4223,99,99,0
Mesa,402,4224,47,47,0
Mesa,402,4225,100,100,0
Mesa,402,4226,100,100,0
Mesa,402,4227,24,24,0
Mesa,402,4228,99,99,0
Mesa,402,4229,88,88,0
Mesa,402,4230,99,99,0
Mesa,402,4231,78,78,0
Mesa,402,4232,72,72,0
Mesa,402,4233,5,5,0
Mesa,402,4234,100,100,0
Mesa,402,4235,15,15,0
Mesa,402,4236,85,85,0
Mesa,402,4237,17,17,0
Mesa,402,4238,67,67,0
Mesa,402,4239,100,100,0
Mesa,402,4240,100,100,0
Mesa,402,4241,100,100,0
Mesa,402,4242,8,8,0
Mesa,402,4243,100,100,0
Mesa,402,4244,4,4,0
Mesa,402,4245,43,43,0
Mesa,402,4246,100,100,0
Mesa,402,4247,99,99,0
Mesa,402,4248,88,88,0
Mesa,402,4249,99,99,0
Mesa,402,4250,100,100,0
Mesa,402,4251,100,100,0
Mesa,402,4252,99,99,0
Mesa,402,4253,100,100,0
Mesa,402,4254,100,100,0
Mesa,402,4255,92,92,0
Mesa,402,4256,44,44,0
Mesa,402,4257,100,100,0
Mesa,402,4258,8,8,0
Mesa,402,4259,100,100,0
Mesa,402,4260,23,23,0
Mesa,402,4261,100,100,0
Mesa,402,4262,80,80,0
Mesa,402,4263,100,100,0
Mesa,402,4264,16,16,0
Mesa,402,4265,100,100,0
Mesa,402,4266,100,100,0
Mesa,402,4267,100,100,0
Mesa,402,4268,5,5,0
Mesa,402,4269,99,99,0
Mesa,402,4270,16,16,0
Mesa,402,4271,100,100,0
Mesa,402,4272,13,13,0
Mesa,402,4273,100,100,0
Mesa,402,4274,16,16,0
Mesa,402,4275,56,56,0
Mesa,402,4276,100,100,0
Mesa,402,4277,100,100,0
Mesa,402,4278,98,98,0
Mesa,402,4279,12,12,0
Mesa,402,4280,100,100,0
Mesa,402,4281,100,100,0
Mesa,402,4282,99,99,0
Mesa,402,4283,100,100,0
Mesa,402,4284,73,73,0
Mesa,402,4285,99,99,0
Mesa,402,4286,100,100,0
Mesa,402,4287,100,100,0
Mesa,402,4288,100,100,0
Mesa,402,4289,100,100,0
Mesa,402,4290,66,66,0
Mesa,402,4291,100,100,0
Mesa,402,4292,100,100,0
Mesa,402,4293,14,14,0
Mesa,402,4294,33,33,0
Mesa,402,4295,39,39,0
Mesa,402,4296,1,1,0
Mesa,402,4297,3,3,0
Mesa,402,4298,30,30,0
Mesa,402,4299,100,100,0
Mesa,402,4300,98,98,0
Mesa,402,4301,80,80,0
Mesa,402,4302,100,100,0
Mesa,402,4303,78,78,0
Mesa,402,4304,99,99,0
Mesa,402,4305,42,42,0
Mesa,402,4306,25,25,0
Mesa,402,4307,100,100,0
Mesa,402,4308,79,79,0
Mesa,402,4309,99,99,0
Mesa,402,4310,69,69,0
Mesa,402,4311,99,99,0
Mesa,402,4312,2,2,0
Mesa,402,4313,100,100,0
Mesa,402,4314,1,1,0
Mesa,402,4315,24,24,0
Mesa,402,4316,7,7,0
Mesa,402,4317,100,100,0
Mesa,402,4318,17,17,0
Mesa,402,4319,100,100,0
Mesa,402,4320,25,25,0
Mesa,402,4321,100,100,0
Mesa,402,4322,10,10,0
Mesa,402,4323,100,100,0
Mesa,402,4324,98,98,0
Mesa,402,4325,7,7,0
Mesa,402,4326,98,98,0
Mesa,402,4327,100,100,0
Mesa,402,4328,100,100,0
Mesa,402,4329,16,16,0
Mesa,402,4330,49,49,0
Mesa,402,4331,8,8,0
Mesa,402,4332,100,100,0
Mesa,402,4333,4,4,0
Mesa,402,4334,100,100,0
Mesa,402,4335,100,100,0
Mesa,402,4336,100,100,0
Mesa,402,4337,100,100,0
Mesa,402,4338,100,100,0
Mesa,402,4339,100,100,0
Mesa,402,4340,100,100,0
Mesa,402,4341,42,42,0
Mesa,402,4342,100,100,0
Mesa,402,4343,100,100,0
Mesa,402,4344,100,100,0
Mesa,402,4345,100,100,0
Mesa,402,4346,100,100,0
Mesa,402,4347,84,84,0
Mesa,402,4348,100,100,0
Mesa,402,4349,100,100,0
Mesa,402,4350,98,98,0
Mesa,402,4351,99,99,0
Mesa,402,4352,99,99,0
Mesa,402,4353,97,97,0
Mesa,402,4354,99,99,0
Mesa,402,4355,99,99,0
Mesa,402,4356,100,100,0
Mesa,402,4357,99,99,0
Mesa,402,4358,99,99,0
Mesa,402,4359,97,97,0
Mesa,402,4360,100,100,0
Mesa,402,4361,96,96,0
Mesa,402,4362,100,100,0
Mesa,402,4363,135,135,0
Mesa,402,4364,152,152,0
Mesa,402,4365,3,3,0
Mesa,402,4366,100,100,0
Mesa,402,4367,16,16,0
Mesa,402,4368,100,100,0
Mesa,402,4369,100,100,0
Mesa,402,4370,100,100,0
Mesa,402,4371,100,100,0
Mesa,402,4372,20,20,0
Mesa,402,4373,100,100,0
Mesa,402,4374,34,34,0
Mesa,402,4375,100,100,0
Mesa,402,4376,51,51,0
Mesa,402,4377,100,100,0
Mesa,402,4378,100,100,0
Mesa,402,4379,90,90,0
Mesa,402,4380,100,100,0
Mesa,402,4381,6,6,0
Mesa,402,4382,100,100,0
Mesa,402,4383,99,99,0
Mesa,402,4384,43,43,0
Mesa,402,4385,99,99,0
Mesa,402,4386,100,100,0
Mesa,402,4387,99,99,0
Mesa,402,4388,99,99,0
Mesa,402,4389,97,97,0
Mesa,402,4390,98,98,0
Mesa,402,4391,97,97,0
Mesa,402,4392,100,100,0
Mesa,402,4393,26,26,0
Mesa,402,4394,67,67,0
Mesa,402,4395,83,83,0
Mesa,402,4397,98,98,0
Mesa,402,4398,7,7,0
Mesa,402,4399,97,97,0
Mesa,402,4400,3,3,0
Mesa,402,4401,96,96,0
Mesa,402,4402,6,6,0
Mesa,402,4403,99,99,0
Mesa,402,4404,98,98,0
Mesa,402,4405,99,99,0
Mesa,402,4406,100,100,0
Mesa,402,4407,99,99,0
Mesa,402,4408,100,100,0
Mesa,402,4409,99,99,0
Mesa,402,4410,100,100,0
Mesa,402,4411,100,100,0
Mesa,402,4412,99,99,0
Mesa,402,4413,99,99,0
Mesa,402,4414,100,100,0
Mesa,402,4415,100,100,0
Mesa,402,4416,100,100,0
Mesa,402,4417,100,100,0
Mesa,402,4418,100,100,0
Mesa,402,4419,98,98,0
Mesa,402,4420,99,99,0
Mesa,402,4421,99,99,0
Mesa,402,4422,99,99,0
Mesa,402,4423,100,100,0
Mesa,402,4424,99,99,0
Mesa,402,4425,98,98,0
Mesa,402,4426,100,100,0
Mesa,402,4427,100,100,0
Mesa,402,4428,98,98,0
Mesa,402,4429,100,100,0
Mesa,402,4430,100,100,0
Mesa,402,4431,91,91,0
Mesa,402,4432,99,99,0
Mesa,402,4433,100,100,0
Mesa,402,4434,100,100,0
Mesa,402,4435,99,99,0
Mesa,402,4436,96,96,0
Mesa,402,4437,99,99,0
Mesa,402,4438,100,100,0
Mesa,402,4439,100,100,0
Mesa,402,4440,98,98,0
Mesa,402,4441,99,99,0
Mesa,402,4442,100,100,0
Mesa,402,4443,100,100,0
Mesa,402,4444,24,24,0
Mesa,402,4445,100,100,0
Mesa,402,4446,60,60,0
Mesa,402,4447,100,100,0
Mesa,402,4448,99,99,0
Mesa,402,4449,26,26,0
Mesa,402,4450,92,92,0
Mesa,402,4451,6,6,0
Mesa,402,4452,99,99,0
Mesa,402,4453,100,100,0
Mesa,402,4454,99,99,0
Mesa,402,4455,99,99,0
Mesa,402,4456,33,33,0
Mesa,402,4457,100,100,0
Mesa,402,4458,99,99,0
Mesa,402,4459,13,13,0
Mesa,402,4460,99,99,0
Mesa,402,4461,99,99,0
Mesa,402,4462,100,100,0
Mesa,402,4463,101,101,0
Mesa,402,4464,98,98,0
Mesa,402,4465,99,99,0
Mesa,402,4466,100,100,0
Mesa,402,4467,98,98,0
Mesa,402,4468,100,100,0
Mesa,402,4469,100,100,0
Mesa,402,4470,100,100,0
Mesa,402,4471,99,99,0
Mesa,402,4472,70,70,0
Mesa,402,4473,97,97,0
Mesa,402,4474,67,67,0
Mesa,402,4475,99,99,0
Mesa,402,4476,99,99,0
Mesa,402,4477,99,99,0
Mesa,402,4478,99,99,0
Mesa,402,4479,100,100,0
Mesa,402,4480,99,99,0
Mesa,402,4481,10,10,0
Mesa,402,4482,100,100,0
Mesa,402,4483,45,45,0
Mesa,402,4484,100,100,0
Mesa,402,4485,100,100,0
Mesa,402,4486,99,99,0
Mesa,402,4487,100,100,0
Mesa,402,4488,97,97,0
Mesa,402,4489,100,100,0
Mesa,402,4490,100,100,0
Mesa,402,4491,100,100,0
Mesa,402,4492,99,99,0
Mesa,402,4493,100,100,0
Mesa,402,4494,98,98,0
Mesa,402,4495,40,40,0
Mesa,402,4496,100,100,0
Mesa,402,4497,6,6,0
Mesa,402,4498,99,99,0
Mesa,402,4499,58,58,0
Mesa,402,4500,100,100,0
Mesa,402,4501,100,100,0
Mesa,402,4502,100,100,0
Mesa,402,4503,100,100,0
Mesa,402,4504,100,100,0
Mesa,402,4505,100,100,0
Mesa,402,4506,99,99,0
Mesa,402,4507,100,100,0
Mesa,402,4508,100,100,0
Mesa,402,4509,100,100,0
Mesa,402,4510,98,98,0
Mesa,402,4511,96,96,0
Mesa,402,4512,2,2,0
Mesa,402,4513,56,56,0
Mesa,402,4514,100,100,0
Mesa,402,4515,97,97,0
Mesa,402,4516,99,99,0
Mesa,402,4517,17,17,0
Mesa,402,4518,100,100,0
Mesa,402,4519,6,6,0
Mesa,402,4520,100,100,0
Mesa,402,4521,14,14,0
Mesa,402,4522,99,99,0
Mesa,402,4523,18,18,0
Mesa,402,4524,100,100,0
Mesa,402,4525,100,100,0
Mesa,402,4526,100,100,0
Mesa,402,4527,100,100,0
Mesa,402,4528,100,100,0
Mesa,402,4529,39,39,0
Mesa,402,4530,99,99,0
Mesa,402,4531,99,99,0
Mesa,402,4532,100,100,0
Mesa,402,4533,55,55,0
Mesa,402,4534,75,75,0
Mesa,402,4535,100,100,0
Mesa,402,4536,99,99,0
Mesa,402,4537,99,99,0
Mesa,402,4538,85,85,0
Mesa,402,4539,99,99,0
Mesa,402,4540,99,99,0
Mesa,402,4541,100,100,0
Mesa,402,4542,25,25,0
Mesa,402,4543,100,100,0
Mesa,402,4544,100,100,0
Mesa,402,4545,100,100,0
Mesa,402,4546,100,100,0
Mesa,402,4547,100,100,0
Mesa,402,4548,100,100,0
Mesa,402,4549,148,148,0
Mesa,402,4550,112,112,0
Mesa,402,4551,1,1,0
Mineral,102,1,25,25,0
Mineral,102,10,25,25,0
Mineral,102,11,25,25,0
Mineral,102,12,25,25,0
Mineral,102,13,25,25,0
Mineral,102,14,25,25,0
Mineral,102,15,25,25,0
Mineral,102,16,21,21,0
Mineral,102,2,25,25,0
Mineral,102,3,25,25,0
Mineral,102,4,25,25,0
Mineral,102,5,25,25,0
Mineral,102,6,25,25,0
Mineral,102,7,25,25,0
Mineral,102,8,25,25,0
Mineral,102,9,25,25,0
Moffat,101,1,25,25,0
Moffat,101,10,25,25,0
Moffat,101,100,25,25,0
Moffat,101,101,25,25,0
Moffat,101,102,25,25,0
Moffat,101,103,25,25,0
Moffat,101,104,3,3,0
Moffat,101,105,11,11,0
Moffat,101,106,25,25,0
Moffat,101,107,25,25,0
Moffat,101,108,25,25,0
Moffat,101,109,25,25,0
Moffat,101,11,25,25,0
Moffat,101,110,25,25,0
Moffat,101,111,25,25,0
Moffat,101,112,25,25,0
Moffat,101,113,8,8,0
Moffat,101,114,3,3,0
Moffat,101,115,25,25,0
Moffat,101,116,25,25,0
Moffat,101,117,25,25,0
Moffat,101,118,25,25,0
Moffat,101,119,25,25,0
Moffat,101,12,26,26,0
Moffat,101,120,25,25,0
Moffat,101,121,25,25,0
Moffat,101,122,25,25,0
Moffat,101,123,25,25,0
Moffat,101,124,25,25,0
Moffat,101,125,25,25,0
Moffat,101,126,25,25,0
Moffat,101,127,25,25,0
Moffat,101,128,25,25,0
Moffat,101,129,25,25,0
Moffat,101,13,25,25,0
Moffat,101,130,10,10,0
Moffat,101,131,2,2,0
Moffat,101,132,24,24,0
Moffat,101,133,25,25,0
Moffat,101,134,1,1,0
Moffat,101,135,30,30,0
Moffat,101,136,31,31,0
Moffat,101,137,25,25,0
Moffat,101,138,26,26,0
Moffat,101,139,25,25,0
Moffat,101,14,25,25,0
Moffat,101,140,14,14,0
Moffat,101,15,25,25,0
Moffat,101,16,25,25,0
Moffat,101,17,25,25,0
Moffat,101,18,25,25,0
Moffat,101,19,25,25,0
Moffat,101,2,25,25,0
Moffat,101,20,25,25,0
Moffat,101,21,25,25,0
Moffat,101,22,25,25,0
Moffat,101,23,25,25,0
Moffat,101,24,25,25,0
Moffat,101,25,25,25,0
Moffat,101,26,25,25,0
Moffat,101,27,25,25,0
Moffat,101,28,25,25,0
Moffat,101,29,10,10,0
Moffat,101,3,25,25,0
Moffat,101,30,4,4,0
Moffat,101,31,1,1,0
Moffat,101,32,3,3,0
Moffat,101,33,25,25,0
Moffat,101,34,25,25,0
Moffat,101,35,25,25,0
Moffat,101,36,25,25,0
Moffat,101,37,25,25,0
Moffat,101,38,14,14,0
Moffat,101,39,24,24,0
Moffat,101,4,25,25,0
Moffat,101,40,25,25,0
Moffat,101,41,25,25,0
Moffat,101,42,25,25,0
Moffat,101,43,1,1,0
Moffat,101,44,14,14,0
Moffat,101,45,25,25,0
Moffat,101,46,25,25,0
Moffat,101,47,25,25,0
Moffat,101,48,25,25,0
Moffat,101,49,25,25,0
Moffat,101,5,25,25,0
Moffat,101,50,25,25,0
Moffat,101,51,7,7,0
Moffat,101,52,24,24,0
Moffat,101,53,25,25,0
Moffat,101,54,25,25,0
Moffat,101,55,3,3,0
Moffat,101,56,22,22,0
Moffat,101,57,25,25,0
Moffat,101,58,25,25,0
Moffat,101,59,25,25,0
Moffat,101,6,25,25,0
Moffat,101,60,25,25,0
Moffat,101,61,25,25,0
Moffat,101,62,25,25,0
Moffat,101,63,25,25,0
Moffat,101,64,25,25,0
Moffat,101,65,25,25,0
Moffat,101,66,25,25,0
Moffat,101,67,25,25,0
Moffat,101,68,25,25,0
Moffat,101,69,6,6,0
Moffat,101,7,25,25,0
Moffat,101,70,3,3,0
Moffat,101,71,9,9,0
Moffat,101,72,25,25,0
Moffat,101,73,25,25,0
Moffat,101,74,25,25,0
Moffat,101,75,25,25,0
Moffat,101,76,25,25,0
Moffat,101,77,25,25,0
Moffat,101,78,25,25,0
Moffat,101,79,25,25,0
Moffat,101,8,25,25,0
Moffat,101,80,25,25,0
Moffat,101,81,25,25,0
Moffat,101,82,25,25,0
Moffat,101,83,25,25,0
Moffat,101,84,25,25,0
Moffat,101,85,25,25,0
Moffat,101,86,8,8,0
Moffat,101,87,5,5,0
Moffat,101,88,4,4,0
Moffat,101,89,13,13,0
Moffat,101,9,25,25,0
Moffat,101,90,25,25,0
Moffat,101,91,25,25,0
Moffat,101,92,25,25,0
Moffat,101,93,25,25,0
Moffat,101,94,25,25,0
Moffat,101,95,25,25,0
Moffat,101,96,3,3,0
Moffat,101,97,22,22,0
Moffat,101,98,25,25,0
Moffat,101,99,25,25,0
Montezuma,102,1,25,25,0
Montezuma,102,10,25,25,0
Montezuma,102,100,25,25,0
Montezuma,102,101,25,25,0
Montezuma,102,102,25,25,0
Montezuma,102,103,25,25,0
Montezuma,102,104,25,25,0
Montezuma,102,105,25,25,0
Montezuma,102,106,25,25,0
Montezuma,102,107,25,25,0
Montezuma,102,108,25,25,0
Montezuma,102,109,25,25,0
Montezuma,102,11,25,25,0
Montezuma,102,110,25,25,0
Montezuma,102,111,25,25,0
Montezuma,102,112,25,25,0
Montezuma,102,113,25,25,0
Montezuma,102,114,25,25,0
Montezuma,102,115,25,25,0
Montezuma,102,116,25,25,0
Montezuma,102,117,25,25,0
Montezuma,102,118,25,25,0
Montezuma,102,119,25,25,0
Montezuma,102,12,25,25,0
Montezuma,102,120,25,25,0
Montezuma,102,121,25,25,0
Montezuma,102,122,25,25,0
Montezuma,102,123,25,25,0
Montezuma,102,124,25,25,0
Montezuma,102,125,25,25,0
Montezuma,102,126,25,25,0
Montezuma,102,127,25,25,0
Montezuma,102,128,25,25,0
Montezuma,102,129,25,25,0
Montezuma,102,13,25,25,0
Montezuma,102,130,25,25,0
Montezuma,102,131,25,25,0
Montezuma,102,132,25,25,0
Montezuma,102,133,25,25,0
Montezuma,102,134,25,25,0
Montezuma,102,135,25,25,0
Montezuma,102,136,25,25,0
Montezuma,102,137,25,25,0
Montezuma,102,138,25,25,0
Montezuma,102,139,25,25,0
Montezuma,102,14,25,25,0
Montezuma,102,140,25,25,0
Montezuma,102,141,25,25,0
Montezuma,102,142,25,25,0
Montezuma,102,143,25,25,0
Montezuma,102,144,25,25,0
Montezuma,102,145,25,25,0
Montezuma,102,146,25,25,0
Montezuma,102,147,25,25,0
Montezuma,102,148,25,25,0
Montezuma,102,149,25,25,0
Montezuma,102,15,25,25,0
Montezuma,102,150,25,25,0
Montezuma,102,151,25,25,0
Montezuma,102,152,25,25,0
Montezuma,102,153,25,25,0
Montezuma,102,154,25,25,0
Montezuma,102,155,25,25,0
Montezuma,102,156,25,25,0
Montezuma,102,157,25,25,0
Montezuma,102,158,25,25,0
Montezuma,102,159,25,25,0
Montezuma,102,16,25,25,0
Montezuma,102,160,25,25,0
Montezuma,102,161,25,25,0
Montezuma,102,162,25,25,0
Montezuma,102,163,25,25,0
Montezuma,102,164,25,25,0
Montezuma,102,165,25,25,0
Montezuma,102,166,25,25,0
Montezuma,102,167,25,25,0
Montezuma,102,168,25,25,0
Montezuma,102,169,25,25,0
Montezuma,102,17,25,25,0
Montezuma,102,170,25,25,0
Montezuma,102,171,25,25,0
Montezuma,102,172,25,25,0
Montezuma,102,173,25,25,0
Montezuma,102,174,25,25,0
Montezuma,102,175,25,25,0
Montezuma,102,176,25,25,0
Montezuma,102,177,25,25,0
Montezuma,102,178,25,25,0
Montezuma,102,179,25,25,0
Montezuma,102,18,25,25,0
Montezuma,102,180,25,25,0
Montezuma,102,181,25,25,0
Montezuma,102,182,25,25,0
Montezuma,102,183,25,25,0
Montezuma,102,184,25,25,0
Montezuma,102,185,25,25,0
Montezuma,102,186,25,25,0
Montezuma,102,187,25,25,0
Montezuma,102,188,25,25,0
Montezuma,102,189,25,25,0
Montezuma,102,19,25,25,0
Montezuma,102,190,25,25,0
Montezuma,102,191,25,25,0
Montezuma,102,192,25,25,0
Montezuma,102,193,25,25,0
Montezuma,102,194,25,25,0
Montezuma,102,195,25,25,0
Montezuma,102,196,25,25,0
Montezuma,102,197,25,25,0
Montezuma,102,198,25,25,0
Montezuma,102,199,25,25,0
Montezuma,102,2,25,25,0
Montezuma,102,20,25,25,0
Montezuma,102,200,25,25,0
Montezuma,102,201,25,25,0
Montezuma,102,202,25,25,0
Montezuma,102,203,25,25,0
Montezuma,102,204,25,25,0
Montezuma,102,205,25,25,0
Montezuma,102,206,25,25,0
Montezuma,102,207,25,25,0
Montezuma,102,208,25,25,0
Montezuma,102,209,25,25,0
Montezuma,102,21,25,25,0
Montezuma,102,210,25,25,0
Montezuma,102,211,25,25,0
Montezuma,102,212,25,25,0
Montezuma,102,213,25,25,0
Montezuma,102,214,25,25,0
Montezuma,102,215,25,25,0
Montezuma,102,216,25,25,0
Montezuma,102,217,25,25,0
Montezuma,102,218,25,25,0
Montezuma,102,219,25,25,0
Montezuma,102,22,25,25,0
Montezuma,102,220,25,25,0
Montezuma,102,221,25,25,0
Montezuma,102,222,25,25,0
Montezuma,102,223,25,25,0
Montezuma,102,224,25,25,0
Montezuma,102,225,25,25,0
Montezuma,102,226,25,25,0
Montezuma,102,227,25,25,0
Montezuma,102,228,24,24,0
Montezuma,102,229,25,25,0
Montezuma,102,23,25,25,0
Montezuma,102,230,25,25,0
Montezuma,102,231,25,25,0
Montezuma,102,232,25,25,0
Montezuma,102,233,25,25,0
Montezuma,102,234,25,25,0
Montezuma,102,235,25,25,0
Montezuma,102,236,25,25,0
Montezuma,102,237,25,25,0
Montezuma,102,238,25,25,0
Montezuma,102,239,25,25,0
Montezuma,102,24,25,25,0
Montezuma,102,240,25,25,0
Montezuma,102,241,25,25,0
Montezuma,102,242,25,25,0
Montezuma,102,243,25,25,0
Montezuma,102,244,25,25,0
Montezuma,102,245,25,25,0
Montezuma,102,246,25,25,0
Montezuma,102,247,25,25,0
Montezuma,102,248,25,25,0
Montezuma,102,249,25,25,0
Montezuma,102,25,25,25,0
Montezuma,102,250,25,25,0
Montezuma,102,251,25,25,0
Montezuma,102,252,25,25,0
Montezuma,102,253,25,25,0
Montezuma,102,254,25,25,0
Montezuma,102,255,25,25,0
Montezuma,102,256,25,25,0
Montezuma,102,257,25,25,0
Montezuma,102,258,25,25,0
Montezuma,102,259,25,25,0
Montezuma,102,26,25,25,0
Montezuma,102,260,25,25,0
Montezuma,102,261,25,25,0
Montezuma,102,262,25,25,0
Montezuma,102,263,25,25,0
Montezuma,102,264,25,25,0
Montezuma,102,265,25,25,0
Montezuma,102,266,25,25,0
Montezuma,102,267,25,25,0
Montezuma,102,268,25,25,0
Montezuma,102,269,25,25,0
Montezuma,102,27,25,25,0
Montezuma,102,270,25,25,0
Montezuma,102,271,25,25,0
Montezuma,102,272,25,25,0
Montezuma,102,273,25,25,0
Montezuma,102,274,25,25,0
Montezuma,102,275,25,25,0
Montezuma,102,276,25,25,0
Montezuma,102,277,25,25,0
Montezuma,102,278,25,25,0
Montezuma,102,279,25,25,0
Montezuma,102,28,25,25,0
Montezuma,102,280,25,25,0
Montezuma,102,281,25,25,0
Montezuma,102,282,25,25,0
Montezuma,102,283,25,25,0
Montezuma,102,284,25,25,0
Montezuma,102,285,25,25,0
Montezuma,102,286,25,25,0
Montezuma,102,287,25,25,0
Montezuma,102,288,25,25,0
Montezuma,102,289,25,25,0
Montezuma,102,29,25,25,0
Montezuma,102,290,25,25,0
Montezuma,102,291,25,25,0
Montezuma,102,292,25,25,0
Montezuma,102,293,25,25,0
Montezuma,102,294,25,25,0
Montezuma,102,295,25,25,0
Montezuma,102,296,25,25,0
Montezuma,102,297,25,25,0
Montezuma,102,298,25,25,0
Montezuma,102,299,25,25,0
Montezuma,102,3,25,25,0
Montezuma,102,30,25,25,0
Montezuma,102,300,25,25,0
Montezuma,102,301,25,25,0
Montezuma,102,302,25,25,0
Montezuma,102,303,25,25,0
Montezuma,102,304,25,25,0
Montezuma,102,305,25,25,0
Montezuma,102,306,25,25,0
Montezuma,102,307,25,25,0
Montezuma,102,308,3,3,0
Montezuma,102,309,25,25,0
Montezuma,102,31,25,25,0
Montezuma,102,310,25,25,0
Montezuma,102,311,23,23,0
Montezuma,102,32,25,25,0
Montezuma,102,33,25,25,0
Montezuma,102,34,25,25,0
Montezuma,102,35,25,25,0
Montezuma,102,36,25,25,0
Montezuma,102,37,25,25,0
Montezuma,102,38,25,25,0
Montezuma,102,39,25,25,0
Montezuma,102,4,25,25,0
Montezuma,102,41,25,25,0
Montezuma,102,42,25,25,0
Montezuma,102,43,25,25,0
Montezuma,102,44,25,25,0
Montezuma,102,45,25,25,0
Montezuma,102,46,25,25,0
Montezuma,102,47,25,25,0
Montezuma,102,48,25,25,0
Montezuma,102,49,25,25,0
Montezuma,102,5,25,25,0
Montezuma,102,50,25,25,0
Montezuma,102,51,25,25,0
Montezuma,102,52,25,25,0
Montezuma,102,53,25,25,0
Montezuma,102,54,25,25,0
Montezuma,102,55,25,25,0
Montezuma,102,56,25,25,0
Montezuma,102,57,25,25,0
Montezuma,102,58,25,25,0
Montezuma,102,59,25,25,0
Montezuma,102,6,25,25,0
Montezuma,102,60,25,25,0
Montezuma,102,61,25,25,0
Montezuma,102,62,25,25,0
Montezuma,102,63,25,25,0
Montezuma,102,64,25,25,0
Montezuma,102,65,25,25,0
Montezuma,102,66,25,25,0
Montezuma,102,67,25,25,0
Montezuma,102,68,25,25,0
Montezuma,102,69,25,25,0
Montezuma,102,7,25,25,0
Montezuma,102,70,25,25,0
Montezuma,102,71,25,25,0
Montezuma,102,72,25,25,0
Montezuma,102,73,25,25,0
Montezuma,102,74,25,25,0
Montezuma,102,75,25,25,0
Montezuma,102,76,25,25,0
Montezuma,102,77,25,25,0
Montezuma,102,78,25,25,0
Montezuma,102,79,25,25,0
Montezuma,102,8,25,25,0
Montezuma,102,80,25,25,0
Montezuma,102,81,25,25,0
Montezuma,102,82,25,25,0
Montezuma,102,83,25,25,0
Montezuma,102,84,25,25,0
Montezuma,102,85,25,25,0
Montezuma,102,86,25,25,0
Montezuma,102,87,25,25,0
Montezuma,102,88,25,25,0
Montezuma,102,89,25,25,0
Montezuma,102,9,25,25,0
Montezuma,102,90,25,25,0
Montezuma,102,91,25,25,0
Montezuma,102,92,25,25,0
Montezuma,102,93,25,25,0
Montezuma,102,94,25,25,0
Montezuma,102,95,25,25,0
Montezuma,102,96,25,25,0
Montezuma,102,97,25,25,0
Montezuma,102,98,25,25,0
Montezuma,102,99,25,25,0
Montrose,102,1,50,50,0
Montrose,102,10,50,50,0
Montrose,102,100,50,50,0
Montrose,102,101,50,50,0
Montrose,102,102,50,50,0
Montrose,102,103,50,50,0
Montrose,102,104,50,50,0
Montrose,102,105,50,50,0
Montrose,102,106,50,50,0
Montrose,102,107,50,50,0
Montrose,102,108,50,50,0
Montrose,102,109,50,50,0
Montrose,102,11,50,50,0
Montrose,102,110,50,50,0
Montrose,102,111,50,50,0
Montrose,102,112,50,50,0
Montrose,102,113,50,50,0
Montrose,102,114,50,50,0
Montrose,102,115,50,50,0
Montrose,102,116,50,50,0
Montrose,102,117,50,50,0
Montrose,102,118,50,50,0
Montrose,102,119,50,50,0
Montrose,102,12,50,50,0
Montrose,102,120,50,50,0
Montrose,102,121,50,50,0
Montrose,102,122,50,50,0
Montrose,102,123,50,50,0
Montrose,102,124,50,50,0
Montrose,102,125,50,50,0
Montrose,102,126,50,50,0
Montrose,102,127,50,50,0
Montrose,102,128,50,50,0
Montrose,102,129,50,50,0
Montrose,102,13,50,50,0
Montrose,102,130,50,50,0
Montrose,102,131,50,50,0
Montrose,102,132,50,50,0
Montrose,102,133,50,50,0
Montrose,102,134,50,50,0
Montrose,102,135,50,50,0
Montrose,102,136,50,50,0
Montrose,102,137,50,50,0
Montrose,102,138,50,50,0
Montrose,102,139,50,50,0
Montrose,102,14,50,50,0
Montrose,102,140,50,50,0
Montrose,102,141,50,50,0
Montrose,102,142,50,50,0
Montrose,102,143,50,50,0
Montrose,102,144,50,50,0
Montrose,102,145,50,50,0
Montrose,102,146,50,50,0
Montrose,102,147,50,50,0
Montrose,102,148,50,50,0
Montrose,102,149,50,50,0
Montrose,102,15,50,50,0
Montrose,102,150,50,50,0
Montrose,102,151,50,50,0
Montrose,102,152,50,50,0
Montrose,102,153,50,50,0
Montrose,102,154,50,50,0
Montrose,102,155,50,50,0
Montrose,102,156,50,50,0
Montrose,102,157,50,50,0
Montrose,102,158,50,50,0
Montrose,102,159,50,50,0
Montrose,102,16,50,50,0
Montrose,102,160,50,50,0
Montrose,102,161,50,50,0
Montrose,102,162,50,50,0
Montrose,102,163,50,50,0
Montrose,102,164,50,50,0
Montrose,102,165,50,50,0
Montrose,102,166,50,50,0
Montrose,102,167,50,50,0
Montrose,102,168,50,50,0
Montrose,102,169,50,50,0
Montrose,102,17,50,50,0
Montrose,102,170,50,50,0
Montrose,102,171,50,50,0
Montrose,102,172,50,50,0
Montrose,102,173,50,50,0
Montrose,102,174,50,50,0
Montrose,102,175,50,50,0
Montrose,102,176,50,50,0
Montrose,102,177,50,50,0
Montrose,102,178,50,50,0
Montrose,102,179,50,50,0
Montrose,102,18,50,50,0
Montrose,102,180,50,50,0
Montrose,102,181,50,50,0
Montrose,102,182,50,50,0
Montrose,102,183,50,50,0
Montrose,102,184,50,50,0
Montrose,102,185,50,50,0
Montrose,102,186,50,50,0
Montrose,102,187,50,50,0
Montrose,102,188,50,50,0
Montrose,102,189,50,50,0
Montrose,102,19,50,50,0
Montrose,102,190,50,50,0
Montrose,102,191,50,50,0
Montrose,102,192,50,50,0
Montrose,102,193,50,50,0
Montrose,102,194,50,50,0
Montrose,102,195,50,50,0
Montrose,102,196,50,50,0
Montrose,102,197,50,50,0
Montrose,102,198,50,50,0
Montrose,102,199,50,50,0
Montrose,102,2,50,50,0
Montrose,102,20,50,50,0
Montrose,102,200,50,50,0
Montrose,102,201,50,50,0
Montrose,102,202,50,50,0
Montrose,102,203,50,50,0
Montrose,102,204,50,50,0
Montrose,102,205,50,50,0
Montrose,102,206,50,50,0
Montrose,102,207,50,50,0
Montrose,102,208,50,50,0
Montrose,102,209,50,50,0
Montrose,102,21,50,50,0
Montrose,102,210,50,50,0
Montrose,102,211,50,50,0
Montrose,102,212,50,50,0
Montrose,102,213,50,50,0
Montrose,102,214,50,50,0
Montrose,102,215,50,50,0
Montrose,102,216,50,50,0
Montrose,102,217,50,50,0
Montrose,102,218,50,50,0
Montrose,102,219,50,50,0
Montrose,102,22,50,50,0
Montrose,102,220,50,50,0
Montrose,102,221,50,50,0
Montrose,102,222,50,50,0
Montrose,102,223,50,50,0
Montrose,102,224,50,50,0
Montrose,102,225,50,50,0
Montrose,102,226,50,50,0
Montrose,102,227,50,50,0
Montrose,102,228,50,50,0
Montrose,102,229,50,50,0
Montrose,102,23,50,50,0
Montrose,102,230,50,50,0
Montrose,102,231,50,50,0
Montrose,102,232,50,50,0
Montrose,102,233,50,50,0
Montrose,102,234,50,50,0
Montrose,102,235,50,50,0
Montrose,102,236,50,50,0
Montrose,102,237,50,50,0
Montrose,102,238,50,50,0
Montrose,102,239,50,50,0
Montrose,102,24,50,50,0
Montrose,102,240,50,50,0
Montrose,102,241,50,50,0
Montrose,102,242,50,50,0
Montrose,102,243,50,50,0
Montrose,102,244,50,50,0
Montrose,102,245,50,50,0
Montrose,102,246,68,68,0
Montrose,102,25,50,50,0
Montrose,102,26,50,50,0
Montrose,102,27,50,50,0
Montrose,102,28,50,50,0
Montrose,102,29,50,50,0
Montrose,102,3,50,50,0
Montrose,102,30,50,50,0
Montrose,102,31,50,50,0
Montrose,102,32,50,50,0
Montrose,102,33,50,50,0
Montrose,102,34,50,50,0
Montrose,102,35,50,50,0
Montrose,102,36,50,50,0
Montrose,102,37,50,50,0
Montrose,102,38,50,50,0
Montrose,102,39,50,50,0
Montrose,102,4,50,50,0
Montrose,102,40,50,50,0
Montrose,102,41,50,50,0
Montrose,102,42,50,50,0
Montrose,102,43,50,50,0
Montrose,102,44,50,50,0
Montrose,102,45,50,50,0
Montrose,102,46,50,50,0
Montrose,102,47,50,50,0
Montrose,102,48,50,50,0
Montrose,102,49,50,50,0
Montrose,102,5,50,50,0
Montrose,102,50,50,50,0
Montrose,102,51,50,50,0
Montrose,102,52,50,50,0
Montrose,102,53,50,50,0
Montrose,102,54,50,50,0
Montrose,102,55,50,50,0
Montrose,102,56,50,50,0
Montrose,102,57,50,50,0
Montrose,102,58,50,50,0
Montrose,102,59,50,50,0
Montrose,102,6,50,50,0
Montrose,102,60,50,50,0
Montrose,102,61,50,50,0
Montrose,102,62,50,50,0
Montrose,102,63,50,50,0
Montrose,102,64,50,50,0
Montrose,102,65,50,50,0
Montrose,102,66,50,50,0
Montrose,102,67,50,50,0
Montrose,102,68,50,50,0
Montrose,102,69,50,50,0
Montrose,102,7,50,50,0
Montrose,102,70,50,50,0
Montrose,102,71,50,50,0
Montrose,102,72,50,50,0
Montrose,102,73,50,50,0
Montrose,102,74,50,50,0
Montrose,102,75,50,50,0
Montrose,102,76,50,50,0
Montrose,102,77,50,50,0
Montrose,102,78,50,50,0
Montrose,102,79,50,50,0
Montrose,102,8,50,50,0
Montrose,102,80,50,50,0
Montrose,102,81,50,50,0
Montrose,102,82,50,50,0
Montrose,102,83,50,50,0
Montrose,102,84,50,50,0
Montrose,102,85,50,50,0
Montrose,102,86,50,50,0
Montrose,102,87,50,50,0
Montrose,102,88,50,50,0
Montrose,102,89,50,50,0
Montrose,102,9,50,50,0
Montrose,102,90,50,50,0
Montrose,102,91,50,50,0
Montrose,102,92,50,50,0
Montrose,102,93,50,50,0
Montrose,102,94,50,50,0
Montrose,102,95,50,50,0
Montrose,102,96,50,50,0
Montrose,102,97,50,50,0
Montrose,102,98,50,50,0
Montrose,102,99,50,50,0
Morgan,102,1,50,50,0
Morgan,102,10,50,50,0
Morgan,102,100,50,50,0
Morgan,102,101,21,21,0
Morgan,102,102,50,50,0
Morgan,102,103,50,50,0
Morgan,102,104,31,31,0
Morgan,102,105,50,50,0
Morgan,102,106,65,65,0
Morgan,102,107,50,50,0
Morgan,102,108,35,35,0
Morgan,102,109,73,73,0
Morgan,102,11,50,50,0
Morgan,102,110,9,9,0
Morgan,102,12,50,50,0
Morgan,102,13,27,27,0
Morgan,102,14,50,50,0
Morgan,102,15,50,50,0
Morgan,102,16,50,50,0
Morgan,102,17,50,50,0
Morgan,102,18,27,27,0
Morgan,102,19,50,50,0
Morgan,102,2,50,50,0
Morgan,102,20,50,50,0
Morgan,102,21,50,50,0
Morgan,102,22,25,25,0
Morgan,102,23,50,50,0
Morgan,102,24,50,50,0
Morgan,102,25,50,50,0
Morgan,102,26,59,59,0
Morgan,102,27,50,50,0
Morgan,102,28,66,66,0
Morgan,102,29,50,50,0
Morgan,102,3,13,13,0
Morgan,102,30,50,50,0
Morgan,102,31,50,50,0
Morgan,102,32,50,50,0
Morgan,102,33,68,68,0
Morgan,102,34,50,50,0
Morgan,102,35,50,50,0
Morgan,102,36,50,50,0
Morgan,102,37,40,40,0
Morgan,102,38,50,50,0
Morgan,102,39,50,50,0
Morgan,102,4,50,50,0
Morgan,102,40,50,50,0
Morgan,102,41,50,50,0
Morgan,102,42,47,47,0
Morgan,102,43,50,50,0
Morgan,102,44,61,61,0
Morgan,102,45,50,50,0
Morgan,102,46,50,50,0
Morgan,102,47,56,56,0
Morgan,102,48,50,50,0
Morgan,102,49,50,50,0
Morgan,102,5,50,50,0
Morgan,102,50,47,47,0
Morgan,102,51,50,50,0
Morgan,102,52,50,50,0
Morgan,102,53,27,27,0
Morgan,102,54,50,50,0
Morgan,102,55,50,50,0
Morgan,102,56,46,46,0
Morgan,102,57,50,50,0
Morgan,102,58,58,58,0
Morgan,102,59,50,50,0
Morgan,102,6,50,50,0
Morgan,102,60,55,55,0
Morgan,102,61,50,50,0
Morgan,102,62,30,30,0
Morgan,102,63,50,50,0
Morgan,102,64,50,50,0
Morgan,102,65,31,31,0
Morgan,102,66,50,50,0
Morgan,102,67,50,50,0
Morgan,102,68,50,50,0
Morgan,102,69,29,29,0
Morgan,102,7,50,50,0
Morgan,102,70,50,50,0
Morgan,102,71,50,50,0
Morgan,102,72,35,35,0
Morgan,102,73,50,50,0
Morgan,102,74,50,50,0
Morgan,102,75,42,42,0
Morgan,102,76,50,50,0
Morgan,102,77,50,50,0
Morgan,102,78,50,50,0
Morgan,102,79,42,42,0
Morgan,102,8,50,50,0
Morgan,102,80,50,50,0
Morgan,102,81,50,50,0
Morgan,102,82,30,30,0
Morgan,102,83,50,50,0
Morgan,102,84,50,50,0
Morgan,102,85,50,50,0
Morgan,102,86,50,50,0
Morgan,102,87,48,48,0
Morgan,102,88,50,50,0
Morgan,102,89,50,50,0
Morgan,102,9,50,50,0
Morgan,102,90,50,50,0
Morgan,102,91,42,42,0
Morgan,102,92,50,50,0
Morgan,102,93,50,50,0
Morgan,102,94,50,50,0
Morgan,102,95,47,47,0
Morgan,102,96,50,50,0
Morgan,102,97,50,50,0
Morgan,102,98,38,38,0
Morgan,102,99,50,50,0
Otero,1,VBM-0001,25,25,0
Otero,1,VBM-0002,25,25,0
Otero,1,VBM-0003,25,25,0
Otero,1,VBM-0004,25,25,0
Otero,1,VBM-0005,25,25,0
Otero,1,VBM-0006,25,25,0
Otero,1,VBM-0007,25,25,0
Otero,1,VBM-0008,25,25,0
Otero,1,VBM-0009,24,24,0
Otero,1,VBM-0010,25,25,0
Otero,1,VBM-0011,25,25,0
Otero,1,VBM-0013,25,25,0
Otero,1,VBM-0014,25,25,0
Otero,1,VBM-0015,25,25,0
Otero,1,VBM-0016,25,25,0
Otero,1,VBM-0017,25,25,0
Otero,1,VBM-0018,25,25,0
Otero,1,VBM-0019,25,25,0
Otero,1,VBM-0020,25,25,0
Otero,1,VBM-0021,25,25,0
Otero,1,VBM-0022,25,25,0
Otero,1,VBM-0023,25,25,0
Otero,1,VBM-0024,25,25,0
Otero,1,VBM-0025,25,25,0
Otero,1,VBM-0026,25,25,0
Otero,1,VBM-0027,25,25,0
Otero,1,VBM-0028,25,25,0
Otero,1,VBM-0029,25,25,0
Otero,1,VBM-0030,25,25,0
Otero,1,VBM-0031,25,25,0
Otero,1,VBM-0032,25,25,0
Otero,1,VBM-0033,25,25,0
Otero,1,VBM-0034,25,25,0
Otero,1,VBM-0035,25,25,0
Otero,1,VBM-0036,25,25,0
Otero,1,VBM-0037,25,25,0
Otero,1,VBM-0038,25,25,0
Otero,1,VBM-0039,25,25,0
Otero,1,VBM-0040,25,25,0
Otero,1,VBM-0041,25,25,0
Otero,1,VBM-0042,25,25,0
Otero,1,VBM-0043,25,25,0
Otero,1,VBM-0044,26,26,0
Otero,1,VBM-0045,25,25,0
Otero,1,VBM-0046,25,25,0
Otero,1,VBM-0047,25,25,0
Otero,1,VBM-0048,25,25,0
Otero,1,VBM-0049,25,25,0
Otero,1,VBM-0050,25,25,0
Otero,1,VBM-0051,25,25,0
Otero,1,VBM-0052,25,25,0
Otero,1,VBM-0053,25,25,0
Otero,1,VBM-0054,25,25,0
Otero,1,VBM-0055,25,25,0
Otero,1,VBM-0056,25,25,0
Otero,1,VBM-0057,25,25,0
Otero,1,VBM-0058,25,25,0
Otero,1,VBM-0059,25,25,0
Otero,1,VBM-0060,25,25,0
Otero,1,VBM-0061,25,25,0
Otero,1,VBM-0062,25,25,0
Otero,1,VBM-0063,25,25,0
Otero,1,VBM-0064,25,25,0
Otero,1,VBM-0065,25,25,0
Otero,1,VBM-0067,25,25,0
Otero,1,VBM-0068,25,25,0
Otero,1,VBM-0069,25,25,0
Otero,1,VBM-0070,25,25,0
Otero,1,VBM-0071,25,25,0
Otero,1,VBM-0072,25,25,0
Otero,1,VBM-0073,25,25,0
Otero,1,VBM-0074,25,25,0
Otero,1,VBM-0075,25,25,0
Otero,1,VBM-0076,25,25,0
Otero,1,VBM-0077,25,25,0
Otero,1,VBM-0078,25,25,0
Otero,1,VBM-0079,25,25,0
Otero,1,VBM-0080,25,25,0
Otero,1,VBM-0081,25,25,0
Otero,1,VBM-0082,25,25,0
Otero,1,VBM-0083,25,25,0
Otero,1,VBM-0084,25,25,0
Otero,1,VBM-0085,25,25,0
Otero,1,VBM-0086,25,25,0
Otero,1,VBM-0087,25,25,0
Otero,1,VBM-0088,25,25,0
Otero,1,VBM-0089,25,25,0
Otero,1,VBM-0090,31,31,0
Otero,1,VBM-0091,25,25,0
Otero,1,VBM-0092,25,25,0
Otero,1,VBM-0093,25,25,0
Otero,1,VBM-0094,25,25,0
Otero,1,VBM-0095,25,25,0
Otero,1,VBM-0096,25,25,0
Otero,1,VBM-0097,25,25,0
Otero,1,VBM-0098,25,25,0
Otero,1,VBM-0100,25,25,0
Otero,1,VBM-0101,25,25,0
Otero,1,VBM-0102,25,25,0
Otero,1,VBM-0103,25,25,0
Otero,1,VBM-0104,25,25,0
Otero,1,VBM-0106,25,25,0
Otero,1,VBM-0107,25,25,0
Otero,1,VBM-0108,25,25,0
Otero,1,VBM-0109,25,25,0
Otero,1,VBM-0110,25,25,0
Otero,1,VBM-0111,25,25,0
Otero,1,VBM-0112,25,25,0
Otero,1,VBM-0113,25,25,0
Otero,1,VBM-0114,25,25,0
Otero,1,VBM-0115,25,25,0
Otero,1,VBM-0116,25,25,0
Otero,1,VBM-0117,25,25,0
Otero,1,VBM-0118,25,25,0
Otero,1,VBM-0119,25,25,0
Otero,1,VBM-0120,25,25,0
Otero,1,VBM-0121,25,25,0
Otero,1,VBM-0122,25,25,0
Otero,1,VBM-0123,25,25,0
Otero,1,VBM-0124,25,25,0
Otero,1,VBM-0125,25,25,0
Otero,1,VBM-0126,25,25,0
Otero,1,VBM-0127,25,25,0
Otero,1,VBM-0128,25,25,0
Otero,1,VBM-0129,25,25,0
Otero,1,VBM-0130,25,25,0
Otero,1,VBM-0131,25,25,0
Otero,1,VBM-0132,25,25,0
Otero,1,VBM-0133,25,25,0
Otero,1,VBM-0134,25,25,0
Otero,1,VBM-0135,25,25,0
Otero,1,VBM-0136,25,25,0
Otero,1,VBM-0137,25,25,0
Otero,1,VBM-0138,25,25,0
Otero,1,VBM-0139,25,25,0
Otero,1,VBM-0140,25,25,0
Otero,1,VBM-0141,25,25,0
Otero,1,VBM-0142,25,25,0
Otero,1,VBM-0143,25,25,0
Otero,1,VBM-0144,25,25,0
Otero,1,VBM-0145,25,25,0
Otero,1,VBM-0146,25,25,0
Otero,1,VBM-0147,25,25,0
Otero,1,VBM-0148,25,25,0
Otero,1,VBM-0149,25,25,0
Otero,1,VBM-0150,25,25,0
Otero,1,VBM-0151,25,25,0
Otero,1,VBM-0152,25,25,0
Otero,1,VBM-0153,29,29,0
Otero,1,VBM-0154,25,25,0
Otero,1,VBM-0155,25,25,0
Otero,1,VBM-0156,25,25,0
Otero,1,VBM-0157,25,25,0
Otero,1,VBM-0158,27,27,0
Otero,1,VBM-0159,25,25,0
Otero,1,VBM-0160,25,25,0
Otero,1,VBM-0161,25,25,0
Otero,1,VBM-0162,25,25,0
Otero,1,VBM-0163,25,25,0
Otero,1,VBM-0164,25,25,0
Otero,1,VBM-0165,25,25,0
Otero,1,VBM-0166,19,19,0
Otero,1,VBM-0167,14,14,0
Otero,1,VBM-0168,25,25,0
Otero,1,VBM-0169,7,7,0
Otero,1,VBM-0170,7,7,0
Otero,1,VBM-0171,25,25,0
Ouray,102,1,25,25,0
Ouray,102,10,25,25,0
Ouray,102,11,25,25,0
Ouray,102,12,25,25,0
Ouray,102,13,25,25,0
Ouray,102,14,25,25,0
Ouray,102,15,25,25,0
Ouray,102,16,25,25,0
Ouray,102,17,25,25,0
Ouray,102,18,25,25,0
Ouray,102,19,25,25,0
Ouray,102,2,25,25,0
Ouray,102,20,25,25,0
Ouray,102,21,25,25,0
Ouray,102,22,25,25,0
Ouray,102,23,25,25,0
Ouray,102,24,25,25,0
Ouray,102,25,25,25,0
Ouray,102,26,25,25,0
Ouray,102,27,25,25,0
Ouray,102,28,25,25,0
Ouray,102,29,25,25,0
Ouray,102,3,25,25,0
Ouray,102,30,25,25,0
Ouray,102,31,25,25,0
Ouray,102,32,25,25,0
Ouray,102,33,25,25,0
Ouray,102,34,25,25,0
Ouray,102,35,25,25,0
Ouray,102,36,25,25,0
Ouray,102,37,25,25,0
Ouray,102,38,25,25,0
Ouray,102,39,25,25,0
Ouray,102,4,25,25,0
Ouray,102,40,25,25,0
Ouray,102,41,25,25,0
Ouray,102,42,25,25,0
Ouray,102,43,25,25,0
Ouray,102,44,25,25,0
Ouray,102,45,25,25,0
Ouray,102,46,25,25,0
Ouray,102,47,25,25,0
Ouray,102,48,25,25,0
Ouray,102,49,25,25,0
Ouray,102,5,25,25,0
Ouray,102,50,25,25,0
Ouray,102,51,25,25,0
Ouray,102,52,25,25,0
Ouray,102,53,25,25,0
Ouray,102,54,25,25,0
Ouray,102,55,25,25,0
Ouray,102,56,25,25,0
Ouray,102,57,25,25,0
Ouray,102,58,25,25,0
Ouray,102,59,25,25,0
Ouray,102,6,25,25,0
Ouray,102,60,25,25,0
Ouray,102,61,25,25,0
Ouray,102,62,25,25,0
Ouray,102,63,25,25,0
Ouray,102,64,25,25,0
Ouray,102,65,25,25,0
Ouray,102,66,25,25,0
Ouray,102,67,25,25,0
Ouray,102,68,25,25,0
Ouray,102,69,25,25,0
Ouray,102,7,25,25,0
Ouray,102,70,25,25,0
Ouray,102,71,25,25,0
Ouray,102,72,25,25,0
Ouray,102,73,25,25,0
Ouray,102,74,25,25,0
Ouray,102,75,25,25,0
Ouray,102,76,25,25,0
Ouray,102,77,25,25,0
Ouray,102,78,25,25,0
Ouray,102,79,25,25,0
Ouray,102,8,25,25,0
Ouray,102,80,25,25,0
Ouray,102,81,25,25,0
Ouray,102,82,5,5,0
Ouray,102,9,25,25,0
Park,102,1,25,25,0
Park,102,10,25,25,0
Park,102,100,25,25,0
Park,102,101,25,25,0
Park,102,102,25,25,0
Park,102,103,25,25,0
Park,102,104,25,25,0
Park,102,105,27,27,0
Park,102,106,25,25,0
Park,102,107,24,24,0
Park,102,108,25,25,0
Park,102,109,25,25,0
Park,102,11,25,25,0
Park,102,110,25,25,0
Park,102,111,25,25,0
Park,102,112,25,25,0
Park,102,113,25,25,0
Park,102,114,25,25,0
Park,102,115,25,25,0
Park,102,116,25,25,0
Park,102,117,25,25,0
Park,102,118,25,25,0
Park,102,119,25,25,0
Park,102,12,25,25,0
Park,102,120,25,25,0
Park,102,121,25,25,0
Park,102,122,25,25,0
Park,102,123,16,16,0
Park,102,124,25,25,0
Park,102,125,25,25,0
Park,102,126,25,25,0
Park,102,127,25,25,0
Park,102,128,25,25,0
Park,102,129,25,25,0
Park,102,13,25,25,0
Park,102,130,25,25,0
Park,102,131,25,25,0
Park,102,132,25,25,0
Park,102,133,25,25,0
Park,102,134,25,25,0
Park,102,135,25,25,0
Park,102,136,25,25,0
Park,102,137,25,25,0
Park,102,138,25,25,0
Park,102,139,25,25,0
Park,102,14,25,25,0
Park,102,140,25,25,0
Park,102,141,25,25,0
Park,102,142,25,25,0
Park,102,143,23,23,0
Park,102,144,25,25,0
Park,102,145,25,25,0
Park,102,146,25,25,0
Park,102,147,25,25,0
Park,102,148,25,25,0
Park,102,149,25,25,0
Park,102,15,25,25,0
Park,102,150,25,25,0
Park,102,151,25,25,0
Park,102,152,8,8,0
Park,102,153,25,25,0
Park,102,154,24,24,0
Park,102,155,25,25,0
Park,102,156,25,25,0
Park,102,157,25,25,0
Park,102,158,25,25,0
Park,102,159,25,25,0
Park,102,16,25,25,0
Park,102,160,25,25,0
Park,102,161,25,25,0
Park,102,162,25,25,0
Park,102,163,25,25,0
Park,102,164,25,25,0
Park,102,165,25,25,0
Park,102,166,25,25,0
Park,102,167,25,25,0
Park,102,168,25,25,0
Park,102,169,25,25,0
Park,102,17,27,27,0
Park,102,170,25,25,0
Park,102,171,25,25,0
Park,102,172,25,25,0
Park,102,173,25,25,0
Park,102,174,25,25,0
Park,102,175,25,25,0
Park,102,176,25,25,0
Park,102,177,25,25,0
Park,102,178,25,25,0
Park,102,179,25,25,0
Park,102,18,25,25,0
Park,102,180,25,25,0
Park,102,181,25,25,0
Park,102,182,25,25,0
Park,102,183,25,25,0
Park,102,184,25,25,0
Park,102,185,25,25,0
Park,102,186,24,24,0
Park,102,187,25,25,0
Park,102,188,25,25,0
Park,102,189,25,25,0
Park,102,19,25,25,0
Park,102,190,25,25,0
Park,102,191,25,25,0
Park,102,192,25,25,0
Park,102,193,25,25,0
Park,102,194,25,25,0
Park,102,195,25,25,0
Park,102,196,25,25,0
Park,102,197,25,25,0
Park,102,198,25,25,0
Park,102,199,25,25,0
Park,102,2,25,25,0
Park,102,20,25,25,0
Park,102,200,25,25,0
Park,102,201,25,25,0
Park,102,202,25,25,0
Park,102,203,25,25,0
Park,102,204,25,25,0
Park,102,205,25,25,0
Park,102,206,25,25,0
Park,102,207,25,25,0
Park,102,208,25,25,0
Park,102,209,25,25,0
Park,102,21,25,25,0
Park,102,210,25,25,0
Park,102,211,25,25,0
Park,102,212,25,25,0
Park,102,213,25,25,0
Park,102,214,25,25,0
Park,102,215,25,25,0
Park,102,216,25,25,0
Park,102,217,25,25,0
Park,102,218,25,25,0
Park,102,219,25,25,0
Park,102,22,25,25,0
Park,102,220,25,25,0
Park,102,221,25,25,0
Park,102,222,25,25,0
Park,102,223,25,25,0
Park,102,224,25,25,0
Park,102,225,25,25,0
Park,102,226,25,25,0
Park,102,227,25,25,0
Park,102,228,25,25,0
Park,102,229,25,25,0
Park,102,23,25,25,0
Park,102,230,25,25,0
Park,102,231,25,25,0
Park,102,232,25,25,0
Park,102,233,25,25,0
Park,102,234,25,25,0
Park,102,235,25,25,0
Park,102,236,25,25,0
Park,102,237,19,19,0
Park,102,238,18,18,0
Park,102,239,24,24,0
Park,102,24,25,25,0
Park,102,240,25,25,0
Park,102,241,25,25,0
Park,102,242,4,4,0
Park,102,25,25,25,0
Park,102,26,25,25,0
Park,102,27,25,25,0
Park,102,28,25,25,0
Park,102,29,25,25,0
Park,102,3,25,25,0
Park,102,30,25,25,0
Park,102,31,25,25,0
Park,102,32,25,25,0
Park,102,33,25,25,0
Park,102,34,25,25,0
Park,102,35,25,25,0
Park,102,36,25,25,0
Park,102,37,25,25,0
Park,102,38,25,25,0
Park,102,39,25,25,0
Park,102,4,25,25,0
Park,102,40,25,25,0
Park,102,41,25,25,0
Park,102,42,25,25,0
Park,102,43,25,25,0
Park,102,44,25,25,0
Park,102,45,25,25,0
Park,102,46,25,25,0
Park,102,47,25,25,0
Park,102,48,25,25,0
Park,102,49,25,25,0
Park,102,5,25,25,0
Park,102,50,25,25,0
Park,102,51,25,25,0
Park,102,52,25,25,0
Park,102,53,25,25,0
Park,102,54,25,25,0
Park,102,55,25,25,0
Park,102,56,25,25,0
Park,102,57,25,25,0
Park,102,58,25,25,0
Park,102,59,25,25,0
Park,102,6,25,25,0
Park,102,60,25,25,0
Park,102,61,25,25,0
Park,102,62,25,25,0
Park,102,63,25,25,0
Park,102,64,25,25,0
Park,102,65,25,25,0
Park,102,66,25,25,0
Park,102,67,25,25,0
Park,102,68,25,25,0
Park,102,69,25,25,0
Park,102,7,25,25,0
Park,102,70,25,25,0
Park,102,71,25,25,0
Park,102,72,25,25,0
Park,102,73,25,25,0
Park,102,74,25,25,0
Park,102,75,25,25,0
Park,102,76,25,25,0
Park,102,77,25,25,0
Park,102,78,25,25,0
Park,102,79,25,25,0
Park,102,8,25,25,0
Park,102,80,25,25,0
Park,102,81,10,10,0
Park,102,82,19,19,0
Park,102,83,25,25,0
Park,102,84,25,25,0
Park,102,85,25,25,0
Park,102,86,25,25,0
Park,102,87,25,25,0
Park,102,88,25,25,0
Park,102,89,25,25,0
Park,102,9,25,25,0
Park,102,90,25,25,0
Park,102,91,25,25,0
Park,102,92,25,25,0
Park,102,93,25,25,0
Park,102,94,11,11,0
Park,102,95,25,25,0
Park,102,96,25,25,0
Park,102,97,25,25,0
Park,102,98,25,25,0
Park,102,99,25,25,0
Phillips,102,1,25,25,0
Phillips,102,10,25,25,0
Phillips,102,11,25,25,0
Phillips,102,12,25,25,0
Phillips,102,13,25,25,0
Phillips,102,14,25,25,0
Phillips,102,15,25,25,0
Phillips,102,16,25,25,0
Phillips,102,17,25,25,0
Phillips,102,18,25,25,0
Phillips,102,19,25,25,0
Phillips,102,2,25,25,0
Phillips,102,20,25,25,0
Phillips,102,21,25,25,0
Phillips,102,22,25,25,0
Phillips,102,23,25,25,0
Phillips,102,24,25,25,0
Phillips,102,25,25,25,0
Phillips,102,26,25,25,0
Phillips,102,27,25,25,0
Phillips,102,28,25,25,0
Phillips,102,29,25,25,0
Phillips,102,3,25,25,0
Phillips,102,30,25,25,0
Phillips,102,31,25,25,0
Phillips,102,32,25,25,0
Phillips,102,33,25,25,0
Phillips,102,34,25,25,0
Phillips,102,35,25,25,0
Phillips,102,36,25,25,0
Phillips,102,37,25,25,0
Phillips,102,38,25,25,0
Phillips,102,39,25,25,0
Phillips,102,4,25,25,0
Phillips,102,40,25,25,0
Phillips,102,41,25,25,0
Phillips,102,42,25,25,0
Phillips,102,43,25,25,0
Phillips,102,44,25,25,0
Phillips,102,45,25,25,0
Phillips,102,46,25,25,0
Phillips,102,47,25,25,0
Phillips,102,48,25,25,0
Phillips,102,49,25,25,0
Phillips,102,5,25,25,0
Phillips,102,50,25,25,0
Phillips,102,51,25,25,0
Phillips,102,52,12,12,0
Phillips,102,53,23,23,0
Phillips,102,6,25,25,0
Phillips,102,7,25,25,0
Phillips,102,8,25,25,0
Phillips,102,9,25,25,0
Pitkin,201,1,2,2,0
Pitkin,201,10,25,25,0
Pitkin,201,100,25,25,0
Pitkin,201,101,25,25,0
Pitkin,201,102,10,10,0
Pitkin,201,103,25,25,0
Pitkin,201,104,4,4,0
Pitkin,201,105,8,8,0
Pitkin,201,106,9,9,0
Pitkin,201,107,25,25,0
Pitkin,201,108,11,11,0
Pitkin,201,109,25,25,0
Pitkin,201,11,25,25,0
Pitkin,201,110,25,25,0
Pitkin,201,111,25,25,0
Pitkin,201,112,25,25,0
Pitkin,201,113,25,25,0
Pitkin,201,114,25,25,0
Pitkin,201,115,25,25,0
Pitkin,201,116,25,25,0
Pitkin,201,117,25,25,0
Pitkin,201,118,25,25,0
Pitkin,201,119,25,25,0
Pitkin,201,12,25,25,0
Pitkin,201,120,5,5,0
Pitkin,201,121,25,25,0
Pitkin,201,122,25,25,0
Pitkin,201,123,25,25,0
Pitkin,201,124,25,25,0
Pitkin,201,125,25,25,0
Pitkin,201,126,25,25,0
Pitkin,201,127,25,25,0
Pitkin,201,128,25,25,0
Pitkin,201,129,25,25,0
Pitkin,201,13,25,25,0
Pitkin,201,130,25,25,0
Pitkin,201,131,25,25,0
Pitkin,201,132,25,25,0
Pitkin,201,133,25,25,0
Pitkin,201,134,25,25,0
Pitkin,201,135,7,7,0
Pitkin,201,136,25,25,0
Pitkin,201,137,25,25,0
Pitkin,201,138,25,25,0
Pitkin,201,139,25,25,0
Pitkin,201,14,25,25,0
Pitkin,201,140,24,24,0
Pitkin,201,141,26,26,0
Pitkin,201,142,25,25,0
Pitkin,201,143,25,25,0
Pitkin,201,144,25,25,0
Pitkin,201,145,25,25,0
Pitkin,201,146,16,16,0
Pitkin,201,147,24,24,0
Pitkin,201,148,25,25,0
Pitkin,201,149,25,25,0
Pitkin,201,15,25,25,0
Pitkin,201,150,25,25,0
Pitkin,201,151,25,25,0
Pitkin,201,152,12,12,0
Pitkin,201,153,3,3,0
Pitkin,201,154,25,25,0
Pitkin,201,155,25,25,0
Pitkin,201,156,3,3,0
Pitkin,201,157,25,25,0
Pitkin,201,158,25,25,0
Pitkin,201,159,25,25,0
Pitkin,201,16,25,25,0
Pitkin,201,160,25,25,0
Pitkin,201,161,25,25,0
Pitkin,201,162,25,25,0
Pitkin,201,163,25,25,0
Pitkin,201,164,25,25,0
Pitkin,201,165,25,25,0
Pitkin,201,166,25,25,0
Pitkin,201,167,25,25,0
Pitkin,201,168,25,25,0
Pitkin,201,169,25,25,0
Pitkin,201,17,25,25,0
Pitkin,201,170,3,3,0
Pitkin,201,171,25,25,0
Pitkin,201,172,7,7,0
Pitkin,201,173,1,1,0
Pitkin,201,174,25,25,0
Pitkin,201,175,11,11,0
Pitkin,201,176,25,25,0
Pitkin,201,177,25,25,0
Pitkin,201,178,25,25,0
Pitkin,201,179,25,25,0
Pitkin,201,18,25,25,0
Pitkin,201,180,25,25,0
Pitkin,201,181,23,23,0
Pitkin,201,182,25,25,0
Pitkin,201,183,15,15,0
Pitkin,201,184,25,25,0
Pitkin,201,185,25,25,0
Pitkin,201,186,25,25,0
Pitkin,201,187,25,25,0
Pitkin,201,188,25,25,0
Pitkin,201,189,13,13,0
Pitkin,201,19,25,25,0
Pitkin,201,190,25,25,0
Pitkin,201,191,1,1,0
Pitkin,201,192,8,8,0
Pitkin,201,193,25,25,0
Pitkin,201,194,25,25,0
Pitkin,201,195,25,25,0
Pitkin,201,196,25,25,0
Pitkin,201,197,25,25,0
Pitkin,201,198,25,25,0
Pitkin,201,199,25,25,0
Pitkin,201,2,25,25,0
Pitkin,201,20,25,25,0
Pitkin,201,200,8,8,0
Pitkin,201,201,25,25,0
Pitkin,201,202,25,25,0
Pitkin,201,203,25,25,0
Pitkin,201,204,25,25,0
Pitkin,201,205,25,25,0
Pitkin,201,206,25,25,0
Pitkin,201,207,25,25,0
Pitkin,201,208,25,25,0
Pitkin,201,209,25,25,0
Pitkin,201,21,25,25,0
Pitkin,201,210,4,4,0
Pitkin,201,211,25,25,0
Pitkin,201,212,18,18,0
Pitkin,201,22,25,25,0
Pitkin,201,23,25,25,0
Pitkin,201,24,25,25,0
Pitkin,201,25,13,13,0
Pitkin,201,26,25,25,0
Pitkin,201,27,15,15,0
Pitkin,201,28,3,3,0
Pitkin,201,29,25,25,0
Pitkin,201,3,25,25,0
Pitkin,201,30,25,25,0
Pitkin,201,31,25,25,0
Pitkin,201,32,25,25,0
Pitkin,201,33,25,25,0
Pitkin,201,34,25,25,0
Pitkin,201,35,25,25,0
Pitkin,201,36,25,25,0
Pitkin,201,37,25,25,0
Pitkin,201,38,25,25,0
Pitkin,201,39,25,25,0
Pitkin,201,4,25,25,0
Pitkin,201,40,22,22,0
Pitkin,201,41,25,25,0
Pitkin,201,42,25,25,0
Pitkin,201,43,25,25,0
Pitkin,201,44,25,25,0
Pitkin,201,45,25,25,0
Pitkin,201,46,25,25,0
Pitkin,201,47,25,25,0
Pitkin,201,48,25,25,0
Pitkin,201,49,11,11,0
Pitkin,201,5,25,25,0
Pitkin,201,50,25,25,0
Pitkin,201,51,25,25,0
Pitkin,201,52,25,25,0
Pitkin,201,53,25,25,0
Pitkin,201,54,17,17,0
Pitkin,201,55,25,25,0
Pitkin,201,56,25,25,0
Pitkin,201,57,25,25,0
Pitkin,201,58,25,25,0
Pitkin,201,59,25,25,0
Pitkin,201,6,25,25,0
Pitkin,201,60,25,25,0
Pitkin,201,61,25,25,0
Pitkin,201,62,25,25,0
Pitkin,201,63,1,1,0
Pitkin,201,64,25,25,0
Pitkin,201,65,25,25,0
Pitkin,201,66,25,25,0
Pitkin,201,67,25,25,0
Pitkin,201,68,25,25,0
Pitkin,201,69,25,25,0
Pitkin,201,7,25,25,0
Pitkin,201,70,25,25,0
Pitkin,201,71,25,25,0
Pitkin,201,72,16,16,0
Pitkin,201,73,25,25,0
Pitkin,201,74,25,25,0
Pitkin,201,75,25,25,0
Pitkin,201,76,25,25,0
Pitkin,201,77,25,25,0
Pitkin,201,78,25,25,0
Pitkin,201,79,16,16,0
Pitkin,201,8,25,25,0
Pitkin,201,80,25,25,0
Pitkin,201,81,6,6,0
Pitkin,201,82,25,25,0
Pitkin,201,83,25,25,0
Pitkin,201,84,25,25,0
Pitkin,201,85,25,25,0
Pitkin,201,86,22,22,0
Pitkin,201,87,25,25,0
Pitkin,201,88,25,25,0
Pitkin,201,89,23,23,0
Pitkin,201,9,25,25,0
Pitkin,201,90,25,25,0
Pitkin,201,91,25,25,0
Pitkin,201,92,25,25,0
Pitkin,201,93,19,19,0
Pitkin,201,94,25,25,0
Pitkin,201,95,25,25,0
Pitkin,201,96,25,25,0
Pitkin,201,97,25,25,0
Pitkin,201,98,25,25,0
Pitkin,201,99,25,25,0
Pitkin,402,1,1,1,0
Pitkin,402,2,25,25,0
Pitkin,402,3,25,25,0
Pitkin,402,4,15,15,0
Pitkin,402,5,25,25,0
Pitkin,402,6,25,25,0
Pitkin,402,7,25,25,0
Pitkin,402,8,25,25,0
Pitkin,402,9,25,25,0
Prowers,102,1,25,25,0
Prowers,102,10,25,25,0
Prowers,102,11,25,25,0
Prowers,102,12,25,25,0
Prowers,102,13,25,25,0
Prowers,102,14,25,25,0
Prowers,102,15,25,25,0
Prowers,102,16,25,25,0
Prowers,102,17,25,25,0
Prowers,102,18,25,25,0
Prowers,102,19,25,25,0
Prowers,102,2,25,25,0
Prowers,102,20,25,25,0
Prowers,102,21,25,25,0
Prowers,102,22,25,25,0
Prowers,102,23,25,25,0
Prowers,102,24,25,25,0
Prowers,102,25,25,25,0
Prowers,102,26,25,25,0
Prowers,102,27,25,25,0
Prowers,102,28,25,25,0
Prowers,102,29,25,25,0
Prowers,102,3,25,25,0
Prowers,102,30,25,25,0
Prowers,102,31,25,25,0
Prowers,102,32,25,25,0
Prowers,102,33,25,25,0
Prowers,102,34,25,25,0
Prowers,102,35,25,25,0
Prowers,102,36,25,25,0
Prowers,102,37,25,25,0
Prowers,102,38,25,25,0
Prowers,102,39,25,25,0
Prowers,102,4,25,25,0
Prowers,102,40,25,25,0
Prowers,102,41,25,25,0
Prowers,102,42,25,25,0
Prowers,102,43,25,25,0
Prowers,102,44,25,25,0
Prowers,102,45,25,25,0
Prowers,102,46,25,25,0
Prowers,102,47,25,25,0
Prowers,102,48,25,25,0
Prowers,102,49,25,25,0
Prowers,102,5,25,25,0
Prowers,102,50,25,25,0
Prowers,102,51,25,25,0
Prowers,102,52,25,25,0
Prowers,102,53,25,25,0
Prowers,102,54,25,25,0
Prowers,102,55,25,25,0
Prowers,102,56,25,25,0
Prowers,102,57,25,25,0
Prowers,102,58,25,25,0
Prowers,102,59,25,25,0
Prowers,102,6,25,25,0
Prowers,102,60,25,25,0
Prowers,102,61,25,25,0
Prowers,102,62,25,25,0
Prowers,102,63,25,25,0
Prowers,102,64,25,25,0
Prowers,102,65,25,25,0
Prowers,102,66,25,25,0
Prowers,102,67,25,25,0
Prowers,102,68,25,25,0
Prowers,102,69,25,25,0
Prowers,102,7,25,25,0
Prowers,102,70,25,25,0
Prowers,102,71,25,25,0
Prowers,102,72,25,25,0
Prowers,102,73,25,25,0
Prowers,102,74,25,25,0
Prowers,102,75,25,25,0
Prowers,102,76,25,25,0
Prowers,102,77,25,25,0
Prowers,102,78,25,25,0
Prowers,102,79,25,25,0
Prowers,102,8,25,25,0
Prowers,102,80,25,25,0
Prowers,102,81,25,25,0
Prowers,102,82,25,25,0
Prowers,102,83,25,25,0
Prowers,102,84,25,25,0
Prowers,102,85,25,25,0
Prowers,102,86,25,25,0
Prowers,102,87,25,25,0
Prowers,102,88,25,25,0
Prowers,102,89,19,19,0
Prowers,102,9,25,25,0
Prowers,102,90,19,19,0
Prowers,102,91,7,7,0
Prowers,102,92,17,17,0
Prowers,102,93,8,8,0
Prowers,102,94,14,14,0
Prowers,102,95,12,12,0
Prowers,102,96,2,2,0
Pueblo,102,1,50,50,0
Pueblo,102,10,50,50,0
Pueblo,102,100,49,49,0
Pueblo,102,101,50,50,0
Pueblo,102,102,50,50,0
Pueblo,102,103,77,77,0
Pueblo,102,104,23,23,0
Pueblo,102,105,50,50,0
Pueblo,102,106,37,37,0
Pueblo,102,107,45,45,0
Pueblo,102,108,44,44,0
Pueblo,102,109,46,46,0
Pueblo,102,11,14,14,0
Pueblo,102,110,48,48,0
Pueblo,102,111,49,49,0
Pueblo,102,112,6,6,0
Pueblo,102,113,50,50,0
Pueblo,102,114,50,50,0
Pueblo,102,115,50,50,0
Pueblo,102,116,50,50,0
Pueblo,102,117,50,50,0
Pueblo,102,118,50,50,0
Pueblo,102,119,50,50,0
Pueblo,102,12,50,50,0
Pueblo,102,120,50,50,0
Pueblo,102,121,50,50,0
Pueblo,102,122,50,50,0
Pueblo,102,123,50,50,0
Pueblo,102,124,50,50,0
Pueblo,102,125,50,50,0
Pueblo,102,126,11,11,0
Pueblo,102,127,45,45,0
Pueblo,102,128,43,43,0
Pueblo,102,129,46,46,0
Pueblo,102,13,46,46,0
Pueblo,102,130,46,46,0
Pueblo,102,131,49,49,0
Pueblo,102,132,48,48,0
Pueblo,102,133,49,49,0
Pueblo,102,134,14,14,0
Pueblo,102,135,50,50,0
Pueblo,102,136,50,50,0
Pueblo,102,137,50,50,0
Pueblo,102,138,50,50,0
Pueblo,102,139,50,50,0
Pueblo,102,14,50,50,0
Pueblo,102,140,50,50,0
Pueblo,102,141,50,50,0
Pueblo,102,142,50,50,0
Pueblo,102,143,50,50,0
Pueblo,102,144,50,50,0
Pueblo,102,145,50,50,0
Pueblo,102,146,50,50,0
Pueblo,102,147,50,50,0
Pueblo,102,148,6,6,0
Pueblo,102,149,44,44,0
Pueblo,102,15,49,49,0
Pueblo,102,150,50,50,0
Pueblo,102,151,47,47,0
Pueblo,102,152,47,47,0
Pueblo,102,153,45,45,0
Pueblo,102,154,41,41,0
Pueblo,102,155,37,37,0
Pueblo,102,156,50,50,0
Pueblo,102,157,50,50,0
Pueblo,102,158,50,50,0
Pueblo,102,159,50,50,0
Pueblo,102,16,50,50,0
Pueblo,102,160,50,50,0
Pueblo,102,161,50,50,0
Pueblo,102,162,50,50,0
Pueblo,102,163,50,50,0
Pueblo,102,164,50,50,0
Pueblo,102,165,50,50,0
Pueblo,102,166,50,50,0
Pueblo,102,167,50,50,0
Pueblo,102,168,50,50,0
Pueblo,102,169,50,50,0
Pueblo,102,17,48,48,0
Pueblo,102,170,49,49,0
Pueblo,102,171,50,50,0
Pueblo,102,172,49,49,0
Pueblo,102,173,50,50,0
Pueblo,102,174,50,50,0
Pueblo,102,175,50,50,0
Pueblo,102,176,50,50,0
Pueblo,102,177,50,50,0
Pueblo,102,178,50,50,0
Pueblo,102,179,49,49,0
Pueblo,102,18,50,50,0
Pueblo,102,180,50,50,0
Pueblo,102,181,50,50,0
Pueblo,102,182,49,49,0
Pueblo,102,183,50,50,0
Pueblo,102,184,50,50,0
Pueblo,102,185,50,50,0
Pueblo,102,186,50,50,0
Pueblo,102,187,50,50,0
Pueblo,102,188,50,50,0
Pueblo,102,189,50,50,0
Pueblo,102,19,50,50,0
Pueblo,102,190,50,50,0
Pueblo,102,191,50,50,0
Pueblo,102,192,50,50,0
Pueblo,102,193,50,50,0
Pueblo,102,194,50,50,0
Pueblo,102,195,50,50,0
Pueblo,102,196,50,50,0
Pueblo,102,197,43,43,0
Pueblo,102,198,42,42,0
Pueblo,102,199,48,48,0
Pueblo,102,2,49,49,0
Pueblo,102,20,49,49,0
Pueblo,102,200,47,47,0
Pueblo,102,201,48,48,0
Pueblo,102,202,49,49,0
Pueblo,102,203,50,50,0
Pueblo,102,204,47,47,0
Pueblo,102,205,50,50,0
Pueblo,102,206,45,45,0
Pueblo,102,207,47,47,0
Pueblo,102,208,47,47,0
Pueblo,102,209,48,48,0
Pueblo,102,21,50,50,0
Pueblo,102,210,49,49,0
Pueblo,102,211,48,48,0
Pueblo,102,212,47,47,0
Pueblo,102,213,45,45,0
Pueblo,102,214,49,49,0
Pueblo,102,215,50,50,0
Pueblo,102,216,50,50,0
Pueblo,102,217,48,48,0
Pueblo,102,218,45,45,0
Pueblo,102,219,47,47,0
Pueblo,102,22,50,50,0
Pueblo,102,220,47,47,0
Pueblo,102,221,45,45,0
Pueblo,102,222,11,11,0
Pueblo,102,223,50,50,0
Pueblo,102,224,49,49,0
Pueblo,102,225,50,50,0
Pueblo,102,226,50,50,0
Pueblo,102,227,50,50,0
Pueblo,102,228,50,50,0
Pueblo,102,229,50,50,0
Pueblo,102,23,50,50,0
Pueblo,102,230,50,50,0
Pueblo,102,231,50,50,0
Pueblo,102,232,50,50,0
Pueblo,102,233,50,50,0
Pueblo,102,234,38,38,0
Pueblo,102,235,46,46,0
Pueblo,102,236,50,50,0
Pueblo,102,237,48,48,0
Pueblo,102,238,48,48,0
Pueblo,102,239,48,48,0
Pueblo,102,24,48,48,0
Pueblo,102,240,50,50,0
Pueblo,102,241,10,10,0
Pueblo,102,242,50,50,0
Pueblo,102,243,50,50,0
Pueblo,102,244,50,50,0
Pueblo,102,245,50,50,0
Pueblo,102,246,50,50,0
Pueblo,102,247,50,50,0
Pueblo,102,248,49,49,0
Pueblo,102,249,50,50,0
Pueblo,102,25,48,48,0
Pueblo,102,250,50,50,0
Pueblo,102,251,50,50,0
Pueblo,102,252,50,50,0
Pueblo,102,253,50,50,0
Pueblo,102,254,50,50,0
Pueblo,102,255,47,47,0
Pueblo,102,256,49,49,0
Pueblo,102,257,48,48,0
Pueblo,102,258,47,47,0
Pueblo,102,259,8,8,0
Pueblo,102,26,40,40,0
Pueblo,102,260,49,49,0
Pueblo,102,261,13,13,0
Pueblo,102,262,27,27,0
Pueblo,102,263,50,50,0
Pueblo,102,264,50,50,0
Pueblo,102,265,49,49,0
Pueblo,102,266,50,50,0
Pueblo,102,267,50,50,0
Pueblo,102,268,50,50,0
Pueblo,102,269,50,50,0
Pueblo,102,27,50,50,0
Pueblo,102,270,50,50,0
Pueblo,102,271,50,50,0
Pueblo,102,272,50,50,0
Pueblo,102,273,50,50,0
Pueblo,102,274,50,50,0
Pueblo,102,275,50,50,0
Pueblo,102,276,50,50,0
Pueblo,102,277,50,50,0
Pueblo,102,278,50,50,0
Pueblo,102,279,50,50,0
Pueblo,102,28,49,49,0
Pueblo,102,280,50,50,0
Pueblo,102,281,50,50,0
Pueblo,102,282,9,9,0
Pueblo,102,283,44,44,0
Pueblo,102,284,47,47,0
Pueblo,102,285,48,48,0
Pueblo,102,286,48,48,0
Pueblo,102,287,49,49,0
Pueblo,102,288,49,49,0
Pueblo,102,289,46,46,0
Pueblo,102,29,50,50,0
Pueblo,102,290,46,46,0
Pueblo,102,291,45,45,0
Pueblo,102,292,48,48,0
Pueblo,102,293,48,48,0
Pueblo,102,294,25,25,0
Pueblo,102,295,49,49,0
Pueblo,102,296,50,50,0
Pueblo,102,297,49,49,0
Pueblo,102,298,50,50,0
Pueblo,102,299,50,50,0
Pueblo,102,3,44,44,0
Pueblo,102,30,50,50,0
Pueblo,102,300,50,50,0
Pueblo,102,301,50,50,0
Pueblo,102,302,50,50,0
Pueblo,102,303,50,50,0
Pueblo,102,304,50,50,0
Pueblo,102,305,5,5,0
Pueblo,102,306,1,1,0
Pueblo,102,307,9,9,0
Pueblo,102,308,46,46,0
Pueblo,102,309,46,46,0
Pueblo,102,31,50,50,0
Pueblo,102,310,47,47,0
Pueblo,102,311,46,46,0
Pueblo,102,312,48,48,0
Pueblo,102,313,45,45,0
Pueblo,102,314,49,49,0
Pueblo,102,315,46,46,0
Pueblo,102,316,41,41,0
Pueblo,102,317,46,46,0
Pueblo,102,318,19,19,0
Pueblo,102,319,50,50,0
Pueblo,102,32,50,50,0
Pueblo,102,320,50,50,0
Pueblo,102,321,38,38,0
Pueblo,102,322,50,50,0
Pueblo,102,323,49,49,0
Pueblo,102,324,50,50,0
Pueblo,102,325,50,50,0
Pueblo,102,326,50,50,0
Pueblo,102,327,50,50,0
Pueblo,102,328,50,50,0
Pueblo,102,329,50,50,0
Pueblo,102,33,50,50,0
Pueblo,102,330,50,50,0
Pueblo,102,331,50,50,0
Pueblo,102,332,50,50,0
Pueblo,102,333,50,50,0
Pueblo,102,334,50,50,0
Pueblo,102,335,50,50,0
Pueblo,102,336,45,45,0
Pueblo,102,337,46,46,0
Pueblo,102,338,47,47,0
Pueblo,102,339,46,46,0
Pueblo,102,34,50,50,0
Pueblo,102,340,43,43,0
Pueblo,102,341,43,43,0
Pueblo,102,342,44,44,0
Pueblo,102,343,48,48,0
Pueblo,102,344,49,49,0
Pueblo,102,345,50,50,0
Pueblo,102,346,49,49,0
Pueblo,102,347,50,50,0
Pueblo,102,348,50,50,0
Pueblo,102,349,50,50,0
Pueblo,102,35,50,50,0
Pueblo,102,350,50,50,0
Pueblo,102,351,50,50,0
Pueblo,102,352,50,50,0
Pueblo,102,353,50,50,0
Pueblo,102,354,50,50,0
Pueblo,102,355,50,50,0
Pueblo,102,356,50,50,0
Pueblo,102,357,22,22,0
Pueblo,102,358,79,79,0
Pueblo,102,359,4,4,0
Pueblo,102,36,50,50,0
Pueblo,102,360,55,55,0
Pueblo,102,361,2,2,0
Pueblo,102,362,2,2,0
Pueblo,102,363,1,1,0
Pueblo,102,364,13,13,0
Pueblo,102,365,50,50,0
Pueblo,102,366,1,1,0
Pueblo,102,367,1,1,0
Pueblo,102,368,1,1,0
Pueblo,102,369,2,2,0
Pueblo,102,370,2,2,0
Pueblo,102,371,1,1,0
Pueblo,102,372,2,2,0
Pueblo,102,373,6,6,0
Pueblo,102,374,1,1,0
Pueblo,102,375,3,3,0
Pueblo,102,38,50,50,0
Pueblo,102,39,50,50,0
Pueblo,102,4,45,45,0
Pueblo,102,40,50,50,0
Pueblo,102,41,50,50,0
Pueblo,102,42,50,50,0
Pueblo,102,43,49,49,0
Pueblo,102,44,45,45,0
Pueblo,102,45,49,49,0
Pueblo,102,46,49,49,0
Pueblo,102,47,50,50,0
Pueblo,102,48,50,50,0
Pueblo,102,49,47,47,0
Pueblo,102,5,46,46,0
Pueblo,102,50,50,50,0
Pueblo,102,51,7,7,0
Pueblo,102,52,48,48,0
Pueblo,102,53,43,43,0
Pueblo,102,54,46,46,0
Pueblo,102,55,48,48,0
Pueblo,102,56,43,43,0
Pueblo,102,57,44,44,0
Pueblo,102,58,44,44,0
Pueblo,102,59,41,41,0
Pueblo,102,6,49,49,0
Pueblo,102,60,46,46,0
Pueblo,102,61,4,4,0
Pueblo,102,62,50,50,0
Pueblo,102,63,48,48,0
Pueblo,102,64,50,50,0
Pueblo,102,65,50,50,0
Pueblo,102,66,50,50,0
Pueblo,102,67,50,50,0
Pueblo,102,68,50,50,0
Pueblo,102,69,50,50,0
Pueblo,102,7,49,49,0
Pueblo,102,70,50,50,0
Pueblo,102,71,50,50,0
Pueblo,102,72,50,50,0
Pueblo,102,73,50,50,0
Pueblo,102,74,50,50,0
Pueblo,102,75,50,50,0
Pueblo,102,76,50,50,0
Pueblo,102,77,50,50,0
Pueblo,102,78,50,50,0
Pueblo,102,79,50,50,0
Pueblo,102,8,49,49,0
Pueblo,102,80,50,50,0
Pueblo,102,81,50,50,0
Pueblo,102,82,50,50,0
Pueblo,102,83,44,44,0
Pueblo,102,84,43,43,0
Pueblo,102,85,46,46,0
Pueblo,102,86,47,47,0
Pueblo,102,87,50,50,0
Pueblo,102,88,46,46,0
Pueblo,102,89,43,43,0
Pueblo,102,9,47,47,0
Pueblo,102,90,46,46,0
Pueblo,102,91,48,48,0
Pueblo,102,92,45,45,0
Pueblo,102,93,48,48,0
Pueblo,102,94,26,26,0
Pueblo,102,95,3,3,0
Pueblo,102,96,50,50,0
Pueblo,102,97,50,50,0
Pueblo,102,98,50,50,0
Pueblo,102,99,50,50,0
Pueblo,106,1,50,50,0
Pueblo,106,10,50,50,0
Pueblo,106,11,50,50,0
Pueblo,106,12,50,50,0
Pueblo,106,13,19,19,0
Pueblo,106,14,2,2,0
Pueblo,106,2,50,50,0
Pueblo,106,3,50,50,0
Pueblo,106,4,50,50,0
Pueblo,106,5,50,50,0
Pueblo,106,6,17,17,0
Pueblo,106,7,3,3,0
Pueblo,106,8,50,50,0
Pueblo,106,9,50,50,0
Pueblo,109,1,50,50,0
Pueblo,109,10,50,50,0
Pueblo,109,100,48,48,0
Pueblo,109,101,50,50,0
Pueblo,109,102,44,44,0
Pueblo,109,103,50,50,0
Pueblo,109,104,50,50,0
Pueblo,109,105,50,50,0
Pueblo,109,106,50,50,0
Pueblo,109,107,50,50,0
Pueblo,109,108,50,50,0
Pueblo,109,109,50,50,0
Pueblo,109,11,50,50,0
Pueblo,109,110,50,50,0
Pueblo,109,111,50,50,0
Pueblo,109,112,50,50,0
Pueblo,109,113,50,50,0
Pueblo,109,114,50,50,0
Pueblo,109,115,50,50,0
Pueblo,109,116,50,50,0
Pueblo,109,117,15,15,0
Pueblo,109,118,50,50,0
Pueblo,109,119,49,49,0
Pueblo,109,12,49,49,0
Pueblo,109,120,47,47,0
Pueblo,109,121,48,48,0
Pueblo,109,122,46,46,0
Pueblo,109,123,48,48,0
Pueblo,109,124,41,41,0
Pueblo,109,125,49,49,0
Pueblo,109,126,50,50,0
Pueblo,109,127,50,50,0
Pueblo,109,128,50,50,0
Pueblo,109,129,50,50,0
Pueblo,109,13,49,49,0
Pueblo,109,130,50,50,0
Pueblo,109,131,50,50,0
Pueblo,109,132,32,32,0
Pueblo,109,133,48,48,0
Pueblo,109,134,47,47,0
Pueblo,109,135,21,21,0
Pueblo,109,136,43,43,0
Pueblo,109,137,50,50,0
Pueblo,109,138,50,50,0
Pueblo,109,139,50,50,0
Pueblo,109,14,49,49,0
Pueblo,109,140,50,50,0
Pueblo,109,141,50,50,0
Pueblo,109,142,50,50,0
Pueblo,109,143,50,50,0
Pueblo,109,144,50,50,0
Pueblo,109,145,50,50,0
Pueblo,109,146,50,50,0
Pueblo,109,147,50,50,0
Pueblo,109,148,50,50,0
Pueblo,109,149,50,50,0
Pueblo,109,15,50,50,0
Pueblo,109,150,50,50,0
Pueblo,109,151,5,5,0
Pueblo,109,152,3,3,0
Pueblo,109,153,7,7,0
Pueblo,109,154,50,50,0
Pueblo,109,155,46,46,0
Pueblo,109,156,48,48,0
Pueblo,109,157,49,49,0
Pueblo,109,158,47,47,0
Pueblo,109,159,50,50,0
Pueblo,109,16,50,50,0
Pueblo,109,160,45,45,0
Pueblo,109,161,50,50,0
Pueblo,109,162,49,49,0
Pueblo,109,163,34,34,0
Pueblo,109,164,50,50,0
Pueblo,109,165,50,50,0
Pueblo,109,166,50,50,0
Pueblo,109,167,50,50,0
Pueblo,109,168,50,50,0
Pueblo,109,169,50,50,0
Pueblo,109,17,50,50,0
Pueblo,109,170,50,50,0
Pueblo,109,171,50,50,0
Pueblo,109,172,50,50,0
Pueblo,109,173,50,50,0
Pueblo,109,174,50,50,0
Pueblo,109,175,50,50,0
Pueblo,109,176,50,50,0
Pueblo,109,177,50,50,0
Pueblo,109,178,50,50,0
Pueblo,109,179,50,50,0
Pueblo,109,18,50,50,0
Pueblo,109,180,50,50,0
Pueblo,109,181,50,50,0
Pueblo,109,182,50,50,0
Pueblo,109,183,50,50,0
Pueblo,109,184,50,50,0
Pueblo,109,185,50,50,0
Pueblo,109,186,50,50,0
Pueblo,109,187,50,50,0
Pueblo,109,188,50,50,0
Pueblo,109,189,50,50,0
Pueblo,109,19,50,50,0
Pueblo,109,190,50,50,0
Pueblo,109,191,50,50,0
Pueblo,109,192,50,50,0
Pueblo,109,193,50,50,0
Pueblo,109,194,50,50,0
Pueblo,109,195,50,50,0
Pueblo,109,196,50,50,0
Pueblo,109,197,50,50,0
Pueblo,109,198,50,50,0
Pueblo,109,199,50,50,0
Pueblo,109,2,50,50,0
Pueblo,109,20,50,50,0
Pueblo,109,200,49,49,0
Pueblo,109,201,50,50,0
Pueblo,109,202,50,50,0
Pueblo,109,203,50,50,0
Pueblo,109,204,9,9,0
Pueblo,109,205,11,11,0
Pueblo,109,206,15,15,0
Pueblo,109,207,20,20,0
Pueblo,109,208,4,4,0
Pueblo,109,209,6,6,0
Pueblo,109,21,50,50,0
Pueblo,109,210,50,50,0
Pueblo,109,211,9,9,0
Pueblo,109,212,48,48,0
Pueblo,109,213,49,49,0
Pueblo,109,214,48,48,0
Pueblo,109,215,46,46,0
Pueblo,109,216,45,45,0
Pueblo,109,217,46,46,0
Pueblo,109,218,8,8,0
Pueblo,109,219,50,50,0
Pueblo,109,22,50,50,0
Pueblo,109,220,50,50,0
Pueblo,109,221,46,46,0
Pueblo,109,222,46,46,0
Pueblo,109,223,32,32,0
Pueblo,109,224,50,50,0
Pueblo,109,225,50,50,0
Pueblo,109,226,50,50,0
Pueblo,109,227,50,50,0
Pueblo,109,228,50,50,0
Pueblo,109,229,50,50,0
Pueblo,109,23,50,50,0
Pueblo,109,230,50,50,0
Pueblo,109,231,50,50,0
Pueblo,109,232,50,50,0
Pueblo,109,233,50,50,0
Pueblo,109,234,48,48,0
Pueblo,109,235,49,49,0
Pueblo,109,236,45,45,0
Pueblo,109,237,47,47,0
Pueblo,109,238,47,47,0
Pueblo,109,239,48,48,0
Pueblo,109,24,49,49,0
Pueblo,109,240,49,49,0
Pueblo,109,241,17,17,0
Pueblo,109,242,50,50,0
Pueblo,109,243,50,50,0
Pueblo,109,244,50,50,0
Pueblo,109,245,49,49,0
Pueblo,109,246,50,50,0
Pueblo,109,247,50,50,0
Pueblo,109,248,50,50,0
Pueblo,109,249,49,49,0
Pueblo,109,25,50,50,0
Pueblo,109,250,50,50,0
Pueblo,109,251,50,50,0
Pueblo,109,252,50,50,0
Pueblo,109,253,50,50,0
Pueblo,109,254,50,50,0
Pueblo,109,255,50,50,0
Pueblo,109,256,50,50,0
Pueblo,109,257,50,50,0
Pueblo,109,258,45,45,0
Pueblo,109,26,50,50,0
Pueblo,109,27,47,47,0
Pueblo,109,28,50,50,0
Pueblo,109,29,38,38,0
Pueblo,109,3,50,50,0
Pueblo,109,30,36,36,0
Pueblo,109,31,50,50,0
Pueblo,109,32,50,50,0
Pueblo,109,33,50,50,0
Pueblo,109,34,50,50,0
Pueblo,109,35,50,50,0
Pueblo,109,36,50,50,0
Pueblo,109,37,50,50,0
Pueblo,109,38,50,50,0
Pueblo,109,39,50,50,0
Pueblo,109,4,50,50,0
Pueblo,109,40,50,50,0
Pueblo,109,41,50,50,0
Pueblo,109,42,50,50,0
Pueblo,109,43,50,50,0
Pueblo,109,44,50,50,0
Pueblo,109,45,50,50,0
Pueblo,109,46,50,50,0
Pueblo,109,47,50,50,0
Pueblo,109,48,50,50,0
Pueblo,109,49,50,50,0
Pueblo,109,5,50,50,0
Pueblo,109,50,49,49,0
Pueblo,109,51,50,50,0
Pueblo,109,52,50,50,0
Pueblo,109,53,50,50,0
Pueblo,109,54,50,50,0
Pueblo,109,55,50,50,0
Pueblo,109,56,50,50,0
Pueblo,109,57,50,50,0
Pueblo,109,58,50,50,0
Pueblo,109,59,26,26,0
Pueblo,109,6,48,48,0
Pueblo,109,60,45,45,0
Pueblo,109,61,47,47,0
Pueblo,109,62,47,47,0
Pueblo,109,63,48,48,0
Pueblo,109,64,42,42,0
Pueblo,109,65,46,46,0
Pueblo,109,66,38,38,0
Pueblo,109,67,28,28,0
Pueblo,109,68,47,47,0
Pueblo,109,69,44,44,0
Pueblo,109,7,49,49,0
Pueblo,109,70,32,32,0
Pueblo,109,71,50,50,0
Pueblo,109,72,50,50,0
Pueblo,109,73,50,50,0
Pueblo,109,74,50,50,0
Pueblo,109,75,50,50,0
Pueblo,109,76,50,50,0
Pueblo,109,77,12,12,0
Pueblo,109,78,50,50,0
Pueblo,109,79,48,48,0
Pueblo,109,8,50,50,0
Pueblo,109,80,50,50,0
Pueblo,109,81,50,50,0
Pueblo,109,82,50,50,0
Pueblo,109,83,50,50,0
Pueblo,109,84,49,49,0
Pueblo,109,85,50,50,0
Pueblo,109,86,50,50,0
Pueblo,109,87,50,50,0
Pueblo,109,88,50,50,0
Pueblo,109,89,50,50,0
Pueblo,109,9,50,50,0
Pueblo,109,90,50,50,0
Pueblo,109,91,50,50,0
Pueblo,109,92,50,50,0
Pueblo,109,93,50,50,0
Pueblo,109,94,50,50,0
Pueblo,109,95,50,50,0
Pueblo,109,96,38,38,0
Pueblo,109,97,46,46,0
Pueblo,109,98,46,46,0
Pueblo,109,99,46,46,0
Pueblo,110,1,46,46,0
Pueblo,110,10,50,50,0
Pueblo,110,100,49,49,0
Pueblo,110,101,48,48,0
Pueblo,110,102,50,50,0
Pueblo,110,103,50,50,0
Pueblo,110,104,50,50,0
Pueblo,110,105,50,50,0
Pueblo,110,106,50,50,0
Pueblo,110,107,50,50,0
Pueblo,110,108,50,50,0
Pueblo,110,109,50,50,0
Pueblo,110,11,38,38,0
Pueblo,110,110,50,50,0
Pueblo,110,111,50,50,0
Pueblo,110,112,50,50,0
Pueblo,110,113,50,50,0
Pueblo,110,114,50,50,0
Pueblo,110,115,50,50,0
Pueblo,110,116,50,50,0
Pueblo,110,117,50,50,0
Pueblo,110,118,50,50,0
Pueblo,110,119,50,50,0
Pueblo,110,12,16,16,0
Pueblo,110,120,50,50,0
Pueblo,110,121,50,50,0
Pueblo,110,122,37,37,0
Pueblo,110,123,50,50,0
Pueblo,110,124,47,47,0
Pueblo,110,125,49,49,0
Pueblo,110,126,42,42,0
Pueblo,110,127,46,46,0
Pueblo,110,128,48,48,0
Pueblo,110,129,46,46,0
Pueblo,110,13,47,47,0
Pueblo,110,130,47,47,0
Pueblo,110,131,48,48,0
Pueblo,110,132,43,43,0
Pueblo,110,133,48,48,0
Pueblo,110,134,45,45,0
Pueblo,110,135,48,48,0
Pueblo,110,136,50,50,0
Pueblo,110,137,49,49,0
Pueblo,110,138,47,47,0
Pueblo,110,139,47,47,0
Pueblo,110,14,48,48,0
Pueblo,110,140,22,22,0
Pueblo,110,141,50,50,0
Pueblo,110,142,50,50,0
Pueblo,110,143,49,49,0
Pueblo,110,144,50,50,0
Pueblo,110,145,50,50,0
Pueblo,110,146,50,50,0
Pueblo,110,147,40,40,0
Pueblo,110,148,49,49,0
Pueblo,110,149,49,49,0
Pueblo,110,15,48,48,0
Pueblo,110,150,49,49,0
Pueblo,110,151,2,2,0
Pueblo,110,152,2,2,0
Pueblo,110,153,27,27,0
Pueblo,110,154,50,50,0
Pueblo,110,155,50,50,0
Pueblo,110,156,50,50,0
Pueblo,110,157,50,50,0
Pueblo,110,158,49,49,0
Pueblo,110,159,37,37,0
Pueblo,110,16,48,48,0
Pueblo,110,160,48,48,0
Pueblo,110,161,50,50,0
Pueblo,110,162,50,50,0
Pueblo,110,163,48,48,0
Pueblo,110,164,44,44,0
Pueblo,110,165,45,45,0
Pueblo,110,166,50,50,0
Pueblo,110,167,46,46,0
Pueblo,110,168,49,49,0
Pueblo,110,169,49,49,0
Pueblo,110,17,48,48,0
Pueblo,110,170,44,44,0
Pueblo,110,171,49,49,0
Pueblo,110,172,48,48,0
Pueblo,110,173,49,49,0
Pueblo,110,174,47,47,0
Pueblo,110,175,46,46,0
Pueblo,110,176,41,41,0
Pueblo,110,177,49,49,0
Pueblo,110,178,49,49,0
Pueblo,110,179,48,48,0
Pueblo,110,18,48,48,0
Pueblo,110,180,44,44,0
Pueblo,110,181,44,44,0
Pueblo,110,182,48,48,0
Pueblo,110,183,45,45,0
Pueblo,110,184,50,50,0
Pueblo,110,185,35,35,0
Pueblo,110,186,50,50,0
Pueblo,110,187,50,50,0
Pueblo,110,188,50,50,0
Pueblo,110,189,50,50,0
Pueblo,110,19,48,48,0
Pueblo,110,190,50,50,0
Pueblo,110,191,50,50,0
Pueblo,110,192,49,49,0
Pueblo,110,193,50,50,0
Pueblo,110,194,50,50,0
Pueblo,110,195,50,50,0
Pueblo,110,196,49,49,0
Pueblo,110,197,50,50,0
Pueblo,110,198,50,50,0
Pueblo,110,199,25,25,0
Pueblo,110,2,45,45,0
Pueblo,110,20,48,48,0
Pueblo,110,200,43,43,0
Pueblo,110,201,46,46,0
Pueblo,110,202,48,48,0
Pueblo,110,203,46,46,0
Pueblo,110,204,48,48,0
Pueblo,110,205,47,47,0
Pueblo,110,206,46,46,0
Pueblo,110,207,47,47,0
Pueblo,110,208,43,43,0
Pueblo,110,209,47,47,0
Pueblo,110,21,47,47,0
Pueblo,110,210,44,44,0
Pueblo,110,22,48,48,0
Pueblo,110,23,49,49,0
Pueblo,110,24,48,48,0
Pueblo,110,25,49,49,0
Pueblo,110,26,48,48,0
Pueblo,110,27,48,48,0
Pueblo,110,28,48,48,0
Pueblo,110,29,47,47,0
Pueblo,110,3,45,45,0
Pueblo,110,30,48,48,0
Pueblo,110,31,48,48,0
Pueblo,110,32,48,48,0
Pueblo,110,33,48,48,0
Pueblo,110,34,48,48,0
Pueblo,110,35,47,47,0
Pueblo,110,36,48,48,0
Pueblo,110,37,48,48,0
Pueblo,110,38,48,48,0
Pueblo,110,39,48,48,0
Pueblo,110,4,46,46,0
Pueblo,110,40,47,47,0
Pueblo,110,41,48,48,0
Pueblo,110,42,48,48,0
Pueblo,110,43,47,47,0
Pueblo,110,44,48,48,0
Pueblo,110,45,38,38,0
Pueblo,110,46,45,45,0
Pueblo,110,47,46,46,0
Pueblo,110,48,49,49,0
Pueblo,110,49,42,42,0
Pueblo,110,5,48,48,0
Pueblo,110,50,45,45,0
Pueblo,110,51,50,50,0
Pueblo,110,52,50,50,0
Pueblo,110,53,49,49,0
Pueblo,110,54,50,50,0
Pueblo,110,55,50,50,0
Pueblo,110,56,50,50,0
Pueblo,110,57,50,50,0
Pueblo,110,58,50,50,0
Pueblo,110,59,49,49,0
Pueblo,110,6,45,45,0
Pueblo,110,60,44,44,0
Pueblo,110,61,50,50,0
Pueblo,110,62,15,15,0
Pueblo,110,63,47,47,0
Pueblo,110,64,47,47,0
Pueblo,110,65,49,49,0
Pueblo,110,66,49,49,0
Pueblo,110,67,50,50,0
Pueblo,110,68,48,48,0
Pueblo,110,69,49,49,0
Pueblo,110,7,10,10,0
Pueblo,110,70,49,49,0
Pueblo,110,71,44,44,0
Pueblo,110,72,49,49,0
Pueblo,110,73,50,50,0
Pueblo,110,74,36,36,0
Pueblo,110,75,50,50,0
Pueblo,110,76,50,50,0
Pueblo,110,77,50,50,0
Pueblo,110,78,50,50,0
Pueblo,110,79,50,50,0
Pueblo,110,8,48,48,0
Pueblo,110,80,50,50,0
Pueblo,110,81,50,50,0
Pueblo,110,82,50,50,0
Pueblo,110,83,50,50,0
Pueblo,110,84,50,50,0
Pueblo,110,85,50,50,0
Pueblo,110,86,50,50,0
Pueblo,110,87,50,50,0
Pueblo,110,88,50,50,0
Pueblo,110,89,50,50,0
Pueblo,110,9,49,49,0
Pueblo,110,90,50,50,0
Pueblo,110,91,50,50,0
Pueblo,110,92,50,50,0
Pueblo,110,93,50,50,0
Pueblo,110,94,50,50,0
Pueblo,110,95,48,48,0
Pueblo,110,96,49,49,0
Pueblo,110,97,14,14,0
Pueblo,110,98,48,48,0
Pueblo,110,99,45,45,0
Rio Blanco,102,1,23,23,0
Rio Blanco,102,10,24,24,0
Rio Blanco,102,100,13,13,0
Rio Blanco,102,101,25,25,0
Rio Blanco,102,102,9,9,0
Rio Blanco,102,103,25,25,0
Rio Blanco,102,104,24,24,0
Rio Blanco,102,105,23,23,0
Rio Blanco,102,106,6,6,0
Rio Blanco,102,107,14,14,0
Rio Blanco,102,108,19,19,0
Rio Blanco,102,11,25,25,0
Rio Blanco,102,12,25,25,0
Rio Blanco,102,13,24,24,0
Rio Blanco,102,14,25,25,0
Rio Blanco,102,15,25,25,0
Rio Blanco,102,16,25,25,0
Rio Blanco,102,17,23,23,0
Rio Blanco,102,18,23,23,0
Rio Blanco,102,19,24,24,0
Rio Blanco,102,2,24,24,0
Rio Blanco,102,20,25,25,0
Rio Blanco,102,21,24,24,0
Rio Blanco,102,22,25,25,0
Rio Blanco,102,23,22,22,0
Rio Blanco,102,24,25,25,0
Rio Blanco,102,25,23,23,0
Rio Blanco,102,26,23,23,0
Rio Blanco,102,27,24,24,0
Rio Blanco,102,28,25,25,0
Rio Blanco,102,29,25,25,0
Rio Blanco,102,3,24,24,0
Rio Blanco,102,30,21,21,0
Rio Blanco,102,31,23,23,0
Rio Blanco,102,32,25,25,0
Rio Blanco,102,33,8,8,0
Rio Blanco,102,34,18,18,0
Rio Blanco,102,35,24,24,0
Rio Blanco,102,36,25,25,0
Rio Blanco,102,37,25,25,0
Rio Blanco,102,38,25,25,0
Rio Blanco,102,39,25,25,0
Rio Blanco,102,4,2,2,0
Rio Blanco,102,40,24,24,0
Rio Blanco,102,41,25,25,0
Rio Blanco,102,42,25,25,0
Rio Blanco,102,43,6,6,0
Rio Blanco,102,44,25,25,0
Rio Blanco,102,45,13,13,0
Rio Blanco,102,46,25,25,0
Rio Blanco,102,47,24,24,0
Rio Blanco,102,48,8,8,0
Rio Blanco,102,49,18,18,0
Rio Blanco,102,5,3,3,0
Rio Blanco,102,50,20,20,0
Rio Blanco,102,51,25,25,0
Rio Blanco,102,52,23,23,0
Rio Blanco,102,53,24,24,0
Rio Blanco,102,54,25,25,0
Rio Blanco,102,55,23,23,0
Rio Blanco,102,56,25,25,0
Rio Blanco,102,57,25,25,0
Rio Blanco,102,58,25,25,0
Rio Blanco,102,59,29,29,0
Rio Blanco,102,6,6,6,0
Rio Blanco,102,60,25,25,0
Rio Blanco,102,61,23,23,0
Rio Blanco,102,62,12,12,0
Rio Blanco,102,63,25,25,0
Rio Blanco,102,64,24,24,0
Rio Blanco,102,65,16,16,0
Rio Blanco,102,66,25,25,0
Rio Blanco,102,67,25,25,0
Rio Blanco,102,68,13,13,0
Rio Blanco,102,69,25,25,0
Rio Blanco,102,7,23,23,0
Rio Blanco,102,70,25,25,0
Rio Blanco,102,71,3,3,0
Rio Blanco,102,72,24,24,0
Rio Blanco,102,73,22,22,0
Rio Blanco,102,74,25,25,0
Rio Blanco,102,75,25,25,0
Rio Blanco,102,76,23,23,0
Rio Blanco,102,77,24,24,0
Rio Blanco,102,78,8,8,0
Rio Blanco,102,79,13,13,0
Rio Blanco,102,8,24,24,0
Rio Blanco,102,80,25,25,0
Rio Blanco,102,81,16,16,0
Rio Blanco,102,82,21,21,0
Rio Blanco,102,83,25,25,0
Rio Blanco,102,84,25,25,0
Rio Blanco,102,85,25,25,0
Rio Blanco,102,86,25,25,0
Rio Blanco,102,87,24,24,0
Rio Blanco,102,88,25,25,0
Rio Blanco,102,89,25,25,0
Rio Blanco,102,9,25,25,0
Rio Blanco,102,90,25,25,0
Rio Blanco,102,91,25,25,0
Rio Blanco,102,92,25,25,0
Rio Blanco,102,93,25,25,0
Rio Blanco,102,94,25,25,0
Rio Blanco,102,95,12,12,0
Rio Blanco,102,96,10,10,0
Rio Blanco,102,97,25,25,0
Rio Blanco,102,98,30,30,0
Rio Blanco,102,99,15,15,0
Rio Grande,102,1,25,25,0
Rio Grande,102,10,25,25,0
Rio Grande,102,100,25,25,0
Rio Grande,102,101,25,25,0
Rio Grande,102,102,25,25,0
Rio Grande,102,103,25,25,0
Rio Grande,102,104,25,25,0
Rio Grande,102,105,25,25,0
Rio Grande,102,106,25,25,0
Rio Grande,102,107,25,25,0
Rio Grande,102,108,25,25,0
Rio Grande,102,109,25,25,0
Rio Grande,102,11,25,25,0
Rio Grande,102,110,25,25,0
Rio Grande,102,111,25,25,0
Rio Grande,102,112,25,25,0
Rio Grande,102,113,25,25,0
Rio Grande,102,114,25,25,0
Rio Grande,102,115,25,25,0
Rio Grande,102,116,25,25,0
Rio Grande,102,117,25,25,0
Rio Grande,102,118,25,25,0
Rio Grande,102,119,25,25,0
Rio Grande,102,12,25,25,0
Rio Grande,102,120,25,25,0
Rio Grande,102,121,25,25,0
Rio Grande,102,122,25,25,0
Rio Grande,102,123,25,25,0
Rio Grande,102,124,25,25,0
Rio Grande,102,125,25,25,0
Rio Grande,102,126,7,7,0
Rio Grande,102,127,8,8,0
Rio Grande,102,13,25,25,0
Rio Grande,102,14,25,25,0
Rio Grande,102,15,25,25,0
Rio Grande,102,16,25,25,0
Rio Grande,102,17,25,25,0
Rio Grande,102,18,25,25,0
Rio Grande,102,19,25,25,0
Rio Grande,102,2,25,25,0
Rio Grande,102,20,25,25,0
Rio Grande,102,21,25,25,0
Rio Grande,102,22,25,25,0
Rio Grande,102,23,25,25,0
Rio Grande,102,24,25,25,0
Rio Grande,102,25,25,25,0
Rio Grande,102,26,25,25,0
Rio Grande,102,27,25,25,0
Rio Grande,102,28,25,25,0
Rio Grande,102,29,25,25,0
Rio Grande,102,3,25,25,0
Rio Grande,102,30,25,25,0
Rio Grande,102,31,25,25,0
Rio Grande,102,32,25,25,0
Rio Grande,102,33,25,25,0
Rio Grande,102,34,25,25,0
Rio Grande,102,35,25,25,0
Rio Grande,102,36,25,25,0
Rio Grande,102,37,25,25,0
Rio Grande,102,38,25,25,0
Rio Grande,102,39,25,25,0
Rio Grande,102,4,25,25,0
Rio Grande,102,40,25,25,0
Rio Grande,102,41,25,25,0
Rio Grande,102,42,25,25,0
Rio Grande,102,43,25,25,0
Rio Grande,102,44,25,25,0
Rio Grande,102,45,25,25,0
Rio Grande,102,46,25,25,0
Rio Grande,102,47,25,25,0
Rio Grande,102,48,25,25,0
Rio Grande,102,49,25,25,0
Rio Grande,102,5,25,25,0
Rio Grande,102,50,25,25,0
Rio Grande,102,51,25,25,0
Rio Grande,102,52,25,25,0
Rio Grande,102,53,25,25,0
Rio Grande,102,54,25,25,0
Rio Grande,102,55,25,25,0
Rio Grande,102,56,25,25,0
Rio Grande,102,57,25,25,0
Rio Grande,102,58,25,25,0
Rio Grande,102,59,25,25,0
Rio Grande,102,6,25,25,0
Rio Grande,102,60,25,25,0
Rio Grande,102,61,25,25,0
Rio Grande,102,62,25,25,0
Rio Grande,102,63,25,25,0
Rio Grande,102,64,25,25,0
Rio Grande,102,65,25,25,0
Rio Grande,102,66,25,25,0
Rio Grande,102,67,25,25,0
Rio Grande,102,68,25,25,0
Rio Grande,102,69,25,25,0
Rio Grande,102,7,25,25,0
Rio Grande,102,70,25,25,0
Rio Grande,102,71,25,25,0
Rio Grande,102,72,25,25,0
Rio Grande,102,73,25,25,0
Rio Grande,102,74,25,25,0
Rio Grande,102,75,25,25,0
Rio Grande,102,76,25,25,0
Rio Grande,102,77,25,25,0
Rio Grande,102,78,25,25,0
Rio Grande,102,79,25,25,0
Rio Grande,102,8,25,25,0
Rio Grande,102,80,25,25,0
Rio Grande,102,81,25,25,0
Rio Grande,102,82,25,25,0
Rio Grande,102,83,25,25,0
Rio Grande,102,84,25,25,0
Rio Grande,102,85,25,25,0
Rio Grande,102,86,25,25,0
Rio Grande,102,87,25,25,0
Rio Grande,102,88,25,25,0
Rio Grande,102,89,25,25,0
Rio Grande,102,9,25,25,0
Rio Grande,102,90,25,25,0
Rio Grande,102,91,25,25,0
Rio Grande,102,92,25,25,0
Rio Grande,102,93,25,25,0
Rio Grande,102,94,25,25,0
Rio Grande,102,95,25,25,0
Rio Grande,102,96,25,25,0
Rio Grande,102,97,25,25,0
Rio Grande,102,98,25,25,0
Rio Grande,102,99,25,25,0
Routt,102,1,25,25,0
Routt,102,10,24,24,0
Routt,102,100,25,25,0
Routt,102,101,25,25,0
Routt,102,102,25,25,0
Routt,102,103,25,25,0
Routt,102,104,25,25,0
Routt,102,105,25,25,0
Routt,102,106,24,24,0
Routt,102,107,24,24,0
Routt,102,108,24,24,0
Routt,102,109,24,24,0
Routt,102,11,25,25,0
Routt,102,110,24,24,0
Routt,102,111,24,24,0
Routt,102,112,24,24,0
Routt,102,113,24,24,0
Routt,102,114,24,24,0
Routt,102,115,24,24,0
Routt,102,116,24,24,0
Routt,102,117,24,24,0
Routt,102,118,23,23,0
Routt,102,119,23,23,0
Routt,102,12,24,24,0
Routt,102,120,23,23,0
Routt,102,121,23,23,0
Routt,102,122,23,23,0
Routt,102,123,23,23,0
Routt,102,124,23,23,0
Routt,102,125,23,23,0
Routt,102,126,23,23,0
Routt,102,127,22,22,0
Routt,102,128,22,22,0
Routt,102,129,15,15,0
Routt,102,13,24,24,0
Routt,102,130,15,15,0
Routt,102,131,16,16,0
Routt,102,132,13,13,0
Routt,102,133,9,9,0
Routt,102,134,7,7,0
Routt,102,135,3,3,0
Routt,102,136,3,3,0
Routt,102,137,25,25,0
Routt,102,138,25,25,0
Routt,102,139,25,25,0
Routt,102,14,24,24,0
Routt,102,140,25,25,0
Routt,102,141,25,25,0
Routt,102,142,25,25,0
Routt,102,143,25,25,0
Routt,102,144,25,25,0
Routt,102,145,25,25,0
Routt,102,146,24,24,0
Routt,102,147,25,25,0
Routt,102,148,25,25,0
Routt,102,149,25,25,0
Routt,102,15,24,24,0
Routt,102,150,25,25,0
Routt,102,151,25,25,0
Routt,102,152,25,25,0
Routt,102,153,25,25,0
Routt,102,154,24,24,0
Routt,102,155,24,24,0
Routt,102,156,24,24,0
Routt,102,157,24,24,0
Routt,102,158,24,24,0
Routt,102,159,24,24,0
Routt,102,16,23,23,0
Routt,102,160,24,24,0
Routt,102,161,24,24,0
Routt,102,162,24,24,0
Routt,102,163,22,22,0
Routt,102,164,22,22,0
Routt,102,165,22,22,0
Routt,102,166,17,17,0
Routt,102,167,4,4,0
Routt,102,168,6,6,0
Routt,102,169,23,23,0
Routt,102,17,23,23,0
Routt,102,170,23,23,0
Routt,102,171,21,21,0
Routt,102,172,33,33,0
Routt,102,173,25,25,0
Routt,102,174,25,25,0
Routt,102,175,25,25,0
Routt,102,176,25,25,0
Routt,102,177,25,25,0
Routt,102,178,25,25,0
Routt,102,179,25,25,0
Routt,102,18,23,23,0
Routt,102,180,25,25,0
Routt,102,181,24,24,0
Routt,102,182,24,24,0
Routt,102,183,24,24,0
Routt,102,184,24,24,0
Routt,102,185,24,24,0
Routt,102,186,24,24,0
Routt,102,187,23,23,0
Routt,102,188,47,47,0
Routt,102,189,7,7,0
Routt,102,19,19,19,0
Routt,102,190,24,24,0
Routt,102,191,24,24,0
Routt,102,192,25,25,0
Routt,102,193,25,25,0
Routt,102,194,23,23,0
Routt,102,195,23,23,0
Routt,102,196,23,23,0
Routt,102,197,23,23,0
Routt,102,198,23,23,0
Routt,102,199,22,22,0
Routt,102,2,25,25,0
Routt,102,20,10,10,0
Routt,102,200,22,22,0
Routt,102,201,22,22,0
Routt,102,202,22,22,0
Routt,102,203,22,22,0
Routt,102,204,14,14,0
Routt,102,205,14,14,0
Routt,102,206,21,21,0
Routt,102,207,9,9,0
Routt,102,208,6,6,0
Routt,102,209,11,11,0
Routt,102,21,25,25,0
Routt,102,210,86,86,0
Routt,102,211,25,25,0
Routt,102,212,25,25,0
Routt,102,213,25,25,0
Routt,102,214,25,25,0
Routt,102,215,25,25,0
Routt,102,216,25,25,0
Routt,102,217,25,25,0
Routt,102,218,25,25,0
Routt,102,219,25,25,0
Routt,102,22,25,25,0
Routt,102,220,25,25,0
Routt,102,221,24,24,0
Routt,102,222,24,24,0
Routt,102,223,24,24,0
Routt,102,224,24,24,0
Routt,102,225,24,24,0
Routt,102,226,24,24,0
Routt,102,227,23,23,0
Routt,102,228,23,23,0
Routt,102,229,22,22,0
Routt,102,23,25,25,0
Routt,102,230,21,21,0
Routt,102,231,9,9,0
Routt,102,232,6,6,0
Routt,102,233,4,4,0
Routt,102,234,25,25,0
Routt,102,235,25,25,0
Routt,102,236,25,25,0
Routt,102,237,24,24,0
Routt,102,238,24,24,0
Routt,102,239,24,24,0
Routt,102,24,25,25,0
Routt,102,240,24,24,0
Routt,102,241,24,24,0
Routt,102,242,23,23,0
Routt,102,243,23,23,0
Routt,102,244,22,22,0
Routt,102,245,25,25,0
Routt,102,246,25,25,0
Routt,102,247,24,24,0
Routt,102,248,24,24,0
Routt,102,249,24,24,0
Routt,102,25,25,25,0
Routt,102,250,23,23,0
Routt,102,251,22,22,0
Routt,102,252,22,22,0
Routt,102,253,22,22,0
Routt,102,254,19,19,0
Routt,102,255,25,25,0
Routt,102,256,25,25,0
Routt,102,257,25,25,0
Routt,102,258,24,24,0
Routt,102,259,24,24,0
Routt,102,26,25,25,0
Routt,102,260,24,24,0
Routt,102,261,23,23,0
Routt,102,262,22,22,0
Routt,102,263,23,23,0
Routt,102,264,20,20,0
Routt,102,265,22,22,0
Routt,102,266,22,22,0
Routt,102,267,22,22,0
Routt,102,268,21,21,0
Routt,102,269,18,18,0
Routt,102,27,25,25,0
Routt,102,270,14,14,0
Routt,102,271,23,23,0
Routt,102,272,23,23,0
Routt,102,273,23,23,0
Routt,102,274,24,24,0
Routt,102,275,22,22,0
Routt,102,276,25,25,0
Routt,102,277,25,25,0
Routt,102,278,30,30,0
Routt,102,28,25,25,0
Routt,102,29,25,25,0
Routt,102,3,25,25,0
Routt,102,30,25,25,0
Routt,102,31,24,24,0
Routt,102,32,24,24,0
Routt,102,33,24,24,0
Routt,102,34,24,24,0
Routt,102,35,24,24,0
Routt,102,36,24,24,0
Routt,102,37,23,23,0
Routt,102,38,23,23,0
Routt,102,39,22,22,0
Routt,102,4,23,23,0
Routt,102,40,20,20,0
Routt,102,41,15,15,0
Routt,102,42,7,7,0
Routt,102,43,13,13,0
Routt,102,44,7,7,0
Routt,102,45,8,8,0
Routt,102,46,25,25,0
Routt,102,47,25,25,0
Routt,102,48,25,25,0
Routt,102,49,25,25,0
Routt,102,5,25,25,0
Routt,102,50,25,25,0
Routt,102,51,25,25,0
Routt,102,52,25,25,0
Routt,102,53,25,25,0
Routt,102,54,25,25,0
Routt,102,55,25,25,0
Routt,102,56,25,25,0
Routt,102,57,25,25,0
Routt,102,58,25,25,0
Routt,102,59,25,25,0
Routt,102,6,21,21,0
Routt,102,60,25,25,0
Routt,102,61,25,25,0
Routt,102,62,25,25,0
Routt,102,63,25,25,0
Routt,102,64,24,24,0
Routt,102,65,24,24,0
Routt,102,66,24,24,0
Routt,102,67,24,24,0
Routt,102,68,24,24,0
Routt,102,69,24,24,0
Routt,102,7,24,24,0
Routt,102,70,24,24,0
Routt,102,71,24,24,0
Routt,102,72,24,24,0
Routt,102,73,24,24,0
Routt,102,74,24,24,0
Routt,102,75,24,24,0
Routt,102,76,23,23,0
Routt,102,77,23,23,0
Routt,102,78,23,23,0
Routt,102,79,23,23,0
Routt,102,8,25,25,0
Routt,102,80,23,23,0
Routt,102,81,22,22,0
Routt,102,82,22,22,0
Routt,102,83,21,21,0
Routt,102,84,14,14,0
Routt,102,85,13,13,0
Routt,102,86,7,7,0
Routt,102,87,1,1,0
Routt,102,88,25,25,0
Routt,102,89,25,25,0
Routt,102,9,24,24,0
Routt,102,90,25,25,0
Routt,102,91,25,25,0
Routt,102,92,25,25,0
Routt,102,93,25,25,0
Routt,102,94,25,25,0
Routt,102,95,25,25,0
Routt,102,96,25,25,0
Routt,102,97,25,25,0
Routt,102,98,25,25,0
Routt,102,99,25,25,0
Saguache,102,1,25,25,0
Saguache,102,10,25,25,0
Saguache,102,11,25,25,0
Saguache,102,12,25,25,0
Saguache,102,13,25,25,0
Saguache,102,14,25,25,0
Saguache,102,15,25,25,0
Saguache,102,16,25,25,0
Saguache,102,17,25,25,0
Saguache,102,18,25,25,0
Saguache,102,19,25,25,0
Saguache,102,2,25,25,0
Saguache,102,20,25,25,0
Saguache,102,21,25,25,0
Saguache,102,22,25,25,0
Saguache,102,23,25,25,0
Saguache,102,24,25,25,0
Saguache,102,25,25,25,0
Saguache,102,26,25,25,0
Saguache,102,27,25,25,0
Saguache,102,28,25,25,0
Saguache,102,29,25,25,0
Saguache,102,3,25,25,0
Saguache,102,30,25,25,0
Saguache,102,31,25,25,0
Saguache,102,32,25,25,0
Saguache,102,33,25,25,0
Saguache,102,34,25,25,0
Saguache,102,35,25,25,0
Saguache,102,36,25,25,0
Saguache,102,37,25,25,0
Saguache,102,38,25,25,0
Saguache,102,39,25,25,0
Saguache,102,4,25,25,0
Saguache,102,40,25,25,0
Saguache,102,41,25,25,0
Saguache,102,42,25,25,0
Saguache,102,43,25,25,0
Saguache,102,44,25,25,0
Saguache,102,45,25,25,0
Saguache,102,46,25,25,0
Saguache,102,47,25,25,0
Saguache,102,48,25,25,0
Saguache,102,49,25,25,0
Saguache,102,5,25,25,0
Saguache,102,50,25,25,0
Saguache,102,51,25,25,0
Saguache,102,52,25,25,0
Saguache,102,53,25,25,0
Saguache,102,54,25,25,0
Saguache,102,55,25,25,0
Saguache,102,56,25,25,0
Saguache,102,57,25,25,0
Saguache,102,58,25,25,0
Saguache,102,59,25,25,0
Saguache,102,6,25,25,0
Saguache,102,60,25,25,0
Saguache,102,61,25,25,0
Saguache,102,62,25,25,0
Saguache,102,63,25,25,0
Saguache,102,64,25,25,0
Saguache,102,65,25,25,0
Saguache,102,66,29,29,0
Saguache,102,7,25,25,0
Saguache,102,8,25,25,0
Saguache,102,9,25,25,0
San Miguel,102,1,25,25,0
San Miguel,102,10,25,25,0
San Miguel,102,11,25,25,0
San Miguel,102,12,25,25,0
San Miguel,102,13,25,25,0
San Miguel,102,14,25,25,0
San Miguel,102,15,25,25,0
San Miguel,102,16,25,25,0
San Miguel,102,17,25,25,0
San Miguel,102,18,25,25,0
San Miguel,102,19,25,25,0
San Miguel,102,2,25,25,0
San Miguel,102,20,25,25,0
San Miguel,102,21,25,25,0
San Miguel,102,22,25,25,0
San Miguel,102,23,25,25,0
San Miguel,102,24,25,25,0
San Miguel,102,25,25,25,0
San Miguel,102,26,25,25,0
San Miguel,102,27,25,25,0
San Miguel,102,28,25,25,0
San Miguel,102,29,25,25,0
San Miguel,102,3,25,25,0
San Miguel,102,30,25,25,0
San Miguel,102,31,25,25,0
San Miguel,102,32,25,25,0
San Miguel,102,33,25,25,0
San Miguel,102,34,25,25,0
San Miguel,102,35,25,25,0
San Miguel,102,36,25,25,0
San Miguel,102,37,25,25,0
San Miguel,102,38,25,25,0
San Miguel,102,39,25,25,0
San Miguel,102,4,25,25,0
San Miguel,102,40,25,25,0
San Miguel,102,41,25,25,0
San Miguel,102,42,25,25,0
San Miguel,102,43,25,25,0
San Miguel,102,44,25,25,0
San Miguel,102,45,25,25,0
San Miguel,102,46,25,25,0
San Miguel,102,47,25,25,0
San Miguel,102,48,25,25,0
San Miguel,102,49,25,25,0
San Miguel,102,5,25,25,0
San Miguel,102,50,25,25,0
San Miguel,102,51,25,25,0
San Miguel,102,52,25,25,0
San Miguel,102,53,25,25,0
San Miguel,102,54,25,25,0
San Miguel,102,55,25,25,0
San Miguel,102,56,25,25,0
San Miguel,102,57,25,25,0
San Miguel,102,58,25,25,0
San Miguel,102,59,25,25,0
San Miguel,102,6,25,25,0
San Miguel,102,60,25,25,0
San Miguel,102,61,25,25,0
San Miguel,102,62,25,25,0
San Miguel,102,63,25,25,0
San Miguel,102,64,25,25,0
San Miguel,102,65,25,25,0
San Miguel,102,66,25,25,0
San Miguel,102,67,25,25,0
San Miguel,102,68,25,25,0
San Miguel,102,69,25,25,0
San Miguel,102,7,25,25,0
San Miguel,102,70,25,25,0
San Miguel,102,71,25,25,0
San Miguel,102,72,25,25,0
San Miguel,102,73,25,25,0
San Miguel,102,74,25,25,0
San Miguel,102,75,25,25,0
San Miguel,102,76,25,25,0
San Miguel,102,77,25,25,0
San Miguel,102,78,25,25,0
San Miguel,102,79,15,15,0
San Miguel,102,8,25,25,0
San Miguel,102,9,25,25,0
Sedgwick,102,1,50,50,0
Sedgwick,102,10,50,50,0
Sedgwick,102,11,50,50,0
Sedgwick,102,12,36,36,0
Sedgwick,102,13,50,50,0
Sedgwick,102,14,50,50,0
Sedgwick,102,15,44,44,0
Sedgwick,102,16,42,42,0
Sedgwick,102,17,34,34,0
Sedgwick,102,18,3,3,0
Sedgwick,102,2,50,50,0
Sedgwick,102,3,50,50,0
Sedgwick,102,4,50,50,0
Sedgwick,102,5,50,50,0
Sedgwick,102,6,50,50,0
Sedgwick,102,7,50,50,0
Sedgwick,102,8,50,50,0
Sedgwick,102,9,42,42,0
Summit,102,1,25,25,0
Summit,102,10,25,25,0
Summit,102,100,25,25,0
Summit,102,101,25,25,0
Summit,102,102,12,12,0
Summit,102,103,25,25,0
Summit,102,104,25,25,0
Summit,102,105,25,25,0
Summit,102,106,25,25,0
Summit,102,107,25,25,0
Summit,102,108,25,25,0
Summit,102,109,25,25,0
Summit,102,11,25,25,0
Summit,102,110,25,25,0
Summit,102,111,25,25,0
Summit,102,112,25,25,0
Summit,102,113,25,25,0
Summit,102,114,25,25,0
Summit,102,115,25,25,0
Summit,102,116,25,25,0
Summit,102,117,25,25,0
Summit,102,118,25,25,0
Summit,102,119,25,25,0
Summit,102,12,25,25,0
Summit,102,120,25,25,0
Summit,102,121,25,25,0
Summit,102,122,25,25,0
Summit,102,123,25,25,0
Summit,102,124,25,25,0
Summit,102,125,18,18,0
Summit,102,126,12,12,0
Summit,102,127,25,25,0
Summit,102,128,25,25,0
Summit,102,129,25,25,0
Summit,102,13,25,25,0
Summit,102,130,25,25,0
Summit,102,131,25,25,0
Summit,102,132,25,25,0
Summit,102,133,25,25,0
Summit,102,134,25,25,0
Summit,102,135,25,25,0
Summit,102,136,25,25,0
Summit,102,137,25,25,0
Summit,102,138,25,25,0
Summit,102,139,25,25,0
Summit,102,14,25,25,0
Summit,102,140,25,25,0
Summit,102,141,25,25,0
Summit,102,142,25,25,0
Summit,102,143,25,25,0
Summit,102,144,25,25,0
Summit,102,145,25,25,0
Summit,102,146,25,25,0
Summit,102,147,25,25,0
Summit,102,148,25,25,0
Summit,102,149,25,25,0
Summit,102,15,25,25,0
Summit,102,150,25,25,0
Summit,102,151,25,25,0
Summit,102,152,25,25,0
Summit,102,153,25,25,0
Summit,102,154,25,25,0
Summit,102,155,25,25,0
Summit,102,156,25,25,0
Summit,102,157,25,25,0
Summit,102,158,25,25,0
Summit,102,159,25,25,0
Summit,102,16,25,25,0
Summit,102,160,25,25,0
Summit,102,161,25,25,0
Summit,102,162,24,24,0
Summit,102,163,25,25,0
Summit,102,164,25,25,0
Summit,102,165,25,25,0
Summit,102,166,13,13,0
Summit,102,167,25,25,0
Summit,102,168,25,25,0
Summit,102,169,25,25,0
Summit,102,17,24,24,0
Summit,102,170,25,25,0
Summit,102,171,25,25,0
Summit,102,172,25,25,0
Summit,102,173,25,25,0
Summit,102,174,25,25,0
Summit,102,175,25,25,0
Summit,102,176,25,25,0
Summit,102,177,25,25,0
Summit,102,178,25,25,0
Summit,102,179,25,25,0
Summit,102,18,25,25,0
Summit,102,180,25,25,0
Summit,102,181,25,25,0
Summit,102,182,25,25,0
Summit,102,183,25,25,0
Summit,102,184,25,25,0
Summit,102,185,25,25,0
Summit,102,186,25,25,0
Summit,102,187,25,25,0
Summit,102,188,25,25,0
Summit,102,189,25,25,0
Summit,102,19,25,25,0
Summit,102,190,25,25,0
Summit,102,191,25,25,0
Summit,102,192,25,25,0
Summit,102,193,25,25,0
Summit,102,194,25,25,0
Summit,102,195,27,27,0
Summit,102,196,25,25,0
Summit,102,197,25,25,0
Summit,102,198,25,25,0
Summit,102,199,25,25,0
Summit,102,2,25,25,0
Summit,102,20,25,25,0
Summit,102,200,25,25,0
Summit,102,201,25,25,0
Summit,102,202,25,25,0
Summit,102,203,25,25,0
Summit,102,204,25,25,0
Summit,102,205,25,25,0
Summit,102,206,25,25,0
Summit,102,207,25,25,0
Summit,102,208,25,25,0
Summit,102,209,25,25,0
Summit,102,21,25,25,0
Summit,102,210,25,25,0
Summit,102,211,25,25,0
Summit,102,212,25,25,0
Summit,102,213,25,25,0
Summit,102,214,25,25,0
Summit,102,215,25,25,0
Summit,102,216,25,25,0
Summit,102,217,25,25,0
Summit,102,218,25,25,0
Summit,102,219,25,25,0
Summit,102,22,25,25,0
Summit,102,220,25,25,0
Summit,102,221,25,25,0
Summit,102,222,25,25,0
Summit,102,223,25,25,0
Summit,102,224,25,25,0
Summit,102,225,25,25,0
Summit,102,226,25,25,0
Summit,102,227,25,25,0
Summit,102,228,25,25,0
Summit,102,229,25,25,0
Summit,102,23,25,25,0
Summit,102,230,25,25,0
Summit,102,231,13,13,0
Summit,102,232,25,25,0
Summit,102,233,30,30,0
Summit,102,24,25,25,0
Summit,102,25,25,25,0
Summit,102,26,25,25,0
Summit,102,27,25,25,0
Summit,102,28,25,25,0
Summit,102,29,25,25,0
Summit,102,3,25,25,0
Summit,102,30,25,25,0
Summit,102,31,25,25,0
Summit,102,32,25,25,0
Summit,102,33,25,25,0
Summit,102,34,25,25,0
Summit,102,35,25,25,0
Summit,102,36,25,25,0
Summit,102,37,25,25,0
Summit,102,38,25,25,0
Summit,102,39,5,5,0
Summit,102,4,25,25,0
Summit,102,40,25,25,0
Summit,102,41,25,25,0
Summit,102,42,25,25,0
Summit,102,43,25,25,0
Summit,102,44,25,25,0
Summit,102,45,25,25,0
Summit,102,46,25,25,0
Summit,102,47,25,25,0
Summit,102,48,25,25,0
Summit,102,49,25,25,0
Summit,102,5,25,25,0
Summit,102,50,25,25,0
Summit,102,51,25,25,0
Summit,102,52,25,25,0
Summit,102,53,25,25,0
Summit,102,54,25,25,0
Summit,102,55,25,25,0
Summit,102,56,25,25,0
Summit,102,57,14,14,0
Summit,102,58,25,25,0
Summit,102,59,25,25,0
Summit,102,6,24,24,0
Summit,102,60,25,25,0
Summit,102,61,25,25,0
Summit,102,62,25,25,0
Summit,102,63,25,25,0
Summit,102,64,25,25,0
Summit,102,65,25,25,0
Summit,102,66,25,25,0
Summit,102,67,25,25,0
Summit,102,68,25,25,0
Summit,102,69,25,25,0
Summit,102,7,25,25,0
Summit,102,70,25,25,0
Summit,102,71,25,25,0
Summit,102,72,25,25,0
Summit,102,73,25,25,0
Summit,102,74,25,25,0
Summit,102,75,24,24,0
Summit,102,76,25,25,0
Summit,102,77,25,25,0
Summit,102,78,25,25,0
Summit,102,79,25,25,0
Summit,102,8,25,25,0
Summit,102,80,25,25,0
Summit,102,81,18,18,0
Summit,102,82,25,25,0
Summit,102,83,25,25,0
Summit,102,84,25,25,0
Summit,102,85,25,25,0
Summit,102,86,25,25,0
Summit,102,87,25,25,0
Summit,102,88,25,25,0
Summit,102,89,25,25,0
Summit,102,9,25,25,0
Summit,102,90,25,25,0
Summit,102,91,25,25,0
Summit,102,92,25,25,0
Summit,102,93,25,25,0
Summit,102,94,25,25,0
Summit,102,95,25,25,0
Summit,102,96,25,25,0
Summit,102,97,25,25,0
Summit,102,98,25,25,0
Summit,102,99,25,25,0
Summit,103,1,17,17,0
Summit,103,2,25,25,0
Summit,103,3,25,25,0
Summit,103,4,25,25,0
Summit,103,5,25,25,0
Summit,103,6,25,25,0
Summit,103,7,25,25,0
Summit,103,8,25,25,0
Summit,104,1,25,25,0
Summit,104,10,25,25,0
Summit,104,11,25,25,0
Summit,104,12,25,25,0
Summit,104,13,25,25,0
Summit,104,14,25,25,0
Summit,104,15,25,25,0
Summit,104,16,25,25,0
Summit,104,17,25,25,0
Summit,104,18,25,25,0
Summit,104,19,25,25,0
Summit,104,2,25,25,0
Summit,104,20,25,25,0
Summit,104,21,25,25,0
Summit,104,22,25,25,0
Summit,104,23,25,25,0
Summit,104,24,25,25,0
Summit,104,25,25,25,0
Summit,104,26,25,25,0
Summit,104,27,25,25,0
Summit,104,28,25,25,0
Summit,104,29,25,25,0
Summit,104,3,25,25,0
Summit,104,30,25,25,0
Summit,104,31,25,25,0
Summit,104,32,24,24,0
Summit,104,33,25,25,0
Summit,104,34,25,25,0
Summit,104,4,25,25,0
Summit,104,5,25,25,0
Summit,104,6,25,25,0
Summit,104,7,25,25,0
Summit,104,8,25,25,0
Summit,104,9,25,25,0
Teller,102,1,25,25,0
Teller,102,10,25,25,0
Teller,102,100,25,25,0
Teller,102,101,25,25,0
Teller,102,102,25,25,0
Teller,102,103,25,25,0
Teller,102,104,25,25,0
Teller,102,105,25,25,0
Teller,102,106,25,25,0
Teller,102,107,25,25,0
Teller,102,108,25,25,0
Teller,102,109,25,25,0
Teller,102,11,25,25,0
Teller,102,110,25,25,0
Teller,102,111,25,25,0
Teller,102,112,25,25,0
Teller,102,113,25,25,0
Teller,102,114,25,25,0
Teller,102,115,25,25,0
Teller,102,116,25,25,0
Teller,102,117,25,25,0
Teller,102,118,25,25,0
Teller,102,119,25,25,0
Teller,102,12,25,25,0
Teller,102,120,25,25,0
Teller,102,121,25,25,0
Teller,102,122,25,25,0
Teller,102,123,25,25,0
Teller,102,124,25,25,0
Teller,102,125,25,25,0
Teller,102,126,25,25,0
Teller,102,127,25,25,0
Teller,102,128,25,25,0
Teller,102,129,25,25,0
Teller,102,13,25,25,0
Teller,102,130,25,25,0
Teller,102,131,25,25,0
Teller,102,132,25,25,0
Teller,102,133,25,25,0
Teller,102,134,25,25,0
Teller,102,135,25,25,0
Teller,102,136,25,25,0
Teller,102,137,25,25,0
Teller,102,138,25,25,0
Teller,102,139,25,25,0
Teller,102,14,25,25,0
Teller,102,140,25,25,0
Teller,102,141,25,25,0
Teller,102,142,25,25,0
Teller,102,143,25,25,0
Teller,102,144,25,25,0
Teller,102,145,25,25,0
Teller,102,146,25,25,0
Teller,102,147,25,25,0
Teller,102,148,25,25,0
Teller,102,149,25,25,0
Teller,102,15,25,25,0
Teller,102,150,25,25,0
Teller,102,151,25,25,0
Teller,102,152,25,25,0
Teller,102,153,25,25,0
Teller,102,154,25,25,0
Teller,102,155,25,25,0
Teller,102,156,25,25,0
Teller,102,157,25,25,0
Teller,102,158,25,25,0
Teller,102,159,25,25,0
Teller,102,16,25,25,0
Teller,102,160,25,25,0
Teller,102,161,25,25,0
Teller,102,162,25,25,0
Teller,102,163,25,25,0
Teller,102,164,25,25,0
Teller,102,165,25,25,0
Teller,102,166,25,25,0
Teller,102,167,25,25,0
Teller,102,168,25,25,0
Teller,102,169,25,25,0
Teller,102,17,25,25,0
Teller,102,170,25,25,0
Teller,102,171,25,25,0
Teller,102,172,25,25,0
Teller,102,173,25,25,0
Teller,102,174,25,25,0
Teller,102,175,25,25,0
Teller,102,176,25,25,0
Teller,102,177,25,25,0
Teller,102,178,25,25,0
Teller,102,179,25,25,0
Teller,102,18,25,25,0
Teller,102,180,25,25,0
Teller,102,181,25,25,0
Teller,102,182,25,25,0
Teller,102,183,25,25,0
Teller,102,184,25,25,0
Teller,102,185,25,25,0
Teller,102,186,25,25,0
Teller,102,187,25,25,0
Teller,102,188,25,25,0
Teller,102,189,25,25,0
Teller,102,19,25,25,0
Teller,102,190,25,25,0
Teller,102,191,25,25,0
Teller,102,192,25,25,0
Teller,102,193,25,25,0
Teller,102,194,25,25,0
Teller,102,195,25,25,0
Teller,102,196,25,25,0
Teller,102,197,25,25,0
Teller,102,198,25,25,0
Teller,102,199,25,25,0
Teller,102,2,25,25,0
Teller,102,20,25,25,0
Teller,102,200,25,25,0
Teller,102,201,25,25,0
Teller,102,202,25,25,0
Teller,102,203,25,25,0
Teller,102,204,25,25,0
Teller,102,205,25,25,0
Teller,102,206,25,25,0
Teller,102,207,25,25,0
Teller,102,208,25,25,0
Teller,102,209,25,25,0
Teller,102,21,25,25,0
Teller,102,210,25,25,0
Teller,102,211,25,25,0
Teller,102,212,25,25,0
Teller,102,213,25,25,0
Teller,102,214,25,25,0
Teller,102,215,25,25,0
Teller,102,216,25,25,0
Teller,102,217,25,25,0
Teller,102,218,25,25,0
Teller,102,219,25,25,0
Teller,102,22,25,25,0
Teller,102,220,25,25,0
Teller,102,221,25,25,0
Teller,102,222,25,25,0
Teller,102,223,25,25,0
Teller,102,224,25,25,0
Teller,102,225,25,25,0
Teller,102,226,25,25,0
Teller,102,227,25,25,0
Teller,102,228,25,25,0
Teller,102,229,25,25,0
Teller,102,23,25,25,0
Teller,102,230,25,25,0
Teller,102,231,26,26,0
Teller,102,232,24,24,0
Teller,102,233,25,25,0
Teller,102,234,25,25,0
Teller,102,235,25,25,0
Teller,102,236,25,25,0
Teller,102,237,25,25,0
Teller,102,238,25,25,0
Teller,102,239,25,25,0
Teller,102,24,25,25,0
Teller,102,240,25,25,0
Teller,102,241,25,25,0
Teller,102,242,25,25,0
Teller,102,243,25,25,0
Teller,102,244,25,25,0
Teller,102,245,25,25,0
Teller,102,246,25,25,0
Teller,102,247,25,25,0
Teller,102,248,25,25,0
Teller,102,249,25,25,0
Teller,102,25,25,25,0
Teller,102,250,25,25,0
Teller,102,251,25,25,0
Teller,102,252,25,25,0
Teller,102,253,25,25,0
Teller,102,254,25,25,0
Teller,102,255,25,25,0
Teller,102,256,25,25,0
Teller,102,257,25,25,0
Teller,102,258,25,25,0
Teller,102,259,25,25,0
Teller,102,26,25,25,0
Teller,102,260,25,25,0
Teller,102,261,25,25,0
Teller,102,262,25,25,0
Teller,102,263,25,25,0
Teller,102,264,25,25,0
Teller,102,265,25,25,0
Teller,102,266,25,25,0
Teller,102,267,25,25,0
Teller,102,268,25,25,0
Teller,102,269,25,25,0
Teller,102,27,25,25,0
Teller,102,270,25,25,0
Teller,102,271,25,25,0
Teller,102,272,25,25,0
Teller,102,273,25,25,0
Teller,102,274,25,25,0
Teller,102,275,25,25,0
Teller,102,276,25,25,0
Teller,102,277,25,25,0
Teller,102,278,25,25,0
Teller,102,279,25,25,0
Teller,102,28,25,25,0
Teller,102,280,25,25,0
Teller,102,281,25,25,0
Teller,102,282,25,25,0
Teller,102,283,25,25,0
Teller,102,284,25,25,0
Teller,102,285,25,25,0
Teller,102,286,25,25,0
Teller,102,287,25,25,0
Teller,102,288,25,25,0
Teller,102,289,25,25,0
Teller,102,29,25,25,0
Teller,102,290,25,25,0
Teller,102,291,25,25,0
Teller,102,292,25,25,0
Teller,102,293,25,25,0
Teller,102,294,25,25,0
Teller,102,295,25,25,0
Teller,102,296,25,25,0
Teller,102,297,25,25,0
Teller,102,298,25,25,0
Teller,102,299,25,25,0
Teller,102,3,25,25,0
Teller,102,30,25,25,0
Teller,102,300,25,25,0
Teller,102,301,25,25,0
Teller,102,302,25,25,0
Teller,102,303,25,25,0
Teller,102,304,25,25,0
Teller,102,305,25,25,0
Teller,102,306,25,25,0
Teller,102,307,25,25,0
Teller,102,308,25,25,0
Teller,102,309,25,25,0
Teller,102,31,25,25,0
Teller,102,310,25,25,0
Teller,102,311,25,25,0
Teller,102,312,25,25,0
Teller,102,313,25,25,0
Teller,102,314,25,25,0
Teller,102,315,25,25,0
Teller,102,316,25,25,0
Teller,102,317,6,6,0
Teller,102,318,25,25,0
Teller,102,319,25,25,0
Teller,102,32,25,25,0
Teller,102,320,16,16,0
Teller,102,321,23,23,0
Teller,102,322,25,25,0
Teller,102,323,9,9,0
Teller,102,324,1,1,0
Teller,102,33,25,25,0
Teller,102,34,25,25,0
Teller,102,35,25,25,0
Teller,102,36,25,25,0
Teller,102,37,25,25,0
Teller,102,38,25,25,0
Teller,102,39,25,25,0
Teller,102,4,25,25,0
Teller,102,40,25,25,0
Teller,102,41,25,25,0
Teller,102,42,25,25,0
Teller,102,43,25,25,0
Teller,102,44,25,25,0
Teller,102,45,25,25,0
Teller,102,46,25,25,0
Teller,102,47,25,25,0
Teller,102,48,25,25,0
Teller,102,49,25,25,0
Teller,102,5,25,25,0
Teller,102,50,25,25,0
Teller,102,51,25,25,0
Teller,102,52,25,25,0
Teller,102,53,25,25,0
Teller,102,54,25,25,0
Teller,102,55,25,25,0
Teller,102,56,25,25,0
Teller,102,57,25,25,0
Teller,102,58,25,25,0
Teller,102,59,25,25,0
Teller,102,6,25,25,0
Teller,102,60,25,25,0
Teller,102,61,25,25,0
Teller,102,62,25,25,0
Teller,102,63,25,25,0
Teller,102,64,25,25,0
Teller,102,65,25,25,0
Teller,102,66,25,25,0
Teller,102,67,25,25,0
Teller,102,68,25,25,0
Teller,102,69,25,25,0
Teller,102,7,25,25,0
Teller,102,70,25,25,0
Teller,102,71,25,25,0
Teller,102,72,25,25,0
Teller,102,73,25,25,0
Teller,102,74,25,25,0
Teller,102,75,25,25,0
Teller,102,76,25,25,0
Teller,102,77,25,25,0
Teller,102,78,25,25,0
Teller,102,79,25,25,0
Teller,102,8,25,25,0
Teller,102,80,25,25,0
Teller,102,81,22,22,0
Teller,102,82,3,3,0
Teller,102,83,25,25,0
Teller,102,84,25,25,0
Teller,102,85,25,25,0
Teller,102,86,25,25,0
Teller,102,87,25,25,0
Teller,102,88,25,25,0
Teller,102,89,25,25,0
Teller,102,9,25,25,0
Teller,102,90,25,25,0
Teller,102,91,25,25,0
Teller,102,92,25,25,0
Teller,102,93,25,25,0
Teller,102,94,25,25,0
Teller,102,95,25,25,0
Teller,102,96,25,25,0
Teller,102,97,25,25,0
Teller,102,98,25,25,0
Teller,102,99,25,25,0
Washington,101,1,25,25,0
Washington,101,10,25,25,0
Washington,101,11,25,25,0
Washington,101,12,25,25,0
Washington,101,13,25,25,0
Washington,101,14,25,25,0
Washington,101,15,24,24,0
Washington,101,16,25,25,0
Washington,101,17,25,25,0
Washington,101,18,25,25,0
Washington,101,19,25,25,0
Washington,101,2,26,26,0
Washington,101,20,25,25,0
Washington,101,21,25,25,0
Washington,101,22,25,25,0
Washington,101,23,25,25,0
Washington,101,24,15,15,0
Washington,101,25,24,24,0
Washington,101,26,25,25,0
Washington,101,27,24,24,0
Washington,101,28,24,24,0
Washington,101,29,25,25,0
Washington,101,3,25,25,0
Washington,101,30,25,25,0
Washington,101,31,25,25,0
Washington,101,32,25,25,0
Washington,101,33,24,24,0
Washington,101,34,24,24,0
Washington,101,35,25,25,0
Washington,101,36,25,25,0
Washington,101,37,25,25,0
Washington,101,38,25,25,0
Washington,101,39,25,25,0
Washington,101,4,25,25,0
Washington,101,40,25,25,0
Washington,101,41,25,25,0
Washington,101,42,25,25,0
Washington,101,43,25,25,0
Washington,101,44,25,25,0
Washington,101,45,25,25,0
Washington,101,46,25,25,0
Washington,101,47,25,25,0
Washington,101,48,26,26,0
Washington,101,49,25,25,0
Washington,101,5,24,24,0
Washington,101,50,25,25,0
Washington,101,51,25,25,0
Washington,101,52,25,25,0
Washington,101,53,25,25,0
Washington,101,54,25,25,0
Washington,101,55,24,24,0
Washington,101,56,24,24,0
Washington,101,57,22,22,0
Washington,101,58,23,23,0
Washington,101,59,23,23,0
Washington,101,6,25,25,0
Washington,101,60,25,25,0
Washington,101,61,24,24,0
Washington,101,62,25,25,0
Washington,101,63,25,25,0
Washington,101,64,25,25,0
Washington,101,65,25,25,0
Washington,101,66,25,25,0
Washington,101,67,25,25,0
Washington,101,68,23,23,0
Washington,101,69,24,24,0
Washington,101,7,24,24,0
Washington,101,70,11,11,0
Washington,101,71,10,10,0
Washington,101,72,19,19,0
Washington,101,73,27,27,0
Washington,101,8,24,24,0
Washington,101,9,25,25,0
Weld,101,1,99,99,0
Weld,101,10,100,100,0
Weld,101,100,100,100,0
Weld,101,101,99,99,0
Weld,101,102,97,97,0
Weld,101,103,100,100,0
Weld,101,104,97,97,0
Weld,101,105,100,100,0
Weld,101,106,99,99,0
Weld,101,107,100,100,0
Weld,101,108,98,98,0
Weld,101,109,99,99,0
Weld,101,11,100,100,0
Weld,101,110,100,100,0
Weld,101,111,100,100,0
Weld,101,112,100,100,0
Weld,101,113,100,100,0
Weld,101,114,99,99,0
Weld,101,115,100,100,0
Weld,101,116,100,100,0
Weld,101,117,98,98,0
Weld,101,118,100,100,0
Weld,101,119,100,100,0
Weld,101,12,99,99,0
Weld,101,120,100,100,0
Weld,101,121,100,100,0
Weld,101,122,100,100,0
Weld,101,123,99,99,0
Weld,101,124,100,100,0
Weld,101,125,99,99,0
Weld,101,126,99,99,0
Weld,101,127,100,100,0
Weld,101,128,99,99,0
Weld,101,129,10,10,0
Weld,101,13,100,100,0
Weld,101,130,100,100,0
Weld,101,131,100,100,0
Weld,101,132,98,98,0
Weld,101,133,100,100,0
Weld,101,134,100,100,0
Weld,101,135,100,100,0
Weld,101,136,100,100,0
Weld,101,137,100,100,0
Weld,101,138,100,100,0
Weld,101,139,100,100,0
Weld,101,14,100,100,0
Weld,101,140,99,99,0
Weld,101,141,99,99,0
Weld,101,142,100,100,0
Weld,101,143,98,98,0
Weld,101,144,99,99,0
Weld,101,145,99,99,0
Weld,101,146,52,52,0
Weld,101,147,97,97,0
Weld,101,148,100,100,0
Weld,101,149,100,100,0
Weld,101,15,100,100,0
Weld,101,150,100,100,0
Weld,101,151,100,100,0
Weld,101,152,99,99,0
Weld,101,153,100,100,0
Weld,101,154,98,98,0
Weld,101,155,100,100,0
Weld,101,156,99,99,0
Weld,101,157,99,99,0
Weld,101,158,99,99,0
Weld,101,159,98,98,0
Weld,101,16,100,100,0
Weld,101,160,100,100,0
Weld,101,161,100,100,0
Weld,101,162,99,99,0
Weld,101,163,100,100,0
Weld,101,164,99,99,0
Weld,101,165,99,99,0
Weld,101,166,100,100,0
Weld,101,167,99,99,0
Weld,101,168,99,99,0
Weld,101,169,67,67,0
Weld,101,17,99,99,0
Weld,101,18,99,99,0
Weld,101,19,100,100,0
Weld,101,2,100,100,0
Weld,101,20,99,99,0
Weld,101,21,100,100,0
Weld,101,22,100,100,0
Weld,101,23,100,100,0
Weld,101,24,100,100,0
Weld,101,25,100,100,0
Weld,101,26,98,98,0
Weld,101,27,100,100,0
Weld,101,28,100,100,0
Weld,101,29,100,100,0
Weld,101,3,99,99,0
Weld,101,30,100,100,0
Weld,101,31,100,100,0
Weld,101,32,99,99,0
Weld,101,33,100,100,0
Weld,101,34,100,100,0
Weld,101,35,100,100,0
Weld,101,36,99,99,0
Weld,101,37,99,99,0
Weld,101,38,100,100,0
Weld,101,39,83,83,0
Weld,101,4,99,99,0
Weld,101,40,100,100,0
Weld,101,41,100,100,0
Weld,101,42,100,100,0
Weld,101,43,100,100,0
Weld,101,44,100,100,0
Weld,101,45,99,99,0
Weld,101,46,100,100,0
Weld,101,47,99,99,0
Weld,101,48,100,100,0
Weld,101,49,100,100,0
Weld,101,5,99,99,0
Weld,101,50,99,99,0
Weld,101,51,100,100,0
Weld,101,52,49,49,0
Weld,101,53,100,100,0
Weld,101,54,100,100,0
Weld,101,55,51,51,0
Weld,101,56,98,98,0
Weld,101,57,97,97,0
Weld,101,58,100,100,0
Weld,101,59,98,98,0
Weld,101,6,100,100,0
Weld,101,60,99,99,0
Weld,101,61,100,100,0
Weld,101,62,99,99,0
Weld,101,63,99,99,0
Weld,101,64,100,100,0
Weld,101,65,100,100,0
Weld,101,66,100,100,0
Weld,101,67,99,99,0
Weld,101,68,100,100,0
Weld,101,69,100,100,0
Weld,101,7,100,100,0
Weld,101,70,100,100,0
Weld,101,71,100,100,0
Weld,101,72,78,78,0
Weld,101,73,35,35,0
Weld,101,74,15,15,0
Weld,101,75,98,98,0
Weld,101,76,98,98,0
Weld,101,77,98,98,0
Weld,101,78,98,98,0
Weld,101,79,100,100,0
Weld,101,8,100,100,0
Weld,101,80,100,100,0
Weld,101,81,98,98,0
Weld,101,82,100,100,0
Weld,101,83,100,100,0
Weld,101,84,100,100,0
Weld,101,85,100,100,0
Weld,101,86,100,100,0
Weld,101,87,100,100,0
Weld,101,88,100,100,0
Weld,101,89,100,100,0
Weld,101,9,100,100,0
Weld,101,90,99,99,0
Weld,101,91,100,100,0
Weld,101,92,99,99,0
Weld,101,93,100,100,0
Weld,101,94,99,99,0
Weld,101,95,100,100,0
Weld,101,96,79,79,0
Weld,101,97,99,99,0
Weld,101,98,99,99,0
Weld,101,99,97,97,0
Weld,102,1,100,100,0
Weld,102,10,100,100,0
Weld,102,100,100,100,0
Weld,102,101,99,99,0
Weld,102,102,100,100,0
Weld,102,103,100,100,0
Weld,102,104,100,100,0
Weld,102,105,43,43,0
Weld,102,106,100,100,0
Weld,102,107,100,100,0
Weld,102,108,97,97,0
Weld,102,109,98,98,0
Weld,102,11,100,100,0
Weld,102,110,100,100,0
Weld,102,111,99,99,0
Weld,102,112,99,99,0
Weld,102,113,100,100,0
Weld,102,114,100,100,0
Weld,102,115,100,100,0
Weld,102,116,100,100,0
Weld,102,117,100,100,0
Weld,102,118,100,100,0
Weld,102,119,100,100,0
Weld,102,12,99,99,0
Weld,102,120,100,100,0
Weld,102,121,100,100,0
Weld,102,122,99,99,0
Weld,102,123,99,99,0
Weld,102,124,100,100,0
Weld,102,125,100,100,0
Weld,102,126,100,100,0
Weld,102,127,99,99,0
Weld,102,128,100,100,0
Weld,102,129,100,100,0
Weld,102,13,99,99,0
Weld,102,130,99,99,0
Weld,102,131,100,100,0
Weld,102,132,100,100,0
Weld,102,133,99,99,0
Weld,102,134,99,99,0
Weld,102,135,99,99,0
Weld,102,136,98,98,0
Weld,102,137,100,100,0
Weld,102,138,100,100,0
Weld,102,139,54,54,0
Weld,102,14,100,100,0
Weld,102,140,53,53,0
Weld,102,141,75,75,0
Weld,102,142,137,137,0
Weld,102,143,100,100,0
Weld,102,144,99,99,0
Weld,102,145,99,99,0
Weld,102,146,56,56,0
Weld,102,147,97,97,0
Weld,102,148,96,96,0
Weld,102,149,99,99,0
Weld,102,15,100,100,0
Weld,102,150,98,98,0
Weld,102,151,99,99,0
Weld,102,152,100,100,0
Weld,102,153,98,98,0
Weld,102,154,100,100,0
Weld,102,155,98,98,0
Weld,102,156,99,99,0
Weld,102,157,99,99,0
Weld,102,158,99,99,0
Weld,102,159,98,98,0
Weld,102,16,100,100,0
Weld,102,160,100,100,0
Weld,102,17,99,99,0
Weld,102,18,100,100,0
Weld,102,19,100,100,0
Weld,102,2,100,100,0
Weld,102,20,98,98,0
Weld,102,21,46,46,0
Weld,102,22,99,99,0
Weld,102,23,100,100,0
Weld,102,24,99,99,0
Weld,102,25,99,99,0
Weld,102,26,100,100,0
Weld,102,27,95,95,0
Weld,102,28,97,97,0
Weld,102,29,44,44,0
Weld,102,3,100,100,0
Weld,102,30,22,22,0
Weld,102,31,100,100,0
Weld,102,32,100,100,0
Weld,102,33,100,100,0
Weld,102,34,100,100,0
Weld,102,35,100,100,0
Weld,102,36,99,99,0
Weld,102,37,100,100,0
Weld,102,38,100,100,0
Weld,102,39,100,100,0
Weld,102,4,100,100,0
Weld,102,40,100,100,0
Weld,102,41,100,100,0
Weld,102,42,100,100,0
Weld,102,43,100,100,0
Weld,102,44,99,99,0
Weld,102,45,100,100,0
Weld,102,46,97,97,0
Weld,102,47,98,98,0
Weld,102,48,99,99,0
Weld,102,49,100,100,0
Weld,102,5,100,100,0
Weld,102,50,100,100,0
Weld,102,51,100,100,0
Weld,102,52,100,100,0
Weld,102,53,99,99,0
Weld,102,54,98,98,0
Weld,102,55,99,99,0
Weld,102,56,98,98,0
Weld,102,57,100,100,0
Weld,102,58,100,100,0
Weld,102,59,98,98,0
Weld,102,6,98,98,0
Weld,102,60,99,99,0
Weld,102,61,99,99,0
Weld,102,62,100,100,0
Weld,102,63,100,100,0
Weld,102,64,99,99,0
Weld,102,65,100,100,0
Weld,102,66,100,100,0
Weld,102,67,96,96,0
Weld,102,68,100,100,0
Weld,102,69,100,100,0
Weld,102,7,100,100,0
Weld,102,70,100,100,0
Weld,102,71,100,100,0
Weld,102,72,98,98,0
Weld,102,73,99,99,0
Weld,102,74,99,99,0
Weld,102,75,100,100,0
Weld,102,76,99,99,0
Weld,102,77,100,100,0
Weld,102,78,100,100,0
Weld,102,79,99,99,0
Weld,102,8,100,100,0
Weld,102,80,99,99,0
Weld,102,81,100,100,0
Weld,102,82,100,100,0
Weld,102,83,100,100,0
Weld,102,84,99,99,0
Weld,102,85,100,100,0
Weld,102,86,39,39,0
Weld,102,87,100,100,0
Weld,102,88,98,98,0
Weld,102,89,100,100,0
Weld,102,9,100,100,0
Weld,102,90,100,100,0
Weld,102,91,100,100,0
Weld,102,92,99,99,0
Weld,102,93,100,100,0
Weld,102,94,98,98,0
Weld,102,95,100,100,0
Weld,102,96,100,100,0
Weld,102,97,100,100,0
Weld,102,98,100,100,0
Weld,102,99,99,99,0
Weld,103,1,100,100,0
Weld,103,10,100,100,0
Weld,103,100,25,25,0
Weld,103,101,66,66,0
Weld,103,102,97,97,0
Weld,103,103,99,99,0
Weld,103,104,100,100,0
Weld,103,105,99,99,0
Weld,103,106,100,100,0
Weld,103,107,99,99,0
Weld,103,108,99,99,0
Weld,103,109,100,100,0
Weld,103,11,100,100,0
Weld,103,110,98,98,0
Weld,103,111,100,100,0
Weld,103,112,100,100,0
Weld,103,113,100,100,0
Weld,103,114,100,100,0
Weld,103,115,99,99,0
Weld,103,116,100,100,0
Weld,103,117,100,100,0
Weld,103,118,100,100,0
Weld,103,119,100,100,0
Weld,103,12,100,100,0
Weld,103,120,100,100,0
Weld,103,121,99,99,0
Weld,103,122,100,100,0
Weld,103,123,100,100,0
Weld,103,124,99,99,0
Weld,103,125,99,99,0
Weld,103,126,99,99,0
Weld,103,127,98,98,0
Weld,103,128,99,99,0
Weld,103,129,100,100,0
Weld,103,13,100,100,0
Weld,103,130,99,99,0
Weld,103,131,100,100,0
Weld,103,132,100,100,0
Weld,103,133,100,100,0
Weld,103,134,99,99,0
Weld,103,135,100,100,0
Weld,103,136,100,100,0
Weld,103,137,100,100,0
Weld,103,138,84,84,0
Weld,103,139,100,100,0
Weld,103,14,100,100,0
Weld,103,140,100,100,0
Weld,103,141,99,99,0
Weld,103,142,100,100,0
Weld,103,143,99,99,0
Weld,103,144,99,99,0
Weld,103,145,100,100,0
Weld,103,146,96,96,0
Weld,103,147,49,49,0
Weld,103,148,99,99,0
Weld,103,149,98,98,0
Weld,103,15,99,99,0
Weld,103,150,99,99,0
Weld,103,151,100,100,0
Weld,103,152,100,100,0
Weld,103,153,99,99,0
Weld,103,154,100,100,0
Weld,103,155,100,100,0
Weld,103,156,100,100,0
Weld,103,157,100,100,0
Weld,103,158,21,21,0
Weld,103,159,100,100,0
Weld,103,16,100,100,0
Weld,103,160,100,100,0
Weld,103,161,99,99,0
Weld,103,162,100,100,0
Weld,103,163,100,100,0
Weld,103,164,100,100,0
Weld,103,165,100,100,0
Weld,103,166,99,99,0
Weld,103,167,98,98,0
Weld,103,168,100,100,0
Weld,103,169,99,99,0
Weld,103,17,99,99,0
Weld,103,170,100,100,0
Weld,103,171,100,100,0
Weld,103,172,99,99,0
Weld,103,173,100,100,0
Weld,103,174,100,100,0
Weld,103,175,99,99,0
Weld,103,176,99,99,0
Weld,103,177,99,99,0
Weld,103,178,99,99,0
Weld,103,179,99,99,0
Weld,103,18,99,99,0
Weld,103,180,100,100,0
Weld,103,181,100,100,0
Weld,103,182,99,99,0
Weld,103,183,100,100,0
Weld,103,184,100,100,0
Weld,103,185,100,100,0
Weld,103,186,100,100,0
Weld,103,187,100,100,0
Weld,103,188,98,98,0
Weld,103,189,100,100,0
Weld,103,19,100,100,0
Weld,103,190,100,100,0
Weld,103,191,96,96,0
Weld,103,192,49,49,0
Weld,103,2,100,100,0
Weld,103,20,100,100,0
Weld,103,21,99,99,0
Weld,103,23,100,100,0
Weld,103,24,100,100,0
Weld,103,25,100,100,0
Weld,103,26,99,99,0
Weld,103,27,100,100,0
Weld,103,28,100,100,0
Weld,103,29,100,100,0
Weld,103,3,100,100,0
Weld,103,30,100,100,0
Weld,103,31,100,100,0
Weld,103,32,96,96,0
Weld,103,33,98,98,0
Weld,103,34,99,99,0
Weld,103,35,99,99,0
Weld,103,36,61,61,0
Weld,103,37,96,96,0
Weld,103,38,99,99,0
Weld,103,39,100,100,0
Weld,103,4,100,100,0
Weld,103,40,100,100,0
Weld,103,41,98,98,0
Weld,103,42,100,100,0
Weld,103,43,100,100,0
Weld,103,44,79,79,0
Weld,103,45,100,100,0
Weld,103,46,99,99,0
Weld,103,47,99,99,0
Weld,103,48,99,99,0
Weld,103,49,100,100,0
Weld,103,5,100,100,0
Weld,103,50,100,100,0
Weld,103,51,100,100,0
Weld,103,52,38,38,0
Weld,103,53,96,96,0
Weld,103,54,99,99,0
Weld,103,55,98,98,0
Weld,103,56,100,100,0
Weld,103,57,100,100,0
Weld,103,58,99,99,0
Weld,103,59,100,100,0
Weld,103,6,100,100,0
Weld,103,60,100,100,0
Weld,103,61,100,100,0
Weld,103,62,62,62,0
Weld,103,63,99,99,0
Weld,103,64,100,100,0
Weld,103,65,100,100,0
Weld,103,66,100,100,0
Weld,103,67,100,100,0
Weld,103,68,98,98,0
Weld,103,69,100,100,0
Weld,103,7,100,100,0
Weld,103,70,98,98,0
Weld,103,71,100,100,0
Weld,103,72,100,100,0
Weld,103,73,100,100,0
Weld,103,74,99,99,0
Weld,103,75,100,100,0
Weld,103,76,100,100,0
Weld,103,77,100,100,0
Weld,103,78,63,63,0
Weld,103,79,100,100,0
Weld,103,8,99,99,0
Weld,103,80,99,99,0
Weld,103,81,100,100,0
Weld,103,82,100,100,0
Weld,103,83,100,100,0
Weld,103,84,20,20,0
Weld,103,85,13,13,0
Weld,103,86,100,100,0
Weld,103,87,100,100,0
Weld,103,88,100,100,0
Weld,103,89,100,100,0
Weld,103,9,99,99,0
Weld,103,90,100,100,0
Weld,103,91,100,100,0
Weld,103,92,100,100,0
Weld,103,93,98,98,0
Weld,103,94,100,100,0
Weld,103,95,100,100,0
Weld,103,96,99,99,0
Weld,103,97,100,100,0
Weld,103,98,9,9,0
Weld,103,99,12,12,0
Weld,104,1,99,99,0
Weld,104,10,100,100,0
Weld,104,100,97,97,0
Weld,104,101,99,99,0
Weld,104,102,100,100,0
Weld,104,103,98,98,0
Weld,104,104,100,100,0
Weld,104,105,96,96,0
Weld,104,106,48,48,0
Weld,104,107,100,100,0
Weld,104,108,99,99,0
Weld,104,109,100,100,0
Weld,104,11,100,100,0
Weld,104,110,100,100,0
Weld,104,111,100,100,0
Weld,104,112,100,100,0
Weld,104,113,98,98,0
Weld,104,114,99,99,0
Weld,104,115,99,99,0
Weld,104,116,99,99,0
Weld,104,117,82,82,0
Weld,104,118,99,99,0
Weld,104,119,100,100,0
Weld,104,12,100,100,0
Weld,104,120,99,99,0
Weld,104,121,99,99,0
Weld,104,122,100,100,0
Weld,104,123,98,98,0
Weld,104,124,99,99,0
Weld,104,125,100,100,0
Weld,104,126,18,18,0
Weld,104,127,100,100,0
Weld,104,128,100,100,0
Weld,104,129,100,100,0
Weld,104,13,100,100,0
Weld,104,130,98,98,0
Weld,104,131,99,99,0
Weld,104,132,100,100,0
Weld,104,133,99,99,0
Weld,104,134,99,99,0
Weld,104,135,100,100,0
Weld,104,136,100,100,0
Weld,104,137,100,100,0
Weld,104,138,100,100,0
Weld,104,139,100,100,0
Weld,104,14,99,99,0
Weld,104,140,100,100,0
Weld,104,141,99,99,0
Weld,104,142,98,98,0
Weld,104,143,99,99,0
Weld,104,144,98,98,0
Weld,104,145,100,100,0
Weld,104,146,100,100,0
Weld,104,147,100,100,0
Weld,104,148,99,99,0
Weld,104,149,97,97,0
Weld,104,15,22,22,0
Weld,104,150,100,100,0
Weld,104,151,99,99,0
Weld,104,152,100,100,0
Weld,104,153,100,100,0
Weld,104,154,100,100,0
Weld,104,155,100,100,0
Weld,104,156,100,100,0
Weld,104,157,100,100,0
Weld,104,158,99,99,0
Weld,104,159,100,100,0
Weld,104,16,99,99,0
Weld,104,160,100,100,0
Weld,104,161,100,100,0
Weld,104,162,99,99,0
Weld,104,163,99,99,0
Weld,104,164,97,97,0
Weld,104,165,56,56,0
Weld,104,166,100,100,0
Weld,104,167,100,100,0
Weld,104,168,100,100,0
Weld,104,169,100,100,0
Weld,104,17,100,100,0
Weld,104,170,99,99,0
Weld,104,171,99,99,0
Weld,104,172,98,98,0
Weld,104,173,100,100,0
Weld,104,174,98,98,0
Weld,104,175,99,99,0
Weld,104,176,3,3,0
Weld,104,177,99,99,0
Weld,104,178,100,100,0
Weld,104,179,100,100,0
Weld,104,18,100,100,0
Weld,104,180,100,100,0
Weld,104,181,100,100,0
Weld,104,182,100,100,0
Weld,104,183,99,99,0
Weld,104,184,98,98,0
Weld,104,185,100,100,0
Weld,104,186,99,99,0
Weld,104,187,99,99,0
Weld,104,188,98,98,0
Weld,104,189,77,77,0
Weld,104,19,15,15,0
Weld,104,191,67,67,0
Weld,104,192,31,31,0
Weld,104,193,97,97,0
Weld,104,194,100,100,0
Weld,104,195,52,52,0
Weld,104,196,69,69,0
Weld,104,197,13,13,0
Weld,104,198,15,15,0
Weld,104,199,67,67,0
Weld,104,2,100,100,0
Weld,104,20,100,100,0
Weld,104,200,93,93,0
Weld,104,201,72,72,0
Weld,104,202,65,65,0
Weld,104,203,144,144,0
Weld,104,21,100,100,0
Weld,104,22,100,100,0
Weld,104,23,100,100,0
Weld,104,24,100,100,0
Weld,104,25,98,98,0
Weld,104,26,100,100,0
Weld,104,27,98,98,0
Weld,104,28,100,100,0
Weld,104,29,100,100,0
Weld,104,3,100,100,0
Weld,104,30,100,100,0
Weld,104,31,98,98,0
Weld,104,32,99,99,0
Weld,104,33,100,100,0
Weld,104,34,100,100,0
Weld,104,35,99,99,0
Weld,104,36,98,98,0
Weld,104,37,52,52,0
Weld,104,38,52,52,0
Weld,104,39,8,8,0
Weld,104,4,100,100,0
Weld,104,40,100,100,0
Weld,104,41,98,98,0
Weld,104,42,100,100,0
Weld,104,43,100,100,0
Weld,104,44,100,100,0
Weld,104,45,100,100,0
Weld,104,46,97,97,0
Weld,104,47,99,99,0
Weld,104,48,98,98,0
Weld,104,49,8,8,0
Weld,104,5,100,100,0
Weld,104,50,98,98,0
Weld,104,51,100,100,0
Weld,104,52,98,98,0
Weld,104,53,100,100,0
Weld,104,54,100,100,0
Weld,104,55,100,100,0
Weld,104,56,100,100,0
Weld,104,58,100,100,0
Weld,104,59,98,98,0
Weld,104,6,100,100,0
Weld,104,60,100,100,0
Weld,104,61,100,100,0
Weld,104,62,99,99,0
Weld,104,63,97,97,0
Weld,104,64,100,100,0
Weld,104,65,100,100,0
Weld,104,66,100,100,0
Weld,104,67,99,99,0
Weld,104,68,100,100,0
Weld,104,69,100,100,0
Weld,104,7,100,100,0
Weld,104,70,100,100,0
Weld,104,71,100,100,0
Weld,104,72,98,98,0
Weld,104,73,98,98,0
Weld,104,74,99,99,0
Weld,104,75,100,100,0
Weld,104,76,100,100,0
Weld,104,77,100,100,0
Weld,104,78,100,100,0
Weld,104,79,100,100,0
Weld,104,8,100,100,0
Weld,104,80,20,20,0
Weld,104,81,100,100,0
Weld,104,82,100,100,0
Weld,104,83,100,100,0
Weld,104,84,99,99,0
Weld,104,85,100,100,0
Weld,104,86,60,60,0
Weld,104,87,100,100,0
Weld,104,88,100,100,0
Weld,104,89,100,100,0
Weld,104,9,100,100,0
Weld,104,90,98,98,0
Weld,104,91,99,99,0
Weld,104,92,99,99,0
Weld,104,93,100,100,0
Weld,104,94,100,100,0
Weld,104,95,100,100,0
Weld,104,96,100,100,0
Weld,104,97,100,100,0
Weld,104,98,100,100,0
Weld,104,99,99,99,0
Weld,108,1,100,100,0
Weld,108,10,79,79,0
Weld,108,2,59,59,0
Weld,108,3,100,100,0
Weld,108,4,28,28,0
Weld,108,5,100,100,0
Weld,108,6,59,59,0
Weld,108,7,80,80,0
Weld,108,8,100,100,0
Weld,108,9,51,51,0
Weld,120,1,29,29,0
Weld,120,2,7,7,0
Weld,120,3,3,3,0
Weld,120,4,7,7,0
Weld,120,5,18,18,0
Weld,120,6,12,12,0
Weld,121,1,7,7,0
Weld,121,2,11,11,0
Weld,121,3,10,10,0
Weld,121,4,18,18,0
Weld,121,5,12,12,0
Weld,121,6,6,6,0
Weld,122,1,11,11,0
Weld,122,2,7,7,0
Weld,122,3,14,14,0
Weld,122,4,32,32,0
Weld,126,1,10,10,0
Yuma,101,1,16,16,0
Yuma,101,10,30,30,0
Yuma,101,100,15,15,0
Yuma,101,101,37,37,0
Yuma,101,102,13,13,0
Yuma,101,103,46,46,0
Yuma,101,104,25,25,0
Yuma,101,105,26,26,0
Yuma,101,106,28,28,0
Yuma,101,107,23,23,0
Yuma,101,108,22,22,0
Yuma,101,109,24,24,0
Yuma,101,11,29,29,0
Yuma,101,110,26,26,0
Yuma,101,111,17,17,0
Yuma,101,112,24,24,0
Yuma,101,113,12,12,0
Yuma,101,114,23,23,0
Yuma,101,115,14,14,0
Yuma,101,12,27,27,0
Yuma,101,13,27,27,0
Yuma,101,14,23,23,0
Yuma,101,15,29,29,0
Yuma,101,16,25,25,0
Yuma,101,17,24,24,0
Yuma,101,18,20,20,0
Yuma,101,19,29,29,0
Yuma,101,2,30,30,0
Yuma,101,20,19,19,0
Yuma,101,21,27,27,0
Yuma,101,22,29,29,0
Yuma,101,23,27,27,0
Yuma,101,24,22,22,0
Yuma,101,25,25,25,0
Yuma,101,26,27,27,0
Yuma,101,27,28,28,0
Yuma,101,28,21,21,0
Yuma,101,29,23,23,0
Yuma,101,3,5,5,0
Yuma,101,30,20,20,0
Yuma,101,31,23,23,0
Yuma,101,32,25,25,0
Yuma,101,33,23,23,0
Yuma,101,34,30,30,0
Yuma,101,35,25,25,0
Yuma,101,36,25,25,0
Yuma,101,37,25,25,0
Yuma,101,38,27,27,0
Yuma,101,39,26,26,0
Yuma,101,4,32,32,0
Yuma,101,40,25,25,0
Yuma,101,41,26,26,0
Yuma,101,42,25,25,0
Yuma,101,43,24,24,0
Yuma,101,44,29,29,0
Yuma,101,45,30,30,0
Yuma,101,46,30,30,0
Yuma,101,47,24,24,0
Yuma,101,48,20,20,0
Yuma,101,49,25,25,0
Yuma,101,5,27,27,0
Yuma,101,50,26,26,0
Yuma,101,51,23,23,0
Yuma,101,52,34,34,0
Yuma,101,53,31,31,0
Yuma,101,54,24,24,0
Yuma,101,55,26,26,0
Yuma,101,56,25,25,0
Yuma,101,57,19,19,0
Yuma,101,58,18,18,0
Yuma,101,59,20,20,0
Yuma,101,6,14,14,0
Yuma,101,60,26,26,0
Yuma,101,61,24,24,0
Yuma,101,62,24,24,0
Yuma,101,63,24,24,0
Yuma,101,64,28,28,0
Yuma,101,65,24,24,0
Yuma,101,66,25,25,0
Yuma,101,67,25,25,0
Yuma,101,68,23,23,0
Yuma,101,69,28,28,0
Yuma,101,7,22,22,0
Yuma,101,70,26,26,0
Yuma,101,71,24,24,0
Yuma,101,72,27,27,0
Yuma,101,73,25,25,0
Yuma,101,74,28,28,0
Yuma,101,75,23,23,0
Yuma,101,76,37,37,0
Yuma,101,77,28,28,0
Yuma,101,78,22,22,0
Yuma,101,79,27,27,0
Yuma,101,8,18,18,0
Yuma,101,80,27,27,0
Yuma,101,81,29,29,0
Yuma,101,82,25,25,0
Yuma,101,83,23,23,0
Yuma,101,84,24,24,0
Yuma,101,85,24,24,0
Yuma,101,86,27,27,0
Yuma,101,87,25,25,0
Yuma,101,88,26,26,0
Yuma,101,89,23,23,0
Yuma,101,9,29,29,0
Yuma,101,90,23,23,0
Yuma,101,91,24,24,0
Yuma,101,92,20,20,0
Yuma,101,93,25,25,0
Yuma,101,94,25,25,0
Yuma,101,95,32,32,0
Yuma,101,96,27,27,0
Yuma,101,97,19,19,0
Yuma,101,98,26,26,0
Yuma,101,99,25,25,0
